solid Uranium STLWriter Tue 04 Sep 2018 12:57:59
facet normal 0.0 0.0 0.0
  outer loop
    vertex -58.912574768066406 -39.94468307495117 3.374544143676758
    vertex -57.598751068115234 -36.96382522583008 3.439349412918091
    vertex -59.1771125793457 -39.94468307495117 3.643444299697876
  endloop
endfacet
facet normal 0.0 0.0 0.0
  outer loop
    vertex -59.1771125793457 -39.94468307495117 3.643444299697876
    vertex -57.598751068115234 -36.96382522583008 3.439349412918091
    vertex -57.814796447753906 -36.86307907104492 3.750009536743164
  endloop
endfacet
facet normal 0.0 0.0 0.0
  outer loop
    vertex -59.1771125793457 -39.94468307495117 3.643444299697876
    vertex -57.814796447753906 -36.86307907104492 3.750009536743164
    vertex -59.23295974731445 -39.79124069213867 3.8396949768066406
  endloop
endfacet
facet normal 0.0 0.0 0.0
  outer loop
    vertex -59.23295974731445 -39.79124069213867 3.8396949768066406
    vertex -57.814796447753906 -36.86307907104492 3.750009536743164
    vertex -57.95060729980469 -36.79975128173828 4.111781120300293
  endloop
endfacet
facet normal 0.0 0.0 0.0
  outer loop
    vertex -59.23295974731445 -39.79124069213867 3.8396949768066406
    vertex -57.95060729980469 -36.79975128173828 4.111781120300293
    vertex -59.27379608154297 -39.67904281616211 4.05116081237793
  endloop
endfacet
facet normal 0.0 0.0 0.0
  outer loop
    vertex -59.27379608154297 -39.67904281616211 4.05116081237793
    vertex -57.95060729980469 -36.79975128173828 4.111781120300293
    vertex -59.298683166503906 -39.61067199707031 4.2729692459106445
  endloop
endfacet
facet normal 0.0 0.0 0.0
  outer loop
    vertex -59.298683166503906 -39.61067199707031 4.2729692459106445
    vertex -57.95060729980469 -36.79975128173828 4.111781120300293
    vertex -57.99692916870117 -36.77814865112305 4.500009536743164
  endloop
endfacet
facet normal 0.0 0.0 0.0
  outer loop
    vertex -59.298683166503906 -39.61067199707031 4.2729692459106445
    vertex -57.99692916870117 -36.77814865112305 4.500009536743164
    vertex -59.30704116821289 -39.587703704833984 4.500009536743164
  endloop
endfacet
facet normal 0.0 0.0 0.0
  outer loop
    vertex -57.598751068115234 -36.96382522583008 3.439349412918091
    vertex -58.912574768066406 -39.94468307495117 3.374544143676758
    vertex -57.317195892333984 -37.095115661621094 3.2009716033935547
  endloop
endfacet
facet normal 0.0 0.0 0.0
  outer loop
    vertex -57.317195892333984 -37.095115661621094 3.2009716033935547
    vertex -58.912574768066406 -39.94468307495117 3.374544143676758
    vertex -58.584930419921875 -39.94468307495117 3.170564889907837
  endloop
endfacet
facet normal 0.0 0.0 0.0
  outer loop
    vertex -57.317195892333984 -37.095115661621094 3.2009716033935547
    vertex -58.584930419921875 -39.94468307495117 3.170564889907837
    vertex -56.989322662353516 -37.24800491333008 3.0511209964752197
  endloop
endfacet
facet normal 0.0 0.0 0.0
  outer loop
    vertex -56.989322662353516 -37.24800491333008 3.0511209964752197
    vertex -58.584930419921875 -39.94468307495117 3.170564889907837
    vertex -58.21306610107422 -39.94468307495117 3.0432724952697754
  endloop
endfacet
facet normal 0.0 0.0 0.0
  outer loop
    vertex -56.989322662353516 -37.24800491333008 3.0511209964752197
    vertex -58.21306610107422 -39.94468307495117 3.0432724952697754
    vertex -56.63746643066406 -37.412078857421875 3.000009536743164
  endloop
endfacet
facet normal 0.0 0.0 0.0
  outer loop
    vertex -56.63746643066406 -37.412078857421875 3.000009536743164
    vertex -58.21306610107422 -39.94468307495117 3.0432724952697754
    vertex -57.81843948364258 -39.94468307495117 3.000009775161743
  endloop
endfacet
facet normal 0.0 0.0 0.0
  outer loop
    vertex -62.09080505371094 -39.94468307495117 3.0000104904174805
    vertex -61.24452209472656 -39.94468307495117 3.0432729721069336
    vertex -62.65989303588867 -39.6793098449707 3.0000104904174805
  endloop
endfacet
facet normal 0.0 0.0 0.0
  outer loop
    vertex -62.65989303588867 -39.6793098449707 3.0000104904174805
    vertex -61.24452209472656 -39.94468307495117 3.0432729721069336
    vertex -62.495819091796875 -39.327457427978516 3.051121711730957
  endloop
endfacet
facet normal 0.0 0.0 0.0
  outer loop
    vertex -62.495819091796875 -39.327457427978516 3.051121711730957
    vertex -61.24452209472656 -39.94468307495117 3.0432729721069336
    vertex -60.447059631347656 -39.94468307495117 3.170565128326416
  endloop
endfacet
facet normal 0.0 0.0 0.0
  outer loop
    vertex -62.495819091796875 -39.327457427978516 3.051121711730957
    vertex -60.447059631347656 -39.94468307495117 3.170565128326416
    vertex -62.34292984008789 -38.99958038330078 3.200972318649292
  endloop
endfacet
facet normal 0.0 0.0 0.0
  outer loop
    vertex -62.34292984008789 -38.99958038330078 3.200972318649292
    vertex -60.447059631347656 -39.94468307495117 3.170565128326416
    vertex -59.74441146850586 -39.94468307495117 3.374544143676758
  endloop
endfacet
facet normal 0.0 0.0 0.0
  outer loop
    vertex -62.34292984008789 -38.99958038330078 3.200972318649292
    vertex -59.74441146850586 -39.94468307495117 3.374544143676758
    vertex -62.211639404296875 -38.71802520751953 3.439350128173828
  endloop
endfacet
facet normal 0.0 0.0 0.0
  outer loop
    vertex -62.211639404296875 -38.71802520751953 3.439350128173828
    vertex -59.74441146850586 -39.94468307495117 3.374544143676758
    vertex -59.1771125793457 -39.94468307495117 3.643444299697876
  endloop
endfacet
facet normal 0.0 0.0 0.0
  outer loop
    vertex -62.211639404296875 -38.71802520751953 3.439350128173828
    vertex -59.1771125793457 -39.94468307495117 3.643444299697876
    vertex -62.11089324951172 -38.501983642578125 3.7500102519989014
  endloop
endfacet
facet normal 0.0 0.0 0.0
  outer loop
    vertex -62.11089324951172 -38.501983642578125 3.7500102519989014
    vertex -59.1771125793457 -39.94468307495117 3.643444299697876
    vertex -59.23295974731445 -39.79124069213867 3.8396949768066406
  endloop
endfacet
facet normal 0.0 0.0 0.0
  outer loop
    vertex -62.11089324951172 -38.501983642578125 3.7500102519989014
    vertex -59.23295974731445 -39.79124069213867 3.8396949768066406
    vertex -62.04756546020508 -38.366172790527344 4.111781597137451
  endloop
endfacet
facet normal 0.0 0.0 0.0
  outer loop
    vertex -62.04756546020508 -38.366172790527344 4.111781597137451
    vertex -59.23295974731445 -39.79124069213867 3.8396949768066406
    vertex -59.27379608154297 -39.67904281616211 4.05116081237793
  endloop
endfacet
facet normal 0.0 0.0 0.0
  outer loop
    vertex -62.04756546020508 -38.366172790527344 4.111781597137451
    vertex -59.27379608154297 -39.67904281616211 4.05116081237793
    vertex -59.298683166503906 -39.61067199707031 4.2729692459106445
  endloop
endfacet
facet normal 0.0 0.0 0.0
  outer loop
    vertex -59.30704116821289 -39.587703704833984 4.500009536743164
    vertex -62.025962829589844 -38.31985092163086 4.500010013580322
    vertex -59.298683166503906 -39.61067199707031 4.2729692459106445
  endloop
endfacet
facet normal 0.0 0.0 0.0
  outer loop
    vertex -59.298683166503906 -39.61067199707031 4.2729692459106445
    vertex -62.025962829589844 -38.31985092163086 4.500010013580322
    vertex -62.04756546020508 -38.366172790527344 4.111781597137451
  endloop
endfacet
facet normal 0.0 0.0 0.0
  outer loop
    vertex -63.612396240234375 -32.504547119140625 3.0000104904174805
    vertex -63.728660583496094 -32.70463562011719 3.018200159072876
    vertex -60.89759826660156 -33.770477294921875 3.0000102519989014
  endloop
endfacet
facet normal 0.0 0.0 0.0
  outer loop
    vertex -60.89759826660156 -33.770477294921875 3.0000102519989014
    vertex -63.728660583496094 -32.70463562011719 3.018200159072876
    vertex -61.061668395996094 -34.12233352661133 3.051121473312378
  endloop
endfacet
facet normal 0.0 0.0 0.0
  outer loop
    vertex -61.061668395996094 -34.12233352661133 3.051121473312378
    vertex -63.728660583496094 -32.70463562011719 3.018200159072876
    vertex -63.846195220947266 -32.90531539916992 3.0729403495788574
  endloop
endfacet
facet normal 0.0 0.0 0.0
  outer loop
    vertex -61.061668395996094 -34.12233352661133 3.051121473312378
    vertex -63.846195220947266 -32.90531539916992 3.0729403495788574
    vertex -61.214561462402344 -34.4502067565918 3.200972080230713
  endloop
endfacet
facet normal 0.0 0.0 0.0
  outer loop
    vertex -61.214561462402344 -34.4502067565918 3.200972080230713
    vertex -63.846195220947266 -32.90531539916992 3.0729403495788574
    vertex -63.6436767578125 -33.461727142333984 3.2857916355133057
  endloop
endfacet
facet normal 0.0 0.0 0.0
  outer loop
    vertex -61.214561462402344 -34.4502067565918 3.200972080230713
    vertex -63.6436767578125 -33.461727142333984 3.2857916355133057
    vertex -61.34585189819336 -34.73176193237305 3.439349889755249
  endloop
endfacet
facet normal 0.0 0.0 0.0
  outer loop
    vertex -61.34585189819336 -34.73176193237305 3.439349889755249
    vertex -63.6436767578125 -33.461727142333984 3.2857916355133057
    vertex -63.55698013305664 -33.699928283691406 3.438654899597168
  endloop
endfacet
facet normal 0.0 0.0 0.0
  outer loop
    vertex -61.34585189819336 -34.73176193237305 3.439349889755249
    vertex -63.55698013305664 -33.699928283691406 3.438654899597168
    vertex -63.48292922973633 -33.903385162353516 3.6176960468292236
  endloop
endfacet
facet normal 0.0 0.0 0.0
  outer loop
    vertex -61.34585189819336 -34.73176193237305 3.439349889755249
    vertex -63.48292922973633 -33.903385162353516 3.6176960468292236
    vertex -61.44659423828125 -34.94780731201172 3.7500100135803223
  endloop
endfacet
facet normal 0.0 0.0 0.0
  outer loop
    vertex -61.44659423828125 -34.94780731201172 3.7500100135803223
    vertex -63.48292922973633 -33.903385162353516 3.6176960468292236
    vertex -63.42334747314453 -34.067081451416016 3.8184988498687744
  endloop
endfacet
facet normal 0.0 0.0 0.0
  outer loop
    vertex -61.44659423828125 -34.94780731201172 3.7500100135803223
    vertex -63.42334747314453 -34.067081451416016 3.8184988498687744
    vertex -63.37971115112305 -34.18697738647461 4.036110877990723
  endloop
endfacet
facet normal 0.0 0.0 0.0
  outer loop
    vertex -61.44659423828125 -34.94780731201172 3.7500100135803223
    vertex -63.37971115112305 -34.18697738647461 4.036110877990723
    vertex -61.509925842285156 -35.0836181640625 4.111781597137451
  endloop
endfacet
facet normal 0.0 0.0 0.0
  outer loop
    vertex -61.509925842285156 -35.0836181640625 4.111781597137451
    vertex -63.37971115112305 -34.18697738647461 4.036110877990723
    vertex -63.35308837890625 -34.2601203918457 4.265164375305176
  endloop
endfacet
facet normal 0.0 0.0 0.0
  outer loop
    vertex -61.509925842285156 -35.0836181640625 4.111781597137451
    vertex -63.35308837890625 -34.2601203918457 4.265164375305176
    vertex -61.531524658203125 -35.129940032958984 4.500010013580322
  endloop
endfacet
facet normal 0.0 0.0 0.0
  outer loop
    vertex -61.531524658203125 -35.129940032958984 4.500010013580322
    vertex -63.35308837890625 -34.2601203918457 4.265164375305176
    vertex -63.344139099121094 -34.28470230102539 4.500010013580322
  endloop
endfacet
facet normal 0.0 0.0 0.0
  outer loop
    vertex -66.64764404296875 -37.81978988647461 3.0000109672546387
    vertex -63.47557067871094 -39.298954010009766 3.0000104904174805
    vertex -66.25875854492188 -37.678245544433594 3.0288329124450684
  endloop
endfacet
facet normal 0.0 0.0 0.0
  outer loop
    vertex -66.25875854492188 -37.678245544433594 3.0288329124450684
    vertex -63.47557067871094 -39.298954010009766 3.0000104904174805
    vertex -63.31149673461914 -38.94710159301758 3.051121711730957
  endloop
endfacet
facet normal 0.0 0.0 0.0
  outer loop
    vertex -66.25875854492188 -37.678245544433594 3.0288329124450684
    vertex -63.31149673461914 -38.94710159301758 3.051121711730957
    vertex -65.88481140136719 -37.54214096069336 3.1141915321350098
  endloop
endfacet
facet normal 0.0 0.0 0.0
  outer loop
    vertex -65.88481140136719 -37.54214096069336 3.1141915321350098
    vertex -63.31149673461914 -38.94710159301758 3.051121711730957
    vertex -63.15860366821289 -38.619224548339844 3.200972318649292
  endloop
endfacet
facet normal 0.0 0.0 0.0
  outer loop
    vertex -65.88481140136719 -37.54214096069336 3.1141915321350098
    vertex -63.15860366821289 -38.619224548339844 3.200972318649292
    vertex -65.54017639160156 -37.41670608520508 3.2528064250946045
  endloop
endfacet
facet normal 0.0 0.0 0.0
  outer loop
    vertex -65.54017639160156 -37.41670608520508 3.2528064250946045
    vertex -63.15860366821289 -38.619224548339844 3.200972318649292
    vertex -63.027313232421875 -38.337669372558594 3.439350128173828
  endloop
endfacet
facet normal 0.0 0.0 0.0
  outer loop
    vertex -65.54017639160156 -37.41670608520508 3.2528064250946045
    vertex -63.027313232421875 -38.337669372558594 3.439350128173828
    vertex -65.23809814453125 -37.3067626953125 3.4393506050109863
  endloop
endfacet
facet normal 0.0 0.0 0.0
  outer loop
    vertex -65.23809814453125 -37.3067626953125 3.4393506050109863
    vertex -63.027313232421875 -38.337669372558594 3.439350128173828
    vertex -64.99020385742188 -37.216529846191406 3.6666553020477295
  endloop
endfacet
facet normal 0.0 0.0 0.0
  outer loop
    vertex -64.99020385742188 -37.216529846191406 3.6666553020477295
    vertex -63.027313232421875 -38.337669372558594 3.439350128173828
    vertex -62.926570892333984 -38.12162780761719 3.7500102519989014
  endloop
endfacet
facet normal 0.0 0.0 0.0
  outer loop
    vertex -64.99020385742188 -37.216529846191406 3.6666553020477295
    vertex -62.926570892333984 -38.12162780761719 3.7500102519989014
    vertex -64.80598449707031 -37.14948654174805 3.925985336303711
  endloop
endfacet
facet normal 0.0 0.0 0.0
  outer loop
    vertex -64.80598449707031 -37.14948654174805 3.925985336303711
    vertex -62.926570892333984 -38.12162780761719 3.7500102519989014
    vertex -62.863243103027344 -37.985816955566406 4.111781597137451
  endloop
endfacet
facet normal 0.0 0.0 0.0
  outer loop
    vertex -64.80598449707031 -37.14948654174805 3.925985336303711
    vertex -62.863243103027344 -37.985816955566406 4.111781597137451
    vertex -64.69255065917969 -37.10819625854492 4.2073750495910645
  endloop
endfacet
facet normal 0.0 0.0 0.0
  outer loop
    vertex -64.69255065917969 -37.10819625854492 4.2073750495910645
    vertex -62.863243103027344 -37.985816955566406 4.111781597137451
    vertex -64.66384887695312 -37.09775161743164 4.352984428405762
  endloop
endfacet
facet normal 0.0 0.0 0.0
  outer loop
    vertex -64.66384887695312 -37.09775161743164 4.352984428405762
    vertex -62.863243103027344 -37.985816955566406 4.111781597137451
    vertex -62.84164047241211 -37.93949508666992 4.500010013580322
  endloop
endfacet
facet normal 0.0 0.0 0.0
  outer loop
    vertex -64.66384887695312 -37.09775161743164 4.352984428405762
    vertex -62.84164047241211 -37.93949508666992 4.500010013580322
    vertex -64.65425109863281 -37.09425735473633 4.5000104904174805
  endloop
endfacet
facet normal 0.0 0.0 0.0
  outer loop
    vertex -64.81932067871094 -34.506343841552734 3.0220787525177
    vertex -66.25875854492188 -37.678245544433594 3.0288329124450684
    vertex -63.846195220947266 -32.90531539916992 3.0729403495788574
  endloop
endfacet
facet normal 0.0 0.0 0.0
  outer loop
    vertex -63.846195220947266 -32.90531539916992 3.0729403495788574
    vertex -66.25875854492188 -37.678245544433594 3.0288329124450684
    vertex -65.88481140136719 -37.54214096069336 3.1141915321350098
  endloop
endfacet
facet normal 0.0 0.0 0.0
  outer loop
    vertex -63.846195220947266 -32.90531539916992 3.0729403495788574
    vertex -65.88481140136719 -37.54214096069336 3.1141915321350098
    vertex -63.6436767578125 -33.461727142333984 3.2857916355133057
  endloop
endfacet
facet normal 0.0 0.0 0.0
  outer loop
    vertex -63.6436767578125 -33.461727142333984 3.2857916355133057
    vertex -65.88481140136719 -37.54214096069336 3.1141915321350098
    vertex -65.54017639160156 -37.41670608520508 3.2528064250946045
  endloop
endfacet
facet normal 0.0 0.0 0.0
  outer loop
    vertex -63.6436767578125 -33.461727142333984 3.2857916355133057
    vertex -65.54017639160156 -37.41670608520508 3.2528064250946045
    vertex -65.23809814453125 -37.3067626953125 3.4393506050109863
  endloop
endfacet
facet normal 0.0 0.0 0.0
  outer loop
    vertex -65.83018493652344 -36.06674575805664 3.0000109672546387
    vertex -66.64764404296875 -37.81978988647461 3.0000109672546387
    vertex -64.81932067871094 -34.506343841552734 3.0220787525177
  endloop
endfacet
facet normal 0.0 0.0 0.0
  outer loop
    vertex -64.81932067871094 -34.506343841552734 3.0220787525177
    vertex -66.64764404296875 -37.81978988647461 3.0000109672546387
    vertex -66.25875854492188 -37.678245544433594 3.0288329124450684
  endloop
endfacet
facet normal 0.0 0.0 0.0
  outer loop
    vertex -64.99020385742188 -37.216529846191406 3.6666553020477295
    vertex -63.48292922973633 -33.903385162353516 3.6176960468292236
    vertex -65.23809814453125 -37.3067626953125 3.4393506050109863
  endloop
endfacet
facet normal 0.0 0.0 0.0
  outer loop
    vertex -65.23809814453125 -37.3067626953125 3.4393506050109863
    vertex -63.48292922973633 -33.903385162353516 3.6176960468292236
    vertex -63.55698013305664 -33.699928283691406 3.438654899597168
  endloop
endfacet
facet normal 0.0 0.0 0.0
  outer loop
    vertex -65.23809814453125 -37.3067626953125 3.4393506050109863
    vertex -63.55698013305664 -33.699928283691406 3.438654899597168
    vertex -63.6436767578125 -33.461727142333984 3.2857916355133057
  endloop
endfacet
facet normal 0.0 0.0 0.0
  outer loop
    vertex -63.48292922973633 -33.903385162353516 3.6176960468292236
    vertex -64.99020385742188 -37.216529846191406 3.6666553020477295
    vertex -63.42334747314453 -34.067081451416016 3.8184988498687744
  endloop
endfacet
facet normal 0.0 0.0 0.0
  outer loop
    vertex -63.42334747314453 -34.067081451416016 3.8184988498687744
    vertex -64.99020385742188 -37.216529846191406 3.6666553020477295
    vertex -64.80598449707031 -37.14948654174805 3.925985336303711
  endloop
endfacet
facet normal 0.0 0.0 0.0
  outer loop
    vertex -63.42334747314453 -34.067081451416016 3.8184988498687744
    vertex -64.80598449707031 -37.14948654174805 3.925985336303711
    vertex -63.37971115112305 -34.18697738647461 4.036110877990723
  endloop
endfacet
facet normal 0.0 0.0 0.0
  outer loop
    vertex -63.37971115112305 -34.18697738647461 4.036110877990723
    vertex -64.80598449707031 -37.14948654174805 3.925985336303711
    vertex -64.69255065917969 -37.10819625854492 4.2073750495910645
  endloop
endfacet
facet normal 0.0 0.0 0.0
  outer loop
    vertex -63.37971115112305 -34.18697738647461 4.036110877990723
    vertex -64.69255065917969 -37.10819625854492 4.2073750495910645
    vertex -63.35308837890625 -34.2601203918457 4.265164375305176
  endloop
endfacet
facet normal 0.0 0.0 0.0
  outer loop
    vertex -63.35308837890625 -34.2601203918457 4.265164375305176
    vertex -64.69255065917969 -37.10819625854492 4.2073750495910645
    vertex -64.66384887695312 -37.09775161743164 4.352984428405762
  endloop
endfacet
facet normal 0.0 0.0 0.0
  outer loop
    vertex -63.35308837890625 -34.2601203918457 4.265164375305176
    vertex -64.66384887695312 -37.09775161743164 4.352984428405762
    vertex -63.344139099121094 -34.28470230102539 4.500010013580322
  endloop
endfacet
facet normal 0.0 0.0 0.0
  outer loop
    vertex -63.344139099121094 -34.28470230102539 4.500010013580322
    vertex -64.66384887695312 -37.09775161743164 4.352984428405762
    vertex -64.65425109863281 -37.09425735473633 4.5000104904174805
  endloop
endfacet
facet normal 0.0 0.0 0.0
  outer loop
    vertex -61.531524658203125 -35.129940032958984 4.500010013580322
    vertex -63.344139099121094 -34.28470230102539 4.500010013580322
    vertex -61.531524658203125 -35.129940032958984 6.000009536743164
  endloop
endfacet
facet normal 0.0 0.0 0.0
  outer loop
    vertex -61.531524658203125 -35.129940032958984 6.000009536743164
    vertex -63.344139099121094 -34.28470230102539 4.500010013580322
    vertex -63.344139099121094 -34.28470230102539 6.000009536743164
  endloop
endfacet
facet normal 0.0 0.0 0.0
  outer loop
    vertex -63.344139099121094 -34.28470230102539 4.500010013580322
    vertex -64.65425109863281 -37.09425735473633 4.5000104904174805
    vertex -63.344139099121094 -34.28470230102539 6.000009536743164
  endloop
endfacet
facet normal 0.0 0.0 0.0
  outer loop
    vertex -63.344139099121094 -34.28470230102539 6.000009536743164
    vertex -64.65425109863281 -37.09425735473633 4.5000104904174805
    vertex -64.65425109863281 -37.09425735473633 6.000010013580322
  endloop
endfacet
facet normal 0.0 0.0 0.0
  outer loop
    vertex -64.65425109863281 -37.09425735473633 4.5000104904174805
    vertex -62.84164047241211 -37.93949508666992 4.500010013580322
    vertex -64.65425109863281 -37.09425735473633 6.000010013580322
  endloop
endfacet
facet normal 0.0 0.0 0.0
  outer loop
    vertex -64.65425109863281 -37.09425735473633 6.000010013580322
    vertex -62.84164047241211 -37.93949508666992 4.500010013580322
    vertex -62.84164047241211 -37.93949508666992 6.000009536743164
  endloop
endfacet
facet normal 0.0 0.0 0.0
  outer loop
    vertex -58.261199951171875 -20.65593910217285 3.000009775161743
    vertex -55.403564453125 -21.988475799560547 3.000009536743164
    vertex -58.162261962890625 -20.358854293823242 3.0326173305511475
  endloop
endfacet
facet normal 0.0 0.0 0.0
  outer loop
    vertex -58.162261962890625 -20.358854293823242 3.0326173305511475
    vertex -55.403564453125 -21.988475799560547 3.000009536743164
    vertex -55.2394905090332 -21.636621475219727 3.0511207580566406
  endloop
endfacet
facet normal 0.0 0.0 0.0
  outer loop
    vertex -58.162261962890625 -20.358854293823242 3.0326173305511475
    vertex -55.2394905090332 -21.636621475219727 3.0511207580566406
    vertex -57.53479766845703 -20.130475997924805 3.220726728439331
  endloop
endfacet
facet normal 0.0 0.0 0.0
  outer loop
    vertex -57.53479766845703 -20.130475997924805 3.220726728439331
    vertex -55.2394905090332 -21.636621475219727 3.0511207580566406
    vertex -55.08660125732422 -21.308746337890625 3.2009711265563965
  endloop
endfacet
facet normal 0.0 0.0 0.0
  outer loop
    vertex -57.53479766845703 -20.130475997924805 3.220726728439331
    vertex -55.08660125732422 -21.308746337890625 3.2009711265563965
    vertex -57.26182174682617 -20.0311222076416 3.371910572052002
  endloop
endfacet
facet normal 0.0 0.0 0.0
  outer loop
    vertex -57.26182174682617 -20.0311222076416 3.371910572052002
    vertex -55.08660125732422 -21.308746337890625 3.2009711265563965
    vertex -54.9553108215332 -21.027191162109375 3.4393491744995117
  endloop
endfacet
facet normal 0.0 0.0 0.0
  outer loop
    vertex -57.26182174682617 -20.0311222076416 3.371910572052002
    vertex -54.9553108215332 -21.027191162109375 3.4393491744995117
    vertex -57.026832580566406 -19.94559097290039 3.555708885192871
  endloop
endfacet
facet normal 0.0 0.0 0.0
  outer loop
    vertex -57.026832580566406 -19.94559097290039 3.555708885192871
    vertex -54.9553108215332 -21.027191162109375 3.4393491744995117
    vertex -54.85456848144531 -20.811147689819336 3.750009059906006
  endloop
endfacet
facet normal 0.0 0.0 0.0
  outer loop
    vertex -57.026832580566406 -19.94559097290039 3.555708885192871
    vertex -54.85456848144531 -20.811147689819336 3.750009059906006
    vertex -56.83661651611328 -19.876359939575195 3.766808032989502
  endloop
endfacet
facet normal 0.0 0.0 0.0
  outer loop
    vertex -56.83661651611328 -19.876359939575195 3.766808032989502
    vertex -54.85456848144531 -20.811147689819336 3.750009059906006
    vertex -56.69668197631836 -19.82542610168457 3.9991049766540527
  endloop
endfacet
facet normal 0.0 0.0 0.0
  outer loop
    vertex -56.69668197631836 -19.82542610168457 3.9991049766540527
    vertex -54.85456848144531 -20.811147689819336 3.750009059906006
    vertex -54.791236877441406 -20.675336837768555 4.111780643463135
  endloop
endfacet
facet normal 0.0 0.0 0.0
  outer loop
    vertex -56.69668197631836 -19.82542610168457 3.9991049766540527
    vertex -54.791236877441406 -20.675336837768555 4.111780643463135
    vertex -56.61106872558594 -19.794265747070312 4.245883941650391
  endloop
endfacet
facet normal 0.0 0.0 0.0
  outer loop
    vertex -56.61106872558594 -19.794265747070312 4.245883941650391
    vertex -54.791236877441406 -20.675336837768555 4.111780643463135
    vertex -54.76963806152344 -20.62901496887207 4.500009059906006
  endloop
endfacet
facet normal 0.0 0.0 0.0
  outer loop
    vertex -56.61106872558594 -19.794265747070312 4.245883941650391
    vertex -54.76963806152344 -20.62901496887207 4.500009059906006
    vertex -56.582252502441406 -19.783777236938477 4.500009536743164
  endloop
endfacet
facet normal 0.0 0.0 0.0
  outer loop
    vertex -55.9976692199707 -14.9808349609375 3.000009536743164
    vertex -57.476810455322266 -18.152862548828125 3.000009775161743
    vertex -55.85612487792969 -15.369726181030273 3.0288314819335938
  endloop
endfacet
facet normal 0.0 0.0 0.0
  outer loop
    vertex -55.85612487792969 -15.369726181030273 3.0288314819335938
    vertex -57.476810455322266 -18.152862548828125 3.000009775161743
    vertex -58.162261962890625 -20.358854293823242 3.0326173305511475
  endloop
endfacet
facet normal 0.0 0.0 0.0
  outer loop
    vertex -55.85612487792969 -15.369726181030273 3.0288314819335938
    vertex -58.162261962890625 -20.358854293823242 3.0326173305511475
    vertex -55.72002029418945 -15.743671417236328 3.114190101623535
  endloop
endfacet
facet normal 0.0 0.0 0.0
  outer loop
    vertex -55.72002029418945 -15.743671417236328 3.114190101623535
    vertex -58.162261962890625 -20.358854293823242 3.0326173305511475
    vertex -57.53479766845703 -20.130475997924805 3.220726728439331
  endloop
endfacet
facet normal 0.0 0.0 0.0
  outer loop
    vertex -55.72002029418945 -15.743671417236328 3.114190101623535
    vertex -57.53479766845703 -20.130475997924805 3.220726728439331
    vertex -55.59458541870117 -16.088302612304688 3.25280499458313
  endloop
endfacet
facet normal 0.0 0.0 0.0
  outer loop
    vertex -55.59458541870117 -16.088302612304688 3.25280499458313
    vertex -57.53479766845703 -20.130475997924805 3.220726728439331
    vertex -57.26182174682617 -20.0311222076416 3.371910572052002
  endloop
endfacet
facet normal 0.0 0.0 0.0
  outer loop
    vertex -55.59458541870117 -16.088302612304688 3.25280499458313
    vertex -57.26182174682617 -20.0311222076416 3.371910572052002
    vertex -55.48463821411133 -16.39037322998047 3.4393491744995117
  endloop
endfacet
facet normal 0.0 0.0 0.0
  outer loop
    vertex -55.48463821411133 -16.39037322998047 3.4393491744995117
    vertex -57.26182174682617 -20.0311222076416 3.371910572052002
    vertex -57.026832580566406 -19.94559097290039 3.555708885192871
  endloop
endfacet
facet normal 0.0 0.0 0.0
  outer loop
    vertex -55.48463821411133 -16.39037322998047 3.4393491744995117
    vertex -57.026832580566406 -19.94559097290039 3.555708885192871
    vertex -55.3944091796875 -16.638277053833008 3.666653871536255
  endloop
endfacet
facet normal 0.0 0.0 0.0
  outer loop
    vertex -55.3944091796875 -16.638277053833008 3.666653871536255
    vertex -57.026832580566406 -19.94559097290039 3.555708885192871
    vertex -56.83661651611328 -19.876359939575195 3.766808032989502
  endloop
endfacet
facet normal 0.0 0.0 0.0
  outer loop
    vertex -55.3944091796875 -16.638277053833008 3.666653871536255
    vertex -56.83661651611328 -19.876359939575195 3.766808032989502
    vertex -55.327362060546875 -16.822486877441406 3.9259839057922363
  endloop
endfacet
facet normal 0.0 0.0 0.0
  outer loop
    vertex -55.327362060546875 -16.822486877441406 3.9259839057922363
    vertex -56.83661651611328 -19.876359939575195 3.766808032989502
    vertex -56.69668197631836 -19.82542610168457 3.9991049766540527
  endloop
endfacet
facet normal 0.0 0.0 0.0
  outer loop
    vertex -55.327362060546875 -16.822486877441406 3.9259839057922363
    vertex -56.69668197631836 -19.82542610168457 3.9991049766540527
    vertex -55.286075592041016 -16.93592071533203 4.20737361907959
  endloop
endfacet
facet normal 0.0 0.0 0.0
  outer loop
    vertex -55.286075592041016 -16.93592071533203 4.20737361907959
    vertex -56.69668197631836 -19.82542610168457 3.9991049766540527
    vertex -56.61106872558594 -19.794265747070312 4.245883941650391
  endloop
endfacet
facet normal 0.0 0.0 0.0
  outer loop
    vertex -55.286075592041016 -16.93592071533203 4.20737361907959
    vertex -56.61106872558594 -19.794265747070312 4.245883941650391
    vertex -55.275630950927734 -16.964624404907227 4.352983474731445
  endloop
endfacet
facet normal 0.0 0.0 0.0
  outer loop
    vertex -55.275630950927734 -16.964624404907227 4.352983474731445
    vertex -56.61106872558594 -19.794265747070312 4.245883941650391
    vertex -56.582252502441406 -19.783777236938477 4.500009536743164
  endloop
endfacet
facet normal 0.0 0.0 0.0
  outer loop
    vertex -55.275630950927734 -16.964624404907227 4.352983474731445
    vertex -56.582252502441406 -19.783777236938477 4.500009536743164
    vertex -55.27213668823242 -16.974224090576172 4.500009059906006
  endloop
endfacet
facet normal 0.0 0.0 0.0
  outer loop
    vertex -55.27213668823242 -16.974224090576172 4.500009059906006
    vertex -53.45951843261719 -17.819459915161133 4.500008583068848
    vertex -55.275630950927734 -16.964624404907227 4.352983474731445
  endloop
endfacet
facet normal 0.0 0.0 0.0
  outer loop
    vertex -55.275630950927734 -16.964624404907227 4.352983474731445
    vertex -53.45951843261719 -17.819459915161133 4.500008583068848
    vertex -53.43791961669922 -17.77313804626465 4.111780166625977
  endloop
endfacet
facet normal 0.0 0.0 0.0
  outer loop
    vertex -55.275630950927734 -16.964624404907227 4.352983474731445
    vertex -53.43791961669922 -17.77313804626465 4.111780166625977
    vertex -55.286075592041016 -16.93592071533203 4.20737361907959
  endloop
endfacet
facet normal 0.0 0.0 0.0
  outer loop
    vertex -55.286075592041016 -16.93592071533203 4.20737361907959
    vertex -53.43791961669922 -17.77313804626465 4.111780166625977
    vertex -55.327362060546875 -16.822486877441406 3.9259839057922363
  endloop
endfacet
facet normal 0.0 0.0 0.0
  outer loop
    vertex -55.327362060546875 -16.822486877441406 3.9259839057922363
    vertex -53.43791961669922 -17.77313804626465 4.111780166625977
    vertex -53.37459182739258 -17.637327194213867 3.750009059906006
  endloop
endfacet
facet normal 0.0 0.0 0.0
  outer loop
    vertex -55.327362060546875 -16.822486877441406 3.9259839057922363
    vertex -53.37459182739258 -17.637327194213867 3.750009059906006
    vertex -55.3944091796875 -16.638277053833008 3.666653871536255
  endloop
endfacet
facet normal 0.0 0.0 0.0
  outer loop
    vertex -55.3944091796875 -16.638277053833008 3.666653871536255
    vertex -53.37459182739258 -17.637327194213867 3.750009059906006
    vertex -53.27384567260742 -17.421283721923828 3.4393489360809326
  endloop
endfacet
facet normal 0.0 0.0 0.0
  outer loop
    vertex -55.3944091796875 -16.638277053833008 3.666653871536255
    vertex -53.27384567260742 -17.421283721923828 3.4393489360809326
    vertex -55.48463821411133 -16.39037322998047 3.4393491744995117
  endloop
endfacet
facet normal 0.0 0.0 0.0
  outer loop
    vertex -55.48463821411133 -16.39037322998047 3.4393491744995117
    vertex -53.27384567260742 -17.421283721923828 3.4393489360809326
    vertex -55.59458541870117 -16.088302612304688 3.25280499458313
  endloop
endfacet
facet normal 0.0 0.0 0.0
  outer loop
    vertex -55.59458541870117 -16.088302612304688 3.25280499458313
    vertex -53.27384567260742 -17.421283721923828 3.4393489360809326
    vertex -53.142555236816406 -17.13973045349121 3.2009708881378174
  endloop
endfacet
facet normal 0.0 0.0 0.0
  outer loop
    vertex -55.59458541870117 -16.088302612304688 3.25280499458313
    vertex -53.142555236816406 -17.13973045349121 3.2009708881378174
    vertex -55.72002029418945 -15.743671417236328 3.114190101623535
  endloop
endfacet
facet normal 0.0 0.0 0.0
  outer loop
    vertex -55.72002029418945 -15.743671417236328 3.114190101623535
    vertex -53.142555236816406 -17.13973045349121 3.2009708881378174
    vertex -52.98966598510742 -16.811853408813477 3.0511202812194824
  endloop
endfacet
facet normal 0.0 0.0 0.0
  outer loop
    vertex -55.72002029418945 -15.743671417236328 3.114190101623535
    vertex -52.98966598510742 -16.811853408813477 3.0511202812194824
    vertex -55.85612487792969 -15.369726181030273 3.0288314819335938
  endloop
endfacet
facet normal 0.0 0.0 0.0
  outer loop
    vertex -55.85612487792969 -15.369726181030273 3.0288314819335938
    vertex -52.98966598510742 -16.811853408813477 3.0511202812194824
    vertex -52.825592041015625 -16.459999084472656 3.000009059906006
  endloop
endfacet
facet normal 0.0 0.0 0.0
  outer loop
    vertex -55.85612487792969 -15.369726181030273 3.0288314819335938
    vertex -52.825592041015625 -16.459999084472656 3.000009059906006
    vertex -55.9976692199707 -14.9808349609375 3.000009536743164
  endloop
endfacet
facet normal 0.0 0.0 0.0
  outer loop
    vertex -49.92491912841797 -19.467670440673828 4.500008583068848
    vertex -51.23503494262695 -22.277225494384766 4.500008583068848
    vertex -49.915321350097656 -19.464176177978516 4.352982521057129
  endloop
endfacet
facet normal 0.0 0.0 0.0
  outer loop
    vertex -49.915321350097656 -19.464176177978516 4.352982521057129
    vertex -51.23503494262695 -22.277225494384766 4.500008583068848
    vertex -51.18871307373047 -22.298826217651367 4.111780166625977
  endloop
endfacet
facet normal 0.0 0.0 0.0
  outer loop
    vertex -49.915321350097656 -19.464176177978516 4.352982521057129
    vertex -51.18871307373047 -22.298826217651367 4.111780166625977
    vertex -49.88661575317383 -19.4537296295166 4.207373142242432
  endloop
endfacet
facet normal 0.0 0.0 0.0
  outer loop
    vertex -49.88661575317383 -19.4537296295166 4.207373142242432
    vertex -51.18871307373047 -22.298826217651367 4.111780166625977
    vertex -49.7731819152832 -19.41244125366211 3.925983190536499
  endloop
endfacet
facet normal 0.0 0.0 0.0
  outer loop
    vertex -49.7731819152832 -19.41244125366211 3.925983190536499
    vertex -51.18871307373047 -22.298826217651367 4.111780166625977
    vertex -51.05290222167969 -22.36215591430664 3.7500085830688477
  endloop
endfacet
facet normal 0.0 0.0 0.0
  outer loop
    vertex -49.7731819152832 -19.41244125366211 3.925983190536499
    vertex -51.05290222167969 -22.36215591430664 3.7500085830688477
    vertex -49.58897399902344 -19.345396041870117 3.6666531562805176
  endloop
endfacet
facet normal 0.0 0.0 0.0
  outer loop
    vertex -49.58897399902344 -19.345396041870117 3.6666531562805176
    vertex -51.05290222167969 -22.36215591430664 3.7500085830688477
    vertex -50.83686065673828 -22.46289825439453 3.4393484592437744
  endloop
endfacet
facet normal 0.0 0.0 0.0
  outer loop
    vertex -49.58897399902344 -19.345396041870117 3.6666531562805176
    vertex -50.83686065673828 -22.46289825439453 3.4393484592437744
    vertex -49.341068267822266 -19.255165100097656 3.4393482208251953
  endloop
endfacet
facet normal 0.0 0.0 0.0
  outer loop
    vertex -49.341068267822266 -19.255165100097656 3.4393482208251953
    vertex -50.83686065673828 -22.46289825439453 3.4393484592437744
    vertex -49.038997650146484 -19.145219802856445 3.2528040409088135
  endloop
endfacet
facet normal 0.0 0.0 0.0
  outer loop
    vertex -49.038997650146484 -19.145219802856445 3.2528040409088135
    vertex -50.83686065673828 -22.46289825439453 3.4393484592437744
    vertex -50.55530548095703 -22.594186782836914 3.2009706497192383
  endloop
endfacet
facet normal 0.0 0.0 0.0
  outer loop
    vertex -49.038997650146484 -19.145219802856445 3.2528040409088135
    vertex -50.55530548095703 -22.594186782836914 3.2009706497192383
    vertex -48.694366455078125 -19.019784927368164 3.1141891479492188
  endloop
endfacet
facet normal 0.0 0.0 0.0
  outer loop
    vertex -48.694366455078125 -19.019784927368164 3.1141891479492188
    vertex -50.55530548095703 -22.594186782836914 3.2009706497192383
    vertex -50.2274284362793 -22.74707794189453 3.0511200428009033
  endloop
endfacet
facet normal 0.0 0.0 0.0
  outer loop
    vertex -48.694366455078125 -19.019784927368164 3.1141891479492188
    vertex -50.2274284362793 -22.74707794189453 3.0511200428009033
    vertex -48.3204231262207 -18.88368034362793 3.0288305282592773
  endloop
endfacet
facet normal 0.0 0.0 0.0
  outer loop
    vertex -48.3204231262207 -18.88368034362793 3.0288305282592773
    vertex -50.2274284362793 -22.74707794189453 3.0511200428009033
    vertex -49.87557601928711 -22.911151885986328 3.0000085830688477
  endloop
endfacet
facet normal 0.0 0.0 0.0
  outer loop
    vertex -48.3204231262207 -18.88368034362793 3.0288305282592773
    vertex -49.87557601928711 -22.911151885986328 3.0000085830688477
    vertex -47.93153381347656 -18.742136001586914 3.0000083446502686
  endloop
endfacet
facet normal 0.0 0.0 0.0
  outer loop
    vertex -47.93153381347656 -18.742136001586914 3.0000083446502686
    vertex -52.00991439819336 -16.840354919433594 3.000009059906006
    vertex -48.3204231262207 -18.88368034362793 3.0288305282592773
  endloop
endfacet
facet normal 0.0 0.0 0.0
  outer loop
    vertex -48.3204231262207 -18.88368034362793 3.0288305282592773
    vertex -52.00991439819336 -16.840354919433594 3.000009059906006
    vertex -52.173988342285156 -17.192209243774414 3.0511202812194824
  endloop
endfacet
facet normal 0.0 0.0 0.0
  outer loop
    vertex -48.3204231262207 -18.88368034362793 3.0288305282592773
    vertex -52.173988342285156 -17.192209243774414 3.0511202812194824
    vertex -48.694366455078125 -19.019784927368164 3.1141891479492188
  endloop
endfacet
facet normal 0.0 0.0 0.0
  outer loop
    vertex -48.694366455078125 -19.019784927368164 3.1141891479492188
    vertex -52.173988342285156 -17.192209243774414 3.0511202812194824
    vertex -52.32687759399414 -17.52008628845215 3.2009708881378174
  endloop
endfacet
facet normal 0.0 0.0 0.0
  outer loop
    vertex -48.694366455078125 -19.019784927368164 3.1141891479492188
    vertex -52.32687759399414 -17.52008628845215 3.2009708881378174
    vertex -49.038997650146484 -19.145219802856445 3.2528040409088135
  endloop
endfacet
facet normal 0.0 0.0 0.0
  outer loop
    vertex -49.038997650146484 -19.145219802856445 3.2528040409088135
    vertex -52.32687759399414 -17.52008628845215 3.2009708881378174
    vertex -52.45817184448242 -17.801639556884766 3.4393486976623535
  endloop
endfacet
facet normal 0.0 0.0 0.0
  outer loop
    vertex -49.038997650146484 -19.145219802856445 3.2528040409088135
    vertex -52.45817184448242 -17.801639556884766 3.4393486976623535
    vertex -49.341068267822266 -19.255165100097656 3.4393482208251953
  endloop
endfacet
facet normal 0.0 0.0 0.0
  outer loop
    vertex -49.341068267822266 -19.255165100097656 3.4393482208251953
    vertex -52.45817184448242 -17.801639556884766 3.4393486976623535
    vertex -49.58897399902344 -19.345396041870117 3.6666531562805176
  endloop
endfacet
facet normal 0.0 0.0 0.0
  outer loop
    vertex -49.58897399902344 -19.345396041870117 3.6666531562805176
    vertex -52.45817184448242 -17.801639556884766 3.4393486976623535
    vertex -52.55891418457031 -18.017683029174805 3.7500088214874268
  endloop
endfacet
facet normal 0.0 0.0 0.0
  outer loop
    vertex -49.58897399902344 -19.345396041870117 3.6666531562805176
    vertex -52.55891418457031 -18.017683029174805 3.7500088214874268
    vertex -49.7731819152832 -19.41244125366211 3.925983190536499
  endloop
endfacet
facet normal 0.0 0.0 0.0
  outer loop
    vertex -49.7731819152832 -19.41244125366211 3.925983190536499
    vertex -52.55891418457031 -18.017683029174805 3.7500088214874268
    vertex -52.62224197387695 -18.153493881225586 4.111780166625977
  endloop
endfacet
facet normal 0.0 0.0 0.0
  outer loop
    vertex -49.7731819152832 -19.41244125366211 3.925983190536499
    vertex -52.62224197387695 -18.153493881225586 4.111780166625977
    vertex -49.88661575317383 -19.4537296295166 4.207373142242432
  endloop
endfacet
facet normal 0.0 0.0 0.0
  outer loop
    vertex -49.88661575317383 -19.4537296295166 4.207373142242432
    vertex -52.62224197387695 -18.153493881225586 4.111780166625977
    vertex -49.915321350097656 -19.464176177978516 4.352982521057129
  endloop
endfacet
facet normal 0.0 0.0 0.0
  outer loop
    vertex -49.915321350097656 -19.464176177978516 4.352982521057129
    vertex -52.62224197387695 -18.153493881225586 4.111780166625977
    vertex -52.64384460449219 -18.199817657470703 4.500008583068848
  endloop
endfacet
facet normal 0.0 0.0 0.0
  outer loop
    vertex -49.915321350097656 -19.464176177978516 4.352982521057129
    vertex -52.64384460449219 -18.199817657470703 4.500008583068848
    vertex -49.92491912841797 -19.467670440673828 4.500008583068848
  endloop
endfacet
facet normal 0.0 0.0 0.0
  outer loop
    vertex -51.23503494262695 -22.277225494384766 4.500008583068848
    vertex -49.92491912841797 -19.467670440673828 4.500008583068848
    vertex -51.23503494262695 -22.277225494384766 6.0000081062316895
  endloop
endfacet
facet normal 0.0 0.0 0.0
  outer loop
    vertex -51.23503494262695 -22.277225494384766 6.0000081062316895
    vertex -49.92491912841797 -19.467670440673828 4.500008583068848
    vertex -49.92491912841797 -19.467670440673828 6.000007629394531
  endloop
endfacet
facet normal 0.0 0.0 0.0
  outer loop
    vertex -49.92491912841797 -19.467670440673828 4.500008583068848
    vertex -52.64384460449219 -18.199817657470703 4.500008583068848
    vertex -49.92491912841797 -19.467670440673828 6.000007629394531
  endloop
endfacet
facet normal 0.0 0.0 0.0
  outer loop
    vertex -49.92491912841797 -19.467670440673828 6.000007629394531
    vertex -52.64384460449219 -18.199817657470703 4.500008583068848
    vertex -52.64384460449219 -18.199817657470703 6.000008583068848
  endloop
endfacet
facet normal 0.0 0.0 0.0
  outer loop
    vertex -63.47557067871094 -39.298954010009766 3.0000104904174805
    vertex -60.89759826660156 -33.770477294921875 3.0000102519989014
    vertex -63.31149673461914 -38.94710159301758 3.051121711730957
  endloop
endfacet
facet normal 0.0 0.0 0.0
  outer loop
    vertex -63.31149673461914 -38.94710159301758 3.051121711730957
    vertex -60.89759826660156 -33.770477294921875 3.0000102519989014
    vertex -61.061668395996094 -34.12233352661133 3.051121473312378
  endloop
endfacet
facet normal 0.0 0.0 0.0
  outer loop
    vertex -63.31149673461914 -38.94710159301758 3.051121711730957
    vertex -61.061668395996094 -34.12233352661133 3.051121473312378
    vertex -63.15860366821289 -38.619224548339844 3.200972318649292
  endloop
endfacet
facet normal 0.0 0.0 0.0
  outer loop
    vertex -63.15860366821289 -38.619224548339844 3.200972318649292
    vertex -61.061668395996094 -34.12233352661133 3.051121473312378
    vertex -61.214561462402344 -34.4502067565918 3.200972080230713
  endloop
endfacet
facet normal 0.0 0.0 0.0
  outer loop
    vertex -63.15860366821289 -38.619224548339844 3.200972318649292
    vertex -61.214561462402344 -34.4502067565918 3.200972080230713
    vertex -63.027313232421875 -38.337669372558594 3.439350128173828
  endloop
endfacet
facet normal 0.0 0.0 0.0
  outer loop
    vertex -63.027313232421875 -38.337669372558594 3.439350128173828
    vertex -61.214561462402344 -34.4502067565918 3.200972080230713
    vertex -61.34585189819336 -34.73176193237305 3.439349889755249
  endloop
endfacet
facet normal 0.0 0.0 0.0
  outer loop
    vertex -63.027313232421875 -38.337669372558594 3.439350128173828
    vertex -61.34585189819336 -34.73176193237305 3.439349889755249
    vertex -62.926570892333984 -38.12162780761719 3.7500102519989014
  endloop
endfacet
facet normal 0.0 0.0 0.0
  outer loop
    vertex -62.926570892333984 -38.12162780761719 3.7500102519989014
    vertex -61.34585189819336 -34.73176193237305 3.439349889755249
    vertex -61.44659423828125 -34.94780731201172 3.7500100135803223
  endloop
endfacet
facet normal 0.0 0.0 0.0
  outer loop
    vertex -62.926570892333984 -38.12162780761719 3.7500102519989014
    vertex -61.44659423828125 -34.94780731201172 3.7500100135803223
    vertex -62.863243103027344 -37.985816955566406 4.111781597137451
  endloop
endfacet
facet normal 0.0 0.0 0.0
  outer loop
    vertex -62.863243103027344 -37.985816955566406 4.111781597137451
    vertex -61.44659423828125 -34.94780731201172 3.7500100135803223
    vertex -61.509925842285156 -35.0836181640625 4.111781597137451
  endloop
endfacet
facet normal 0.0 0.0 0.0
  outer loop
    vertex -62.863243103027344 -37.985816955566406 4.111781597137451
    vertex -61.509925842285156 -35.0836181640625 4.111781597137451
    vertex -62.84164047241211 -37.93949508666992 4.500010013580322
  endloop
endfacet
facet normal 0.0 0.0 0.0
  outer loop
    vertex -62.84164047241211 -37.93949508666992 4.500010013580322
    vertex -61.509925842285156 -35.0836181640625 4.111781597137451
    vertex -61.531524658203125 -35.129940032958984 4.500010013580322
  endloop
endfacet
facet normal 0.0 0.0 0.0
  outer loop
    vertex -62.84164047241211 -37.93949508666992 4.500010013580322
    vertex -61.531524658203125 -35.129940032958984 4.500010013580322
    vertex -62.84164047241211 -37.93949508666992 6.000009536743164
  endloop
endfacet
facet normal 0.0 0.0 0.0
  outer loop
    vertex -62.84164047241211 -37.93949508666992 6.000009536743164
    vertex -61.531524658203125 -35.129940032958984 4.500010013580322
    vertex -61.531524658203125 -35.129940032958984 6.000009536743164
  endloop
endfacet
facet normal 0.0 0.0 0.0
  outer loop
    vertex -64.65425109863281 -37.09425735473633 6.000010013580322
    vertex -62.84164047241211 -37.93949508666992 6.000009536743164
    vertex -63.344139099121094 -34.28470230102539 6.000009536743164
  endloop
endfacet
facet normal 0.0 0.0 0.0
  outer loop
    vertex -63.344139099121094 -34.28470230102539 6.000009536743164
    vertex -62.84164047241211 -37.93949508666992 6.000009536743164
    vertex -61.531524658203125 -35.129940032958984 6.000009536743164
  endloop
endfacet
facet normal 0.0 0.0 0.0
  outer loop
    vertex -62.65989303588867 -39.6793098449707 3.0000104904174805
    vertex -62.495819091796875 -39.327457427978516 3.051121711730957
    vertex -60.71584701538086 -35.51029586791992 3.0000102519989014
  endloop
endfacet
facet normal 0.0 0.0 0.0
  outer loop
    vertex -60.71584701538086 -35.51029586791992 3.0000102519989014
    vertex -62.495819091796875 -39.327457427978516 3.051121711730957
    vertex -62.34292984008789 -38.99958038330078 3.200972318649292
  endloop
endfacet
facet normal 0.0 0.0 0.0
  outer loop
    vertex -60.71584701538086 -35.51029586791992 3.0000102519989014
    vertex -62.34292984008789 -38.99958038330078 3.200972318649292
    vertex -62.211639404296875 -38.71802520751953 3.439350128173828
  endloop
endfacet
facet normal 0.0 0.0 0.0
  outer loop
    vertex -62.211639404296875 -38.71802520751953 3.439350128173828
    vertex -62.11089324951172 -38.501983642578125 3.7500102519989014
    vertex -60.71584701538086 -35.51029586791992 3.0000102519989014
  endloop
endfacet
facet normal 0.0 0.0 0.0
  outer loop
    vertex -60.71584701538086 -35.51029586791992 3.0000102519989014
    vertex -62.11089324951172 -38.501983642578125 3.7500102519989014
    vertex -62.04756546020508 -38.366172790527344 4.111781597137451
  endloop
endfacet
facet normal 0.0 0.0 0.0
  outer loop
    vertex -60.71584701538086 -35.51029586791992 3.0000102519989014
    vertex -62.04756546020508 -38.366172790527344 4.111781597137451
    vertex -62.025962829589844 -38.31985092163086 4.500010013580322
  endloop
endfacet
facet normal 0.0 0.0 0.0
  outer loop
    vertex -62.025962829589844 -38.31985092163086 6.000009536743164
    vertex -60.71584701538086 -35.51029586791992 6.000009536743164
    vertex -62.025962829589844 -38.31985092163086 4.500010013580322
  endloop
endfacet
facet normal 0.0 0.0 0.0
  outer loop
    vertex -62.025962829589844 -38.31985092163086 4.500010013580322
    vertex -60.71584701538086 -35.51029586791992 6.000009536743164
    vertex -60.71584701538086 -35.51029586791992 3.0000102519989014
  endloop
endfacet
facet normal 0.0 0.0 0.0
  outer loop
    vertex -56.63746643066406 -37.412078857421875 3.000009536743164
    vertex -60.71584701538086 -35.51029586791992 3.0000102519989014
    vertex -56.989322662353516 -37.24800491333008 3.0511209964752197
  endloop
endfacet
facet normal 0.0 0.0 0.0
  outer loop
    vertex -56.989322662353516 -37.24800491333008 3.0511209964752197
    vertex -60.71584701538086 -35.51029586791992 3.0000102519989014
    vertex -57.317195892333984 -37.095115661621094 3.2009716033935547
  endloop
endfacet
facet normal 0.0 0.0 0.0
  outer loop
    vertex -57.317195892333984 -37.095115661621094 3.2009716033935547
    vertex -60.71584701538086 -35.51029586791992 3.0000102519989014
    vertex -57.598751068115234 -36.96382522583008 3.439349412918091
  endloop
endfacet
facet normal 0.0 0.0 0.0
  outer loop
    vertex -57.598751068115234 -36.96382522583008 3.439349412918091
    vertex -60.71584701538086 -35.51029586791992 3.0000102519989014
    vertex -57.814796447753906 -36.86307907104492 3.750009536743164
  endloop
endfacet
facet normal 0.0 0.0 0.0
  outer loop
    vertex -57.814796447753906 -36.86307907104492 3.750009536743164
    vertex -60.71584701538086 -35.51029586791992 3.0000102519989014
    vertex -57.95060729980469 -36.79975128173828 4.111781120300293
  endloop
endfacet
facet normal 0.0 0.0 0.0
  outer loop
    vertex -57.95060729980469 -36.79975128173828 4.111781120300293
    vertex -60.71584701538086 -35.51029586791992 3.0000102519989014
    vertex -57.99692916870117 -36.77814865112305 4.500009536743164
  endloop
endfacet
facet normal 0.0 0.0 0.0
  outer loop
    vertex -57.99692916870117 -36.77814865112305 4.500009536743164
    vertex -60.71584701538086 -35.51029586791992 3.0000102519989014
    vertex -60.71584701538086 -35.51029586791992 6.000009536743164
  endloop
endfacet
facet normal 0.0 0.0 0.0
  outer loop
    vertex -57.99692916870117 -36.77814865112305 4.500009536743164
    vertex -60.71584701538086 -35.51029586791992 6.000009536743164
    vertex -57.99692916870117 -36.77814865112305 6.000009059906006
  endloop
endfacet
facet normal 0.0 0.0 0.0
  outer loop
    vertex -59.30704116821289 -39.587703704833984 4.500009536743164
    vertex -57.99692916870117 -36.77814865112305 4.500009536743164
    vertex -59.30704116821289 -39.587703704833984 6.000009536743164
  endloop
endfacet
facet normal 0.0 0.0 0.0
  outer loop
    vertex -59.30704116821289 -39.587703704833984 6.000009536743164
    vertex -57.99692916870117 -36.77814865112305 4.500009536743164
    vertex -57.99692916870117 -36.77814865112305 6.000009059906006
  endloop
endfacet
facet normal 0.0 0.0 0.0
  outer loop
    vertex -62.025962829589844 -38.31985092163086 4.500010013580322
    vertex -59.30704116821289 -39.587703704833984 4.500009536743164
    vertex -62.025962829589844 -38.31985092163086 6.000009536743164
  endloop
endfacet
facet normal 0.0 0.0 0.0
  outer loop
    vertex -62.025962829589844 -38.31985092163086 6.000009536743164
    vertex -59.30704116821289 -39.587703704833984 4.500009536743164
    vertex -59.30704116821289 -39.587703704833984 6.000009536743164
  endloop
endfacet
facet normal 0.0 0.0 0.0
  outer loop
    vertex -62.025962829589844 -38.31985092163086 6.000009536743164
    vertex -59.30704116821289 -39.587703704833984 6.000009536743164
    vertex -60.71584701538086 -35.51029586791992 6.000009536743164
  endloop
endfacet
facet normal 0.0 0.0 0.0
  outer loop
    vertex -60.71584701538086 -35.51029586791992 6.000009536743164
    vertex -59.30704116821289 -39.587703704833984 6.000009536743164
    vertex -57.99692916870117 -36.77814865112305 6.000009059906006
  endloop
endfacet
facet normal 0.0 0.0 0.0
  outer loop
    vertex -55.403564453125 -21.988475799560547 3.000009536743164
    vertex -52.825592041015625 -16.459999084472656 3.000009059906006
    vertex -55.2394905090332 -21.636621475219727 3.0511207580566406
  endloop
endfacet
facet normal 0.0 0.0 0.0
  outer loop
    vertex -55.2394905090332 -21.636621475219727 3.0511207580566406
    vertex -52.825592041015625 -16.459999084472656 3.000009059906006
    vertex -52.98966598510742 -16.811853408813477 3.0511202812194824
  endloop
endfacet
facet normal 0.0 0.0 0.0
  outer loop
    vertex -55.2394905090332 -21.636621475219727 3.0511207580566406
    vertex -52.98966598510742 -16.811853408813477 3.0511202812194824
    vertex -55.08660125732422 -21.308746337890625 3.2009711265563965
  endloop
endfacet
facet normal 0.0 0.0 0.0
  outer loop
    vertex -55.08660125732422 -21.308746337890625 3.2009711265563965
    vertex -52.98966598510742 -16.811853408813477 3.0511202812194824
    vertex -53.142555236816406 -17.13973045349121 3.2009708881378174
  endloop
endfacet
facet normal 0.0 0.0 0.0
  outer loop
    vertex -55.08660125732422 -21.308746337890625 3.2009711265563965
    vertex -53.142555236816406 -17.13973045349121 3.2009708881378174
    vertex -54.9553108215332 -21.027191162109375 3.4393491744995117
  endloop
endfacet
facet normal 0.0 0.0 0.0
  outer loop
    vertex -54.9553108215332 -21.027191162109375 3.4393491744995117
    vertex -53.142555236816406 -17.13973045349121 3.2009708881378174
    vertex -53.27384567260742 -17.421283721923828 3.4393489360809326
  endloop
endfacet
facet normal 0.0 0.0 0.0
  outer loop
    vertex -54.9553108215332 -21.027191162109375 3.4393491744995117
    vertex -53.27384567260742 -17.421283721923828 3.4393489360809326
    vertex -54.85456848144531 -20.811147689819336 3.750009059906006
  endloop
endfacet
facet normal 0.0 0.0 0.0
  outer loop
    vertex -54.85456848144531 -20.811147689819336 3.750009059906006
    vertex -53.27384567260742 -17.421283721923828 3.4393489360809326
    vertex -53.37459182739258 -17.637327194213867 3.750009059906006
  endloop
endfacet
facet normal 0.0 0.0 0.0
  outer loop
    vertex -54.85456848144531 -20.811147689819336 3.750009059906006
    vertex -53.37459182739258 -17.637327194213867 3.750009059906006
    vertex -54.791236877441406 -20.675336837768555 4.111780643463135
  endloop
endfacet
facet normal 0.0 0.0 0.0
  outer loop
    vertex -54.791236877441406 -20.675336837768555 4.111780643463135
    vertex -53.37459182739258 -17.637327194213867 3.750009059906006
    vertex -53.43791961669922 -17.77313804626465 4.111780166625977
  endloop
endfacet
facet normal 0.0 0.0 0.0
  outer loop
    vertex -54.791236877441406 -20.675336837768555 4.111780643463135
    vertex -53.43791961669922 -17.77313804626465 4.111780166625977
    vertex -54.76963806152344 -20.62901496887207 4.500009059906006
  endloop
endfacet
facet normal 0.0 0.0 0.0
  outer loop
    vertex -54.76963806152344 -20.62901496887207 4.500009059906006
    vertex -53.43791961669922 -17.77313804626465 4.111780166625977
    vertex -53.45951843261719 -17.819459915161133 4.500008583068848
  endloop
endfacet
facet normal 0.0 0.0 0.0
  outer loop
    vertex -54.76963806152344 -20.62901496887207 4.500009059906006
    vertex -53.45951843261719 -17.819459915161133 4.500008583068848
    vertex -54.76963806152344 -20.62901496887207 6.000008583068848
  endloop
endfacet
facet normal 0.0 0.0 0.0
  outer loop
    vertex -54.76963806152344 -20.62901496887207 6.000008583068848
    vertex -53.45951843261719 -17.819459915161133 4.500008583068848
    vertex -53.45951843261719 -17.819459915161133 6.000008583068848
  endloop
endfacet
facet normal 0.0 0.0 0.0
  outer loop
    vertex -56.582252502441406 -19.783777236938477 4.500009536743164
    vertex -54.76963806152344 -20.62901496887207 4.500009059906006
    vertex -56.582252502441406 -19.783777236938477 6.000008583068848
  endloop
endfacet
facet normal 0.0 0.0 0.0
  outer loop
    vertex -56.582252502441406 -19.783777236938477 6.000008583068848
    vertex -54.76963806152344 -20.62901496887207 4.500009059906006
    vertex -54.76963806152344 -20.62901496887207 6.000008583068848
  endloop
endfacet
facet normal 0.0 0.0 0.0
  outer loop
    vertex -55.27213668823242 -16.974224090576172 4.500009059906006
    vertex -56.582252502441406 -19.783777236938477 4.500009536743164
    vertex -55.27213668823242 -16.974224090576172 6.000008583068848
  endloop
endfacet
facet normal 0.0 0.0 0.0
  outer loop
    vertex -55.27213668823242 -16.974224090576172 6.000008583068848
    vertex -56.582252502441406 -19.783777236938477 4.500009536743164
    vertex -56.582252502441406 -19.783777236938477 6.000008583068848
  endloop
endfacet
facet normal 0.0 0.0 0.0
  outer loop
    vertex -53.45951843261719 -17.819459915161133 4.500008583068848
    vertex -55.27213668823242 -16.974224090576172 4.500009059906006
    vertex -53.45951843261719 -17.819459915161133 6.000008583068848
  endloop
endfacet
facet normal 0.0 0.0 0.0
  outer loop
    vertex -53.45951843261719 -17.819459915161133 6.000008583068848
    vertex -55.27213668823242 -16.974224090576172 4.500009059906006
    vertex -55.27213668823242 -16.974224090576172 6.000008583068848
  endloop
endfacet
facet normal 0.0 0.0 0.0
  outer loop
    vertex -53.45951843261719 -17.819459915161133 6.000008583068848
    vertex -55.27213668823242 -16.974224090576172 6.000008583068848
    vertex -54.76963806152344 -20.62901496887207 6.000008583068848
  endloop
endfacet
facet normal 0.0 0.0 0.0
  outer loop
    vertex -54.76963806152344 -20.62901496887207 6.000008583068848
    vertex -55.27213668823242 -16.974224090576172 6.000008583068848
    vertex -56.582252502441406 -19.783777236938477 6.000008583068848
  endloop
endfacet
facet normal 0.0 0.0 0.0
  outer loop
    vertex -49.87557601928711 -22.911151885986328 3.0000085830688477
    vertex -50.2274284362793 -22.74707794189453 3.0511200428009033
    vertex -53.95396041870117 -21.009370803833008 3.000009298324585
  endloop
endfacet
facet normal 0.0 0.0 0.0
  outer loop
    vertex -53.95396041870117 -21.009370803833008 3.000009298324585
    vertex -50.2274284362793 -22.74707794189453 3.0511200428009033
    vertex -50.55530548095703 -22.594186782836914 3.2009706497192383
  endloop
endfacet
facet normal 0.0 0.0 0.0
  outer loop
    vertex -53.95396041870117 -21.009370803833008 3.000009298324585
    vertex -50.55530548095703 -22.594186782836914 3.2009706497192383
    vertex -50.83686065673828 -22.46289825439453 3.4393484592437744
  endloop
endfacet
facet normal 0.0 0.0 0.0
  outer loop
    vertex -50.83686065673828 -22.46289825439453 3.4393484592437744
    vertex -51.05290222167969 -22.36215591430664 3.7500085830688477
    vertex -53.95396041870117 -21.009370803833008 3.000009298324585
  endloop
endfacet
facet normal 0.0 0.0 0.0
  outer loop
    vertex -53.95396041870117 -21.009370803833008 3.000009298324585
    vertex -51.05290222167969 -22.36215591430664 3.7500085830688477
    vertex -51.18871307373047 -22.298826217651367 4.111780166625977
  endloop
endfacet
facet normal 0.0 0.0 0.0
  outer loop
    vertex -53.95396041870117 -21.009370803833008 3.000009298324585
    vertex -51.18871307373047 -22.298826217651367 4.111780166625977
    vertex -51.23503494262695 -22.277225494384766 4.500008583068848
  endloop
endfacet
facet normal 0.0 0.0 0.0
  outer loop
    vertex -51.23503494262695 -22.277225494384766 6.0000081062316895
    vertex -53.95396041870117 -21.009370803833008 6.000008583068848
    vertex -51.23503494262695 -22.277225494384766 4.500008583068848
  endloop
endfacet
facet normal 0.0 0.0 0.0
  outer loop
    vertex -51.23503494262695 -22.277225494384766 4.500008583068848
    vertex -53.95396041870117 -21.009370803833008 6.000008583068848
    vertex -53.95396041870117 -21.009370803833008 3.000009298324585
  endloop
endfacet
facet normal 0.0 0.0 0.0
  outer loop
    vertex -52.00991439819336 -16.840354919433594 3.000009059906006
    vertex -53.95396041870117 -21.009370803833008 3.000009298324585
    vertex -52.173988342285156 -17.192209243774414 3.0511202812194824
  endloop
endfacet
facet normal 0.0 0.0 0.0
  outer loop
    vertex -52.173988342285156 -17.192209243774414 3.0511202812194824
    vertex -53.95396041870117 -21.009370803833008 3.000009298324585
    vertex -52.32687759399414 -17.52008628845215 3.2009708881378174
  endloop
endfacet
facet normal 0.0 0.0 0.0
  outer loop
    vertex -52.32687759399414 -17.52008628845215 3.2009708881378174
    vertex -53.95396041870117 -21.009370803833008 3.000009298324585
    vertex -52.45817184448242 -17.801639556884766 3.4393486976623535
  endloop
endfacet
facet normal 0.0 0.0 0.0
  outer loop
    vertex -52.45817184448242 -17.801639556884766 3.4393486976623535
    vertex -53.95396041870117 -21.009370803833008 3.000009298324585
    vertex -52.55891418457031 -18.017683029174805 3.7500088214874268
  endloop
endfacet
facet normal 0.0 0.0 0.0
  outer loop
    vertex -52.55891418457031 -18.017683029174805 3.7500088214874268
    vertex -53.95396041870117 -21.009370803833008 3.000009298324585
    vertex -52.62224197387695 -18.153493881225586 4.111780166625977
  endloop
endfacet
facet normal 0.0 0.0 0.0
  outer loop
    vertex -52.62224197387695 -18.153493881225586 4.111780166625977
    vertex -53.95396041870117 -21.009370803833008 3.000009298324585
    vertex -52.64384460449219 -18.199817657470703 4.500008583068848
  endloop
endfacet
facet normal 0.0 0.0 0.0
  outer loop
    vertex -52.64384460449219 -18.199817657470703 4.500008583068848
    vertex -53.95396041870117 -21.009370803833008 3.000009298324585
    vertex -53.95396041870117 -21.009370803833008 6.000008583068848
  endloop
endfacet
facet normal 0.0 0.0 0.0
  outer loop
    vertex -52.64384460449219 -18.199817657470703 4.500008583068848
    vertex -53.95396041870117 -21.009370803833008 6.000008583068848
    vertex -52.64384460449219 -18.199817657470703 6.000008583068848
  endloop
endfacet
facet normal 0.0 0.0 0.0
  outer loop
    vertex -49.92491912841797 -19.467670440673828 6.000007629394531
    vertex -52.64384460449219 -18.199817657470703 6.000008583068848
    vertex -51.23503494262695 -22.277225494384766 6.0000081062316895
  endloop
endfacet
facet normal 0.0 0.0 0.0
  outer loop
    vertex -51.23503494262695 -22.277225494384766 6.0000081062316895
    vertex -52.64384460449219 -18.199817657470703 6.000008583068848
    vertex -53.95396041870117 -21.009370803833008 6.000008583068848
  endloop
endfacet
facet normal 0.0 0.0 0.0
  outer loop
    vertex 39.45683670043945 -36.239437103271484 2.9999961853027344
    vertex 39.720359802246094 -36.318180084228516 2.9999961853027344
    vertex 39.45683670043945 -36.239437103271484 -3.0994415283203125e-06
  endloop
endfacet
facet normal 0.0 0.0 0.0
  outer loop
    vertex 39.45683670043945 -36.239437103271484 -3.0994415283203125e-06
    vertex 39.720359802246094 -36.318180084228516 2.9999961853027344
    vertex 39.720359802246094 -36.318180084228516 -3.0994415283203125e-06
  endloop
endfacet
facet normal 0.0 0.0 0.0
  outer loop
    vertex 39.720359802246094 -36.318180084228516 -3.0994415283203125e-06
    vertex 39.720359802246094 -36.318180084228516 2.9999961853027344
    vertex 39.989322662353516 -36.34465408325195 2.9999959468841553
  endloop
endfacet
facet normal 0.0 0.0 0.0
  outer loop
    vertex 39.720359802246094 -36.318180084228516 -3.0994415283203125e-06
    vertex 39.989322662353516 -36.34465408325195 2.9999959468841553
    vertex 39.989322662353516 -36.34465408325195 -3.337860107421875e-06
  endloop
endfacet
facet normal 0.0 0.0 0.0
  outer loop
    vertex 39.989322662353516 -36.34465408325195 2.9999959468841553
    vertex 40.258243560791016 -36.31818771362305 2.9999959468841553
    vertex 39.989322662353516 -36.34465408325195 -3.337860107421875e-06
  endloop
endfacet
facet normal 0.0 0.0 0.0
  outer loop
    vertex 39.989322662353516 -36.34465408325195 -3.337860107421875e-06
    vertex 40.258243560791016 -36.31818771362305 2.9999959468841553
    vertex 40.258243560791016 -36.31818771362305 -3.337860107421875e-06
  endloop
endfacet
facet normal 0.0 0.0 0.0
  outer loop
    vertex 40.258243560791016 -36.31818771362305 -3.337860107421875e-06
    vertex 40.258243560791016 -36.31818771362305 2.9999959468841553
    vertex 40.521732330322266 -36.23946762084961 2.9999959468841553
  endloop
endfacet
facet normal 0.0 0.0 0.0
  outer loop
    vertex 40.258243560791016 -36.31818771362305 -3.337860107421875e-06
    vertex 40.521732330322266 -36.23946762084961 2.9999959468841553
    vertex 40.521732330322266 -36.23946762084961 -3.337860107421875e-06
  endloop
endfacet
facet normal 0.0 0.0 0.0
  outer loop
    vertex 40.521732330322266 -36.23946762084961 2.9999959468841553
    vertex 40.6454963684082 -36.18113708496094 2.9999959468841553
    vertex 40.521732330322266 -36.23946762084961 -3.337860107421875e-06
  endloop
endfacet
facet normal 0.0 0.0 0.0
  outer loop
    vertex 40.521732330322266 -36.23946762084961 -3.337860107421875e-06
    vertex 40.6454963684082 -36.18113708496094 2.9999959468841553
    vertex 40.6454963684082 -36.18113708496094 -3.337860107421875e-06
  endloop
endfacet
facet normal 0.0 0.0 0.0
  outer loop
    vertex 40.6454963684082 -36.18113708496094 -3.337860107421875e-06
    vertex 40.6454963684082 -36.18113708496094 2.9999959468841553
    vertex 40.761539459228516 -36.11199951171875 2.9999959468841553
  endloop
endfacet
facet normal 0.0 0.0 0.0
  outer loop
    vertex 40.6454963684082 -36.18113708496094 -3.337860107421875e-06
    vertex 40.761539459228516 -36.11199951171875 2.9999959468841553
    vertex 40.761539459228516 -36.11199951171875 -3.337860107421875e-06
  endloop
endfacet
facet normal 0.0 0.0 0.0
  outer loop
    vertex 40.761539459228516 -36.11199951171875 -3.337860107421875e-06
    vertex 40.761539459228516 -36.11199951171875 2.9999959468841553
    vertex 40.86837387084961 -36.034019470214844 2.9999959468841553
  endloop
endfacet
facet normal 0.0 0.0 0.0
  outer loop
    vertex 40.761539459228516 -36.11199951171875 -3.337860107421875e-06
    vertex 40.86837387084961 -36.034019470214844 2.9999959468841553
    vertex 40.86837387084961 -36.034019470214844 -3.337860107421875e-06
  endloop
endfacet
facet normal 0.0 0.0 0.0
  outer loop
    vertex 40.86837387084961 -36.034019470214844 -3.337860107421875e-06
    vertex 40.86837387084961 -36.034019470214844 2.9999959468841553
    vertex 40.96451187133789 -35.94914627075195 2.9999959468841553
  endloop
endfacet
facet normal 0.0 0.0 0.0
  outer loop
    vertex 40.86837387084961 -36.034019470214844 -3.337860107421875e-06
    vertex 40.96451187133789 -35.94914627075195 2.9999959468841553
    vertex 40.96451187133789 -35.94914627075195 -3.337860107421875e-06
  endloop
endfacet
facet normal 0.0 0.0 0.0
  outer loop
    vertex 40.96451187133789 -35.94914627075195 2.9999959468841553
    vertex 41.141929626464844 -35.73874282836914 2.9999959468841553
    vertex 40.96451187133789 -35.94914627075195 -3.337860107421875e-06
  endloop
endfacet
facet normal 0.0 0.0 0.0
  outer loop
    vertex 40.96451187133789 -35.94914627075195 -3.337860107421875e-06
    vertex 41.141929626464844 -35.73874282836914 2.9999959468841553
    vertex 41.141929626464844 -35.73874282836914 -3.337860107421875e-06
  endloop
endfacet
facet normal 0.0 0.0 0.0
  outer loop
    vertex 41.141929626464844 -35.73874282836914 -3.337860107421875e-06
    vertex 41.141929626464844 -35.73874282836914 2.9999959468841553
    vertex 41.27816390991211 -35.491363525390625 2.9999959468841553
  endloop
endfacet
facet normal 0.0 0.0 0.0
  outer loop
    vertex 41.141929626464844 -35.73874282836914 -3.337860107421875e-06
    vertex 41.27816390991211 -35.491363525390625 2.9999959468841553
    vertex 41.27816390991211 -35.491363525390625 -3.337860107421875e-06
  endloop
endfacet
facet normal 0.0 0.0 0.0
  outer loop
    vertex 41.27816390991211 -35.491363525390625 2.9999959468841553
    vertex 41.36149215698242 -35.22060012817383 2.9999959468841553
    vertex 41.27816390991211 -35.491363525390625 -3.337860107421875e-06
  endloop
endfacet
facet normal 0.0 0.0 0.0
  outer loop
    vertex 41.27816390991211 -35.491363525390625 -3.337860107421875e-06
    vertex 41.36149215698242 -35.22060012817383 2.9999959468841553
    vertex 41.36149215698242 -35.22060012817383 -3.337860107421875e-06
  endloop
endfacet
facet normal 0.0 0.0 0.0
  outer loop
    vertex 41.36149215698242 -35.22060012817383 -3.337860107421875e-06
    vertex 41.36149215698242 -35.22060012817383 2.9999959468841553
    vertex 41.38932418823242 -34.94465637207031 2.9999959468841553
  endloop
endfacet
facet normal 0.0 0.0 0.0
  outer loop
    vertex 41.36149215698242 -35.22060012817383 -3.337860107421875e-06
    vertex 41.38932418823242 -34.94465637207031 2.9999959468841553
    vertex 41.38932418823242 -34.94465637207031 -3.337860107421875e-06
  endloop
endfacet
facet normal 0.0 0.0 0.0
  outer loop
    vertex 41.38932418823242 -34.94465637207031 2.9999959468841553
    vertex 41.36341094970703 -34.67856216430664 2.9999959468841553
    vertex 41.38932418823242 -34.94465637207031 -3.337860107421875e-06
  endloop
endfacet
facet normal 0.0 0.0 0.0
  outer loop
    vertex 41.38932418823242 -34.94465637207031 -3.337860107421875e-06
    vertex 41.36341094970703 -34.67856216430664 2.9999959468841553
    vertex 41.36341094970703 -34.67856216430664 -3.337860107421875e-06
  endloop
endfacet
facet normal 0.0 0.0 0.0
  outer loop
    vertex 41.36341094970703 -34.67856216430664 -3.337860107421875e-06
    vertex 41.36341094970703 -34.67856216430664 2.9999959468841553
    vertex 41.28399658203125 -34.41190719604492 2.9999959468841553
  endloop
endfacet
facet normal 0.0 0.0 0.0
  outer loop
    vertex 41.36341094970703 -34.67856216430664 -3.337860107421875e-06
    vertex 41.28399658203125 -34.41190719604492 2.9999959468841553
    vertex 41.28399658203125 -34.41190719604492 -3.337860107421875e-06
  endloop
endfacet
facet normal 0.0 0.0 0.0
  outer loop
    vertex 41.28399658203125 -34.41190719604492 2.9999959468841553
    vertex 41.15129470825195 -34.16447448730469 2.9999959468841553
    vertex 41.28399658203125 -34.41190719604492 -3.337860107421875e-06
  endloop
endfacet
facet normal 0.0 0.0 0.0
  outer loop
    vertex 41.28399658203125 -34.41190719604492 -3.337860107421875e-06
    vertex 41.15129470825195 -34.16447448730469 2.9999959468841553
    vertex 41.15129470825195 -34.16447448730469 -3.337860107421875e-06
  endloop
endfacet
facet normal 0.0 0.0 0.0
  outer loop
    vertex 41.15129470825195 -34.16447448730469 -3.337860107421875e-06
    vertex 41.15129470825195 -34.16447448730469 2.9999959468841553
    vertex 40.97684097290039 -33.95227813720703 2.9999959468841553
  endloop
endfacet
facet normal 0.0 0.0 0.0
  outer loop
    vertex 41.15129470825195 -34.16447448730469 -3.337860107421875e-06
    vertex 40.97684097290039 -33.95227813720703 2.9999959468841553
    vertex 40.97684097290039 -33.95227813720703 -3.337860107421875e-06
  endloop
endfacet
facet normal 0.0 0.0 0.0
  outer loop
    vertex 40.97684097290039 -33.95227813720703 2.9999959468841553
    vertex 40.878082275390625 -33.86322021484375 2.9999959468841553
    vertex 40.97684097290039 -33.95227813720703 -3.337860107421875e-06
  endloop
endfacet
facet normal 0.0 0.0 0.0
  outer loop
    vertex 40.97684097290039 -33.95227813720703 -3.337860107421875e-06
    vertex 40.878082275390625 -33.86322021484375 2.9999959468841553
    vertex 40.878082275390625 -33.86322021484375 -3.337860107421875e-06
  endloop
endfacet
facet normal 0.0 0.0 0.0
  outer loop
    vertex 40.878082275390625 -33.86322021484375 -3.337860107421875e-06
    vertex 40.878082275390625 -33.86322021484375 2.9999959468841553
    vertex 40.768577575683594 -33.78203201293945 2.9999959468841553
  endloop
endfacet
facet normal 0.0 0.0 0.0
  outer loop
    vertex 40.878082275390625 -33.86322021484375 -3.337860107421875e-06
    vertex 40.768577575683594 -33.78203201293945 2.9999959468841553
    vertex 40.768577575683594 -33.78203201293945 -3.337860107421875e-06
  endloop
endfacet
facet normal 0.0 0.0 0.0
  outer loop
    vertex 40.768577575683594 -33.78203201293945 -3.337860107421875e-06
    vertex 40.768577575683594 -33.78203201293945 2.9999959468841553
    vertex 40.65001678466797 -33.710601806640625 2.9999959468841553
  endloop
endfacet
facet normal 0.0 0.0 0.0
  outer loop
    vertex 40.768577575683594 -33.78203201293945 -3.337860107421875e-06
    vertex 40.65001678466797 -33.710601806640625 2.9999959468841553
    vertex 40.65001678466797 -33.710601806640625 -3.337860107421875e-06
  endloop
endfacet
facet normal 0.0 0.0 0.0
  outer loop
    vertex 40.65001678466797 -33.710601806640625 -3.337860107421875e-06
    vertex 40.65001678466797 -33.710601806640625 2.9999959468841553
    vertex 40.52408981323242 -33.650814056396484 2.9999959468841553
  endloop
endfacet
facet normal 0.0 0.0 0.0
  outer loop
    vertex 40.65001678466797 -33.710601806640625 -3.337860107421875e-06
    vertex 40.52408981323242 -33.650814056396484 2.9999959468841553
    vertex 40.52408981323242 -33.650814056396484 -3.337860107421875e-06
  endloop
endfacet
facet normal 0.0 0.0 0.0
  outer loop
    vertex 40.52408981323242 -33.650814056396484 2.9999959468841553
    vertex 40.257999420166016 -33.57106399536133 2.9999959468841553
    vertex 40.52408981323242 -33.650814056396484 -3.337860107421875e-06
  endloop
endfacet
facet normal 0.0 0.0 0.0
  outer loop
    vertex 40.52408981323242 -33.650814056396484 -3.337860107421875e-06
    vertex 40.257999420166016 -33.57106399536133 2.9999959468841553
    vertex 40.257999420166016 -33.57106399536133 -3.337860107421875e-06
  endloop
endfacet
facet normal 0.0 0.0 0.0
  outer loop
    vertex 40.257999420166016 -33.57106399536133 -3.337860107421875e-06
    vertex 40.257999420166016 -33.57106399536133 2.9999959468841553
    vertex 39.989322662353516 -33.544654846191406 2.9999959468841553
  endloop
endfacet
facet normal 0.0 0.0 0.0
  outer loop
    vertex 40.257999420166016 -33.57106399536133 -3.337860107421875e-06
    vertex 39.989322662353516 -33.544654846191406 2.9999959468841553
    vertex 39.989322662353516 -33.544654846191406 -3.337860107421875e-06
  endloop
endfacet
facet normal 0.0 0.0 0.0
  outer loop
    vertex 39.989322662353516 -33.544654846191406 2.9999959468841553
    vertex 39.720645904541016 -33.57106399536133 2.9999961853027344
    vertex 39.989322662353516 -33.544654846191406 -3.337860107421875e-06
  endloop
endfacet
facet normal 0.0 0.0 0.0
  outer loop
    vertex 39.989322662353516 -33.544654846191406 -3.337860107421875e-06
    vertex 39.720645904541016 -33.57106399536133 2.9999961853027344
    vertex 39.720645904541016 -33.57106399536133 -3.0994415283203125e-06
  endloop
endfacet
facet normal 0.0 0.0 0.0
  outer loop
    vertex 39.720645904541016 -33.57106399536133 -3.0994415283203125e-06
    vertex 39.720645904541016 -33.57106399536133 2.9999961853027344
    vertex 39.45455551147461 -33.650814056396484 2.9999961853027344
  endloop
endfacet
facet normal 0.0 0.0 0.0
  outer loop
    vertex 39.720645904541016 -33.57106399536133 -3.0994415283203125e-06
    vertex 39.45455551147461 -33.650814056396484 2.9999961853027344
    vertex 39.45455551147461 -33.650814056396484 -3.0994415283203125e-06
  endloop
endfacet
facet normal 0.0 0.0 0.0
  outer loop
    vertex 39.45455551147461 -33.650814056396484 2.9999961853027344
    vertex 39.21006774902344 -33.78203201293945 2.9999961853027344
    vertex 39.45455551147461 -33.650814056396484 -3.0994415283203125e-06
  endloop
endfacet
facet normal 0.0 0.0 0.0
  outer loop
    vertex 39.45455551147461 -33.650814056396484 -3.0994415283203125e-06
    vertex 39.21006774902344 -33.78203201293945 2.9999961853027344
    vertex 39.21006774902344 -33.78203201293945 -3.0994415283203125e-06
  endloop
endfacet
facet normal 0.0 0.0 0.0
  outer loop
    vertex 39.21006774902344 -33.78203201293945 -3.0994415283203125e-06
    vertex 39.21006774902344 -33.78203201293945 2.9999961853027344
    vertex 39.00180435180664 -33.95227813720703 2.9999961853027344
  endloop
endfacet
facet normal 0.0 0.0 0.0
  outer loop
    vertex 39.21006774902344 -33.78203201293945 -3.0994415283203125e-06
    vertex 39.00180435180664 -33.95227813720703 2.9999961853027344
    vertex 39.00180435180664 -33.95227813720703 -3.0994415283203125e-06
  endloop
endfacet
facet normal 0.0 0.0 0.0
  outer loop
    vertex 39.00180435180664 -33.95227813720703 2.9999961853027344
    vertex 38.82735061645508 -34.16447830200195 2.9999961853027344
    vertex 39.00180435180664 -33.95227813720703 -3.0994415283203125e-06
  endloop
endfacet
facet normal 0.0 0.0 0.0
  outer loop
    vertex 39.00180435180664 -33.95227813720703 -3.0994415283203125e-06
    vertex 38.82735061645508 -34.16447830200195 2.9999961853027344
    vertex 38.82735061645508 -34.16447830200195 -3.0994415283203125e-06
  endloop
endfacet
facet normal 0.0 0.0 0.0
  outer loop
    vertex 38.82735061645508 -34.16447830200195 -3.0994415283203125e-06
    vertex 38.82735061645508 -34.16447830200195 2.9999961853027344
    vertex 38.69464874267578 -34.41191101074219 2.9999961853027344
  endloop
endfacet
facet normal 0.0 0.0 0.0
  outer loop
    vertex 38.82735061645508 -34.16447830200195 -3.0994415283203125e-06
    vertex 38.69464874267578 -34.41191101074219 2.9999961853027344
    vertex 38.69464874267578 -34.41191101074219 -3.0994415283203125e-06
  endloop
endfacet
facet normal 0.0 0.0 0.0
  outer loop
    vertex 38.69464874267578 -34.41191101074219 2.9999961853027344
    vertex 38.615234375 -34.678565979003906 2.9999961853027344
    vertex 38.69464874267578 -34.41191101074219 -3.0994415283203125e-06
  endloop
endfacet
facet normal 0.0 0.0 0.0
  outer loop
    vertex 38.69464874267578 -34.41191101074219 -3.0994415283203125e-06
    vertex 38.615234375 -34.678565979003906 2.9999961853027344
    vertex 38.615234375 -34.678565979003906 -3.0994415283203125e-06
  endloop
endfacet
facet normal 0.0 0.0 0.0
  outer loop
    vertex 38.615234375 -34.678565979003906 -3.0994415283203125e-06
    vertex 38.615234375 -34.678565979003906 2.9999961853027344
    vertex 38.58932113647461 -34.94466018676758 2.9999961853027344
  endloop
endfacet
facet normal 0.0 0.0 0.0
  outer loop
    vertex 38.615234375 -34.678565979003906 -3.0994415283203125e-06
    vertex 38.58932113647461 -34.94466018676758 2.9999961853027344
    vertex 38.58932113647461 -34.94466018676758 -3.0994415283203125e-06
  endloop
endfacet
facet normal 0.0 0.0 0.0
  outer loop
    vertex 38.58932113647461 -34.94466018676758 2.9999961853027344
    vertex 38.59628677368164 -35.082069396972656 2.9999961853027344
    vertex 38.58932113647461 -34.94466018676758 -3.0994415283203125e-06
  endloop
endfacet
facet normal 0.0 0.0 0.0
  outer loop
    vertex 38.58932113647461 -34.94466018676758 -3.0994415283203125e-06
    vertex 38.59628677368164 -35.082069396972656 2.9999961853027344
    vertex 38.59628677368164 -35.082069396972656 -3.0994415283203125e-06
  endloop
endfacet
facet normal 0.0 0.0 0.0
  outer loop
    vertex 38.59628677368164 -35.082069396972656 -3.0994415283203125e-06
    vertex 38.59628677368164 -35.082069396972656 2.9999961853027344
    vertex 38.61715316772461 -35.22061538696289 2.9999961853027344
  endloop
endfacet
facet normal 0.0 0.0 0.0
  outer loop
    vertex 38.59628677368164 -35.082069396972656 -3.0994415283203125e-06
    vertex 38.61715316772461 -35.22061538696289 2.9999961853027344
    vertex 38.61715316772461 -35.22061538696289 -3.0994415283203125e-06
  endloop
endfacet
facet normal 0.0 0.0 0.0
  outer loop
    vertex 38.61715316772461 -35.22061538696289 -3.0994415283203125e-06
    vertex 38.61715316772461 -35.22061538696289 2.9999961853027344
    vertex 38.65190124511719 -35.35786819458008 2.9999961853027344
  endloop
endfacet
facet normal 0.0 0.0 0.0
  outer loop
    vertex 38.61715316772461 -35.22061538696289 -3.0994415283203125e-06
    vertex 38.65190124511719 -35.35786819458008 2.9999961853027344
    vertex 38.65190124511719 -35.35786819458008 -3.0994415283203125e-06
  endloop
endfacet
facet normal 0.0 0.0 0.0
  outer loop
    vertex 38.65190124511719 -35.35786819458008 -3.0994415283203125e-06
    vertex 38.65190124511719 -35.35786819458008 2.9999961853027344
    vertex 38.70049285888672 -35.49138641357422 2.9999961853027344
  endloop
endfacet
facet normal 0.0 0.0 0.0
  outer loop
    vertex 38.65190124511719 -35.35786819458008 -3.0994415283203125e-06
    vertex 38.70049285888672 -35.49138641357422 2.9999961853027344
    vertex 38.70049285888672 -35.49138641357422 -3.0994415283203125e-06
  endloop
endfacet
facet normal 0.0 0.0 0.0
  outer loop
    vertex 38.70049285888672 -35.49138641357422 2.9999961853027344
    vertex 38.83672332763672 -35.7387580871582 2.9999961853027344
    vertex 38.70049285888672 -35.49138641357422 -3.0994415283203125e-06
  endloop
endfacet
facet normal 0.0 0.0 0.0
  outer loop
    vertex 38.70049285888672 -35.49138641357422 -3.0994415283203125e-06
    vertex 38.83672332763672 -35.7387580871582 2.9999961853027344
    vertex 38.83672332763672 -35.7387580871582 -3.0994415283203125e-06
  endloop
endfacet
facet normal 0.0 0.0 0.0
  outer loop
    vertex 38.83672332763672 -35.7387580871582 -3.0994415283203125e-06
    vertex 38.83672332763672 -35.7387580871582 2.9999961853027344
    vertex 39.01413345336914 -35.94914627075195 2.9999961853027344
  endloop
endfacet
facet normal 0.0 0.0 0.0
  outer loop
    vertex 38.83672332763672 -35.7387580871582 -3.0994415283203125e-06
    vertex 39.01413345336914 -35.94914627075195 2.9999961853027344
    vertex 39.01413345336914 -35.94914627075195 -3.0994415283203125e-06
  endloop
endfacet
facet normal 0.0 0.0 0.0
  outer loop
    vertex 39.01413345336914 -35.94914627075195 -3.0994415283203125e-06
    vertex 39.01413345336914 -35.94914627075195 2.9999961853027344
    vertex 39.14900207519531 -36.06441116333008 -3.0994415283203125e-06
  endloop
endfacet
facet normal 0.0 0.0 0.0
  outer loop
    vertex 39.14900207519531 -36.06441116333008 -3.0994415283203125e-06
    vertex 39.01413345336914 -35.94914627075195 2.9999961853027344
    vertex 39.14900207519531 -36.06441116333008 2.9999961853027344
  endloop
endfacet
facet normal 0.0 0.0 0.0
  outer loop
    vertex 39.14900207519531 -36.06441116333008 -3.0994415283203125e-06
    vertex 39.14900207519531 -36.06441116333008 2.9999961853027344
    vertex 39.29736328125 -36.16169738769531 2.9999961853027344
  endloop
endfacet
facet normal 0.0 0.0 0.0
  outer loop
    vertex 39.45683670043945 -36.239437103271484 2.9999961853027344
    vertex 39.45683670043945 -36.239437103271484 -3.0994415283203125e-06
    vertex 39.29736328125 -36.16169738769531 2.9999961853027344
  endloop
endfacet
facet normal 0.0 0.0 0.0
  outer loop
    vertex 39.29736328125 -36.16169738769531 2.9999961853027344
    vertex 39.45683670043945 -36.239437103271484 -3.0994415283203125e-06
    vertex 39.29736328125 -36.16169738769531 -3.0994415283203125e-06
  endloop
endfacet
facet normal 0.0 0.0 0.0
  outer loop
    vertex 39.29736328125 -36.16169738769531 2.9999961853027344
    vertex 39.29736328125 -36.16169738769531 -3.0994415283203125e-06
    vertex 39.14900207519531 -36.06441116333008 -3.0994415283203125e-06
  endloop
endfacet
facet normal 0.0 0.0 0.0
  outer loop
    vertex -12.588739395141602 -23.08257293701172 4.0531158447265625e-06
    vertex -12.588739395141602 -23.08257293701172 3.0000033378601074
    vertex -12.944615364074707 -23.035720825195312 4.291534423828125e-06
  endloop
endfacet
facet normal 0.0 0.0 0.0
  outer loop
    vertex -12.944615364074707 -23.035720825195312 4.291534423828125e-06
    vertex -12.588739395141602 -23.08257293701172 3.0000033378601074
    vertex -12.944615364074707 -23.035720825195312 3.0000035762786865
  endloop
endfacet
facet normal 0.0 0.0 0.0
  outer loop
    vertex -12.944615364074707 -23.035720825195312 4.291534423828125e-06
    vertex -12.944615364074707 -23.035720825195312 3.0000035762786865
    vertex -13.300491333007812 -23.08257293701172 4.291534423828125e-06
  endloop
endfacet
facet normal 0.0 0.0 0.0
  outer loop
    vertex -13.300491333007812 -23.08257293701172 4.291534423828125e-06
    vertex -12.944615364074707 -23.035720825195312 3.0000035762786865
    vertex -13.300491333007812 -23.08257293701172 3.0000035762786865
  endloop
endfacet
facet normal 0.0 0.0 0.0
  outer loop
    vertex -13.300491333007812 -23.08257293701172 4.291534423828125e-06
    vertex -13.300491333007812 -23.08257293701172 3.0000035762786865
    vertex -13.632115364074707 -23.21993637084961 4.291534423828125e-06
  endloop
endfacet
facet normal 0.0 0.0 0.0
  outer loop
    vertex -13.632115364074707 -23.21993637084961 4.291534423828125e-06
    vertex -13.300491333007812 -23.08257293701172 3.0000035762786865
    vertex -13.632115364074707 -23.21993637084961 3.0000035762786865
  endloop
endfacet
facet normal 0.0 0.0 0.0
  outer loop
    vertex -13.632115364074707 -23.21993637084961 4.291534423828125e-06
    vertex -13.632115364074707 -23.21993637084961 3.0000035762786865
    vertex -13.916887283325195 -23.438447952270508 4.291534423828125e-06
  endloop
endfacet
facet normal 0.0 0.0 0.0
  outer loop
    vertex -13.916887283325195 -23.438447952270508 4.291534423828125e-06
    vertex -13.632115364074707 -23.21993637084961 3.0000035762786865
    vertex -13.916887283325195 -23.438447952270508 3.0000035762786865
  endloop
endfacet
facet normal 0.0 0.0 0.0
  outer loop
    vertex -13.916887283325195 -23.438447952270508 4.291534423828125e-06
    vertex -13.916887283325195 -23.438447952270508 3.0000035762786865
    vertex -14.135400772094727 -23.723220825195312 4.291534423828125e-06
  endloop
endfacet
facet normal 0.0 0.0 0.0
  outer loop
    vertex -14.135400772094727 -23.723220825195312 4.291534423828125e-06
    vertex -13.916887283325195 -23.438447952270508 3.0000035762786865
    vertex -14.135400772094727 -23.723220825195312 3.0000035762786865
  endloop
endfacet
facet normal 0.0 0.0 0.0
  outer loop
    vertex -14.135400772094727 -23.723220825195312 4.291534423828125e-06
    vertex -14.135400772094727 -23.723220825195312 3.0000035762786865
    vertex -14.2727632522583 -24.054841995239258 4.291534423828125e-06
  endloop
endfacet
facet normal 0.0 0.0 0.0
  outer loop
    vertex -14.2727632522583 -24.054841995239258 4.291534423828125e-06
    vertex -14.135400772094727 -23.723220825195312 3.0000035762786865
    vertex -14.2727632522583 -24.054841995239258 3.0000035762786865
  endloop
endfacet
facet normal 0.0 0.0 0.0
  outer loop
    vertex -14.2727632522583 -24.054841995239258 4.291534423828125e-06
    vertex -14.2727632522583 -24.054841995239258 3.0000035762786865
    vertex -14.319615364074707 -24.41071891784668 4.291534423828125e-06
  endloop
endfacet
facet normal 0.0 0.0 0.0
  outer loop
    vertex -14.319615364074707 -24.41071891784668 4.291534423828125e-06
    vertex -14.2727632522583 -24.054841995239258 3.0000035762786865
    vertex -14.319615364074707 -24.41071891784668 3.0000035762786865
  endloop
endfacet
facet normal 0.0 0.0 0.0
  outer loop
    vertex -14.319615364074707 -24.41071891784668 4.291534423828125e-06
    vertex -14.319615364074707 -24.41071891784668 3.0000035762786865
    vertex -14.2727632522583 -24.7665958404541 4.291534423828125e-06
  endloop
endfacet
facet normal 0.0 0.0 0.0
  outer loop
    vertex -14.2727632522583 -24.7665958404541 4.291534423828125e-06
    vertex -14.319615364074707 -24.41071891784668 3.0000035762786865
    vertex -14.2727632522583 -24.7665958404541 3.0000035762786865
  endloop
endfacet
facet normal 0.0 0.0 0.0
  outer loop
    vertex -14.2727632522583 -24.7665958404541 4.291534423828125e-06
    vertex -14.2727632522583 -24.7665958404541 3.0000035762786865
    vertex -14.135400772094727 -25.09821891784668 4.291534423828125e-06
  endloop
endfacet
facet normal 0.0 0.0 0.0
  outer loop
    vertex -14.135400772094727 -25.09821891784668 4.291534423828125e-06
    vertex -14.2727632522583 -24.7665958404541 3.0000035762786865
    vertex -14.135400772094727 -25.09821891784668 3.0000035762786865
  endloop
endfacet
facet normal 0.0 0.0 0.0
  outer loop
    vertex -14.135400772094727 -25.09821891784668 4.291534423828125e-06
    vertex -14.135400772094727 -25.09821891784668 3.0000035762786865
    vertex -13.916887283325195 -25.38298988342285 4.291534423828125e-06
  endloop
endfacet
facet normal 0.0 0.0 0.0
  outer loop
    vertex -13.916887283325195 -25.38298988342285 4.291534423828125e-06
    vertex -14.135400772094727 -25.09821891784668 3.0000035762786865
    vertex -13.916887283325195 -25.38298988342285 3.0000035762786865
  endloop
endfacet
facet normal 0.0 0.0 0.0
  outer loop
    vertex -13.916887283325195 -25.38298988342285 4.291534423828125e-06
    vertex -13.916887283325195 -25.38298988342285 3.0000035762786865
    vertex -13.632115364074707 -25.601503372192383 4.291534423828125e-06
  endloop
endfacet
facet normal 0.0 0.0 0.0
  outer loop
    vertex -13.632115364074707 -25.601503372192383 4.291534423828125e-06
    vertex -13.916887283325195 -25.38298988342285 3.0000035762786865
    vertex -13.632115364074707 -25.601503372192383 3.0000035762786865
  endloop
endfacet
facet normal 0.0 0.0 0.0
  outer loop
    vertex -13.632115364074707 -25.601503372192383 4.291534423828125e-06
    vertex -13.632115364074707 -25.601503372192383 3.0000035762786865
    vertex -13.300491333007812 -25.738866806030273 4.291534423828125e-06
  endloop
endfacet
facet normal 0.0 0.0 0.0
  outer loop
    vertex -13.300491333007812 -25.738866806030273 4.291534423828125e-06
    vertex -13.632115364074707 -25.601503372192383 3.0000035762786865
    vertex -13.300491333007812 -25.738866806030273 3.0000035762786865
  endloop
endfacet
facet normal 0.0 0.0 0.0
  outer loop
    vertex -13.300491333007812 -25.738866806030273 4.291534423828125e-06
    vertex -13.300491333007812 -25.738866806030273 3.0000035762786865
    vertex -12.944615364074707 -25.78571891784668 4.291534423828125e-06
  endloop
endfacet
facet normal 0.0 0.0 0.0
  outer loop
    vertex -12.944615364074707 -25.78571891784668 4.291534423828125e-06
    vertex -13.300491333007812 -25.738866806030273 3.0000035762786865
    vertex -12.944615364074707 -25.78571891784668 3.0000035762786865
  endloop
endfacet
facet normal 0.0 0.0 0.0
  outer loop
    vertex -12.944615364074707 -25.78571891784668 4.291534423828125e-06
    vertex -12.944615364074707 -25.78571891784668 3.0000035762786865
    vertex -12.588739395141602 -25.738866806030273 4.0531158447265625e-06
  endloop
endfacet
facet normal 0.0 0.0 0.0
  outer loop
    vertex -12.588739395141602 -25.738866806030273 4.0531158447265625e-06
    vertex -12.944615364074707 -25.78571891784668 3.0000035762786865
    vertex -12.588739395141602 -25.738866806030273 3.0000033378601074
  endloop
endfacet
facet normal 0.0 0.0 0.0
  outer loop
    vertex -12.588739395141602 -25.738866806030273 4.0531158447265625e-06
    vertex -12.588739395141602 -25.738866806030273 3.0000033378601074
    vertex -12.257115364074707 -25.601503372192383 4.0531158447265625e-06
  endloop
endfacet
facet normal 0.0 0.0 0.0
  outer loop
    vertex -12.257115364074707 -25.601503372192383 4.0531158447265625e-06
    vertex -12.588739395141602 -25.738866806030273 3.0000033378601074
    vertex -12.257115364074707 -25.601503372192383 3.0000033378601074
  endloop
endfacet
facet normal 0.0 0.0 0.0
  outer loop
    vertex -12.257115364074707 -25.601503372192383 4.0531158447265625e-06
    vertex -12.257115364074707 -25.601503372192383 3.0000033378601074
    vertex -11.972344398498535 -25.38298988342285 4.0531158447265625e-06
  endloop
endfacet
facet normal 0.0 0.0 0.0
  outer loop
    vertex -11.972344398498535 -25.38298988342285 4.0531158447265625e-06
    vertex -12.257115364074707 -25.601503372192383 3.0000033378601074
    vertex -11.972344398498535 -25.38298988342285 3.0000033378601074
  endloop
endfacet
facet normal 0.0 0.0 0.0
  outer loop
    vertex -11.972344398498535 -25.38298988342285 4.0531158447265625e-06
    vertex -11.972344398498535 -25.38298988342285 3.0000033378601074
    vertex -11.75383186340332 -25.09821891784668 4.0531158447265625e-06
  endloop
endfacet
facet normal 0.0 0.0 0.0
  outer loop
    vertex -11.75383186340332 -25.09821891784668 4.0531158447265625e-06
    vertex -11.972344398498535 -25.38298988342285 3.0000033378601074
    vertex -11.75383186340332 -25.09821891784668 3.0000033378601074
  endloop
endfacet
facet normal 0.0 0.0 0.0
  outer loop
    vertex -11.75383186340332 -25.09821891784668 4.0531158447265625e-06
    vertex -11.75383186340332 -25.09821891784668 3.0000033378601074
    vertex -11.61646842956543 -24.76659393310547 4.0531158447265625e-06
  endloop
endfacet
facet normal 0.0 0.0 0.0
  outer loop
    vertex -11.61646842956543 -24.76659393310547 4.0531158447265625e-06
    vertex -11.75383186340332 -25.09821891784668 3.0000033378601074
    vertex -11.61646842956543 -24.76659393310547 3.0000033378601074
  endloop
endfacet
facet normal 0.0 0.0 0.0
  outer loop
    vertex -11.61646842956543 -24.76659393310547 4.0531158447265625e-06
    vertex -11.61646842956543 -24.76659393310547 3.0000033378601074
    vertex -11.569616317749023 -24.410717010498047 4.0531158447265625e-06
  endloop
endfacet
facet normal 0.0 0.0 0.0
  outer loop
    vertex -11.569616317749023 -24.410717010498047 4.0531158447265625e-06
    vertex -11.61646842956543 -24.76659393310547 3.0000033378601074
    vertex -11.569616317749023 -24.410717010498047 3.0000033378601074
  endloop
endfacet
facet normal 0.0 0.0 0.0
  outer loop
    vertex -11.569616317749023 -24.410717010498047 4.0531158447265625e-06
    vertex -11.569616317749023 -24.410717010498047 3.0000033378601074
    vertex -11.61646842956543 -24.054840087890625 4.0531158447265625e-06
  endloop
endfacet
facet normal 0.0 0.0 0.0
  outer loop
    vertex -11.61646842956543 -24.054840087890625 4.0531158447265625e-06
    vertex -11.569616317749023 -24.410717010498047 3.0000033378601074
    vertex -11.61646842956543 -24.054840087890625 3.0000033378601074
  endloop
endfacet
facet normal 0.0 0.0 0.0
  outer loop
    vertex -11.61646842956543 -24.054840087890625 4.0531158447265625e-06
    vertex -11.61646842956543 -24.054840087890625 3.0000033378601074
    vertex -11.75383186340332 -23.723220825195312 4.0531158447265625e-06
  endloop
endfacet
facet normal 0.0 0.0 0.0
  outer loop
    vertex -11.75383186340332 -23.723220825195312 4.0531158447265625e-06
    vertex -11.61646842956543 -24.054840087890625 3.0000033378601074
    vertex -11.75383186340332 -23.723220825195312 3.0000033378601074
  endloop
endfacet
facet normal 0.0 0.0 0.0
  outer loop
    vertex -11.75383186340332 -23.723220825195312 4.0531158447265625e-06
    vertex -11.75383186340332 -23.723220825195312 3.0000033378601074
    vertex -11.972344398498535 -23.438447952270508 4.0531158447265625e-06
  endloop
endfacet
facet normal 0.0 0.0 0.0
  outer loop
    vertex -11.972344398498535 -23.438447952270508 4.0531158447265625e-06
    vertex -11.75383186340332 -23.723220825195312 3.0000033378601074
    vertex -11.972344398498535 -23.438447952270508 3.0000033378601074
  endloop
endfacet
facet normal 0.0 0.0 0.0
  outer loop
    vertex -11.972344398498535 -23.438447952270508 4.0531158447265625e-06
    vertex -11.972344398498535 -23.438447952270508 3.0000033378601074
    vertex -12.257115364074707 -23.21993637084961 4.0531158447265625e-06
  endloop
endfacet
facet normal 0.0 0.0 0.0
  outer loop
    vertex -12.257115364074707 -23.21993637084961 4.0531158447265625e-06
    vertex -11.972344398498535 -23.438447952270508 3.0000033378601074
    vertex -12.257115364074707 -23.21993637084961 3.0000033378601074
  endloop
endfacet
facet normal 0.0 0.0 0.0
  outer loop
    vertex -12.257115364074707 -23.21993637084961 4.0531158447265625e-06
    vertex -12.257115364074707 -23.21993637084961 3.0000033378601074
    vertex -12.588739395141602 -23.08257293701172 4.0531158447265625e-06
  endloop
endfacet
facet normal 0.0 0.0 0.0
  outer loop
    vertex -12.588739395141602 -23.08257293701172 4.0531158447265625e-06
    vertex -12.257115364074707 -23.21993637084961 3.0000033378601074
    vertex -12.588739395141602 -23.08257293701172 3.0000033378601074
  endloop
endfacet
facet normal 0.0 0.0 0.0
  outer loop
    vertex 45.411231994628906 25.917436599731445 -4.0531158447265625e-06
    vertex 45.411231994628906 25.917436599731445 2.999995231628418
    vertex 45.05535888671875 25.96428871154785 -3.814697265625e-06
  endloop
endfacet
facet normal 0.0 0.0 0.0
  outer loop
    vertex 45.05535888671875 25.96428871154785 -3.814697265625e-06
    vertex 45.411231994628906 25.917436599731445 2.999995231628418
    vertex 45.05535888671875 25.96428871154785 2.999995470046997
  endloop
endfacet
facet normal 0.0 0.0 0.0
  outer loop
    vertex 45.05535888671875 25.96428871154785 -3.814697265625e-06
    vertex 45.05535888671875 25.96428871154785 2.999995470046997
    vertex 44.69948196411133 25.917436599731445 -3.814697265625e-06
  endloop
endfacet
facet normal 0.0 0.0 0.0
  outer loop
    vertex 44.69948196411133 25.917436599731445 -3.814697265625e-06
    vertex 45.05535888671875 25.96428871154785 2.999995470046997
    vertex 44.69948196411133 25.917436599731445 2.999995470046997
  endloop
endfacet
facet normal 0.0 0.0 0.0
  outer loop
    vertex 44.69948196411133 25.917436599731445 -3.814697265625e-06
    vertex 44.69948196411133 25.917436599731445 2.999995470046997
    vertex 44.36785888671875 25.780073165893555 -3.814697265625e-06
  endloop
endfacet
facet normal 0.0 0.0 0.0
  outer loop
    vertex 44.36785888671875 25.780073165893555 -3.814697265625e-06
    vertex 44.69948196411133 25.917436599731445 2.999995470046997
    vertex 44.36785888671875 25.780073165893555 2.999995470046997
  endloop
endfacet
facet normal 0.0 0.0 0.0
  outer loop
    vertex 44.36785888671875 25.780073165893555 -3.814697265625e-06
    vertex 44.36785888671875 25.780073165893555 2.999995470046997
    vertex 44.08308410644531 25.561561584472656 -3.814697265625e-06
  endloop
endfacet
facet normal 0.0 0.0 0.0
  outer loop
    vertex 44.08308410644531 25.561561584472656 -3.814697265625e-06
    vertex 44.36785888671875 25.780073165893555 2.999995470046997
    vertex 44.08308410644531 25.561561584472656 2.999995470046997
  endloop
endfacet
facet normal 0.0 0.0 0.0
  outer loop
    vertex 44.08308410644531 25.561561584472656 -3.814697265625e-06
    vertex 44.08308410644531 25.561561584472656 2.999995470046997
    vertex 43.86457443237305 25.27678871154785 -3.814697265625e-06
  endloop
endfacet
facet normal 0.0 0.0 0.0
  outer loop
    vertex 43.86457443237305 25.27678871154785 -3.814697265625e-06
    vertex 44.08308410644531 25.561561584472656 2.999995470046997
    vertex 43.86457443237305 25.27678871154785 2.999995470046997
  endloop
endfacet
facet normal 0.0 0.0 0.0
  outer loop
    vertex 43.86457443237305 25.27678871154785 -3.814697265625e-06
    vertex 43.86457443237305 25.27678871154785 2.999995470046997
    vertex 43.727210998535156 24.945165634155273 -3.814697265625e-06
  endloop
endfacet
facet normal 0.0 0.0 0.0
  outer loop
    vertex 43.727210998535156 24.945165634155273 -3.814697265625e-06
    vertex 43.86457443237305 25.27678871154785 2.999995470046997
    vertex 43.727210998535156 24.945165634155273 2.999995470046997
  endloop
endfacet
facet normal 0.0 0.0 0.0
  outer loop
    vertex 43.727210998535156 24.945165634155273 -3.814697265625e-06
    vertex 43.727210998535156 24.945165634155273 2.999995470046997
    vertex 43.68035888671875 24.58928871154785 -3.814697265625e-06
  endloop
endfacet
facet normal 0.0 0.0 0.0
  outer loop
    vertex 43.68035888671875 24.58928871154785 -3.814697265625e-06
    vertex 43.727210998535156 24.945165634155273 2.999995470046997
    vertex 43.68035888671875 24.58928871154785 2.999995470046997
  endloop
endfacet
facet normal 0.0 0.0 0.0
  outer loop
    vertex 43.68035888671875 24.58928871154785 -3.814697265625e-06
    vertex 43.68035888671875 24.58928871154785 2.999995470046997
    vertex 43.727210998535156 24.23341178894043 -3.814697265625e-06
  endloop
endfacet
facet normal 0.0 0.0 0.0
  outer loop
    vertex 43.727210998535156 24.23341178894043 -3.814697265625e-06
    vertex 43.68035888671875 24.58928871154785 2.999995470046997
    vertex 43.727210998535156 24.23341178894043 2.999995470046997
  endloop
endfacet
facet normal 0.0 0.0 0.0
  outer loop
    vertex 43.727210998535156 24.23341178894043 -3.814697265625e-06
    vertex 43.727210998535156 24.23341178894043 2.999995470046997
    vertex 43.86457443237305 23.901790618896484 -3.814697265625e-06
  endloop
endfacet
facet normal 0.0 0.0 0.0
  outer loop
    vertex 43.86457443237305 23.901790618896484 -3.814697265625e-06
    vertex 43.727210998535156 24.23341178894043 2.999995470046997
    vertex 43.86457443237305 23.901790618896484 2.999995470046997
  endloop
endfacet
facet normal 0.0 0.0 0.0
  outer loop
    vertex 43.86457443237305 23.901790618896484 -3.814697265625e-06
    vertex 43.86457443237305 23.901790618896484 2.999995470046997
    vertex 44.08308410644531 23.617019653320312 -3.814697265625e-06
  endloop
endfacet
facet normal 0.0 0.0 0.0
  outer loop
    vertex 44.08308410644531 23.617019653320312 -3.814697265625e-06
    vertex 43.86457443237305 23.901790618896484 2.999995470046997
    vertex 44.08308410644531 23.617019653320312 2.999995470046997
  endloop
endfacet
facet normal 0.0 0.0 0.0
  outer loop
    vertex 44.08308410644531 23.617019653320312 -3.814697265625e-06
    vertex 44.08308410644531 23.617019653320312 2.999995470046997
    vertex 44.36785888671875 23.39850616455078 -3.814697265625e-06
  endloop
endfacet
facet normal 0.0 0.0 0.0
  outer loop
    vertex 44.36785888671875 23.39850616455078 -3.814697265625e-06
    vertex 44.08308410644531 23.617019653320312 2.999995470046997
    vertex 44.36785888671875 23.39850616455078 2.999995470046997
  endloop
endfacet
facet normal 0.0 0.0 0.0
  outer loop
    vertex 44.36785888671875 23.39850616455078 -3.814697265625e-06
    vertex 44.36785888671875 23.39850616455078 2.999995470046997
    vertex 44.69948196411133 23.26114273071289 -3.814697265625e-06
  endloop
endfacet
facet normal 0.0 0.0 0.0
  outer loop
    vertex 44.69948196411133 23.26114273071289 -3.814697265625e-06
    vertex 44.36785888671875 23.39850616455078 2.999995470046997
    vertex 44.69948196411133 23.26114273071289 2.999995470046997
  endloop
endfacet
facet normal 0.0 0.0 0.0
  outer loop
    vertex 44.69948196411133 23.26114273071289 -3.814697265625e-06
    vertex 44.69948196411133 23.26114273071289 2.999995470046997
    vertex 45.05535888671875 23.214290618896484 -3.814697265625e-06
  endloop
endfacet
facet normal 0.0 0.0 0.0
  outer loop
    vertex 45.05535888671875 23.214290618896484 -3.814697265625e-06
    vertex 44.69948196411133 23.26114273071289 2.999995470046997
    vertex 45.05535888671875 23.214290618896484 2.999995470046997
  endloop
endfacet
facet normal 0.0 0.0 0.0
  outer loop
    vertex 45.05535888671875 23.214290618896484 -3.814697265625e-06
    vertex 45.05535888671875 23.214290618896484 2.999995470046997
    vertex 45.411231994628906 23.26114273071289 -4.0531158447265625e-06
  endloop
endfacet
facet normal 0.0 0.0 0.0
  outer loop
    vertex 45.411231994628906 23.26114273071289 -4.0531158447265625e-06
    vertex 45.05535888671875 23.214290618896484 2.999995470046997
    vertex 45.411231994628906 23.26114273071289 2.999995231628418
  endloop
endfacet
facet normal 0.0 0.0 0.0
  outer loop
    vertex 45.411231994628906 23.26114273071289 -4.0531158447265625e-06
    vertex 45.411231994628906 23.26114273071289 2.999995231628418
    vertex 45.74285888671875 23.39850616455078 -4.0531158447265625e-06
  endloop
endfacet
facet normal 0.0 0.0 0.0
  outer loop
    vertex 45.74285888671875 23.39850616455078 -4.0531158447265625e-06
    vertex 45.411231994628906 23.26114273071289 2.999995231628418
    vertex 45.74285888671875 23.39850616455078 2.999995231628418
  endloop
endfacet
facet normal 0.0 0.0 0.0
  outer loop
    vertex 45.74285888671875 23.39850616455078 -4.0531158447265625e-06
    vertex 45.74285888671875 23.39850616455078 2.999995231628418
    vertex 46.02762985229492 23.617019653320312 -4.0531158447265625e-06
  endloop
endfacet
facet normal 0.0 0.0 0.0
  outer loop
    vertex 46.02762985229492 23.617019653320312 -4.0531158447265625e-06
    vertex 45.74285888671875 23.39850616455078 2.999995231628418
    vertex 46.02762985229492 23.617019653320312 2.999995231628418
  endloop
endfacet
facet normal 0.0 0.0 0.0
  outer loop
    vertex 46.02762985229492 23.617019653320312 -4.0531158447265625e-06
    vertex 46.02762985229492 23.617019653320312 2.999995231628418
    vertex 46.24614334106445 23.901790618896484 -4.0531158447265625e-06
  endloop
endfacet
facet normal 0.0 0.0 0.0
  outer loop
    vertex 46.24614334106445 23.901790618896484 -4.0531158447265625e-06
    vertex 46.02762985229492 23.617019653320312 2.999995231628418
    vertex 46.24614334106445 23.901790618896484 2.999995231628418
  endloop
endfacet
facet normal 0.0 0.0 0.0
  outer loop
    vertex 46.24614334106445 23.901790618896484 -4.0531158447265625e-06
    vertex 46.24614334106445 23.901790618896484 2.999995231628418
    vertex 46.383506774902344 24.23341178894043 -4.0531158447265625e-06
  endloop
endfacet
facet normal 0.0 0.0 0.0
  outer loop
    vertex 46.383506774902344 24.23341178894043 -4.0531158447265625e-06
    vertex 46.24614334106445 23.901790618896484 2.999995231628418
    vertex 46.383506774902344 24.23341178894043 2.999995231628418
  endloop
endfacet
facet normal 0.0 0.0 0.0
  outer loop
    vertex 46.383506774902344 24.23341178894043 -4.0531158447265625e-06
    vertex 46.383506774902344 24.23341178894043 2.999995231628418
    vertex 46.43035888671875 24.58928871154785 -4.0531158447265625e-06
  endloop
endfacet
facet normal 0.0 0.0 0.0
  outer loop
    vertex 46.43035888671875 24.58928871154785 -4.0531158447265625e-06
    vertex 46.383506774902344 24.23341178894043 2.999995231628418
    vertex 46.43035888671875 24.58928871154785 2.999995231628418
  endloop
endfacet
facet normal 0.0 0.0 0.0
  outer loop
    vertex 46.43035888671875 24.58928871154785 -4.0531158447265625e-06
    vertex 46.43035888671875 24.58928871154785 2.999995231628418
    vertex 46.383506774902344 24.945165634155273 -4.0531158447265625e-06
  endloop
endfacet
facet normal 0.0 0.0 0.0
  outer loop
    vertex 46.383506774902344 24.945165634155273 -4.0531158447265625e-06
    vertex 46.43035888671875 24.58928871154785 2.999995231628418
    vertex 46.383506774902344 24.945165634155273 2.999995231628418
  endloop
endfacet
facet normal 0.0 0.0 0.0
  outer loop
    vertex 46.383506774902344 24.945165634155273 -4.0531158447265625e-06
    vertex 46.383506774902344 24.945165634155273 2.999995231628418
    vertex 46.24614334106445 25.27678871154785 -4.0531158447265625e-06
  endloop
endfacet
facet normal 0.0 0.0 0.0
  outer loop
    vertex 46.24614334106445 25.27678871154785 -4.0531158447265625e-06
    vertex 46.383506774902344 24.945165634155273 2.999995231628418
    vertex 46.24614334106445 25.27678871154785 2.999995231628418
  endloop
endfacet
facet normal 0.0 0.0 0.0
  outer loop
    vertex 46.24614334106445 25.27678871154785 -4.0531158447265625e-06
    vertex 46.24614334106445 25.27678871154785 2.999995231628418
    vertex 46.02762985229492 25.561561584472656 -4.0531158447265625e-06
  endloop
endfacet
facet normal 0.0 0.0 0.0
  outer loop
    vertex 46.02762985229492 25.561561584472656 -4.0531158447265625e-06
    vertex 46.24614334106445 25.27678871154785 2.999995231628418
    vertex 46.02762985229492 25.561561584472656 2.999995231628418
  endloop
endfacet
facet normal 0.0 0.0 0.0
  outer loop
    vertex 46.02762985229492 25.561561584472656 -4.0531158447265625e-06
    vertex 46.02762985229492 25.561561584472656 2.999995231628418
    vertex 45.74285888671875 25.780073165893555 -4.0531158447265625e-06
  endloop
endfacet
facet normal 0.0 0.0 0.0
  outer loop
    vertex 45.74285888671875 25.780073165893555 -4.0531158447265625e-06
    vertex 46.02762985229492 25.561561584472656 2.999995231628418
    vertex 45.74285888671875 25.780073165893555 2.999995231628418
  endloop
endfacet
facet normal 0.0 0.0 0.0
  outer loop
    vertex 45.74285888671875 25.780073165893555 -4.0531158447265625e-06
    vertex 45.74285888671875 25.780073165893555 2.999995231628418
    vertex 45.411231994628906 25.917436599731445 -4.0531158447265625e-06
  endloop
endfacet
facet normal 0.0 0.0 0.0
  outer loop
    vertex 45.411231994628906 25.917436599731445 -4.0531158447265625e-06
    vertex 45.74285888671875 25.780073165893555 2.999995231628418
    vertex 45.411231994628906 25.917436599731445 2.999995231628418
  endloop
endfacet
facet normal 0.0 0.0 0.0
  outer loop
    vertex -40.01065444946289 33.544654846191406 3.000007390975952
    vertex -39.741127014160156 33.57123565673828 3.000007152557373
    vertex -40.01065444946289 33.544654846191406 8.106231689453125e-06
  endloop
endfacet
facet normal 0.0 0.0 0.0
  outer loop
    vertex -40.01065444946289 33.544654846191406 8.106231689453125e-06
    vertex -39.741127014160156 33.57123565673828 3.000007152557373
    vertex -39.741127014160156 33.57123565673828 7.867813110351562e-06
  endloop
endfacet
facet normal 0.0 0.0 0.0
  outer loop
    vertex -39.741127014160156 33.57123565673828 7.867813110351562e-06
    vertex -39.741127014160156 33.57123565673828 3.000007152557373
    vertex -39.47429275512695 33.65147399902344 3.000007152557373
  endloop
endfacet
facet normal 0.0 0.0 0.0
  outer loop
    vertex -39.741127014160156 33.57123565673828 7.867813110351562e-06
    vertex -39.47429275512695 33.65147399902344 3.000007152557373
    vertex -39.47429275512695 33.65147399902344 7.867813110351562e-06
  endloop
endfacet
facet normal 0.0 0.0 0.0
  outer loop
    vertex -39.47429275512695 33.65147399902344 7.867813110351562e-06
    vertex -39.47429275512695 33.65147399902344 3.000007152557373
    vertex -39.2292594909668 33.783470153808594 3.000007152557373
  endloop
endfacet
facet normal 0.0 0.0 0.0
  outer loop
    vertex -39.47429275512695 33.65147399902344 7.867813110351562e-06
    vertex -39.2292594909668 33.783470153808594 3.000007152557373
    vertex -39.2292594909668 33.783470153808594 7.867813110351562e-06
  endloop
endfacet
facet normal 0.0 0.0 0.0
  outer loop
    vertex -39.2292594909668 33.783470153808594 7.867813110351562e-06
    vertex -39.2292594909668 33.783470153808594 3.000007152557373
    vertex -39.02070617675781 33.95470428466797 3.000007152557373
  endloop
endfacet
facet normal 0.0 0.0 0.0
  outer loop
    vertex -39.2292594909668 33.783470153808594 7.867813110351562e-06
    vertex -39.02070617675781 33.95470428466797 3.000007152557373
    vertex -39.02070617675781 33.95470428466797 7.867813110351562e-06
  endloop
endfacet
facet normal 0.0 0.0 0.0
  outer loop
    vertex -39.02070617675781 33.95470428466797 7.867813110351562e-06
    vertex -39.02070617675781 33.95470428466797 3.000007152557373
    vertex -38.84725570678711 34.16660690307617 3.000007152557373
  endloop
endfacet
facet normal 0.0 0.0 0.0
  outer loop
    vertex -39.02070617675781 33.95470428466797 7.867813110351562e-06
    vertex -38.84725570678711 34.16660690307617 3.000007152557373
    vertex -38.84725570678711 34.16660690307617 7.867813110351562e-06
  endloop
endfacet
facet normal 0.0 0.0 0.0
  outer loop
    vertex -38.84725570678711 34.16660690307617 7.867813110351562e-06
    vertex -38.84725570678711 34.16660690307617 3.000007152557373
    vertex -38.715335845947266 34.41347885131836 3.000007152557373
  endloop
endfacet
facet normal 0.0 0.0 0.0
  outer loop
    vertex -38.84725570678711 34.16660690307617 7.867813110351562e-06
    vertex -38.715335845947266 34.41347885131836 3.000007152557373
    vertex -38.715335845947266 34.41347885131836 7.867813110351562e-06
  endloop
endfacet
facet normal 0.0 0.0 0.0
  outer loop
    vertex -38.715335845947266 34.41347885131836 7.867813110351562e-06
    vertex -38.715335845947266 34.41347885131836 3.000007152557373
    vertex -38.63640213012695 34.67939376831055 3.000007152557373
  endloop
endfacet
facet normal 0.0 0.0 0.0
  outer loop
    vertex -38.715335845947266 34.41347885131836 7.867813110351562e-06
    vertex -38.63640213012695 34.67939376831055 3.000007152557373
    vertex -38.63640213012695 34.67939376831055 7.867813110351562e-06
  endloop
endfacet
facet normal 0.0 0.0 0.0
  outer loop
    vertex -38.63640213012695 34.67939376831055 7.867813110351562e-06
    vertex -38.63640213012695 34.67939376831055 3.000007152557373
    vertex -38.610652923583984 34.94466018676758 3.000007152557373
  endloop
endfacet
facet normal 0.0 0.0 0.0
  outer loop
    vertex -38.63640213012695 34.67939376831055 7.867813110351562e-06
    vertex -38.610652923583984 34.94466018676758 3.000007152557373
    vertex -38.610652923583984 34.94466018676758 7.867813110351562e-06
  endloop
endfacet
facet normal 0.0 0.0 0.0
  outer loop
    vertex -38.610652923583984 34.94466018676758 7.867813110351562e-06
    vertex -38.610652923583984 34.94466018676758 3.000007152557373
    vertex -38.6374626159668 35.21552658081055 3.000007152557373
  endloop
endfacet
facet normal 0.0 0.0 0.0
  outer loop
    vertex -38.610652923583984 34.94466018676758 7.867813110351562e-06
    vertex -38.6374626159668 35.21552658081055 3.000007152557373
    vertex -38.6374626159668 35.21552658081055 7.867813110351562e-06
  endloop
endfacet
facet normal 0.0 0.0 0.0
  outer loop
    vertex -38.6374626159668 35.21552658081055 7.867813110351562e-06
    vertex -38.6374626159668 35.21552658081055 3.000007152557373
    vertex -38.71783447265625 35.48188781738281 3.000007152557373
  endloop
endfacet
facet normal 0.0 0.0 0.0
  outer loop
    vertex -38.6374626159668 35.21552658081055 7.867813110351562e-06
    vertex -38.71783447265625 35.48188781738281 3.000007152557373
    vertex -38.71783447265625 35.48188781738281 7.867813110351562e-06
  endloop
endfacet
facet normal 0.0 0.0 0.0
  outer loop
    vertex -38.71783447265625 35.48188781738281 7.867813110351562e-06
    vertex -38.71783447265625 35.48188781738281 3.000007152557373
    vertex -38.849369049072266 35.72601318359375 3.000007152557373
  endloop
endfacet
facet normal 0.0 0.0 0.0
  outer loop
    vertex -38.71783447265625 35.48188781738281 7.867813110351562e-06
    vertex -38.849369049072266 35.72601318359375 3.000007152557373
    vertex -38.849369049072266 35.72601318359375 7.867813110351562e-06
  endloop
endfacet
facet normal 0.0 0.0 0.0
  outer loop
    vertex -38.849369049072266 35.72601318359375 7.867813110351562e-06
    vertex -38.849369049072266 35.72601318359375 3.000007152557373
    vertex -39.02070617675781 35.93460464477539 3.000007152557373
  endloop
endfacet
facet normal 0.0 0.0 0.0
  outer loop
    vertex -38.849369049072266 35.72601318359375 7.867813110351562e-06
    vertex -39.02070617675781 35.93460464477539 3.000007152557373
    vertex -39.02070617675781 35.93460464477539 7.867813110351562e-06
  endloop
endfacet
facet normal 0.0 0.0 0.0
  outer loop
    vertex -39.02070617675781 35.93460464477539 7.867813110351562e-06
    vertex -39.02070617675781 35.93460464477539 3.000007152557373
    vertex -39.22537612915039 36.103240966796875 3.000007152557373
  endloop
endfacet
facet normal 0.0 0.0 0.0
  outer loop
    vertex -39.02070617675781 35.93460464477539 7.867813110351562e-06
    vertex -39.22537612915039 36.103240966796875 3.000007152557373
    vertex -39.22537612915039 36.103240966796875 7.867813110351562e-06
  endloop
endfacet
facet normal 0.0 0.0 0.0
  outer loop
    vertex -39.22537612915039 36.103240966796875 7.867813110351562e-06
    vertex -39.22537612915039 36.103240966796875 3.000007152557373
    vertex -39.46837615966797 36.23536682128906 3.000007152557373
  endloop
endfacet
facet normal 0.0 0.0 0.0
  outer loop
    vertex -39.22537612915039 36.103240966796875 7.867813110351562e-06
    vertex -39.46837615966797 36.23536682128906 3.000007152557373
    vertex -39.46837615966797 36.23536682128906 7.867813110351562e-06
  endloop
endfacet
facet normal 0.0 0.0 0.0
  outer loop
    vertex -39.46837615966797 36.23536682128906 7.867813110351562e-06
    vertex -39.46837615966797 36.23536682128906 3.000007152557373
    vertex -39.73640441894531 36.31712341308594 3.000007152557373
  endloop
endfacet
facet normal 0.0 0.0 0.0
  outer loop
    vertex -39.46837615966797 36.23536682128906 7.867813110351562e-06
    vertex -39.73640441894531 36.31712341308594 3.000007152557373
    vertex -39.73640441894531 36.31712341308594 7.867813110351562e-06
  endloop
endfacet
facet normal 0.0 0.0 0.0
  outer loop
    vertex -39.73640441894531 36.31712341308594 7.867813110351562e-06
    vertex -39.73640441894531 36.31712341308594 3.000007152557373
    vertex -40.01065444946289 36.34465408325195 3.000007390975952
  endloop
endfacet
facet normal 0.0 0.0 0.0
  outer loop
    vertex -39.73640441894531 36.31712341308594 7.867813110351562e-06
    vertex -40.01065444946289 36.34465408325195 3.000007390975952
    vertex -40.01065444946289 36.34465408325195 8.106231689453125e-06
  endloop
endfacet
facet normal 0.0 0.0 0.0
  outer loop
    vertex -40.01065444946289 36.34465408325195 8.106231689453125e-06
    vertex -40.01065444946289 36.34465408325195 3.000007390975952
    vertex -40.27961730957031 36.318180084228516 3.000007390975952
  endloop
endfacet
facet normal 0.0 0.0 0.0
  outer loop
    vertex -40.01065444946289 36.34465408325195 8.106231689453125e-06
    vertex -40.27961730957031 36.318180084228516 3.000007390975952
    vertex -40.27961730957031 36.318180084228516 8.106231689453125e-06
  endloop
endfacet
facet normal 0.0 0.0 0.0
  outer loop
    vertex -40.27961730957031 36.318180084228516 8.106231689453125e-06
    vertex -40.27961730957031 36.318180084228516 3.000007390975952
    vertex -40.54314041137695 36.239437103271484 3.000007390975952
  endloop
endfacet
facet normal 0.0 0.0 0.0
  outer loop
    vertex -40.27961730957031 36.318180084228516 8.106231689453125e-06
    vertex -40.54314041137695 36.239437103271484 3.000007390975952
    vertex -40.54314041137695 36.239437103271484 8.106231689453125e-06
  endloop
endfacet
facet normal 0.0 0.0 0.0
  outer loop
    vertex -40.54314041137695 36.239437103271484 8.106231689453125e-06
    vertex -40.54314041137695 36.239437103271484 3.000007390975952
    vertex -40.78290557861328 36.11198043823242 3.000007390975952
  endloop
endfacet
facet normal 0.0 0.0 0.0
  outer loop
    vertex -40.54314041137695 36.239437103271484 8.106231689453125e-06
    vertex -40.78290557861328 36.11198043823242 3.000007390975952
    vertex -40.78290557861328 36.11198043823242 8.106231689453125e-06
  endloop
endfacet
facet normal 0.0 0.0 0.0
  outer loop
    vertex -40.78290557861328 36.11198043823242 8.106231689453125e-06
    vertex -40.78290557861328 36.11198043823242 3.000007390975952
    vertex -40.985843658447266 35.94914627075195 3.000007390975952
  endloop
endfacet
facet normal 0.0 0.0 0.0
  outer loop
    vertex -40.78290557861328 36.11198043823242 8.106231689453125e-06
    vertex -40.985843658447266 35.94914627075195 3.000007390975952
    vertex -40.985843658447266 35.94914627075195 8.106231689453125e-06
  endloop
endfacet
facet normal 0.0 0.0 0.0
  outer loop
    vertex -40.985843658447266 35.94914627075195 8.106231689453125e-06
    vertex -40.985843658447266 35.94914627075195 3.000007390975952
    vertex -41.16326141357422 35.73874282836914 3.000007390975952
  endloop
endfacet
facet normal 0.0 0.0 0.0
  outer loop
    vertex -40.985843658447266 35.94914627075195 8.106231689453125e-06
    vertex -41.16326141357422 35.73874282836914 3.000007390975952
    vertex -41.16326141357422 35.73874282836914 8.106231689453125e-06
  endloop
endfacet
facet normal 0.0 0.0 0.0
  outer loop
    vertex -41.16326141357422 35.73874282836914 8.106231689453125e-06
    vertex -41.16326141357422 35.73874282836914 3.000007390975952
    vertex -41.299495697021484 35.491363525390625 3.000007390975952
  endloop
endfacet
facet normal 0.0 0.0 0.0
  outer loop
    vertex -41.16326141357422 35.73874282836914 8.106231689453125e-06
    vertex -41.299495697021484 35.491363525390625 3.000007390975952
    vertex -41.299495697021484 35.491363525390625 8.106231689453125e-06
  endloop
endfacet
facet normal 0.0 0.0 0.0
  outer loop
    vertex -41.299495697021484 35.491363525390625 8.106231689453125e-06
    vertex -41.299495697021484 35.491363525390625 3.000007390975952
    vertex -41.3828239440918 35.22060012817383 3.000007390975952
  endloop
endfacet
facet normal 0.0 0.0 0.0
  outer loop
    vertex -41.299495697021484 35.491363525390625 8.106231689453125e-06
    vertex -41.3828239440918 35.22060012817383 3.000007390975952
    vertex -41.3828239440918 35.22060012817383 8.106231689453125e-06
  endloop
endfacet
facet normal 0.0 0.0 0.0
  outer loop
    vertex -41.3828239440918 35.22060012817383 8.106231689453125e-06
    vertex -41.3828239440918 35.22060012817383 3.000007390975952
    vertex -41.4106559753418 34.94465637207031 3.000007390975952
  endloop
endfacet
facet normal 0.0 0.0 0.0
  outer loop
    vertex -41.3828239440918 35.22060012817383 8.106231689453125e-06
    vertex -41.4106559753418 34.94465637207031 3.000007390975952
    vertex -41.4106559753418 34.94465637207031 8.106231689453125e-06
  endloop
endfacet
facet normal 0.0 0.0 0.0
  outer loop
    vertex -41.4106559753418 34.94465637207031 8.106231689453125e-06
    vertex -41.4106559753418 34.94465637207031 3.000007390975952
    vertex -41.384742736816406 34.67856216430664 3.000007390975952
  endloop
endfacet
facet normal 0.0 0.0 0.0
  outer loop
    vertex -41.4106559753418 34.94465637207031 8.106231689453125e-06
    vertex -41.384742736816406 34.67856216430664 3.000007390975952
    vertex -41.384742736816406 34.67856216430664 8.106231689453125e-06
  endloop
endfacet
facet normal 0.0 0.0 0.0
  outer loop
    vertex -41.384742736816406 34.67856216430664 8.106231689453125e-06
    vertex -41.384742736816406 34.67856216430664 3.000007390975952
    vertex -41.305328369140625 34.41190719604492 3.000007390975952
  endloop
endfacet
facet normal 0.0 0.0 0.0
  outer loop
    vertex -41.384742736816406 34.67856216430664 8.106231689453125e-06
    vertex -41.305328369140625 34.41190719604492 3.000007390975952
    vertex -41.305328369140625 34.41190719604492 8.106231689453125e-06
  endloop
endfacet
facet normal 0.0 0.0 0.0
  outer loop
    vertex -41.305328369140625 34.41190719604492 8.106231689453125e-06
    vertex -41.305328369140625 34.41190719604492 3.000007390975952
    vertex -41.17262649536133 34.16447448730469 3.000007390975952
  endloop
endfacet
facet normal 0.0 0.0 0.0
  outer loop
    vertex -41.305328369140625 34.41190719604492 8.106231689453125e-06
    vertex -41.17262649536133 34.16447448730469 3.000007390975952
    vertex -41.17262649536133 34.16447448730469 8.106231689453125e-06
  endloop
endfacet
facet normal 0.0 0.0 0.0
  outer loop
    vertex -41.17262649536133 34.16447448730469 8.106231689453125e-06
    vertex -41.17262649536133 34.16447448730469 3.000007390975952
    vertex -40.998172760009766 33.95227813720703 3.000007390975952
  endloop
endfacet
facet normal 0.0 0.0 0.0
  outer loop
    vertex -41.17262649536133 34.16447448730469 8.106231689453125e-06
    vertex -40.998172760009766 33.95227813720703 3.000007390975952
    vertex -40.998172760009766 33.95227813720703 8.106231689453125e-06
  endloop
endfacet
facet normal 0.0 0.0 0.0
  outer loop
    vertex -40.998172760009766 33.95227813720703 8.106231689453125e-06
    vertex -40.998172760009766 33.95227813720703 3.000007390975952
    vertex -40.78990936279297 33.78203201293945 3.000007390975952
  endloop
endfacet
facet normal 0.0 0.0 0.0
  outer loop
    vertex -40.998172760009766 33.95227813720703 8.106231689453125e-06
    vertex -40.78990936279297 33.78203201293945 3.000007390975952
    vertex -40.78990936279297 33.78203201293945 8.106231689453125e-06
  endloop
endfacet
facet normal 0.0 0.0 0.0
  outer loop
    vertex -40.78990936279297 33.78203201293945 8.106231689453125e-06
    vertex -40.78990936279297 33.78203201293945 3.000007390975952
    vertex -40.5454216003418 33.650814056396484 3.000007390975952
  endloop
endfacet
facet normal 0.0 0.0 0.0
  outer loop
    vertex -40.78990936279297 33.78203201293945 8.106231689453125e-06
    vertex -40.5454216003418 33.650814056396484 3.000007390975952
    vertex -40.5454216003418 33.650814056396484 8.106231689453125e-06
  endloop
endfacet
facet normal 0.0 0.0 0.0
  outer loop
    vertex -40.5454216003418 33.650814056396484 8.106231689453125e-06
    vertex -40.5454216003418 33.650814056396484 3.000007390975952
    vertex -40.27933120727539 33.57106399536133 3.000007390975952
  endloop
endfacet
facet normal 0.0 0.0 0.0
  outer loop
    vertex -40.5454216003418 33.650814056396484 8.106231689453125e-06
    vertex -40.27933120727539 33.57106399536133 3.000007390975952
    vertex -40.27933120727539 33.57106399536133 8.106231689453125e-06
  endloop
endfacet
facet normal 0.0 0.0 0.0
  outer loop
    vertex -40.27933120727539 33.57106399536133 8.106231689453125e-06
    vertex -40.27933120727539 33.57106399536133 3.000007390975952
    vertex -40.01065444946289 33.544654846191406 3.000007390975952
  endloop
endfacet
facet normal 0.0 0.0 0.0
  outer loop
    vertex -40.27933120727539 33.57106399536133 8.106231689453125e-06
    vertex -40.01065444946289 33.544654846191406 3.000007390975952
    vertex -40.01065444946289 33.544654846191406 8.106231689453125e-06
  endloop
endfacet
facet normal 0.0 0.0 0.0
  outer loop
    vertex -0.010661572217941284 -33.5446662902832 3.0000016689300537
    vertex -0.2793388366699219 -33.571075439453125 3.0000016689300537
    vertex -0.010661992244422436 -33.5446662902832 2.384185791015625e-06
  endloop
endfacet
facet normal 0.0 0.0 0.0
  outer loop
    vertex -0.010661992244422436 -33.5446662902832 2.384185791015625e-06
    vertex -0.2793388366699219 -33.571075439453125 3.0000016689300537
    vertex -0.2793392539024353 -33.571075439453125 2.384185791015625e-06
  endloop
endfacet
facet normal 0.0 0.0 0.0
  outer loop
    vertex -0.2793392539024353 -33.571075439453125 2.384185791015625e-06
    vertex -0.2793388366699219 -33.571075439453125 3.0000016689300537
    vertex -0.5454275608062744 -33.65082550048828 3.0000016689300537
  endloop
endfacet
facet normal 0.0 0.0 0.0
  outer loop
    vertex -0.2793392539024353 -33.571075439453125 2.384185791015625e-06
    vertex -0.5454275608062744 -33.65082550048828 3.0000016689300537
    vertex -0.5454279780387878 -33.65082550048828 2.384185791015625e-06
  endloop
endfacet
facet normal 0.0 0.0 0.0
  outer loop
    vertex -0.5454279780387878 -33.65082550048828 2.384185791015625e-06
    vertex -0.5454275608062744 -33.65082550048828 3.0000016689300537
    vertex -0.7899162769317627 -33.78204345703125 3.0000016689300537
  endloop
endfacet
facet normal 0.0 0.0 0.0
  outer loop
    vertex -0.5454279780387878 -33.65082550048828 2.384185791015625e-06
    vertex -0.7899162769317627 -33.78204345703125 3.0000016689300537
    vertex -0.7899166941642761 -33.78204345703125 2.384185791015625e-06
  endloop
endfacet
facet normal 0.0 0.0 0.0
  outer loop
    vertex -0.7899166941642761 -33.78204345703125 2.384185791015625e-06
    vertex -0.7899162769317627 -33.78204345703125 3.0000016689300537
    vertex -0.9981788396835327 -33.95228958129883 3.000001907348633
  endloop
endfacet
facet normal 0.0 0.0 0.0
  outer loop
    vertex -0.7899166941642761 -33.78204345703125 2.384185791015625e-06
    vertex -0.9981788396835327 -33.95228958129883 3.000001907348633
    vertex -0.9981792569160461 -33.95228958129883 2.6226043701171875e-06
  endloop
endfacet
facet normal 0.0 0.0 0.0
  outer loop
    vertex -0.9981792569160461 -33.95228958129883 2.6226043701171875e-06
    vertex -0.9981788396835327 -33.95228958129883 3.000001907348633
    vertex -1.172634482383728 -34.164485931396484 3.000001907348633
  endloop
endfacet
facet normal 0.0 0.0 0.0
  outer loop
    vertex -0.9981792569160461 -33.95228958129883 2.6226043701171875e-06
    vertex -1.172634482383728 -34.164485931396484 3.000001907348633
    vertex -1.1726348400115967 -34.164485931396484 2.6226043701171875e-06
  endloop
endfacet
facet normal 0.0 0.0 0.0
  outer loop
    vertex -1.1726348400115967 -34.164485931396484 2.6226043701171875e-06
    vertex -1.172634482383728 -34.164485931396484 3.000001907348633
    vertex -1.3053346872329712 -34.41191864013672 3.000001907348633
  endloop
endfacet
facet normal 0.0 0.0 0.0
  outer loop
    vertex -1.1726348400115967 -34.164485931396484 2.6226043701171875e-06
    vertex -1.3053346872329712 -34.41191864013672 3.000001907348633
    vertex -1.3053350448608398 -34.41191864013672 2.6226043701171875e-06
  endloop
endfacet
facet normal 0.0 0.0 0.0
  outer loop
    vertex -1.3053350448608398 -34.41191864013672 2.6226043701171875e-06
    vertex -1.3053346872329712 -34.41191864013672 3.000001907348633
    vertex -1.3847506046295166 -34.67857360839844 3.000001907348633
  endloop
endfacet
facet normal 0.0 0.0 0.0
  outer loop
    vertex -1.3053350448608398 -34.41191864013672 2.6226043701171875e-06
    vertex -1.3847506046295166 -34.67857360839844 3.000001907348633
    vertex -1.3847510814666748 -34.67857360839844 2.6226043701171875e-06
  endloop
endfacet
facet normal 0.0 0.0 0.0
  outer loop
    vertex -1.3847510814666748 -34.67857360839844 2.6226043701171875e-06
    vertex -1.3847506046295166 -34.67857360839844 3.000001907348633
    vertex -1.4106608629226685 -34.94466781616211 3.000001907348633
  endloop
endfacet
facet normal 0.0 0.0 0.0
  outer loop
    vertex -1.3847510814666748 -34.67857360839844 2.6226043701171875e-06
    vertex -1.4106608629226685 -34.94466781616211 3.000001907348633
    vertex -1.4106613397598267 -34.94466781616211 2.6226043701171875e-06
  endloop
endfacet
facet normal 0.0 0.0 0.0
  outer loop
    vertex -1.4106613397598267 -34.94466781616211 2.6226043701171875e-06
    vertex -1.4106608629226685 -34.94466781616211 3.000001907348633
    vertex -1.3828314542770386 -35.220611572265625 3.000001907348633
  endloop
endfacet
facet normal 0.0 0.0 0.0
  outer loop
    vertex -1.4106613397598267 -34.94466781616211 2.6226043701171875e-06
    vertex -1.3828314542770386 -35.220611572265625 3.000001907348633
    vertex -1.3828318119049072 -35.220611572265625 2.6226043701171875e-06
  endloop
endfacet
facet normal 0.0 0.0 0.0
  outer loop
    vertex -1.3828318119049072 -35.220611572265625 2.6226043701171875e-06
    vertex -1.3828314542770386 -35.220611572265625 3.000001907348633
    vertex -1.299501657485962 -35.49137496948242 3.000001907348633
  endloop
endfacet
facet normal 0.0 0.0 0.0
  outer loop
    vertex -1.3828318119049072 -35.220611572265625 2.6226043701171875e-06
    vertex -1.299501657485962 -35.49137496948242 3.000001907348633
    vertex -1.2995021343231201 -35.49137496948242 2.6226043701171875e-06
  endloop
endfacet
facet normal 0.0 0.0 0.0
  outer loop
    vertex -1.2995021343231201 -35.49137496948242 2.6226043701171875e-06
    vertex -1.299501657485962 -35.49137496948242 3.000001907348633
    vertex -1.1632672548294067 -35.73875427246094 3.000001907348633
  endloop
endfacet
facet normal 0.0 0.0 0.0
  outer loop
    vertex -1.2995021343231201 -35.49137496948242 2.6226043701171875e-06
    vertex -1.1632672548294067 -35.73875427246094 3.000001907348633
    vertex -1.163267731666565 -35.73875427246094 2.6226043701171875e-06
  endloop
endfacet
facet normal 0.0 0.0 0.0
  outer loop
    vertex -1.163267731666565 -35.73875427246094 2.6226043701171875e-06
    vertex -1.1632672548294067 -35.73875427246094 3.000001907348633
    vertex -0.9858499765396118 -35.94915771484375 3.000001907348633
  endloop
endfacet
facet normal 0.0 0.0 0.0
  outer loop
    vertex -1.163267731666565 -35.73875427246094 2.6226043701171875e-06
    vertex -0.9858499765396118 -35.94915771484375 3.000001907348633
    vertex -0.9858503937721252 -35.94915771484375 2.6226043701171875e-06
  endloop
endfacet
facet normal 0.0 0.0 0.0
  outer loop
    vertex -0.9858503937721252 -35.94915771484375 2.6226043701171875e-06
    vertex -0.9858499765396118 -35.94915771484375 3.000001907348633
    vertex -0.782910943031311 -36.11199188232422 3.0000016689300537
  endloop
endfacet
facet normal 0.0 0.0 0.0
  outer loop
    vertex -0.9858503937721252 -35.94915771484375 2.6226043701171875e-06
    vertex -0.782910943031311 -36.11199188232422 3.0000016689300537
    vertex -0.7829113602638245 -36.11199188232422 2.384185791015625e-06
  endloop
endfacet
facet normal 0.0 0.0 0.0
  outer loop
    vertex -0.7829113602638245 -36.11199188232422 2.384185791015625e-06
    vertex -0.782910943031311 -36.11199188232422 3.0000016689300537
    vertex -0.5431487560272217 -36.23944854736328 3.0000016689300537
  endloop
endfacet
facet normal 0.0 0.0 0.0
  outer loop
    vertex -0.7829113602638245 -36.11199188232422 2.384185791015625e-06
    vertex -0.5431487560272217 -36.23944854736328 3.0000016689300537
    vertex -0.5431491732597351 -36.23944854736328 2.384185791015625e-06
  endloop
endfacet
facet normal 0.0 0.0 0.0
  outer loop
    vertex -0.5431491732597351 -36.23944854736328 2.384185791015625e-06
    vertex -0.5431487560272217 -36.23944854736328 3.0000016689300537
    vertex -0.2796241343021393 -36.31819152832031 3.0000016689300537
  endloop
endfacet
facet normal 0.0 0.0 0.0
  outer loop
    vertex -0.5431491732597351 -36.23944854736328 2.384185791015625e-06
    vertex -0.2796241343021393 -36.31819152832031 3.0000016689300537
    vertex -0.2796245515346527 -36.31819152832031 2.384185791015625e-06
  endloop
endfacet
facet normal 0.0 0.0 0.0
  outer loop
    vertex -0.2796245515346527 -36.31819152832031 2.384185791015625e-06
    vertex -0.2796241343021393 -36.31819152832031 3.0000016689300537
    vertex -0.010661209933459759 -36.34466552734375 3.0000016689300537
  endloop
endfacet
facet normal 0.0 0.0 0.0
  outer loop
    vertex -0.2796245515346527 -36.31819152832031 2.384185791015625e-06
    vertex -0.010661209933459759 -36.34466552734375 3.0000016689300537
    vertex -0.01066162995994091 -36.34466552734375 2.384185791015625e-06
  endloop
endfacet
facet normal 0.0 0.0 0.0
  outer loop
    vertex -0.01066162995994091 -36.34466552734375 2.384185791015625e-06
    vertex -0.010661209933459759 -36.34466552734375 3.0000016689300537
    vertex 0.258301705121994 -36.31819152832031 3.0000016689300537
  endloop
endfacet
facet normal 0.0 0.0 0.0
  outer loop
    vertex -0.01066162995994091 -36.34466552734375 2.384185791015625e-06
    vertex 0.258301705121994 -36.31819152832031 3.0000016689300537
    vertex 0.2583012878894806 -36.31819152832031 2.384185791015625e-06
  endloop
endfacet
facet normal 0.0 0.0 0.0
  outer loop
    vertex 0.2583012878894806 -36.31819152832031 2.384185791015625e-06
    vertex 0.258301705121994 -36.31819152832031 3.0000016689300537
    vertex 0.5218263864517212 -36.23944854736328 3.0000016689300537
  endloop
endfacet
facet normal 0.0 0.0 0.0
  outer loop
    vertex 0.2583012878894806 -36.31819152832031 2.384185791015625e-06
    vertex 0.5218263864517212 -36.23944854736328 3.0000016689300537
    vertex 0.5218259692192078 -36.23944854736328 2.384185791015625e-06
  endloop
endfacet
facet normal 0.0 0.0 0.0
  outer loop
    vertex 0.5218259692192078 -36.23944854736328 2.384185791015625e-06
    vertex 0.5218263864517212 -36.23944854736328 3.0000016689300537
    vertex 0.7615883946418762 -36.11199188232422 3.0000016689300537
  endloop
endfacet
facet normal 0.0 0.0 0.0
  outer loop
    vertex 0.5218259692192078 -36.23944854736328 2.384185791015625e-06
    vertex 0.7615883946418762 -36.11199188232422 3.0000016689300537
    vertex 0.7615879774093628 -36.11199188232422 2.384185791015625e-06
  endloop
endfacet
facet normal 0.0 0.0 0.0
  outer loop
    vertex 0.7615879774093628 -36.11199188232422 2.384185791015625e-06
    vertex 0.7615883946418762 -36.11199188232422 3.0000016689300537
    vertex 0.964527428150177 -35.94915771484375 3.0000014305114746
  endloop
endfacet
facet normal 0.0 0.0 0.0
  outer loop
    vertex 0.7615879774093628 -36.11199188232422 2.384185791015625e-06
    vertex 0.964527428150177 -35.94915771484375 3.0000014305114746
    vertex 0.9645270109176636 -35.94915771484375 2.1457672119140625e-06
  endloop
endfacet
facet normal 0.0 0.0 0.0
  outer loop
    vertex 0.9645270109176636 -35.94915771484375 2.1457672119140625e-06
    vertex 0.964527428150177 -35.94915771484375 3.0000014305114746
    vertex 1.1419447660446167 -35.73875427246094 3.0000014305114746
  endloop
endfacet
facet normal 0.0 0.0 0.0
  outer loop
    vertex 0.9645270109176636 -35.94915771484375 2.1457672119140625e-06
    vertex 1.1419447660446167 -35.73875427246094 3.0000014305114746
    vertex 1.1419442892074585 -35.73875427246094 2.1457672119140625e-06
  endloop
endfacet
facet normal 0.0 0.0 0.0
  outer loop
    vertex 1.1419442892074585 -35.73875427246094 2.1457672119140625e-06
    vertex 1.1419447660446167 -35.73875427246094 3.0000014305114746
    vertex 1.2781790494918823 -35.49137496948242 3.0000014305114746
  endloop
endfacet
facet normal 0.0 0.0 0.0
  outer loop
    vertex 1.1419442892074585 -35.73875427246094 2.1457672119140625e-06
    vertex 1.2781790494918823 -35.49137496948242 3.0000014305114746
    vertex 1.2781785726547241 -35.49137496948242 2.1457672119140625e-06
  endloop
endfacet
facet normal 0.0 0.0 0.0
  outer loop
    vertex 1.2781785726547241 -35.49137496948242 2.1457672119140625e-06
    vertex 1.2781790494918823 -35.49137496948242 3.0000014305114746
    vertex 1.3615087270736694 -35.220611572265625 3.0000014305114746
  endloop
endfacet
facet normal 0.0 0.0 0.0
  outer loop
    vertex 1.2781785726547241 -35.49137496948242 2.1457672119140625e-06
    vertex 1.3615087270736694 -35.220611572265625 3.0000014305114746
    vertex 1.3615083694458008 -35.220611572265625 2.1457672119140625e-06
  endloop
endfacet
facet normal 0.0 0.0 0.0
  outer loop
    vertex 1.3615083694458008 -35.220611572265625 2.1457672119140625e-06
    vertex 1.3615087270736694 -35.220611572265625 3.0000014305114746
    vertex 1.3893381357192993 -34.94466781616211 3.0000014305114746
  endloop
endfacet
facet normal 0.0 0.0 0.0
  outer loop
    vertex 1.3615083694458008 -35.220611572265625 2.1457672119140625e-06
    vertex 1.3893381357192993 -34.94466781616211 3.0000014305114746
    vertex 1.3893376588821411 -34.94466781616211 2.1457672119140625e-06
  endloop
endfacet
facet normal 0.0 0.0 0.0
  outer loop
    vertex 1.3893376588821411 -34.94466781616211 2.1457672119140625e-06
    vertex 1.3893381357192993 -34.94466781616211 3.0000014305114746
    vertex 1.3634278774261475 -34.67857360839844 3.0000014305114746
  endloop
endfacet
facet normal 0.0 0.0 0.0
  outer loop
    vertex 1.3893376588821411 -34.94466781616211 2.1457672119140625e-06
    vertex 1.3634278774261475 -34.67857360839844 3.0000014305114746
    vertex 1.3634274005889893 -34.67857360839844 2.1457672119140625e-06
  endloop
endfacet
facet normal 0.0 0.0 0.0
  outer loop
    vertex 1.3634274005889893 -34.67857360839844 2.1457672119140625e-06
    vertex 1.3634278774261475 -34.67857360839844 3.0000014305114746
    vertex 1.2840116024017334 -34.41191864013672 3.0000014305114746
  endloop
endfacet
facet normal 0.0 0.0 0.0
  outer loop
    vertex 1.3634274005889893 -34.67857360839844 2.1457672119140625e-06
    vertex 1.2840116024017334 -34.41191864013672 3.0000014305114746
    vertex 1.2840112447738647 -34.41191864013672 2.1457672119140625e-06
  endloop
endfacet
facet normal 0.0 0.0 0.0
  outer loop
    vertex 1.2840112447738647 -34.41191864013672 2.1457672119140625e-06
    vertex 1.2840116024017334 -34.41191864013672 3.0000014305114746
    vertex 1.1513116359710693 -34.164485931396484 3.0000014305114746
  endloop
endfacet
facet normal 0.0 0.0 0.0
  outer loop
    vertex 1.2840112447738647 -34.41191864013672 2.1457672119140625e-06
    vertex 1.1513116359710693 -34.164485931396484 3.0000014305114746
    vertex 1.1513112783432007 -34.164485931396484 2.1457672119140625e-06
  endloop
endfacet
facet normal 0.0 0.0 0.0
  outer loop
    vertex 1.1513112783432007 -34.164485931396484 2.1457672119140625e-06
    vertex 1.1513116359710693 -34.164485931396484 3.0000014305114746
    vertex 0.9768558144569397 -33.95228958129883 3.0000014305114746
  endloop
endfacet
facet normal 0.0 0.0 0.0
  outer loop
    vertex 1.1513112783432007 -34.164485931396484 2.1457672119140625e-06
    vertex 0.9768558144569397 -33.95228958129883 3.0000014305114746
    vertex 0.9768553972244263 -33.95228958129883 2.1457672119140625e-06
  endloop
endfacet
facet normal 0.0 0.0 0.0
  outer loop
    vertex 0.9768553972244263 -33.95228958129883 2.1457672119140625e-06
    vertex 0.9768558144569397 -33.95228958129883 3.0000014305114746
    vertex 0.7685931324958801 -33.78204345703125 3.0000016689300537
  endloop
endfacet
facet normal 0.0 0.0 0.0
  outer loop
    vertex 0.9768553972244263 -33.95228958129883 2.1457672119140625e-06
    vertex 0.7685931324958801 -33.78204345703125 3.0000016689300537
    vertex 0.7685927152633667 -33.78204345703125 2.384185791015625e-06
  endloop
endfacet
facet normal 0.0 0.0 0.0
  outer loop
    vertex 0.7685927152633667 -33.78204345703125 2.384185791015625e-06
    vertex 0.7685931324958801 -33.78204345703125 3.0000016689300537
    vertex 0.5241044163703918 -33.65082550048828 3.0000016689300537
  endloop
endfacet
facet normal 0.0 0.0 0.0
  outer loop
    vertex 0.7685927152633667 -33.78204345703125 2.384185791015625e-06
    vertex 0.5241044163703918 -33.65082550048828 3.0000016689300537
    vertex 0.5241039991378784 -33.65082550048828 2.384185791015625e-06
  endloop
endfacet
facet normal 0.0 0.0 0.0
  outer loop
    vertex 0.5241039991378784 -33.65082550048828 2.384185791015625e-06
    vertex 0.5241044163703918 -33.65082550048828 3.0000016689300537
    vertex 0.2580157220363617 -33.571075439453125 3.0000016689300537
  endloop
endfacet
facet normal 0.0 0.0 0.0
  outer loop
    vertex 0.5241039991378784 -33.65082550048828 2.384185791015625e-06
    vertex 0.2580157220363617 -33.571075439453125 3.0000016689300537
    vertex 0.25801530480384827 -33.571075439453125 2.384185791015625e-06
  endloop
endfacet
facet normal 0.0 0.0 0.0
  outer loop
    vertex 0.25801530480384827 -33.571075439453125 2.384185791015625e-06
    vertex 0.2580157220363617 -33.571075439453125 3.0000016689300537
    vertex -0.010661572217941284 -33.5446662902832 3.0000016689300537
  endloop
endfacet
facet normal 0.0 0.0 0.0
  outer loop
    vertex 0.25801530480384827 -33.571075439453125 2.384185791015625e-06
    vertex -0.010661572217941284 -33.5446662902832 3.0000016689300537
    vertex -0.010661992244422436 -33.5446662902832 2.384185791015625e-06
  endloop
endfacet
facet normal 0.0 0.0 0.0
  outer loop
    vertex 39.989315032958984 33.544677734375 2.9999959468841553
    vertex 40.257991790771484 33.57108688354492 2.9999959468841553
    vertex 39.989315032958984 33.544677734375 -3.337860107421875e-06
  endloop
endfacet
facet normal 0.0 0.0 0.0
  outer loop
    vertex 39.989315032958984 33.544677734375 -3.337860107421875e-06
    vertex 40.257991790771484 33.57108688354492 2.9999959468841553
    vertex 40.257991790771484 33.57108688354492 -3.337860107421875e-06
  endloop
endfacet
facet normal 0.0 0.0 0.0
  outer loop
    vertex 40.257991790771484 33.57108688354492 -3.337860107421875e-06
    vertex 40.257991790771484 33.57108688354492 2.9999959468841553
    vertex 40.52408218383789 33.65083694458008 2.9999959468841553
  endloop
endfacet
facet normal 0.0 0.0 0.0
  outer loop
    vertex 40.257991790771484 33.57108688354492 -3.337860107421875e-06
    vertex 40.52408218383789 33.65083694458008 2.9999959468841553
    vertex 40.52408218383789 33.65083694458008 -3.337860107421875e-06
  endloop
endfacet
facet normal 0.0 0.0 0.0
  outer loop
    vertex 40.52408218383789 33.65083694458008 -3.337860107421875e-06
    vertex 40.52408218383789 33.65083694458008 2.9999959468841553
    vertex 40.76856994628906 33.78205490112305 2.9999959468841553
  endloop
endfacet
facet normal 0.0 0.0 0.0
  outer loop
    vertex 40.52408218383789 33.65083694458008 -3.337860107421875e-06
    vertex 40.76856994628906 33.78205490112305 2.9999959468841553
    vertex 40.76856994628906 33.78205490112305 -3.337860107421875e-06
  endloop
endfacet
facet normal 0.0 0.0 0.0
  outer loop
    vertex 40.76856994628906 33.78205490112305 -3.337860107421875e-06
    vertex 40.76856994628906 33.78205490112305 2.9999959468841553
    vertex 40.97683334350586 33.952301025390625 2.9999959468841553
  endloop
endfacet
facet normal 0.0 0.0 0.0
  outer loop
    vertex 40.76856994628906 33.78205490112305 -3.337860107421875e-06
    vertex 40.97683334350586 33.952301025390625 2.9999959468841553
    vertex 40.97683334350586 33.952301025390625 -3.337860107421875e-06
  endloop
endfacet
facet normal 0.0 0.0 0.0
  outer loop
    vertex 40.97683334350586 33.952301025390625 -3.337860107421875e-06
    vertex 40.97683334350586 33.952301025390625 2.9999959468841553
    vertex 41.15128707885742 34.16449737548828 2.9999959468841553
  endloop
endfacet
facet normal 0.0 0.0 0.0
  outer loop
    vertex 40.97683334350586 33.952301025390625 -3.337860107421875e-06
    vertex 41.15128707885742 34.16449737548828 2.9999959468841553
    vertex 41.15128707885742 34.16449737548828 -3.337860107421875e-06
  endloop
endfacet
facet normal 0.0 0.0 0.0
  outer loop
    vertex 41.15128707885742 34.16449737548828 -3.337860107421875e-06
    vertex 41.15128707885742 34.16449737548828 2.9999959468841553
    vertex 41.28398895263672 34.411930084228516 2.9999959468841553
  endloop
endfacet
facet normal 0.0 0.0 0.0
  outer loop
    vertex 41.15128707885742 34.16449737548828 -3.337860107421875e-06
    vertex 41.28398895263672 34.411930084228516 2.9999959468841553
    vertex 41.28398895263672 34.411930084228516 -3.337860107421875e-06
  endloop
endfacet
facet normal 0.0 0.0 0.0
  outer loop
    vertex 41.28398895263672 34.411930084228516 -3.337860107421875e-06
    vertex 41.28398895263672 34.411930084228516 2.9999959468841553
    vertex 41.3634033203125 34.678585052490234 2.9999959468841553
  endloop
endfacet
facet normal 0.0 0.0 0.0
  outer loop
    vertex 41.28398895263672 34.411930084228516 -3.337860107421875e-06
    vertex 41.3634033203125 34.678585052490234 2.9999959468841553
    vertex 41.3634033203125 34.678585052490234 -3.337860107421875e-06
  endloop
endfacet
facet normal 0.0 0.0 0.0
  outer loop
    vertex 41.3634033203125 34.678585052490234 -3.337860107421875e-06
    vertex 41.3634033203125 34.678585052490234 2.9999959468841553
    vertex 41.38931655883789 34.944679260253906 2.9999959468841553
  endloop
endfacet
facet normal 0.0 0.0 0.0
  outer loop
    vertex 41.3634033203125 34.678585052490234 -3.337860107421875e-06
    vertex 41.38931655883789 34.944679260253906 2.9999959468841553
    vertex 41.38931655883789 34.944679260253906 -3.337860107421875e-06
  endloop
endfacet
facet normal 0.0 0.0 0.0
  outer loop
    vertex 41.38931655883789 34.944679260253906 -3.337860107421875e-06
    vertex 41.38931655883789 34.944679260253906 2.9999959468841553
    vertex 41.36148452758789 35.22062301635742 2.9999959468841553
  endloop
endfacet
facet normal 0.0 0.0 0.0
  outer loop
    vertex 41.38931655883789 34.944679260253906 -3.337860107421875e-06
    vertex 41.36148452758789 35.22062301635742 2.9999959468841553
    vertex 41.36148452758789 35.22062301635742 -3.337860107421875e-06
  endloop
endfacet
facet normal 0.0 0.0 0.0
  outer loop
    vertex 41.36148452758789 35.22062301635742 -3.337860107421875e-06
    vertex 41.36148452758789 35.22062301635742 2.9999959468841553
    vertex 41.27815628051758 35.49138641357422 2.9999959468841553
  endloop
endfacet
facet normal 0.0 0.0 0.0
  outer loop
    vertex 41.36148452758789 35.22062301635742 -3.337860107421875e-06
    vertex 41.27815628051758 35.49138641357422 2.9999959468841553
    vertex 41.27815628051758 35.49138641357422 -3.337860107421875e-06
  endloop
endfacet
facet normal 0.0 0.0 0.0
  outer loop
    vertex 41.27815628051758 35.49138641357422 -3.337860107421875e-06
    vertex 41.27815628051758 35.49138641357422 2.9999959468841553
    vertex 41.14192199707031 35.738765716552734 2.9999959468841553
  endloop
endfacet
facet normal 0.0 0.0 0.0
  outer loop
    vertex 41.27815628051758 35.49138641357422 -3.337860107421875e-06
    vertex 41.14192199707031 35.738765716552734 2.9999959468841553
    vertex 41.14192199707031 35.738765716552734 -3.337860107421875e-06
  endloop
endfacet
facet normal 0.0 0.0 0.0
  outer loop
    vertex 41.14192199707031 35.738765716552734 -3.337860107421875e-06
    vertex 41.14192199707031 35.738765716552734 2.9999959468841553
    vertex 40.96450424194336 35.94916915893555 2.9999959468841553
  endloop
endfacet
facet normal 0.0 0.0 0.0
  outer loop
    vertex 41.14192199707031 35.738765716552734 -3.337860107421875e-06
    vertex 40.96450424194336 35.94916915893555 2.9999959468841553
    vertex 40.96450424194336 35.94916915893555 -3.337860107421875e-06
  endloop
endfacet
facet normal 0.0 0.0 0.0
  outer loop
    vertex 40.96450424194336 35.94916915893555 -3.337860107421875e-06
    vertex 40.96450424194336 35.94916915893555 2.9999959468841553
    vertex 40.761566162109375 36.112003326416016 2.9999959468841553
  endloop
endfacet
facet normal 0.0 0.0 0.0
  outer loop
    vertex 40.96450424194336 35.94916915893555 -3.337860107421875e-06
    vertex 40.761566162109375 36.112003326416016 2.9999959468841553
    vertex 40.761566162109375 36.112003326416016 -3.337860107421875e-06
  endloop
endfacet
facet normal 0.0 0.0 0.0
  outer loop
    vertex 40.761566162109375 36.112003326416016 -3.337860107421875e-06
    vertex 40.761566162109375 36.112003326416016 2.9999959468841553
    vertex 40.52180099487305 36.23945999145508 2.9999959468841553
  endloop
endfacet
facet normal 0.0 0.0 0.0
  outer loop
    vertex 40.761566162109375 36.112003326416016 -3.337860107421875e-06
    vertex 40.52180099487305 36.23945999145508 2.9999959468841553
    vertex 40.52180099487305 36.23945999145508 -3.337860107421875e-06
  endloop
endfacet
facet normal 0.0 0.0 0.0
  outer loop
    vertex 40.52180099487305 36.23945999145508 -3.337860107421875e-06
    vertex 40.52180099487305 36.23945999145508 2.9999959468841553
    vertex 40.258277893066406 36.31820297241211 2.9999959468841553
  endloop
endfacet
facet normal 0.0 0.0 0.0
  outer loop
    vertex 40.52180099487305 36.23945999145508 -3.337860107421875e-06
    vertex 40.258277893066406 36.31820297241211 2.9999959468841553
    vertex 40.258277893066406 36.31820297241211 -3.337860107421875e-06
  endloop
endfacet
facet normal 0.0 0.0 0.0
  outer loop
    vertex 40.258277893066406 36.31820297241211 -3.337860107421875e-06
    vertex 40.258277893066406 36.31820297241211 2.9999959468841553
    vertex 39.989315032958984 36.34467697143555 2.9999959468841553
  endloop
endfacet
facet normal 0.0 0.0 0.0
  outer loop
    vertex 40.258277893066406 36.31820297241211 -3.337860107421875e-06
    vertex 39.989315032958984 36.34467697143555 2.9999959468841553
    vertex 39.989315032958984 36.34467697143555 -3.337860107421875e-06
  endloop
endfacet
facet normal 0.0 0.0 0.0
  outer loop
    vertex 39.989315032958984 36.34467697143555 -3.337860107421875e-06
    vertex 39.989315032958984 36.34467697143555 2.9999959468841553
    vertex 39.72035217285156 36.31820297241211 2.9999961853027344
  endloop
endfacet
facet normal 0.0 0.0 0.0
  outer loop
    vertex 39.989315032958984 36.34467697143555 -3.337860107421875e-06
    vertex 39.72035217285156 36.31820297241211 2.9999961853027344
    vertex 39.72035217285156 36.31820297241211 -3.0994415283203125e-06
  endloop
endfacet
facet normal 0.0 0.0 0.0
  outer loop
    vertex 39.72035217285156 36.31820297241211 -3.0994415283203125e-06
    vertex 39.72035217285156 36.31820297241211 2.9999961853027344
    vertex 39.45682907104492 36.23945999145508 2.9999961853027344
  endloop
endfacet
facet normal 0.0 0.0 0.0
  outer loop
    vertex 39.72035217285156 36.31820297241211 -3.0994415283203125e-06
    vertex 39.45682907104492 36.23945999145508 2.9999961853027344
    vertex 39.45682907104492 36.23945999145508 -3.0994415283203125e-06
  endloop
endfacet
facet normal 0.0 0.0 0.0
  outer loop
    vertex 39.45682907104492 36.23945999145508 -3.0994415283203125e-06
    vertex 39.45682907104492 36.23945999145508 2.9999961853027344
    vertex 39.217063903808594 36.112003326416016 2.9999961853027344
  endloop
endfacet
facet normal 0.0 0.0 0.0
  outer loop
    vertex 39.45682907104492 36.23945999145508 -3.0994415283203125e-06
    vertex 39.217063903808594 36.112003326416016 2.9999961853027344
    vertex 39.217063903808594 36.112003326416016 -3.0994415283203125e-06
  endloop
endfacet
facet normal 0.0 0.0 0.0
  outer loop
    vertex 39.217063903808594 36.112003326416016 -3.0994415283203125e-06
    vertex 39.217063903808594 36.112003326416016 2.9999961853027344
    vertex 39.01412582397461 35.94916915893555 2.9999961853027344
  endloop
endfacet
facet normal 0.0 0.0 0.0
  outer loop
    vertex 39.217063903808594 36.112003326416016 -3.0994415283203125e-06
    vertex 39.01412582397461 35.94916915893555 2.9999961853027344
    vertex 39.01412582397461 35.94916915893555 -3.0994415283203125e-06
  endloop
endfacet
facet normal 0.0 0.0 0.0
  outer loop
    vertex 39.01412582397461 35.94916915893555 -3.0994415283203125e-06
    vertex 39.01412582397461 35.94916915893555 2.9999961853027344
    vertex 38.836708068847656 35.73876190185547 2.9999961853027344
  endloop
endfacet
facet normal 0.0 0.0 0.0
  outer loop
    vertex 39.01412582397461 35.94916915893555 -3.0994415283203125e-06
    vertex 38.836708068847656 35.73876190185547 2.9999961853027344
    vertex 38.836708068847656 35.73876190185547 -3.0994415283203125e-06
  endloop
endfacet
facet normal 0.0 0.0 0.0
  outer loop
    vertex 38.836708068847656 35.73876190185547 -3.0994415283203125e-06
    vertex 38.836708068847656 35.73876190185547 2.9999961853027344
    vertex 38.70047378540039 35.49138259887695 2.9999961853027344
  endloop
endfacet
facet normal 0.0 0.0 0.0
  outer loop
    vertex 38.836708068847656 35.73876190185547 -3.0994415283203125e-06
    vertex 38.70047378540039 35.49138259887695 2.9999961853027344
    vertex 38.70047378540039 35.49138259887695 -3.0994415283203125e-06
  endloop
endfacet
facet normal 0.0 0.0 0.0
  outer loop
    vertex 38.70047378540039 35.49138259887695 -3.0994415283203125e-06
    vertex 38.70047378540039 35.49138259887695 2.9999961853027344
    vertex 38.61714553833008 35.220619201660156 2.9999961853027344
  endloop
endfacet
facet normal 0.0 0.0 0.0
  outer loop
    vertex 38.70047378540039 35.49138259887695 -3.0994415283203125e-06
    vertex 38.61714553833008 35.220619201660156 2.9999961853027344
    vertex 38.61714553833008 35.220619201660156 -3.0994415283203125e-06
  endloop
endfacet
facet normal 0.0 0.0 0.0
  outer loop
    vertex 38.61714553833008 35.220619201660156 -3.0994415283203125e-06
    vertex 38.61714553833008 35.220619201660156 2.9999961853027344
    vertex 38.58931350708008 34.94467544555664 2.9999961853027344
  endloop
endfacet
facet normal 0.0 0.0 0.0
  outer loop
    vertex 38.61714553833008 35.220619201660156 -3.0994415283203125e-06
    vertex 38.58931350708008 34.94467544555664 2.9999961853027344
    vertex 38.58931350708008 34.94467544555664 -3.0994415283203125e-06
  endloop
endfacet
facet normal 0.0 0.0 0.0
  outer loop
    vertex 38.58931350708008 34.94467544555664 -3.0994415283203125e-06
    vertex 38.58931350708008 34.94467544555664 2.9999961853027344
    vertex 38.61522674560547 34.67858123779297 2.9999961853027344
  endloop
endfacet
facet normal 0.0 0.0 0.0
  outer loop
    vertex 38.58931350708008 34.94467544555664 -3.0994415283203125e-06
    vertex 38.61522674560547 34.67858123779297 2.9999961853027344
    vertex 38.61522674560547 34.67858123779297 -3.0994415283203125e-06
  endloop
endfacet
facet normal 0.0 0.0 0.0
  outer loop
    vertex 38.61522674560547 34.67858123779297 -3.0994415283203125e-06
    vertex 38.61522674560547 34.67858123779297 2.9999961853027344
    vertex 38.69464111328125 34.41192626953125 2.9999961853027344
  endloop
endfacet
facet normal 0.0 0.0 0.0
  outer loop
    vertex 38.61522674560547 34.67858123779297 -3.0994415283203125e-06
    vertex 38.69464111328125 34.41192626953125 2.9999961853027344
    vertex 38.69464111328125 34.41192626953125 -3.0994415283203125e-06
  endloop
endfacet
facet normal 0.0 0.0 0.0
  outer loop
    vertex 38.69464111328125 34.41192626953125 -3.0994415283203125e-06
    vertex 38.69464111328125 34.41192626953125 2.9999961853027344
    vertex 38.82734298706055 34.164493560791016 2.9999961853027344
  endloop
endfacet
facet normal 0.0 0.0 0.0
  outer loop
    vertex 38.69464111328125 34.41192626953125 -3.0994415283203125e-06
    vertex 38.82734298706055 34.164493560791016 2.9999961853027344
    vertex 38.82734298706055 34.164493560791016 -3.0994415283203125e-06
  endloop
endfacet
facet normal 0.0 0.0 0.0
  outer loop
    vertex 38.82734298706055 34.164493560791016 -3.0994415283203125e-06
    vertex 38.82734298706055 34.164493560791016 2.9999961853027344
    vertex 39.00179672241211 33.952301025390625 2.9999961853027344
  endloop
endfacet
facet normal 0.0 0.0 0.0
  outer loop
    vertex 38.82734298706055 34.164493560791016 -3.0994415283203125e-06
    vertex 39.00179672241211 33.952301025390625 2.9999961853027344
    vertex 39.00179672241211 33.952301025390625 -3.0994415283203125e-06
  endloop
endfacet
facet normal 0.0 0.0 0.0
  outer loop
    vertex 39.00179672241211 33.952301025390625 -3.0994415283203125e-06
    vertex 39.00179672241211 33.952301025390625 2.9999961853027344
    vertex 39.210060119628906 33.78205490112305 2.9999961853027344
  endloop
endfacet
facet normal 0.0 0.0 0.0
  outer loop
    vertex 39.00179672241211 33.952301025390625 -3.0994415283203125e-06
    vertex 39.210060119628906 33.78205490112305 2.9999961853027344
    vertex 39.210060119628906 33.78205490112305 -3.0994415283203125e-06
  endloop
endfacet
facet normal 0.0 0.0 0.0
  outer loop
    vertex 39.210060119628906 33.78205490112305 -3.0994415283203125e-06
    vertex 39.210060119628906 33.78205490112305 2.9999961853027344
    vertex 39.45454788208008 33.65083694458008 2.9999961853027344
  endloop
endfacet
facet normal 0.0 0.0 0.0
  outer loop
    vertex 39.210060119628906 33.78205490112305 -3.0994415283203125e-06
    vertex 39.45454788208008 33.65083694458008 2.9999961853027344
    vertex 39.45454788208008 33.65083694458008 -3.0994415283203125e-06
  endloop
endfacet
facet normal 0.0 0.0 0.0
  outer loop
    vertex 39.45454788208008 33.65083694458008 -3.0994415283203125e-06
    vertex 39.45454788208008 33.65083694458008 2.9999961853027344
    vertex 39.720638275146484 33.57108688354492 2.9999961853027344
  endloop
endfacet
facet normal 0.0 0.0 0.0
  outer loop
    vertex 39.45454788208008 33.65083694458008 -3.0994415283203125e-06
    vertex 39.720638275146484 33.57108688354492 2.9999961853027344
    vertex 39.720638275146484 33.57108688354492 -3.0994415283203125e-06
  endloop
endfacet
facet normal 0.0 0.0 0.0
  outer loop
    vertex 39.720638275146484 33.57108688354492 -3.0994415283203125e-06
    vertex 39.720638275146484 33.57108688354492 2.9999961853027344
    vertex 39.989315032958984 33.544677734375 2.9999959468841553
  endloop
endfacet
facet normal 0.0 0.0 0.0
  outer loop
    vertex 39.720638275146484 33.57108688354492 -3.0994415283203125e-06
    vertex 39.989315032958984 33.544677734375 2.9999959468841553
    vertex 39.989315032958984 33.544677734375 -3.337860107421875e-06
  endloop
endfacet
facet normal 0.0 0.0 0.0
  outer loop
    vertex -12.588746070861816 25.917421340942383 4.0531158447265625e-06
    vertex -12.588746070861816 25.917421340942383 3.0000033378601074
    vertex -12.944622039794922 25.96427345275879 4.291534423828125e-06
  endloop
endfacet
facet normal 0.0 0.0 0.0
  outer loop
    vertex -12.944622039794922 25.96427345275879 4.291534423828125e-06
    vertex -12.588746070861816 25.917421340942383 3.0000033378601074
    vertex -12.944622039794922 25.96427345275879 3.0000035762786865
  endloop
endfacet
facet normal 0.0 0.0 0.0
  outer loop
    vertex -12.944622039794922 25.96427345275879 4.291534423828125e-06
    vertex -12.944622039794922 25.96427345275879 3.0000035762786865
    vertex -13.300498008728027 25.917421340942383 4.291534423828125e-06
  endloop
endfacet
facet normal 0.0 0.0 0.0
  outer loop
    vertex -13.300498008728027 25.917421340942383 4.291534423828125e-06
    vertex -12.944622039794922 25.96427345275879 3.0000035762786865
    vertex -13.300498008728027 25.917421340942383 3.0000035762786865
  endloop
endfacet
facet normal 0.0 0.0 0.0
  outer loop
    vertex -13.300498008728027 25.917421340942383 4.291534423828125e-06
    vertex -13.300498008728027 25.917421340942383 3.0000035762786865
    vertex -13.632122039794922 25.780057907104492 4.291534423828125e-06
  endloop
endfacet
facet normal 0.0 0.0 0.0
  outer loop
    vertex -13.632122039794922 25.780057907104492 4.291534423828125e-06
    vertex -13.300498008728027 25.917421340942383 3.0000035762786865
    vertex -13.632121086120605 25.780057907104492 3.0000035762786865
  endloop
endfacet
facet normal 0.0 0.0 0.0
  outer loop
    vertex -13.632122039794922 25.780057907104492 4.291534423828125e-06
    vertex -13.632121086120605 25.780057907104492 3.0000035762786865
    vertex -13.91689395904541 25.561546325683594 4.291534423828125e-06
  endloop
endfacet
facet normal 0.0 0.0 0.0
  outer loop
    vertex -13.91689395904541 25.561546325683594 4.291534423828125e-06
    vertex -13.632121086120605 25.780057907104492 3.0000035762786865
    vertex -13.916893005371094 25.561546325683594 3.0000035762786865
  endloop
endfacet
facet normal 0.0 0.0 0.0
  outer loop
    vertex -13.91689395904541 25.561546325683594 4.291534423828125e-06
    vertex -13.916893005371094 25.561546325683594 3.0000035762786865
    vertex -14.135407447814941 25.27677345275879 4.291534423828125e-06
  endloop
endfacet
facet normal 0.0 0.0 0.0
  outer loop
    vertex -14.135407447814941 25.27677345275879 4.291534423828125e-06
    vertex -13.916893005371094 25.561546325683594 3.0000035762786865
    vertex -14.135406494140625 25.27677345275879 3.0000035762786865
  endloop
endfacet
facet normal 0.0 0.0 0.0
  outer loop
    vertex -14.135407447814941 25.27677345275879 4.291534423828125e-06
    vertex -14.135406494140625 25.27677345275879 3.0000035762786865
    vertex -14.272769927978516 24.94515037536621 4.291534423828125e-06
  endloop
endfacet
facet normal 0.0 0.0 0.0
  outer loop
    vertex -14.272769927978516 24.94515037536621 4.291534423828125e-06
    vertex -14.135406494140625 25.27677345275879 3.0000035762786865
    vertex -14.2727689743042 24.94515037536621 3.0000035762786865
  endloop
endfacet
facet normal 0.0 0.0 0.0
  outer loop
    vertex -14.272769927978516 24.94515037536621 4.291534423828125e-06
    vertex -14.2727689743042 24.94515037536621 3.0000035762786865
    vertex -14.319622039794922 24.58927345275879 4.291534423828125e-06
  endloop
endfacet
facet normal 0.0 0.0 0.0
  outer loop
    vertex -14.319622039794922 24.58927345275879 4.291534423828125e-06
    vertex -14.2727689743042 24.94515037536621 3.0000035762786865
    vertex -14.319621086120605 24.58927345275879 3.0000035762786865
  endloop
endfacet
facet normal 0.0 0.0 0.0
  outer loop
    vertex -14.319622039794922 24.58927345275879 4.291534423828125e-06
    vertex -14.319621086120605 24.58927345275879 3.0000035762786865
    vertex -14.272769927978516 24.233396530151367 4.291534423828125e-06
  endloop
endfacet
facet normal 0.0 0.0 0.0
  outer loop
    vertex -14.272769927978516 24.233396530151367 4.291534423828125e-06
    vertex -14.319621086120605 24.58927345275879 3.0000035762786865
    vertex -14.2727689743042 24.233396530151367 3.0000035762786865
  endloop
endfacet
facet normal 0.0 0.0 0.0
  outer loop
    vertex -14.272769927978516 24.233396530151367 4.291534423828125e-06
    vertex -14.2727689743042 24.233396530151367 3.0000035762786865
    vertex -14.135407447814941 23.901775360107422 4.291534423828125e-06
  endloop
endfacet
facet normal 0.0 0.0 0.0
  outer loop
    vertex -14.135407447814941 23.901775360107422 4.291534423828125e-06
    vertex -14.2727689743042 24.233396530151367 3.0000035762786865
    vertex -14.135406494140625 23.901775360107422 3.0000035762786865
  endloop
endfacet
facet normal 0.0 0.0 0.0
  outer loop
    vertex -14.135407447814941 23.901775360107422 4.291534423828125e-06
    vertex -14.135406494140625 23.901775360107422 3.0000035762786865
    vertex -13.91689395904541 23.61700439453125 4.291534423828125e-06
  endloop
endfacet
facet normal 0.0 0.0 0.0
  outer loop
    vertex -13.91689395904541 23.61700439453125 4.291534423828125e-06
    vertex -14.135406494140625 23.901775360107422 3.0000035762786865
    vertex -13.916893005371094 23.61700439453125 3.0000035762786865
  endloop
endfacet
facet normal 0.0 0.0 0.0
  outer loop
    vertex -13.91689395904541 23.61700439453125 4.291534423828125e-06
    vertex -13.916893005371094 23.61700439453125 3.0000035762786865
    vertex -13.632122039794922 23.39849090576172 4.291534423828125e-06
  endloop
endfacet
facet normal 0.0 0.0 0.0
  outer loop
    vertex -13.632122039794922 23.39849090576172 4.291534423828125e-06
    vertex -13.916893005371094 23.61700439453125 3.0000035762786865
    vertex -13.632121086120605 23.39849090576172 3.0000035762786865
  endloop
endfacet
facet normal 0.0 0.0 0.0
  outer loop
    vertex -13.632122039794922 23.39849090576172 4.291534423828125e-06
    vertex -13.632121086120605 23.39849090576172 3.0000035762786865
    vertex -13.300498008728027 23.261127471923828 4.291534423828125e-06
  endloop
endfacet
facet normal 0.0 0.0 0.0
  outer loop
    vertex -13.300498008728027 23.261127471923828 4.291534423828125e-06
    vertex -13.632121086120605 23.39849090576172 3.0000035762786865
    vertex -13.300497055053711 23.261127471923828 3.0000035762786865
  endloop
endfacet
facet normal 0.0 0.0 0.0
  outer loop
    vertex -13.300498008728027 23.261127471923828 4.291534423828125e-06
    vertex -13.300497055053711 23.261127471923828 3.0000035762786865
    vertex -12.944622039794922 23.214275360107422 4.291534423828125e-06
  endloop
endfacet
facet normal 0.0 0.0 0.0
  outer loop
    vertex -12.944622039794922 23.214275360107422 4.291534423828125e-06
    vertex -13.300497055053711 23.261127471923828 3.0000035762786865
    vertex -12.944621086120605 23.214275360107422 3.0000035762786865
  endloop
endfacet
facet normal 0.0 0.0 0.0
  outer loop
    vertex -12.944622039794922 23.214275360107422 4.291534423828125e-06
    vertex -12.944621086120605 23.214275360107422 3.0000035762786865
    vertex -12.588746070861816 23.261127471923828 4.0531158447265625e-06
  endloop
endfacet
facet normal 0.0 0.0 0.0
  outer loop
    vertex -12.588746070861816 23.261127471923828 4.0531158447265625e-06
    vertex -12.944621086120605 23.214275360107422 3.0000035762786865
    vertex -12.5887451171875 23.261127471923828 3.0000033378601074
  endloop
endfacet
facet normal 0.0 0.0 0.0
  outer loop
    vertex -12.588746070861816 23.261127471923828 4.0531158447265625e-06
    vertex -12.5887451171875 23.261127471923828 3.0000033378601074
    vertex -12.257122039794922 23.39849090576172 4.0531158447265625e-06
  endloop
endfacet
facet normal 0.0 0.0 0.0
  outer loop
    vertex -12.257122039794922 23.39849090576172 4.0531158447265625e-06
    vertex -12.5887451171875 23.261127471923828 3.0000033378601074
    vertex -12.257121086120605 23.39849090576172 3.0000033378601074
  endloop
endfacet
facet normal 0.0 0.0 0.0
  outer loop
    vertex -12.257122039794922 23.39849090576172 4.0531158447265625e-06
    vertex -12.257121086120605 23.39849090576172 3.0000033378601074
    vertex -11.97235107421875 23.61700439453125 4.0531158447265625e-06
  endloop
endfacet
facet normal 0.0 0.0 0.0
  outer loop
    vertex -11.97235107421875 23.61700439453125 4.0531158447265625e-06
    vertex -12.257121086120605 23.39849090576172 3.0000033378601074
    vertex -11.972350120544434 23.61700439453125 3.0000033378601074
  endloop
endfacet
facet normal 0.0 0.0 0.0
  outer loop
    vertex -11.97235107421875 23.61700439453125 4.0531158447265625e-06
    vertex -11.972350120544434 23.61700439453125 3.0000033378601074
    vertex -11.753838539123535 23.901775360107422 4.0531158447265625e-06
  endloop
endfacet
facet normal 0.0 0.0 0.0
  outer loop
    vertex -11.753838539123535 23.901775360107422 4.0531158447265625e-06
    vertex -11.972350120544434 23.61700439453125 3.0000033378601074
    vertex -11.753837585449219 23.901775360107422 3.0000033378601074
  endloop
endfacet
facet normal 0.0 0.0 0.0
  outer loop
    vertex -11.753838539123535 23.901775360107422 4.0531158447265625e-06
    vertex -11.753837585449219 23.901775360107422 3.0000033378601074
    vertex -11.616475105285645 24.2333984375 4.0531158447265625e-06
  endloop
endfacet
facet normal 0.0 0.0 0.0
  outer loop
    vertex -11.616475105285645 24.2333984375 4.0531158447265625e-06
    vertex -11.753837585449219 23.901775360107422 3.0000033378601074
    vertex -11.616474151611328 24.2333984375 3.0000033378601074
  endloop
endfacet
facet normal 0.0 0.0 0.0
  outer loop
    vertex -11.616475105285645 24.2333984375 4.0531158447265625e-06
    vertex -11.616474151611328 24.2333984375 3.0000033378601074
    vertex -11.569622993469238 24.589275360107422 4.0531158447265625e-06
  endloop
endfacet
facet normal 0.0 0.0 0.0
  outer loop
    vertex -11.569622993469238 24.589275360107422 4.0531158447265625e-06
    vertex -11.616474151611328 24.2333984375 3.0000033378601074
    vertex -11.569622039794922 24.589275360107422 3.0000033378601074
  endloop
endfacet
facet normal 0.0 0.0 0.0
  outer loop
    vertex -11.569622993469238 24.589275360107422 4.0531158447265625e-06
    vertex -11.569622039794922 24.589275360107422 3.0000033378601074
    vertex -11.616475105285645 24.945152282714844 4.0531158447265625e-06
  endloop
endfacet
facet normal 0.0 0.0 0.0
  outer loop
    vertex -11.616475105285645 24.945152282714844 4.0531158447265625e-06
    vertex -11.569622039794922 24.589275360107422 3.0000033378601074
    vertex -11.616474151611328 24.945152282714844 3.0000033378601074
  endloop
endfacet
facet normal 0.0 0.0 0.0
  outer loop
    vertex -11.616475105285645 24.945152282714844 4.0531158447265625e-06
    vertex -11.616474151611328 24.945152282714844 3.0000033378601074
    vertex -11.753838539123535 25.27677345275879 4.0531158447265625e-06
  endloop
endfacet
facet normal 0.0 0.0 0.0
  outer loop
    vertex -11.753838539123535 25.27677345275879 4.0531158447265625e-06
    vertex -11.616474151611328 24.945152282714844 3.0000033378601074
    vertex -11.753837585449219 25.27677345275879 3.0000033378601074
  endloop
endfacet
facet normal 0.0 0.0 0.0
  outer loop
    vertex -11.753838539123535 25.27677345275879 4.0531158447265625e-06
    vertex -11.753837585449219 25.27677345275879 3.0000033378601074
    vertex -11.97235107421875 25.561546325683594 4.0531158447265625e-06
  endloop
endfacet
facet normal 0.0 0.0 0.0
  outer loop
    vertex -11.97235107421875 25.561546325683594 4.0531158447265625e-06
    vertex -11.753837585449219 25.27677345275879 3.0000033378601074
    vertex -11.972350120544434 25.561546325683594 3.0000033378601074
  endloop
endfacet
facet normal 0.0 0.0 0.0
  outer loop
    vertex -11.97235107421875 25.561546325683594 4.0531158447265625e-06
    vertex -11.972350120544434 25.561546325683594 3.0000033378601074
    vertex -12.257122039794922 25.780057907104492 4.0531158447265625e-06
  endloop
endfacet
facet normal 0.0 0.0 0.0
  outer loop
    vertex -12.257122039794922 25.780057907104492 4.0531158447265625e-06
    vertex -11.972350120544434 25.561546325683594 3.0000033378601074
    vertex -12.257121086120605 25.780057907104492 3.0000033378601074
  endloop
endfacet
facet normal 0.0 0.0 0.0
  outer loop
    vertex -12.257122039794922 25.780057907104492 4.0531158447265625e-06
    vertex -12.257121086120605 25.780057907104492 3.0000033378601074
    vertex -12.588746070861816 25.917421340942383 4.0531158447265625e-06
  endloop
endfacet
facet normal 0.0 0.0 0.0
  outer loop
    vertex -12.588746070861816 25.917421340942383 4.0531158447265625e-06
    vertex -12.257121086120605 25.780057907104492 3.0000033378601074
    vertex -12.588746070861816 25.917421340942383 3.0000033378601074
  endloop
endfacet
facet normal 0.0 0.0 0.0
  outer loop
    vertex 45.41123962402344 -23.082557678222656 -4.0531158447265625e-06
    vertex 45.41123962402344 -23.082557678222656 2.999995231628418
    vertex 45.05536651611328 -23.03570556640625 -3.814697265625e-06
  endloop
endfacet
facet normal 0.0 0.0 0.0
  outer loop
    vertex 45.05536651611328 -23.03570556640625 -3.814697265625e-06
    vertex 45.41123962402344 -23.082557678222656 2.999995231628418
    vertex 45.05536651611328 -23.03570556640625 2.999995470046997
  endloop
endfacet
facet normal 0.0 0.0 0.0
  outer loop
    vertex 45.05536651611328 -23.03570556640625 -3.814697265625e-06
    vertex 45.05536651611328 -23.03570556640625 2.999995470046997
    vertex 44.69948959350586 -23.082557678222656 -3.814697265625e-06
  endloop
endfacet
facet normal 0.0 0.0 0.0
  outer loop
    vertex 44.69948959350586 -23.082557678222656 -3.814697265625e-06
    vertex 45.05536651611328 -23.03570556640625 2.999995470046997
    vertex 44.69948959350586 -23.082557678222656 2.999995470046997
  endloop
endfacet
facet normal 0.0 0.0 0.0
  outer loop
    vertex 44.69948959350586 -23.082557678222656 -3.814697265625e-06
    vertex 44.69948959350586 -23.082557678222656 2.999995470046997
    vertex 44.36786651611328 -23.219921112060547 -3.814697265625e-06
  endloop
endfacet
facet normal 0.0 0.0 0.0
  outer loop
    vertex 44.36786651611328 -23.219921112060547 -3.814697265625e-06
    vertex 44.69948959350586 -23.082557678222656 2.999995470046997
    vertex 44.36786651611328 -23.219921112060547 2.999995470046997
  endloop
endfacet
facet normal 0.0 0.0 0.0
  outer loop
    vertex 44.36786651611328 -23.219921112060547 -3.814697265625e-06
    vertex 44.36786651611328 -23.219921112060547 2.999995470046997
    vertex 44.083091735839844 -23.438432693481445 -3.814697265625e-06
  endloop
endfacet
facet normal 0.0 0.0 0.0
  outer loop
    vertex 44.083091735839844 -23.438432693481445 -3.814697265625e-06
    vertex 44.36786651611328 -23.219921112060547 2.999995470046997
    vertex 44.083091735839844 -23.438432693481445 2.999995470046997
  endloop
endfacet
facet normal 0.0 0.0 0.0
  outer loop
    vertex 44.083091735839844 -23.438432693481445 -3.814697265625e-06
    vertex 44.083091735839844 -23.438432693481445 2.999995470046997
    vertex 43.86458206176758 -23.72320556640625 -3.814697265625e-06
  endloop
endfacet
facet normal 0.0 0.0 0.0
  outer loop
    vertex 43.86458206176758 -23.72320556640625 -3.814697265625e-06
    vertex 44.083091735839844 -23.438432693481445 2.999995470046997
    vertex 43.86458206176758 -23.72320556640625 2.999995470046997
  endloop
endfacet
facet normal 0.0 0.0 0.0
  outer loop
    vertex 43.86458206176758 -23.72320556640625 -3.814697265625e-06
    vertex 43.86458206176758 -23.72320556640625 2.999995470046997
    vertex 43.72721862792969 -24.054826736450195 -3.814697265625e-06
  endloop
endfacet
facet normal 0.0 0.0 0.0
  outer loop
    vertex 43.72721862792969 -24.054826736450195 -3.814697265625e-06
    vertex 43.86458206176758 -23.72320556640625 2.999995470046997
    vertex 43.72721862792969 -24.054826736450195 2.999995470046997
  endloop
endfacet
facet normal 0.0 0.0 0.0
  outer loop
    vertex 43.72721862792969 -24.054826736450195 -3.814697265625e-06
    vertex 43.72721862792969 -24.054826736450195 2.999995470046997
    vertex 43.68036651611328 -24.410703659057617 -3.814697265625e-06
  endloop
endfacet
facet normal 0.0 0.0 0.0
  outer loop
    vertex 43.68036651611328 -24.410703659057617 -3.814697265625e-06
    vertex 43.72721862792969 -24.054826736450195 2.999995470046997
    vertex 43.68036651611328 -24.410703659057617 2.999995470046997
  endloop
endfacet
facet normal 0.0 0.0 0.0
  outer loop
    vertex 43.68036651611328 -24.410703659057617 -3.814697265625e-06
    vertex 43.68036651611328 -24.410703659057617 2.999995470046997
    vertex 43.72721862792969 -24.76658058166504 -3.814697265625e-06
  endloop
endfacet
facet normal 0.0 0.0 0.0
  outer loop
    vertex 43.72721862792969 -24.76658058166504 -3.814697265625e-06
    vertex 43.68036651611328 -24.410703659057617 2.999995470046997
    vertex 43.72721862792969 -24.76658058166504 2.999995470046997
  endloop
endfacet
facet normal 0.0 0.0 0.0
  outer loop
    vertex 43.72721862792969 -24.76658058166504 -3.814697265625e-06
    vertex 43.72721862792969 -24.76658058166504 2.999995470046997
    vertex 43.86458206176758 -25.098203659057617 -3.814697265625e-06
  endloop
endfacet
facet normal 0.0 0.0 0.0
  outer loop
    vertex 43.86458206176758 -25.098203659057617 -3.814697265625e-06
    vertex 43.72721862792969 -24.76658058166504 2.999995470046997
    vertex 43.86458206176758 -25.098203659057617 2.999995470046997
  endloop
endfacet
facet normal 0.0 0.0 0.0
  outer loop
    vertex 43.86458206176758 -25.098203659057617 -3.814697265625e-06
    vertex 43.86458206176758 -25.098203659057617 2.999995470046997
    vertex 44.083091735839844 -25.38297462463379 -3.814697265625e-06
  endloop
endfacet
facet normal 0.0 0.0 0.0
  outer loop
    vertex 44.083091735839844 -25.38297462463379 -3.814697265625e-06
    vertex 43.86458206176758 -25.098203659057617 2.999995470046997
    vertex 44.083091735839844 -25.38297462463379 2.999995470046997
  endloop
endfacet
facet normal 0.0 0.0 0.0
  outer loop
    vertex 44.083091735839844 -25.38297462463379 -3.814697265625e-06
    vertex 44.083091735839844 -25.38297462463379 2.999995470046997
    vertex 44.36786651611328 -25.60148811340332 -3.814697265625e-06
  endloop
endfacet
facet normal 0.0 0.0 0.0
  outer loop
    vertex 44.36786651611328 -25.60148811340332 -3.814697265625e-06
    vertex 44.083091735839844 -25.38297462463379 2.999995470046997
    vertex 44.36786651611328 -25.60148811340332 2.999995470046997
  endloop
endfacet
facet normal 0.0 0.0 0.0
  outer loop
    vertex 44.36786651611328 -25.60148811340332 -3.814697265625e-06
    vertex 44.36786651611328 -25.60148811340332 2.999995470046997
    vertex 44.69948959350586 -25.73885154724121 -3.814697265625e-06
  endloop
endfacet
facet normal 0.0 0.0 0.0
  outer loop
    vertex 44.69948959350586 -25.73885154724121 -3.814697265625e-06
    vertex 44.36786651611328 -25.60148811340332 2.999995470046997
    vertex 44.69948959350586 -25.73885154724121 2.999995470046997
  endloop
endfacet
facet normal 0.0 0.0 0.0
  outer loop
    vertex 44.69948959350586 -25.73885154724121 -3.814697265625e-06
    vertex 44.69948959350586 -25.73885154724121 2.999995470046997
    vertex 45.05536651611328 -25.785703659057617 -3.814697265625e-06
  endloop
endfacet
facet normal 0.0 0.0 0.0
  outer loop
    vertex 45.05536651611328 -25.785703659057617 -3.814697265625e-06
    vertex 44.69948959350586 -25.73885154724121 2.999995470046997
    vertex 45.05536651611328 -25.785703659057617 2.999995470046997
  endloop
endfacet
facet normal 0.0 0.0 0.0
  outer loop
    vertex 45.05536651611328 -25.785703659057617 -3.814697265625e-06
    vertex 45.05536651611328 -25.785703659057617 2.999995470046997
    vertex 45.41123962402344 -25.73885154724121 -4.0531158447265625e-06
  endloop
endfacet
facet normal 0.0 0.0 0.0
  outer loop
    vertex 45.41123962402344 -25.73885154724121 -4.0531158447265625e-06
    vertex 45.05536651611328 -25.785703659057617 2.999995470046997
    vertex 45.41123962402344 -25.73885154724121 2.999995231628418
  endloop
endfacet
facet normal 0.0 0.0 0.0
  outer loop
    vertex 45.41123962402344 -25.73885154724121 -4.0531158447265625e-06
    vertex 45.41123962402344 -25.73885154724121 2.999995231628418
    vertex 45.74286651611328 -25.60148811340332 -4.0531158447265625e-06
  endloop
endfacet
facet normal 0.0 0.0 0.0
  outer loop
    vertex 45.74286651611328 -25.60148811340332 -4.0531158447265625e-06
    vertex 45.41123962402344 -25.73885154724121 2.999995231628418
    vertex 45.74286651611328 -25.60148811340332 2.999995231628418
  endloop
endfacet
facet normal 0.0 0.0 0.0
  outer loop
    vertex 45.74286651611328 -25.60148811340332 -4.0531158447265625e-06
    vertex 45.74286651611328 -25.60148811340332 2.999995231628418
    vertex 46.02763748168945 -25.38297462463379 -4.0531158447265625e-06
  endloop
endfacet
facet normal 0.0 0.0 0.0
  outer loop
    vertex 46.02763748168945 -25.38297462463379 -4.0531158447265625e-06
    vertex 45.74286651611328 -25.60148811340332 2.999995231628418
    vertex 46.02763748168945 -25.38297462463379 2.999995231628418
  endloop
endfacet
facet normal 0.0 0.0 0.0
  outer loop
    vertex 46.02763748168945 -25.38297462463379 -4.0531158447265625e-06
    vertex 46.02763748168945 -25.38297462463379 2.999995231628418
    vertex 46.246150970458984 -25.098203659057617 -4.0531158447265625e-06
  endloop
endfacet
facet normal 0.0 0.0 0.0
  outer loop
    vertex 46.246150970458984 -25.098203659057617 -4.0531158447265625e-06
    vertex 46.02763748168945 -25.38297462463379 2.999995231628418
    vertex 46.246150970458984 -25.098203659057617 2.999995231628418
  endloop
endfacet
facet normal 0.0 0.0 0.0
  outer loop
    vertex 46.246150970458984 -25.098203659057617 -4.0531158447265625e-06
    vertex 46.246150970458984 -25.098203659057617 2.999995231628418
    vertex 46.383514404296875 -24.76658058166504 -4.0531158447265625e-06
  endloop
endfacet
facet normal 0.0 0.0 0.0
  outer loop
    vertex 46.383514404296875 -24.76658058166504 -4.0531158447265625e-06
    vertex 46.246150970458984 -25.098203659057617 2.999995231628418
    vertex 46.383514404296875 -24.76658058166504 2.999995231628418
  endloop
endfacet
facet normal 0.0 0.0 0.0
  outer loop
    vertex 46.383514404296875 -24.76658058166504 -4.0531158447265625e-06
    vertex 46.383514404296875 -24.76658058166504 2.999995231628418
    vertex 46.43036651611328 -24.410703659057617 -4.0531158447265625e-06
  endloop
endfacet
facet normal 0.0 0.0 0.0
  outer loop
    vertex 46.43036651611328 -24.410703659057617 -4.0531158447265625e-06
    vertex 46.383514404296875 -24.76658058166504 2.999995231628418
    vertex 46.43036651611328 -24.410703659057617 2.999995231628418
  endloop
endfacet
facet normal 0.0 0.0 0.0
  outer loop
    vertex 46.43036651611328 -24.410703659057617 -4.0531158447265625e-06
    vertex 46.43036651611328 -24.410703659057617 2.999995231628418
    vertex 46.383514404296875 -24.054826736450195 -4.0531158447265625e-06
  endloop
endfacet
facet normal 0.0 0.0 0.0
  outer loop
    vertex 46.383514404296875 -24.054826736450195 -4.0531158447265625e-06
    vertex 46.43036651611328 -24.410703659057617 2.999995231628418
    vertex 46.383514404296875 -24.054826736450195 2.999995231628418
  endloop
endfacet
facet normal 0.0 0.0 0.0
  outer loop
    vertex 46.383514404296875 -24.054826736450195 -4.0531158447265625e-06
    vertex 46.383514404296875 -24.054826736450195 2.999995231628418
    vertex 46.246150970458984 -23.72320556640625 -4.0531158447265625e-06
  endloop
endfacet
facet normal 0.0 0.0 0.0
  outer loop
    vertex 46.246150970458984 -23.72320556640625 -4.0531158447265625e-06
    vertex 46.383514404296875 -24.054826736450195 2.999995231628418
    vertex 46.246150970458984 -23.72320556640625 2.999995231628418
  endloop
endfacet
facet normal 0.0 0.0 0.0
  outer loop
    vertex 46.246150970458984 -23.72320556640625 -4.0531158447265625e-06
    vertex 46.246150970458984 -23.72320556640625 2.999995231628418
    vertex 46.02763748168945 -23.438432693481445 -4.0531158447265625e-06
  endloop
endfacet
facet normal 0.0 0.0 0.0
  outer loop
    vertex 46.02763748168945 -23.438432693481445 -4.0531158447265625e-06
    vertex 46.246150970458984 -23.72320556640625 2.999995231628418
    vertex 46.02763748168945 -23.438432693481445 2.999995231628418
  endloop
endfacet
facet normal 0.0 0.0 0.0
  outer loop
    vertex 46.02763748168945 -23.438432693481445 -4.0531158447265625e-06
    vertex 46.02763748168945 -23.438432693481445 2.999995231628418
    vertex 45.74286651611328 -23.219921112060547 -4.0531158447265625e-06
  endloop
endfacet
facet normal 0.0 0.0 0.0
  outer loop
    vertex 45.74286651611328 -23.219921112060547 -4.0531158447265625e-06
    vertex 46.02763748168945 -23.438432693481445 2.999995231628418
    vertex 45.74286651611328 -23.219921112060547 2.999995231628418
  endloop
endfacet
facet normal 0.0 0.0 0.0
  outer loop
    vertex 45.74286651611328 -23.219921112060547 -4.0531158447265625e-06
    vertex 45.74286651611328 -23.219921112060547 2.999995231628418
    vertex 45.41123962402344 -23.082557678222656 -4.0531158447265625e-06
  endloop
endfacet
facet normal 0.0 0.0 0.0
  outer loop
    vertex 45.41123962402344 -23.082557678222656 -4.0531158447265625e-06
    vertex 45.74286651611328 -23.219921112060547 2.999995231628418
    vertex 45.41123962402344 -23.082557678222656 2.999995231628418
  endloop
endfacet
facet normal 0.0 0.0 0.0
  outer loop
    vertex -0.0106702521443367 33.5446662902832 3.0000016689300537
    vertex 0.2580070197582245 33.571075439453125 3.0000016689300537
    vertex -0.010670673102140427 33.5446662902832 2.384185791015625e-06
  endloop
endfacet
facet normal 0.0 0.0 0.0
  outer loop
    vertex -0.010670673102140427 33.5446662902832 2.384185791015625e-06
    vertex 0.2580070197582245 33.571075439453125 3.0000016689300537
    vertex 0.25800660252571106 33.571075439453125 2.384185791015625e-06
  endloop
endfacet
facet normal 0.0 0.0 0.0
  outer loop
    vertex 0.25800660252571106 33.571075439453125 2.384185791015625e-06
    vertex 0.2580070197582245 33.571075439453125 3.0000016689300537
    vertex 0.5240957140922546 33.65082550048828 3.0000016689300537
  endloop
endfacet
facet normal 0.0 0.0 0.0
  outer loop
    vertex 0.25800660252571106 33.571075439453125 2.384185791015625e-06
    vertex 0.5240957140922546 33.65082550048828 3.0000016689300537
    vertex 0.5240952968597412 33.65082550048828 2.384185791015625e-06
  endloop
endfacet
facet normal 0.0 0.0 0.0
  outer loop
    vertex 0.5240952968597412 33.65082550048828 2.384185791015625e-06
    vertex 0.5240957140922546 33.65082550048828 3.0000016689300537
    vertex 0.7685844302177429 33.78204345703125 3.0000016689300537
  endloop
endfacet
facet normal 0.0 0.0 0.0
  outer loop
    vertex 0.5240952968597412 33.65082550048828 2.384185791015625e-06
    vertex 0.7685844302177429 33.78204345703125 3.0000016689300537
    vertex 0.7685840129852295 33.78204345703125 2.384185791015625e-06
  endloop
endfacet
facet normal 0.0 0.0 0.0
  outer loop
    vertex 0.7685840129852295 33.78204345703125 2.384185791015625e-06
    vertex 0.7685844302177429 33.78204345703125 3.0000016689300537
    vertex 0.9768469929695129 33.95228958129883 3.0000014305114746
  endloop
endfacet
facet normal 0.0 0.0 0.0
  outer loop
    vertex 0.7685840129852295 33.78204345703125 2.384185791015625e-06
    vertex 0.9768469929695129 33.95228958129883 3.0000014305114746
    vertex 0.9768465757369995 33.95228958129883 2.1457672119140625e-06
  endloop
endfacet
facet normal 0.0 0.0 0.0
  outer loop
    vertex 0.9768465757369995 33.95228958129883 2.1457672119140625e-06
    vertex 0.9768469929695129 33.95228958129883 3.0000014305114746
    vertex 1.1513028144836426 34.164485931396484 3.0000014305114746
  endloop
endfacet
facet normal 0.0 0.0 0.0
  outer loop
    vertex 0.9768465757369995 33.95228958129883 2.1457672119140625e-06
    vertex 1.1513028144836426 34.164485931396484 3.0000014305114746
    vertex 1.1513023376464844 34.164485931396484 2.1457672119140625e-06
  endloop
endfacet
facet normal 0.0 0.0 0.0
  outer loop
    vertex 1.1513023376464844 34.164485931396484 2.1457672119140625e-06
    vertex 1.1513028144836426 34.164485931396484 3.0000014305114746
    vertex 1.2840027809143066 34.41191864013672 3.0000014305114746
  endloop
endfacet
facet normal 0.0 0.0 0.0
  outer loop
    vertex 1.1513023376464844 34.164485931396484 2.1457672119140625e-06
    vertex 1.2840027809143066 34.41191864013672 3.0000014305114746
    vertex 1.2840023040771484 34.41191864013672 2.1457672119140625e-06
  endloop
endfacet
facet normal 0.0 0.0 0.0
  outer loop
    vertex 1.2840023040771484 34.41191864013672 2.1457672119140625e-06
    vertex 1.2840027809143066 34.41191864013672 3.0000014305114746
    vertex 1.3634188175201416 34.67857360839844 3.0000014305114746
  endloop
endfacet
facet normal 0.0 0.0 0.0
  outer loop
    vertex 1.2840023040771484 34.41191864013672 2.1457672119140625e-06
    vertex 1.3634188175201416 34.67857360839844 3.0000014305114746
    vertex 1.363418459892273 34.67857360839844 2.1457672119140625e-06
  endloop
endfacet
facet normal 0.0 0.0 0.0
  outer loop
    vertex 1.363418459892273 34.67857360839844 2.1457672119140625e-06
    vertex 1.3634188175201416 34.67857360839844 3.0000014305114746
    vertex 1.3893290758132935 34.94466781616211 3.0000014305114746
  endloop
endfacet
facet normal 0.0 0.0 0.0
  outer loop
    vertex 1.363418459892273 34.67857360839844 2.1457672119140625e-06
    vertex 1.3893290758132935 34.94466781616211 3.0000014305114746
    vertex 1.3893287181854248 34.94466781616211 2.1457672119140625e-06
  endloop
endfacet
facet normal 0.0 0.0 0.0
  outer loop
    vertex 1.3893287181854248 34.94466781616211 2.1457672119140625e-06
    vertex 1.3893290758132935 34.94466781616211 3.0000014305114746
    vertex 1.3614996671676636 35.220611572265625 3.0000014305114746
  endloop
endfacet
facet normal 0.0 0.0 0.0
  outer loop
    vertex 1.3893287181854248 34.94466781616211 2.1457672119140625e-06
    vertex 1.3614996671676636 35.220611572265625 3.0000014305114746
    vertex 1.3614991903305054 35.220611572265625 2.1457672119140625e-06
  endloop
endfacet
facet normal 0.0 0.0 0.0
  outer loop
    vertex 1.3614991903305054 35.220611572265625 2.1457672119140625e-06
    vertex 1.3614996671676636 35.220611572265625 3.0000014305114746
    vertex 1.2781697511672974 35.49137496948242 3.0000014305114746
  endloop
endfacet
facet normal 0.0 0.0 0.0
  outer loop
    vertex 1.3614991903305054 35.220611572265625 2.1457672119140625e-06
    vertex 1.2781697511672974 35.49137496948242 3.0000014305114746
    vertex 1.2781693935394287 35.49137496948242 2.1457672119140625e-06
  endloop
endfacet
facet normal 0.0 0.0 0.0
  outer loop
    vertex 1.2781693935394287 35.49137496948242 2.1457672119140625e-06
    vertex 1.2781697511672974 35.49137496948242 3.0000014305114746
    vertex 1.1419354677200317 35.73875427246094 3.0000014305114746
  endloop
endfacet
facet normal 0.0 0.0 0.0
  outer loop
    vertex 1.2781693935394287 35.49137496948242 2.1457672119140625e-06
    vertex 1.1419354677200317 35.73875427246094 3.0000014305114746
    vertex 1.141935110092163 35.73875427246094 2.1457672119140625e-06
  endloop
endfacet
facet normal 0.0 0.0 0.0
  outer loop
    vertex 1.141935110092163 35.73875427246094 2.1457672119140625e-06
    vertex 1.1419354677200317 35.73875427246094 3.0000014305114746
    vertex 0.964518129825592 35.94915771484375 3.0000014305114746
  endloop
endfacet
facet normal 0.0 0.0 0.0
  outer loop
    vertex 1.141935110092163 35.73875427246094 2.1457672119140625e-06
    vertex 0.964518129825592 35.94915771484375 3.0000014305114746
    vertex 0.9645177125930786 35.94915771484375 2.1457672119140625e-06
  endloop
endfacet
facet normal 0.0 0.0 0.0
  outer loop
    vertex 0.9645177125930786 35.94915771484375 2.1457672119140625e-06
    vertex 0.964518129825592 35.94915771484375 3.0000014305114746
    vertex 0.7615790963172913 36.11199188232422 3.0000016689300537
  endloop
endfacet
facet normal 0.0 0.0 0.0
  outer loop
    vertex 0.9645177125930786 35.94915771484375 2.1457672119140625e-06
    vertex 0.7615790963172913 36.11199188232422 3.0000016689300537
    vertex 0.7615786790847778 36.11199188232422 2.384185791015625e-06
  endloop
endfacet
facet normal 0.0 0.0 0.0
  outer loop
    vertex 0.7615786790847778 36.11199188232422 2.384185791015625e-06
    vertex 0.7615790963172913 36.11199188232422 3.0000016689300537
    vertex 0.5218169689178467 36.23944854736328 3.0000016689300537
  endloop
endfacet
facet normal 0.0 0.0 0.0
  outer loop
    vertex 0.7615786790847778 36.11199188232422 2.384185791015625e-06
    vertex 0.5218169689178467 36.23944854736328 3.0000016689300537
    vertex 0.5218165516853333 36.23944854736328 2.384185791015625e-06
  endloop
endfacet
facet normal 0.0 0.0 0.0
  outer loop
    vertex 0.5218165516853333 36.23944854736328 2.384185791015625e-06
    vertex 0.5218169689178467 36.23944854736328 3.0000016689300537
    vertex 0.2582922875881195 36.31819152832031 3.0000016689300537
  endloop
endfacet
facet normal 0.0 0.0 0.0
  outer loop
    vertex 0.5218165516853333 36.23944854736328 2.384185791015625e-06
    vertex 0.2582922875881195 36.31819152832031 3.0000016689300537
    vertex 0.2582918703556061 36.31819152832031 2.384185791015625e-06
  endloop
endfacet
facet normal 0.0 0.0 0.0
  outer loop
    vertex 0.2582918703556061 36.31819152832031 2.384185791015625e-06
    vertex 0.2582922875881195 36.31819152832031 3.0000016689300537
    vertex -0.010670614428818226 36.34466552734375 3.0000016689300537
  endloop
endfacet
facet normal 0.0 0.0 0.0
  outer loop
    vertex 0.2582918703556061 36.31819152832031 2.384185791015625e-06
    vertex -0.010670614428818226 36.34466552734375 3.0000016689300537
    vertex -0.010671035386621952 36.34466552734375 2.384185791015625e-06
  endloop
endfacet
facet normal 0.0 0.0 0.0
  outer loop
    vertex -0.010671035386621952 36.34466552734375 2.384185791015625e-06
    vertex -0.010670614428818226 36.34466552734375 3.0000016689300537
    vertex -0.2796335518360138 36.31819152832031 3.0000016689300537
  endloop
endfacet
facet normal 0.0 0.0 0.0
  outer loop
    vertex -0.010671035386621952 36.34466552734375 2.384185791015625e-06
    vertex -0.2796335518360138 36.31819152832031 3.0000016689300537
    vertex -0.2796339690685272 36.31819152832031 2.384185791015625e-06
  endloop
endfacet
facet normal 0.0 0.0 0.0
  outer loop
    vertex -0.2796339690685272 36.31819152832031 2.384185791015625e-06
    vertex -0.2796335518360138 36.31819152832031 3.0000016689300537
    vertex -0.5431581735610962 36.23944854736328 3.0000016689300537
  endloop
endfacet
facet normal 0.0 0.0 0.0
  outer loop
    vertex -0.2796339690685272 36.31819152832031 2.384185791015625e-06
    vertex -0.5431581735610962 36.23944854736328 3.0000016689300537
    vertex -0.5431585907936096 36.23944854736328 2.384185791015625e-06
  endloop
endfacet
facet normal 0.0 0.0 0.0
  outer loop
    vertex -0.5431585907936096 36.23944854736328 2.384185791015625e-06
    vertex -0.5431581735610962 36.23944854736328 3.0000016689300537
    vertex -0.782920241355896 36.11199188232422 3.0000016689300537
  endloop
endfacet
facet normal 0.0 0.0 0.0
  outer loop
    vertex -0.5431585907936096 36.23944854736328 2.384185791015625e-06
    vertex -0.782920241355896 36.11199188232422 3.0000016689300537
    vertex -0.7829206585884094 36.11199188232422 2.384185791015625e-06
  endloop
endfacet
facet normal 0.0 0.0 0.0
  outer loop
    vertex -0.7829206585884094 36.11199188232422 2.384185791015625e-06
    vertex -0.782920241355896 36.11199188232422 3.0000016689300537
    vertex -0.9858592748641968 35.94915771484375 3.000001907348633
  endloop
endfacet
facet normal 0.0 0.0 0.0
  outer loop
    vertex -0.7829206585884094 36.11199188232422 2.384185791015625e-06
    vertex -0.9858592748641968 35.94915771484375 3.000001907348633
    vertex -0.9858596920967102 35.94915771484375 2.6226043701171875e-06
  endloop
endfacet
facet normal 0.0 0.0 0.0
  outer loop
    vertex -0.9858596920967102 35.94915771484375 2.6226043701171875e-06
    vertex -0.9858592748641968 35.94915771484375 3.000001907348633
    vertex -1.1632765531539917 35.73875427246094 3.000001907348633
  endloop
endfacet
facet normal 0.0 0.0 0.0
  outer loop
    vertex -0.9858596920967102 35.94915771484375 2.6226043701171875e-06
    vertex -1.1632765531539917 35.73875427246094 3.000001907348633
    vertex -1.1632769107818604 35.73875427246094 2.6226043701171875e-06
  endloop
endfacet
facet normal 0.0 0.0 0.0
  outer loop
    vertex -1.1632769107818604 35.73875427246094 2.6226043701171875e-06
    vertex -1.1632765531539917 35.73875427246094 3.000001907348633
    vertex -1.2995109558105469 35.49137496948242 3.000001907348633
  endloop
endfacet
facet normal 0.0 0.0 0.0
  outer loop
    vertex -1.1632769107818604 35.73875427246094 2.6226043701171875e-06
    vertex -1.2995109558105469 35.49137496948242 3.000001907348633
    vertex -1.2995113134384155 35.49137496948242 2.6226043701171875e-06
  endloop
endfacet
facet normal 0.0 0.0 0.0
  outer loop
    vertex -1.2995113134384155 35.49137496948242 2.6226043701171875e-06
    vertex -1.2995109558105469 35.49137496948242 3.000001907348633
    vertex -1.3828405141830444 35.220611572265625 3.000001907348633
  endloop
endfacet
facet normal 0.0 0.0 0.0
  outer loop
    vertex -1.2995113134384155 35.49137496948242 2.6226043701171875e-06
    vertex -1.3828405141830444 35.220611572265625 3.000001907348633
    vertex -1.3828409910202026 35.220611572265625 2.6226043701171875e-06
  endloop
endfacet
facet normal 0.0 0.0 0.0
  outer loop
    vertex -1.3828409910202026 35.220611572265625 2.6226043701171875e-06
    vertex -1.3828405141830444 35.220611572265625 3.000001907348633
    vertex -1.4106699228286743 34.94466781616211 3.000001907348633
  endloop
endfacet
facet normal 0.0 0.0 0.0
  outer loop
    vertex -1.3828409910202026 35.220611572265625 2.6226043701171875e-06
    vertex -1.4106699228286743 34.94466781616211 3.000001907348633
    vertex -1.410670280456543 34.94466781616211 2.6226043701171875e-06
  endloop
endfacet
facet normal 0.0 0.0 0.0
  outer loop
    vertex -1.410670280456543 34.94466781616211 2.6226043701171875e-06
    vertex -1.4106699228286743 34.94466781616211 3.000001907348633
    vertex -1.3847596645355225 34.67857360839844 3.000001907348633
  endloop
endfacet
facet normal 0.0 0.0 0.0
  outer loop
    vertex -1.410670280456543 34.94466781616211 2.6226043701171875e-06
    vertex -1.3847596645355225 34.67857360839844 3.000001907348633
    vertex -1.3847600221633911 34.67857360839844 2.6226043701171875e-06
  endloop
endfacet
facet normal 0.0 0.0 0.0
  outer loop
    vertex -1.3847600221633911 34.67857360839844 2.6226043701171875e-06
    vertex -1.3847596645355225 34.67857360839844 3.000001907348633
    vertex -1.305343508720398 34.41191864013672 3.000001907348633
  endloop
endfacet
facet normal 0.0 0.0 0.0
  outer loop
    vertex -1.3847600221633911 34.67857360839844 2.6226043701171875e-06
    vertex -1.305343508720398 34.41191864013672 3.000001907348633
    vertex -1.3053439855575562 34.41191864013672 2.6226043701171875e-06
  endloop
endfacet
facet normal 0.0 0.0 0.0
  outer loop
    vertex -1.3053439855575562 34.41191864013672 2.6226043701171875e-06
    vertex -1.305343508720398 34.41191864013672 3.000001907348633
    vertex -1.1726433038711548 34.164485931396484 3.000001907348633
  endloop
endfacet
facet normal 0.0 0.0 0.0
  outer loop
    vertex -1.3053439855575562 34.41191864013672 2.6226043701171875e-06
    vertex -1.1726433038711548 34.164485931396484 3.000001907348633
    vertex -1.172643780708313 34.164485931396484 2.6226043701171875e-06
  endloop
endfacet
facet normal 0.0 0.0 0.0
  outer loop
    vertex -1.172643780708313 34.164485931396484 2.6226043701171875e-06
    vertex -1.1726433038711548 34.164485931396484 3.000001907348633
    vertex -0.9981876611709595 33.95228958129883 3.000001907348633
  endloop
endfacet
facet normal 0.0 0.0 0.0
  outer loop
    vertex -1.172643780708313 34.164485931396484 2.6226043701171875e-06
    vertex -0.9981876611709595 33.95228958129883 3.000001907348633
    vertex -0.9981880784034729 33.95228958129883 2.6226043701171875e-06
  endloop
endfacet
facet normal 0.0 0.0 0.0
  outer loop
    vertex -0.9981880784034729 33.95228958129883 2.6226043701171875e-06
    vertex -0.9981876611709595 33.95228958129883 3.000001907348633
    vertex -0.7899249792098999 33.78204345703125 3.0000016689300537
  endloop
endfacet
facet normal 0.0 0.0 0.0
  outer loop
    vertex -0.9981880784034729 33.95228958129883 2.6226043701171875e-06
    vertex -0.7899249792098999 33.78204345703125 3.0000016689300537
    vertex -0.7899253964424133 33.78204345703125 2.384185791015625e-06
  endloop
endfacet
facet normal 0.0 0.0 0.0
  outer loop
    vertex -0.7899253964424133 33.78204345703125 2.384185791015625e-06
    vertex -0.7899249792098999 33.78204345703125 3.0000016689300537
    vertex -0.5454362630844116 33.65082550048828 3.0000016689300537
  endloop
endfacet
facet normal 0.0 0.0 0.0
  outer loop
    vertex -0.7899253964424133 33.78204345703125 2.384185791015625e-06
    vertex -0.5454362630844116 33.65082550048828 3.0000016689300537
    vertex -0.545436680316925 33.65082550048828 2.384185791015625e-06
  endloop
endfacet
facet normal 0.0 0.0 0.0
  outer loop
    vertex -0.545436680316925 33.65082550048828 2.384185791015625e-06
    vertex -0.5454362630844116 33.65082550048828 3.0000016689300537
    vertex -0.2793475389480591 33.571075439453125 3.0000016689300537
  endloop
endfacet
facet normal 0.0 0.0 0.0
  outer loop
    vertex -0.545436680316925 33.65082550048828 2.384185791015625e-06
    vertex -0.2793475389480591 33.571075439453125 3.0000016689300537
    vertex -0.2793479561805725 33.571075439453125 2.384185791015625e-06
  endloop
endfacet
facet normal 0.0 0.0 0.0
  outer loop
    vertex -0.2793479561805725 33.571075439453125 2.384185791015625e-06
    vertex -0.2793475389480591 33.571075439453125 3.0000016689300537
    vertex -0.0106702521443367 33.5446662902832 3.0000016689300537
  endloop
endfacet
facet normal 0.0 0.0 0.0
  outer loop
    vertex -0.2793479561805725 33.571075439453125 2.384185791015625e-06
    vertex -0.0106702521443367 33.5446662902832 3.0000016689300537
    vertex -0.010670673102140427 33.5446662902832 2.384185791015625e-06
  endloop
endfacet
facet normal 0.0 0.0 0.0
  outer loop
    vertex -39.64830017089844 -33.59238052368164 7.867813110351562e-06
    vertex -39.64830017089844 -33.59238052368164 3.000007152557373
    vertex -40.01064682006836 -33.544677734375 8.106231689453125e-06
  endloop
endfacet
facet normal 0.0 0.0 0.0
  outer loop
    vertex -40.01064682006836 -33.544677734375 8.106231689453125e-06
    vertex -39.64830017089844 -33.59238052368164 3.000007152557373
    vertex -40.01064682006836 -33.544677734375 3.000007390975952
  endloop
endfacet
facet normal 0.0 0.0 0.0
  outer loop
    vertex -40.01064682006836 -33.544677734375 8.106231689453125e-06
    vertex -40.01064682006836 -33.544677734375 3.000007390975952
    vertex -40.37299346923828 -33.59238052368164 8.106231689453125e-06
  endloop
endfacet
facet normal 0.0 0.0 0.0
  outer loop
    vertex -40.37299346923828 -33.59238052368164 8.106231689453125e-06
    vertex -40.01064682006836 -33.544677734375 3.000007390975952
    vertex -40.37299346923828 -33.59238052368164 3.000007390975952
  endloop
endfacet
facet normal 0.0 0.0 0.0
  outer loop
    vertex -40.37299346923828 -33.59238052368164 8.106231689453125e-06
    vertex -40.37299346923828 -33.59238052368164 3.000007390975952
    vertex -40.71064758300781 -33.732242584228516 8.106231689453125e-06
  endloop
endfacet
facet normal 0.0 0.0 0.0
  outer loop
    vertex -40.71064758300781 -33.732242584228516 8.106231689453125e-06
    vertex -40.37299346923828 -33.59238052368164 3.000007390975952
    vertex -40.71064758300781 -33.732242584228516 3.000007390975952
  endloop
endfacet
facet normal 0.0 0.0 0.0
  outer loop
    vertex -40.71064758300781 -33.732242584228516 8.106231689453125e-06
    vertex -40.71064758300781 -33.732242584228516 3.000007390975952
    vertex -41.00059509277344 -33.95472717285156 8.106231689453125e-06
  endloop
endfacet
facet normal 0.0 0.0 0.0
  outer loop
    vertex -41.00059509277344 -33.95472717285156 8.106231689453125e-06
    vertex -40.71064758300781 -33.732242584228516 3.000007390975952
    vertex -41.00059509277344 -33.95472717285156 3.000007390975952
  endloop
endfacet
facet normal 0.0 0.0 0.0
  outer loop
    vertex -41.00059509277344 -33.95472717285156 8.106231689453125e-06
    vertex -41.00059509277344 -33.95472717285156 3.000007390975952
    vertex -41.22308349609375 -34.24467849731445 8.106231689453125e-06
  endloop
endfacet
facet normal 0.0 0.0 0.0
  outer loop
    vertex -41.22308349609375 -34.24467849731445 8.106231689453125e-06
    vertex -41.00059509277344 -33.95472717285156 3.000007390975952
    vertex -41.22308349609375 -34.24467849731445 3.000007390975952
  endloop
endfacet
facet normal 0.0 0.0 0.0
  outer loop
    vertex -41.22308349609375 -34.24467849731445 8.106231689453125e-06
    vertex -41.22308349609375 -34.24467849731445 3.000007390975952
    vertex -41.36294174194336 -34.582332611083984 8.106231689453125e-06
  endloop
endfacet
facet normal 0.0 0.0 0.0
  outer loop
    vertex -41.36294174194336 -34.582332611083984 8.106231689453125e-06
    vertex -41.22308349609375 -34.24467849731445 3.000007390975952
    vertex -41.36294174194336 -34.582332611083984 3.000007390975952
  endloop
endfacet
facet normal 0.0 0.0 0.0
  outer loop
    vertex -41.36294174194336 -34.582332611083984 8.106231689453125e-06
    vertex -41.36294174194336 -34.582332611083984 3.000007390975952
    vertex -41.410648345947266 -34.944679260253906 8.106231689453125e-06
  endloop
endfacet
facet normal 0.0 0.0 0.0
  outer loop
    vertex -41.410648345947266 -34.944679260253906 8.106231689453125e-06
    vertex -41.36294174194336 -34.582332611083984 3.000007390975952
    vertex -41.410648345947266 -34.944679260253906 3.000007390975952
  endloop
endfacet
facet normal 0.0 0.0 0.0
  outer loop
    vertex -41.410648345947266 -34.944679260253906 8.106231689453125e-06
    vertex -41.410648345947266 -34.944679260253906 3.000007390975952
    vertex -41.36294174194336 -35.30702590942383 8.106231689453125e-06
  endloop
endfacet
facet normal 0.0 0.0 0.0
  outer loop
    vertex -41.36294174194336 -35.30702590942383 8.106231689453125e-06
    vertex -41.410648345947266 -34.944679260253906 3.000007390975952
    vertex -41.36294174194336 -35.30702590942383 3.000007390975952
  endloop
endfacet
facet normal 0.0 0.0 0.0
  outer loop
    vertex -41.36294174194336 -35.30702590942383 8.106231689453125e-06
    vertex -41.36294174194336 -35.30702590942383 3.000007390975952
    vertex -41.22308349609375 -35.644676208496094 8.106231689453125e-06
  endloop
endfacet
facet normal 0.0 0.0 0.0
  outer loop
    vertex -41.22308349609375 -35.644676208496094 8.106231689453125e-06
    vertex -41.36294174194336 -35.30702590942383 3.000007390975952
    vertex -41.22308349609375 -35.644676208496094 3.000007390975952
  endloop
endfacet
facet normal 0.0 0.0 0.0
  outer loop
    vertex -41.22308349609375 -35.644676208496094 8.106231689453125e-06
    vertex -41.22308349609375 -35.644676208496094 3.000007390975952
    vertex -41.00059509277344 -35.934627532958984 8.106231689453125e-06
  endloop
endfacet
facet normal 0.0 0.0 0.0
  outer loop
    vertex -41.00059509277344 -35.934627532958984 8.106231689453125e-06
    vertex -41.22308349609375 -35.644676208496094 3.000007390975952
    vertex -41.00059509277344 -35.934627532958984 3.000007390975952
  endloop
endfacet
facet normal 0.0 0.0 0.0
  outer loop
    vertex -41.00059509277344 -35.934627532958984 8.106231689453125e-06
    vertex -41.00059509277344 -35.934627532958984 3.000007390975952
    vertex -40.71064758300781 -36.15711212158203 8.106231689453125e-06
  endloop
endfacet
facet normal 0.0 0.0 0.0
  outer loop
    vertex -40.71064758300781 -36.15711212158203 8.106231689453125e-06
    vertex -41.00059509277344 -35.934627532958984 3.000007390975952
    vertex -40.71064758300781 -36.15711212158203 3.000007390975952
  endloop
endfacet
facet normal 0.0 0.0 0.0
  outer loop
    vertex -40.71064758300781 -36.15711212158203 8.106231689453125e-06
    vertex -40.71064758300781 -36.15711212158203 3.000007390975952
    vertex -40.37299346923828 -36.296974182128906 8.106231689453125e-06
  endloop
endfacet
facet normal 0.0 0.0 0.0
  outer loop
    vertex -40.37299346923828 -36.296974182128906 8.106231689453125e-06
    vertex -40.71064758300781 -36.15711212158203 3.000007390975952
    vertex -40.37299346923828 -36.296974182128906 3.000007390975952
  endloop
endfacet
facet normal 0.0 0.0 0.0
  outer loop
    vertex -40.37299346923828 -36.296974182128906 8.106231689453125e-06
    vertex -40.37299346923828 -36.296974182128906 3.000007390975952
    vertex -40.01064682006836 -36.34467697143555 8.106231689453125e-06
  endloop
endfacet
facet normal 0.0 0.0 0.0
  outer loop
    vertex -40.01064682006836 -36.34467697143555 8.106231689453125e-06
    vertex -40.37299346923828 -36.296974182128906 3.000007390975952
    vertex -40.01064682006836 -36.34467697143555 3.000007390975952
  endloop
endfacet
facet normal 0.0 0.0 0.0
  outer loop
    vertex -40.01064682006836 -36.34467697143555 8.106231689453125e-06
    vertex -40.01064682006836 -36.34467697143555 3.000007390975952
    vertex -39.64830017089844 -36.296974182128906 7.867813110351562e-06
  endloop
endfacet
facet normal 0.0 0.0 0.0
  outer loop
    vertex -39.64830017089844 -36.296974182128906 7.867813110351562e-06
    vertex -40.01064682006836 -36.34467697143555 3.000007390975952
    vertex -39.64830017089844 -36.296974182128906 3.000007152557373
  endloop
endfacet
facet normal 0.0 0.0 0.0
  outer loop
    vertex -39.64830017089844 -36.296974182128906 7.867813110351562e-06
    vertex -39.64830017089844 -36.296974182128906 3.000007152557373
    vertex -39.310646057128906 -36.15711212158203 7.867813110351562e-06
  endloop
endfacet
facet normal 0.0 0.0 0.0
  outer loop
    vertex -39.310646057128906 -36.15711212158203 7.867813110351562e-06
    vertex -39.64830017089844 -36.296974182128906 3.000007152557373
    vertex -39.310646057128906 -36.15711212158203 3.000007152557373
  endloop
endfacet
facet normal 0.0 0.0 0.0
  outer loop
    vertex -39.310646057128906 -36.15711212158203 7.867813110351562e-06
    vertex -39.310646057128906 -36.15711212158203 3.000007152557373
    vertex -39.02069854736328 -35.934627532958984 7.867813110351562e-06
  endloop
endfacet
facet normal 0.0 0.0 0.0
  outer loop
    vertex -39.02069854736328 -35.934627532958984 7.867813110351562e-06
    vertex -39.310646057128906 -36.15711212158203 3.000007152557373
    vertex -39.02069854736328 -35.934627532958984 3.000007152557373
  endloop
endfacet
facet normal 0.0 0.0 0.0
  outer loop
    vertex -39.02069854736328 -35.934627532958984 7.867813110351562e-06
    vertex -39.02069854736328 -35.934627532958984 3.000007152557373
    vertex -38.79821014404297 -35.64467239379883 7.867813110351562e-06
  endloop
endfacet
facet normal 0.0 0.0 0.0
  outer loop
    vertex -38.79821014404297 -35.64467239379883 7.867813110351562e-06
    vertex -39.02069854736328 -35.934627532958984 3.000007152557373
    vertex -38.79821014404297 -35.64467239379883 3.000007152557373
  endloop
endfacet
facet normal 0.0 0.0 0.0
  outer loop
    vertex -38.79821014404297 -35.64467239379883 7.867813110351562e-06
    vertex -38.79821014404297 -35.64467239379883 3.000007152557373
    vertex -38.65835189819336 -35.30702209472656 7.867813110351562e-06
  endloop
endfacet
facet normal 0.0 0.0 0.0
  outer loop
    vertex -38.65835189819336 -35.30702209472656 7.867813110351562e-06
    vertex -38.79821014404297 -35.64467239379883 3.000007152557373
    vertex -38.65835189819336 -35.30702209472656 3.000007152557373
  endloop
endfacet
facet normal 0.0 0.0 0.0
  outer loop
    vertex -38.65835189819336 -35.30702209472656 7.867813110351562e-06
    vertex -38.65835189819336 -35.30702209472656 3.000007152557373
    vertex -38.61064529418945 -34.94467544555664 7.867813110351562e-06
  endloop
endfacet
facet normal 0.0 0.0 0.0
  outer loop
    vertex -38.61064529418945 -34.94467544555664 7.867813110351562e-06
    vertex -38.65835189819336 -35.30702209472656 3.000007152557373
    vertex -38.61064529418945 -34.94467544555664 3.000007152557373
  endloop
endfacet
facet normal 0.0 0.0 0.0
  outer loop
    vertex -38.61064529418945 -34.94467544555664 7.867813110351562e-06
    vertex -38.61064529418945 -34.94467544555664 3.000007152557373
    vertex -38.65835189819336 -34.58232879638672 7.867813110351562e-06
  endloop
endfacet
facet normal 0.0 0.0 0.0
  outer loop
    vertex -38.65835189819336 -34.58232879638672 7.867813110351562e-06
    vertex -38.61064529418945 -34.94467544555664 3.000007152557373
    vertex -38.65835189819336 -34.58232879638672 3.000007152557373
  endloop
endfacet
facet normal 0.0 0.0 0.0
  outer loop
    vertex -38.65835189819336 -34.58232879638672 7.867813110351562e-06
    vertex -38.65835189819336 -34.58232879638672 3.000007152557373
    vertex -38.79821014404297 -34.24467468261719 7.867813110351562e-06
  endloop
endfacet
facet normal 0.0 0.0 0.0
  outer loop
    vertex -38.79821014404297 -34.24467468261719 7.867813110351562e-06
    vertex -38.65835189819336 -34.58232879638672 3.000007152557373
    vertex -38.79821014404297 -34.24467468261719 3.000007152557373
  endloop
endfacet
facet normal 0.0 0.0 0.0
  outer loop
    vertex -38.79821014404297 -34.24467468261719 7.867813110351562e-06
    vertex -38.79821014404297 -34.24467468261719 3.000007152557373
    vertex -39.02069854736328 -33.95472717285156 7.867813110351562e-06
  endloop
endfacet
facet normal 0.0 0.0 0.0
  outer loop
    vertex -39.02069854736328 -33.95472717285156 7.867813110351562e-06
    vertex -38.79821014404297 -34.24467468261719 3.000007152557373
    vertex -39.02069854736328 -33.95472717285156 3.000007152557373
  endloop
endfacet
facet normal 0.0 0.0 0.0
  outer loop
    vertex -39.02069854736328 -33.95472717285156 7.867813110351562e-06
    vertex -39.02069854736328 -33.95472717285156 3.000007152557373
    vertex -39.310646057128906 -33.732242584228516 7.867813110351562e-06
  endloop
endfacet
facet normal 0.0 0.0 0.0
  outer loop
    vertex -39.310646057128906 -33.732242584228516 7.867813110351562e-06
    vertex -39.02069854736328 -33.95472717285156 3.000007152557373
    vertex -39.310646057128906 -33.732242584228516 3.000007152557373
  endloop
endfacet
facet normal 0.0 0.0 0.0
  outer loop
    vertex -39.310646057128906 -33.732242584228516 7.867813110351562e-06
    vertex -39.310646057128906 -33.732242584228516 3.000007152557373
    vertex -39.64830017089844 -33.59238052368164 7.867813110351562e-06
  endloop
endfacet
facet normal 0.0 0.0 0.0
  outer loop
    vertex -39.64830017089844 -33.59238052368164 7.867813110351562e-06
    vertex -39.310646057128906 -33.732242584228516 3.000007152557373
    vertex -39.64830017089844 -33.59238052368164 3.000007152557373
  endloop
endfacet
facet normal 0.0 0.0 0.0
  outer loop
    vertex 68.03887939453125 39.94468307495117 -7.152557373046875e-06
    vertex 68.2586669921875 39.94468307495117 0.9934940338134766
    vertex 68.03887939453125 38.86858367919922 -7.152557373046875e-06
  endloop
endfacet
facet normal 0.0 0.0 0.0
  outer loop
    vertex 68.03887939453125 38.86858367919922 -7.152557373046875e-06
    vertex 68.2586669921875 39.94468307495117 0.9934940338134766
    vertex 68.35443115234375 39.28706741333008 1.4857033491134644
  endloop
endfacet
facet normal 0.0 0.0 0.0
  outer loop
    vertex 68.35443115234375 39.28706741333008 1.4857033491134644
    vertex 68.2586669921875 39.94468307495117 0.9934940338134766
    vertex 68.44464111328125 39.94468307495117 1.9938775300979614
  endloop
endfacet
facet normal 0.0 0.0 0.0
  outer loop
    vertex 68.35443115234375 39.28706741333008 1.4857033491134644
    vertex 68.44464111328125 39.94468307495117 1.9938775300979614
    vertex 68.59657287597656 39.60343933105469 2.9999921321868896
  endloop
endfacet
facet normal 0.0 0.0 0.0
  outer loop
    vertex 68.59657287597656 39.60343933105469 2.9999921321868896
    vertex 68.44464111328125 39.94468307495117 1.9938775300979614
    vertex 68.59657287597656 39.94468307495117 2.9999921321868896
  endloop
endfacet
facet normal 0.0 0.0 0.0
  outer loop
    vertex 68.03889465332031 -39.94465255737305 -7.152557373046875e-06
    vertex 68.03889465332031 -38.868553161621094 -7.152557373046875e-06
    vertex 68.25868225097656 -39.94465255737305 0.9934940338134766
  endloop
endfacet
facet normal 0.0 0.0 0.0
  outer loop
    vertex 68.25868225097656 -39.94465255737305 0.9934940338134766
    vertex 68.03889465332031 -38.868553161621094 -7.152557373046875e-06
    vertex 68.35444641113281 -39.28703689575195 1.4857033491134644
  endloop
endfacet
facet normal 0.0 0.0 0.0
  outer loop
    vertex 68.25868225097656 -39.94465255737305 0.9934940338134766
    vertex 68.35444641113281 -39.28703689575195 1.4857033491134644
    vertex 68.44465637207031 -39.94465255737305 1.9938775300979614
  endloop
endfacet
facet normal 0.0 0.0 0.0
  outer loop
    vertex 68.44465637207031 -39.94465255737305 1.9938775300979614
    vertex 68.35444641113281 -39.28703689575195 1.4857033491134644
    vertex 68.59658813476562 -39.60340881347656 2.9999921321868896
  endloop
endfacet
facet normal 0.0 0.0 0.0
  outer loop
    vertex 68.44465637207031 -39.94465255737305 1.9938775300979614
    vertex 68.59658813476562 -39.60340881347656 2.9999921321868896
    vertex 68.59658813476562 -39.94465255737305 2.9999921321868896
  endloop
endfacet
facet normal 0.0 0.0 0.0
  outer loop
    vertex -68.035888671875 39.94465255737305 1.1920928955078125e-05
    vertex -68.035888671875 39.16608428955078 1.1920928955078125e-05
    vertex -68.2567138671875 39.94465255737305 0.9934725761413574
  endloop
endfacet
facet normal 0.0 0.0 0.0
  outer loop
    vertex -68.2567138671875 39.94465255737305 0.9934725761413574
    vertex -68.035888671875 39.16608428955078 1.1920928955078125e-05
    vertex -68.35299682617188 39.5816764831543 1.4858859777450562
  endloop
endfacet
facet normal 0.0 0.0 0.0
  outer loop
    vertex -68.2567138671875 39.94465255737305 0.9934725761413574
    vertex -68.35299682617188 39.5816764831543 1.4858859777450562
    vertex -68.44367980957031 39.94465255737305 1.99385666847229
  endloop
endfacet
facet normal 0.0 0.0 0.0
  outer loop
    vertex -68.44367980957031 39.94465255737305 1.99385666847229
    vertex -68.35299682617188 39.5816764831543 1.4858859777450562
    vertex -68.59658813476562 39.89618682861328 3.0000112056732178
  endloop
endfacet
facet normal 0.0 0.0 0.0
  outer loop
    vertex -68.44367980957031 39.94465255737305 1.99385666847229
    vertex -68.59658813476562 39.89618682861328 3.0000112056732178
    vertex -68.59658813476562 39.94465255737305 3.0000112056732178
  endloop
endfacet
facet normal 0.0 0.0 0.0
  outer loop
    vertex -68.59657287597656 -39.94468307495117 3.0000112056732178
    vertex -68.59657287597656 -39.896217346191406 3.0000112056732178
    vertex -68.44366455078125 -39.94468307495117 1.99385666847229
  endloop
endfacet
facet normal 0.0 0.0 0.0
  outer loop
    vertex -68.44366455078125 -39.94468307495117 1.99385666847229
    vertex -68.59657287597656 -39.896217346191406 3.0000112056732178
    vertex -68.35298156738281 -39.58170700073242 1.4858859777450562
  endloop
endfacet
facet normal 0.0 0.0 0.0
  outer loop
    vertex -68.44366455078125 -39.94468307495117 1.99385666847229
    vertex -68.35298156738281 -39.58170700073242 1.4858859777450562
    vertex -68.25669860839844 -39.94468307495117 0.9934725761413574
  endloop
endfacet
facet normal 0.0 0.0 0.0
  outer loop
    vertex -68.25669860839844 -39.94468307495117 0.9934725761413574
    vertex -68.35298156738281 -39.58170700073242 1.4858859777450562
    vertex -68.03587341308594 -39.166114807128906 1.1920928955078125e-05
  endloop
endfacet
facet normal 0.0 0.0 0.0
  outer loop
    vertex -68.25669860839844 -39.94468307495117 0.9934725761413574
    vertex -68.03587341308594 -39.166114807128906 1.1920928955078125e-05
    vertex -68.03587341308594 -39.94468307495117 1.1920928955078125e-05
  endloop
endfacet
facet normal 0.0 0.0 0.0
  outer loop
    vertex 68.03889465332031 -39.94465255737305 -7.152557373046875e-06
    vertex 68.25868225097656 -39.94465255737305 0.9934940338134766
    vertex -68.03587341308594 -39.94468307495117 1.1920928955078125e-05
  endloop
endfacet
facet normal 0.0 0.0 0.0
  outer loop
    vertex -68.03587341308594 -39.94468307495117 1.1920928955078125e-05
    vertex 68.25868225097656 -39.94465255737305 0.9934940338134766
    vertex -68.25669860839844 -39.94468307495117 0.9934725761413574
  endloop
endfacet
facet normal 0.0 0.0 0.0
  outer loop
    vertex -68.25669860839844 -39.94468307495117 0.9934725761413574
    vertex 68.25868225097656 -39.94465255737305 0.9934940338134766
    vertex -57.81843948364258 -39.94468307495117 3.000009775161743
  endloop
endfacet
facet normal 0.0 0.0 0.0
  outer loop
    vertex -68.25669860839844 -39.94468307495117 0.9934725761413574
    vertex -57.81843948364258 -39.94468307495117 3.000009775161743
    vertex -68.44366455078125 -39.94468307495117 1.99385666847229
  endloop
endfacet
facet normal 0.0 0.0 0.0
  outer loop
    vertex -68.44366455078125 -39.94468307495117 1.99385666847229
    vertex -57.81843948364258 -39.94468307495117 3.000009775161743
    vertex -62.09080505371094 -39.94468307495117 3.0000104904174805
  endloop
endfacet
facet normal 0.0 0.0 0.0
  outer loop
    vertex -68.44366455078125 -39.94468307495117 1.99385666847229
    vertex -62.09080505371094 -39.94468307495117 3.0000104904174805
    vertex -68.59657287597656 -39.94468307495117 3.0000112056732178
  endloop
endfacet
facet normal 0.0 0.0 0.0
  outer loop
    vertex 68.25868225097656 -39.94465255737305 0.9934940338134766
    vertex 68.44465637207031 -39.94465255737305 1.9938775300979614
    vertex -57.81843948364258 -39.94468307495117 3.000009775161743
  endloop
endfacet
facet normal 0.0 0.0 0.0
  outer loop
    vertex -57.81843948364258 -39.94468307495117 3.000009775161743
    vertex 68.44465637207031 -39.94465255737305 1.9938775300979614
    vertex 68.59658813476562 -39.94465255737305 2.9999921321868896
  endloop
endfacet
facet normal 0.0 0.0 0.0
  outer loop
    vertex -62.09080505371094 -39.94468307495117 3.0000104904174805
    vertex -57.81843948364258 -39.94468307495117 3.000009775161743
    vertex -61.24452209472656 -39.94468307495117 3.0432729721069336
  endloop
endfacet
facet normal 0.0 0.0 0.0
  outer loop
    vertex -61.24452209472656 -39.94468307495117 3.0432729721069336
    vertex -57.81843948364258 -39.94468307495117 3.000009775161743
    vertex -58.21306610107422 -39.94468307495117 3.0432724952697754
  endloop
endfacet
facet normal 0.0 0.0 0.0
  outer loop
    vertex -61.24452209472656 -39.94468307495117 3.0432729721069336
    vertex -58.21306610107422 -39.94468307495117 3.0432724952697754
    vertex -60.447059631347656 -39.94468307495117 3.170565128326416
  endloop
endfacet
facet normal 0.0 0.0 0.0
  outer loop
    vertex -60.447059631347656 -39.94468307495117 3.170565128326416
    vertex -58.21306610107422 -39.94468307495117 3.0432724952697754
    vertex -58.584930419921875 -39.94468307495117 3.170564889907837
  endloop
endfacet
facet normal 0.0 0.0 0.0
  outer loop
    vertex -60.447059631347656 -39.94468307495117 3.170565128326416
    vertex -58.584930419921875 -39.94468307495117 3.170564889907837
    vertex -59.74441146850586 -39.94468307495117 3.374544143676758
  endloop
endfacet
facet normal 0.0 0.0 0.0
  outer loop
    vertex -59.74441146850586 -39.94468307495117 3.374544143676758
    vertex -58.584930419921875 -39.94468307495117 3.170564889907837
    vertex -58.912574768066406 -39.94468307495117 3.374544143676758
  endloop
endfacet
facet normal 0.0 0.0 0.0
  outer loop
    vertex -59.74441146850586 -39.94468307495117 3.374544143676758
    vertex -58.912574768066406 -39.94468307495117 3.374544143676758
    vertex -59.1771125793457 -39.94468307495117 3.643444299697876
  endloop
endfacet
facet normal 0.0 0.0 0.0
  outer loop
    vertex -57.81843948364258 -39.94468307495117 3.000009775161743
    vertex -40.71064758300781 -36.15711212158203 3.000007390975952
    vertex -56.63746643066406 -37.412078857421875 3.000009536743164
  endloop
endfacet
facet normal 0.0 0.0 0.0
  outer loop
    vertex -56.63746643066406 -37.412078857421875 3.000009536743164
    vertex -40.71064758300781 -36.15711212158203 3.000007390975952
    vertex -41.00059509277344 -35.934627532958984 3.000007390975952
  endloop
endfacet
facet normal 0.0 0.0 0.0
  outer loop
    vertex -56.63746643066406 -37.412078857421875 3.000009536743164
    vertex -41.00059509277344 -35.934627532958984 3.000007390975952
    vertex -41.22308349609375 -35.644676208496094 3.000007390975952
  endloop
endfacet
facet normal 0.0 0.0 0.0
  outer loop
    vertex 68.59658813476562 -39.94465255737305 2.9999921321868896
    vertex -0.010661209933459759 -36.34466552734375 3.0000016689300537
    vertex -57.81843948364258 -39.94468307495117 3.000009775161743
  endloop
endfacet
facet normal 0.0 0.0 0.0
  outer loop
    vertex -57.81843948364258 -39.94468307495117 3.000009775161743
    vertex -0.010661209933459759 -36.34466552734375 3.0000016689300537
    vertex -0.2796241343021393 -36.31819152832031 3.0000016689300537
  endloop
endfacet
facet normal 0.0 0.0 0.0
  outer loop
    vertex -57.81843948364258 -39.94468307495117 3.000009775161743
    vertex -0.2796241343021393 -36.31819152832031 3.0000016689300537
    vertex -39.64830017089844 -36.296974182128906 3.000007152557373
  endloop
endfacet
facet normal 0.0 0.0 0.0
  outer loop
    vertex -39.64830017089844 -36.296974182128906 3.000007152557373
    vertex -0.2796241343021393 -36.31819152832031 3.0000016689300537
    vertex -0.5431487560272217 -36.23944854736328 3.0000016689300537
  endloop
endfacet
facet normal 0.0 0.0 0.0
  outer loop
    vertex -39.64830017089844 -36.296974182128906 3.000007152557373
    vertex -0.5431487560272217 -36.23944854736328 3.0000016689300537
    vertex -39.310646057128906 -36.15711212158203 3.000007152557373
  endloop
endfacet
facet normal 0.0 0.0 0.0
  outer loop
    vertex -39.310646057128906 -36.15711212158203 3.000007152557373
    vertex -0.5431487560272217 -36.23944854736328 3.0000016689300537
    vertex -0.782910943031311 -36.11199188232422 3.0000016689300537
  endloop
endfacet
facet normal 0.0 0.0 0.0
  outer loop
    vertex -39.310646057128906 -36.15711212158203 3.000007152557373
    vertex -0.782910943031311 -36.11199188232422 3.0000016689300537
    vertex -39.02069854736328 -35.934627532958984 3.000007152557373
  endloop
endfacet
facet normal 0.0 0.0 0.0
  outer loop
    vertex -39.02069854736328 -35.934627532958984 3.000007152557373
    vertex -0.782910943031311 -36.11199188232422 3.0000016689300537
    vertex -0.9858499765396118 -35.94915771484375 3.000001907348633
  endloop
endfacet
facet normal 0.0 0.0 0.0
  outer loop
    vertex -39.02069854736328 -35.934627532958984 3.000007152557373
    vertex -0.9858499765396118 -35.94915771484375 3.000001907348633
    vertex -1.1632672548294067 -35.73875427246094 3.000001907348633
  endloop
endfacet
facet normal 0.0 0.0 0.0
  outer loop
    vertex 68.59658813476562 -39.60340881347656 2.9999921321868896
    vertex 66.50859069824219 -36.733333587646484 2.9999923706054688
    vertex 68.59658813476562 -39.94465255737305 2.9999921321868896
  endloop
endfacet
facet normal 0.0 0.0 0.0
  outer loop
    vertex 68.59658813476562 -39.94465255737305 2.9999921321868896
    vertex 66.50859069824219 -36.733333587646484 2.9999923706054688
    vertex 40.86837387084961 -36.034019470214844 2.9999959468841553
  endloop
endfacet
facet normal 0.0 0.0 0.0
  outer loop
    vertex 68.59658813476562 -39.94465255737305 2.9999921321868896
    vertex 40.86837387084961 -36.034019470214844 2.9999959468841553
    vertex 40.761539459228516 -36.11199951171875 2.9999959468841553
  endloop
endfacet
facet normal 0.0 0.0 0.0
  outer loop
    vertex 64.58061218261719 -33.75341033935547 2.999992609024048
    vertex 41.27816390991211 -35.491363525390625 2.9999959468841553
    vertex 66.50859069824219 -36.733333587646484 2.9999923706054688
  endloop
endfacet
facet normal 0.0 0.0 0.0
  outer loop
    vertex 66.50859069824219 -36.733333587646484 2.9999923706054688
    vertex 41.27816390991211 -35.491363525390625 2.9999959468841553
    vertex 41.141929626464844 -35.73874282836914 2.9999959468841553
  endloop
endfacet
facet normal 0.0 0.0 0.0
  outer loop
    vertex 66.50859069824219 -36.733333587646484 2.9999923706054688
    vertex 41.141929626464844 -35.73874282836914 2.9999959468841553
    vertex 40.96451187133789 -35.94914627075195 2.9999959468841553
  endloop
endfacet
facet normal 0.0 0.0 0.0
  outer loop
    vertex 62.81841278076172 -30.67255210876465 2.999992847442627
    vertex 41.36341094970703 -34.67856216430664 2.9999959468841553
    vertex 64.58061218261719 -33.75341033935547 2.999992609024048
  endloop
endfacet
facet normal 0.0 0.0 0.0
  outer loop
    vertex 64.58061218261719 -33.75341033935547 2.999992609024048
    vertex 41.36341094970703 -34.67856216430664 2.9999959468841553
    vertex 41.38932418823242 -34.94465637207031 2.9999959468841553
  endloop
endfacet
facet normal 0.0 0.0 0.0
  outer loop
    vertex 64.58061218261719 -33.75341033935547 2.999992609024048
    vertex 41.38932418823242 -34.94465637207031 2.9999959468841553
    vertex 41.36149215698242 -35.22060012817383 2.9999959468841553
  endloop
endfacet
facet normal 0.0 0.0 0.0
  outer loop
    vertex 61.227256774902344 -27.49997329711914 2.999993085861206
    vertex 45.74286651611328 -25.60148811340332 2.999995231628418
    vertex 62.81841278076172 -30.67255210876465 2.999992847442627
  endloop
endfacet
facet normal 0.0 0.0 0.0
  outer loop
    vertex 62.81841278076172 -30.67255210876465 2.999992847442627
    vertex 45.74286651611328 -25.60148811340332 2.999995231628418
    vertex 45.41123962402344 -25.73885154724121 2.999995231628418
  endloop
endfacet
facet normal 0.0 0.0 0.0
  outer loop
    vertex 62.81841278076172 -30.67255210876465 2.999992847442627
    vertex 45.41123962402344 -25.73885154724121 2.999995231628418
    vertex 41.15129470825195 -34.16447448730469 2.9999959468841553
  endloop
endfacet
facet normal 0.0 0.0 0.0
  outer loop
    vertex 41.15129470825195 -34.16447448730469 2.9999959468841553
    vertex 45.41123962402344 -25.73885154724121 2.999995231628418
    vertex 40.97684097290039 -33.95227813720703 2.9999959468841553
  endloop
endfacet
facet normal 0.0 0.0 0.0
  outer loop
    vertex 40.97684097290039 -33.95227813720703 2.9999959468841553
    vertex 45.41123962402344 -25.73885154724121 2.999995231628418
    vertex 40.878082275390625 -33.86322021484375 2.9999959468841553
  endloop
endfacet
facet normal 0.0 0.0 0.0
  outer loop
    vertex 40.878082275390625 -33.86322021484375 2.9999959468841553
    vertex 45.41123962402344 -25.73885154724121 2.999995231628418
    vertex 40.768577575683594 -33.78203201293945 2.9999959468841553
  endloop
endfacet
facet normal 0.0 0.0 0.0
  outer loop
    vertex 40.768577575683594 -33.78203201293945 2.9999959468841553
    vertex 45.41123962402344 -25.73885154724121 2.999995231628418
    vertex 45.05536651611328 -25.785703659057617 2.999995470046997
  endloop
endfacet
facet normal 0.0 0.0 0.0
  outer loop
    vertex 40.768577575683594 -33.78203201293945 2.9999959468841553
    vertex 45.05536651611328 -25.785703659057617 2.999995470046997
    vertex 40.65001678466797 -33.710601806640625 2.9999959468841553
  endloop
endfacet
facet normal 0.0 0.0 0.0
  outer loop
    vertex 40.65001678466797 -33.710601806640625 2.9999959468841553
    vertex 45.05536651611328 -25.785703659057617 2.999995470046997
    vertex 40.52408981323242 -33.650814056396484 2.9999959468841553
  endloop
endfacet
facet normal 0.0 0.0 0.0
  outer loop
    vertex 40.52408981323242 -33.650814056396484 2.9999959468841553
    vertex 45.05536651611328 -25.785703659057617 2.999995470046997
    vertex 40.257999420166016 -33.57106399536133 2.9999959468841553
  endloop
endfacet
facet normal 0.0 0.0 0.0
  outer loop
    vertex 40.257999420166016 -33.57106399536133 2.9999959468841553
    vertex 45.05536651611328 -25.785703659057617 2.999995470046997
    vertex 44.69948959350586 -25.73885154724121 2.999995470046997
  endloop
endfacet
facet normal 0.0 0.0 0.0
  outer loop
    vertex 40.257999420166016 -33.57106399536133 2.9999959468841553
    vertex 44.69948959350586 -25.73885154724121 2.999995470046997
    vertex 39.989322662353516 -33.544654846191406 2.9999959468841553
  endloop
endfacet
facet normal 0.0 0.0 0.0
  outer loop
    vertex 39.989322662353516 -33.544654846191406 2.9999959468841553
    vertex 44.69948959350586 -25.73885154724121 2.999995470046997
    vertex 44.36786651611328 -25.60148811340332 2.999995470046997
  endloop
endfacet
facet normal 0.0 0.0 0.0
  outer loop
    vertex 39.989322662353516 -33.544654846191406 2.9999959468841553
    vertex 44.36786651611328 -25.60148811340332 2.999995470046997
    vertex 39.720645904541016 -33.57106399536133 2.9999961853027344
  endloop
endfacet
facet normal 0.0 0.0 0.0
  outer loop
    vertex 39.720645904541016 -33.57106399536133 2.9999961853027344
    vertex 44.36786651611328 -25.60148811340332 2.999995470046997
    vertex 44.083091735839844 -25.38297462463379 2.999995470046997
  endloop
endfacet
facet normal 0.0 0.0 0.0
  outer loop
    vertex 39.720645904541016 -33.57106399536133 2.9999961853027344
    vertex 44.083091735839844 -25.38297462463379 2.999995470046997
    vertex 39.45455551147461 -33.650814056396484 2.9999961853027344
  endloop
endfacet
facet normal 0.0 0.0 0.0
  outer loop
    vertex 39.45455551147461 -33.650814056396484 2.9999961853027344
    vertex 44.083091735839844 -25.38297462463379 2.999995470046997
    vertex 43.86458206176758 -25.098203659057617 2.999995470046997
  endloop
endfacet
facet normal 0.0 0.0 0.0
  outer loop
    vertex 39.45455551147461 -33.650814056396484 2.9999961853027344
    vertex 43.86458206176758 -25.098203659057617 2.999995470046997
    vertex 39.21006774902344 -33.78203201293945 2.9999961853027344
  endloop
endfacet
facet normal 0.0 0.0 0.0
  outer loop
    vertex 39.21006774902344 -33.78203201293945 2.9999961853027344
    vertex 43.86458206176758 -25.098203659057617 2.999995470046997
    vertex 43.72721862792969 -24.76658058166504 2.999995470046997
  endloop
endfacet
facet normal 0.0 0.0 0.0
  outer loop
    vertex 39.21006774902344 -33.78203201293945 2.9999961853027344
    vertex 43.72721862792969 -24.76658058166504 2.999995470046997
    vertex 43.68036651611328 -24.410703659057617 2.999995470046997
  endloop
endfacet
facet normal 0.0 0.0 0.0
  outer loop
    vertex 59.81190490722656 -24.245159149169922 2.999993324279785
    vertex 46.246150970458984 -25.098203659057617 2.999995231628418
    vertex 61.227256774902344 -27.49997329711914 2.999993085861206
  endloop
endfacet
facet normal 0.0 0.0 0.0
  outer loop
    vertex 61.227256774902344 -27.49997329711914 2.999993085861206
    vertex 46.246150970458984 -25.098203659057617 2.999995231628418
    vertex 46.02763748168945 -25.38297462463379 2.999995231628418
  endloop
endfacet
facet normal 0.0 0.0 0.0
  outer loop
    vertex 61.227256774902344 -27.49997329711914 2.999993085861206
    vertex 46.02763748168945 -25.38297462463379 2.999995231628418
    vertex 45.74286651611328 -25.60148811340332 2.999995231628418
  endloop
endfacet
facet normal 0.0 0.0 0.0
  outer loop
    vertex 58.57659149169922 -20.917844772338867 2.9999935626983643
    vertex 46.383514404296875 -24.054826736450195 2.999995231628418
    vertex 59.81190490722656 -24.245159149169922 2.999993324279785
  endloop
endfacet
facet normal 0.0 0.0 0.0
  outer loop
    vertex 59.81190490722656 -24.245159149169922 2.999993324279785
    vertex 46.383514404296875 -24.054826736450195 2.999995231628418
    vertex 46.43036651611328 -24.410703659057617 2.999995231628418
  endloop
endfacet
facet normal 0.0 0.0 0.0
  outer loop
    vertex 59.81190490722656 -24.245159149169922 2.999993324279785
    vertex 46.43036651611328 -24.410703659057617 2.999995231628418
    vertex 46.383514404296875 -24.76658058166504 2.999995231628418
  endloop
endfacet
facet normal 0.0 0.0 0.0
  outer loop
    vertex 57.52500915527344 -17.527978897094727 2.9999935626983643
    vertex 45.74286651611328 -23.219921112060547 2.999995231628418
    vertex 58.57659149169922 -20.917844772338867 2.9999935626983643
  endloop
endfacet
facet normal 0.0 0.0 0.0
  outer loop
    vertex 58.57659149169922 -20.917844772338867 2.9999935626983643
    vertex 45.74286651611328 -23.219921112060547 2.999995231628418
    vertex 46.02763748168945 -23.438432693481445 2.999995231628418
  endloop
endfacet
facet normal 0.0 0.0 0.0
  outer loop
    vertex 58.57659149169922 -20.917844772338867 2.9999935626983643
    vertex 46.02763748168945 -23.438432693481445 2.999995231628418
    vertex 46.246150970458984 -23.72320556640625 2.999995231628418
  endloop
endfacet
facet normal 0.0 0.0 0.0
  outer loop
    vertex 56.66029357910156 -14.085693359375 2.9999938011169434
    vertex 45.05536651611328 -23.03570556640625 2.999995470046997
    vertex 57.52500915527344 -17.527978897094727 2.9999935626983643
  endloop
endfacet
facet normal 0.0 0.0 0.0
  outer loop
    vertex 57.52500915527344 -17.527978897094727 2.9999935626983643
    vertex 45.05536651611328 -23.03570556640625 2.999995470046997
    vertex 45.41123962402344 -23.082557678222656 2.999995231628418
  endloop
endfacet
facet normal 0.0 0.0 0.0
  outer loop
    vertex 57.52500915527344 -17.527978897094727 2.9999935626983643
    vertex 45.41123962402344 -23.082557678222656 2.999995231628418
    vertex 45.74286651611328 -23.219921112060547 2.999995231628418
  endloop
endfacet
facet normal 0.0 0.0 0.0
  outer loop
    vertex 45.05536651611328 -23.03570556640625 2.999995470046997
    vertex 56.66029357910156 -14.085693359375 2.9999938011169434
    vertex 44.69948959350586 -23.082557678222656 2.999995470046997
  endloop
endfacet
facet normal 0.0 0.0 0.0
  outer loop
    vertex 44.69948959350586 -23.082557678222656 2.999995470046997
    vertex 56.66029357910156 -14.085693359375 2.9999938011169434
    vertex 55.98504638671875 -10.601290702819824 2.9999938011169434
  endloop
endfacet
facet normal 0.0 0.0 0.0
  outer loop
    vertex 44.69948959350586 -23.082557678222656 2.999995470046997
    vertex 55.98504638671875 -10.601290702819824 2.9999938011169434
    vertex 44.36786651611328 -23.219921112060547 2.999995470046997
  endloop
endfacet
facet normal 0.0 0.0 0.0
  outer loop
    vertex 44.36786651611328 -23.219921112060547 2.999995470046997
    vertex 55.98504638671875 -10.601290702819824 2.9999938011169434
    vertex 55.501277923583984 -7.085183620452881 2.9999938011169434
  endloop
endfacet
facet normal 0.0 0.0 0.0
  outer loop
    vertex 44.36786651611328 -23.219921112060547 2.999995470046997
    vertex 55.501277923583984 -7.085183620452881 2.9999938011169434
    vertex -12.257115364074707 -23.21993637084961 3.0000033378601074
  endloop
endfacet
facet normal 0.0 0.0 0.0
  outer loop
    vertex -12.257115364074707 -23.21993637084961 3.0000033378601074
    vertex 55.501277923583984 -7.085183620452881 2.9999938011169434
    vertex 55.2104377746582 -3.5478897094726562 2.9999940395355225
  endloop
endfacet
facet normal 0.0 0.0 0.0
  outer loop
    vertex -12.257115364074707 -23.21993637084961 3.0000033378601074
    vertex 55.2104377746582 -3.5478897094726562 2.9999940395355225
    vertex -12.588739395141602 -23.08257293701172 3.0000033378601074
  endloop
endfacet
facet normal 0.0 0.0 0.0
  outer loop
    vertex -12.588739395141602 -23.08257293701172 3.0000033378601074
    vertex 55.2104377746582 -3.5478897094726562 2.9999940395355225
    vertex 55.11339569091797 1.3515553291654214e-05 2.9999940395355225
  endloop
endfacet
facet normal 0.0 0.0 0.0
  outer loop
    vertex -12.588739395141602 -23.08257293701172 3.0000033378601074
    vertex 55.11339569091797 1.3515553291654214e-05 2.9999940395355225
    vertex -12.5887451171875 23.261127471923828 3.0000033378601074
  endloop
endfacet
facet normal 0.0 0.0 0.0
  outer loop
    vertex -12.5887451171875 23.261127471923828 3.0000033378601074
    vertex 55.11339569091797 1.3515553291654214e-05 2.9999940395355225
    vertex 55.2104377746582 3.547916889190674 2.9999940395355225
  endloop
endfacet
facet normal 0.0 0.0 0.0
  outer loop
    vertex -12.5887451171875 23.261127471923828 3.0000033378601074
    vertex 55.2104377746582 3.547916889190674 2.9999940395355225
    vertex -12.257121086120605 23.39849090576172 3.0000033378601074
  endloop
endfacet
facet normal 0.0 0.0 0.0
  outer loop
    vertex -12.257121086120605 23.39849090576172 3.0000033378601074
    vertex 55.2104377746582 3.547916889190674 2.9999940395355225
    vertex 55.501277923583984 7.08521032333374 2.9999938011169434
  endloop
endfacet
facet normal 0.0 0.0 0.0
  outer loop
    vertex -12.257121086120605 23.39849090576172 3.0000033378601074
    vertex 55.501277923583984 7.08521032333374 2.9999938011169434
    vertex 44.36785888671875 23.39850616455078 2.999995470046997
  endloop
endfacet
facet normal 0.0 0.0 0.0
  outer loop
    vertex 44.36785888671875 23.39850616455078 2.999995470046997
    vertex 55.501277923583984 7.08521032333374 2.9999938011169434
    vertex 55.98504638671875 10.601317405700684 2.9999938011169434
  endloop
endfacet
facet normal 0.0 0.0 0.0
  outer loop
    vertex 44.36785888671875 23.39850616455078 2.999995470046997
    vertex 55.98504638671875 10.601317405700684 2.9999938011169434
    vertex 44.69948196411133 23.26114273071289 2.999995470046997
  endloop
endfacet
facet normal 0.0 0.0 0.0
  outer loop
    vertex 44.69948196411133 23.26114273071289 2.999995470046997
    vertex 55.98504638671875 10.601317405700684 2.9999938011169434
    vertex 56.66029357910156 14.085721969604492 2.9999938011169434
  endloop
endfacet
facet normal 0.0 0.0 0.0
  outer loop
    vertex 44.69948196411133 23.26114273071289 2.999995470046997
    vertex 56.66029357910156 14.085721969604492 2.9999938011169434
    vertex 45.05535888671875 23.214290618896484 2.999995470046997
  endloop
endfacet
facet normal 0.0 0.0 0.0
  outer loop
    vertex 45.05535888671875 23.214290618896484 2.999995470046997
    vertex 56.66029357910156 14.085721969604492 2.9999938011169434
    vertex 57.525001525878906 17.528005599975586 2.9999935626983643
  endloop
endfacet
facet normal 0.0 0.0 0.0
  outer loop
    vertex 45.05535888671875 23.214290618896484 2.999995470046997
    vertex 57.525001525878906 17.528005599975586 2.9999935626983643
    vertex 45.411231994628906 23.26114273071289 2.999995231628418
  endloop
endfacet
facet normal 0.0 0.0 0.0
  outer loop
    vertex 45.411231994628906 23.26114273071289 2.999995231628418
    vertex 57.525001525878906 17.528005599975586 2.9999935626983643
    vertex 45.74285888671875 23.39850616455078 2.999995231628418
  endloop
endfacet
facet normal 0.0 0.0 0.0
  outer loop
    vertex 45.74285888671875 23.39850616455078 2.999995231628418
    vertex 57.525001525878906 17.528005599975586 2.9999935626983643
    vertex 58.57658386230469 20.917875289916992 2.9999935626983643
  endloop
endfacet
facet normal 0.0 0.0 0.0
  outer loop
    vertex 45.74285888671875 23.39850616455078 2.999995231628418
    vertex 58.57658386230469 20.917875289916992 2.9999935626983643
    vertex 46.02762985229492 23.617019653320312 2.999995231628418
  endloop
endfacet
facet normal 0.0 0.0 0.0
  outer loop
    vertex 46.02762985229492 23.617019653320312 2.999995231628418
    vertex 58.57658386230469 20.917875289916992 2.9999935626983643
    vertex 46.24614334106445 23.901790618896484 2.999995231628418
  endloop
endfacet
facet normal 0.0 0.0 0.0
  outer loop
    vertex 46.24614334106445 23.901790618896484 2.999995231628418
    vertex 58.57658386230469 20.917875289916992 2.9999935626983643
    vertex 46.383506774902344 24.23341178894043 2.999995231628418
  endloop
endfacet
facet normal 0.0 0.0 0.0
  outer loop
    vertex 46.383506774902344 24.23341178894043 2.999995231628418
    vertex 58.57658386230469 20.917875289916992 2.9999935626983643
    vertex 59.81189727783203 24.245189666748047 2.999993324279785
  endloop
endfacet
facet normal 0.0 0.0 0.0
  outer loop
    vertex 46.383506774902344 24.23341178894043 2.999995231628418
    vertex 59.81189727783203 24.245189666748047 2.999993324279785
    vertex 46.43035888671875 24.58928871154785 2.999995231628418
  endloop
endfacet
facet normal 0.0 0.0 0.0
  outer loop
    vertex 46.43035888671875 24.58928871154785 2.999995231628418
    vertex 59.81189727783203 24.245189666748047 2.999993324279785
    vertex 46.383506774902344 24.945165634155273 2.999995231628418
  endloop
endfacet
facet normal 0.0 0.0 0.0
  outer loop
    vertex 46.383506774902344 24.945165634155273 2.999995231628418
    vertex 59.81189727783203 24.245189666748047 2.999993324279785
    vertex 46.24614334106445 25.27678871154785 2.999995231628418
  endloop
endfacet
facet normal 0.0 0.0 0.0
  outer loop
    vertex 46.24614334106445 25.27678871154785 2.999995231628418
    vertex 59.81189727783203 24.245189666748047 2.999993324279785
    vertex 61.22724914550781 27.500003814697266 2.999993085861206
  endloop
endfacet
facet normal 0.0 0.0 0.0
  outer loop
    vertex 46.24614334106445 25.27678871154785 2.999995231628418
    vertex 61.22724914550781 27.500003814697266 2.999993085861206
    vertex 46.02762985229492 25.561561584472656 2.999995231628418
  endloop
endfacet
facet normal 0.0 0.0 0.0
  outer loop
    vertex 46.02762985229492 25.561561584472656 2.999995231628418
    vertex 61.22724914550781 27.500003814697266 2.999993085861206
    vertex 45.74285888671875 25.780073165893555 2.999995231628418
  endloop
endfacet
facet normal 0.0 0.0 0.0
  outer loop
    vertex 45.74285888671875 25.780073165893555 2.999995231628418
    vertex 61.22724914550781 27.500003814697266 2.999993085861206
    vertex 62.81840515136719 30.672582626342773 2.999992847442627
  endloop
endfacet
facet normal 0.0 0.0 0.0
  outer loop
    vertex 45.74285888671875 25.780073165893555 2.999995231628418
    vertex 62.81840515136719 30.672582626342773 2.999992847442627
    vertex 45.411231994628906 25.917436599731445 2.999995231628418
  endloop
endfacet
facet normal 0.0 0.0 0.0
  outer loop
    vertex 45.411231994628906 25.917436599731445 2.999995231628418
    vertex 62.81840515136719 30.672582626342773 2.999992847442627
    vertex 41.15128707885742 34.16449737548828 2.9999959468841553
  endloop
endfacet
facet normal 0.0 0.0 0.0
  outer loop
    vertex 45.411231994628906 25.917436599731445 2.999995231628418
    vertex 41.15128707885742 34.16449737548828 2.9999959468841553
    vertex 40.97683334350586 33.952301025390625 2.9999959468841553
  endloop
endfacet
facet normal 0.0 0.0 0.0
  outer loop
    vertex 64.58059692382812 33.753440856933594 2.999992609024048
    vertex 41.3634033203125 34.678585052490234 2.9999959468841553
    vertex 62.81840515136719 30.672582626342773 2.999992847442627
  endloop
endfacet
facet normal 0.0 0.0 0.0
  outer loop
    vertex 62.81840515136719 30.672582626342773 2.999992847442627
    vertex 41.3634033203125 34.678585052490234 2.9999959468841553
    vertex 41.28398895263672 34.411930084228516 2.9999959468841553
  endloop
endfacet
facet normal 0.0 0.0 0.0
  outer loop
    vertex 62.81840515136719 30.672582626342773 2.999992847442627
    vertex 41.28398895263672 34.411930084228516 2.9999959468841553
    vertex 41.15128707885742 34.16449737548828 2.9999959468841553
  endloop
endfacet
facet normal 0.0 0.0 0.0
  outer loop
    vertex 66.50857543945312 36.73336410522461 2.9999923706054688
    vertex 41.27815628051758 35.49138641357422 2.9999959468841553
    vertex 64.58059692382812 33.753440856933594 2.999992609024048
  endloop
endfacet
facet normal 0.0 0.0 0.0
  outer loop
    vertex 64.58059692382812 33.753440856933594 2.999992609024048
    vertex 41.27815628051758 35.49138641357422 2.9999959468841553
    vertex 41.36148452758789 35.22062301635742 2.9999959468841553
  endloop
endfacet
facet normal 0.0 0.0 0.0
  outer loop
    vertex 64.58059692382812 33.753440856933594 2.999992609024048
    vertex 41.36148452758789 35.22062301635742 2.9999959468841553
    vertex 41.38931655883789 34.944679260253906 2.9999959468841553
  endloop
endfacet
facet normal 0.0 0.0 0.0
  outer loop
    vertex 68.59657287597656 39.60343933105469 2.9999921321868896
    vertex 68.59657287597656 39.94468307495117 2.9999921321868896
    vertex 66.50857543945312 36.73336410522461 2.9999923706054688
  endloop
endfacet
facet normal 0.0 0.0 0.0
  outer loop
    vertex 66.50857543945312 36.73336410522461 2.9999923706054688
    vertex 68.59657287597656 39.94468307495117 2.9999921321868896
    vertex 40.761566162109375 36.112003326416016 2.9999959468841553
  endloop
endfacet
facet normal 0.0 0.0 0.0
  outer loop
    vertex 66.50857543945312 36.73336410522461 2.9999923706054688
    vertex 40.761566162109375 36.112003326416016 2.9999959468841553
    vertex 40.96450424194336 35.94916915893555 2.9999959468841553
  endloop
endfacet
facet normal 0.0 0.0 0.0
  outer loop
    vertex -68.59658813476562 39.94465255737305 3.0000112056732178
    vertex -0.010670614428818226 36.34466552734375 3.0000016689300537
    vertex 68.59657287597656 39.94468307495117 2.9999921321868896
  endloop
endfacet
facet normal 0.0 0.0 0.0
  outer loop
    vertex 68.59657287597656 39.94468307495117 2.9999921321868896
    vertex -0.010670614428818226 36.34466552734375 3.0000016689300537
    vertex 39.989315032958984 36.34467697143555 2.9999959468841553
  endloop
endfacet
facet normal 0.0 0.0 0.0
  outer loop
    vertex 68.59657287597656 39.94468307495117 2.9999921321868896
    vertex 39.989315032958984 36.34467697143555 2.9999959468841553
    vertex 40.258277893066406 36.31820297241211 2.9999959468841553
  endloop
endfacet
facet normal 0.0 0.0 0.0
  outer loop
    vertex -68.59658813476562 39.89618682861328 3.0000112056732178
    vertex -66.45802307128906 36.988773345947266 3.0000109672546387
    vertex -68.59658813476562 39.94465255737305 3.0000112056732178
  endloop
endfacet
facet normal 0.0 0.0 0.0
  outer loop
    vertex -68.59658813476562 39.94465255737305 3.0000112056732178
    vertex -66.45802307128906 36.988773345947266 3.0000109672546387
    vertex -40.78290557861328 36.11198043823242 3.000007390975952
  endloop
endfacet
facet normal 0.0 0.0 0.0
  outer loop
    vertex -68.59658813476562 39.94465255737305 3.0000112056732178
    vertex -40.78290557861328 36.11198043823242 3.000007390975952
    vertex -40.54314041137695 36.239437103271484 3.000007390975952
  endloop
endfacet
facet normal 0.0 0.0 0.0
  outer loop
    vertex -64.48439025878906 33.966976165771484 3.0000107288360596
    vertex -41.16326141357422 35.73874282836914 3.000007390975952
    vertex -66.45802307128906 36.988773345947266 3.0000109672546387
  endloop
endfacet
facet normal 0.0 0.0 0.0
  outer loop
    vertex -66.45802307128906 36.988773345947266 3.0000109672546387
    vertex -41.16326141357422 35.73874282836914 3.000007390975952
    vertex -40.985843658447266 35.94914627075195 3.000007390975952
  endloop
endfacet
facet normal 0.0 0.0 0.0
  outer loop
    vertex -66.45802307128906 36.988773345947266 3.0000109672546387
    vertex -40.985843658447266 35.94914627075195 3.000007390975952
    vertex -40.78290557861328 36.11198043823242 3.000007390975952
  endloop
endfacet
facet normal 0.0 0.0 0.0
  outer loop
    vertex -62.68177032470703 30.840145111083984 3.0000104904174805
    vertex -41.4106559753418 34.94465637207031 3.000007390975952
    vertex -64.48439025878906 33.966976165771484 3.0000107288360596
  endloop
endfacet
facet normal 0.0 0.0 0.0
  outer loop
    vertex -64.48439025878906 33.966976165771484 3.0000107288360596
    vertex -41.4106559753418 34.94465637207031 3.000007390975952
    vertex -41.3828239440918 35.22060012817383 3.000007390975952
  endloop
endfacet
facet normal 0.0 0.0 0.0
  outer loop
    vertex -64.48439025878906 33.966976165771484 3.0000107288360596
    vertex -41.3828239440918 35.22060012817383 3.000007390975952
    vertex -41.299495697021484 35.491363525390625 3.000007390975952
  endloop
endfacet
facet normal 0.0 0.0 0.0
  outer loop
    vertex -41.4106559753418 34.94465637207031 3.000007390975952
    vertex -62.68177032470703 30.840145111083984 3.0000104904174805
    vertex -41.384742736816406 34.67856216430664 3.000007390975952
  endloop
endfacet
facet normal 0.0 0.0 0.0
  outer loop
    vertex -41.384742736816406 34.67856216430664 3.000007390975952
    vertex -62.68177032470703 30.840145111083984 3.0000104904174805
    vertex -61.055755615234375 27.61794662475586 3.0000102519989014
  endloop
endfacet
facet normal 0.0 0.0 0.0
  outer loop
    vertex -41.384742736816406 34.67856216430664 3.000007390975952
    vertex -61.055755615234375 27.61794662475586 3.0000102519989014
    vertex -59.611366271972656 24.310344696044922 3.0000100135803223
  endloop
endfacet
facet normal 0.0 0.0 0.0
  outer loop
    vertex -59.611366271972656 24.310344696044922 3.0000100135803223
    vertex -58.35307312011719 20.927570343017578 3.000009775161743
    vertex -41.384742736816406 34.67856216430664 3.000007390975952
  endloop
endfacet
facet normal 0.0 0.0 0.0
  outer loop
    vertex -41.384742736816406 34.67856216430664 3.000007390975952
    vertex -58.35307312011719 20.927570343017578 3.000009775161743
    vertex -57.28476333618164 17.480077743530273 3.000009775161743
  endloop
endfacet
facet normal 0.0 0.0 0.0
  outer loop
    vertex -41.384742736816406 34.67856216430664 3.000007390975952
    vertex -57.28476333618164 17.480077743530273 3.000009775161743
    vertex -56.40973663330078 13.978531837463379 3.000009536743164
  endloop
endfacet
facet normal 0.0 0.0 0.0
  outer loop
    vertex -56.40973663330078 13.978531837463379 3.000009536743164
    vertex -55.73070526123047 10.433760643005371 3.000009536743164
    vertex -41.384742736816406 34.67856216430664 3.000007390975952
  endloop
endfacet
facet normal 0.0 0.0 0.0
  outer loop
    vertex -41.384742736816406 34.67856216430664 3.000007390975952
    vertex -55.73070526123047 10.433760643005371 3.000009536743164
    vertex -55.24977111816406 6.856724262237549 3.000009298324585
  endloop
endfacet
facet normal 0.0 0.0 0.0
  outer loop
    vertex -41.384742736816406 34.67856216430664 3.000007390975952
    vertex -55.24977111816406 6.856724262237549 3.000009298324585
    vertex -54.968414306640625 3.2584848403930664 3.000009298324585
  endloop
endfacet
facet normal 0.0 0.0 0.0
  outer loop
    vertex -54.887508392333984 -0.3498307764530182 3.000009298324585
    vertex -47.93153381347656 -18.742136001586914 3.0000083446502686
    vertex -54.968414306640625 3.2584848403930664 3.000009298324585
  endloop
endfacet
facet normal 0.0 0.0 0.0
  outer loop
    vertex -54.968414306640625 3.2584848403930664 3.000009298324585
    vertex -47.93153381347656 -18.742136001586914 3.0000083446502686
    vertex -40.998172760009766 33.95227813720703 3.000007390975952
  endloop
endfacet
facet normal 0.0 0.0 0.0
  outer loop
    vertex -54.968414306640625 3.2584848403930664 3.000009298324585
    vertex -40.998172760009766 33.95227813720703 3.000007390975952
    vertex -41.17262649536133 34.16447448730469 3.000007390975952
  endloop
endfacet
facet normal 0.0 0.0 0.0
  outer loop
    vertex -54.887508392333984 -0.3498307764530182 3.000009298324585
    vertex -55.00730514526367 -3.957064628601074 3.000009298324585
    vertex -47.93153381347656 -18.742136001586914 3.0000083446502686
  endloop
endfacet
facet normal 0.0 0.0 0.0
  outer loop
    vertex -47.93153381347656 -18.742136001586914 3.0000083446502686
    vertex -55.00730514526367 -3.957064628601074 3.000009298324585
    vertex -55.327430725097656 -7.552062034606934 3.000009536743164
  endloop
endfacet
facet normal 0.0 0.0 0.0
  outer loop
    vertex -47.93153381347656 -18.742136001586914 3.0000083446502686
    vertex -55.327430725097656 -7.552062034606934 3.000009536743164
    vertex -55.84689712524414 -11.123706817626953 3.000009536743164
  endloop
endfacet
facet normal 0.0 0.0 0.0
  outer loop
    vertex -56.5640983581543 -14.660953521728516 3.000009536743164
    vertex -55.9976692199707 -14.9808349609375 3.000009536743164
    vertex -55.84689712524414 -11.123706817626953 3.000009536743164
  endloop
endfacet
facet normal 0.0 0.0 0.0
  outer loop
    vertex -55.84689712524414 -11.123706817626953 3.000009536743164
    vertex -55.9976692199707 -14.9808349609375 3.000009536743164
    vertex -52.825592041015625 -16.459999084472656 3.000009059906006
  endloop
endfacet
facet normal 0.0 0.0 0.0
  outer loop
    vertex -55.84689712524414 -11.123706817626953 3.000009536743164
    vertex -52.825592041015625 -16.459999084472656 3.000009059906006
    vertex -52.00991439819336 -16.840354919433594 3.000009059906006
  endloop
endfacet
facet normal 0.0 0.0 0.0
  outer loop
    vertex -52.00991439819336 -16.840354919433594 3.000009059906006
    vertex -52.825592041015625 -16.459999084472656 3.000009059906006
    vertex -53.95396041870117 -21.009370803833008 3.000009298324585
  endloop
endfacet
facet normal 0.0 0.0 0.0
  outer loop
    vertex -53.95396041870117 -21.009370803833008 3.000009298324585
    vertex -52.825592041015625 -16.459999084472656 3.000009059906006
    vertex -55.403564453125 -21.988475799560547 3.000009536743164
  endloop
endfacet
facet normal 0.0 0.0 0.0
  outer loop
    vertex -53.95396041870117 -21.009370803833008 3.000009298324585
    vertex -55.403564453125 -21.988475799560547 3.000009536743164
    vertex -49.87557601928711 -22.911151885986328 3.0000085830688477
  endloop
endfacet
facet normal 0.0 0.0 0.0
  outer loop
    vertex -49.87557601928711 -22.911151885986328 3.0000085830688477
    vertex -55.403564453125 -21.988475799560547 3.000009536743164
    vertex -59.374290466308594 -23.715084075927734 3.0000100135803223
  endloop
endfacet
facet normal 0.0 0.0 0.0
  outer loop
    vertex -49.87557601928711 -22.911151885986328 3.0000085830688477
    vertex -59.374290466308594 -23.715084075927734 3.0000100135803223
    vertex -60.639373779296875 -26.714567184448242 3.0000102519989014
  endloop
endfacet
facet normal 0.0 0.0 0.0
  outer loop
    vertex -56.5640983581543 -14.660953521728516 3.000009536743164
    vertex -57.476810455322266 -18.152862548828125 3.000009775161743
    vertex -55.9976692199707 -14.9808349609375 3.000009536743164
  endloop
endfacet
facet normal 0.0 0.0 0.0
  outer loop
    vertex -55.403564453125 -21.988475799560547 3.000009536743164
    vertex -58.261199951171875 -20.65593910217285 3.000009775161743
    vertex -59.374290466308594 -23.715084075927734 3.0000100135803223
  endloop
endfacet
facet normal 0.0 0.0 0.0
  outer loop
    vertex -62.053260803222656 -29.646846771240234 3.0000102519989014
    vertex -41.00059509277344 -33.95472717285156 3.000007390975952
    vertex -60.639373779296875 -26.714567184448242 3.0000102519989014
  endloop
endfacet
facet normal 0.0 0.0 0.0
  outer loop
    vertex -60.639373779296875 -26.714567184448242 3.0000102519989014
    vertex -41.00059509277344 -33.95472717285156 3.000007390975952
    vertex -40.71064758300781 -33.732242584228516 3.000007390975952
  endloop
endfacet
facet normal 0.0 0.0 0.0
  outer loop
    vertex -60.639373779296875 -26.714567184448242 3.0000102519989014
    vertex -40.71064758300781 -33.732242584228516 3.000007390975952
    vertex -49.87557601928711 -22.911151885986328 3.0000085830688477
  endloop
endfacet
facet normal 0.0 0.0 0.0
  outer loop
    vertex -49.87557601928711 -22.911151885986328 3.0000085830688477
    vertex -40.71064758300781 -33.732242584228516 3.000007390975952
    vertex -40.37299346923828 -33.59238052368164 3.000007390975952
  endloop
endfacet
facet normal 0.0 0.0 0.0
  outer loop
    vertex -49.87557601928711 -22.911151885986328 3.0000085830688477
    vertex -40.37299346923828 -33.59238052368164 3.000007390975952
    vertex -40.01064682006836 -33.544677734375 3.000007390975952
  endloop
endfacet
facet normal 0.0 0.0 0.0
  outer loop
    vertex -63.612396240234375 -32.504547119140625 3.0000104904174805
    vertex -60.89759826660156 -33.770477294921875 3.0000102519989014
    vertex -62.053260803222656 -29.646846771240234 3.0000102519989014
  endloop
endfacet
facet normal 0.0 0.0 0.0
  outer loop
    vertex -62.053260803222656 -29.646846771240234 3.0000102519989014
    vertex -60.89759826660156 -33.770477294921875 3.0000102519989014
    vertex -41.00059509277344 -33.95472717285156 3.000007390975952
  endloop
endfacet
facet normal 0.0 0.0 0.0
  outer loop
    vertex -63.47557067871094 -39.298954010009766 3.0000104904174805
    vertex -60.71584701538086 -35.51029586791992 3.0000102519989014
    vertex -60.89759826660156 -33.770477294921875 3.0000102519989014
  endloop
endfacet
facet normal 0.0 0.0 0.0
  outer loop
    vertex -60.89759826660156 -33.770477294921875 3.0000102519989014
    vertex -60.71584701538086 -35.51029586791992 3.0000102519989014
    vertex -56.63746643066406 -37.412078857421875 3.000009536743164
  endloop
endfacet
facet normal 0.0 0.0 0.0
  outer loop
    vertex -60.89759826660156 -33.770477294921875 3.0000102519989014
    vertex -56.63746643066406 -37.412078857421875 3.000009536743164
    vertex -41.22308349609375 -34.24467849731445 3.000007390975952
  endloop
endfacet
facet normal 0.0 0.0 0.0
  outer loop
    vertex -41.22308349609375 -34.24467849731445 3.000007390975952
    vertex -56.63746643066406 -37.412078857421875 3.000009536743164
    vertex -41.36294174194336 -34.582332611083984 3.000007390975952
  endloop
endfacet
facet normal 0.0 0.0 0.0
  outer loop
    vertex -41.36294174194336 -34.582332611083984 3.000007390975952
    vertex -56.63746643066406 -37.412078857421875 3.000009536743164
    vertex -41.410648345947266 -34.944679260253906 3.000007390975952
  endloop
endfacet
facet normal 0.0 0.0 0.0
  outer loop
    vertex -41.410648345947266 -34.944679260253906 3.000007390975952
    vertex -56.63746643066406 -37.412078857421875 3.000009536743164
    vertex -41.36294174194336 -35.30702590942383 3.000007390975952
  endloop
endfacet
facet normal 0.0 0.0 0.0
  outer loop
    vertex -41.36294174194336 -35.30702590942383 3.000007390975952
    vertex -56.63746643066406 -37.412078857421875 3.000009536743164
    vertex -41.22308349609375 -35.644676208496094 3.000007390975952
  endloop
endfacet
facet normal 0.0 0.0 0.0
  outer loop
    vertex -66.64764404296875 -37.81978988647461 3.0000109672546387
    vertex -67.6435546875 -38.64223098754883 3.0000112056732178
    vertex -63.47557067871094 -39.298954010009766 3.0000104904174805
  endloop
endfacet
facet normal 0.0 0.0 0.0
  outer loop
    vertex -63.47557067871094 -39.298954010009766 3.0000104904174805
    vertex -67.6435546875 -38.64223098754883 3.0000112056732178
    vertex -68.59657287597656 -39.896217346191406 3.0000112056732178
  endloop
endfacet
facet normal 0.0 0.0 0.0
  outer loop
    vertex -63.47557067871094 -39.298954010009766 3.0000104904174805
    vertex -68.59657287597656 -39.896217346191406 3.0000112056732178
    vertex -68.59657287597656 -39.94468307495117 3.0000112056732178
  endloop
endfacet
facet normal 0.0 0.0 0.0
  outer loop
    vertex -65.83018493652344 -36.06674575805664 3.0000109672546387
    vertex -66.72123718261719 -37.3654899597168 3.0000109672546387
    vertex -66.64764404296875 -37.81978988647461 3.0000109672546387
  endloop
endfacet
facet normal 0.0 0.0 0.0
  outer loop
    vertex -66.64764404296875 -37.81978988647461 3.0000109672546387
    vertex -66.72123718261719 -37.3654899597168 3.0000109672546387
    vertex -67.6435546875 -38.64223098754883 3.0000112056732178
  endloop
endfacet
facet normal 0.0 0.0 0.0
  outer loop
    vertex -62.09080505371094 -39.94468307495117 3.0000104904174805
    vertex -62.65989303588867 -39.6793098449707 3.0000104904174805
    vertex -68.59657287597656 -39.94468307495117 3.0000112056732178
  endloop
endfacet
facet normal 0.0 0.0 0.0
  outer loop
    vertex -68.59657287597656 -39.94468307495117 3.0000112056732178
    vertex -62.65989303588867 -39.6793098449707 3.0000104904174805
    vertex -63.47557067871094 -39.298954010009766 3.0000104904174805
  endloop
endfacet
facet normal 0.0 0.0 0.0
  outer loop
    vertex -62.65989303588867 -39.6793098449707 3.0000104904174805
    vertex -60.71584701538086 -35.51029586791992 3.0000102519989014
    vertex -63.47557067871094 -39.298954010009766 3.0000104904174805
  endloop
endfacet
facet normal 0.0 0.0 0.0
  outer loop
    vertex -52.00991439819336 -16.840354919433594 3.000009059906006
    vertex -47.93153381347656 -18.742136001586914 3.0000083446502686
    vertex -55.84689712524414 -11.123706817626953 3.000009536743164
  endloop
endfacet
facet normal 0.0 0.0 0.0
  outer loop
    vertex -49.87557601928711 -22.911151885986328 3.0000085830688477
    vertex -14.319615364074707 -24.41071891784668 3.0000035762786865
    vertex -47.93153381347656 -18.742136001586914 3.0000083446502686
  endloop
endfacet
facet normal 0.0 0.0 0.0
  outer loop
    vertex -47.93153381347656 -18.742136001586914 3.0000083446502686
    vertex -14.319615364074707 -24.41071891784668 3.0000035762786865
    vertex -14.2727632522583 -24.054841995239258 3.0000035762786865
  endloop
endfacet
facet normal 0.0 0.0 0.0
  outer loop
    vertex -47.93153381347656 -18.742136001586914 3.0000083446502686
    vertex -14.2727632522583 -24.054841995239258 3.0000035762786865
    vertex -14.135400772094727 -23.723220825195312 3.0000035762786865
  endloop
endfacet
facet normal 0.0 0.0 0.0
  outer loop
    vertex 39.720359802246094 -36.318180084228516 2.9999961853027344
    vertex -0.010661209933459759 -36.34466552734375 3.0000016689300537
    vertex 39.989322662353516 -36.34465408325195 2.9999959468841553
  endloop
endfacet
facet normal 0.0 0.0 0.0
  outer loop
    vertex 39.989322662353516 -36.34465408325195 2.9999959468841553
    vertex -0.010661209933459759 -36.34466552734375 3.0000016689300537
    vertex 68.59658813476562 -39.94465255737305 2.9999921321868896
  endloop
endfacet
facet normal 0.0 0.0 0.0
  outer loop
    vertex 39.989322662353516 -36.34465408325195 2.9999959468841553
    vertex 68.59658813476562 -39.94465255737305 2.9999921321868896
    vertex 40.258243560791016 -36.31818771362305 2.9999959468841553
  endloop
endfacet
facet normal 0.0 0.0 0.0
  outer loop
    vertex 40.258243560791016 -36.31818771362305 2.9999959468841553
    vertex 68.59658813476562 -39.94465255737305 2.9999921321868896
    vertex 40.521732330322266 -36.23946762084961 2.9999959468841553
  endloop
endfacet
facet normal 0.0 0.0 0.0
  outer loop
    vertex 40.521732330322266 -36.23946762084961 2.9999959468841553
    vertex 68.59658813476562 -39.94465255737305 2.9999921321868896
    vertex 40.6454963684082 -36.18113708496094 2.9999959468841553
  endloop
endfacet
facet normal 0.0 0.0 0.0
  outer loop
    vertex 40.6454963684082 -36.18113708496094 2.9999959468841553
    vertex 68.59658813476562 -39.94465255737305 2.9999921321868896
    vertex 40.761539459228516 -36.11199951171875 2.9999959468841553
  endloop
endfacet
facet normal 0.0 0.0 0.0
  outer loop
    vertex -0.010661209933459759 -36.34466552734375 3.0000016689300537
    vertex 39.720359802246094 -36.318180084228516 2.9999961853027344
    vertex 0.258301705121994 -36.31819152832031 3.0000016689300537
  endloop
endfacet
facet normal 0.0 0.0 0.0
  outer loop
    vertex 0.258301705121994 -36.31819152832031 3.0000016689300537
    vertex 39.720359802246094 -36.318180084228516 2.9999961853027344
    vertex 39.45683670043945 -36.239437103271484 2.9999961853027344
  endloop
endfacet
facet normal 0.0 0.0 0.0
  outer loop
    vertex 0.258301705121994 -36.31819152832031 3.0000016689300537
    vertex 39.45683670043945 -36.239437103271484 2.9999961853027344
    vertex 0.5218263864517212 -36.23944854736328 3.0000016689300537
  endloop
endfacet
facet normal 0.0 0.0 0.0
  outer loop
    vertex 0.5218263864517212 -36.23944854736328 3.0000016689300537
    vertex 39.45683670043945 -36.239437103271484 2.9999961853027344
    vertex 39.29736328125 -36.16169738769531 2.9999961853027344
  endloop
endfacet
facet normal 0.0 0.0 0.0
  outer loop
    vertex 0.5218263864517212 -36.23944854736328 3.0000016689300537
    vertex 39.29736328125 -36.16169738769531 2.9999961853027344
    vertex 0.7615883946418762 -36.11199188232422 3.0000016689300537
  endloop
endfacet
facet normal 0.0 0.0 0.0
  outer loop
    vertex 0.7615883946418762 -36.11199188232422 3.0000016689300537
    vertex 39.29736328125 -36.16169738769531 2.9999961853027344
    vertex 39.14900207519531 -36.06441116333008 2.9999961853027344
  endloop
endfacet
facet normal 0.0 0.0 0.0
  outer loop
    vertex 0.7615883946418762 -36.11199188232422 3.0000016689300537
    vertex 39.14900207519531 -36.06441116333008 2.9999961853027344
    vertex 0.964527428150177 -35.94915771484375 3.0000014305114746
  endloop
endfacet
facet normal 0.0 0.0 0.0
  outer loop
    vertex 0.964527428150177 -35.94915771484375 3.0000014305114746
    vertex 39.14900207519531 -36.06441116333008 2.9999961853027344
    vertex 39.01413345336914 -35.94914627075195 2.9999961853027344
  endloop
endfacet
facet normal 0.0 0.0 0.0
  outer loop
    vertex 0.964527428150177 -35.94915771484375 3.0000014305114746
    vertex 39.01413345336914 -35.94914627075195 2.9999961853027344
    vertex 38.83672332763672 -35.7387580871582 2.9999961853027344
  endloop
endfacet
facet normal 0.0 0.0 0.0
  outer loop
    vertex 0.964527428150177 -35.94915771484375 3.0000014305114746
    vertex 38.83672332763672 -35.7387580871582 2.9999961853027344
    vertex 1.1419447660446167 -35.73875427246094 3.0000014305114746
  endloop
endfacet
facet normal 0.0 0.0 0.0
  outer loop
    vertex 1.1419447660446167 -35.73875427246094 3.0000014305114746
    vertex 38.83672332763672 -35.7387580871582 2.9999961853027344
    vertex 38.70049285888672 -35.49138641357422 2.9999961853027344
  endloop
endfacet
facet normal 0.0 0.0 0.0
  outer loop
    vertex 1.1419447660446167 -35.73875427246094 3.0000014305114746
    vertex 38.70049285888672 -35.49138641357422 2.9999961853027344
    vertex 1.2781790494918823 -35.49137496948242 3.0000014305114746
  endloop
endfacet
facet normal 0.0 0.0 0.0
  outer loop
    vertex 1.2781790494918823 -35.49137496948242 3.0000014305114746
    vertex 38.70049285888672 -35.49138641357422 2.9999961853027344
    vertex 38.65190124511719 -35.35786819458008 2.9999961853027344
  endloop
endfacet
facet normal 0.0 0.0 0.0
  outer loop
    vertex 1.2781790494918823 -35.49137496948242 3.0000014305114746
    vertex 38.65190124511719 -35.35786819458008 2.9999961853027344
    vertex 1.3615087270736694 -35.220611572265625 3.0000014305114746
  endloop
endfacet
facet normal 0.0 0.0 0.0
  outer loop
    vertex 1.3615087270736694 -35.220611572265625 3.0000014305114746
    vertex 38.65190124511719 -35.35786819458008 2.9999961853027344
    vertex 38.61715316772461 -35.22061538696289 2.9999961853027344
  endloop
endfacet
facet normal 0.0 0.0 0.0
  outer loop
    vertex 1.3615087270736694 -35.220611572265625 3.0000014305114746
    vertex 38.61715316772461 -35.22061538696289 2.9999961853027344
    vertex 38.59628677368164 -35.082069396972656 2.9999961853027344
  endloop
endfacet
facet normal 0.0 0.0 0.0
  outer loop
    vertex 1.3615087270736694 -35.220611572265625 3.0000014305114746
    vertex 38.59628677368164 -35.082069396972656 2.9999961853027344
    vertex 1.3893381357192993 -34.94466781616211 3.0000014305114746
  endloop
endfacet
facet normal 0.0 0.0 0.0
  outer loop
    vertex 1.3893381357192993 -34.94466781616211 3.0000014305114746
    vertex 38.59628677368164 -35.082069396972656 2.9999961853027344
    vertex 38.58932113647461 -34.94466018676758 2.9999961853027344
  endloop
endfacet
facet normal 0.0 0.0 0.0
  outer loop
    vertex 1.3893381357192993 -34.94466781616211 3.0000014305114746
    vertex 38.58932113647461 -34.94466018676758 2.9999961853027344
    vertex 1.3634278774261475 -34.67857360839844 3.0000014305114746
  endloop
endfacet
facet normal 0.0 0.0 0.0
  outer loop
    vertex 1.3634278774261475 -34.67857360839844 3.0000014305114746
    vertex 38.58932113647461 -34.94466018676758 2.9999961853027344
    vertex 38.615234375 -34.678565979003906 2.9999961853027344
  endloop
endfacet
facet normal 0.0 0.0 0.0
  outer loop
    vertex 1.3634278774261475 -34.67857360839844 3.0000014305114746
    vertex 38.615234375 -34.678565979003906 2.9999961853027344
    vertex 1.2840116024017334 -34.41191864013672 3.0000014305114746
  endloop
endfacet
facet normal 0.0 0.0 0.0
  outer loop
    vertex 1.2840116024017334 -34.41191864013672 3.0000014305114746
    vertex 38.615234375 -34.678565979003906 2.9999961853027344
    vertex 38.69464874267578 -34.41191101074219 2.9999961853027344
  endloop
endfacet
facet normal 0.0 0.0 0.0
  outer loop
    vertex 1.2840116024017334 -34.41191864013672 3.0000014305114746
    vertex 38.69464874267578 -34.41191101074219 2.9999961853027344
    vertex 1.1513116359710693 -34.164485931396484 3.0000014305114746
  endloop
endfacet
facet normal 0.0 0.0 0.0
  outer loop
    vertex 1.1513116359710693 -34.164485931396484 3.0000014305114746
    vertex 38.69464874267578 -34.41191101074219 2.9999961853027344
    vertex 38.82735061645508 -34.16447830200195 2.9999961853027344
  endloop
endfacet
facet normal 0.0 0.0 0.0
  outer loop
    vertex 1.1513116359710693 -34.164485931396484 3.0000014305114746
    vertex 38.82735061645508 -34.16447830200195 2.9999961853027344
    vertex 0.9768558144569397 -33.95228958129883 3.0000014305114746
  endloop
endfacet
facet normal 0.0 0.0 0.0
  outer loop
    vertex 0.9768558144569397 -33.95228958129883 3.0000014305114746
    vertex 38.82735061645508 -34.16447830200195 2.9999961853027344
    vertex 39.00180435180664 -33.95227813720703 2.9999961853027344
  endloop
endfacet
facet normal 0.0 0.0 0.0
  outer loop
    vertex 0.9768558144569397 -33.95228958129883 3.0000014305114746
    vertex 39.00180435180664 -33.95227813720703 2.9999961853027344
    vertex 0.7685931324958801 -33.78204345703125 3.0000016689300537
  endloop
endfacet
facet normal 0.0 0.0 0.0
  outer loop
    vertex 0.7685931324958801 -33.78204345703125 3.0000016689300537
    vertex 39.00180435180664 -33.95227813720703 2.9999961853027344
    vertex 39.21006774902344 -33.78203201293945 2.9999961853027344
  endloop
endfacet
facet normal 0.0 0.0 0.0
  outer loop
    vertex 0.7685931324958801 -33.78204345703125 3.0000016689300537
    vertex 39.21006774902344 -33.78203201293945 2.9999961853027344
    vertex 43.68036651611328 -24.410703659057617 2.999995470046997
  endloop
endfacet
facet normal 0.0 0.0 0.0
  outer loop
    vertex 41.15129470825195 -34.16447448730469 2.9999959468841553
    vertex 41.28399658203125 -34.41190719604492 2.9999959468841553
    vertex 62.81841278076172 -30.67255210876465 2.999992847442627
  endloop
endfacet
facet normal 0.0 0.0 0.0
  outer loop
    vertex 62.81841278076172 -30.67255210876465 2.999992847442627
    vertex 41.28399658203125 -34.41190719604492 2.9999959468841553
    vertex 41.36341094970703 -34.67856216430664 2.9999959468841553
  endloop
endfacet
facet normal 0.0 0.0 0.0
  outer loop
    vertex 41.36149215698242 -35.22060012817383 2.9999959468841553
    vertex 41.27816390991211 -35.491363525390625 2.9999959468841553
    vertex 64.58061218261719 -33.75341033935547 2.999992609024048
  endloop
endfacet
facet normal 0.0 0.0 0.0
  outer loop
    vertex 40.96451187133789 -35.94914627075195 2.9999959468841553
    vertex 40.86837387084961 -36.034019470214844 2.9999959468841553
    vertex 66.50859069824219 -36.733333587646484 2.9999923706054688
  endloop
endfacet
facet normal 0.0 0.0 0.0
  outer loop
    vertex -12.588739395141602 -23.08257293701172 3.0000033378601074
    vertex -12.5887451171875 23.261127471923828 3.0000033378601074
    vertex -12.944615364074707 -23.035720825195312 3.0000035762786865
  endloop
endfacet
facet normal 0.0 0.0 0.0
  outer loop
    vertex -12.944615364074707 -23.035720825195312 3.0000035762786865
    vertex -12.5887451171875 23.261127471923828 3.0000033378601074
    vertex -12.944621086120605 23.214275360107422 3.0000035762786865
  endloop
endfacet
facet normal 0.0 0.0 0.0
  outer loop
    vertex -12.944615364074707 -23.035720825195312 3.0000035762786865
    vertex -12.944621086120605 23.214275360107422 3.0000035762786865
    vertex -13.300491333007812 -23.08257293701172 3.0000035762786865
  endloop
endfacet
facet normal 0.0 0.0 0.0
  outer loop
    vertex -13.300491333007812 -23.08257293701172 3.0000035762786865
    vertex -12.944621086120605 23.214275360107422 3.0000035762786865
    vertex -13.300497055053711 23.261127471923828 3.0000035762786865
  endloop
endfacet
facet normal 0.0 0.0 0.0
  outer loop
    vertex -13.300491333007812 -23.08257293701172 3.0000035762786865
    vertex -13.300497055053711 23.261127471923828 3.0000035762786865
    vertex -47.93153381347656 -18.742136001586914 3.0000083446502686
  endloop
endfacet
facet normal 0.0 0.0 0.0
  outer loop
    vertex -47.93153381347656 -18.742136001586914 3.0000083446502686
    vertex -13.300497055053711 23.261127471923828 3.0000035762786865
    vertex -13.632121086120605 23.39849090576172 3.0000035762786865
  endloop
endfacet
facet normal 0.0 0.0 0.0
  outer loop
    vertex -47.93153381347656 -18.742136001586914 3.0000083446502686
    vertex -13.632121086120605 23.39849090576172 3.0000035762786865
    vertex -13.916893005371094 23.61700439453125 3.0000035762786865
  endloop
endfacet
facet normal 0.0 0.0 0.0
  outer loop
    vertex -12.257115364074707 -23.21993637084961 3.0000033378601074
    vertex -11.972344398498535 -23.438447952270508 3.0000033378601074
    vertex 44.36786651611328 -23.219921112060547 2.999995470046997
  endloop
endfacet
facet normal 0.0 0.0 0.0
  outer loop
    vertex 44.36786651611328 -23.219921112060547 2.999995470046997
    vertex -11.972344398498535 -23.438447952270508 3.0000033378601074
    vertex 44.083091735839844 -23.438432693481445 2.999995470046997
  endloop
endfacet
facet normal 0.0 0.0 0.0
  outer loop
    vertex 44.083091735839844 -23.438432693481445 2.999995470046997
    vertex -11.972344398498535 -23.438447952270508 3.0000033378601074
    vertex -11.75383186340332 -23.723220825195312 3.0000033378601074
  endloop
endfacet
facet normal 0.0 0.0 0.0
  outer loop
    vertex 44.083091735839844 -23.438432693481445 2.999995470046997
    vertex -11.75383186340332 -23.723220825195312 3.0000033378601074
    vertex 43.86458206176758 -23.72320556640625 2.999995470046997
  endloop
endfacet
facet normal 0.0 0.0 0.0
  outer loop
    vertex 43.86458206176758 -23.72320556640625 2.999995470046997
    vertex -11.75383186340332 -23.723220825195312 3.0000033378601074
    vertex 0.5241044163703918 -33.65082550048828 3.0000016689300537
  endloop
endfacet
facet normal 0.0 0.0 0.0
  outer loop
    vertex 43.86458206176758 -23.72320556640625 2.999995470046997
    vertex 0.5241044163703918 -33.65082550048828 3.0000016689300537
    vertex 43.72721862792969 -24.054826736450195 2.999995470046997
  endloop
endfacet
facet normal 0.0 0.0 0.0
  outer loop
    vertex 43.72721862792969 -24.054826736450195 2.999995470046997
    vertex 0.5241044163703918 -33.65082550048828 3.0000016689300537
    vertex 0.7685931324958801 -33.78204345703125 3.0000016689300537
  endloop
endfacet
facet normal 0.0 0.0 0.0
  outer loop
    vertex 43.72721862792969 -24.054826736450195 2.999995470046997
    vertex 0.7685931324958801 -33.78204345703125 3.0000016689300537
    vertex 43.68036651611328 -24.410703659057617 2.999995470046997
  endloop
endfacet
facet normal 0.0 0.0 0.0
  outer loop
    vertex -11.75383186340332 -23.723220825195312 3.0000033378601074
    vertex -11.61646842956543 -24.054840087890625 3.0000033378601074
    vertex 0.5241044163703918 -33.65082550048828 3.0000016689300537
  endloop
endfacet
facet normal 0.0 0.0 0.0
  outer loop
    vertex 0.5241044163703918 -33.65082550048828 3.0000016689300537
    vertex -11.61646842956543 -24.054840087890625 3.0000033378601074
    vertex 0.2580157220363617 -33.571075439453125 3.0000016689300537
  endloop
endfacet
facet normal 0.0 0.0 0.0
  outer loop
    vertex 0.2580157220363617 -33.571075439453125 3.0000016689300537
    vertex -11.61646842956543 -24.054840087890625 3.0000033378601074
    vertex -11.569616317749023 -24.410717010498047 3.0000033378601074
  endloop
endfacet
facet normal 0.0 0.0 0.0
  outer loop
    vertex 0.2580157220363617 -33.571075439453125 3.0000016689300537
    vertex -11.569616317749023 -24.410717010498047 3.0000033378601074
    vertex -11.61646842956543 -24.76659393310547 3.0000033378601074
  endloop
endfacet
facet normal 0.0 0.0 0.0
  outer loop
    vertex 0.2580157220363617 -33.571075439453125 3.0000016689300537
    vertex -11.61646842956543 -24.76659393310547 3.0000033378601074
    vertex -0.010661572217941284 -33.5446662902832 3.0000016689300537
  endloop
endfacet
facet normal 0.0 0.0 0.0
  outer loop
    vertex -0.010661572217941284 -33.5446662902832 3.0000016689300537
    vertex -11.61646842956543 -24.76659393310547 3.0000033378601074
    vertex -11.75383186340332 -25.09821891784668 3.0000033378601074
  endloop
endfacet
facet normal 0.0 0.0 0.0
  outer loop
    vertex -0.010661572217941284 -33.5446662902832 3.0000016689300537
    vertex -11.75383186340332 -25.09821891784668 3.0000033378601074
    vertex -0.2793388366699219 -33.571075439453125 3.0000016689300537
  endloop
endfacet
facet normal 0.0 0.0 0.0
  outer loop
    vertex -0.2793388366699219 -33.571075439453125 3.0000016689300537
    vertex -11.75383186340332 -25.09821891784668 3.0000033378601074
    vertex -11.972344398498535 -25.38298988342285 3.0000033378601074
  endloop
endfacet
facet normal 0.0 0.0 0.0
  outer loop
    vertex -0.2793388366699219 -33.571075439453125 3.0000016689300537
    vertex -11.972344398498535 -25.38298988342285 3.0000033378601074
    vertex -12.257115364074707 -25.601503372192383 3.0000033378601074
  endloop
endfacet
facet normal 0.0 0.0 0.0
  outer loop
    vertex -12.588739395141602 -25.738866806030273 3.0000033378601074
    vertex -0.7899162769317627 -33.78204345703125 3.0000016689300537
    vertex -12.257115364074707 -25.601503372192383 3.0000033378601074
  endloop
endfacet
facet normal 0.0 0.0 0.0
  outer loop
    vertex -12.257115364074707 -25.601503372192383 3.0000033378601074
    vertex -0.7899162769317627 -33.78204345703125 3.0000016689300537
    vertex -0.5454275608062744 -33.65082550048828 3.0000016689300537
  endloop
endfacet
facet normal 0.0 0.0 0.0
  outer loop
    vertex -12.257115364074707 -25.601503372192383 3.0000033378601074
    vertex -0.5454275608062744 -33.65082550048828 3.0000016689300537
    vertex -0.2793388366699219 -33.571075439453125 3.0000016689300537
  endloop
endfacet
facet normal 0.0 0.0 0.0
  outer loop
    vertex -12.944615364074707 -25.78571891784668 3.0000035762786865
    vertex -1.172634482383728 -34.164485931396484 3.000001907348633
    vertex -12.588739395141602 -25.738866806030273 3.0000033378601074
  endloop
endfacet
facet normal 0.0 0.0 0.0
  outer loop
    vertex -12.588739395141602 -25.738866806030273 3.0000033378601074
    vertex -1.172634482383728 -34.164485931396484 3.000001907348633
    vertex -0.9981788396835327 -33.95228958129883 3.000001907348633
  endloop
endfacet
facet normal 0.0 0.0 0.0
  outer loop
    vertex -12.588739395141602 -25.738866806030273 3.0000033378601074
    vertex -0.9981788396835327 -33.95228958129883 3.000001907348633
    vertex -0.7899162769317627 -33.78204345703125 3.0000016689300537
  endloop
endfacet
facet normal 0.0 0.0 0.0
  outer loop
    vertex -13.300491333007812 -25.738866806030273 3.0000035762786865
    vertex -1.4106608629226685 -34.94466781616211 3.000001907348633
    vertex -12.944615364074707 -25.78571891784668 3.0000035762786865
  endloop
endfacet
facet normal 0.0 0.0 0.0
  outer loop
    vertex -12.944615364074707 -25.78571891784668 3.0000035762786865
    vertex -1.4106608629226685 -34.94466781616211 3.000001907348633
    vertex -1.3847506046295166 -34.67857360839844 3.000001907348633
  endloop
endfacet
facet normal 0.0 0.0 0.0
  outer loop
    vertex -12.944615364074707 -25.78571891784668 3.0000035762786865
    vertex -1.3847506046295166 -34.67857360839844 3.000001907348633
    vertex -1.3053346872329712 -34.41191864013672 3.000001907348633
  endloop
endfacet
facet normal 0.0 0.0 0.0
  outer loop
    vertex -13.632115364074707 -25.601503372192383 3.0000035762786865
    vertex -38.65835189819336 -34.58232879638672 3.000007152557373
    vertex -13.300491333007812 -25.738866806030273 3.0000035762786865
  endloop
endfacet
facet normal 0.0 0.0 0.0
  outer loop
    vertex -13.300491333007812 -25.738866806030273 3.0000035762786865
    vertex -38.65835189819336 -34.58232879638672 3.000007152557373
    vertex -38.61064529418945 -34.94467544555664 3.000007152557373
  endloop
endfacet
facet normal 0.0 0.0 0.0
  outer loop
    vertex -13.300491333007812 -25.738866806030273 3.0000035762786865
    vertex -38.61064529418945 -34.94467544555664 3.000007152557373
    vertex -1.3828314542770386 -35.220611572265625 3.000001907348633
  endloop
endfacet
facet normal 0.0 0.0 0.0
  outer loop
    vertex -1.3828314542770386 -35.220611572265625 3.000001907348633
    vertex -38.61064529418945 -34.94467544555664 3.000007152557373
    vertex -38.65835189819336 -35.30702209472656 3.000007152557373
  endloop
endfacet
facet normal 0.0 0.0 0.0
  outer loop
    vertex -1.3828314542770386 -35.220611572265625 3.000001907348633
    vertex -38.65835189819336 -35.30702209472656 3.000007152557373
    vertex -1.299501657485962 -35.49137496948242 3.000001907348633
  endloop
endfacet
facet normal 0.0 0.0 0.0
  outer loop
    vertex -1.299501657485962 -35.49137496948242 3.000001907348633
    vertex -38.65835189819336 -35.30702209472656 3.000007152557373
    vertex -38.79821014404297 -35.64467239379883 3.000007152557373
  endloop
endfacet
facet normal 0.0 0.0 0.0
  outer loop
    vertex -1.299501657485962 -35.49137496948242 3.000001907348633
    vertex -38.79821014404297 -35.64467239379883 3.000007152557373
    vertex -1.1632672548294067 -35.73875427246094 3.000001907348633
  endloop
endfacet
facet normal 0.0 0.0 0.0
  outer loop
    vertex -1.1632672548294067 -35.73875427246094 3.000001907348633
    vertex -38.79821014404297 -35.64467239379883 3.000007152557373
    vertex -39.02069854736328 -35.934627532958984 3.000007152557373
  endloop
endfacet
facet normal 0.0 0.0 0.0
  outer loop
    vertex -38.65835189819336 -34.58232879638672 3.000007152557373
    vertex -13.632115364074707 -25.601503372192383 3.0000035762786865
    vertex -38.79821014404297 -34.24467468261719 3.000007152557373
  endloop
endfacet
facet normal 0.0 0.0 0.0
  outer loop
    vertex -38.79821014404297 -34.24467468261719 3.000007152557373
    vertex -13.632115364074707 -25.601503372192383 3.0000035762786865
    vertex -13.916887283325195 -25.38298988342285 3.0000035762786865
  endloop
endfacet
facet normal 0.0 0.0 0.0
  outer loop
    vertex -38.79821014404297 -34.24467468261719 3.000007152557373
    vertex -13.916887283325195 -25.38298988342285 3.0000035762786865
    vertex -39.02069854736328 -33.95472717285156 3.000007152557373
  endloop
endfacet
facet normal 0.0 0.0 0.0
  outer loop
    vertex -39.02069854736328 -33.95472717285156 3.000007152557373
    vertex -13.916887283325195 -25.38298988342285 3.0000035762786865
    vertex -14.135400772094727 -25.09821891784668 3.0000035762786865
  endloop
endfacet
facet normal 0.0 0.0 0.0
  outer loop
    vertex -39.02069854736328 -33.95472717285156 3.000007152557373
    vertex -14.135400772094727 -25.09821891784668 3.0000035762786865
    vertex -39.310646057128906 -33.732242584228516 3.000007152557373
  endloop
endfacet
facet normal 0.0 0.0 0.0
  outer loop
    vertex -39.310646057128906 -33.732242584228516 3.000007152557373
    vertex -14.135400772094727 -25.09821891784668 3.0000035762786865
    vertex -14.2727632522583 -24.7665958404541 3.0000035762786865
  endloop
endfacet
facet normal 0.0 0.0 0.0
  outer loop
    vertex -39.310646057128906 -33.732242584228516 3.000007152557373
    vertex -14.2727632522583 -24.7665958404541 3.0000035762786865
    vertex -39.64830017089844 -33.59238052368164 3.000007152557373
  endloop
endfacet
facet normal 0.0 0.0 0.0
  outer loop
    vertex -39.64830017089844 -33.59238052368164 3.000007152557373
    vertex -14.2727632522583 -24.7665958404541 3.0000035762786865
    vertex -14.319615364074707 -24.41071891784668 3.0000035762786865
  endloop
endfacet
facet normal 0.0 0.0 0.0
  outer loop
    vertex -39.64830017089844 -33.59238052368164 3.000007152557373
    vertex -14.319615364074707 -24.41071891784668 3.0000035762786865
    vertex -49.87557601928711 -22.911151885986328 3.0000085830688477
  endloop
endfacet
facet normal 0.0 0.0 0.0
  outer loop
    vertex -14.135400772094727 -23.723220825195312 3.0000035762786865
    vertex -13.916887283325195 -23.438447952270508 3.0000035762786865
    vertex -47.93153381347656 -18.742136001586914 3.0000083446502686
  endloop
endfacet
facet normal 0.0 0.0 0.0
  outer loop
    vertex -47.93153381347656 -18.742136001586914 3.0000083446502686
    vertex -13.916887283325195 -23.438447952270508 3.0000035762786865
    vertex -13.632115364074707 -23.21993637084961 3.0000035762786865
  endloop
endfacet
facet normal 0.0 0.0 0.0
  outer loop
    vertex -47.93153381347656 -18.742136001586914 3.0000083446502686
    vertex -13.632115364074707 -23.21993637084961 3.0000035762786865
    vertex -13.300491333007812 -23.08257293701172 3.0000035762786865
  endloop
endfacet
facet normal 0.0 0.0 0.0
  outer loop
    vertex 45.411231994628906 25.917436599731445 2.999995231628418
    vertex 40.76856994628906 33.78205490112305 2.9999959468841553
    vertex 45.05535888671875 25.96428871154785 2.999995470046997
  endloop
endfacet
facet normal 0.0 0.0 0.0
  outer loop
    vertex 45.05535888671875 25.96428871154785 2.999995470046997
    vertex 40.76856994628906 33.78205490112305 2.9999959468841553
    vertex 40.52408218383789 33.65083694458008 2.9999959468841553
  endloop
endfacet
facet normal 0.0 0.0 0.0
  outer loop
    vertex 45.05535888671875 25.96428871154785 2.999995470046997
    vertex 40.52408218383789 33.65083694458008 2.9999959468841553
    vertex 40.257991790771484 33.57108688354492 2.9999959468841553
  endloop
endfacet
facet normal 0.0 0.0 0.0
  outer loop
    vertex -12.257121086120605 23.39849090576172 3.0000033378601074
    vertex 44.36785888671875 23.39850616455078 2.999995470046997
    vertex -11.972350120544434 23.61700439453125 3.0000033378601074
  endloop
endfacet
facet normal 0.0 0.0 0.0
  outer loop
    vertex -11.972350120544434 23.61700439453125 3.0000033378601074
    vertex 44.36785888671875 23.39850616455078 2.999995470046997
    vertex 44.08308410644531 23.617019653320312 2.999995470046997
  endloop
endfacet
facet normal 0.0 0.0 0.0
  outer loop
    vertex -11.972350120544434 23.61700439453125 3.0000033378601074
    vertex 44.08308410644531 23.617019653320312 2.999995470046997
    vertex 43.86457443237305 23.901790618896484 2.999995470046997
  endloop
endfacet
facet normal 0.0 0.0 0.0
  outer loop
    vertex 43.727210998535156 24.23341178894043 2.999995470046997
    vertex 0.5240957140922546 33.65082550048828 3.0000016689300537
    vertex 43.86457443237305 23.901790618896484 2.999995470046997
  endloop
endfacet
facet normal 0.0 0.0 0.0
  outer loop
    vertex 43.86457443237305 23.901790618896484 2.999995470046997
    vertex 0.5240957140922546 33.65082550048828 3.0000016689300537
    vertex -11.753837585449219 23.901775360107422 3.0000033378601074
  endloop
endfacet
facet normal 0.0 0.0 0.0
  outer loop
    vertex 43.86457443237305 23.901790618896484 2.999995470046997
    vertex -11.753837585449219 23.901775360107422 3.0000033378601074
    vertex -11.972350120544434 23.61700439453125 3.0000033378601074
  endloop
endfacet
facet normal 0.0 0.0 0.0
  outer loop
    vertex 0.5240957140922546 33.65082550048828 3.0000016689300537
    vertex 43.727210998535156 24.23341178894043 2.999995470046997
    vertex 0.7685844302177429 33.78204345703125 3.0000016689300537
  endloop
endfacet
facet normal 0.0 0.0 0.0
  outer loop
    vertex 0.7685844302177429 33.78204345703125 3.0000016689300537
    vertex 43.727210998535156 24.23341178894043 2.999995470046997
    vertex 43.68035888671875 24.58928871154785 2.999995470046997
  endloop
endfacet
facet normal 0.0 0.0 0.0
  outer loop
    vertex 0.7685844302177429 33.78204345703125 3.0000016689300537
    vertex 43.68035888671875 24.58928871154785 2.999995470046997
    vertex 39.210060119628906 33.78205490112305 2.9999961853027344
  endloop
endfacet
facet normal 0.0 0.0 0.0
  outer loop
    vertex 39.210060119628906 33.78205490112305 2.9999961853027344
    vertex 43.68035888671875 24.58928871154785 2.999995470046997
    vertex 43.727210998535156 24.945165634155273 2.999995470046997
  endloop
endfacet
facet normal 0.0 0.0 0.0
  outer loop
    vertex 39.210060119628906 33.78205490112305 2.9999961853027344
    vertex 43.727210998535156 24.945165634155273 2.999995470046997
    vertex 43.86457443237305 25.27678871154785 2.999995470046997
  endloop
endfacet
facet normal 0.0 0.0 0.0
  outer loop
    vertex 39.210060119628906 33.78205490112305 2.9999961853027344
    vertex 43.86457443237305 25.27678871154785 2.999995470046997
    vertex 39.45454788208008 33.65083694458008 2.9999961853027344
  endloop
endfacet
facet normal 0.0 0.0 0.0
  outer loop
    vertex 39.45454788208008 33.65083694458008 2.9999961853027344
    vertex 43.86457443237305 25.27678871154785 2.999995470046997
    vertex 44.08308410644531 25.561561584472656 2.999995470046997
  endloop
endfacet
facet normal 0.0 0.0 0.0
  outer loop
    vertex 39.45454788208008 33.65083694458008 2.9999961853027344
    vertex 44.08308410644531 25.561561584472656 2.999995470046997
    vertex 39.720638275146484 33.57108688354492 2.9999961853027344
  endloop
endfacet
facet normal 0.0 0.0 0.0
  outer loop
    vertex 39.720638275146484 33.57108688354492 2.9999961853027344
    vertex 44.08308410644531 25.561561584472656 2.999995470046997
    vertex 44.36785888671875 25.780073165893555 2.999995470046997
  endloop
endfacet
facet normal 0.0 0.0 0.0
  outer loop
    vertex 39.720638275146484 33.57108688354492 2.9999961853027344
    vertex 44.36785888671875 25.780073165893555 2.999995470046997
    vertex 39.989315032958984 33.544677734375 2.9999959468841553
  endloop
endfacet
facet normal 0.0 0.0 0.0
  outer loop
    vertex 39.989315032958984 33.544677734375 2.9999959468841553
    vertex 44.36785888671875 25.780073165893555 2.999995470046997
    vertex 44.69948196411133 25.917436599731445 2.999995470046997
  endloop
endfacet
facet normal 0.0 0.0 0.0
  outer loop
    vertex 39.989315032958984 33.544677734375 2.9999959468841553
    vertex 44.69948196411133 25.917436599731445 2.999995470046997
    vertex 40.257991790771484 33.57108688354492 2.9999959468841553
  endloop
endfacet
facet normal 0.0 0.0 0.0
  outer loop
    vertex 40.257991790771484 33.57108688354492 2.9999959468841553
    vertex 44.69948196411133 25.917436599731445 2.999995470046997
    vertex 45.05535888671875 25.96428871154785 2.999995470046997
  endloop
endfacet
facet normal 0.0 0.0 0.0
  outer loop
    vertex -40.27933120727539 33.57106399536133 3.000007390975952
    vertex -13.916893005371094 23.61700439453125 3.0000035762786865
    vertex -40.01065444946289 33.544654846191406 3.000007390975952
  endloop
endfacet
facet normal 0.0 0.0 0.0
  outer loop
    vertex -40.01065444946289 33.544654846191406 3.000007390975952
    vertex -13.916893005371094 23.61700439453125 3.0000035762786865
    vertex -14.135406494140625 23.901775360107422 3.0000035762786865
  endloop
endfacet
facet normal 0.0 0.0 0.0
  outer loop
    vertex -40.01065444946289 33.544654846191406 3.000007390975952
    vertex -14.135406494140625 23.901775360107422 3.0000035762786865
    vertex -39.741127014160156 33.57123565673828 3.000007152557373
  endloop
endfacet
facet normal 0.0 0.0 0.0
  outer loop
    vertex -39.741127014160156 33.57123565673828 3.000007152557373
    vertex -14.135406494140625 23.901775360107422 3.0000035762786865
    vertex -14.2727689743042 24.233396530151367 3.0000035762786865
  endloop
endfacet
facet normal 0.0 0.0 0.0
  outer loop
    vertex -39.741127014160156 33.57123565673828 3.000007152557373
    vertex -14.2727689743042 24.233396530151367 3.0000035762786865
    vertex -14.319621086120605 24.58927345275879 3.0000035762786865
  endloop
endfacet
facet normal 0.0 0.0 0.0
  outer loop
    vertex -13.916893005371094 23.61700439453125 3.0000035762786865
    vertex -40.27933120727539 33.57106399536133 3.000007390975952
    vertex -47.93153381347656 -18.742136001586914 3.0000083446502686
  endloop
endfacet
facet normal 0.0 0.0 0.0
  outer loop
    vertex -47.93153381347656 -18.742136001586914 3.0000083446502686
    vertex -40.27933120727539 33.57106399536133 3.000007390975952
    vertex -40.5454216003418 33.650814056396484 3.000007390975952
  endloop
endfacet
facet normal 0.0 0.0 0.0
  outer loop
    vertex -47.93153381347656 -18.742136001586914 3.0000083446502686
    vertex -40.5454216003418 33.650814056396484 3.000007390975952
    vertex -40.78990936279297 33.78203201293945 3.000007390975952
  endloop
endfacet
facet normal 0.0 0.0 0.0
  outer loop
    vertex -40.78990936279297 33.78203201293945 3.000007390975952
    vertex -40.998172760009766 33.95227813720703 3.000007390975952
    vertex -47.93153381347656 -18.742136001586914 3.0000083446502686
  endloop
endfacet
facet normal 0.0 0.0 0.0
  outer loop
    vertex -41.17262649536133 34.16447448730469 3.000007390975952
    vertex -41.305328369140625 34.41190719604492 3.000007390975952
    vertex -54.968414306640625 3.2584848403930664 3.000009298324585
  endloop
endfacet
facet normal 0.0 0.0 0.0
  outer loop
    vertex -54.968414306640625 3.2584848403930664 3.000009298324585
    vertex -41.305328369140625 34.41190719604492 3.000007390975952
    vertex -41.384742736816406 34.67856216430664 3.000007390975952
  endloop
endfacet
facet normal 0.0 0.0 0.0
  outer loop
    vertex -41.299495697021484 35.491363525390625 3.000007390975952
    vertex -41.16326141357422 35.73874282836914 3.000007390975952
    vertex -64.48439025878906 33.966976165771484 3.0000107288360596
  endloop
endfacet
facet normal 0.0 0.0 0.0
  outer loop
    vertex -40.54314041137695 36.239437103271484 3.000007390975952
    vertex -40.27961730957031 36.318180084228516 3.000007390975952
    vertex -68.59658813476562 39.94465255737305 3.0000112056732178
  endloop
endfacet
facet normal 0.0 0.0 0.0
  outer loop
    vertex -68.59658813476562 39.94465255737305 3.0000112056732178
    vertex -40.27961730957031 36.318180084228516 3.000007390975952
    vertex -40.01065444946289 36.34465408325195 3.000007390975952
  endloop
endfacet
facet normal 0.0 0.0 0.0
  outer loop
    vertex -68.59658813476562 39.94465255737305 3.0000112056732178
    vertex -40.01065444946289 36.34465408325195 3.000007390975952
    vertex -0.010670614428818226 36.34466552734375 3.0000016689300537
  endloop
endfacet
facet normal 0.0 0.0 0.0
  outer loop
    vertex -0.010670614428818226 36.34466552734375 3.0000016689300537
    vertex -40.01065444946289 36.34465408325195 3.000007390975952
    vertex -0.2796335518360138 36.31819152832031 3.0000016689300537
  endloop
endfacet
facet normal 0.0 0.0 0.0
  outer loop
    vertex -0.2796335518360138 36.31819152832031 3.0000016689300537
    vertex -40.01065444946289 36.34465408325195 3.000007390975952
    vertex -39.73640441894531 36.31712341308594 3.000007152557373
  endloop
endfacet
facet normal 0.0 0.0 0.0
  outer loop
    vertex -0.2796335518360138 36.31819152832031 3.0000016689300537
    vertex -39.73640441894531 36.31712341308594 3.000007152557373
    vertex -0.5431581735610962 36.23944854736328 3.0000016689300537
  endloop
endfacet
facet normal 0.0 0.0 0.0
  outer loop
    vertex -0.5431581735610962 36.23944854736328 3.0000016689300537
    vertex -39.73640441894531 36.31712341308594 3.000007152557373
    vertex -39.46837615966797 36.23536682128906 3.000007152557373
  endloop
endfacet
facet normal 0.0 0.0 0.0
  outer loop
    vertex -0.5431581735610962 36.23944854736328 3.0000016689300537
    vertex -39.46837615966797 36.23536682128906 3.000007152557373
    vertex -0.782920241355896 36.11199188232422 3.0000016689300537
  endloop
endfacet
facet normal 0.0 0.0 0.0
  outer loop
    vertex -0.782920241355896 36.11199188232422 3.0000016689300537
    vertex -39.46837615966797 36.23536682128906 3.000007152557373
    vertex -39.22537612915039 36.103240966796875 3.000007152557373
  endloop
endfacet
facet normal 0.0 0.0 0.0
  outer loop
    vertex -0.782920241355896 36.11199188232422 3.0000016689300537
    vertex -39.22537612915039 36.103240966796875 3.000007152557373
    vertex -0.9858592748641968 35.94915771484375 3.000001907348633
  endloop
endfacet
facet normal 0.0 0.0 0.0
  outer loop
    vertex -0.9858592748641968 35.94915771484375 3.000001907348633
    vertex -39.22537612915039 36.103240966796875 3.000007152557373
    vertex -39.02070617675781 35.93460464477539 3.000007152557373
  endloop
endfacet
facet normal 0.0 0.0 0.0
  outer loop
    vertex -0.9858592748641968 35.94915771484375 3.000001907348633
    vertex -39.02070617675781 35.93460464477539 3.000007152557373
    vertex -1.1632765531539917 35.73875427246094 3.000001907348633
  endloop
endfacet
facet normal 0.0 0.0 0.0
  outer loop
    vertex -1.1632765531539917 35.73875427246094 3.000001907348633
    vertex -39.02070617675781 35.93460464477539 3.000007152557373
    vertex -38.849369049072266 35.72601318359375 3.000007152557373
  endloop
endfacet
facet normal 0.0 0.0 0.0
  outer loop
    vertex -1.1632765531539917 35.73875427246094 3.000001907348633
    vertex -38.849369049072266 35.72601318359375 3.000007152557373
    vertex -1.2995109558105469 35.49137496948242 3.000001907348633
  endloop
endfacet
facet normal 0.0 0.0 0.0
  outer loop
    vertex -1.2995109558105469 35.49137496948242 3.000001907348633
    vertex -38.849369049072266 35.72601318359375 3.000007152557373
    vertex -38.71783447265625 35.48188781738281 3.000007152557373
  endloop
endfacet
facet normal 0.0 0.0 0.0
  outer loop
    vertex -1.2995109558105469 35.49137496948242 3.000001907348633
    vertex -38.71783447265625 35.48188781738281 3.000007152557373
    vertex -1.3828405141830444 35.220611572265625 3.000001907348633
  endloop
endfacet
facet normal 0.0 0.0 0.0
  outer loop
    vertex -1.3828405141830444 35.220611572265625 3.000001907348633
    vertex -38.71783447265625 35.48188781738281 3.000007152557373
    vertex -38.6374626159668 35.21552658081055 3.000007152557373
  endloop
endfacet
facet normal 0.0 0.0 0.0
  outer loop
    vertex -1.3828405141830444 35.220611572265625 3.000001907348633
    vertex -38.6374626159668 35.21552658081055 3.000007152557373
    vertex -13.300498008728027 25.917421340942383 3.0000035762786865
  endloop
endfacet
facet normal 0.0 0.0 0.0
  outer loop
    vertex -13.300498008728027 25.917421340942383 3.0000035762786865
    vertex -38.6374626159668 35.21552658081055 3.000007152557373
    vertex -38.610652923583984 34.94466018676758 3.000007152557373
  endloop
endfacet
facet normal 0.0 0.0 0.0
  outer loop
    vertex -13.300498008728027 25.917421340942383 3.0000035762786865
    vertex -38.610652923583984 34.94466018676758 3.000007152557373
    vertex -38.63640213012695 34.67939376831055 3.000007152557373
  endloop
endfacet
facet normal 0.0 0.0 0.0
  outer loop
    vertex -13.300498008728027 25.917421340942383 3.0000035762786865
    vertex -38.63640213012695 34.67939376831055 3.000007152557373
    vertex -13.632121086120605 25.780057907104492 3.0000035762786865
  endloop
endfacet
facet normal 0.0 0.0 0.0
  outer loop
    vertex -13.632121086120605 25.780057907104492 3.0000035762786865
    vertex -38.63640213012695 34.67939376831055 3.000007152557373
    vertex -38.715335845947266 34.41347885131836 3.000007152557373
  endloop
endfacet
facet normal 0.0 0.0 0.0
  outer loop
    vertex -13.632121086120605 25.780057907104492 3.0000035762786865
    vertex -38.715335845947266 34.41347885131836 3.000007152557373
    vertex -38.84725570678711 34.16660690307617 3.000007152557373
  endloop
endfacet
facet normal 0.0 0.0 0.0
  outer loop
    vertex -13.632121086120605 25.780057907104492 3.0000035762786865
    vertex -38.84725570678711 34.16660690307617 3.000007152557373
    vertex -13.916893005371094 25.561546325683594 3.0000035762786865
  endloop
endfacet
facet normal 0.0 0.0 0.0
  outer loop
    vertex -13.916893005371094 25.561546325683594 3.0000035762786865
    vertex -38.84725570678711 34.16660690307617 3.000007152557373
    vertex -39.02070617675781 33.95470428466797 3.000007152557373
  endloop
endfacet
facet normal 0.0 0.0 0.0
  outer loop
    vertex -13.916893005371094 25.561546325683594 3.0000035762786865
    vertex -39.02070617675781 33.95470428466797 3.000007152557373
    vertex -39.2292594909668 33.783470153808594 3.000007152557373
  endloop
endfacet
facet normal 0.0 0.0 0.0
  outer loop
    vertex -13.916893005371094 25.561546325683594 3.0000035762786865
    vertex -39.2292594909668 33.783470153808594 3.000007152557373
    vertex -14.135406494140625 25.27677345275879 3.0000035762786865
  endloop
endfacet
facet normal 0.0 0.0 0.0
  outer loop
    vertex -14.135406494140625 25.27677345275879 3.0000035762786865
    vertex -39.2292594909668 33.783470153808594 3.000007152557373
    vertex -39.47429275512695 33.65147399902344 3.000007152557373
  endloop
endfacet
facet normal 0.0 0.0 0.0
  outer loop
    vertex -14.135406494140625 25.27677345275879 3.0000035762786865
    vertex -39.47429275512695 33.65147399902344 3.000007152557373
    vertex -14.2727689743042 24.94515037536621 3.0000035762786865
  endloop
endfacet
facet normal 0.0 0.0 0.0
  outer loop
    vertex -14.2727689743042 24.94515037536621 3.0000035762786865
    vertex -39.47429275512695 33.65147399902344 3.000007152557373
    vertex -14.319621086120605 24.58927345275879 3.0000035762786865
  endloop
endfacet
facet normal 0.0 0.0 0.0
  outer loop
    vertex -14.319621086120605 24.58927345275879 3.0000035762786865
    vertex -39.47429275512695 33.65147399902344 3.000007152557373
    vertex -39.741127014160156 33.57123565673828 3.000007152557373
  endloop
endfacet
facet normal 0.0 0.0 0.0
  outer loop
    vertex -1.3828314542770386 -35.220611572265625 3.000001907348633
    vertex -1.4106608629226685 -34.94466781616211 3.000001907348633
    vertex -13.300491333007812 -25.738866806030273 3.0000035762786865
  endloop
endfacet
facet normal 0.0 0.0 0.0
  outer loop
    vertex -1.3053346872329712 -34.41191864013672 3.000001907348633
    vertex -1.172634482383728 -34.164485931396484 3.000001907348633
    vertex -12.944615364074707 -25.78571891784668 3.0000035762786865
  endloop
endfacet
facet normal 0.0 0.0 0.0
  outer loop
    vertex 39.210060119628906 33.78205490112305 2.9999961853027344
    vertex 39.00179672241211 33.952301025390625 2.9999961853027344
    vertex 0.7685844302177429 33.78204345703125 3.0000016689300537
  endloop
endfacet
facet normal 0.0 0.0 0.0
  outer loop
    vertex 0.7685844302177429 33.78204345703125 3.0000016689300537
    vertex 39.00179672241211 33.952301025390625 2.9999961853027344
    vertex 0.9768469929695129 33.95228958129883 3.0000014305114746
  endloop
endfacet
facet normal 0.0 0.0 0.0
  outer loop
    vertex 0.9768469929695129 33.95228958129883 3.0000014305114746
    vertex 39.00179672241211 33.952301025390625 2.9999961853027344
    vertex 38.82734298706055 34.164493560791016 2.9999961853027344
  endloop
endfacet
facet normal 0.0 0.0 0.0
  outer loop
    vertex 0.9768469929695129 33.95228958129883 3.0000014305114746
    vertex 38.82734298706055 34.164493560791016 2.9999961853027344
    vertex 1.1513028144836426 34.164485931396484 3.0000014305114746
  endloop
endfacet
facet normal 0.0 0.0 0.0
  outer loop
    vertex 1.1513028144836426 34.164485931396484 3.0000014305114746
    vertex 38.82734298706055 34.164493560791016 2.9999961853027344
    vertex 38.69464111328125 34.41192626953125 2.9999961853027344
  endloop
endfacet
facet normal 0.0 0.0 0.0
  outer loop
    vertex 1.1513028144836426 34.164485931396484 3.0000014305114746
    vertex 38.69464111328125 34.41192626953125 2.9999961853027344
    vertex 1.2840027809143066 34.41191864013672 3.0000014305114746
  endloop
endfacet
facet normal 0.0 0.0 0.0
  outer loop
    vertex 1.2840027809143066 34.41191864013672 3.0000014305114746
    vertex 38.69464111328125 34.41192626953125 2.9999961853027344
    vertex 38.61522674560547 34.67858123779297 2.9999961853027344
  endloop
endfacet
facet normal 0.0 0.0 0.0
  outer loop
    vertex 1.2840027809143066 34.41191864013672 3.0000014305114746
    vertex 38.61522674560547 34.67858123779297 2.9999961853027344
    vertex 1.3634188175201416 34.67857360839844 3.0000014305114746
  endloop
endfacet
facet normal 0.0 0.0 0.0
  outer loop
    vertex 1.3634188175201416 34.67857360839844 3.0000014305114746
    vertex 38.61522674560547 34.67858123779297 2.9999961853027344
    vertex 38.58931350708008 34.94467544555664 2.9999961853027344
  endloop
endfacet
facet normal 0.0 0.0 0.0
  outer loop
    vertex 1.3634188175201416 34.67857360839844 3.0000014305114746
    vertex 38.58931350708008 34.94467544555664 2.9999961853027344
    vertex 1.3893290758132935 34.94466781616211 3.0000014305114746
  endloop
endfacet
facet normal 0.0 0.0 0.0
  outer loop
    vertex 1.3893290758132935 34.94466781616211 3.0000014305114746
    vertex 38.58931350708008 34.94467544555664 2.9999961853027344
    vertex 1.3614996671676636 35.220611572265625 3.0000014305114746
  endloop
endfacet
facet normal 0.0 0.0 0.0
  outer loop
    vertex 1.3614996671676636 35.220611572265625 3.0000014305114746
    vertex 38.58931350708008 34.94467544555664 2.9999961853027344
    vertex 38.61714553833008 35.220619201660156 2.9999961853027344
  endloop
endfacet
facet normal 0.0 0.0 0.0
  outer loop
    vertex 1.3614996671676636 35.220611572265625 3.0000014305114746
    vertex 38.61714553833008 35.220619201660156 2.9999961853027344
    vertex 1.2781697511672974 35.49137496948242 3.0000014305114746
  endloop
endfacet
facet normal 0.0 0.0 0.0
  outer loop
    vertex 1.2781697511672974 35.49137496948242 3.0000014305114746
    vertex 38.61714553833008 35.220619201660156 2.9999961853027344
    vertex 38.70047378540039 35.49138259887695 2.9999961853027344
  endloop
endfacet
facet normal 0.0 0.0 0.0
  outer loop
    vertex 1.2781697511672974 35.49137496948242 3.0000014305114746
    vertex 38.70047378540039 35.49138259887695 2.9999961853027344
    vertex 1.1419354677200317 35.73875427246094 3.0000014305114746
  endloop
endfacet
facet normal 0.0 0.0 0.0
  outer loop
    vertex 1.1419354677200317 35.73875427246094 3.0000014305114746
    vertex 38.70047378540039 35.49138259887695 2.9999961853027344
    vertex 38.836708068847656 35.73876190185547 2.9999961853027344
  endloop
endfacet
facet normal 0.0 0.0 0.0
  outer loop
    vertex 1.1419354677200317 35.73875427246094 3.0000014305114746
    vertex 38.836708068847656 35.73876190185547 2.9999961853027344
    vertex 0.964518129825592 35.94915771484375 3.0000014305114746
  endloop
endfacet
facet normal 0.0 0.0 0.0
  outer loop
    vertex 0.964518129825592 35.94915771484375 3.0000014305114746
    vertex 38.836708068847656 35.73876190185547 2.9999961853027344
    vertex 39.01412582397461 35.94916915893555 2.9999961853027344
  endloop
endfacet
facet normal 0.0 0.0 0.0
  outer loop
    vertex 0.964518129825592 35.94915771484375 3.0000014305114746
    vertex 39.01412582397461 35.94916915893555 2.9999961853027344
    vertex 0.7615790963172913 36.11199188232422 3.0000016689300537
  endloop
endfacet
facet normal 0.0 0.0 0.0
  outer loop
    vertex 0.7615790963172913 36.11199188232422 3.0000016689300537
    vertex 39.01412582397461 35.94916915893555 2.9999961853027344
    vertex 39.217063903808594 36.112003326416016 2.9999961853027344
  endloop
endfacet
facet normal 0.0 0.0 0.0
  outer loop
    vertex 0.7615790963172913 36.11199188232422 3.0000016689300537
    vertex 39.217063903808594 36.112003326416016 2.9999961853027344
    vertex 0.5218169689178467 36.23944854736328 3.0000016689300537
  endloop
endfacet
facet normal 0.0 0.0 0.0
  outer loop
    vertex 0.5218169689178467 36.23944854736328 3.0000016689300537
    vertex 39.217063903808594 36.112003326416016 2.9999961853027344
    vertex 39.45682907104492 36.23945999145508 2.9999961853027344
  endloop
endfacet
facet normal 0.0 0.0 0.0
  outer loop
    vertex 0.5218169689178467 36.23944854736328 3.0000016689300537
    vertex 39.45682907104492 36.23945999145508 2.9999961853027344
    vertex 0.2582922875881195 36.31819152832031 3.0000016689300537
  endloop
endfacet
facet normal 0.0 0.0 0.0
  outer loop
    vertex 0.2582922875881195 36.31819152832031 3.0000016689300537
    vertex 39.45682907104492 36.23945999145508 2.9999961853027344
    vertex 39.72035217285156 36.31820297241211 2.9999961853027344
  endloop
endfacet
facet normal 0.0 0.0 0.0
  outer loop
    vertex 0.2582922875881195 36.31819152832031 3.0000016689300537
    vertex 39.72035217285156 36.31820297241211 2.9999961853027344
    vertex -0.010670614428818226 36.34466552734375 3.0000016689300537
  endloop
endfacet
facet normal 0.0 0.0 0.0
  outer loop
    vertex -0.010670614428818226 36.34466552734375 3.0000016689300537
    vertex 39.72035217285156 36.31820297241211 2.9999961853027344
    vertex 39.989315032958984 36.34467697143555 2.9999959468841553
  endloop
endfacet
facet normal 0.0 0.0 0.0
  outer loop
    vertex 40.258277893066406 36.31820297241211 2.9999959468841553
    vertex 40.52180099487305 36.23945999145508 2.9999959468841553
    vertex 68.59657287597656 39.94468307495117 2.9999921321868896
  endloop
endfacet
facet normal 0.0 0.0 0.0
  outer loop
    vertex 68.59657287597656 39.94468307495117 2.9999921321868896
    vertex 40.52180099487305 36.23945999145508 2.9999959468841553
    vertex 40.761566162109375 36.112003326416016 2.9999959468841553
  endloop
endfacet
facet normal 0.0 0.0 0.0
  outer loop
    vertex 40.96450424194336 35.94916915893555 2.9999959468841553
    vertex 41.14192199707031 35.738765716552734 2.9999959468841553
    vertex 66.50857543945312 36.73336410522461 2.9999923706054688
  endloop
endfacet
facet normal 0.0 0.0 0.0
  outer loop
    vertex 66.50857543945312 36.73336410522461 2.9999923706054688
    vertex 41.14192199707031 35.738765716552734 2.9999959468841553
    vertex 41.27815628051758 35.49138641357422 2.9999959468841553
  endloop
endfacet
facet normal 0.0 0.0 0.0
  outer loop
    vertex 41.38931655883789 34.944679260253906 2.9999959468841553
    vertex 41.3634033203125 34.678585052490234 2.9999959468841553
    vertex 64.58059692382812 33.753440856933594 2.999992609024048
  endloop
endfacet
facet normal 0.0 0.0 0.0
  outer loop
    vertex 40.97683334350586 33.952301025390625 2.9999959468841553
    vertex 40.76856994628906 33.78205490112305 2.9999959468841553
    vertex 45.411231994628906 25.917436599731445 2.999995231628418
  endloop
endfacet
facet normal 0.0 0.0 0.0
  outer loop
    vertex -12.588746070861816 25.917421340942383 3.0000033378601074
    vertex -1.1726433038711548 34.164485931396484 3.000001907348633
    vertex -12.944622039794922 25.96427345275879 3.0000035762786865
  endloop
endfacet
facet normal 0.0 0.0 0.0
  outer loop
    vertex -12.944622039794922 25.96427345275879 3.0000035762786865
    vertex -1.1726433038711548 34.164485931396484 3.000001907348633
    vertex -1.305343508720398 34.41191864013672 3.000001907348633
  endloop
endfacet
facet normal 0.0 0.0 0.0
  outer loop
    vertex -12.944622039794922 25.96427345275879 3.0000035762786865
    vertex -1.305343508720398 34.41191864013672 3.000001907348633
    vertex -1.3847596645355225 34.67857360839844 3.000001907348633
  endloop
endfacet
facet normal 0.0 0.0 0.0
  outer loop
    vertex -12.257121086120605 25.780057907104492 3.0000033378601074
    vertex -0.7899249792098999 33.78204345703125 3.0000016689300537
    vertex -12.588746070861816 25.917421340942383 3.0000033378601074
  endloop
endfacet
facet normal 0.0 0.0 0.0
  outer loop
    vertex -12.588746070861816 25.917421340942383 3.0000033378601074
    vertex -0.7899249792098999 33.78204345703125 3.0000016689300537
    vertex -0.9981876611709595 33.95228958129883 3.000001907348633
  endloop
endfacet
facet normal 0.0 0.0 0.0
  outer loop
    vertex -12.588746070861816 25.917421340942383 3.0000033378601074
    vertex -0.9981876611709595 33.95228958129883 3.000001907348633
    vertex -1.1726433038711548 34.164485931396484 3.000001907348633
  endloop
endfacet
facet normal 0.0 0.0 0.0
  outer loop
    vertex -0.7899249792098999 33.78204345703125 3.0000016689300537
    vertex -12.257121086120605 25.780057907104492 3.0000033378601074
    vertex -0.5454362630844116 33.65082550048828 3.0000016689300537
  endloop
endfacet
facet normal 0.0 0.0 0.0
  outer loop
    vertex -0.5454362630844116 33.65082550048828 3.0000016689300537
    vertex -12.257121086120605 25.780057907104492 3.0000033378601074
    vertex -11.972350120544434 25.561546325683594 3.0000033378601074
  endloop
endfacet
facet normal 0.0 0.0 0.0
  outer loop
    vertex -0.5454362630844116 33.65082550048828 3.0000016689300537
    vertex -11.972350120544434 25.561546325683594 3.0000033378601074
    vertex -0.2793475389480591 33.571075439453125 3.0000016689300537
  endloop
endfacet
facet normal 0.0 0.0 0.0
  outer loop
    vertex -0.2793475389480591 33.571075439453125 3.0000016689300537
    vertex -11.972350120544434 25.561546325683594 3.0000033378601074
    vertex -11.753837585449219 25.27677345275879 3.0000033378601074
  endloop
endfacet
facet normal 0.0 0.0 0.0
  outer loop
    vertex -0.2793475389480591 33.571075439453125 3.0000016689300537
    vertex -11.753837585449219 25.27677345275879 3.0000033378601074
    vertex -0.0106702521443367 33.5446662902832 3.0000016689300537
  endloop
endfacet
facet normal 0.0 0.0 0.0
  outer loop
    vertex -0.0106702521443367 33.5446662902832 3.0000016689300537
    vertex -11.753837585449219 25.27677345275879 3.0000033378601074
    vertex -11.616474151611328 24.945152282714844 3.0000033378601074
  endloop
endfacet
facet normal 0.0 0.0 0.0
  outer loop
    vertex -0.0106702521443367 33.5446662902832 3.0000016689300537
    vertex -11.616474151611328 24.945152282714844 3.0000033378601074
    vertex 0.2580070197582245 33.571075439453125 3.0000016689300537
  endloop
endfacet
facet normal 0.0 0.0 0.0
  outer loop
    vertex 0.2580070197582245 33.571075439453125 3.0000016689300537
    vertex -11.616474151611328 24.945152282714844 3.0000033378601074
    vertex -11.569622039794922 24.589275360107422 3.0000033378601074
  endloop
endfacet
facet normal 0.0 0.0 0.0
  outer loop
    vertex 0.2580070197582245 33.571075439453125 3.0000016689300537
    vertex -11.569622039794922 24.589275360107422 3.0000033378601074
    vertex -11.616474151611328 24.2333984375 3.0000033378601074
  endloop
endfacet
facet normal 0.0 0.0 0.0
  outer loop
    vertex 0.2580070197582245 33.571075439453125 3.0000016689300537
    vertex -11.616474151611328 24.2333984375 3.0000033378601074
    vertex 0.5240957140922546 33.65082550048828 3.0000016689300537
  endloop
endfacet
facet normal 0.0 0.0 0.0
  outer loop
    vertex 0.5240957140922546 33.65082550048828 3.0000016689300537
    vertex -11.616474151611328 24.2333984375 3.0000033378601074
    vertex -11.753837585449219 23.901775360107422 3.0000033378601074
  endloop
endfacet
facet normal 0.0 0.0 0.0
  outer loop
    vertex -1.3828405141830444 35.220611572265625 3.000001907348633
    vertex -13.300498008728027 25.917421340942383 3.0000035762786865
    vertex -1.4106699228286743 34.94466781616211 3.000001907348633
  endloop
endfacet
facet normal 0.0 0.0 0.0
  outer loop
    vertex -1.4106699228286743 34.94466781616211 3.000001907348633
    vertex -13.300498008728027 25.917421340942383 3.0000035762786865
    vertex -12.944622039794922 25.96427345275879 3.0000035762786865
  endloop
endfacet
facet normal 0.0 0.0 0.0
  outer loop
    vertex -1.4106699228286743 34.94466781616211 3.000001907348633
    vertex -12.944622039794922 25.96427345275879 3.0000035762786865
    vertex -1.3847596645355225 34.67857360839844 3.000001907348633
  endloop
endfacet
facet normal 0.0 0.0 0.0
  outer loop
    vertex 46.246150970458984 -23.72320556640625 2.999995231628418
    vertex 46.383514404296875 -24.054826736450195 2.999995231628418
    vertex 58.57659149169922 -20.917844772338867 2.9999935626983643
  endloop
endfacet
facet normal 0.0 0.0 0.0
  outer loop
    vertex 46.383514404296875 -24.76658058166504 2.999995231628418
    vertex 46.246150970458984 -25.098203659057617 2.999995231628418
    vertex 59.81190490722656 -24.245159149169922 2.999993324279785
  endloop
endfacet
facet normal 0.0 0.0 0.0
  outer loop
    vertex -40.01064682006836 -33.544677734375 3.000007390975952
    vertex -39.64830017089844 -33.59238052368164 3.000007152557373
    vertex -49.87557601928711 -22.911151885986328 3.0000085830688477
  endloop
endfacet
facet normal 0.0 0.0 0.0
  outer loop
    vertex -39.64830017089844 -36.296974182128906 3.000007152557373
    vertex -40.01064682006836 -36.34467697143555 3.000007390975952
    vertex -57.81843948364258 -39.94468307495117 3.000009775161743
  endloop
endfacet
facet normal 0.0 0.0 0.0
  outer loop
    vertex -57.81843948364258 -39.94468307495117 3.000009775161743
    vertex -40.01064682006836 -36.34467697143555 3.000007390975952
    vertex -40.37299346923828 -36.296974182128906 3.000007390975952
  endloop
endfacet
facet normal 0.0 0.0 0.0
  outer loop
    vertex -57.81843948364258 -39.94468307495117 3.000009775161743
    vertex -40.37299346923828 -36.296974182128906 3.000007390975952
    vertex -40.71064758300781 -36.15711212158203 3.000007390975952
  endloop
endfacet
facet normal 0.0 0.0 0.0
  outer loop
    vertex -41.22308349609375 -34.24467849731445 3.000007390975952
    vertex -41.00059509277344 -33.95472717285156 3.000007390975952
    vertex -60.89759826660156 -33.770477294921875 3.0000102519989014
  endloop
endfacet
facet normal 0.0 0.0 0.0
  outer loop
    vertex 68.35444641113281 -39.28703689575195 1.4857033491134644
    vertex 68.03889465332031 -38.868553161621094 -7.152557373046875e-06
    vertex 68.59658813476562 -39.60340881347656 2.9999921321868896
  endloop
endfacet
facet normal 0.0 0.0 0.0
  outer loop
    vertex 68.59658813476562 -39.60340881347656 2.9999921321868896
    vertex 68.03889465332031 -38.868553161621094 -7.152557373046875e-06
    vertex 66.50859069824219 -36.733333587646484 2.9999923706054688
  endloop
endfacet
facet normal 0.0 0.0 0.0
  outer loop
    vertex 66.50859069824219 -36.733333587646484 2.9999923706054688
    vertex 68.03889465332031 -38.868553161621094 -7.152557373046875e-06
    vertex 66.0345458984375 -36.033058166503906 -6.9141387939453125e-06
  endloop
endfacet
facet normal 0.0 0.0 0.0
  outer loop
    vertex 66.50859069824219 -36.733333587646484 2.9999923706054688
    vertex 66.0345458984375 -36.033058166503906 -6.9141387939453125e-06
    vertex 64.58061218261719 -33.75341033935547 2.999992609024048
  endloop
endfacet
facet normal 0.0 0.0 0.0
  outer loop
    vertex 64.58061218261719 -33.75341033935547 2.999992609024048
    vertex 66.0345458984375 -36.033058166503906 -6.9141387939453125e-06
    vertex 64.18472290039062 -33.094425201416016 -6.67572021484375e-06
  endloop
endfacet
facet normal 0.0 0.0 0.0
  outer loop
    vertex 64.58061218261719 -33.75341033935547 2.999992609024048
    vertex 64.18472290039062 -33.094425201416016 -6.67572021484375e-06
    vertex 62.81841278076172 -30.67255210876465 2.999992847442627
  endloop
endfacet
facet normal 0.0 0.0 0.0
  outer loop
    vertex 62.81841278076172 -30.67255210876465 2.999992847442627
    vertex 64.18472290039062 -33.094425201416016 -6.67572021484375e-06
    vertex 62.49468994140625 -30.061067581176758 -6.4373016357421875e-06
  endloop
endfacet
facet normal 0.0 0.0 0.0
  outer loop
    vertex 62.81841278076172 -30.67255210876465 2.999992847442627
    vertex 62.49468994140625 -30.061067581176758 -6.4373016357421875e-06
    vertex 61.227256774902344 -27.49997329711914 2.999993085861206
  endloop
endfacet
facet normal 0.0 0.0 0.0
  outer loop
    vertex 61.227256774902344 -27.49997329711914 2.999993085861206
    vertex 62.49468994140625 -30.061067581176758 -6.4373016357421875e-06
    vertex 60.96931457519531 -26.941665649414062 -6.198883056640625e-06
  endloop
endfacet
facet normal 0.0 0.0 0.0
  outer loop
    vertex 61.227256774902344 -27.49997329711914 2.999993085861206
    vertex 60.96931457519531 -26.941665649414062 -6.198883056640625e-06
    vertex 59.81190490722656 -24.245159149169922 2.999993324279785
  endloop
endfacet
facet normal 0.0 0.0 0.0
  outer loop
    vertex 59.81190490722656 -24.245159149169922 2.999993324279785
    vertex 60.96931457519531 -26.941665649414062 -6.198883056640625e-06
    vertex 59.612953186035156 -23.74515151977539 -5.9604644775390625e-06
  endloop
endfacet
facet normal 0.0 0.0 0.0
  outer loop
    vertex 59.81190490722656 -24.245159149169922 2.999993324279785
    vertex 59.612953186035156 -23.74515151977539 -5.9604644775390625e-06
    vertex 58.57659149169922 -20.917844772338867 2.9999935626983643
  endloop
endfacet
facet normal 0.0 0.0 0.0
  outer loop
    vertex 58.57659149169922 -20.917844772338867 2.9999935626983643
    vertex 59.612953186035156 -23.74515151977539 -5.9604644775390625e-06
    vertex 58.42948532104492 -20.48067283630371 -5.7220458984375e-06
  endloop
endfacet
facet normal 0.0 0.0 0.0
  outer loop
    vertex 58.57659149169922 -20.917844772338867 2.9999935626983643
    vertex 58.42948532104492 -20.48067283630371 -5.7220458984375e-06
    vertex 57.52500915527344 -17.527978897094727 2.9999935626983643
  endloop
endfacet
facet normal 0.0 0.0 0.0
  outer loop
    vertex 57.52500915527344 -17.527978897094727 2.9999935626983643
    vertex 58.42948532104492 -20.48067283630371 -5.7220458984375e-06
    vertex 57.42229461669922 -17.15757179260254 -5.7220458984375e-06
  endloop
endfacet
facet normal 0.0 0.0 0.0
  outer loop
    vertex 57.52500915527344 -17.527978897094727 2.9999935626983643
    vertex 57.42229461669922 -17.15757179260254 -5.7220458984375e-06
    vertex 56.66029357910156 -14.085693359375 2.9999938011169434
  endloop
endfacet
facet normal 0.0 0.0 0.0
  outer loop
    vertex 56.66029357910156 -14.085693359375 2.9999938011169434
    vertex 57.42229461669922 -17.15757179260254 -5.7220458984375e-06
    vertex 56.594268798828125 -13.785358428955078 -5.4836273193359375e-06
  endloop
endfacet
facet normal 0.0 0.0 0.0
  outer loop
    vertex 56.66029357910156 -14.085693359375 2.9999938011169434
    vertex 56.594268798828125 -13.785358428955078 -5.4836273193359375e-06
    vertex 55.98504638671875 -10.601290702819824 2.9999938011169434
  endloop
endfacet
facet normal 0.0 0.0 0.0
  outer loop
    vertex 55.98504638671875 -10.601290702819824 2.9999938011169434
    vertex 56.594268798828125 -13.785358428955078 -5.4836273193359375e-06
    vertex 55.94778060913086 -10.373690605163574 -5.4836273193359375e-06
  endloop
endfacet
facet normal 0.0 0.0 0.0
  outer loop
    vertex 55.98504638671875 -10.601290702819824 2.9999938011169434
    vertex 55.94778060913086 -10.373690605163574 -5.4836273193359375e-06
    vertex 55.501277923583984 -7.085183620452881 2.9999938011169434
  endloop
endfacet
facet normal 0.0 0.0 0.0
  outer loop
    vertex 55.501277923583984 -7.085183620452881 2.9999938011169434
    vertex 55.94778060913086 -10.373690605163574 -5.4836273193359375e-06
    vertex 55.484676361083984 -6.932329177856445 -5.4836273193359375e-06
  endloop
endfacet
facet normal 0.0 0.0 0.0
  outer loop
    vertex 55.501277923583984 -7.085183620452881 2.9999938011169434
    vertex 55.484676361083984 -6.932329177856445 -5.4836273193359375e-06
    vertex 55.2104377746582 -3.5478897094726562 2.9999940395355225
  endloop
endfacet
facet normal 0.0 0.0 0.0
  outer loop
    vertex 55.2104377746582 -3.5478897094726562 2.9999940395355225
    vertex 55.484676361083984 -6.932329177856445 -5.4836273193359375e-06
    vertex 55.20628356933594 -3.471125364303589 -5.245208740234375e-06
  endloop
endfacet
facet normal 0.0 0.0 0.0
  outer loop
    vertex 55.2104377746582 -3.5478897094726562 2.9999940395355225
    vertex 55.20628356933594 -3.471125364303589 -5.245208740234375e-06
    vertex 55.11339569091797 1.3515553291654214e-05 2.9999940395355225
  endloop
endfacet
facet normal 0.0 0.0 0.0
  outer loop
    vertex 55.11339569091797 1.3515553291654214e-05 2.9999940395355225
    vertex 55.20628356933594 -3.471125364303589 -5.245208740234375e-06
    vertex 55.11339569091797 1.3515553291654214e-05 -5.245208740234375e-06
  endloop
endfacet
facet normal 0.0 0.0 0.0
  outer loop
    vertex 55.11339569091797 1.3515553291654214e-05 2.9999940395355225
    vertex 55.11339569091797 1.3515553291654214e-05 -5.245208740234375e-06
    vertex 55.20628356933594 3.4711525440216064 -5.245208740234375e-06
  endloop
endfacet
facet normal 0.0 0.0 0.0
  outer loop
    vertex 55.11339569091797 1.3515553291654214e-05 2.9999940395355225
    vertex 55.20628356933594 3.4711525440216064 -5.245208740234375e-06
    vertex 55.2104377746582 3.547916889190674 2.9999940395355225
  endloop
endfacet
facet normal 0.0 0.0 0.0
  outer loop
    vertex 55.2104377746582 3.547916889190674 2.9999940395355225
    vertex 55.20628356933594 3.4711525440216064 -5.245208740234375e-06
    vertex 55.484676361083984 6.932355880737305 -5.4836273193359375e-06
  endloop
endfacet
facet normal 0.0 0.0 0.0
  outer loop
    vertex 55.2104377746582 3.547916889190674 2.9999940395355225
    vertex 55.484676361083984 6.932355880737305 -5.4836273193359375e-06
    vertex 55.501277923583984 7.08521032333374 2.9999938011169434
  endloop
endfacet
facet normal 0.0 0.0 0.0
  outer loop
    vertex 55.501277923583984 7.08521032333374 2.9999938011169434
    vertex 55.484676361083984 6.932355880737305 -5.4836273193359375e-06
    vertex 55.94778060913086 10.373717308044434 -5.4836273193359375e-06
  endloop
endfacet
facet normal 0.0 0.0 0.0
  outer loop
    vertex 55.501277923583984 7.08521032333374 2.9999938011169434
    vertex 55.94778060913086 10.373717308044434 -5.4836273193359375e-06
    vertex 55.98504638671875 10.601317405700684 2.9999938011169434
  endloop
endfacet
facet normal 0.0 0.0 0.0
  outer loop
    vertex 55.98504638671875 10.601317405700684 2.9999938011169434
    vertex 55.94778060913086 10.373717308044434 -5.4836273193359375e-06
    vertex 56.59426498413086 13.78538703918457 -5.4836273193359375e-06
  endloop
endfacet
facet normal 0.0 0.0 0.0
  outer loop
    vertex 55.98504638671875 10.601317405700684 2.9999938011169434
    vertex 56.59426498413086 13.78538703918457 -5.4836273193359375e-06
    vertex 56.66029357910156 14.085721969604492 2.9999938011169434
  endloop
endfacet
facet normal 0.0 0.0 0.0
  outer loop
    vertex 56.66029357910156 14.085721969604492 2.9999938011169434
    vertex 56.59426498413086 13.78538703918457 -5.4836273193359375e-06
    vertex 57.42229080200195 17.1575984954834 -5.7220458984375e-06
  endloop
endfacet
facet normal 0.0 0.0 0.0
  outer loop
    vertex 56.66029357910156 14.085721969604492 2.9999938011169434
    vertex 57.42229080200195 17.1575984954834 -5.7220458984375e-06
    vertex 57.525001525878906 17.528005599975586 2.9999935626983643
  endloop
endfacet
facet normal 0.0 0.0 0.0
  outer loop
    vertex 57.525001525878906 17.528005599975586 2.9999935626983643
    vertex 57.42229080200195 17.1575984954834 -5.7220458984375e-06
    vertex 58.42947769165039 20.48069953918457 -5.7220458984375e-06
  endloop
endfacet
facet normal 0.0 0.0 0.0
  outer loop
    vertex 57.525001525878906 17.528005599975586 2.9999935626983643
    vertex 58.42947769165039 20.48069953918457 -5.7220458984375e-06
    vertex 58.57658386230469 20.917875289916992 2.9999935626983643
  endloop
endfacet
facet normal 0.0 0.0 0.0
  outer loop
    vertex 58.57658386230469 20.917875289916992 2.9999935626983643
    vertex 58.42947769165039 20.48069953918457 -5.7220458984375e-06
    vertex 59.612945556640625 23.745182037353516 -5.9604644775390625e-06
  endloop
endfacet
facet normal 0.0 0.0 0.0
  outer loop
    vertex 58.57658386230469 20.917875289916992 2.9999935626983643
    vertex 59.612945556640625 23.745182037353516 -5.9604644775390625e-06
    vertex 59.81189727783203 24.245189666748047 2.999993324279785
  endloop
endfacet
facet normal 0.0 0.0 0.0
  outer loop
    vertex 59.81189727783203 24.245189666748047 2.999993324279785
    vertex 59.612945556640625 23.745182037353516 -5.9604644775390625e-06
    vertex 60.96930694580078 26.941696166992188 -6.198883056640625e-06
  endloop
endfacet
facet normal 0.0 0.0 0.0
  outer loop
    vertex 59.81189727783203 24.245189666748047 2.999993324279785
    vertex 60.96930694580078 26.941696166992188 -6.198883056640625e-06
    vertex 61.22724914550781 27.500003814697266 2.999993085861206
  endloop
endfacet
facet normal 0.0 0.0 0.0
  outer loop
    vertex 61.22724914550781 27.500003814697266 2.999993085861206
    vertex 60.96930694580078 26.941696166992188 -6.198883056640625e-06
    vertex 62.49468231201172 30.061098098754883 -6.4373016357421875e-06
  endloop
endfacet
facet normal 0.0 0.0 0.0
  outer loop
    vertex 61.22724914550781 27.500003814697266 2.999993085861206
    vertex 62.49468231201172 30.061098098754883 -6.4373016357421875e-06
    vertex 62.81840515136719 30.672582626342773 2.999992847442627
  endloop
endfacet
facet normal 0.0 0.0 0.0
  outer loop
    vertex 62.81840515136719 30.672582626342773 2.999992847442627
    vertex 62.49468231201172 30.061098098754883 -6.4373016357421875e-06
    vertex 64.18470764160156 33.09445571899414 -6.67572021484375e-06
  endloop
endfacet
facet normal 0.0 0.0 0.0
  outer loop
    vertex 62.81840515136719 30.672582626342773 2.999992847442627
    vertex 64.18470764160156 33.09445571899414 -6.67572021484375e-06
    vertex 64.58059692382812 33.753440856933594 2.999992609024048
  endloop
endfacet
facet normal 0.0 0.0 0.0
  outer loop
    vertex 64.58059692382812 33.753440856933594 2.999992609024048
    vertex 64.18470764160156 33.09445571899414 -6.67572021484375e-06
    vertex 66.03453063964844 36.03308868408203 -6.9141387939453125e-06
  endloop
endfacet
facet normal 0.0 0.0 0.0
  outer loop
    vertex 64.58059692382812 33.753440856933594 2.999992609024048
    vertex 66.03453063964844 36.03308868408203 -6.9141387939453125e-06
    vertex 66.50857543945312 36.73336410522461 2.9999923706054688
  endloop
endfacet
facet normal 0.0 0.0 0.0
  outer loop
    vertex 66.50857543945312 36.73336410522461 2.9999923706054688
    vertex 66.03453063964844 36.03308868408203 -6.9141387939453125e-06
    vertex 68.03887939453125 38.86858367919922 -7.152557373046875e-06
  endloop
endfacet
facet normal 0.0 0.0 0.0
  outer loop
    vertex 66.50857543945312 36.73336410522461 2.9999923706054688
    vertex 68.03887939453125 38.86858367919922 -7.152557373046875e-06
    vertex 68.35443115234375 39.28706741333008 1.4857033491134644
  endloop
endfacet
facet normal 0.0 0.0 0.0
  outer loop
    vertex 68.35443115234375 39.28706741333008 1.4857033491134644
    vertex 68.59657287597656 39.60343933105469 2.9999921321868896
    vertex 66.50857543945312 36.73336410522461 2.9999923706054688
  endloop
endfacet
facet normal 0.0 0.0 0.0
  outer loop
    vertex 68.59657287597656 39.94468307495117 2.9999921321868896
    vertex 68.44464111328125 39.94468307495117 1.9938775300979614
    vertex -68.59658813476562 39.94465255737305 3.0000112056732178
  endloop
endfacet
facet normal 0.0 0.0 0.0
  outer loop
    vertex -68.59658813476562 39.94465255737305 3.0000112056732178
    vertex 68.44464111328125 39.94468307495117 1.9938775300979614
    vertex -68.44367980957031 39.94465255737305 1.99385666847229
  endloop
endfacet
facet normal 0.0 0.0 0.0
  outer loop
    vertex -68.44367980957031 39.94465255737305 1.99385666847229
    vertex 68.44464111328125 39.94468307495117 1.9938775300979614
    vertex -68.2567138671875 39.94465255737305 0.9934725761413574
  endloop
endfacet
facet normal 0.0 0.0 0.0
  outer loop
    vertex -68.2567138671875 39.94465255737305 0.9934725761413574
    vertex 68.44464111328125 39.94468307495117 1.9938775300979614
    vertex 68.2586669921875 39.94468307495117 0.9934940338134766
  endloop
endfacet
facet normal 0.0 0.0 0.0
  outer loop
    vertex -68.2567138671875 39.94465255737305 0.9934725761413574
    vertex 68.2586669921875 39.94468307495117 0.9934940338134766
    vertex -68.035888671875 39.94465255737305 1.1920928955078125e-05
  endloop
endfacet
facet normal 0.0 0.0 0.0
  outer loop
    vertex -68.035888671875 39.94465255737305 1.1920928955078125e-05
    vertex 68.2586669921875 39.94468307495117 0.9934940338134766
    vertex 68.03887939453125 39.94468307495117 -7.152557373046875e-06
  endloop
endfacet
facet normal 0.0 0.0 0.0
  outer loop
    vertex -68.35298156738281 -39.58170700073242 1.4858859777450562
    vertex -67.6435546875 -38.64223098754883 3.0000112056732178
    vertex -68.03587341308594 -39.166114807128906 1.1920928955078125e-05
  endloop
endfacet
facet normal 0.0 0.0 0.0
  outer loop
    vertex -68.03587341308594 -39.166114807128906 1.1920928955078125e-05
    vertex -67.6435546875 -38.64223098754883 3.0000112056732178
    vertex -66.72123718261719 -37.3654899597168 3.0000109672546387
  endloop
endfacet
facet normal 0.0 0.0 0.0
  outer loop
    vertex -68.03587341308594 -39.166114807128906 1.1920928955078125e-05
    vertex -66.72123718261719 -37.3654899597168 3.0000109672546387
    vertex -65.9979248046875 -36.31645202636719 1.1682510375976562e-05
  endloop
endfacet
facet normal 0.0 0.0 0.0
  outer loop
    vertex -65.9979248046875 -36.31645202636719 1.1682510375976562e-05
    vertex -66.72123718261719 -37.3654899597168 3.0000109672546387
    vertex -65.83018493652344 -36.06674575805664 3.0000109672546387
  endloop
endfacet
facet normal 0.0 0.0 0.0
  outer loop
    vertex -65.9979248046875 -36.31645202636719 1.1682510375976562e-05
    vertex -65.83018493652344 -36.06674575805664 3.0000109672546387
    vertex -64.81932067871094 -34.506343841552734 3.0220787525177
  endloop
endfacet
facet normal 0.0 0.0 0.0
  outer loop
    vertex -68.35298156738281 -39.58170700073242 1.4858859777450562
    vertex -68.59657287597656 -39.896217346191406 3.0000112056732178
    vertex -67.6435546875 -38.64223098754883 3.0000112056732178
  endloop
endfacet
facet normal 0.0 0.0 0.0
  outer loop
    vertex -65.9979248046875 -36.31645202636719 1.1682510375976562e-05
    vertex -64.81932067871094 -34.506343841552734 3.0220787525177
    vertex -64.11671447753906 -33.36097717285156 1.1444091796875e-05
  endloop
endfacet
facet normal 0.0 0.0 0.0
  outer loop
    vertex -64.11671447753906 -33.36097717285156 1.1444091796875e-05
    vertex -64.81932067871094 -34.506343841552734 3.0220787525177
    vertex -63.846195220947266 -32.90531539916992 3.0729403495788574
  endloop
endfacet
facet normal 0.0 0.0 0.0
  outer loop
    vertex -64.11671447753906 -33.36097717285156 1.1444091796875e-05
    vertex -63.846195220947266 -32.90531539916992 3.0729403495788574
    vertex -63.728660583496094 -32.70463562011719 3.018200159072876
  endloop
endfacet
facet normal 0.0 0.0 0.0
  outer loop
    vertex -63.728660583496094 -32.70463562011719 3.018200159072876
    vertex -63.612396240234375 -32.504547119140625 3.0000104904174805
    vertex -64.11671447753906 -33.36097717285156 1.1444091796875e-05
  endloop
endfacet
facet normal 0.0 0.0 0.0
  outer loop
    vertex -64.11671447753906 -33.36097717285156 1.1444091796875e-05
    vertex -63.612396240234375 -32.504547119140625 3.0000104904174805
    vertex -62.39772033691406 -30.308300018310547 1.1205673217773438e-05
  endloop
endfacet
facet normal 0.0 0.0 0.0
  outer loop
    vertex -62.39772033691406 -30.308300018310547 1.1205673217773438e-05
    vertex -63.612396240234375 -32.504547119140625 3.0000104904174805
    vertex -62.053260803222656 -29.646846771240234 3.0000102519989014
  endloop
endfacet
facet normal 0.0 0.0 0.0
  outer loop
    vertex -62.39772033691406 -30.308300018310547 1.1205673217773438e-05
    vertex -62.053260803222656 -29.646846771240234 3.0000102519989014
    vertex -60.845943450927734 -27.167316436767578 1.0967254638671875e-05
  endloop
endfacet
facet normal 0.0 0.0 0.0
  outer loop
    vertex -60.845943450927734 -27.167316436767578 1.0967254638671875e-05
    vertex -62.053260803222656 -29.646846771240234 3.0000102519989014
    vertex -60.639373779296875 -26.714567184448242 3.0000102519989014
  endloop
endfacet
facet normal 0.0 0.0 0.0
  outer loop
    vertex -60.845943450927734 -27.167316436767578 1.0967254638671875e-05
    vertex -60.639373779296875 -26.714567184448242 3.0000102519989014
    vertex -59.46590805053711 -23.94717788696289 1.0728836059570312e-05
  endloop
endfacet
facet normal 0.0 0.0 0.0
  outer loop
    vertex -59.46590805053711 -23.94717788696289 1.0728836059570312e-05
    vertex -60.639373779296875 -26.714567184448242 3.0000102519989014
    vertex -59.374290466308594 -23.715084075927734 3.0000100135803223
  endloop
endfacet
facet normal 0.0 0.0 0.0
  outer loop
    vertex -59.46590805053711 -23.94717788696289 1.0728836059570312e-05
    vertex -59.374290466308594 -23.715084075927734 3.0000100135803223
    vertex -58.26164627075195 -20.657262802124023 1.049041748046875e-05
  endloop
endfacet
facet normal 0.0 0.0 0.0
  outer loop
    vertex -58.26164627075195 -20.657262802124023 1.049041748046875e-05
    vertex -59.374290466308594 -23.715084075927734 3.0000100135803223
    vertex -58.261199951171875 -20.65593910217285 3.000009775161743
  endloop
endfacet
facet normal 0.0 0.0 0.0
  outer loop
    vertex -58.26164627075195 -20.657262802124023 1.049041748046875e-05
    vertex -58.261199951171875 -20.65593910217285 3.000009775161743
    vertex -58.162261962890625 -20.358854293823242 3.0326173305511475
  endloop
endfacet
facet normal 0.0 0.0 0.0
  outer loop
    vertex -58.162261962890625 -20.358854293823242 3.0326173305511475
    vertex -57.476810455322266 -18.152862548828125 3.000009775161743
    vertex -58.26164627075195 -20.657262802124023 1.049041748046875e-05
  endloop
endfacet
facet normal 0.0 0.0 0.0
  outer loop
    vertex -58.26164627075195 -20.657262802124023 1.049041748046875e-05
    vertex -57.476810455322266 -18.152862548828125 3.000009775161743
    vertex -57.23665237426758 -17.307161331176758 1.049041748046875e-05
  endloop
endfacet
facet normal 0.0 0.0 0.0
  outer loop
    vertex -57.23665237426758 -17.307161331176758 1.049041748046875e-05
    vertex -57.476810455322266 -18.152862548828125 3.000009775161743
    vertex -56.5640983581543 -14.660953521728516 3.000009536743164
  endloop
endfacet
facet normal 0.0 0.0 0.0
  outer loop
    vertex -57.23665237426758 -17.307161331176758 1.049041748046875e-05
    vertex -56.5640983581543 -14.660953521728516 3.000009536743164
    vertex -56.393917083740234 -13.906635284423828 1.0251998901367188e-05
  endloop
endfacet
facet normal 0.0 0.0 0.0
  outer loop
    vertex -56.393917083740234 -13.906635284423828 1.0251998901367188e-05
    vertex -56.5640983581543 -14.660953521728516 3.000009536743164
    vertex -55.84689712524414 -11.123706817626953 3.000009536743164
  endloop
endfacet
facet normal 0.0 0.0 0.0
  outer loop
    vertex -56.393917083740234 -13.906635284423828 1.0251998901367188e-05
    vertex -55.84689712524414 -11.123706817626953 3.000009536743164
    vertex -55.73589324951172 -10.46558952331543 1.0251998901367188e-05
  endloop
endfacet
facet normal 0.0 0.0 0.0
  outer loop
    vertex -55.73589324951172 -10.46558952331543 1.0251998901367188e-05
    vertex -55.84689712524414 -11.123706817626953 3.000009536743164
    vertex -55.327430725097656 -7.552062034606934 3.000009536743164
  endloop
endfacet
facet normal 0.0 0.0 0.0
  outer loop
    vertex -55.73589324951172 -10.46558952331543 1.0251998901367188e-05
    vertex -55.327430725097656 -7.552062034606934 3.000009536743164
    vertex -55.264503479003906 -6.9940505027771 1.0013580322265625e-05
  endloop
endfacet
facet normal 0.0 0.0 0.0
  outer loop
    vertex -55.264503479003906 -6.9940505027771 1.0013580322265625e-05
    vertex -55.327430725097656 -7.552062034606934 3.000009536743164
    vertex -55.00730514526367 -3.957064628601074 3.000009298324585
  endloop
endfacet
facet normal 0.0 0.0 0.0
  outer loop
    vertex -55.264503479003906 -6.9940505027771 1.0013580322265625e-05
    vertex -55.00730514526367 -3.957064628601074 3.000009298324585
    vertex -54.98112106323242 -3.502133846282959 1.0013580322265625e-05
  endloop
endfacet
facet normal 0.0 0.0 0.0
  outer loop
    vertex -54.98112106323242 -3.502133846282959 1.0013580322265625e-05
    vertex -55.00730514526367 -3.957064628601074 3.000009298324585
    vertex -54.887508392333984 -0.3498307764530182 3.000009298324585
  endloop
endfacet
facet normal 0.0 0.0 0.0
  outer loop
    vertex -54.98112106323242 -3.502133846282959 1.0013580322265625e-05
    vertex -54.887508392333984 -0.3498307764530182 3.000009298324585
    vertex -54.886566162109375 -1.3413892702374142e-05 1.0013580322265625e-05
  endloop
endfacet
facet normal 0.0 0.0 0.0
  outer loop
    vertex -54.886566162109375 -1.3413892702374142e-05 1.0013580322265625e-05
    vertex -54.887508392333984 -0.3498307764530182 3.000009298324585
    vertex -54.968414306640625 3.2584848403930664 3.000009298324585
  endloop
endfacet
facet normal 0.0 0.0 0.0
  outer loop
    vertex -54.886566162109375 -1.3413892702374142e-05 1.0013580322265625e-05
    vertex -54.968414306640625 3.2584848403930664 3.000009298324585
    vertex -54.98112106323242 3.5021071434020996 1.0013580322265625e-05
  endloop
endfacet
facet normal 0.0 0.0 0.0
  outer loop
    vertex -54.98112106323242 3.5021071434020996 1.0013580322265625e-05
    vertex -54.968414306640625 3.2584848403930664 3.000009298324585
    vertex -55.24977111816406 6.856724262237549 3.000009298324585
  endloop
endfacet
facet normal 0.0 0.0 0.0
  outer loop
    vertex -54.98112106323242 3.5021071434020996 1.0013580322265625e-05
    vertex -55.24977111816406 6.856724262237549 3.000009298324585
    vertex -55.264503479003906 6.99402379989624 1.0013580322265625e-05
  endloop
endfacet
facet normal 0.0 0.0 0.0
  outer loop
    vertex -55.264503479003906 6.99402379989624 1.0013580322265625e-05
    vertex -55.24977111816406 6.856724262237549 3.000009298324585
    vertex -55.73070526123047 10.433760643005371 3.000009536743164
  endloop
endfacet
facet normal 0.0 0.0 0.0
  outer loop
    vertex -55.264503479003906 6.99402379989624 1.0013580322265625e-05
    vertex -55.73070526123047 10.433760643005371 3.000009536743164
    vertex -55.73589324951172 10.46556282043457 1.0251998901367188e-05
  endloop
endfacet
facet normal 0.0 0.0 0.0
  outer loop
    vertex -55.73589324951172 10.46556282043457 1.0251998901367188e-05
    vertex -55.73070526123047 10.433760643005371 3.000009536743164
    vertex -56.3939208984375 13.906608581542969 1.0251998901367188e-05
  endloop
endfacet
facet normal 0.0 0.0 0.0
  outer loop
    vertex -56.3939208984375 13.906608581542969 1.0251998901367188e-05
    vertex -55.73070526123047 10.433760643005371 3.000009536743164
    vertex -56.40973663330078 13.978531837463379 3.000009536743164
  endloop
endfacet
facet normal 0.0 0.0 0.0
  outer loop
    vertex -56.3939208984375 13.906608581542969 1.0251998901367188e-05
    vertex -56.40973663330078 13.978531837463379 3.000009536743164
    vertex -57.236656188964844 17.3071346282959 1.049041748046875e-05
  endloop
endfacet
facet normal 0.0 0.0 0.0
  outer loop
    vertex -57.236656188964844 17.3071346282959 1.049041748046875e-05
    vertex -56.40973663330078 13.978531837463379 3.000009536743164
    vertex -57.28476333618164 17.480077743530273 3.000009775161743
  endloop
endfacet
facet normal 0.0 0.0 0.0
  outer loop
    vertex -57.236656188964844 17.3071346282959 1.049041748046875e-05
    vertex -57.28476333618164 17.480077743530273 3.000009775161743
    vertex -58.261653900146484 20.657236099243164 1.049041748046875e-05
  endloop
endfacet
facet normal 0.0 0.0 0.0
  outer loop
    vertex -58.261653900146484 20.657236099243164 1.049041748046875e-05
    vertex -57.28476333618164 17.480077743530273 3.000009775161743
    vertex -58.35307312011719 20.927570343017578 3.000009775161743
  endloop
endfacet
facet normal 0.0 0.0 0.0
  outer loop
    vertex -58.261653900146484 20.657236099243164 1.049041748046875e-05
    vertex -58.35307312011719 20.927570343017578 3.000009775161743
    vertex -59.46591567993164 23.947147369384766 1.0728836059570312e-05
  endloop
endfacet
facet normal 0.0 0.0 0.0
  outer loop
    vertex -59.46591567993164 23.947147369384766 1.0728836059570312e-05
    vertex -58.35307312011719 20.927570343017578 3.000009775161743
    vertex -59.611366271972656 24.310344696044922 3.0000100135803223
  endloop
endfacet
facet normal 0.0 0.0 0.0
  outer loop
    vertex -59.46591567993164 23.947147369384766 1.0728836059570312e-05
    vertex -59.611366271972656 24.310344696044922 3.0000100135803223
    vertex -60.845951080322266 27.167285919189453 1.0967254638671875e-05
  endloop
endfacet
facet normal 0.0 0.0 0.0
  outer loop
    vertex -60.845951080322266 27.167285919189453 1.0967254638671875e-05
    vertex -59.611366271972656 24.310344696044922 3.0000100135803223
    vertex -61.055755615234375 27.61794662475586 3.0000102519989014
  endloop
endfacet
facet normal 0.0 0.0 0.0
  outer loop
    vertex -60.845951080322266 27.167285919189453 1.0967254638671875e-05
    vertex -61.055755615234375 27.61794662475586 3.0000102519989014
    vertex -62.397727966308594 30.308269500732422 1.1205673217773438e-05
  endloop
endfacet
facet normal 0.0 0.0 0.0
  outer loop
    vertex -62.397727966308594 30.308269500732422 1.1205673217773438e-05
    vertex -61.055755615234375 27.61794662475586 3.0000102519989014
    vertex -62.68177032470703 30.840145111083984 3.0000104904174805
  endloop
endfacet
facet normal 0.0 0.0 0.0
  outer loop
    vertex -62.397727966308594 30.308269500732422 1.1205673217773438e-05
    vertex -62.68177032470703 30.840145111083984 3.0000104904174805
    vertex -64.11672973632812 33.36094665527344 1.1444091796875e-05
  endloop
endfacet
facet normal 0.0 0.0 0.0
  outer loop
    vertex -64.11672973632812 33.36094665527344 1.1444091796875e-05
    vertex -62.68177032470703 30.840145111083984 3.0000104904174805
    vertex -64.48439025878906 33.966976165771484 3.0000107288360596
  endloop
endfacet
facet normal 0.0 0.0 0.0
  outer loop
    vertex -64.11672973632812 33.36094665527344 1.1444091796875e-05
    vertex -64.48439025878906 33.966976165771484 3.0000107288360596
    vertex -65.99794006347656 36.31642150878906 1.1682510375976562e-05
  endloop
endfacet
facet normal 0.0 0.0 0.0
  outer loop
    vertex -65.99794006347656 36.31642150878906 1.1682510375976562e-05
    vertex -64.48439025878906 33.966976165771484 3.0000107288360596
    vertex -66.45802307128906 36.988773345947266 3.0000109672546387
  endloop
endfacet
facet normal 0.0 0.0 0.0
  outer loop
    vertex -65.99794006347656 36.31642150878906 1.1682510375976562e-05
    vertex -66.45802307128906 36.988773345947266 3.0000109672546387
    vertex -68.035888671875 39.16608428955078 1.1920928955078125e-05
  endloop
endfacet
facet normal 0.0 0.0 0.0
  outer loop
    vertex -68.035888671875 39.16608428955078 1.1920928955078125e-05
    vertex -66.45802307128906 36.988773345947266 3.0000109672546387
    vertex -68.59658813476562 39.89618682861328 3.0000112056732178
  endloop
endfacet
facet normal 0.0 0.0 0.0
  outer loop
    vertex -68.035888671875 39.16608428955078 1.1920928955078125e-05
    vertex -68.59658813476562 39.89618682861328 3.0000112056732178
    vertex -68.35299682617188 39.5816764831543 1.4858859777450562
  endloop
endfacet
facet normal 0.0 0.0 0.0
  outer loop
    vertex 39.720359802246094 -36.318180084228516 -3.0994415283203125e-06
    vertex 0.2583012878894806 -36.31819152832031 2.384185791015625e-06
    vertex 39.45683670043945 -36.239437103271484 -3.0994415283203125e-06
  endloop
endfacet
facet normal 0.0 0.0 0.0
  outer loop
    vertex 39.45683670043945 -36.239437103271484 -3.0994415283203125e-06
    vertex 0.2583012878894806 -36.31819152832031 2.384185791015625e-06
    vertex 0.5218259692192078 -36.23944854736328 2.384185791015625e-06
  endloop
endfacet
facet normal 0.0 0.0 0.0
  outer loop
    vertex 39.45683670043945 -36.239437103271484 -3.0994415283203125e-06
    vertex 0.5218259692192078 -36.23944854736328 2.384185791015625e-06
    vertex 39.29736328125 -36.16169738769531 -3.0994415283203125e-06
  endloop
endfacet
facet normal 0.0 0.0 0.0
  outer loop
    vertex 39.29736328125 -36.16169738769531 -3.0994415283203125e-06
    vertex 0.5218259692192078 -36.23944854736328 2.384185791015625e-06
    vertex 0.7615879774093628 -36.11199188232422 2.384185791015625e-06
  endloop
endfacet
facet normal 0.0 0.0 0.0
  outer loop
    vertex 39.29736328125 -36.16169738769531 -3.0994415283203125e-06
    vertex 0.7615879774093628 -36.11199188232422 2.384185791015625e-06
    vertex 39.14900207519531 -36.06441116333008 -3.0994415283203125e-06
  endloop
endfacet
facet normal 0.0 0.0 0.0
  outer loop
    vertex 39.14900207519531 -36.06441116333008 -3.0994415283203125e-06
    vertex 0.7615879774093628 -36.11199188232422 2.384185791015625e-06
    vertex 0.9645270109176636 -35.94915771484375 2.1457672119140625e-06
  endloop
endfacet
facet normal 0.0 0.0 0.0
  outer loop
    vertex 39.14900207519531 -36.06441116333008 -3.0994415283203125e-06
    vertex 0.9645270109176636 -35.94915771484375 2.1457672119140625e-06
    vertex 39.01413345336914 -35.94914627075195 -3.0994415283203125e-06
  endloop
endfacet
facet normal 0.0 0.0 0.0
  outer loop
    vertex 39.01413345336914 -35.94914627075195 -3.0994415283203125e-06
    vertex 0.9645270109176636 -35.94915771484375 2.1457672119140625e-06
    vertex 38.83672332763672 -35.7387580871582 -3.0994415283203125e-06
  endloop
endfacet
facet normal 0.0 0.0 0.0
  outer loop
    vertex 38.83672332763672 -35.7387580871582 -3.0994415283203125e-06
    vertex 0.9645270109176636 -35.94915771484375 2.1457672119140625e-06
    vertex 1.1419442892074585 -35.73875427246094 2.1457672119140625e-06
  endloop
endfacet
facet normal 0.0 0.0 0.0
  outer loop
    vertex 38.83672332763672 -35.7387580871582 -3.0994415283203125e-06
    vertex 1.1419442892074585 -35.73875427246094 2.1457672119140625e-06
    vertex 38.70049285888672 -35.49138641357422 -3.0994415283203125e-06
  endloop
endfacet
facet normal 0.0 0.0 0.0
  outer loop
    vertex 38.70049285888672 -35.49138641357422 -3.0994415283203125e-06
    vertex 1.1419442892074585 -35.73875427246094 2.1457672119140625e-06
    vertex 1.2781785726547241 -35.49137496948242 2.1457672119140625e-06
  endloop
endfacet
facet normal 0.0 0.0 0.0
  outer loop
    vertex 38.70049285888672 -35.49138641357422 -3.0994415283203125e-06
    vertex 1.2781785726547241 -35.49137496948242 2.1457672119140625e-06
    vertex 38.65190124511719 -35.35786819458008 -3.0994415283203125e-06
  endloop
endfacet
facet normal 0.0 0.0 0.0
  outer loop
    vertex 38.65190124511719 -35.35786819458008 -3.0994415283203125e-06
    vertex 1.2781785726547241 -35.49137496948242 2.1457672119140625e-06
    vertex 1.3615083694458008 -35.220611572265625 2.1457672119140625e-06
  endloop
endfacet
facet normal 0.0 0.0 0.0
  outer loop
    vertex 38.65190124511719 -35.35786819458008 -3.0994415283203125e-06
    vertex 1.3615083694458008 -35.220611572265625 2.1457672119140625e-06
    vertex 38.61715316772461 -35.22061538696289 -3.0994415283203125e-06
  endloop
endfacet
facet normal 0.0 0.0 0.0
  outer loop
    vertex 38.61715316772461 -35.22061538696289 -3.0994415283203125e-06
    vertex 1.3615083694458008 -35.220611572265625 2.1457672119140625e-06
    vertex 38.59628677368164 -35.082069396972656 -3.0994415283203125e-06
  endloop
endfacet
facet normal 0.0 0.0 0.0
  outer loop
    vertex 38.59628677368164 -35.082069396972656 -3.0994415283203125e-06
    vertex 1.3615083694458008 -35.220611572265625 2.1457672119140625e-06
    vertex 1.3893376588821411 -34.94466781616211 2.1457672119140625e-06
  endloop
endfacet
facet normal 0.0 0.0 0.0
  outer loop
    vertex 38.59628677368164 -35.082069396972656 -3.0994415283203125e-06
    vertex 1.3893376588821411 -34.94466781616211 2.1457672119140625e-06
    vertex 38.58932113647461 -34.94466018676758 -3.0994415283203125e-06
  endloop
endfacet
facet normal 0.0 0.0 0.0
  outer loop
    vertex 38.58932113647461 -34.94466018676758 -3.0994415283203125e-06
    vertex 1.3893376588821411 -34.94466781616211 2.1457672119140625e-06
    vertex 1.3634274005889893 -34.67857360839844 2.1457672119140625e-06
  endloop
endfacet
facet normal 0.0 0.0 0.0
  outer loop
    vertex 38.58932113647461 -34.94466018676758 -3.0994415283203125e-06
    vertex 1.3634274005889893 -34.67857360839844 2.1457672119140625e-06
    vertex 38.615234375 -34.678565979003906 -3.0994415283203125e-06
  endloop
endfacet
facet normal 0.0 0.0 0.0
  outer loop
    vertex 38.615234375 -34.678565979003906 -3.0994415283203125e-06
    vertex 1.3634274005889893 -34.67857360839844 2.1457672119140625e-06
    vertex 1.2840112447738647 -34.41191864013672 2.1457672119140625e-06
  endloop
endfacet
facet normal 0.0 0.0 0.0
  outer loop
    vertex 38.615234375 -34.678565979003906 -3.0994415283203125e-06
    vertex 1.2840112447738647 -34.41191864013672 2.1457672119140625e-06
    vertex 38.69464874267578 -34.41191101074219 -3.0994415283203125e-06
  endloop
endfacet
facet normal 0.0 0.0 0.0
  outer loop
    vertex 38.69464874267578 -34.41191101074219 -3.0994415283203125e-06
    vertex 1.2840112447738647 -34.41191864013672 2.1457672119140625e-06
    vertex 1.1513112783432007 -34.164485931396484 2.1457672119140625e-06
  endloop
endfacet
facet normal 0.0 0.0 0.0
  outer loop
    vertex 38.69464874267578 -34.41191101074219 -3.0994415283203125e-06
    vertex 1.1513112783432007 -34.164485931396484 2.1457672119140625e-06
    vertex 38.82735061645508 -34.16447830200195 -3.0994415283203125e-06
  endloop
endfacet
facet normal 0.0 0.0 0.0
  outer loop
    vertex 38.82735061645508 -34.16447830200195 -3.0994415283203125e-06
    vertex 1.1513112783432007 -34.164485931396484 2.1457672119140625e-06
    vertex 0.9768553972244263 -33.95228958129883 2.1457672119140625e-06
  endloop
endfacet
facet normal 0.0 0.0 0.0
  outer loop
    vertex 38.82735061645508 -34.16447830200195 -3.0994415283203125e-06
    vertex 0.9768553972244263 -33.95228958129883 2.1457672119140625e-06
    vertex 39.00180435180664 -33.95227813720703 -3.0994415283203125e-06
  endloop
endfacet
facet normal 0.0 0.0 0.0
  outer loop
    vertex 39.00180435180664 -33.95227813720703 -3.0994415283203125e-06
    vertex 0.9768553972244263 -33.95228958129883 2.1457672119140625e-06
    vertex 0.7685927152633667 -33.78204345703125 2.384185791015625e-06
  endloop
endfacet
facet normal 0.0 0.0 0.0
  outer loop
    vertex 39.00180435180664 -33.95227813720703 -3.0994415283203125e-06
    vertex 0.7685927152633667 -33.78204345703125 2.384185791015625e-06
    vertex 39.21006774902344 -33.78203201293945 -3.0994415283203125e-06
  endloop
endfacet
facet normal 0.0 0.0 0.0
  outer loop
    vertex 39.21006774902344 -33.78203201293945 -3.0994415283203125e-06
    vertex 0.7685927152633667 -33.78204345703125 2.384185791015625e-06
    vertex 43.68036651611328 -24.410703659057617 -3.814697265625e-06
  endloop
endfacet
facet normal 0.0 0.0 0.0
  outer loop
    vertex 39.21006774902344 -33.78203201293945 -3.0994415283203125e-06
    vertex 43.68036651611328 -24.410703659057617 -3.814697265625e-06
    vertex 43.72721862792969 -24.76658058166504 -3.814697265625e-06
  endloop
endfacet
facet normal 0.0 0.0 0.0
  outer loop
    vertex 0.2583012878894806 -36.31819152832031 2.384185791015625e-06
    vertex 39.720359802246094 -36.318180084228516 -3.0994415283203125e-06
    vertex -0.01066162995994091 -36.34466552734375 2.384185791015625e-06
  endloop
endfacet
facet normal 0.0 0.0 0.0
  outer loop
    vertex -0.01066162995994091 -36.34466552734375 2.384185791015625e-06
    vertex 39.720359802246094 -36.318180084228516 -3.0994415283203125e-06
    vertex 39.989322662353516 -36.34465408325195 -3.337860107421875e-06
  endloop
endfacet
facet normal 0.0 0.0 0.0
  outer loop
    vertex -0.01066162995994091 -36.34466552734375 2.384185791015625e-06
    vertex 39.989322662353516 -36.34465408325195 -3.337860107421875e-06
    vertex 68.03889465332031 -39.94465255737305 -7.152557373046875e-06
  endloop
endfacet
facet normal 0.0 0.0 0.0
  outer loop
    vertex 68.03889465332031 -39.94465255737305 -7.152557373046875e-06
    vertex 39.989322662353516 -36.34465408325195 -3.337860107421875e-06
    vertex 40.258243560791016 -36.31818771362305 -3.337860107421875e-06
  endloop
endfacet
facet normal 0.0 0.0 0.0
  outer loop
    vertex 68.03889465332031 -39.94465255737305 -7.152557373046875e-06
    vertex 40.258243560791016 -36.31818771362305 -3.337860107421875e-06
    vertex 40.521732330322266 -36.23946762084961 -3.337860107421875e-06
  endloop
endfacet
facet normal 0.0 0.0 0.0
  outer loop
    vertex 40.521732330322266 -36.23946762084961 -3.337860107421875e-06
    vertex 40.6454963684082 -36.18113708496094 -3.337860107421875e-06
    vertex 68.03889465332031 -39.94465255737305 -7.152557373046875e-06
  endloop
endfacet
facet normal 0.0 0.0 0.0
  outer loop
    vertex 68.03889465332031 -39.94465255737305 -7.152557373046875e-06
    vertex 40.6454963684082 -36.18113708496094 -3.337860107421875e-06
    vertex 40.761539459228516 -36.11199951171875 -3.337860107421875e-06
  endloop
endfacet
facet normal 0.0 0.0 0.0
  outer loop
    vertex 68.03889465332031 -39.94465255737305 -7.152557373046875e-06
    vertex 40.761539459228516 -36.11199951171875 -3.337860107421875e-06
    vertex 40.86837387084961 -36.034019470214844 -3.337860107421875e-06
  endloop
endfacet
facet normal 0.0 0.0 0.0
  outer loop
    vertex 40.86837387084961 -36.034019470214844 -3.337860107421875e-06
    vertex 40.96451187133789 -35.94914627075195 -3.337860107421875e-06
    vertex 68.03889465332031 -39.94465255737305 -7.152557373046875e-06
  endloop
endfacet
facet normal 0.0 0.0 0.0
  outer loop
    vertex 68.03889465332031 -39.94465255737305 -7.152557373046875e-06
    vertex 40.96451187133789 -35.94914627075195 -3.337860107421875e-06
    vertex 66.0345458984375 -36.033058166503906 -6.9141387939453125e-06
  endloop
endfacet
facet normal 0.0 0.0 0.0
  outer loop
    vertex 68.03889465332031 -39.94465255737305 -7.152557373046875e-06
    vertex 66.0345458984375 -36.033058166503906 -6.9141387939453125e-06
    vertex 68.03889465332031 -38.868553161621094 -7.152557373046875e-06
  endloop
endfacet
facet normal 0.0 0.0 0.0
  outer loop
    vertex 40.96451187133789 -35.94914627075195 -3.337860107421875e-06
    vertex 41.141929626464844 -35.73874282836914 -3.337860107421875e-06
    vertex 66.0345458984375 -36.033058166503906 -6.9141387939453125e-06
  endloop
endfacet
facet normal 0.0 0.0 0.0
  outer loop
    vertex 66.0345458984375 -36.033058166503906 -6.9141387939453125e-06
    vertex 41.141929626464844 -35.73874282836914 -3.337860107421875e-06
    vertex 41.27816390991211 -35.491363525390625 -3.337860107421875e-06
  endloop
endfacet
facet normal 0.0 0.0 0.0
  outer loop
    vertex 66.0345458984375 -36.033058166503906 -6.9141387939453125e-06
    vertex 41.27816390991211 -35.491363525390625 -3.337860107421875e-06
    vertex 64.18472290039062 -33.094425201416016 -6.67572021484375e-06
  endloop
endfacet
facet normal 0.0 0.0 0.0
  outer loop
    vertex 64.18472290039062 -33.094425201416016 -6.67572021484375e-06
    vertex 41.27816390991211 -35.491363525390625 -3.337860107421875e-06
    vertex 41.36149215698242 -35.22060012817383 -3.337860107421875e-06
  endloop
endfacet
facet normal 0.0 0.0 0.0
  outer loop
    vertex 64.18472290039062 -33.094425201416016 -6.67572021484375e-06
    vertex 41.36149215698242 -35.22060012817383 -3.337860107421875e-06
    vertex 41.38932418823242 -34.94465637207031 -3.337860107421875e-06
  endloop
endfacet
facet normal 0.0 0.0 0.0
  outer loop
    vertex 41.38932418823242 -34.94465637207031 -3.337860107421875e-06
    vertex 41.36341094970703 -34.67856216430664 -3.337860107421875e-06
    vertex 64.18472290039062 -33.094425201416016 -6.67572021484375e-06
  endloop
endfacet
facet normal 0.0 0.0 0.0
  outer loop
    vertex 64.18472290039062 -33.094425201416016 -6.67572021484375e-06
    vertex 41.36341094970703 -34.67856216430664 -3.337860107421875e-06
    vertex 62.49468994140625 -30.061067581176758 -6.4373016357421875e-06
  endloop
endfacet
facet normal 0.0 0.0 0.0
  outer loop
    vertex 62.49468994140625 -30.061067581176758 -6.4373016357421875e-06
    vertex 41.36341094970703 -34.67856216430664 -3.337860107421875e-06
    vertex 41.28399658203125 -34.41190719604492 -3.337860107421875e-06
  endloop
endfacet
facet normal 0.0 0.0 0.0
  outer loop
    vertex 62.49468994140625 -30.061067581176758 -6.4373016357421875e-06
    vertex 41.28399658203125 -34.41190719604492 -3.337860107421875e-06
    vertex 41.15129470825195 -34.16447448730469 -3.337860107421875e-06
  endloop
endfacet
facet normal 0.0 0.0 0.0
  outer loop
    vertex 62.49468994140625 -30.061067581176758 -6.4373016357421875e-06
    vertex 41.15129470825195 -34.16447448730469 -3.337860107421875e-06
    vertex 45.41123962402344 -25.73885154724121 -4.0531158447265625e-06
  endloop
endfacet
facet normal 0.0 0.0 0.0
  outer loop
    vertex 45.41123962402344 -25.73885154724121 -4.0531158447265625e-06
    vertex 41.15129470825195 -34.16447448730469 -3.337860107421875e-06
    vertex 40.97684097290039 -33.95227813720703 -3.337860107421875e-06
  endloop
endfacet
facet normal 0.0 0.0 0.0
  outer loop
    vertex 45.41123962402344 -25.73885154724121 -4.0531158447265625e-06
    vertex 40.97684097290039 -33.95227813720703 -3.337860107421875e-06
    vertex 40.878082275390625 -33.86322021484375 -3.337860107421875e-06
  endloop
endfacet
facet normal 0.0 0.0 0.0
  outer loop
    vertex 40.878082275390625 -33.86322021484375 -3.337860107421875e-06
    vertex 40.768577575683594 -33.78203201293945 -3.337860107421875e-06
    vertex 45.41123962402344 -25.73885154724121 -4.0531158447265625e-06
  endloop
endfacet
facet normal 0.0 0.0 0.0
  outer loop
    vertex 45.41123962402344 -25.73885154724121 -4.0531158447265625e-06
    vertex 40.768577575683594 -33.78203201293945 -3.337860107421875e-06
    vertex 45.05536651611328 -25.785703659057617 -3.814697265625e-06
  endloop
endfacet
facet normal 0.0 0.0 0.0
  outer loop
    vertex 45.05536651611328 -25.785703659057617 -3.814697265625e-06
    vertex 40.768577575683594 -33.78203201293945 -3.337860107421875e-06
    vertex 40.65001678466797 -33.710601806640625 -3.337860107421875e-06
  endloop
endfacet
facet normal 0.0 0.0 0.0
  outer loop
    vertex 45.05536651611328 -25.785703659057617 -3.814697265625e-06
    vertex 40.65001678466797 -33.710601806640625 -3.337860107421875e-06
    vertex 40.52408981323242 -33.650814056396484 -3.337860107421875e-06
  endloop
endfacet
facet normal 0.0 0.0 0.0
  outer loop
    vertex 40.52408981323242 -33.650814056396484 -3.337860107421875e-06
    vertex 40.257999420166016 -33.57106399536133 -3.337860107421875e-06
    vertex 45.05536651611328 -25.785703659057617 -3.814697265625e-06
  endloop
endfacet
facet normal 0.0 0.0 0.0
  outer loop
    vertex 45.05536651611328 -25.785703659057617 -3.814697265625e-06
    vertex 40.257999420166016 -33.57106399536133 -3.337860107421875e-06
    vertex 44.69948959350586 -25.73885154724121 -3.814697265625e-06
  endloop
endfacet
facet normal 0.0 0.0 0.0
  outer loop
    vertex 44.69948959350586 -25.73885154724121 -3.814697265625e-06
    vertex 40.257999420166016 -33.57106399536133 -3.337860107421875e-06
    vertex 39.989322662353516 -33.544654846191406 -3.337860107421875e-06
  endloop
endfacet
facet normal 0.0 0.0 0.0
  outer loop
    vertex 44.69948959350586 -25.73885154724121 -3.814697265625e-06
    vertex 39.989322662353516 -33.544654846191406 -3.337860107421875e-06
    vertex 44.36786651611328 -25.60148811340332 -3.814697265625e-06
  endloop
endfacet
facet normal 0.0 0.0 0.0
  outer loop
    vertex 44.36786651611328 -25.60148811340332 -3.814697265625e-06
    vertex 39.989322662353516 -33.544654846191406 -3.337860107421875e-06
    vertex 39.720645904541016 -33.57106399536133 -3.0994415283203125e-06
  endloop
endfacet
facet normal 0.0 0.0 0.0
  outer loop
    vertex 44.36786651611328 -25.60148811340332 -3.814697265625e-06
    vertex 39.720645904541016 -33.57106399536133 -3.0994415283203125e-06
    vertex 44.083091735839844 -25.38297462463379 -3.814697265625e-06
  endloop
endfacet
facet normal 0.0 0.0 0.0
  outer loop
    vertex 44.083091735839844 -25.38297462463379 -3.814697265625e-06
    vertex 39.720645904541016 -33.57106399536133 -3.0994415283203125e-06
    vertex 39.45455551147461 -33.650814056396484 -3.0994415283203125e-06
  endloop
endfacet
facet normal 0.0 0.0 0.0
  outer loop
    vertex 44.083091735839844 -25.38297462463379 -3.814697265625e-06
    vertex 39.45455551147461 -33.650814056396484 -3.0994415283203125e-06
    vertex 43.86458206176758 -25.098203659057617 -3.814697265625e-06
  endloop
endfacet
facet normal 0.0 0.0 0.0
  outer loop
    vertex 43.86458206176758 -25.098203659057617 -3.814697265625e-06
    vertex 39.45455551147461 -33.650814056396484 -3.0994415283203125e-06
    vertex 39.21006774902344 -33.78203201293945 -3.0994415283203125e-06
  endloop
endfacet
facet normal 0.0 0.0 0.0
  outer loop
    vertex 43.86458206176758 -25.098203659057617 -3.814697265625e-06
    vertex 39.21006774902344 -33.78203201293945 -3.0994415283203125e-06
    vertex 43.72721862792969 -24.76658058166504 -3.814697265625e-06
  endloop
endfacet
facet normal 0.0 0.0 0.0
  outer loop
    vertex -13.300491333007812 -23.08257293701172 4.291534423828125e-06
    vertex -54.886566162109375 -1.3413892702374142e-05 1.0013580322265625e-05
    vertex -12.944615364074707 -23.035720825195312 4.291534423828125e-06
  endloop
endfacet
facet normal 0.0 0.0 0.0
  outer loop
    vertex -12.944615364074707 -23.035720825195312 4.291534423828125e-06
    vertex -54.886566162109375 -1.3413892702374142e-05 1.0013580322265625e-05
    vertex -12.944622039794922 23.214275360107422 4.291534423828125e-06
  endloop
endfacet
facet normal 0.0 0.0 0.0
  outer loop
    vertex -12.944615364074707 -23.035720825195312 4.291534423828125e-06
    vertex -12.944622039794922 23.214275360107422 4.291534423828125e-06
    vertex -12.588739395141602 -23.08257293701172 4.0531158447265625e-06
  endloop
endfacet
facet normal 0.0 0.0 0.0
  outer loop
    vertex -12.588739395141602 -23.08257293701172 4.0531158447265625e-06
    vertex -12.944622039794922 23.214275360107422 4.291534423828125e-06
    vertex -12.588746070861816 23.261127471923828 4.0531158447265625e-06
  endloop
endfacet
facet normal 0.0 0.0 0.0
  outer loop
    vertex -12.588739395141602 -23.08257293701172 4.0531158447265625e-06
    vertex -12.588746070861816 23.261127471923828 4.0531158447265625e-06
    vertex 55.11339569091797 1.3515553291654214e-05 -5.245208740234375e-06
  endloop
endfacet
facet normal 0.0 0.0 0.0
  outer loop
    vertex 55.11339569091797 1.3515553291654214e-05 -5.245208740234375e-06
    vertex -12.588746070861816 23.261127471923828 4.0531158447265625e-06
    vertex 55.20628356933594 3.4711525440216064 -5.245208740234375e-06
  endloop
endfacet
facet normal 0.0 0.0 0.0
  outer loop
    vertex 55.20628356933594 3.4711525440216064 -5.245208740234375e-06
    vertex -12.588746070861816 23.261127471923828 4.0531158447265625e-06
    vertex -12.257122039794922 23.39849090576172 4.0531158447265625e-06
  endloop
endfacet
facet normal 0.0 0.0 0.0
  outer loop
    vertex 55.20628356933594 3.4711525440216064 -5.245208740234375e-06
    vertex -12.257122039794922 23.39849090576172 4.0531158447265625e-06
    vertex 55.484676361083984 6.932355880737305 -5.4836273193359375e-06
  endloop
endfacet
facet normal 0.0 0.0 0.0
  outer loop
    vertex 55.484676361083984 6.932355880737305 -5.4836273193359375e-06
    vertex -12.257122039794922 23.39849090576172 4.0531158447265625e-06
    vertex 44.36785888671875 23.39850616455078 -3.814697265625e-06
  endloop
endfacet
facet normal 0.0 0.0 0.0
  outer loop
    vertex 55.484676361083984 6.932355880737305 -5.4836273193359375e-06
    vertex 44.36785888671875 23.39850616455078 -3.814697265625e-06
    vertex 55.94778060913086 10.373717308044434 -5.4836273193359375e-06
  endloop
endfacet
facet normal 0.0 0.0 0.0
  outer loop
    vertex 55.94778060913086 10.373717308044434 -5.4836273193359375e-06
    vertex 44.36785888671875 23.39850616455078 -3.814697265625e-06
    vertex 44.69948196411133 23.26114273071289 -3.814697265625e-06
  endloop
endfacet
facet normal 0.0 0.0 0.0
  outer loop
    vertex 55.94778060913086 10.373717308044434 -5.4836273193359375e-06
    vertex 44.69948196411133 23.26114273071289 -3.814697265625e-06
    vertex 56.59426498413086 13.78538703918457 -5.4836273193359375e-06
  endloop
endfacet
facet normal 0.0 0.0 0.0
  outer loop
    vertex 56.59426498413086 13.78538703918457 -5.4836273193359375e-06
    vertex 44.69948196411133 23.26114273071289 -3.814697265625e-06
    vertex 45.05535888671875 23.214290618896484 -3.814697265625e-06
  endloop
endfacet
facet normal 0.0 0.0 0.0
  outer loop
    vertex 56.59426498413086 13.78538703918457 -5.4836273193359375e-06
    vertex 45.05535888671875 23.214290618896484 -3.814697265625e-06
    vertex 57.42229080200195 17.1575984954834 -5.7220458984375e-06
  endloop
endfacet
facet normal 0.0 0.0 0.0
  outer loop
    vertex 57.42229080200195 17.1575984954834 -5.7220458984375e-06
    vertex 45.05535888671875 23.214290618896484 -3.814697265625e-06
    vertex 45.411231994628906 23.26114273071289 -4.0531158447265625e-06
  endloop
endfacet
facet normal 0.0 0.0 0.0
  outer loop
    vertex 57.42229080200195 17.1575984954834 -5.7220458984375e-06
    vertex 45.411231994628906 23.26114273071289 -4.0531158447265625e-06
    vertex 45.74285888671875 23.39850616455078 -4.0531158447265625e-06
  endloop
endfacet
facet normal 0.0 0.0 0.0
  outer loop
    vertex -13.300491333007812 -23.08257293701172 4.291534423828125e-06
    vertex -13.632115364074707 -23.21993637084961 4.291534423828125e-06
    vertex -54.886566162109375 -1.3413892702374142e-05 1.0013580322265625e-05
  endloop
endfacet
facet normal 0.0 0.0 0.0
  outer loop
    vertex -54.886566162109375 -1.3413892702374142e-05 1.0013580322265625e-05
    vertex -13.632115364074707 -23.21993637084961 4.291534423828125e-06
    vertex -13.916887283325195 -23.438447952270508 4.291534423828125e-06
  endloop
endfacet
facet normal 0.0 0.0 0.0
  outer loop
    vertex -54.886566162109375 -1.3413892702374142e-05 1.0013580322265625e-05
    vertex -13.916887283325195 -23.438447952270508 4.291534423828125e-06
    vertex -40.01064682006836 -33.544677734375 8.106231689453125e-06
  endloop
endfacet
facet normal 0.0 0.0 0.0
  outer loop
    vertex -40.01064682006836 -33.544677734375 8.106231689453125e-06
    vertex -13.916887283325195 -23.438447952270508 4.291534423828125e-06
    vertex -14.135400772094727 -23.723220825195312 4.291534423828125e-06
  endloop
endfacet
facet normal 0.0 0.0 0.0
  outer loop
    vertex -40.01064682006836 -33.544677734375 8.106231689453125e-06
    vertex -14.135400772094727 -23.723220825195312 4.291534423828125e-06
    vertex -14.2727632522583 -24.054841995239258 4.291534423828125e-06
  endloop
endfacet
facet normal 0.0 0.0 0.0
  outer loop
    vertex -40.01064682006836 -33.544677734375 8.106231689453125e-06
    vertex -14.2727632522583 -24.054841995239258 4.291534423828125e-06
    vertex -39.64830017089844 -33.59238052368164 7.867813110351562e-06
  endloop
endfacet
facet normal 0.0 0.0 0.0
  outer loop
    vertex -39.64830017089844 -33.59238052368164 7.867813110351562e-06
    vertex -14.2727632522583 -24.054841995239258 4.291534423828125e-06
    vertex -14.319615364074707 -24.41071891784668 4.291534423828125e-06
  endloop
endfacet
facet normal 0.0 0.0 0.0
  outer loop
    vertex -39.64830017089844 -33.59238052368164 7.867813110351562e-06
    vertex -14.319615364074707 -24.41071891784668 4.291534423828125e-06
    vertex -14.2727632522583 -24.7665958404541 4.291534423828125e-06
  endloop
endfacet
facet normal 0.0 0.0 0.0
  outer loop
    vertex -39.64830017089844 -33.59238052368164 7.867813110351562e-06
    vertex -14.2727632522583 -24.7665958404541 4.291534423828125e-06
    vertex -39.310646057128906 -33.732242584228516 7.867813110351562e-06
  endloop
endfacet
facet normal 0.0 0.0 0.0
  outer loop
    vertex -39.310646057128906 -33.732242584228516 7.867813110351562e-06
    vertex -14.2727632522583 -24.7665958404541 4.291534423828125e-06
    vertex -14.135400772094727 -25.09821891784668 4.291534423828125e-06
  endloop
endfacet
facet normal 0.0 0.0 0.0
  outer loop
    vertex -39.310646057128906 -33.732242584228516 7.867813110351562e-06
    vertex -14.135400772094727 -25.09821891784668 4.291534423828125e-06
    vertex -39.02069854736328 -33.95472717285156 7.867813110351562e-06
  endloop
endfacet
facet normal 0.0 0.0 0.0
  outer loop
    vertex -39.02069854736328 -33.95472717285156 7.867813110351562e-06
    vertex -14.135400772094727 -25.09821891784668 4.291534423828125e-06
    vertex -13.916887283325195 -25.38298988342285 4.291534423828125e-06
  endloop
endfacet
facet normal 0.0 0.0 0.0
  outer loop
    vertex -39.02069854736328 -33.95472717285156 7.867813110351562e-06
    vertex -13.916887283325195 -25.38298988342285 4.291534423828125e-06
    vertex -38.79821014404297 -34.24467468261719 7.867813110351562e-06
  endloop
endfacet
facet normal 0.0 0.0 0.0
  outer loop
    vertex -38.79821014404297 -34.24467468261719 7.867813110351562e-06
    vertex -13.916887283325195 -25.38298988342285 4.291534423828125e-06
    vertex -13.632115364074707 -25.601503372192383 4.291534423828125e-06
  endloop
endfacet
facet normal 0.0 0.0 0.0
  outer loop
    vertex -38.79821014404297 -34.24467468261719 7.867813110351562e-06
    vertex -13.632115364074707 -25.601503372192383 4.291534423828125e-06
    vertex -38.65835189819336 -34.58232879638672 7.867813110351562e-06
  endloop
endfacet
facet normal 0.0 0.0 0.0
  outer loop
    vertex -38.65835189819336 -34.58232879638672 7.867813110351562e-06
    vertex -13.632115364074707 -25.601503372192383 4.291534423828125e-06
    vertex -13.300491333007812 -25.738866806030273 4.291534423828125e-06
  endloop
endfacet
facet normal 0.0 0.0 0.0
  outer loop
    vertex -38.65835189819336 -34.58232879638672 7.867813110351562e-06
    vertex -13.300491333007812 -25.738866806030273 4.291534423828125e-06
    vertex -38.61064529418945 -34.94467544555664 7.867813110351562e-06
  endloop
endfacet
facet normal 0.0 0.0 0.0
  outer loop
    vertex -38.61064529418945 -34.94467544555664 7.867813110351562e-06
    vertex -13.300491333007812 -25.738866806030273 4.291534423828125e-06
    vertex -1.3828318119049072 -35.220611572265625 2.6226043701171875e-06
  endloop
endfacet
facet normal 0.0 0.0 0.0
  outer loop
    vertex -38.61064529418945 -34.94467544555664 7.867813110351562e-06
    vertex -1.3828318119049072 -35.220611572265625 2.6226043701171875e-06
    vertex -38.65835189819336 -35.30702209472656 7.867813110351562e-06
  endloop
endfacet
facet normal 0.0 0.0 0.0
  outer loop
    vertex -38.65835189819336 -35.30702209472656 7.867813110351562e-06
    vertex -1.3828318119049072 -35.220611572265625 2.6226043701171875e-06
    vertex -1.2995021343231201 -35.49137496948242 2.6226043701171875e-06
  endloop
endfacet
facet normal 0.0 0.0 0.0
  outer loop
    vertex -38.65835189819336 -35.30702209472656 7.867813110351562e-06
    vertex -1.2995021343231201 -35.49137496948242 2.6226043701171875e-06
    vertex -38.79821014404297 -35.64467239379883 7.867813110351562e-06
  endloop
endfacet
facet normal 0.0 0.0 0.0
  outer loop
    vertex -38.79821014404297 -35.64467239379883 7.867813110351562e-06
    vertex -1.2995021343231201 -35.49137496948242 2.6226043701171875e-06
    vertex -1.163267731666565 -35.73875427246094 2.6226043701171875e-06
  endloop
endfacet
facet normal 0.0 0.0 0.0
  outer loop
    vertex -38.79821014404297 -35.64467239379883 7.867813110351562e-06
    vertex -1.163267731666565 -35.73875427246094 2.6226043701171875e-06
    vertex -39.02069854736328 -35.934627532958984 7.867813110351562e-06
  endloop
endfacet
facet normal 0.0 0.0 0.0
  outer loop
    vertex -39.02069854736328 -35.934627532958984 7.867813110351562e-06
    vertex -1.163267731666565 -35.73875427246094 2.6226043701171875e-06
    vertex -0.9858503937721252 -35.94915771484375 2.6226043701171875e-06
  endloop
endfacet
facet normal 0.0 0.0 0.0
  outer loop
    vertex -39.02069854736328 -35.934627532958984 7.867813110351562e-06
    vertex -0.9858503937721252 -35.94915771484375 2.6226043701171875e-06
    vertex -0.7829113602638245 -36.11199188232422 2.384185791015625e-06
  endloop
endfacet
facet normal 0.0 0.0 0.0
  outer loop
    vertex -1.3828318119049072 -35.220611572265625 2.6226043701171875e-06
    vertex -13.300491333007812 -25.738866806030273 4.291534423828125e-06
    vertex -1.4106613397598267 -34.94466781616211 2.6226043701171875e-06
  endloop
endfacet
facet normal 0.0 0.0 0.0
  outer loop
    vertex -1.4106613397598267 -34.94466781616211 2.6226043701171875e-06
    vertex -13.300491333007812 -25.738866806030273 4.291534423828125e-06
    vertex -12.944615364074707 -25.78571891784668 4.291534423828125e-06
  endloop
endfacet
facet normal 0.0 0.0 0.0
  outer loop
    vertex -1.4106613397598267 -34.94466781616211 2.6226043701171875e-06
    vertex -12.944615364074707 -25.78571891784668 4.291534423828125e-06
    vertex -1.3847510814666748 -34.67857360839844 2.6226043701171875e-06
  endloop
endfacet
facet normal 0.0 0.0 0.0
  outer loop
    vertex -1.3847510814666748 -34.67857360839844 2.6226043701171875e-06
    vertex -12.944615364074707 -25.78571891784668 4.291534423828125e-06
    vertex -1.3053350448608398 -34.41191864013672 2.6226043701171875e-06
  endloop
endfacet
facet normal 0.0 0.0 0.0
  outer loop
    vertex -1.3053350448608398 -34.41191864013672 2.6226043701171875e-06
    vertex -12.944615364074707 -25.78571891784668 4.291534423828125e-06
    vertex -1.1726348400115967 -34.164485931396484 2.6226043701171875e-06
  endloop
endfacet
facet normal 0.0 0.0 0.0
  outer loop
    vertex -1.1726348400115967 -34.164485931396484 2.6226043701171875e-06
    vertex -12.944615364074707 -25.78571891784668 4.291534423828125e-06
    vertex -12.588739395141602 -25.738866806030273 4.0531158447265625e-06
  endloop
endfacet
facet normal 0.0 0.0 0.0
  outer loop
    vertex -1.1726348400115967 -34.164485931396484 2.6226043701171875e-06
    vertex -12.588739395141602 -25.738866806030273 4.0531158447265625e-06
    vertex -0.9981792569160461 -33.95228958129883 2.6226043701171875e-06
  endloop
endfacet
facet normal 0.0 0.0 0.0
  outer loop
    vertex -0.9981792569160461 -33.95228958129883 2.6226043701171875e-06
    vertex -12.588739395141602 -25.738866806030273 4.0531158447265625e-06
    vertex -0.7899166941642761 -33.78204345703125 2.384185791015625e-06
  endloop
endfacet
facet normal 0.0 0.0 0.0
  outer loop
    vertex -0.7899166941642761 -33.78204345703125 2.384185791015625e-06
    vertex -12.588739395141602 -25.738866806030273 4.0531158447265625e-06
    vertex -12.257115364074707 -25.601503372192383 4.0531158447265625e-06
  endloop
endfacet
facet normal 0.0 0.0 0.0
  outer loop
    vertex -0.7899166941642761 -33.78204345703125 2.384185791015625e-06
    vertex -12.257115364074707 -25.601503372192383 4.0531158447265625e-06
    vertex -0.5454279780387878 -33.65082550048828 2.384185791015625e-06
  endloop
endfacet
facet normal 0.0 0.0 0.0
  outer loop
    vertex -0.5454279780387878 -33.65082550048828 2.384185791015625e-06
    vertex -12.257115364074707 -25.601503372192383 4.0531158447265625e-06
    vertex -11.972344398498535 -25.38298988342285 4.0531158447265625e-06
  endloop
endfacet
facet normal 0.0 0.0 0.0
  outer loop
    vertex -0.5454279780387878 -33.65082550048828 2.384185791015625e-06
    vertex -11.972344398498535 -25.38298988342285 4.0531158447265625e-06
    vertex -0.2793392539024353 -33.571075439453125 2.384185791015625e-06
  endloop
endfacet
facet normal 0.0 0.0 0.0
  outer loop
    vertex -0.2793392539024353 -33.571075439453125 2.384185791015625e-06
    vertex -11.972344398498535 -25.38298988342285 4.0531158447265625e-06
    vertex -11.75383186340332 -25.09821891784668 4.0531158447265625e-06
  endloop
endfacet
facet normal 0.0 0.0 0.0
  outer loop
    vertex -0.2793392539024353 -33.571075439453125 2.384185791015625e-06
    vertex -11.75383186340332 -25.09821891784668 4.0531158447265625e-06
    vertex -0.010661992244422436 -33.5446662902832 2.384185791015625e-06
  endloop
endfacet
facet normal 0.0 0.0 0.0
  outer loop
    vertex -0.010661992244422436 -33.5446662902832 2.384185791015625e-06
    vertex -11.75383186340332 -25.09821891784668 4.0531158447265625e-06
    vertex -11.61646842956543 -24.76659393310547 4.0531158447265625e-06
  endloop
endfacet
facet normal 0.0 0.0 0.0
  outer loop
    vertex -0.010661992244422436 -33.5446662902832 2.384185791015625e-06
    vertex -11.61646842956543 -24.76659393310547 4.0531158447265625e-06
    vertex 0.25801530480384827 -33.571075439453125 2.384185791015625e-06
  endloop
endfacet
facet normal 0.0 0.0 0.0
  outer loop
    vertex 0.25801530480384827 -33.571075439453125 2.384185791015625e-06
    vertex -11.61646842956543 -24.76659393310547 4.0531158447265625e-06
    vertex -11.569616317749023 -24.410717010498047 4.0531158447265625e-06
  endloop
endfacet
facet normal 0.0 0.0 0.0
  outer loop
    vertex 0.25801530480384827 -33.571075439453125 2.384185791015625e-06
    vertex -11.569616317749023 -24.410717010498047 4.0531158447265625e-06
    vertex -11.61646842956543 -24.054840087890625 4.0531158447265625e-06
  endloop
endfacet
facet normal 0.0 0.0 0.0
  outer loop
    vertex 0.25801530480384827 -33.571075439453125 2.384185791015625e-06
    vertex -11.61646842956543 -24.054840087890625 4.0531158447265625e-06
    vertex 0.5241039991378784 -33.65082550048828 2.384185791015625e-06
  endloop
endfacet
facet normal 0.0 0.0 0.0
  outer loop
    vertex 0.5241039991378784 -33.65082550048828 2.384185791015625e-06
    vertex -11.61646842956543 -24.054840087890625 4.0531158447265625e-06
    vertex -11.75383186340332 -23.723220825195312 4.0531158447265625e-06
  endloop
endfacet
facet normal 0.0 0.0 0.0
  outer loop
    vertex 0.5241039991378784 -33.65082550048828 2.384185791015625e-06
    vertex -11.75383186340332 -23.723220825195312 4.0531158447265625e-06
    vertex 43.86458206176758 -23.72320556640625 -3.814697265625e-06
  endloop
endfacet
facet normal 0.0 0.0 0.0
  outer loop
    vertex 43.86458206176758 -23.72320556640625 -3.814697265625e-06
    vertex -11.75383186340332 -23.723220825195312 4.0531158447265625e-06
    vertex -11.972344398498535 -23.438447952270508 4.0531158447265625e-06
  endloop
endfacet
facet normal 0.0 0.0 0.0
  outer loop
    vertex 43.86458206176758 -23.72320556640625 -3.814697265625e-06
    vertex -11.972344398498535 -23.438447952270508 4.0531158447265625e-06
    vertex 44.083091735839844 -23.438432693481445 -3.814697265625e-06
  endloop
endfacet
facet normal 0.0 0.0 0.0
  outer loop
    vertex 44.083091735839844 -23.438432693481445 -3.814697265625e-06
    vertex -11.972344398498535 -23.438447952270508 4.0531158447265625e-06
    vertex 44.36786651611328 -23.219921112060547 -3.814697265625e-06
  endloop
endfacet
facet normal 0.0 0.0 0.0
  outer loop
    vertex 44.36786651611328 -23.219921112060547 -3.814697265625e-06
    vertex -11.972344398498535 -23.438447952270508 4.0531158447265625e-06
    vertex -12.257115364074707 -23.21993637084961 4.0531158447265625e-06
  endloop
endfacet
facet normal 0.0 0.0 0.0
  outer loop
    vertex 44.36786651611328 -23.219921112060547 -3.814697265625e-06
    vertex -12.257115364074707 -23.21993637084961 4.0531158447265625e-06
    vertex 55.484676361083984 -6.932329177856445 -5.4836273193359375e-06
  endloop
endfacet
facet normal 0.0 0.0 0.0
  outer loop
    vertex 55.484676361083984 -6.932329177856445 -5.4836273193359375e-06
    vertex -12.257115364074707 -23.21993637084961 4.0531158447265625e-06
    vertex 55.20628356933594 -3.471125364303589 -5.245208740234375e-06
  endloop
endfacet
facet normal 0.0 0.0 0.0
  outer loop
    vertex 55.20628356933594 -3.471125364303589 -5.245208740234375e-06
    vertex -12.257115364074707 -23.21993637084961 4.0531158447265625e-06
    vertex -12.588739395141602 -23.08257293701172 4.0531158447265625e-06
  endloop
endfacet
facet normal 0.0 0.0 0.0
  outer loop
    vertex 55.20628356933594 -3.471125364303589 -5.245208740234375e-06
    vertex -12.588739395141602 -23.08257293701172 4.0531158447265625e-06
    vertex 55.11339569091797 1.3515553291654214e-05 -5.245208740234375e-06
  endloop
endfacet
facet normal 0.0 0.0 0.0
  outer loop
    vertex 44.69948196411133 25.917436599731445 -3.814697265625e-06
    vertex 40.257991790771484 33.57108688354492 -3.337860107421875e-06
    vertex 45.05535888671875 25.96428871154785 -3.814697265625e-06
  endloop
endfacet
facet normal 0.0 0.0 0.0
  outer loop
    vertex 45.05535888671875 25.96428871154785 -3.814697265625e-06
    vertex 40.257991790771484 33.57108688354492 -3.337860107421875e-06
    vertex 40.52408218383789 33.65083694458008 -3.337860107421875e-06
  endloop
endfacet
facet normal 0.0 0.0 0.0
  outer loop
    vertex 45.05535888671875 25.96428871154785 -3.814697265625e-06
    vertex 40.52408218383789 33.65083694458008 -3.337860107421875e-06
    vertex 40.76856994628906 33.78205490112305 -3.337860107421875e-06
  endloop
endfacet
facet normal 0.0 0.0 0.0
  outer loop
    vertex 40.257991790771484 33.57108688354492 -3.337860107421875e-06
    vertex 44.69948196411133 25.917436599731445 -3.814697265625e-06
    vertex 39.989315032958984 33.544677734375 -3.337860107421875e-06
  endloop
endfacet
facet normal 0.0 0.0 0.0
  outer loop
    vertex 39.989315032958984 33.544677734375 -3.337860107421875e-06
    vertex 44.69948196411133 25.917436599731445 -3.814697265625e-06
    vertex 44.36785888671875 25.780073165893555 -3.814697265625e-06
  endloop
endfacet
facet normal 0.0 0.0 0.0
  outer loop
    vertex 39.989315032958984 33.544677734375 -3.337860107421875e-06
    vertex 44.36785888671875 25.780073165893555 -3.814697265625e-06
    vertex 39.720638275146484 33.57108688354492 -3.0994415283203125e-06
  endloop
endfacet
facet normal 0.0 0.0 0.0
  outer loop
    vertex 39.720638275146484 33.57108688354492 -3.0994415283203125e-06
    vertex 44.36785888671875 25.780073165893555 -3.814697265625e-06
    vertex 44.08308410644531 25.561561584472656 -3.814697265625e-06
  endloop
endfacet
facet normal 0.0 0.0 0.0
  outer loop
    vertex 39.720638275146484 33.57108688354492 -3.0994415283203125e-06
    vertex 44.08308410644531 25.561561584472656 -3.814697265625e-06
    vertex 39.45454788208008 33.65083694458008 -3.0994415283203125e-06
  endloop
endfacet
facet normal 0.0 0.0 0.0
  outer loop
    vertex 39.45454788208008 33.65083694458008 -3.0994415283203125e-06
    vertex 44.08308410644531 25.561561584472656 -3.814697265625e-06
    vertex 43.86457443237305 25.27678871154785 -3.814697265625e-06
  endloop
endfacet
facet normal 0.0 0.0 0.0
  outer loop
    vertex 39.45454788208008 33.65083694458008 -3.0994415283203125e-06
    vertex 43.86457443237305 25.27678871154785 -3.814697265625e-06
    vertex 43.727210998535156 24.945165634155273 -3.814697265625e-06
  endloop
endfacet
facet normal 0.0 0.0 0.0
  outer loop
    vertex 39.45454788208008 33.65083694458008 -3.0994415283203125e-06
    vertex 43.727210998535156 24.945165634155273 -3.814697265625e-06
    vertex 39.210060119628906 33.78205490112305 -3.0994415283203125e-06
  endloop
endfacet
facet normal 0.0 0.0 0.0
  outer loop
    vertex 39.210060119628906 33.78205490112305 -3.0994415283203125e-06
    vertex 43.727210998535156 24.945165634155273 -3.814697265625e-06
    vertex 43.68035888671875 24.58928871154785 -3.814697265625e-06
  endloop
endfacet
facet normal 0.0 0.0 0.0
  outer loop
    vertex 39.210060119628906 33.78205490112305 -3.0994415283203125e-06
    vertex 43.68035888671875 24.58928871154785 -3.814697265625e-06
    vertex 0.7685840129852295 33.78204345703125 2.384185791015625e-06
  endloop
endfacet
facet normal 0.0 0.0 0.0
  outer loop
    vertex 0.7685840129852295 33.78204345703125 2.384185791015625e-06
    vertex 43.68035888671875 24.58928871154785 -3.814697265625e-06
    vertex 43.727210998535156 24.23341178894043 -3.814697265625e-06
  endloop
endfacet
facet normal 0.0 0.0 0.0
  outer loop
    vertex 0.7685840129852295 33.78204345703125 2.384185791015625e-06
    vertex 43.727210998535156 24.23341178894043 -3.814697265625e-06
    vertex 0.5240952968597412 33.65082550048828 2.384185791015625e-06
  endloop
endfacet
facet normal 0.0 0.0 0.0
  outer loop
    vertex 0.5240952968597412 33.65082550048828 2.384185791015625e-06
    vertex 43.727210998535156 24.23341178894043 -3.814697265625e-06
    vertex 43.86457443237305 23.901790618896484 -3.814697265625e-06
  endloop
endfacet
facet normal 0.0 0.0 0.0
  outer loop
    vertex 0.5240952968597412 33.65082550048828 2.384185791015625e-06
    vertex 43.86457443237305 23.901790618896484 -3.814697265625e-06
    vertex -11.753838539123535 23.901775360107422 4.0531158447265625e-06
  endloop
endfacet
facet normal 0.0 0.0 0.0
  outer loop
    vertex -11.753838539123535 23.901775360107422 4.0531158447265625e-06
    vertex 43.86457443237305 23.901790618896484 -3.814697265625e-06
    vertex 44.08308410644531 23.617019653320312 -3.814697265625e-06
  endloop
endfacet
facet normal 0.0 0.0 0.0
  outer loop
    vertex -11.753838539123535 23.901775360107422 4.0531158447265625e-06
    vertex 44.08308410644531 23.617019653320312 -3.814697265625e-06
    vertex -11.97235107421875 23.61700439453125 4.0531158447265625e-06
  endloop
endfacet
facet normal 0.0 0.0 0.0
  outer loop
    vertex -11.97235107421875 23.61700439453125 4.0531158447265625e-06
    vertex 44.08308410644531 23.617019653320312 -3.814697265625e-06
    vertex 44.36785888671875 23.39850616455078 -3.814697265625e-06
  endloop
endfacet
facet normal 0.0 0.0 0.0
  outer loop
    vertex -11.97235107421875 23.61700439453125 4.0531158447265625e-06
    vertex 44.36785888671875 23.39850616455078 -3.814697265625e-06
    vertex -12.257122039794922 23.39849090576172 4.0531158447265625e-06
  endloop
endfacet
facet normal 0.0 0.0 0.0
  outer loop
    vertex 57.42229080200195 17.1575984954834 -5.7220458984375e-06
    vertex 45.74285888671875 23.39850616455078 -4.0531158447265625e-06
    vertex 58.42947769165039 20.48069953918457 -5.7220458984375e-06
  endloop
endfacet
facet normal 0.0 0.0 0.0
  outer loop
    vertex 58.42947769165039 20.48069953918457 -5.7220458984375e-06
    vertex 45.74285888671875 23.39850616455078 -4.0531158447265625e-06
    vertex 46.02762985229492 23.617019653320312 -4.0531158447265625e-06
  endloop
endfacet
facet normal 0.0 0.0 0.0
  outer loop
    vertex 58.42947769165039 20.48069953918457 -5.7220458984375e-06
    vertex 46.02762985229492 23.617019653320312 -4.0531158447265625e-06
    vertex 46.24614334106445 23.901790618896484 -4.0531158447265625e-06
  endloop
endfacet
facet normal 0.0 0.0 0.0
  outer loop
    vertex 58.42947769165039 20.48069953918457 -5.7220458984375e-06
    vertex 46.24614334106445 23.901790618896484 -4.0531158447265625e-06
    vertex 59.612945556640625 23.745182037353516 -5.9604644775390625e-06
  endloop
endfacet
facet normal 0.0 0.0 0.0
  outer loop
    vertex 59.612945556640625 23.745182037353516 -5.9604644775390625e-06
    vertex 46.24614334106445 23.901790618896484 -4.0531158447265625e-06
    vertex 46.383506774902344 24.23341178894043 -4.0531158447265625e-06
  endloop
endfacet
facet normal 0.0 0.0 0.0
  outer loop
    vertex 59.612945556640625 23.745182037353516 -5.9604644775390625e-06
    vertex 46.383506774902344 24.23341178894043 -4.0531158447265625e-06
    vertex 46.43035888671875 24.58928871154785 -4.0531158447265625e-06
  endloop
endfacet
facet normal 0.0 0.0 0.0
  outer loop
    vertex 46.43035888671875 24.58928871154785 -4.0531158447265625e-06
    vertex 46.383506774902344 24.945165634155273 -4.0531158447265625e-06
    vertex 59.612945556640625 23.745182037353516 -5.9604644775390625e-06
  endloop
endfacet
facet normal 0.0 0.0 0.0
  outer loop
    vertex 59.612945556640625 23.745182037353516 -5.9604644775390625e-06
    vertex 46.383506774902344 24.945165634155273 -4.0531158447265625e-06
    vertex 46.24614334106445 25.27678871154785 -4.0531158447265625e-06
  endloop
endfacet
facet normal 0.0 0.0 0.0
  outer loop
    vertex 59.612945556640625 23.745182037353516 -5.9604644775390625e-06
    vertex 46.24614334106445 25.27678871154785 -4.0531158447265625e-06
    vertex 60.96930694580078 26.941696166992188 -6.198883056640625e-06
  endloop
endfacet
facet normal 0.0 0.0 0.0
  outer loop
    vertex 60.96930694580078 26.941696166992188 -6.198883056640625e-06
    vertex 46.24614334106445 25.27678871154785 -4.0531158447265625e-06
    vertex 46.02762985229492 25.561561584472656 -4.0531158447265625e-06
  endloop
endfacet
facet normal 0.0 0.0 0.0
  outer loop
    vertex 60.96930694580078 26.941696166992188 -6.198883056640625e-06
    vertex 46.02762985229492 25.561561584472656 -4.0531158447265625e-06
    vertex 45.74285888671875 25.780073165893555 -4.0531158447265625e-06
  endloop
endfacet
facet normal 0.0 0.0 0.0
  outer loop
    vertex 60.96930694580078 26.941696166992188 -6.198883056640625e-06
    vertex 45.74285888671875 25.780073165893555 -4.0531158447265625e-06
    vertex 62.49468231201172 30.061098098754883 -6.4373016357421875e-06
  endloop
endfacet
facet normal 0.0 0.0 0.0
  outer loop
    vertex 62.49468231201172 30.061098098754883 -6.4373016357421875e-06
    vertex 45.74285888671875 25.780073165893555 -4.0531158447265625e-06
    vertex 45.411231994628906 25.917436599731445 -4.0531158447265625e-06
  endloop
endfacet
facet normal 0.0 0.0 0.0
  outer loop
    vertex 62.49468231201172 30.061098098754883 -6.4373016357421875e-06
    vertex 45.411231994628906 25.917436599731445 -4.0531158447265625e-06
    vertex 41.15128707885742 34.16449737548828 -3.337860107421875e-06
  endloop
endfacet
facet normal 0.0 0.0 0.0
  outer loop
    vertex 41.15128707885742 34.16449737548828 -3.337860107421875e-06
    vertex 45.411231994628906 25.917436599731445 -4.0531158447265625e-06
    vertex 40.97683334350586 33.952301025390625 -3.337860107421875e-06
  endloop
endfacet
facet normal 0.0 0.0 0.0
  outer loop
    vertex 40.97683334350586 33.952301025390625 -3.337860107421875e-06
    vertex 45.411231994628906 25.917436599731445 -4.0531158447265625e-06
    vertex 40.76856994628906 33.78205490112305 -3.337860107421875e-06
  endloop
endfacet
facet normal 0.0 0.0 0.0
  outer loop
    vertex 40.76856994628906 33.78205490112305 -3.337860107421875e-06
    vertex 45.411231994628906 25.917436599731445 -4.0531158447265625e-06
    vertex 45.05535888671875 25.96428871154785 -3.814697265625e-06
  endloop
endfacet
facet normal 0.0 0.0 0.0
  outer loop
    vertex -39.741127014160156 33.57123565673828 7.867813110351562e-06
    vertex -14.135407447814941 23.901775360107422 4.291534423828125e-06
    vertex -40.01065444946289 33.544654846191406 8.106231689453125e-06
  endloop
endfacet
facet normal 0.0 0.0 0.0
  outer loop
    vertex -40.01065444946289 33.544654846191406 8.106231689453125e-06
    vertex -14.135407447814941 23.901775360107422 4.291534423828125e-06
    vertex -13.91689395904541 23.61700439453125 4.291534423828125e-06
  endloop
endfacet
facet normal 0.0 0.0 0.0
  outer loop
    vertex -40.01065444946289 33.544654846191406 8.106231689453125e-06
    vertex -13.91689395904541 23.61700439453125 4.291534423828125e-06
    vertex -54.886566162109375 -1.3413892702374142e-05 1.0013580322265625e-05
  endloop
endfacet
facet normal 0.0 0.0 0.0
  outer loop
    vertex -54.886566162109375 -1.3413892702374142e-05 1.0013580322265625e-05
    vertex -13.91689395904541 23.61700439453125 4.291534423828125e-06
    vertex -13.632122039794922 23.39849090576172 4.291534423828125e-06
  endloop
endfacet
facet normal 0.0 0.0 0.0
  outer loop
    vertex -54.886566162109375 -1.3413892702374142e-05 1.0013580322265625e-05
    vertex -13.632122039794922 23.39849090576172 4.291534423828125e-06
    vertex -13.300498008728027 23.261127471923828 4.291534423828125e-06
  endloop
endfacet
facet normal 0.0 0.0 0.0
  outer loop
    vertex -39.47429275512695 33.65147399902344 7.867813110351562e-06
    vertex -14.319622039794922 24.58927345275879 4.291534423828125e-06
    vertex -39.741127014160156 33.57123565673828 7.867813110351562e-06
  endloop
endfacet
facet normal 0.0 0.0 0.0
  outer loop
    vertex -39.741127014160156 33.57123565673828 7.867813110351562e-06
    vertex -14.319622039794922 24.58927345275879 4.291534423828125e-06
    vertex -14.272769927978516 24.233396530151367 4.291534423828125e-06
  endloop
endfacet
facet normal 0.0 0.0 0.0
  outer loop
    vertex -39.741127014160156 33.57123565673828 7.867813110351562e-06
    vertex -14.272769927978516 24.233396530151367 4.291534423828125e-06
    vertex -14.135407447814941 23.901775360107422 4.291534423828125e-06
  endloop
endfacet
facet normal 0.0 0.0 0.0
  outer loop
    vertex -14.319622039794922 24.58927345275879 4.291534423828125e-06
    vertex -39.47429275512695 33.65147399902344 7.867813110351562e-06
    vertex -14.272769927978516 24.94515037536621 4.291534423828125e-06
  endloop
endfacet
facet normal 0.0 0.0 0.0
  outer loop
    vertex -14.272769927978516 24.94515037536621 4.291534423828125e-06
    vertex -39.47429275512695 33.65147399902344 7.867813110351562e-06
    vertex -39.2292594909668 33.783470153808594 7.867813110351562e-06
  endloop
endfacet
facet normal 0.0 0.0 0.0
  outer loop
    vertex -14.272769927978516 24.94515037536621 4.291534423828125e-06
    vertex -39.2292594909668 33.783470153808594 7.867813110351562e-06
    vertex -14.135407447814941 25.27677345275879 4.291534423828125e-06
  endloop
endfacet
facet normal 0.0 0.0 0.0
  outer loop
    vertex -14.135407447814941 25.27677345275879 4.291534423828125e-06
    vertex -39.2292594909668 33.783470153808594 7.867813110351562e-06
    vertex -39.02070617675781 33.95470428466797 7.867813110351562e-06
  endloop
endfacet
facet normal 0.0 0.0 0.0
  outer loop
    vertex -14.135407447814941 25.27677345275879 4.291534423828125e-06
    vertex -39.02070617675781 33.95470428466797 7.867813110351562e-06
    vertex -13.91689395904541 25.561546325683594 4.291534423828125e-06
  endloop
endfacet
facet normal 0.0 0.0 0.0
  outer loop
    vertex -13.91689395904541 25.561546325683594 4.291534423828125e-06
    vertex -39.02070617675781 33.95470428466797 7.867813110351562e-06
    vertex -38.84725570678711 34.16660690307617 7.867813110351562e-06
  endloop
endfacet
facet normal 0.0 0.0 0.0
  outer loop
    vertex -13.91689395904541 25.561546325683594 4.291534423828125e-06
    vertex -38.84725570678711 34.16660690307617 7.867813110351562e-06
    vertex -13.632122039794922 25.780057907104492 4.291534423828125e-06
  endloop
endfacet
facet normal 0.0 0.0 0.0
  outer loop
    vertex -13.632122039794922 25.780057907104492 4.291534423828125e-06
    vertex -38.84725570678711 34.16660690307617 7.867813110351562e-06
    vertex -38.715335845947266 34.41347885131836 7.867813110351562e-06
  endloop
endfacet
facet normal 0.0 0.0 0.0
  outer loop
    vertex -13.632122039794922 25.780057907104492 4.291534423828125e-06
    vertex -38.715335845947266 34.41347885131836 7.867813110351562e-06
    vertex -38.63640213012695 34.67939376831055 7.867813110351562e-06
  endloop
endfacet
facet normal 0.0 0.0 0.0
  outer loop
    vertex -13.632122039794922 25.780057907104492 4.291534423828125e-06
    vertex -38.63640213012695 34.67939376831055 7.867813110351562e-06
    vertex -13.300498008728027 25.917421340942383 4.291534423828125e-06
  endloop
endfacet
facet normal 0.0 0.0 0.0
  outer loop
    vertex -13.300498008728027 25.917421340942383 4.291534423828125e-06
    vertex -38.63640213012695 34.67939376831055 7.867813110351562e-06
    vertex -38.610652923583984 34.94466018676758 7.867813110351562e-06
  endloop
endfacet
facet normal 0.0 0.0 0.0
  outer loop
    vertex -13.300498008728027 25.917421340942383 4.291534423828125e-06
    vertex -38.610652923583984 34.94466018676758 7.867813110351562e-06
    vertex -38.6374626159668 35.21552658081055 7.867813110351562e-06
  endloop
endfacet
facet normal 0.0 0.0 0.0
  outer loop
    vertex -13.300498008728027 25.917421340942383 4.291534423828125e-06
    vertex -38.6374626159668 35.21552658081055 7.867813110351562e-06
    vertex -1.3828409910202026 35.220611572265625 2.6226043701171875e-06
  endloop
endfacet
facet normal 0.0 0.0 0.0
  outer loop
    vertex -1.3828409910202026 35.220611572265625 2.6226043701171875e-06
    vertex -38.6374626159668 35.21552658081055 7.867813110351562e-06
    vertex -38.71783447265625 35.48188781738281 7.867813110351562e-06
  endloop
endfacet
facet normal 0.0 0.0 0.0
  outer loop
    vertex -1.3828409910202026 35.220611572265625 2.6226043701171875e-06
    vertex -38.71783447265625 35.48188781738281 7.867813110351562e-06
    vertex -1.2995113134384155 35.49137496948242 2.6226043701171875e-06
  endloop
endfacet
facet normal 0.0 0.0 0.0
  outer loop
    vertex -1.2995113134384155 35.49137496948242 2.6226043701171875e-06
    vertex -38.71783447265625 35.48188781738281 7.867813110351562e-06
    vertex -38.849369049072266 35.72601318359375 7.867813110351562e-06
  endloop
endfacet
facet normal 0.0 0.0 0.0
  outer loop
    vertex -1.2995113134384155 35.49137496948242 2.6226043701171875e-06
    vertex -38.849369049072266 35.72601318359375 7.867813110351562e-06
    vertex -1.1632769107818604 35.73875427246094 2.6226043701171875e-06
  endloop
endfacet
facet normal 0.0 0.0 0.0
  outer loop
    vertex -1.1632769107818604 35.73875427246094 2.6226043701171875e-06
    vertex -38.849369049072266 35.72601318359375 7.867813110351562e-06
    vertex -39.02070617675781 35.93460464477539 7.867813110351562e-06
  endloop
endfacet
facet normal 0.0 0.0 0.0
  outer loop
    vertex -1.1632769107818604 35.73875427246094 2.6226043701171875e-06
    vertex -39.02070617675781 35.93460464477539 7.867813110351562e-06
    vertex -0.9858596920967102 35.94915771484375 2.6226043701171875e-06
  endloop
endfacet
facet normal 0.0 0.0 0.0
  outer loop
    vertex -0.9858596920967102 35.94915771484375 2.6226043701171875e-06
    vertex -39.02070617675781 35.93460464477539 7.867813110351562e-06
    vertex -39.22537612915039 36.103240966796875 7.867813110351562e-06
  endloop
endfacet
facet normal 0.0 0.0 0.0
  outer loop
    vertex -0.9858596920967102 35.94915771484375 2.6226043701171875e-06
    vertex -39.22537612915039 36.103240966796875 7.867813110351562e-06
    vertex -0.7829206585884094 36.11199188232422 2.384185791015625e-06
  endloop
endfacet
facet normal 0.0 0.0 0.0
  outer loop
    vertex -0.7829206585884094 36.11199188232422 2.384185791015625e-06
    vertex -39.22537612915039 36.103240966796875 7.867813110351562e-06
    vertex -39.46837615966797 36.23536682128906 7.867813110351562e-06
  endloop
endfacet
facet normal 0.0 0.0 0.0
  outer loop
    vertex -0.7829206585884094 36.11199188232422 2.384185791015625e-06
    vertex -39.46837615966797 36.23536682128906 7.867813110351562e-06
    vertex -0.5431585907936096 36.23944854736328 2.384185791015625e-06
  endloop
endfacet
facet normal 0.0 0.0 0.0
  outer loop
    vertex -0.5431585907936096 36.23944854736328 2.384185791015625e-06
    vertex -39.46837615966797 36.23536682128906 7.867813110351562e-06
    vertex -39.73640441894531 36.31712341308594 7.867813110351562e-06
  endloop
endfacet
facet normal 0.0 0.0 0.0
  outer loop
    vertex -0.5431585907936096 36.23944854736328 2.384185791015625e-06
    vertex -39.73640441894531 36.31712341308594 7.867813110351562e-06
    vertex -0.2796339690685272 36.31819152832031 2.384185791015625e-06
  endloop
endfacet
facet normal 0.0 0.0 0.0
  outer loop
    vertex -0.2796339690685272 36.31819152832031 2.384185791015625e-06
    vertex -39.73640441894531 36.31712341308594 7.867813110351562e-06
    vertex -40.01065444946289 36.34465408325195 8.106231689453125e-06
  endloop
endfacet
facet normal 0.0 0.0 0.0
  outer loop
    vertex -0.2796339690685272 36.31819152832031 2.384185791015625e-06
    vertex -40.01065444946289 36.34465408325195 8.106231689453125e-06
    vertex -0.010671035386621952 36.34466552734375 2.384185791015625e-06
  endloop
endfacet
facet normal 0.0 0.0 0.0
  outer loop
    vertex -0.010671035386621952 36.34466552734375 2.384185791015625e-06
    vertex -40.01065444946289 36.34465408325195 8.106231689453125e-06
    vertex -68.035888671875 39.94465255737305 1.1920928955078125e-05
  endloop
endfacet
facet normal 0.0 0.0 0.0
  outer loop
    vertex -0.010671035386621952 36.34466552734375 2.384185791015625e-06
    vertex -68.035888671875 39.94465255737305 1.1920928955078125e-05
    vertex 68.03887939453125 39.94468307495117 -7.152557373046875e-06
  endloop
endfacet
facet normal 0.0 0.0 0.0
  outer loop
    vertex -40.01065444946289 36.34465408325195 8.106231689453125e-06
    vertex -40.27961730957031 36.318180084228516 8.106231689453125e-06
    vertex -68.035888671875 39.94465255737305 1.1920928955078125e-05
  endloop
endfacet
facet normal 0.0 0.0 0.0
  outer loop
    vertex -68.035888671875 39.94465255737305 1.1920928955078125e-05
    vertex -40.27961730957031 36.318180084228516 8.106231689453125e-06
    vertex -40.54314041137695 36.239437103271484 8.106231689453125e-06
  endloop
endfacet
facet normal 0.0 0.0 0.0
  outer loop
    vertex -68.035888671875 39.94465255737305 1.1920928955078125e-05
    vertex -40.54314041137695 36.239437103271484 8.106231689453125e-06
    vertex -40.78290557861328 36.11198043823242 8.106231689453125e-06
  endloop
endfacet
facet normal 0.0 0.0 0.0
  outer loop
    vertex -40.78290557861328 36.11198043823242 8.106231689453125e-06
    vertex -40.985843658447266 35.94914627075195 8.106231689453125e-06
    vertex -68.035888671875 39.94465255737305 1.1920928955078125e-05
  endloop
endfacet
facet normal 0.0 0.0 0.0
  outer loop
    vertex -68.035888671875 39.94465255737305 1.1920928955078125e-05
    vertex -40.985843658447266 35.94914627075195 8.106231689453125e-06
    vertex -65.99794006347656 36.31642150878906 1.1682510375976562e-05
  endloop
endfacet
facet normal 0.0 0.0 0.0
  outer loop
    vertex -68.035888671875 39.94465255737305 1.1920928955078125e-05
    vertex -65.99794006347656 36.31642150878906 1.1682510375976562e-05
    vertex -68.035888671875 39.16608428955078 1.1920928955078125e-05
  endloop
endfacet
facet normal 0.0 0.0 0.0
  outer loop
    vertex -40.985843658447266 35.94914627075195 8.106231689453125e-06
    vertex -41.16326141357422 35.73874282836914 8.106231689453125e-06
    vertex -65.99794006347656 36.31642150878906 1.1682510375976562e-05
  endloop
endfacet
facet normal 0.0 0.0 0.0
  outer loop
    vertex -65.99794006347656 36.31642150878906 1.1682510375976562e-05
    vertex -41.16326141357422 35.73874282836914 8.106231689453125e-06
    vertex -41.299495697021484 35.491363525390625 8.106231689453125e-06
  endloop
endfacet
facet normal 0.0 0.0 0.0
  outer loop
    vertex -65.99794006347656 36.31642150878906 1.1682510375976562e-05
    vertex -41.299495697021484 35.491363525390625 8.106231689453125e-06
    vertex -64.11672973632812 33.36094665527344 1.1444091796875e-05
  endloop
endfacet
facet normal 0.0 0.0 0.0
  outer loop
    vertex -64.11672973632812 33.36094665527344 1.1444091796875e-05
    vertex -41.299495697021484 35.491363525390625 8.106231689453125e-06
    vertex -41.3828239440918 35.22060012817383 8.106231689453125e-06
  endloop
endfacet
facet normal 0.0 0.0 0.0
  outer loop
    vertex -64.11672973632812 33.36094665527344 1.1444091796875e-05
    vertex -41.3828239440918 35.22060012817383 8.106231689453125e-06
    vertex -41.4106559753418 34.94465637207031 8.106231689453125e-06
  endloop
endfacet
facet normal 0.0 0.0 0.0
  outer loop
    vertex -41.4106559753418 34.94465637207031 8.106231689453125e-06
    vertex -41.384742736816406 34.67856216430664 8.106231689453125e-06
    vertex -64.11672973632812 33.36094665527344 1.1444091796875e-05
  endloop
endfacet
facet normal 0.0 0.0 0.0
  outer loop
    vertex -64.11672973632812 33.36094665527344 1.1444091796875e-05
    vertex -41.384742736816406 34.67856216430664 8.106231689453125e-06
    vertex -62.397727966308594 30.308269500732422 1.1205673217773438e-05
  endloop
endfacet
facet normal 0.0 0.0 0.0
  outer loop
    vertex -62.397727966308594 30.308269500732422 1.1205673217773438e-05
    vertex -41.384742736816406 34.67856216430664 8.106231689453125e-06
    vertex -60.845951080322266 27.167285919189453 1.0967254638671875e-05
  endloop
endfacet
facet normal 0.0 0.0 0.0
  outer loop
    vertex -60.845951080322266 27.167285919189453 1.0967254638671875e-05
    vertex -41.384742736816406 34.67856216430664 8.106231689453125e-06
    vertex -59.46591567993164 23.947147369384766 1.0728836059570312e-05
  endloop
endfacet
facet normal 0.0 0.0 0.0
  outer loop
    vertex -59.46591567993164 23.947147369384766 1.0728836059570312e-05
    vertex -41.384742736816406 34.67856216430664 8.106231689453125e-06
    vertex -58.261653900146484 20.657236099243164 1.049041748046875e-05
  endloop
endfacet
facet normal 0.0 0.0 0.0
  outer loop
    vertex -58.261653900146484 20.657236099243164 1.049041748046875e-05
    vertex -41.384742736816406 34.67856216430664 8.106231689453125e-06
    vertex -57.236656188964844 17.3071346282959 1.049041748046875e-05
  endloop
endfacet
facet normal 0.0 0.0 0.0
  outer loop
    vertex -57.236656188964844 17.3071346282959 1.049041748046875e-05
    vertex -41.384742736816406 34.67856216430664 8.106231689453125e-06
    vertex -56.3939208984375 13.906608581542969 1.0251998901367188e-05
  endloop
endfacet
facet normal 0.0 0.0 0.0
  outer loop
    vertex -56.3939208984375 13.906608581542969 1.0251998901367188e-05
    vertex -41.384742736816406 34.67856216430664 8.106231689453125e-06
    vertex -55.73589324951172 10.46556282043457 1.0251998901367188e-05
  endloop
endfacet
facet normal 0.0 0.0 0.0
  outer loop
    vertex -55.73589324951172 10.46556282043457 1.0251998901367188e-05
    vertex -41.384742736816406 34.67856216430664 8.106231689453125e-06
    vertex -55.264503479003906 6.99402379989624 1.0013580322265625e-05
  endloop
endfacet
facet normal 0.0 0.0 0.0
  outer loop
    vertex -55.264503479003906 6.99402379989624 1.0013580322265625e-05
    vertex -41.384742736816406 34.67856216430664 8.106231689453125e-06
    vertex -54.98112106323242 3.5021071434020996 1.0013580322265625e-05
  endloop
endfacet
facet normal 0.0 0.0 0.0
  outer loop
    vertex -54.98112106323242 3.5021071434020996 1.0013580322265625e-05
    vertex -41.384742736816406 34.67856216430664 8.106231689453125e-06
    vertex -54.886566162109375 -1.3413892702374142e-05 1.0013580322265625e-05
  endloop
endfacet
facet normal 0.0 0.0 0.0
  outer loop
    vertex -54.886566162109375 -1.3413892702374142e-05 1.0013580322265625e-05
    vertex -41.384742736816406 34.67856216430664 8.106231689453125e-06
    vertex -41.305328369140625 34.41190719604492 8.106231689453125e-06
  endloop
endfacet
facet normal 0.0 0.0 0.0
  outer loop
    vertex -54.886566162109375 -1.3413892702374142e-05 1.0013580322265625e-05
    vertex -41.305328369140625 34.41190719604492 8.106231689453125e-06
    vertex -41.17262649536133 34.16447448730469 8.106231689453125e-06
  endloop
endfacet
facet normal 0.0 0.0 0.0
  outer loop
    vertex -41.17262649536133 34.16447448730469 8.106231689453125e-06
    vertex -40.998172760009766 33.95227813720703 8.106231689453125e-06
    vertex -54.886566162109375 -1.3413892702374142e-05 1.0013580322265625e-05
  endloop
endfacet
facet normal 0.0 0.0 0.0
  outer loop
    vertex -54.886566162109375 -1.3413892702374142e-05 1.0013580322265625e-05
    vertex -40.998172760009766 33.95227813720703 8.106231689453125e-06
    vertex -40.78990936279297 33.78203201293945 8.106231689453125e-06
  endloop
endfacet
facet normal 0.0 0.0 0.0
  outer loop
    vertex -54.886566162109375 -1.3413892702374142e-05 1.0013580322265625e-05
    vertex -40.78990936279297 33.78203201293945 8.106231689453125e-06
    vertex -40.5454216003418 33.650814056396484 8.106231689453125e-06
  endloop
endfacet
facet normal 0.0 0.0 0.0
  outer loop
    vertex -40.5454216003418 33.650814056396484 8.106231689453125e-06
    vertex -40.27933120727539 33.57106399536133 8.106231689453125e-06
    vertex -54.886566162109375 -1.3413892702374142e-05 1.0013580322265625e-05
  endloop
endfacet
facet normal 0.0 0.0 0.0
  outer loop
    vertex -54.886566162109375 -1.3413892702374142e-05 1.0013580322265625e-05
    vertex -40.27933120727539 33.57106399536133 8.106231689453125e-06
    vertex -40.01065444946289 33.544654846191406 8.106231689453125e-06
  endloop
endfacet
facet normal 0.0 0.0 0.0
  outer loop
    vertex -39.02069854736328 -35.934627532958984 7.867813110351562e-06
    vertex -0.7829113602638245 -36.11199188232422 2.384185791015625e-06
    vertex -39.310646057128906 -36.15711212158203 7.867813110351562e-06
  endloop
endfacet
facet normal 0.0 0.0 0.0
  outer loop
    vertex -39.310646057128906 -36.15711212158203 7.867813110351562e-06
    vertex -0.7829113602638245 -36.11199188232422 2.384185791015625e-06
    vertex -0.5431491732597351 -36.23944854736328 2.384185791015625e-06
  endloop
endfacet
facet normal 0.0 0.0 0.0
  outer loop
    vertex -39.310646057128906 -36.15711212158203 7.867813110351562e-06
    vertex -0.5431491732597351 -36.23944854736328 2.384185791015625e-06
    vertex -39.64830017089844 -36.296974182128906 7.867813110351562e-06
  endloop
endfacet
facet normal 0.0 0.0 0.0
  outer loop
    vertex -39.64830017089844 -36.296974182128906 7.867813110351562e-06
    vertex -0.5431491732597351 -36.23944854736328 2.384185791015625e-06
    vertex -0.2796245515346527 -36.31819152832031 2.384185791015625e-06
  endloop
endfacet
facet normal 0.0 0.0 0.0
  outer loop
    vertex -39.64830017089844 -36.296974182128906 7.867813110351562e-06
    vertex -0.2796245515346527 -36.31819152832031 2.384185791015625e-06
    vertex -40.01064682006836 -36.34467697143555 8.106231689453125e-06
  endloop
endfacet
facet normal 0.0 0.0 0.0
  outer loop
    vertex -40.01064682006836 -36.34467697143555 8.106231689453125e-06
    vertex -0.2796245515346527 -36.31819152832031 2.384185791015625e-06
    vertex -0.01066162995994091 -36.34466552734375 2.384185791015625e-06
  endloop
endfacet
facet normal 0.0 0.0 0.0
  outer loop
    vertex -40.01064682006836 -36.34467697143555 8.106231689453125e-06
    vertex -0.01066162995994091 -36.34466552734375 2.384185791015625e-06
    vertex -68.03587341308594 -39.94468307495117 1.1920928955078125e-05
  endloop
endfacet
facet normal 0.0 0.0 0.0
  outer loop
    vertex -68.03587341308594 -39.94468307495117 1.1920928955078125e-05
    vertex -0.01066162995994091 -36.34466552734375 2.384185791015625e-06
    vertex 68.03889465332031 -39.94465255737305 -7.152557373046875e-06
  endloop
endfacet
facet normal 0.0 0.0 0.0
  outer loop
    vertex 43.68036651611328 -24.410703659057617 -3.814697265625e-06
    vertex 0.7685927152633667 -33.78204345703125 2.384185791015625e-06
    vertex 43.72721862792969 -24.054826736450195 -3.814697265625e-06
  endloop
endfacet
facet normal 0.0 0.0 0.0
  outer loop
    vertex 43.72721862792969 -24.054826736450195 -3.814697265625e-06
    vertex 0.7685927152633667 -33.78204345703125 2.384185791015625e-06
    vertex 0.5241039991378784 -33.65082550048828 2.384185791015625e-06
  endloop
endfacet
facet normal 0.0 0.0 0.0
  outer loop
    vertex 43.72721862792969 -24.054826736450195 -3.814697265625e-06
    vertex 0.5241039991378784 -33.65082550048828 2.384185791015625e-06
    vertex 43.86458206176758 -23.72320556640625 -3.814697265625e-06
  endloop
endfacet
facet normal 0.0 0.0 0.0
  outer loop
    vertex 41.15128707885742 34.16449737548828 -3.337860107421875e-06
    vertex 41.28398895263672 34.411930084228516 -3.337860107421875e-06
    vertex 62.49468231201172 30.061098098754883 -6.4373016357421875e-06
  endloop
endfacet
facet normal 0.0 0.0 0.0
  outer loop
    vertex 62.49468231201172 30.061098098754883 -6.4373016357421875e-06
    vertex 41.28398895263672 34.411930084228516 -3.337860107421875e-06
    vertex 41.3634033203125 34.678585052490234 -3.337860107421875e-06
  endloop
endfacet
facet normal 0.0 0.0 0.0
  outer loop
    vertex 62.49468231201172 30.061098098754883 -6.4373016357421875e-06
    vertex 41.3634033203125 34.678585052490234 -3.337860107421875e-06
    vertex 64.18470764160156 33.09445571899414 -6.67572021484375e-06
  endloop
endfacet
facet normal 0.0 0.0 0.0
  outer loop
    vertex 64.18470764160156 33.09445571899414 -6.67572021484375e-06
    vertex 41.3634033203125 34.678585052490234 -3.337860107421875e-06
    vertex 41.38931655883789 34.944679260253906 -3.337860107421875e-06
  endloop
endfacet
facet normal 0.0 0.0 0.0
  outer loop
    vertex 64.18470764160156 33.09445571899414 -6.67572021484375e-06
    vertex 41.38931655883789 34.944679260253906 -3.337860107421875e-06
    vertex 41.36148452758789 35.22062301635742 -3.337860107421875e-06
  endloop
endfacet
facet normal 0.0 0.0 0.0
  outer loop
    vertex 41.36148452758789 35.22062301635742 -3.337860107421875e-06
    vertex 41.27815628051758 35.49138641357422 -3.337860107421875e-06
    vertex 64.18470764160156 33.09445571899414 -6.67572021484375e-06
  endloop
endfacet
facet normal 0.0 0.0 0.0
  outer loop
    vertex 64.18470764160156 33.09445571899414 -6.67572021484375e-06
    vertex 41.27815628051758 35.49138641357422 -3.337860107421875e-06
    vertex 66.03453063964844 36.03308868408203 -6.9141387939453125e-06
  endloop
endfacet
facet normal 0.0 0.0 0.0
  outer loop
    vertex 66.03453063964844 36.03308868408203 -6.9141387939453125e-06
    vertex 41.27815628051758 35.49138641357422 -3.337860107421875e-06
    vertex 41.14192199707031 35.738765716552734 -3.337860107421875e-06
  endloop
endfacet
facet normal 0.0 0.0 0.0
  outer loop
    vertex 66.03453063964844 36.03308868408203 -6.9141387939453125e-06
    vertex 41.14192199707031 35.738765716552734 -3.337860107421875e-06
    vertex 40.96450424194336 35.94916915893555 -3.337860107421875e-06
  endloop
endfacet
facet normal 0.0 0.0 0.0
  outer loop
    vertex 66.03453063964844 36.03308868408203 -6.9141387939453125e-06
    vertex 40.96450424194336 35.94916915893555 -3.337860107421875e-06
    vertex 68.03887939453125 39.94468307495117 -7.152557373046875e-06
  endloop
endfacet
facet normal 0.0 0.0 0.0
  outer loop
    vertex 68.03887939453125 39.94468307495117 -7.152557373046875e-06
    vertex 40.96450424194336 35.94916915893555 -3.337860107421875e-06
    vertex 40.761566162109375 36.112003326416016 -3.337860107421875e-06
  endloop
endfacet
facet normal 0.0 0.0 0.0
  outer loop
    vertex 68.03887939453125 39.94468307495117 -7.152557373046875e-06
    vertex 40.761566162109375 36.112003326416016 -3.337860107421875e-06
    vertex 40.52180099487305 36.23945999145508 -3.337860107421875e-06
  endloop
endfacet
facet normal 0.0 0.0 0.0
  outer loop
    vertex 40.52180099487305 36.23945999145508 -3.337860107421875e-06
    vertex 40.258277893066406 36.31820297241211 -3.337860107421875e-06
    vertex 68.03887939453125 39.94468307495117 -7.152557373046875e-06
  endloop
endfacet
facet normal 0.0 0.0 0.0
  outer loop
    vertex 68.03887939453125 39.94468307495117 -7.152557373046875e-06
    vertex 40.258277893066406 36.31820297241211 -3.337860107421875e-06
    vertex 39.989315032958984 36.34467697143555 -3.337860107421875e-06
  endloop
endfacet
facet normal 0.0 0.0 0.0
  outer loop
    vertex 68.03887939453125 39.94468307495117 -7.152557373046875e-06
    vertex 39.989315032958984 36.34467697143555 -3.337860107421875e-06
    vertex -0.010671035386621952 36.34466552734375 2.384185791015625e-06
  endloop
endfacet
facet normal 0.0 0.0 0.0
  outer loop
    vertex -0.010671035386621952 36.34466552734375 2.384185791015625e-06
    vertex 39.989315032958984 36.34467697143555 -3.337860107421875e-06
    vertex 39.72035217285156 36.31820297241211 -3.0994415283203125e-06
  endloop
endfacet
facet normal 0.0 0.0 0.0
  outer loop
    vertex -0.010671035386621952 36.34466552734375 2.384185791015625e-06
    vertex 39.72035217285156 36.31820297241211 -3.0994415283203125e-06
    vertex 0.2582918703556061 36.31819152832031 2.384185791015625e-06
  endloop
endfacet
facet normal 0.0 0.0 0.0
  outer loop
    vertex 0.2582918703556061 36.31819152832031 2.384185791015625e-06
    vertex 39.72035217285156 36.31820297241211 -3.0994415283203125e-06
    vertex 39.45682907104492 36.23945999145508 -3.0994415283203125e-06
  endloop
endfacet
facet normal 0.0 0.0 0.0
  outer loop
    vertex 0.2582918703556061 36.31819152832031 2.384185791015625e-06
    vertex 39.45682907104492 36.23945999145508 -3.0994415283203125e-06
    vertex 0.5218165516853333 36.23944854736328 2.384185791015625e-06
  endloop
endfacet
facet normal 0.0 0.0 0.0
  outer loop
    vertex 0.5218165516853333 36.23944854736328 2.384185791015625e-06
    vertex 39.45682907104492 36.23945999145508 -3.0994415283203125e-06
    vertex 39.217063903808594 36.112003326416016 -3.0994415283203125e-06
  endloop
endfacet
facet normal 0.0 0.0 0.0
  outer loop
    vertex 0.5218165516853333 36.23944854736328 2.384185791015625e-06
    vertex 39.217063903808594 36.112003326416016 -3.0994415283203125e-06
    vertex 0.7615786790847778 36.11199188232422 2.384185791015625e-06
  endloop
endfacet
facet normal 0.0 0.0 0.0
  outer loop
    vertex 0.7615786790847778 36.11199188232422 2.384185791015625e-06
    vertex 39.217063903808594 36.112003326416016 -3.0994415283203125e-06
    vertex 39.01412582397461 35.94916915893555 -3.0994415283203125e-06
  endloop
endfacet
facet normal 0.0 0.0 0.0
  outer loop
    vertex 0.7615786790847778 36.11199188232422 2.384185791015625e-06
    vertex 39.01412582397461 35.94916915893555 -3.0994415283203125e-06
    vertex 0.9645177125930786 35.94915771484375 2.1457672119140625e-06
  endloop
endfacet
facet normal 0.0 0.0 0.0
  outer loop
    vertex 0.9645177125930786 35.94915771484375 2.1457672119140625e-06
    vertex 39.01412582397461 35.94916915893555 -3.0994415283203125e-06
    vertex 38.836708068847656 35.73876190185547 -3.0994415283203125e-06
  endloop
endfacet
facet normal 0.0 0.0 0.0
  outer loop
    vertex 0.9645177125930786 35.94915771484375 2.1457672119140625e-06
    vertex 38.836708068847656 35.73876190185547 -3.0994415283203125e-06
    vertex 1.141935110092163 35.73875427246094 2.1457672119140625e-06
  endloop
endfacet
facet normal 0.0 0.0 0.0
  outer loop
    vertex 1.141935110092163 35.73875427246094 2.1457672119140625e-06
    vertex 38.836708068847656 35.73876190185547 -3.0994415283203125e-06
    vertex 38.70047378540039 35.49138259887695 -3.0994415283203125e-06
  endloop
endfacet
facet normal 0.0 0.0 0.0
  outer loop
    vertex 1.141935110092163 35.73875427246094 2.1457672119140625e-06
    vertex 38.70047378540039 35.49138259887695 -3.0994415283203125e-06
    vertex 1.2781693935394287 35.49137496948242 2.1457672119140625e-06
  endloop
endfacet
facet normal 0.0 0.0 0.0
  outer loop
    vertex 1.2781693935394287 35.49137496948242 2.1457672119140625e-06
    vertex 38.70047378540039 35.49138259887695 -3.0994415283203125e-06
    vertex 38.61714553833008 35.220619201660156 -3.0994415283203125e-06
  endloop
endfacet
facet normal 0.0 0.0 0.0
  outer loop
    vertex 1.2781693935394287 35.49137496948242 2.1457672119140625e-06
    vertex 38.61714553833008 35.220619201660156 -3.0994415283203125e-06
    vertex 1.3614991903305054 35.220611572265625 2.1457672119140625e-06
  endloop
endfacet
facet normal 0.0 0.0 0.0
  outer loop
    vertex 1.3614991903305054 35.220611572265625 2.1457672119140625e-06
    vertex 38.61714553833008 35.220619201660156 -3.0994415283203125e-06
    vertex 38.58931350708008 34.94467544555664 -3.0994415283203125e-06
  endloop
endfacet
facet normal 0.0 0.0 0.0
  outer loop
    vertex 1.3614991903305054 35.220611572265625 2.1457672119140625e-06
    vertex 38.58931350708008 34.94467544555664 -3.0994415283203125e-06
    vertex 1.3893287181854248 34.94466781616211 2.1457672119140625e-06
  endloop
endfacet
facet normal 0.0 0.0 0.0
  outer loop
    vertex 1.3893287181854248 34.94466781616211 2.1457672119140625e-06
    vertex 38.58931350708008 34.94467544555664 -3.0994415283203125e-06
    vertex 1.363418459892273 34.67857360839844 2.1457672119140625e-06
  endloop
endfacet
facet normal 0.0 0.0 0.0
  outer loop
    vertex 1.363418459892273 34.67857360839844 2.1457672119140625e-06
    vertex 38.58931350708008 34.94467544555664 -3.0994415283203125e-06
    vertex 38.61522674560547 34.67858123779297 -3.0994415283203125e-06
  endloop
endfacet
facet normal 0.0 0.0 0.0
  outer loop
    vertex 1.363418459892273 34.67857360839844 2.1457672119140625e-06
    vertex 38.61522674560547 34.67858123779297 -3.0994415283203125e-06
    vertex 1.2840023040771484 34.41191864013672 2.1457672119140625e-06
  endloop
endfacet
facet normal 0.0 0.0 0.0
  outer loop
    vertex 1.2840023040771484 34.41191864013672 2.1457672119140625e-06
    vertex 38.61522674560547 34.67858123779297 -3.0994415283203125e-06
    vertex 38.69464111328125 34.41192626953125 -3.0994415283203125e-06
  endloop
endfacet
facet normal 0.0 0.0 0.0
  outer loop
    vertex 1.2840023040771484 34.41191864013672 2.1457672119140625e-06
    vertex 38.69464111328125 34.41192626953125 -3.0994415283203125e-06
    vertex 1.1513023376464844 34.164485931396484 2.1457672119140625e-06
  endloop
endfacet
facet normal 0.0 0.0 0.0
  outer loop
    vertex 1.1513023376464844 34.164485931396484 2.1457672119140625e-06
    vertex 38.69464111328125 34.41192626953125 -3.0994415283203125e-06
    vertex 38.82734298706055 34.164493560791016 -3.0994415283203125e-06
  endloop
endfacet
facet normal 0.0 0.0 0.0
  outer loop
    vertex 1.1513023376464844 34.164485931396484 2.1457672119140625e-06
    vertex 38.82734298706055 34.164493560791016 -3.0994415283203125e-06
    vertex 0.9768465757369995 33.95228958129883 2.1457672119140625e-06
  endloop
endfacet
facet normal 0.0 0.0 0.0
  outer loop
    vertex 0.9768465757369995 33.95228958129883 2.1457672119140625e-06
    vertex 38.82734298706055 34.164493560791016 -3.0994415283203125e-06
    vertex 39.00179672241211 33.952301025390625 -3.0994415283203125e-06
  endloop
endfacet
facet normal 0.0 0.0 0.0
  outer loop
    vertex 0.9768465757369995 33.95228958129883 2.1457672119140625e-06
    vertex 39.00179672241211 33.952301025390625 -3.0994415283203125e-06
    vertex 0.7685840129852295 33.78204345703125 2.384185791015625e-06
  endloop
endfacet
facet normal 0.0 0.0 0.0
  outer loop
    vertex 0.7685840129852295 33.78204345703125 2.384185791015625e-06
    vertex 39.00179672241211 33.952301025390625 -3.0994415283203125e-06
    vertex 39.210060119628906 33.78205490112305 -3.0994415283203125e-06
  endloop
endfacet
facet normal 0.0 0.0 0.0
  outer loop
    vertex -13.300498008728027 25.917421340942383 4.291534423828125e-06
    vertex -1.410670280456543 34.94466781616211 2.6226043701171875e-06
    vertex -12.944622039794922 25.96427345275879 4.291534423828125e-06
  endloop
endfacet
facet normal 0.0 0.0 0.0
  outer loop
    vertex -12.944622039794922 25.96427345275879 4.291534423828125e-06
    vertex -1.410670280456543 34.94466781616211 2.6226043701171875e-06
    vertex -1.3847600221633911 34.67857360839844 2.6226043701171875e-06
  endloop
endfacet
facet normal 0.0 0.0 0.0
  outer loop
    vertex -12.944622039794922 25.96427345275879 4.291534423828125e-06
    vertex -1.3847600221633911 34.67857360839844 2.6226043701171875e-06
    vertex -1.3053439855575562 34.41191864013672 2.6226043701171875e-06
  endloop
endfacet
facet normal 0.0 0.0 0.0
  outer loop
    vertex -13.300498008728027 23.261127471923828 4.291534423828125e-06
    vertex -12.944622039794922 23.214275360107422 4.291534423828125e-06
    vertex -54.886566162109375 -1.3413892702374142e-05 1.0013580322265625e-05
  endloop
endfacet
facet normal 0.0 0.0 0.0
  outer loop
    vertex -11.753838539123535 23.901775360107422 4.0531158447265625e-06
    vertex -11.616475105285645 24.2333984375 4.0531158447265625e-06
    vertex 0.5240952968597412 33.65082550048828 2.384185791015625e-06
  endloop
endfacet
facet normal 0.0 0.0 0.0
  outer loop
    vertex 0.5240952968597412 33.65082550048828 2.384185791015625e-06
    vertex -11.616475105285645 24.2333984375 4.0531158447265625e-06
    vertex 0.25800660252571106 33.571075439453125 2.384185791015625e-06
  endloop
endfacet
facet normal 0.0 0.0 0.0
  outer loop
    vertex 0.25800660252571106 33.571075439453125 2.384185791015625e-06
    vertex -11.616475105285645 24.2333984375 4.0531158447265625e-06
    vertex -11.569622993469238 24.589275360107422 4.0531158447265625e-06
  endloop
endfacet
facet normal 0.0 0.0 0.0
  outer loop
    vertex 0.25800660252571106 33.571075439453125 2.384185791015625e-06
    vertex -11.569622993469238 24.589275360107422 4.0531158447265625e-06
    vertex -0.010670673102140427 33.5446662902832 2.384185791015625e-06
  endloop
endfacet
facet normal 0.0 0.0 0.0
  outer loop
    vertex -0.010670673102140427 33.5446662902832 2.384185791015625e-06
    vertex -11.569622993469238 24.589275360107422 4.0531158447265625e-06
    vertex -11.616475105285645 24.945152282714844 4.0531158447265625e-06
  endloop
endfacet
facet normal 0.0 0.0 0.0
  outer loop
    vertex -0.010670673102140427 33.5446662902832 2.384185791015625e-06
    vertex -11.616475105285645 24.945152282714844 4.0531158447265625e-06
    vertex -11.753838539123535 25.27677345275879 4.0531158447265625e-06
  endloop
endfacet
facet normal 0.0 0.0 0.0
  outer loop
    vertex -0.010670673102140427 33.5446662902832 2.384185791015625e-06
    vertex -11.753838539123535 25.27677345275879 4.0531158447265625e-06
    vertex -0.2793479561805725 33.571075439453125 2.384185791015625e-06
  endloop
endfacet
facet normal 0.0 0.0 0.0
  outer loop
    vertex -0.2793479561805725 33.571075439453125 2.384185791015625e-06
    vertex -11.753838539123535 25.27677345275879 4.0531158447265625e-06
    vertex -11.97235107421875 25.561546325683594 4.0531158447265625e-06
  endloop
endfacet
facet normal 0.0 0.0 0.0
  outer loop
    vertex -0.2793479561805725 33.571075439453125 2.384185791015625e-06
    vertex -11.97235107421875 25.561546325683594 4.0531158447265625e-06
    vertex -0.545436680316925 33.65082550048828 2.384185791015625e-06
  endloop
endfacet
facet normal 0.0 0.0 0.0
  outer loop
    vertex -0.545436680316925 33.65082550048828 2.384185791015625e-06
    vertex -11.97235107421875 25.561546325683594 4.0531158447265625e-06
    vertex -12.257122039794922 25.780057907104492 4.0531158447265625e-06
  endloop
endfacet
facet normal 0.0 0.0 0.0
  outer loop
    vertex -0.545436680316925 33.65082550048828 2.384185791015625e-06
    vertex -12.257122039794922 25.780057907104492 4.0531158447265625e-06
    vertex -0.7899253964424133 33.78204345703125 2.384185791015625e-06
  endloop
endfacet
facet normal 0.0 0.0 0.0
  outer loop
    vertex -0.7899253964424133 33.78204345703125 2.384185791015625e-06
    vertex -12.257122039794922 25.780057907104492 4.0531158447265625e-06
    vertex -12.588746070861816 25.917421340942383 4.0531158447265625e-06
  endloop
endfacet
facet normal 0.0 0.0 0.0
  outer loop
    vertex -0.7899253964424133 33.78204345703125 2.384185791015625e-06
    vertex -12.588746070861816 25.917421340942383 4.0531158447265625e-06
    vertex -0.9981880784034729 33.95228958129883 2.6226043701171875e-06
  endloop
endfacet
facet normal 0.0 0.0 0.0
  outer loop
    vertex -0.9981880784034729 33.95228958129883 2.6226043701171875e-06
    vertex -12.588746070861816 25.917421340942383 4.0531158447265625e-06
    vertex -1.172643780708313 34.164485931396484 2.6226043701171875e-06
  endloop
endfacet
facet normal 0.0 0.0 0.0
  outer loop
    vertex -1.172643780708313 34.164485931396484 2.6226043701171875e-06
    vertex -12.588746070861816 25.917421340942383 4.0531158447265625e-06
    vertex -12.944622039794922 25.96427345275879 4.291534423828125e-06
  endloop
endfacet
facet normal 0.0 0.0 0.0
  outer loop
    vertex -1.172643780708313 34.164485931396484 2.6226043701171875e-06
    vertex -12.944622039794922 25.96427345275879 4.291534423828125e-06
    vertex -1.3053439855575562 34.41191864013672 2.6226043701171875e-06
  endloop
endfacet
facet normal 0.0 0.0 0.0
  outer loop
    vertex 44.69948959350586 -23.082557678222656 -3.814697265625e-06
    vertex 56.594268798828125 -13.785358428955078 -5.4836273193359375e-06
    vertex 45.05536651611328 -23.03570556640625 -3.814697265625e-06
  endloop
endfacet
facet normal 0.0 0.0 0.0
  outer loop
    vertex 45.05536651611328 -23.03570556640625 -3.814697265625e-06
    vertex 56.594268798828125 -13.785358428955078 -5.4836273193359375e-06
    vertex 57.42229461669922 -17.15757179260254 -5.7220458984375e-06
  endloop
endfacet
facet normal 0.0 0.0 0.0
  outer loop
    vertex 45.05536651611328 -23.03570556640625 -3.814697265625e-06
    vertex 57.42229461669922 -17.15757179260254 -5.7220458984375e-06
    vertex 45.41123962402344 -23.082557678222656 -4.0531158447265625e-06
  endloop
endfacet
facet normal 0.0 0.0 0.0
  outer loop
    vertex 45.41123962402344 -23.082557678222656 -4.0531158447265625e-06
    vertex 57.42229461669922 -17.15757179260254 -5.7220458984375e-06
    vertex 45.74286651611328 -23.219921112060547 -4.0531158447265625e-06
  endloop
endfacet
facet normal 0.0 0.0 0.0
  outer loop
    vertex 45.74286651611328 -23.219921112060547 -4.0531158447265625e-06
    vertex 57.42229461669922 -17.15757179260254 -5.7220458984375e-06
    vertex 58.42948532104492 -20.48067283630371 -5.7220458984375e-06
  endloop
endfacet
facet normal 0.0 0.0 0.0
  outer loop
    vertex 45.74286651611328 -23.219921112060547 -4.0531158447265625e-06
    vertex 58.42948532104492 -20.48067283630371 -5.7220458984375e-06
    vertex 46.02763748168945 -23.438432693481445 -4.0531158447265625e-06
  endloop
endfacet
facet normal 0.0 0.0 0.0
  outer loop
    vertex 46.02763748168945 -23.438432693481445 -4.0531158447265625e-06
    vertex 58.42948532104492 -20.48067283630371 -5.7220458984375e-06
    vertex 46.246150970458984 -23.72320556640625 -4.0531158447265625e-06
  endloop
endfacet
facet normal 0.0 0.0 0.0
  outer loop
    vertex 46.246150970458984 -23.72320556640625 -4.0531158447265625e-06
    vertex 58.42948532104492 -20.48067283630371 -5.7220458984375e-06
    vertex 59.612953186035156 -23.74515151977539 -5.9604644775390625e-06
  endloop
endfacet
facet normal 0.0 0.0 0.0
  outer loop
    vertex 46.246150970458984 -23.72320556640625 -4.0531158447265625e-06
    vertex 59.612953186035156 -23.74515151977539 -5.9604644775390625e-06
    vertex 46.383514404296875 -24.054826736450195 -4.0531158447265625e-06
  endloop
endfacet
facet normal 0.0 0.0 0.0
  outer loop
    vertex 46.383514404296875 -24.054826736450195 -4.0531158447265625e-06
    vertex 59.612953186035156 -23.74515151977539 -5.9604644775390625e-06
    vertex 46.43036651611328 -24.410703659057617 -4.0531158447265625e-06
  endloop
endfacet
facet normal 0.0 0.0 0.0
  outer loop
    vertex 46.43036651611328 -24.410703659057617 -4.0531158447265625e-06
    vertex 59.612953186035156 -23.74515151977539 -5.9604644775390625e-06
    vertex 46.383514404296875 -24.76658058166504 -4.0531158447265625e-06
  endloop
endfacet
facet normal 0.0 0.0 0.0
  outer loop
    vertex 46.383514404296875 -24.76658058166504 -4.0531158447265625e-06
    vertex 59.612953186035156 -23.74515151977539 -5.9604644775390625e-06
    vertex 46.246150970458984 -25.098203659057617 -4.0531158447265625e-06
  endloop
endfacet
facet normal 0.0 0.0 0.0
  outer loop
    vertex 46.246150970458984 -25.098203659057617 -4.0531158447265625e-06
    vertex 59.612953186035156 -23.74515151977539 -5.9604644775390625e-06
    vertex 60.96931457519531 -26.941665649414062 -6.198883056640625e-06
  endloop
endfacet
facet normal 0.0 0.0 0.0
  outer loop
    vertex 46.246150970458984 -25.098203659057617 -4.0531158447265625e-06
    vertex 60.96931457519531 -26.941665649414062 -6.198883056640625e-06
    vertex 46.02763748168945 -25.38297462463379 -4.0531158447265625e-06
  endloop
endfacet
facet normal 0.0 0.0 0.0
  outer loop
    vertex 46.02763748168945 -25.38297462463379 -4.0531158447265625e-06
    vertex 60.96931457519531 -26.941665649414062 -6.198883056640625e-06
    vertex 45.74286651611328 -25.60148811340332 -4.0531158447265625e-06
  endloop
endfacet
facet normal 0.0 0.0 0.0
  outer loop
    vertex 45.74286651611328 -25.60148811340332 -4.0531158447265625e-06
    vertex 60.96931457519531 -26.941665649414062 -6.198883056640625e-06
    vertex 62.49468994140625 -30.061067581176758 -6.4373016357421875e-06
  endloop
endfacet
facet normal 0.0 0.0 0.0
  outer loop
    vertex 45.74286651611328 -25.60148811340332 -4.0531158447265625e-06
    vertex 62.49468994140625 -30.061067581176758 -6.4373016357421875e-06
    vertex 45.41123962402344 -25.73885154724121 -4.0531158447265625e-06
  endloop
endfacet
facet normal 0.0 0.0 0.0
  outer loop
    vertex 56.594268798828125 -13.785358428955078 -5.4836273193359375e-06
    vertex 44.69948959350586 -23.082557678222656 -3.814697265625e-06
    vertex 55.94778060913086 -10.373690605163574 -5.4836273193359375e-06
  endloop
endfacet
facet normal 0.0 0.0 0.0
  outer loop
    vertex 55.94778060913086 -10.373690605163574 -5.4836273193359375e-06
    vertex 44.69948959350586 -23.082557678222656 -3.814697265625e-06
    vertex 44.36786651611328 -23.219921112060547 -3.814697265625e-06
  endloop
endfacet
facet normal 0.0 0.0 0.0
  outer loop
    vertex 55.94778060913086 -10.373690605163574 -5.4836273193359375e-06
    vertex 44.36786651611328 -23.219921112060547 -3.814697265625e-06
    vertex 55.484676361083984 -6.932329177856445 -5.4836273193359375e-06
  endloop
endfacet
facet normal 0.0 0.0 0.0
  outer loop
    vertex -1.3828409910202026 35.220611572265625 2.6226043701171875e-06
    vertex -1.410670280456543 34.94466781616211 2.6226043701171875e-06
    vertex -13.300498008728027 25.917421340942383 4.291534423828125e-06
  endloop
endfacet
facet normal 0.0 0.0 0.0
  outer loop
    vertex -40.01064682006836 -33.544677734375 8.106231689453125e-06
    vertex -40.37299346923828 -33.59238052368164 8.106231689453125e-06
    vertex -54.886566162109375 -1.3413892702374142e-05 1.0013580322265625e-05
  endloop
endfacet
facet normal 0.0 0.0 0.0
  outer loop
    vertex -54.886566162109375 -1.3413892702374142e-05 1.0013580322265625e-05
    vertex -40.37299346923828 -33.59238052368164 8.106231689453125e-06
    vertex -40.71064758300781 -33.732242584228516 8.106231689453125e-06
  endloop
endfacet
facet normal 0.0 0.0 0.0
  outer loop
    vertex -54.886566162109375 -1.3413892702374142e-05 1.0013580322265625e-05
    vertex -40.71064758300781 -33.732242584228516 8.106231689453125e-06
    vertex -41.00059509277344 -33.95472717285156 8.106231689453125e-06
  endloop
endfacet
facet normal 0.0 0.0 0.0
  outer loop
    vertex -41.00059509277344 -33.95472717285156 8.106231689453125e-06
    vertex -41.22308349609375 -34.24467849731445 8.106231689453125e-06
    vertex -54.886566162109375 -1.3413892702374142e-05 1.0013580322265625e-05
  endloop
endfacet
facet normal 0.0 0.0 0.0
  outer loop
    vertex -54.886566162109375 -1.3413892702374142e-05 1.0013580322265625e-05
    vertex -41.22308349609375 -34.24467849731445 8.106231689453125e-06
    vertex -41.36294174194336 -34.582332611083984 8.106231689453125e-06
  endloop
endfacet
facet normal 0.0 0.0 0.0
  outer loop
    vertex -54.886566162109375 -1.3413892702374142e-05 1.0013580322265625e-05
    vertex -41.36294174194336 -34.582332611083984 8.106231689453125e-06
    vertex -41.410648345947266 -34.944679260253906 8.106231689453125e-06
  endloop
endfacet
facet normal 0.0 0.0 0.0
  outer loop
    vertex -41.36294174194336 -35.30702590942383 8.106231689453125e-06
    vertex -64.11671447753906 -33.36097717285156 1.1444091796875e-05
    vertex -41.410648345947266 -34.944679260253906 8.106231689453125e-06
  endloop
endfacet
facet normal 0.0 0.0 0.0
  outer loop
    vertex -41.410648345947266 -34.944679260253906 8.106231689453125e-06
    vertex -64.11671447753906 -33.36097717285156 1.1444091796875e-05
    vertex -62.39772033691406 -30.308300018310547 1.1205673217773438e-05
  endloop
endfacet
facet normal 0.0 0.0 0.0
  outer loop
    vertex -41.410648345947266 -34.944679260253906 8.106231689453125e-06
    vertex -62.39772033691406 -30.308300018310547 1.1205673217773438e-05
    vertex -60.845943450927734 -27.167316436767578 1.0967254638671875e-05
  endloop
endfacet
facet normal 0.0 0.0 0.0
  outer loop
    vertex -41.36294174194336 -35.30702590942383 8.106231689453125e-06
    vertex -41.22308349609375 -35.644676208496094 8.106231689453125e-06
    vertex -64.11671447753906 -33.36097717285156 1.1444091796875e-05
  endloop
endfacet
facet normal 0.0 0.0 0.0
  outer loop
    vertex -64.11671447753906 -33.36097717285156 1.1444091796875e-05
    vertex -41.22308349609375 -35.644676208496094 8.106231689453125e-06
    vertex -65.9979248046875 -36.31645202636719 1.1682510375976562e-05
  endloop
endfacet
facet normal 0.0 0.0 0.0
  outer loop
    vertex -65.9979248046875 -36.31645202636719 1.1682510375976562e-05
    vertex -41.22308349609375 -35.644676208496094 8.106231689453125e-06
    vertex -41.00059509277344 -35.934627532958984 8.106231689453125e-06
  endloop
endfacet
facet normal 0.0 0.0 0.0
  outer loop
    vertex -65.9979248046875 -36.31645202636719 1.1682510375976562e-05
    vertex -41.00059509277344 -35.934627532958984 8.106231689453125e-06
    vertex -68.03587341308594 -39.94468307495117 1.1920928955078125e-05
  endloop
endfacet
facet normal 0.0 0.0 0.0
  outer loop
    vertex -68.03587341308594 -39.94468307495117 1.1920928955078125e-05
    vertex -41.00059509277344 -35.934627532958984 8.106231689453125e-06
    vertex -40.71064758300781 -36.15711212158203 8.106231689453125e-06
  endloop
endfacet
facet normal 0.0 0.0 0.0
  outer loop
    vertex -68.03587341308594 -39.94468307495117 1.1920928955078125e-05
    vertex -40.71064758300781 -36.15711212158203 8.106231689453125e-06
    vertex -40.37299346923828 -36.296974182128906 8.106231689453125e-06
  endloop
endfacet
facet normal 0.0 0.0 0.0
  outer loop
    vertex -40.37299346923828 -36.296974182128906 8.106231689453125e-06
    vertex -40.01064682006836 -36.34467697143555 8.106231689453125e-06
    vertex -68.03587341308594 -39.94468307495117 1.1920928955078125e-05
  endloop
endfacet
facet normal 0.0 0.0 0.0
  outer loop
    vertex -68.03587341308594 -39.94468307495117 1.1920928955078125e-05
    vertex -68.03587341308594 -39.166114807128906 1.1920928955078125e-05
    vertex -65.9979248046875 -36.31645202636719 1.1682510375976562e-05
  endloop
endfacet
facet normal 0.0 0.0 0.0
  outer loop
    vertex -60.845943450927734 -27.167316436767578 1.0967254638671875e-05
    vertex -59.46590805053711 -23.94717788696289 1.0728836059570312e-05
    vertex -41.410648345947266 -34.944679260253906 8.106231689453125e-06
  endloop
endfacet
facet normal 0.0 0.0 0.0
  outer loop
    vertex -41.410648345947266 -34.944679260253906 8.106231689453125e-06
    vertex -59.46590805053711 -23.94717788696289 1.0728836059570312e-05
    vertex -58.26164627075195 -20.657262802124023 1.049041748046875e-05
  endloop
endfacet
facet normal 0.0 0.0 0.0
  outer loop
    vertex -41.410648345947266 -34.944679260253906 8.106231689453125e-06
    vertex -58.26164627075195 -20.657262802124023 1.049041748046875e-05
    vertex -57.23665237426758 -17.307161331176758 1.049041748046875e-05
  endloop
endfacet
facet normal 0.0 0.0 0.0
  outer loop
    vertex -57.23665237426758 -17.307161331176758 1.049041748046875e-05
    vertex -56.393917083740234 -13.906635284423828 1.0251998901367188e-05
    vertex -41.410648345947266 -34.944679260253906 8.106231689453125e-06
  endloop
endfacet
facet normal 0.0 0.0 0.0
  outer loop
    vertex -41.410648345947266 -34.944679260253906 8.106231689453125e-06
    vertex -56.393917083740234 -13.906635284423828 1.0251998901367188e-05
    vertex -55.73589324951172 -10.46558952331543 1.0251998901367188e-05
  endloop
endfacet
facet normal 0.0 0.0 0.0
  outer loop
    vertex -41.410648345947266 -34.944679260253906 8.106231689453125e-06
    vertex -55.73589324951172 -10.46558952331543 1.0251998901367188e-05
    vertex -55.264503479003906 -6.9940505027771 1.0013580322265625e-05
  endloop
endfacet
facet normal 0.0 0.0 0.0
  outer loop
    vertex -55.264503479003906 -6.9940505027771 1.0013580322265625e-05
    vertex -54.98112106323242 -3.502133846282959 1.0013580322265625e-05
    vertex -41.410648345947266 -34.944679260253906 8.106231689453125e-06
  endloop
endfacet
facet normal 0.0 0.0 0.0
  outer loop
    vertex -41.410648345947266 -34.944679260253906 8.106231689453125e-06
    vertex -54.98112106323242 -3.502133846282959 1.0013580322265625e-05
    vertex -54.886566162109375 -1.3413892702374142e-05 1.0013580322265625e-05
  endloop
endfacet
facet normal 0.0 0.0 0.0
  outer loop
    vertex 68.03887939453125 39.94468307495117 -7.152557373046875e-06
    vertex 68.03887939453125 38.86858367919922 -7.152557373046875e-06
    vertex 66.03453063964844 36.03308868408203 -6.9141387939453125e-06
  endloop
endfacet
endsolid Uranium STLWriter Tue 04 Sep 2018 12:57:59
