solid Uranium STLWriter Tue 21 Aug 2018 10:50:20
facet normal 0.0 0.0 0.0
  outer loop
    vertex -41.22861862182617 -29.907520294189453 -2.6226043701171875e-06
    vertex -38.874847412109375 -30.0 -2.2649765014648438e-06
    vertex -39.4699592590332 -29.925935745239258 0.5176348090171814
  endloop
endfacet
facet normal 0.0 0.0 0.0
  outer loop
    vertex -39.4699592590332 -29.925935745239258 0.5176348090171814
    vertex -38.874847412109375 -30.0 -2.2649765014648438e-06
    vertex -38.874847412109375 -29.931852340698242 0.5176348686218262
  endloop
endfacet
facet normal 0.0 0.0 0.0
  outer loop
    vertex -39.4699592590332 -29.925935745239258 0.5176348090171814
    vertex -38.874847412109375 -29.931852340698242 0.5176348686218262
    vertex -38.874847412109375 -29.7320499420166 0.9999975562095642
  endloop
endfacet
facet normal 0.0 0.0 0.0
  outer loop
    vertex -39.4699592590332 -29.925935745239258 0.5176348090171814
    vertex -38.874847412109375 -29.7320499420166 0.9999975562095642
    vertex -39.46598434448242 -29.726173400878906 0.9999974966049194
  endloop
endfacet
facet normal 0.0 0.0 0.0
  outer loop
    vertex -39.46598434448242 -29.726173400878906 0.9999974966049194
    vertex -38.874847412109375 -29.7320499420166 0.9999975562095642
    vertex -38.874847412109375 -29.414213180541992 1.4142106771469116
  endloop
endfacet
facet normal 0.0 0.0 0.0
  outer loop
    vertex -39.46598434448242 -29.726173400878906 0.9999974966049194
    vertex -38.874847412109375 -29.414213180541992 1.4142106771469116
    vertex -39.45966720581055 -29.40839958190918 1.414210557937622
  endloop
endfacet
facet normal 0.0 0.0 0.0
  outer loop
    vertex -39.45966720581055 -29.40839958190918 1.414210557937622
    vertex -38.874847412109375 -29.414213180541992 1.4142106771469116
    vertex -38.874847412109375 -29.0 1.732047438621521
  endloop
endfacet
facet normal 0.0 0.0 0.0
  outer loop
    vertex -39.45966720581055 -29.40839958190918 1.414210557937622
    vertex -38.874847412109375 -29.0 1.732047438621521
    vertex -39.45143127441406 -28.9942684173584 1.7320473194122314
  endloop
endfacet
facet normal 0.0 0.0 0.0
  outer loop
    vertex -39.45143127441406 -28.9942684173584 1.7320473194122314
    vertex -38.874847412109375 -29.0 1.732047438621521
    vertex -38.874847412109375 -28.517637252807617 1.931849718093872
  endloop
endfacet
facet normal 0.0 0.0 0.0
  outer loop
    vertex -39.45143127441406 -28.9942684173584 1.7320473194122314
    vertex -38.874847412109375 -28.517637252807617 1.931849718093872
    vertex -39.44184112548828 -28.512001037597656 1.931849718093872
  endloop
endfacet
facet normal 0.0 0.0 0.0
  outer loop
    vertex -39.44184112548828 -28.512001037597656 1.931849718093872
    vertex -38.874847412109375 -28.517637252807617 1.931849718093872
    vertex -38.874847412109375 -28.0 1.9999973773956299
  endloop
endfacet
facet normal 0.0 0.0 0.0
  outer loop
    vertex -39.44184112548828 -28.512001037597656 1.931849718093872
    vertex -38.874847412109375 -28.0 1.9999973773956299
    vertex -41.12791061401367 -27.909204483032227 1.9999971389770508
  endloop
endfacet
facet normal 0.0 0.0 0.0
  outer loop
    vertex -39.44184112548828 -28.512001037597656 1.931849718093872
    vertex -41.12791061401367 -27.909204483032227 1.9999971389770508
    vertex -41.70532989501953 -28.376821517944336 1.931849479675293
  endloop
endfacet
facet normal 0.0 0.0 0.0
  outer loop
    vertex -41.70532989501953 -28.376821517944336 1.931849479675293
    vertex -41.12791061401367 -27.909204483032227 1.9999971389770508
    vertex -43.366363525390625 -27.637407302856445 1.9999969005584717
  endloop
endfacet
facet normal 0.0 0.0 0.0
  outer loop
    vertex -41.70532989501953 -28.376821517944336 1.931849479675293
    vertex -43.366363525390625 -27.637407302856445 1.9999969005584717
    vertex -43.950927734375 -28.062236785888672 1.9318491220474243
  endloop
endfacet
facet normal 0.0 0.0 0.0
  outer loop
    vertex -43.950927734375 -28.062236785888672 1.9318491220474243
    vertex -43.366363525390625 -27.637407302856445 1.9999969005584717
    vertex -45.575687408447266 -27.186370849609375 1.999996542930603
  endloop
endfacet
facet normal 0.0 0.0 0.0
  outer loop
    vertex -43.950927734375 -28.062236785888672 1.9318491220474243
    vertex -45.575687408447266 -27.186370849609375 1.999996542930603
    vertex -46.1644287109375 -27.570232391357422 1.9318487644195557
  endloop
endfacet
facet normal 0.0 0.0 0.0
  outer loop
    vertex -46.1644287109375 -27.570232391357422 1.9318487644195557
    vertex -45.575687408447266 -27.186370849609375 1.999996542930603
    vertex -47.74155044555664 -26.55902099609375 1.9999961853027344
  endloop
endfacet
facet normal 0.0 0.0 0.0
  outer loop
    vertex -46.1644287109375 -27.570232391357422 1.9318487644195557
    vertex -47.74155044555664 -26.55902099609375 1.9999961853027344
    vertex -48.33184051513672 -26.903919219970703 1.9318485260009766
  endloop
endfacet
facet normal 0.0 0.0 0.0
  outer loop
    vertex -48.33184051513672 -26.903919219970703 1.9318485260009766
    vertex -47.74155044555664 -26.55902099609375 1.9999961853027344
    vertex -49.84990692138672 -25.759424209594727 1.9999959468841553
  endloop
endfacet
facet normal 0.0 0.0 0.0
  outer loop
    vertex -48.33184051513672 -26.903919219970703 1.9318485260009766
    vertex -49.84990692138672 -25.759424209594727 1.9999959468841553
    vertex -50.43946838378906 -26.0675106048584 1.9318482875823975
  endloop
endfacet
facet normal 0.0 0.0 0.0
  outer loop
    vertex -50.43946838378906 -26.0675106048584 1.9318482875823975
    vertex -49.84990692138672 -25.759424209594727 1.9999959468841553
    vertex -51.88709259033203 -24.792768478393555 1.9999957084655762
  endloop
endfacet
facet normal 0.0 0.0 0.0
  outer loop
    vertex -50.43946838378906 -26.0675106048584 1.9318482875823975
    vertex -51.88709259033203 -24.792768478393555 1.9999957084655762
    vertex -52.473976135253906 -25.066295623779297 1.9318480491638184
  endloop
endfacet
facet normal 0.0 0.0 0.0
  outer loop
    vertex -52.473976135253906 -25.066295623779297 1.9318480491638184
    vertex -51.88709259033203 -24.792768478393555 1.9999957084655762
    vertex -53.83988571166992 -23.66532325744629 1.999995470046997
  endloop
endfacet
facet normal 0.0 0.0 0.0
  outer loop
    vertex -52.473976135253906 -25.066295623779297 1.9318480491638184
    vertex -53.83988571166992 -23.66532325744629 1.999995470046997
    vertex -54.42251205444336 -23.906604766845703 1.9318476915359497
  endloop
endfacet
facet normal 0.0 0.0 0.0
  outer loop
    vertex -54.42251205444336 -23.906604766845703 1.9318476915359497
    vertex -53.83988571166992 -23.66532325744629 1.999995470046997
    vertex -55.69562530517578 -22.384397506713867 1.999995231628418
  endloop
endfacet
facet normal 0.0 0.0 0.0
  outer loop
    vertex -54.42251205444336 -23.906604766845703 1.9318476915359497
    vertex -55.69562530517578 -22.384397506713867 1.999995231628418
    vertex -56.272743225097656 -22.595766067504883 1.9318474531173706
  endloop
endfacet
facet normal 0.0 0.0 0.0
  outer loop
    vertex -56.272743225097656 -22.595766067504883 1.9318474531173706
    vertex -55.69562530517578 -22.384397506713867 1.999995231628418
    vertex -57.44227600097656 -20.958301544189453 1.9999949932098389
  endloop
endfacet
facet normal 0.0 0.0 0.0
  outer loop
    vertex -56.272743225097656 -22.595766067504883 1.9318474531173706
    vertex -57.44227600097656 -20.958301544189453 1.9999949932098389
    vertex -58.01298522949219 -21.142072677612305 1.9318472146987915
  endloop
endfacet
facet normal 0.0 0.0 0.0
  outer loop
    vertex -58.01298522949219 -21.142072677612305 1.9318472146987915
    vertex -57.44227600097656 -20.958301544189453 1.9999949932098389
    vertex -59.068511962890625 -19.396282196044922 1.9999947547912598
  endloop
endfacet
facet normal 0.0 0.0 0.0
  outer loop
    vertex -58.01298522949219 -21.142072677612305 1.9318472146987915
    vertex -59.068511962890625 -19.396282196044922 1.9999947547912598
    vertex -59.63222885131836 -19.554710388183594 1.931847095489502
  endloop
endfacet
facet normal 0.0 0.0 0.0
  outer loop
    vertex -59.63222885131836 -19.554710388183594 1.931847095489502
    vertex -59.068511962890625 -19.396282196044922 1.9999947547912598
    vertex -60.56378173828125 -17.708471298217773 1.9999945163726807
  endloop
endfacet
facet normal 0.0 0.0 0.0
  outer loop
    vertex -59.63222885131836 -19.554710388183594 1.931847095489502
    vertex -60.56378173828125 -17.708471298217773 1.9999945163726807
    vertex -61.120235443115234 -17.84371566772461 1.9318468570709229
  endloop
endfacet
facet normal 0.0 0.0 0.0
  outer loop
    vertex -61.120235443115234 -17.84371566772461 1.9318468570709229
    vertex -60.56378173828125 -17.708471298217773 1.9999945163726807
    vertex -61.918392181396484 -15.905813217163086 1.9999943971633911
  endloop
endfacet
facet normal 0.0 0.0 0.0
  outer loop
    vertex -61.120235443115234 -17.84371566772461 1.9318468570709229
    vertex -61.918392181396484 -15.905813217163086 1.9999943971633911
    vertex -62.46759796142578 -16.019908905029297 1.9318466186523438
  endloop
endfacet
facet normal 0.0 0.0 0.0
  outer loop
    vertex -62.46759796142578 -16.019908905029297 1.9318466186523438
    vertex -61.918392181396484 -15.905813217163086 1.9999943971633911
    vertex -63.12355422973633 -14.0 1.9999942779541016
  endloop
endfacet
facet normal 0.0 0.0 0.0
  outer loop
    vertex -62.46759796142578 -16.019908905029297 1.9318466186523438
    vertex -63.12355422973633 -14.0 1.9999942779541016
    vertex -63.665802001953125 -14.094819068908691 1.9318464994430542
  endloop
endfacet
facet normal 0.0 0.0 0.0
  outer loop
    vertex -63.665802001953125 -14.094819068908691 1.9318464994430542
    vertex -63.12355422973633 -14.0 1.9999942779541016
    vertex -64.17145538330078 -12.00339126586914 1.9999940395355225
  endloop
endfacet
facet normal 0.0 0.0 0.0
  outer loop
    vertex -63.665802001953125 -14.094819068908691 1.9318464994430542
    vertex -64.17145538330078 -12.00339126586914 1.9999940395355225
    vertex -64.70726776123047 -12.080617904663086 1.9318463802337646
  endloop
endfacet
facet normal 0.0 0.0 0.0
  outer loop
    vertex -64.70726776123047 -12.080617904663086 1.9318463802337646
    vertex -64.17145538330078 -12.00339126586914 1.9999940395355225
    vertex -65.0552978515625 -9.928936958312988 1.9999940395355225
  endloop
endfacet
facet normal 0.0 0.0 0.0
  outer loop
    vertex -64.70726776123047 -12.080617904663086 1.9318463802337646
    vertex -65.0552978515625 -9.928936958312988 1.9999940395355225
    vertex -65.58541870117188 -9.99003791809082 1.931846261024475
  endloop
endfacet
facet normal 0.0 0.0 0.0
  outer loop
    vertex -65.58541870117188 -9.99003791809082 1.931846261024475
    vertex -65.0552978515625 -9.928936958312988 1.9999940395355225
    vertex -65.76934814453125 -7.790089130401611 1.9999938011169434
  endloop
endfacet
facet normal 0.0 0.0 0.0
  outer loop
    vertex -65.58541870117188 -9.99003791809082 1.931846261024475
    vertex -65.76934814453125 -7.790089130401611 1.9999938011169434
    vertex -66.29469299316406 -7.836297988891602 1.9318461418151855
  endloop
endfacet
facet normal 0.0 0.0 0.0
  outer loop
    vertex -66.29469299316406 -7.836297988891602 1.9318461418151855
    vertex -65.76934814453125 -7.790089130401611 1.9999938011169434
    vertex -66.3089828491211 -5.600719451904297 1.9999938011169434
  endloop
endfacet
facet normal 0.0 0.0 0.0
  outer loop
    vertex -66.29469299316406 -7.836297988891602 1.9318461418151855
    vertex -66.3089828491211 -5.600719451904297 1.9999938011169434
    vertex -66.83060455322266 -5.633014678955078 1.9318461418151855
  endloop
endfacet
facet normal 0.0 0.0 0.0
  outer loop
    vertex -66.83060455322266 -5.633014678955078 1.9318461418151855
    vertex -66.3089828491211 -5.600719451904297 1.9999938011169434
    vertex -66.67069244384766 -3.3750269412994385 1.9999938011169434
  endloop
endfacet
facet normal 0.0 0.0 0.0
  outer loop
    vertex -66.83060455322266 -5.633014678955078 1.9318461418151855
    vertex -66.67069244384766 -3.3750269412994385 1.9999938011169434
    vertex -67.18978118896484 -3.394117832183838 1.931846022605896
  endloop
endfacet
facet normal 0.0 0.0 0.0
  outer loop
    vertex -67.18978118896484 -3.394117832183838 1.931846022605896
    vertex -66.67069244384766 -3.3750269412994385 1.9999938011169434
    vertex -66.85213470458984 -1.1274462938308716 1.9999938011169434
  endloop
endfacet
facet normal 0.0 0.0 0.0
  outer loop
    vertex -67.18978118896484 -3.394117832183838 1.931846022605896
    vertex -66.85213470458984 -1.1274462938308716 1.9999938011169434
    vertex -67.36945343017578 -1.1458683013916016 1.931846022605896
  endloop
endfacet
facet normal 0.0 0.0 0.0
  outer loop
    vertex -67.36945343017578 -1.1458683013916016 1.931846022605896
    vertex -66.85213470458984 -1.1274462938308716 1.9999938011169434
    vertex -67.36945343017578 1.1458683013916016 1.931846022605896
  endloop
endfacet
facet normal 0.0 0.0 0.0
  outer loop
    vertex -67.36945343017578 -1.1458683013916016 1.931846022605896
    vertex -67.36945343017578 1.1458683013916016 1.931846022605896
    vertex -67.85152435302734 1.1627877950668335 1.7320435047149658
  endloop
endfacet
facet normal 0.0 0.0 0.0
  outer loop
    vertex -67.85152435302734 1.1627877950668335 1.7320435047149658
    vertex -67.36945343017578 1.1458683013916016 1.931846022605896
    vertex -67.66871643066406 3.4515275955200195 1.7320436239242554
  endloop
endfacet
facet normal 0.0 0.0 0.0
  outer loop
    vertex -67.85152435302734 1.1627877950668335 1.7320435047149658
    vertex -67.66871643066406 3.4515275955200195 1.7320436239242554
    vertex -68.0799789428711 3.500826597213745 1.4142067432403564
  endloop
endfacet
facet normal 0.0 0.0 0.0
  outer loop
    vertex -68.0799789428711 3.500826597213745 1.4142067432403564
    vertex -67.66871643066406 3.4515275955200195 1.7320436239242554
    vertex -67.70951843261719 5.810112953186035 1.414206862449646
  endloop
endfacet
facet normal 0.0 0.0 0.0
  outer loop
    vertex -68.0799789428711 3.500826597213745 1.4142067432403564
    vertex -67.70951843261719 5.810112953186035 1.414206862449646
    vertex -68.0210952758789 5.872894763946533 0.9999936819076538
  endloop
endfacet
facet normal 0.0 0.0 0.0
  outer loop
    vertex -68.0210952758789 5.872894763946533 0.9999936819076538
    vertex -67.70951843261719 5.810112953186035 1.414206862449646
    vertex -67.46235656738281 8.170003890991211 0.9999937415122986
  endloop
endfacet
facet normal 0.0 0.0 0.0
  outer loop
    vertex -68.0210952758789 5.872894763946533 0.9999936819076538
    vertex -67.46235656738281 8.170003890991211 0.9999937415122986
    vertex -67.65446472167969 8.224906921386719 0.5176310539245605
  endloop
endfacet
facet normal 0.0 0.0 0.0
  outer loop
    vertex -67.65446472167969 8.224906921386719 0.5176310539245605
    vertex -67.46235656738281 8.170003890991211 0.9999937415122986
    vertex -66.91001892089844 10.485452651977539 0.5176311731338501
  endloop
endfacet
facet normal 0.0 0.0 0.0
  outer loop
    vertex -67.65446472167969 8.224906921386719 0.5176310539245605
    vertex -66.91001892089844 10.485452651977539 0.5176311731338501
    vertex -67.40653991699219 9.270509719848633 -6.079673767089844e-06
  endloop
endfacet
facet normal 0.0 0.0 0.0
  outer loop
    vertex -67.40653991699219 9.270509719848633 -6.079673767089844e-06
    vertex -66.91001892089844 10.485452651977539 0.5176311731338501
    vertex -66.59123229980469 11.48050308227539 -5.9604644775390625e-06
  endloop
endfacet
facet normal 0.0 0.0 0.0
  outer loop
    vertex -66.59123229980469 11.48050308227539 -5.9604644775390625e-06
    vertex -66.91001892089844 10.485452651977539 0.5176311731338501
    vertex -65.98831939697266 12.679705619812012 0.5176312923431396
  endloop
endfacet
facet normal 0.0 0.0 0.0
  outer loop
    vertex -66.59123229980469 11.48050308227539 -5.9604644775390625e-06
    vertex -65.98831939697266 12.679705619812012 0.5176312923431396
    vertex -65.60504150390625 13.619714736938477 -5.841255187988281e-06
  endloop
endfacet
facet normal 0.0 0.0 0.0
  outer loop
    vertex -65.60504150390625 13.619714736938477 -5.841255187988281e-06
    vertex -65.98831939697266 12.679705619812012 0.5176312923431396
    vertex -64.89521026611328 14.793793678283691 0.5176314115524292
  endloop
endfacet
facet normal 0.0 0.0 0.0
  outer loop
    vertex -65.60504150390625 13.619714736938477 -5.841255187988281e-06
    vertex -64.89521026611328 14.793793678283691 0.5176314115524292
    vertex -64.45404815673828 15.674957275390625 -5.7220458984375e-06
  endloop
endfacet
facet normal 0.0 0.0 0.0
  outer loop
    vertex -64.45404815673828 15.674957275390625 -5.7220458984375e-06
    vertex -64.89521026611328 14.793793678283691 0.5176314115524292
    vertex -63.6375846862793 16.814350128173828 0.5176315903663635
  endloop
endfacet
facet normal 0.0 0.0 0.0
  outer loop
    vertex -64.45404815673828 15.674957275390625 -5.7220458984375e-06
    vertex -63.6375846862793 16.814350128173828 0.5176315903663635
    vertex -63.145355224609375 17.63355827331543 -5.602836608886719e-06
  endloop
endfacet
facet normal 0.0 0.0 0.0
  outer loop
    vertex -63.145355224609375 17.63355827331543 -5.602836608886719e-06
    vertex -63.6375846862793 16.814350128173828 0.5176315903663635
    vertex -62.22340393066406 18.728601455688477 0.5176317691802979
  endloop
endfacet
facet normal 0.0 0.0 0.0
  outer loop
    vertex -63.145355224609375 17.63355827331543 -5.602836608886719e-06
    vertex -62.22340393066406 18.728601455688477 0.5176317691802979
    vertex -61.6870231628418 19.483442306518555 -5.364418029785156e-06
  endloop
endfacet
facet normal 0.0 0.0 0.0
  outer loop
    vertex -61.6870231628418 19.483442306518555 -5.364418029785156e-06
    vertex -62.22340393066406 18.728601455688477 0.5176317691802979
    vertex -60.66160583496094 20.524444580078125 0.517632007598877
  endloop
endfacet
facet normal 0.0 0.0 0.0
  outer loop
    vertex -61.6870231628418 19.483442306518555 -5.364418029785156e-06
    vertex -60.66160583496094 20.524444580078125 0.517632007598877
    vertex -60.08804702758789 21.21320343017578 -5.125999450683594e-06
  endloop
endfacet
facet normal 0.0 0.0 0.0
  outer loop
    vertex -60.08804702758789 21.21320343017578 -5.125999450683594e-06
    vertex -60.66160583496094 20.524444580078125 0.517632007598877
    vertex -58.96206283569336 22.19052505493164 0.517632246017456
  endloop
endfacet
facet normal 0.0 0.0 0.0
  outer loop
    vertex -60.08804702758789 21.21320343017578 -5.125999450683594e-06
    vertex -58.96206283569336 22.19052505493164 0.517632246017456
    vertex -58.35828399658203 22.812179565429688 -4.887580871582031e-06
  endloop
endfacet
facet normal 0.0 0.0 0.0
  outer loop
    vertex -58.35828399658203 22.812179565429688 -4.887580871582031e-06
    vertex -58.96206283569336 22.19052505493164 0.517632246017456
    vertex -57.135520935058594 23.716310501098633 0.5176324844360352
  endloop
endfacet
facet normal 0.0 0.0 0.0
  outer loop
    vertex -58.35828399658203 22.812179565429688 -4.887580871582031e-06
    vertex -57.135520935058594 23.716310501098633 0.5176324844360352
    vertex -56.508399963378906 24.270509719848633 -4.649162292480469e-06
  endloop
endfacet
facet normal 0.0 0.0 0.0
  outer loop
    vertex -56.508399963378906 24.270509719848633 -4.649162292480469e-06
    vertex -57.135520935058594 23.716310501098633 0.5176324844360352
    vertex -55.19353485107422 25.092153549194336 0.5176327228546143
  endloop
endfacet
facet normal 0.0 0.0 0.0
  outer loop
    vertex -56.508399963378906 24.270509719848633 -4.649162292480469e-06
    vertex -55.19353485107422 25.092153549194336 0.5176327228546143
    vertex -54.549800872802734 25.579204559326172 -4.410743713378906e-06
  endloop
endfacet
facet normal 0.0 0.0 0.0
  outer loop
    vertex -54.549800872802734 25.579204559326172 -4.410743713378906e-06
    vertex -55.19353485107422 25.092153549194336 0.5176327228546143
    vertex -53.14836883544922 26.309354782104492 0.5176329612731934
  endloop
endfacet
facet normal 0.0 0.0 0.0
  outer loop
    vertex -54.549800872802734 25.579204559326172 -4.410743713378906e-06
    vertex -53.14836883544922 26.309354782104492 0.5176329612731934
    vertex -52.49456024169922 26.730195999145508 -4.172325134277344e-06
  endloop
endfacet
facet normal 0.0 0.0 0.0
  outer loop
    vertex -52.49456024169922 26.730195999145508 -4.172325134277344e-06
    vertex -53.14836883544922 26.309354782104492 0.5176329612731934
    vertex -51.01296615600586 27.36022186279297 0.5176332592964172
  endloop
endfacet
facet normal 0.0 0.0 0.0
  outer loop
    vertex -52.49456024169922 26.730195999145508 -4.172325134277344e-06
    vertex -51.01296615600586 27.36022186279297 0.5176332592964172
    vertex -50.3553466796875 27.716386795043945 -3.814697265625e-06
  endloop
endfacet
facet normal 0.0 0.0 0.0
  outer loop
    vertex -50.3553466796875 27.716386795043945 -3.814697265625e-06
    vertex -51.01296615600586 27.36022186279297 0.5176332592964172
    vertex -48.80082321166992 28.238107681274414 0.5176335573196411
  endloop
endfacet
facet normal 0.0 0.0 0.0
  outer loop
    vertex -50.3553466796875 27.716386795043945 -3.814697265625e-06
    vertex -48.80082321166992 28.238107681274414 0.5176335573196411
    vertex -48.145355224609375 28.531696319580078 -3.5762786865234375e-06
  endloop
endfacet
facet normal 0.0 0.0 0.0
  outer loop
    vertex -48.145355224609375 28.531696319580078 -3.5762786865234375e-06
    vertex -48.80082321166992 28.238107681274414 0.5176335573196411
    vertex -46.52592849731445 28.937461853027344 0.517633855342865
  endloop
endfacet
facet normal 0.0 0.0 0.0
  outer loop
    vertex -48.145355224609375 28.531696319580078 -3.5762786865234375e-06
    vertex -46.52592849731445 28.937461853027344 0.517633855342865
    vertex -45.87820816040039 29.171096801757812 -3.2186508178710938e-06
  endloop
endfacet
facet normal 0.0 0.0 0.0
  outer loop
    vertex -45.87820816040039 29.171096801757812 -3.2186508178710938e-06
    vertex -46.52592849731445 28.937461853027344 0.517633855342865
    vertex -44.20265579223633 29.45386505126953 0.5176341533660889
  endloop
endfacet
facet normal 0.0 0.0 0.0
  outer loop
    vertex -45.87820816040039 29.171096801757812 -3.2186508178710938e-06
    vertex -44.20265579223633 29.45386505126953 0.5176341533660889
    vertex -43.5678825378418 29.63064956665039 -2.9802322387695312e-06
  endloop
endfacet
facet normal 0.0 0.0 0.0
  outer loop
    vertex -43.5678825378418 29.63064956665039 -2.9802322387695312e-06
    vertex -44.20265579223633 29.45386505126953 0.5176341533660889
    vertex -41.845699310302734 29.7840518951416 0.5176345109939575
  endloop
endfacet
facet normal 0.0 0.0 0.0
  outer loop
    vertex -43.5678825378418 29.63064956665039 -2.9802322387695312e-06
    vertex -41.845699310302734 29.7840518951416 0.5176345109939575
    vertex -41.22861862182617 29.907520294189453 -2.6226043701171875e-06
  endloop
endfacet
facet normal 0.0 0.0 0.0
  outer loop
    vertex -41.22861862182617 29.907520294189453 -2.6226043701171875e-06
    vertex -41.845699310302734 29.7840518951416 0.5176345109939575
    vertex -39.4699592590332 29.925935745239258 0.5176348090171814
  endloop
endfacet
facet normal 0.0 0.0 0.0
  outer loop
    vertex -41.22861862182617 29.907520294189453 -2.6226043701171875e-06
    vertex -39.4699592590332 29.925935745239258 0.5176348090171814
    vertex -38.874847412109375 30.0 -2.2649765014648438e-06
  endloop
endfacet
facet normal 0.0 0.0 0.0
  outer loop
    vertex -38.874847412109375 30.0 -2.2649765014648438e-06
    vertex -39.4699592590332 29.925935745239258 0.5176348090171814
    vertex -38.874847412109375 29.931852340698242 0.5176348686218262
  endloop
endfacet
facet normal 0.0 0.0 0.0
  outer loop
    vertex -38.874847412109375 29.931852340698242 0.5176348686218262
    vertex -39.4699592590332 29.925935745239258 0.5176348090171814
    vertex -39.46598434448242 29.726173400878906 0.9999974966049194
  endloop
endfacet
facet normal 0.0 0.0 0.0
  outer loop
    vertex -38.874847412109375 29.931852340698242 0.5176348686218262
    vertex -39.46598434448242 29.726173400878906 0.9999974966049194
    vertex -38.874847412109375 29.7320499420166 0.9999975562095642
  endloop
endfacet
facet normal 0.0 0.0 0.0
  outer loop
    vertex -38.874847412109375 29.7320499420166 0.9999975562095642
    vertex -39.46598434448242 29.726173400878906 0.9999974966049194
    vertex -39.45966720581055 29.40839958190918 1.414210557937622
  endloop
endfacet
facet normal 0.0 0.0 0.0
  outer loop
    vertex -38.874847412109375 29.7320499420166 0.9999975562095642
    vertex -39.45966720581055 29.40839958190918 1.414210557937622
    vertex -38.874847412109375 29.414213180541992 1.4142106771469116
  endloop
endfacet
facet normal 0.0 0.0 0.0
  outer loop
    vertex -38.874847412109375 29.414213180541992 1.4142106771469116
    vertex -39.45966720581055 29.40839958190918 1.414210557937622
    vertex -39.45143127441406 28.9942684173584 1.7320473194122314
  endloop
endfacet
facet normal 0.0 0.0 0.0
  outer loop
    vertex -38.874847412109375 29.414213180541992 1.4142106771469116
    vertex -39.45143127441406 28.9942684173584 1.7320473194122314
    vertex -38.874847412109375 29.0 1.732047438621521
  endloop
endfacet
facet normal 0.0 0.0 0.0
  outer loop
    vertex -38.874847412109375 29.0 1.732047438621521
    vertex -39.45143127441406 28.9942684173584 1.7320473194122314
    vertex -39.44184112548828 28.512001037597656 1.931849718093872
  endloop
endfacet
facet normal 0.0 0.0 0.0
  outer loop
    vertex -38.874847412109375 29.0 1.732047438621521
    vertex -39.44184112548828 28.512001037597656 1.931849718093872
    vertex -38.874847412109375 28.517637252807617 1.931849718093872
  endloop
endfacet
facet normal 0.0 0.0 0.0
  outer loop
    vertex -38.874847412109375 28.517637252807617 1.931849718093872
    vertex -39.44184112548828 28.512001037597656 1.931849718093872
    vertex -38.874847412109375 28.0 1.9999973773956299
  endloop
endfacet
facet normal 0.0 0.0 0.0
  outer loop
    vertex -38.874847412109375 28.0 1.9999973773956299
    vertex -39.44184112548828 28.512001037597656 1.931849718093872
    vertex -41.12791061401367 27.909204483032227 1.9999971389770508
  endloop
endfacet
facet normal 0.0 0.0 0.0
  outer loop
    vertex -41.12791061401367 27.909204483032227 1.9999971389770508
    vertex -39.44184112548828 28.512001037597656 1.931849718093872
    vertex -41.70532989501953 28.376821517944336 1.931849479675293
  endloop
endfacet
facet normal 0.0 0.0 0.0
  outer loop
    vertex -41.12791061401367 27.909204483032227 1.9999971389770508
    vertex -41.70532989501953 28.376821517944336 1.931849479675293
    vertex -43.366363525390625 27.637407302856445 1.9999969005584717
  endloop
endfacet
facet normal 0.0 0.0 0.0
  outer loop
    vertex -43.366363525390625 27.637407302856445 1.9999969005584717
    vertex -41.70532989501953 28.376821517944336 1.931849479675293
    vertex -43.950927734375 28.062236785888672 1.9318491220474243
  endloop
endfacet
facet normal 0.0 0.0 0.0
  outer loop
    vertex -43.366363525390625 27.637407302856445 1.9999969005584717
    vertex -43.950927734375 28.062236785888672 1.9318491220474243
    vertex -45.575687408447266 27.186370849609375 1.999996542930603
  endloop
endfacet
facet normal 0.0 0.0 0.0
  outer loop
    vertex -45.575687408447266 27.186370849609375 1.999996542930603
    vertex -43.950927734375 28.062236785888672 1.9318491220474243
    vertex -46.1644287109375 27.570232391357422 1.9318487644195557
  endloop
endfacet
facet normal 0.0 0.0 0.0
  outer loop
    vertex -45.575687408447266 27.186370849609375 1.999996542930603
    vertex -46.1644287109375 27.570232391357422 1.9318487644195557
    vertex -47.74155044555664 26.55902099609375 1.9999961853027344
  endloop
endfacet
facet normal 0.0 0.0 0.0
  outer loop
    vertex -47.74155044555664 26.55902099609375 1.9999961853027344
    vertex -46.1644287109375 27.570232391357422 1.9318487644195557
    vertex -48.33184051513672 26.903919219970703 1.9318485260009766
  endloop
endfacet
facet normal 0.0 0.0 0.0
  outer loop
    vertex -47.74155044555664 26.55902099609375 1.9999961853027344
    vertex -48.33184051513672 26.903919219970703 1.9318485260009766
    vertex -49.84990692138672 25.759424209594727 1.9999959468841553
  endloop
endfacet
facet normal 0.0 0.0 0.0
  outer loop
    vertex -49.84990692138672 25.759424209594727 1.9999959468841553
    vertex -48.33184051513672 26.903919219970703 1.9318485260009766
    vertex -50.43946838378906 26.0675106048584 1.9318482875823975
  endloop
endfacet
facet normal 0.0 0.0 0.0
  outer loop
    vertex -49.84990692138672 25.759424209594727 1.9999959468841553
    vertex -50.43946838378906 26.0675106048584 1.9318482875823975
    vertex -51.88709259033203 24.792768478393555 1.9999957084655762
  endloop
endfacet
facet normal 0.0 0.0 0.0
  outer loop
    vertex -51.88709259033203 24.792768478393555 1.9999957084655762
    vertex -50.43946838378906 26.0675106048584 1.9318482875823975
    vertex -52.473976135253906 25.066295623779297 1.9318480491638184
  endloop
endfacet
facet normal 0.0 0.0 0.0
  outer loop
    vertex -51.88709259033203 24.792768478393555 1.9999957084655762
    vertex -52.473976135253906 25.066295623779297 1.9318480491638184
    vertex -53.83988571166992 23.66532325744629 1.999995470046997
  endloop
endfacet
facet normal 0.0 0.0 0.0
  outer loop
    vertex -53.83988571166992 23.66532325744629 1.999995470046997
    vertex -52.473976135253906 25.066295623779297 1.9318480491638184
    vertex -54.42251205444336 23.906604766845703 1.9318476915359497
  endloop
endfacet
facet normal 0.0 0.0 0.0
  outer loop
    vertex -53.83988571166992 23.66532325744629 1.999995470046997
    vertex -54.42251205444336 23.906604766845703 1.9318476915359497
    vertex -55.69562530517578 22.384397506713867 1.999995231628418
  endloop
endfacet
facet normal 0.0 0.0 0.0
  outer loop
    vertex -55.69562530517578 22.384397506713867 1.999995231628418
    vertex -54.42251205444336 23.906604766845703 1.9318476915359497
    vertex -56.272743225097656 22.595766067504883 1.9318474531173706
  endloop
endfacet
facet normal 0.0 0.0 0.0
  outer loop
    vertex -55.69562530517578 22.384397506713867 1.999995231628418
    vertex -56.272743225097656 22.595766067504883 1.9318474531173706
    vertex -57.44227600097656 20.958301544189453 1.9999949932098389
  endloop
endfacet
facet normal 0.0 0.0 0.0
  outer loop
    vertex -57.44227600097656 20.958301544189453 1.9999949932098389
    vertex -56.272743225097656 22.595766067504883 1.9318474531173706
    vertex -58.01298522949219 21.142072677612305 1.9318472146987915
  endloop
endfacet
facet normal 0.0 0.0 0.0
  outer loop
    vertex -57.44227600097656 20.958301544189453 1.9999949932098389
    vertex -58.01298522949219 21.142072677612305 1.9318472146987915
    vertex -59.068511962890625 19.396282196044922 1.9999947547912598
  endloop
endfacet
facet normal 0.0 0.0 0.0
  outer loop
    vertex -59.068511962890625 19.396282196044922 1.9999947547912598
    vertex -58.01298522949219 21.142072677612305 1.9318472146987915
    vertex -59.63222885131836 19.554710388183594 1.931847095489502
  endloop
endfacet
facet normal 0.0 0.0 0.0
  outer loop
    vertex -59.068511962890625 19.396282196044922 1.9999947547912598
    vertex -59.63222885131836 19.554710388183594 1.931847095489502
    vertex -60.56378173828125 17.708471298217773 1.9999945163726807
  endloop
endfacet
facet normal 0.0 0.0 0.0
  outer loop
    vertex -60.56378173828125 17.708471298217773 1.9999945163726807
    vertex -59.63222885131836 19.554710388183594 1.931847095489502
    vertex -61.120235443115234 17.84371566772461 1.9318468570709229
  endloop
endfacet
facet normal 0.0 0.0 0.0
  outer loop
    vertex -60.56378173828125 17.708471298217773 1.9999945163726807
    vertex -61.120235443115234 17.84371566772461 1.9318468570709229
    vertex -61.918392181396484 15.905813217163086 1.9999943971633911
  endloop
endfacet
facet normal 0.0 0.0 0.0
  outer loop
    vertex -61.918392181396484 15.905813217163086 1.9999943971633911
    vertex -61.120235443115234 17.84371566772461 1.9318468570709229
    vertex -62.46759796142578 16.019908905029297 1.9318466186523438
  endloop
endfacet
facet normal 0.0 0.0 0.0
  outer loop
    vertex -61.918392181396484 15.905813217163086 1.9999943971633911
    vertex -62.46759796142578 16.019908905029297 1.9318466186523438
    vertex -63.12355422973633 14.0 1.9999942779541016
  endloop
endfacet
facet normal 0.0 0.0 0.0
  outer loop
    vertex -63.12355422973633 14.0 1.9999942779541016
    vertex -62.46759796142578 16.019908905029297 1.9318466186523438
    vertex -63.665802001953125 14.094819068908691 1.9318464994430542
  endloop
endfacet
facet normal 0.0 0.0 0.0
  outer loop
    vertex -63.12355422973633 14.0 1.9999942779541016
    vertex -63.665802001953125 14.094819068908691 1.9318464994430542
    vertex -64.17145538330078 12.00339126586914 1.9999940395355225
  endloop
endfacet
facet normal 0.0 0.0 0.0
  outer loop
    vertex -64.17145538330078 12.00339126586914 1.9999940395355225
    vertex -63.665802001953125 14.094819068908691 1.9318464994430542
    vertex -64.70726776123047 12.080617904663086 1.9318463802337646
  endloop
endfacet
facet normal 0.0 0.0 0.0
  outer loop
    vertex -64.17145538330078 12.00339126586914 1.9999940395355225
    vertex -64.70726776123047 12.080617904663086 1.9318463802337646
    vertex -65.0552978515625 9.928936958312988 1.9999940395355225
  endloop
endfacet
facet normal 0.0 0.0 0.0
  outer loop
    vertex -65.0552978515625 9.928936958312988 1.9999940395355225
    vertex -64.70726776123047 12.080617904663086 1.9318463802337646
    vertex -65.58541870117188 9.99003791809082 1.931846261024475
  endloop
endfacet
facet normal 0.0 0.0 0.0
  outer loop
    vertex -65.0552978515625 9.928936958312988 1.9999940395355225
    vertex -65.58541870117188 9.99003791809082 1.931846261024475
    vertex -65.76934814453125 7.790089130401611 1.9999938011169434
  endloop
endfacet
facet normal 0.0 0.0 0.0
  outer loop
    vertex -65.76934814453125 7.790089130401611 1.9999938011169434
    vertex -65.58541870117188 9.99003791809082 1.931846261024475
    vertex -66.29469299316406 7.836297988891602 1.9318461418151855
  endloop
endfacet
facet normal 0.0 0.0 0.0
  outer loop
    vertex -65.76934814453125 7.790089130401611 1.9999938011169434
    vertex -66.29469299316406 7.836297988891602 1.9318461418151855
    vertex -66.3089828491211 5.600719451904297 1.9999938011169434
  endloop
endfacet
facet normal 0.0 0.0 0.0
  outer loop
    vertex -66.3089828491211 5.600719451904297 1.9999938011169434
    vertex -66.29469299316406 7.836297988891602 1.9318461418151855
    vertex -66.83060455322266 5.633014678955078 1.9318461418151855
  endloop
endfacet
facet normal 0.0 0.0 0.0
  outer loop
    vertex -66.3089828491211 5.600719451904297 1.9999938011169434
    vertex -66.83060455322266 5.633014678955078 1.9318461418151855
    vertex -66.67069244384766 3.3750269412994385 1.9999938011169434
  endloop
endfacet
facet normal 0.0 0.0 0.0
  outer loop
    vertex -66.67069244384766 3.3750269412994385 1.9999938011169434
    vertex -66.83060455322266 5.633014678955078 1.9318461418151855
    vertex -67.18978118896484 3.394117832183838 1.931846022605896
  endloop
endfacet
facet normal 0.0 0.0 0.0
  outer loop
    vertex -66.67069244384766 3.3750269412994385 1.9999938011169434
    vertex -67.18978118896484 3.394117832183838 1.931846022605896
    vertex -66.85213470458984 1.1274462938308716 1.9999938011169434
  endloop
endfacet
facet normal 0.0 0.0 0.0
  outer loop
    vertex -66.85213470458984 1.1274462938308716 1.9999938011169434
    vertex -67.18978118896484 3.394117832183838 1.931846022605896
    vertex -67.36945343017578 1.1458683013916016 1.931846022605896
  endloop
endfacet
facet normal 0.0 0.0 0.0
  outer loop
    vertex -66.85213470458984 1.1274462938308716 1.9999938011169434
    vertex -67.36945343017578 1.1458683013916016 1.931846022605896
    vertex -66.85213470458984 -1.1274462938308716 1.9999938011169434
  endloop
endfacet
facet normal 0.0 0.0 0.0
  outer loop
    vertex -67.40653991699219 9.270509719848633 -6.079673767089844e-06
    vertex -68.04593658447266 7.003360748291016 -6.198883056640625e-06
    vertex -67.65446472167969 8.224906921386719 0.5176310539245605
  endloop
endfacet
facet normal 0.0 0.0 0.0
  outer loop
    vertex -67.65446472167969 8.224906921386719 0.5176310539245605
    vertex -68.04593658447266 7.003360748291016 -6.198883056640625e-06
    vertex -68.21695709228516 5.912360668182373 0.517630934715271
  endloop
endfacet
facet normal 0.0 0.0 0.0
  outer loop
    vertex -67.65446472167969 8.224906921386719 0.5176310539245605
    vertex -68.21695709228516 5.912360668182373 0.517630934715271
    vertex -68.0210952758789 5.872894763946533 0.9999936819076538
  endloop
endfacet
facet normal 0.0 0.0 0.0
  outer loop
    vertex -68.0210952758789 5.872894763946533 0.9999936819076538
    vertex -68.21695709228516 5.912360668182373 0.517630934715271
    vertex -68.39556121826172 3.5386548042297363 0.999993622303009
  endloop
endfacet
facet normal 0.0 0.0 0.0
  outer loop
    vertex -68.0210952758789 5.872894763946533 0.9999936819076538
    vertex -68.39556121826172 3.5386548042297363 0.999993622303009
    vertex -68.0799789428711 3.500826597213745 1.4142067432403564
  endloop
endfacet
facet normal 0.0 0.0 0.0
  outer loop
    vertex -68.0799789428711 3.500826597213745 1.4142067432403564
    vertex -68.39556121826172 3.5386548042297363 0.999993622303009
    vertex -68.2655029296875 1.1768988370895386 1.4142067432403564
  endloop
endfacet
facet normal 0.0 0.0 0.0
  outer loop
    vertex -68.0799789428711 3.500826597213745 1.4142067432403564
    vertex -68.2655029296875 1.1768988370895386 1.4142067432403564
    vertex -67.85152435302734 1.1627877950668335 1.7320435047149658
  endloop
endfacet
facet normal 0.0 0.0 0.0
  outer loop
    vertex -67.85152435302734 1.1627877950668335 1.7320435047149658
    vertex -68.2655029296875 1.1768988370895386 1.4142067432403564
    vertex -67.85152435302734 -1.1627877950668335 1.7320435047149658
  endloop
endfacet
facet normal 0.0 0.0 0.0
  outer loop
    vertex -67.85152435302734 1.1627877950668335 1.7320435047149658
    vertex -67.85152435302734 -1.1627877950668335 1.7320435047149658
    vertex -67.36945343017578 -1.1458683013916016 1.931846022605896
  endloop
endfacet
facet normal 0.0 0.0 0.0
  outer loop
    vertex -67.36945343017578 -1.1458683013916016 1.931846022605896
    vertex -67.85152435302734 -1.1627877950668335 1.7320435047149658
    vertex -67.66871643066406 -3.4515275955200195 1.7320436239242554
  endloop
endfacet
facet normal 0.0 0.0 0.0
  outer loop
    vertex -67.36945343017578 -1.1458683013916016 1.931846022605896
    vertex -67.66871643066406 -3.4515275955200195 1.7320436239242554
    vertex -67.18978118896484 -3.394117832183838 1.931846022605896
  endloop
endfacet
facet normal 0.0 0.0 0.0
  outer loop
    vertex -67.18978118896484 -3.394117832183838 1.931846022605896
    vertex -67.66871643066406 -3.4515275955200195 1.7320436239242554
    vertex -66.83060455322266 -5.633014678955078 1.9318461418151855
  endloop
endfacet
facet normal 0.0 0.0 0.0
  outer loop
    vertex -68.04593658447266 7.003360748291016 -6.198883056640625e-06
    vertex -68.5054931640625 4.6930341720581055 -6.198883056640625e-06
    vertex -68.21695709228516 5.912360668182373 0.517630934715271
  endloop
endfacet
facet normal 0.0 0.0 0.0
  outer loop
    vertex -68.21695709228516 5.912360668182373 0.517630934715271
    vertex -68.5054931640625 4.6930341720581055 -6.198883056640625e-06
    vertex -68.59394073486328 3.5624349117279053 0.517630934715271
  endloop
endfacet
facet normal 0.0 0.0 0.0
  outer loop
    vertex -68.21695709228516 5.912360668182373 0.517630934715271
    vertex -68.59394073486328 3.5624349117279053 0.517630934715271
    vertex -68.39556121826172 3.5386548042297363 0.999993622303009
  endloop
endfacet
facet normal 0.0 0.0 0.0
  outer loop
    vertex -68.39556121826172 3.5386548042297363 0.999993622303009
    vertex -68.59394073486328 3.5624349117279053 0.517630934715271
    vertex -68.58318328857422 1.1870914697647095 0.999993622303009
  endloop
endfacet
facet normal 0.0 0.0 0.0
  outer loop
    vertex -68.39556121826172 3.5386548042297363 0.999993622303009
    vertex -68.58318328857422 1.1870914697647095 0.999993622303009
    vertex -68.2655029296875 1.1768988370895386 1.4142067432403564
  endloop
endfacet
facet normal 0.0 0.0 0.0
  outer loop
    vertex -68.2655029296875 1.1768988370895386 1.4142067432403564
    vertex -68.58318328857422 1.1870914697647095 0.999993622303009
    vertex -68.2655029296875 -1.1768988370895386 1.4142067432403564
  endloop
endfacet
facet normal 0.0 0.0 0.0
  outer loop
    vertex -68.2655029296875 1.1768988370895386 1.4142067432403564
    vertex -68.2655029296875 -1.1768988370895386 1.4142067432403564
    vertex -67.85152435302734 -1.1627877950668335 1.7320435047149658
  endloop
endfacet
facet normal 0.0 0.0 0.0
  outer loop
    vertex -67.85152435302734 -1.1627877950668335 1.7320435047149658
    vertex -68.2655029296875 -1.1768988370895386 1.4142067432403564
    vertex -68.0799789428711 -3.500826597213745 1.4142067432403564
  endloop
endfacet
facet normal 0.0 0.0 0.0
  outer loop
    vertex -67.85152435302734 -1.1627877950668335 1.7320435047149658
    vertex -68.0799789428711 -3.500826597213745 1.4142067432403564
    vertex -67.66871643066406 -3.4515275955200195 1.7320436239242554
  endloop
endfacet
facet normal 0.0 0.0 0.0
  outer loop
    vertex -67.66871643066406 -3.4515275955200195 1.7320436239242554
    vertex -68.0799789428711 -3.500826597213745 1.4142067432403564
    vertex -67.303466796875 -5.728294372558594 1.732043743133545
  endloop
endfacet
facet normal 0.0 0.0 0.0
  outer loop
    vertex -67.66871643066406 -3.4515275955200195 1.7320436239242554
    vertex -67.303466796875 -5.728294372558594 1.732043743133545
    vertex -66.83060455322266 -5.633014678955078 1.9318461418151855
  endloop
endfacet
facet normal 0.0 0.0 0.0
  outer loop
    vertex -66.83060455322266 -5.633014678955078 1.9318461418151855
    vertex -67.303466796875 -5.728294372558594 1.732043743133545
    vertex -66.29469299316406 -7.836297988891602 1.9318461418151855
  endloop
endfacet
facet normal 0.0 0.0 0.0
  outer loop
    vertex -68.5054931640625 4.6930341720581055 -6.198883056640625e-06
    vertex -68.78236389160156 2.3537728786468506 -6.318092346191406e-06
    vertex -68.59394073486328 3.5624349117279053 0.517630934715271
  endloop
endfacet
facet normal 0.0 0.0 0.0
  outer loop
    vertex -68.59394073486328 3.5624349117279053 0.517630934715271
    vertex -68.78236389160156 2.3537728786468506 -6.318092346191406e-06
    vertex -68.78292846679688 1.192527413368225 0.517630934715271
  endloop
endfacet
facet normal 0.0 0.0 0.0
  outer loop
    vertex -68.59394073486328 3.5624349117279053 0.517630934715271
    vertex -68.78292846679688 1.192527413368225 0.517630934715271
    vertex -68.58318328857422 1.1870914697647095 0.999993622303009
  endloop
endfacet
facet normal 0.0 0.0 0.0
  outer loop
    vertex -68.58318328857422 1.1870914697647095 0.999993622303009
    vertex -68.78292846679688 1.192527413368225 0.517630934715271
    vertex -68.58318328857422 -1.1870914697647095 0.999993622303009
  endloop
endfacet
facet normal 0.0 0.0 0.0
  outer loop
    vertex -68.58318328857422 1.1870914697647095 0.999993622303009
    vertex -68.58318328857422 -1.1870914697647095 0.999993622303009
    vertex -68.2655029296875 -1.1768988370895386 1.4142067432403564
  endloop
endfacet
facet normal 0.0 0.0 0.0
  outer loop
    vertex -68.2655029296875 -1.1768988370895386 1.4142067432403564
    vertex -68.58318328857422 -1.1870914697647095 0.999993622303009
    vertex -68.39556121826172 -3.5386548042297363 0.999993622303009
  endloop
endfacet
facet normal 0.0 0.0 0.0
  outer loop
    vertex -68.2655029296875 -1.1768988370895386 1.4142067432403564
    vertex -68.39556121826172 -3.5386548042297363 0.999993622303009
    vertex -68.0799789428711 -3.500826597213745 1.4142067432403564
  endloop
endfacet
facet normal 0.0 0.0 0.0
  outer loop
    vertex -68.0799789428711 -3.500826597213745 1.4142067432403564
    vertex -68.39556121826172 -3.5386548042297363 0.999993622303009
    vertex -67.70951843261719 -5.810112953186035 1.414206862449646
  endloop
endfacet
facet normal 0.0 0.0 0.0
  outer loop
    vertex -68.0799789428711 -3.500826597213745 1.4142067432403564
    vertex -67.70951843261719 -5.810112953186035 1.414206862449646
    vertex -67.303466796875 -5.728294372558594 1.732043743133545
  endloop
endfacet
facet normal 0.0 0.0 0.0
  outer loop
    vertex -67.303466796875 -5.728294372558594 1.732043743133545
    vertex -67.70951843261719 -5.810112953186035 1.414206862449646
    vertex -66.75848388671875 -7.968845367431641 1.732043743133545
  endloop
endfacet
facet normal 0.0 0.0 0.0
  outer loop
    vertex -67.303466796875 -5.728294372558594 1.732043743133545
    vertex -66.75848388671875 -7.968845367431641 1.732043743133545
    vertex -66.29469299316406 -7.836297988891602 1.9318461418151855
  endloop
endfacet
facet normal 0.0 0.0 0.0
  outer loop
    vertex -66.29469299316406 -7.836297988891602 1.9318461418151855
    vertex -66.75848388671875 -7.968845367431641 1.732043743133545
    vertex -65.58541870117188 -9.99003791809082 1.931846261024475
  endloop
endfacet
facet normal 0.0 0.0 0.0
  outer loop
    vertex -68.78236389160156 2.3537728786468506 -6.318092346191406e-06
    vertex -68.87483978271484 -0.0 -6.318092346191406e-06
    vertex -68.78292846679688 1.192527413368225 0.517630934715271
  endloop
endfacet
facet normal 0.0 0.0 0.0
  outer loop
    vertex -68.78292846679688 1.192527413368225 0.517630934715271
    vertex -68.87483978271484 -0.0 -6.318092346191406e-06
    vertex -68.78292846679688 -1.192527413368225 0.517630934715271
  endloop
endfacet
facet normal 0.0 0.0 0.0
  outer loop
    vertex -68.78292846679688 1.192527413368225 0.517630934715271
    vertex -68.78292846679688 -1.192527413368225 0.517630934715271
    vertex -68.58318328857422 -1.1870914697647095 0.999993622303009
  endloop
endfacet
facet normal 0.0 0.0 0.0
  outer loop
    vertex -68.58318328857422 -1.1870914697647095 0.999993622303009
    vertex -68.78292846679688 -1.192527413368225 0.517630934715271
    vertex -68.59394073486328 -3.5624349117279053 0.517630934715271
  endloop
endfacet
facet normal 0.0 0.0 0.0
  outer loop
    vertex -68.58318328857422 -1.1870914697647095 0.999993622303009
    vertex -68.59394073486328 -3.5624349117279053 0.517630934715271
    vertex -68.39556121826172 -3.5386548042297363 0.999993622303009
  endloop
endfacet
facet normal 0.0 0.0 0.0
  outer loop
    vertex -68.39556121826172 -3.5386548042297363 0.999993622303009
    vertex -68.59394073486328 -3.5624349117279053 0.517630934715271
    vertex -68.0210952758789 -5.872894763946533 0.9999936819076538
  endloop
endfacet
facet normal 0.0 0.0 0.0
  outer loop
    vertex -68.39556121826172 -3.5386548042297363 0.999993622303009
    vertex -68.0210952758789 -5.872894763946533 0.9999936819076538
    vertex -67.70951843261719 -5.810112953186035 1.414206862449646
  endloop
endfacet
facet normal 0.0 0.0 0.0
  outer loop
    vertex -67.70951843261719 -5.810112953186035 1.414206862449646
    vertex -68.0210952758789 -5.872894763946533 0.9999936819076538
    vertex -67.15675354003906 -8.082666397094727 1.4142069816589355
  endloop
endfacet
facet normal 0.0 0.0 0.0
  outer loop
    vertex -67.70951843261719 -5.810112953186035 1.414206862449646
    vertex -67.15675354003906 -8.082666397094727 1.4142069816589355
    vertex -66.75848388671875 -7.968845367431641 1.732043743133545
  endloop
endfacet
facet normal 0.0 0.0 0.0
  outer loop
    vertex -66.75848388671875 -7.968845367431641 1.732043743133545
    vertex -67.15675354003906 -8.082666397094727 1.4142069816589355
    vertex -66.03721618652344 -10.159014701843262 1.7320438623428345
  endloop
endfacet
facet normal 0.0 0.0 0.0
  outer loop
    vertex -66.75848388671875 -7.968845367431641 1.732043743133545
    vertex -66.03721618652344 -10.159014701843262 1.7320438623428345
    vertex -65.58541870117188 -9.99003791809082 1.931846261024475
  endloop
endfacet
facet normal 0.0 0.0 0.0
  outer loop
    vertex -65.58541870117188 -9.99003791809082 1.931846261024475
    vertex -66.03721618652344 -10.159014701843262 1.7320438623428345
    vertex -64.70726776123047 -12.080617904663086 1.9318463802337646
  endloop
endfacet
facet normal 0.0 0.0 0.0
  outer loop
    vertex -68.87483978271484 -0.0 -6.318092346191406e-06
    vertex -68.78236389160156 -2.3537728786468506 -6.318092346191406e-06
    vertex -68.78292846679688 -1.192527413368225 0.517630934715271
  endloop
endfacet
facet normal 0.0 0.0 0.0
  outer loop
    vertex -68.78292846679688 -1.192527413368225 0.517630934715271
    vertex -68.78236389160156 -2.3537728786468506 -6.318092346191406e-06
    vertex -68.59394073486328 -3.5624349117279053 0.517630934715271
  endloop
endfacet
facet normal 0.0 0.0 0.0
  outer loop
    vertex -68.78236389160156 -2.3537728786468506 -6.318092346191406e-06
    vertex -68.5054931640625 -4.6930341720581055 -6.198883056640625e-06
    vertex -68.59394073486328 -3.5624349117279053 0.517630934715271
  endloop
endfacet
facet normal 0.0 0.0 0.0
  outer loop
    vertex -68.59394073486328 -3.5624349117279053 0.517630934715271
    vertex -68.5054931640625 -4.6930341720581055 -6.198883056640625e-06
    vertex -68.21695709228516 -5.912360668182373 0.517630934715271
  endloop
endfacet
facet normal 0.0 0.0 0.0
  outer loop
    vertex -68.59394073486328 -3.5624349117279053 0.517630934715271
    vertex -68.21695709228516 -5.912360668182373 0.517630934715271
    vertex -68.0210952758789 -5.872894763946533 0.9999936819076538
  endloop
endfacet
facet normal 0.0 0.0 0.0
  outer loop
    vertex -68.0210952758789 -5.872894763946533 0.9999936819076538
    vertex -68.21695709228516 -5.912360668182373 0.517630934715271
    vertex -67.46235656738281 -8.170003890991211 0.9999937415122986
  endloop
endfacet
facet normal 0.0 0.0 0.0
  outer loop
    vertex -68.0210952758789 -5.872894763946533 0.9999936819076538
    vertex -67.46235656738281 -8.170003890991211 0.9999937415122986
    vertex -67.15675354003906 -8.082666397094727 1.4142069816589355
  endloop
endfacet
facet normal 0.0 0.0 0.0
  outer loop
    vertex -67.15675354003906 -8.082666397094727 1.4142069816589355
    vertex -67.46235656738281 -8.170003890991211 0.9999937415122986
    vertex -66.42517852783203 -10.304118156433105 1.4142069816589355
  endloop
endfacet
facet normal 0.0 0.0 0.0
  outer loop
    vertex -67.15675354003906 -8.082666397094727 1.4142069816589355
    vertex -66.42517852783203 -10.304118156433105 1.4142069816589355
    vertex -66.03721618652344 -10.159014701843262 1.7320438623428345
  endloop
endfacet
facet normal 0.0 0.0 0.0
  outer loop
    vertex -66.03721618652344 -10.159014701843262 1.7320438623428345
    vertex -66.42517852783203 -10.304118156433105 1.4142069816589355
    vertex -65.14421844482422 -12.284955024719238 1.732043981552124
  endloop
endfacet
facet normal 0.0 0.0 0.0
  outer loop
    vertex -66.03721618652344 -10.159014701843262 1.7320438623428345
    vertex -65.14421844482422 -12.284955024719238 1.732043981552124
    vertex -64.70726776123047 -12.080617904663086 1.9318463802337646
  endloop
endfacet
facet normal 0.0 0.0 0.0
  outer loop
    vertex -64.70726776123047 -12.080617904663086 1.9318463802337646
    vertex -65.14421844482422 -12.284955024719238 1.732043981552124
    vertex -63.665802001953125 -14.094819068908691 1.9318464994430542
  endloop
endfacet
facet normal 0.0 0.0 0.0
  outer loop
    vertex -68.5054931640625 -4.6930341720581055 -6.198883056640625e-06
    vertex -68.04593658447266 -7.003360748291016 -6.198883056640625e-06
    vertex -68.21695709228516 -5.912360668182373 0.517630934715271
  endloop
endfacet
facet normal 0.0 0.0 0.0
  outer loop
    vertex -68.21695709228516 -5.912360668182373 0.517630934715271
    vertex -68.04593658447266 -7.003360748291016 -6.198883056640625e-06
    vertex -67.65446472167969 -8.224906921386719 0.5176310539245605
  endloop
endfacet
facet normal 0.0 0.0 0.0
  outer loop
    vertex -68.21695709228516 -5.912360668182373 0.517630934715271
    vertex -67.65446472167969 -8.224906921386719 0.5176310539245605
    vertex -67.46235656738281 -8.170003890991211 0.9999937415122986
  endloop
endfacet
facet normal 0.0 0.0 0.0
  outer loop
    vertex -67.46235656738281 -8.170003890991211 0.9999937415122986
    vertex -67.65446472167969 -8.224906921386719 0.5176310539245605
    vertex -66.7228775024414 -10.415459632873535 0.9999938607215881
  endloop
endfacet
facet normal 0.0 0.0 0.0
  outer loop
    vertex -67.46235656738281 -8.170003890991211 0.9999937415122986
    vertex -66.7228775024414 -10.415459632873535 0.9999938607215881
    vertex -66.42517852783203 -10.304118156433105 1.4142069816589355
  endloop
endfacet
facet normal 0.0 0.0 0.0
  outer loop
    vertex -66.42517852783203 -10.304118156433105 1.4142069816589355
    vertex -66.7228775024414 -10.415459632873535 0.9999938607215881
    vertex -65.51942443847656 -12.460424423217773 1.414207100868225
  endloop
endfacet
facet normal 0.0 0.0 0.0
  outer loop
    vertex -66.42517852783203 -10.304118156433105 1.4142069816589355
    vertex -65.51942443847656 -12.460424423217773 1.414207100868225
    vertex -65.14421844482422 -12.284955024719238 1.732043981552124
  endloop
endfacet
facet normal 0.0 0.0 0.0
  outer loop
    vertex -65.14421844482422 -12.284955024719238 1.732043981552124
    vertex -65.51942443847656 -12.460424423217773 1.414207100868225
    vertex -64.08512878417969 -14.333226203918457 1.7320441007614136
  endloop
endfacet
facet normal 0.0 0.0 0.0
  outer loop
    vertex -65.14421844482422 -12.284955024719238 1.732043981552124
    vertex -64.08512878417969 -14.333226203918457 1.7320441007614136
    vertex -63.665802001953125 -14.094819068908691 1.9318464994430542
  endloop
endfacet
facet normal 0.0 0.0 0.0
  outer loop
    vertex -63.665802001953125 -14.094819068908691 1.9318464994430542
    vertex -64.08512878417969 -14.333226203918457 1.7320441007614136
    vertex -62.46759796142578 -16.019908905029297 1.9318466186523438
  endloop
endfacet
facet normal 0.0 0.0 0.0
  outer loop
    vertex -68.04593658447266 -7.003360748291016 -6.198883056640625e-06
    vertex -67.40653991699219 -9.270509719848633 -6.079673767089844e-06
    vertex -67.65446472167969 -8.224906921386719 0.5176310539245605
  endloop
endfacet
facet normal 0.0 0.0 0.0
  outer loop
    vertex -67.65446472167969 -8.224906921386719 0.5176310539245605
    vertex -67.40653991699219 -9.270509719848633 -6.079673767089844e-06
    vertex -66.91001892089844 -10.485452651977539 0.5176311731338501
  endloop
endfacet
facet normal 0.0 0.0 0.0
  outer loop
    vertex -67.65446472167969 -8.224906921386719 0.5176310539245605
    vertex -66.91001892089844 -10.485452651977539 0.5176311731338501
    vertex -66.7228775024414 -10.415459632873535 0.9999938607215881
  endloop
endfacet
facet normal 0.0 0.0 0.0
  outer loop
    vertex -66.7228775024414 -10.415459632873535 0.9999938607215881
    vertex -66.91001892089844 -10.485452651977539 0.5176311731338501
    vertex -65.80733489990234 -12.59506607055664 0.9999939799308777
  endloop
endfacet
facet normal 0.0 0.0 0.0
  outer loop
    vertex -66.7228775024414 -10.415459632873535 0.9999938607215881
    vertex -65.80733489990234 -12.59506607055664 0.9999939799308777
    vertex -65.51942443847656 -12.460424423217773 1.414207100868225
  endloop
endfacet
facet normal 0.0 0.0 0.0
  outer loop
    vertex -65.51942443847656 -12.460424423217773 1.414207100868225
    vertex -65.80733489990234 -12.59506607055664 0.9999939799308777
    vertex -64.4452133178711 -14.537951469421387 1.4142072200775146
  endloop
endfacet
facet normal 0.0 0.0 0.0
  outer loop
    vertex -65.51942443847656 -12.460424423217773 1.414207100868225
    vertex -64.4452133178711 -14.537951469421387 1.4142072200775146
    vertex -64.08512878417969 -14.333226203918457 1.7320441007614136
  endloop
endfacet
facet normal 0.0 0.0 0.0
  outer loop
    vertex -64.08512878417969 -14.333226203918457 1.7320441007614136
    vertex -64.4452133178711 -14.537951469421387 1.4142072200775146
    vertex -62.866661071777344 -16.290878295898438 1.7320442199707031
  endloop
endfacet
facet normal 0.0 0.0 0.0
  outer loop
    vertex -64.08512878417969 -14.333226203918457 1.7320441007614136
    vertex -62.866661071777344 -16.290878295898438 1.7320442199707031
    vertex -62.46759796142578 -16.019908905029297 1.9318466186523438
  endloop
endfacet
facet normal 0.0 0.0 0.0
  outer loop
    vertex -62.46759796142578 -16.019908905029297 1.9318466186523438
    vertex -62.866661071777344 -16.290878295898438 1.7320442199707031
    vertex -61.120235443115234 -17.84371566772461 1.9318468570709229
  endloop
endfacet
facet normal 0.0 0.0 0.0
  outer loop
    vertex -67.40653991699219 -9.270509719848633 -6.079673767089844e-06
    vertex -66.59123229980469 -11.48050308227539 -5.9604644775390625e-06
    vertex -66.91001892089844 -10.485452651977539 0.5176311731338501
  endloop
endfacet
facet normal 0.0 0.0 0.0
  outer loop
    vertex -66.91001892089844 -10.485452651977539 0.5176311731338501
    vertex -66.59123229980469 -11.48050308227539 -5.9604644775390625e-06
    vertex -65.98831939697266 -12.679705619812012 0.5176312923431396
  endloop
endfacet
facet normal 0.0 0.0 0.0
  outer loop
    vertex -66.91001892089844 -10.485452651977539 0.5176311731338501
    vertex -65.98831939697266 -12.679705619812012 0.5176312923431396
    vertex -65.80733489990234 -12.59506607055664 0.9999939799308777
  endloop
endfacet
facet normal 0.0 0.0 0.0
  outer loop
    vertex -65.80733489990234 -12.59506607055664 0.9999939799308777
    vertex -65.98831939697266 -12.679705619812012 0.5176312923431396
    vertex -64.72151947021484 -14.69504165649414 0.9999940991401672
  endloop
endfacet
facet normal 0.0 0.0 0.0
  outer loop
    vertex -65.80733489990234 -12.59506607055664 0.9999939799308777
    vertex -64.72151947021484 -14.69504165649414 0.9999940991401672
    vertex -64.4452133178711 -14.537951469421387 1.4142072200775146
  endloop
endfacet
facet normal 0.0 0.0 0.0
  outer loop
    vertex -64.4452133178711 -14.537951469421387 1.4142072200775146
    vertex -64.72151947021484 -14.69504165649414 0.9999940991401672
    vertex -63.20934295654297 -16.5235652923584 1.4142074584960938
  endloop
endfacet
facet normal 0.0 0.0 0.0
  outer loop
    vertex -64.4452133178711 -14.537951469421387 1.4142072200775146
    vertex -63.20934295654297 -16.5235652923584 1.4142074584960938
    vertex -62.866661071777344 -16.290878295898438 1.7320442199707031
  endloop
endfacet
facet normal 0.0 0.0 0.0
  outer loop
    vertex -62.866661071777344 -16.290878295898438 1.7320442199707031
    vertex -63.20934295654297 -16.5235652923584 1.4142074584960938
    vertex -61.49650573730469 -18.14553451538086 1.7320444583892822
  endloop
endfacet
facet normal 0.0 0.0 0.0
  outer loop
    vertex -62.866661071777344 -16.290878295898438 1.7320442199707031
    vertex -61.49650573730469 -18.14553451538086 1.7320444583892822
    vertex -61.120235443115234 -17.84371566772461 1.9318468570709229
  endloop
endfacet
facet normal 0.0 0.0 0.0
  outer loop
    vertex -61.120235443115234 -17.84371566772461 1.9318468570709229
    vertex -61.49650573730469 -18.14553451538086 1.7320444583892822
    vertex -59.63222885131836 -19.554710388183594 1.931847095489502
  endloop
endfacet
facet normal 0.0 0.0 0.0
  outer loop
    vertex -66.59123229980469 -11.48050308227539 -5.9604644775390625e-06
    vertex -65.60504150390625 -13.619714736938477 -5.841255187988281e-06
    vertex -65.98831939697266 -12.679705619812012 0.5176312923431396
  endloop
endfacet
facet normal 0.0 0.0 0.0
  outer loop
    vertex -65.98831939697266 -12.679705619812012 0.5176312923431396
    vertex -65.60504150390625 -13.619714736938477 -5.841255187988281e-06
    vertex -64.89521026611328 -14.793793678283691 0.5176314115524292
  endloop
endfacet
facet normal 0.0 0.0 0.0
  outer loop
    vertex -65.98831939697266 -12.679705619812012 0.5176312923431396
    vertex -64.89521026611328 -14.793793678283691 0.5176314115524292
    vertex -64.72151947021484 -14.69504165649414 0.9999940991401672
  endloop
endfacet
facet normal 0.0 0.0 0.0
  outer loop
    vertex -64.72151947021484 -14.69504165649414 0.9999940991401672
    vertex -64.89521026611328 -14.793793678283691 0.5176314115524292
    vertex -63.4722900390625 -16.702110290527344 0.9999942779541016
  endloop
endfacet
facet normal 0.0 0.0 0.0
  outer loop
    vertex -64.72151947021484 -14.69504165649414 0.9999940991401672
    vertex -63.4722900390625 -16.702110290527344 0.9999942779541016
    vertex -63.20934295654297 -16.5235652923584 1.4142074584960938
  endloop
endfacet
facet normal 0.0 0.0 0.0
  outer loop
    vertex -63.20934295654297 -16.5235652923584 1.4142074584960938
    vertex -63.4722900390625 -16.702110290527344 0.9999942779541016
    vertex -61.819618225097656 -18.40471076965332 1.4142076969146729
  endloop
endfacet
facet normal 0.0 0.0 0.0
  outer loop
    vertex -63.20934295654297 -16.5235652923584 1.4142074584960938
    vertex -61.819618225097656 -18.40471076965332 1.4142076969146729
    vertex -61.49650573730469 -18.14553451538086 1.7320444583892822
  endloop
endfacet
facet normal 0.0 0.0 0.0
  outer loop
    vertex -61.49650573730469 -18.14553451538086 1.7320444583892822
    vertex -61.819618225097656 -18.40471076965332 1.4142076969146729
    vertex -59.98332977294922 -19.885467529296875 1.7320446968078613
  endloop
endfacet
facet normal 0.0 0.0 0.0
  outer loop
    vertex -61.49650573730469 -18.14553451538086 1.7320444583892822
    vertex -59.98332977294922 -19.885467529296875 1.7320446968078613
    vertex -59.63222885131836 -19.554710388183594 1.931847095489502
  endloop
endfacet
facet normal 0.0 0.0 0.0
  outer loop
    vertex -59.63222885131836 -19.554710388183594 1.931847095489502
    vertex -59.98332977294922 -19.885467529296875 1.7320446968078613
    vertex -58.01298522949219 -21.142072677612305 1.9318472146987915
  endloop
endfacet
facet normal 0.0 0.0 0.0
  outer loop
    vertex -65.60504150390625 -13.619714736938477 -5.841255187988281e-06
    vertex -64.45404815673828 -15.674957275390625 -5.7220458984375e-06
    vertex -64.89521026611328 -14.793793678283691 0.5176314115524292
  endloop
endfacet
facet normal 0.0 0.0 0.0
  outer loop
    vertex -64.89521026611328 -14.793793678283691 0.5176314115524292
    vertex -64.45404815673828 -15.674957275390625 -5.7220458984375e-06
    vertex -63.6375846862793 -16.814350128173828 0.5176315903663635
  endloop
endfacet
facet normal 0.0 0.0 0.0
  outer loop
    vertex -64.89521026611328 -14.793793678283691 0.5176314115524292
    vertex -63.6375846862793 -16.814350128173828 0.5176315903663635
    vertex -63.4722900390625 -16.702110290527344 0.9999942779541016
  endloop
endfacet
facet normal 0.0 0.0 0.0
  outer loop
    vertex -63.4722900390625 -16.702110290527344 0.9999942779541016
    vertex -63.6375846862793 -16.814350128173828 0.5176315903663635
    vertex -62.06754684448242 -18.60358428955078 0.9999944567680359
  endloop
endfacet
facet normal 0.0 0.0 0.0
  outer loop
    vertex -63.4722900390625 -16.702110290527344 0.9999942779541016
    vertex -62.06754684448242 -18.60358428955078 0.9999944567680359
    vertex -61.819618225097656 -18.40471076965332 1.4142076969146729
  endloop
endfacet
facet normal 0.0 0.0 0.0
  outer loop
    vertex -61.819618225097656 -18.40471076965332 1.4142076969146729
    vertex -62.06754684448242 -18.60358428955078 0.9999944567680359
    vertex -60.284828186035156 -20.169496536254883 1.4142078161239624
  endloop
endfacet
facet normal 0.0 0.0 0.0
  outer loop
    vertex -61.819618225097656 -18.40471076965332 1.4142076969146729
    vertex -60.284828186035156 -20.169496536254883 1.4142078161239624
    vertex -59.98332977294922 -19.885467529296875 1.7320446968078613
  endloop
endfacet
facet normal 0.0 0.0 0.0
  outer loop
    vertex -59.98332977294922 -19.885467529296875 1.7320446968078613
    vertex -60.284828186035156 -20.169496536254883 1.4142078161239624
    vertex -58.336700439453125 -21.499679565429688 1.7320449352264404
  endloop
endfacet
facet normal 0.0 0.0 0.0
  outer loop
    vertex -59.98332977294922 -19.885467529296875 1.7320446968078613
    vertex -58.336700439453125 -21.499679565429688 1.7320449352264404
    vertex -58.01298522949219 -21.142072677612305 1.9318472146987915
  endloop
endfacet
facet normal 0.0 0.0 0.0
  outer loop
    vertex -58.01298522949219 -21.142072677612305 1.9318472146987915
    vertex -58.336700439453125 -21.499679565429688 1.7320449352264404
    vertex -56.272743225097656 -22.595766067504883 1.9318474531173706
  endloop
endfacet
facet normal 0.0 0.0 0.0
  outer loop
    vertex -64.45404815673828 -15.674957275390625 -5.7220458984375e-06
    vertex -63.145355224609375 -17.63355827331543 -5.602836608886719e-06
    vertex -63.6375846862793 -16.814350128173828 0.5176315903663635
  endloop
endfacet
facet normal 0.0 0.0 0.0
  outer loop
    vertex -63.6375846862793 -16.814350128173828 0.5176315903663635
    vertex -63.145355224609375 -17.63355827331543 -5.602836608886719e-06
    vertex -62.22340393066406 -18.728601455688477 0.5176317691802979
  endloop
endfacet
facet normal 0.0 0.0 0.0
  outer loop
    vertex -63.6375846862793 -16.814350128173828 0.5176315903663635
    vertex -62.22340393066406 -18.728601455688477 0.5176317691802979
    vertex -62.06754684448242 -18.60358428955078 0.9999944567680359
  endloop
endfacet
facet normal 0.0 0.0 0.0
  outer loop
    vertex -62.06754684448242 -18.60358428955078 0.9999944567680359
    vertex -62.22340393066406 -18.728601455688477 0.5176317691802979
    vertex -60.51617431640625 -20.387439727783203 0.999994695186615
  endloop
endfacet
facet normal 0.0 0.0 0.0
  outer loop
    vertex -62.06754684448242 -18.60358428955078 0.9999944567680359
    vertex -60.51617431640625 -20.387439727783203 0.999994695186615
    vertex -60.284828186035156 -20.169496536254883 1.4142078161239624
  endloop
endfacet
facet normal 0.0 0.0 0.0
  outer loop
    vertex -60.284828186035156 -20.169496536254883 1.4142078161239624
    vertex -60.51617431640625 -20.387439727783203 0.999994695186615
    vertex -58.61467742919922 -21.806764602661133 1.4142080545425415
  endloop
endfacet
facet normal 0.0 0.0 0.0
  outer loop
    vertex -60.284828186035156 -20.169496536254883 1.4142078161239624
    vertex -58.61467742919922 -21.806764602661133 1.4142080545425415
    vertex -58.336700439453125 -21.499679565429688 1.7320449352264404
  endloop
endfacet
facet normal 0.0 0.0 0.0
  outer loop
    vertex -58.336700439453125 -21.499679565429688 1.7320449352264404
    vertex -58.61467742919922 -21.806764602661133 1.4142080545425415
    vertex -56.56702423095703 -22.977962493896484 1.7320451736450195
  endloop
endfacet
facet normal 0.0 0.0 0.0
  outer loop
    vertex -58.336700439453125 -21.499679565429688 1.7320449352264404
    vertex -56.56702423095703 -22.977962493896484 1.7320451736450195
    vertex -56.272743225097656 -22.595766067504883 1.9318474531173706
  endloop
endfacet
facet normal 0.0 0.0 0.0
  outer loop
    vertex -56.272743225097656 -22.595766067504883 1.9318474531173706
    vertex -56.56702423095703 -22.977962493896484 1.7320451736450195
    vertex -54.42251205444336 -23.906604766845703 1.9318476915359497
  endloop
endfacet
facet normal 0.0 0.0 0.0
  outer loop
    vertex -63.145355224609375 -17.63355827331543 -5.602836608886719e-06
    vertex -61.6870231628418 -19.483442306518555 -5.364418029785156e-06
    vertex -62.22340393066406 -18.728601455688477 0.5176317691802979
  endloop
endfacet
facet normal 0.0 0.0 0.0
  outer loop
    vertex -62.22340393066406 -18.728601455688477 0.5176317691802979
    vertex -61.6870231628418 -19.483442306518555 -5.364418029785156e-06
    vertex -60.66160583496094 -20.524444580078125 0.517632007598877
  endloop
endfacet
facet normal 0.0 0.0 0.0
  outer loop
    vertex -62.22340393066406 -18.728601455688477 0.5176317691802979
    vertex -60.66160583496094 -20.524444580078125 0.517632007598877
    vertex -60.51617431640625 -20.387439727783203 0.999994695186615
  endloop
endfacet
facet normal 0.0 0.0 0.0
  outer loop
    vertex -60.51617431640625 -20.387439727783203 0.999994695186615
    vertex -60.66160583496094 -20.524444580078125 0.517632007598877
    vertex -58.82797622680664 -22.04239845275879 0.9999949336051941
  endloop
endfacet
facet normal 0.0 0.0 0.0
  outer loop
    vertex -60.51617431640625 -20.387439727783203 0.999994695186615
    vertex -58.82797622680664 -22.04239845275879 0.9999949336051941
    vertex -58.61467742919922 -21.806764602661133 1.4142080545425415
  endloop
endfacet
facet normal 0.0 0.0 0.0
  outer loop
    vertex -58.61467742919922 -21.806764602661133 1.4142080545425415
    vertex -58.82797622680664 -22.04239845275879 0.9999949336051941
    vertex -56.819725036621094 -23.306161880493164 1.4142082929611206
  endloop
endfacet
facet normal 0.0 0.0 0.0
  outer loop
    vertex -58.61467742919922 -21.806764602661133 1.4142080545425415
    vertex -56.819725036621094 -23.306161880493164 1.4142082929611206
    vertex -56.56702423095703 -22.977962493896484 1.7320451736450195
  endloop
endfacet
facet normal 0.0 0.0 0.0
  outer loop
    vertex -56.56702423095703 -22.977962493896484 1.7320451736450195
    vertex -56.819725036621094 -23.306161880493164 1.4142082929611206
    vertex -54.68549346923828 -24.310972213745117 1.7320454120635986
  endloop
endfacet
facet normal 0.0 0.0 0.0
  outer loop
    vertex -56.56702423095703 -22.977962493896484 1.7320451736450195
    vertex -54.68549346923828 -24.310972213745117 1.7320454120635986
    vertex -54.42251205444336 -23.906604766845703 1.9318476915359497
  endloop
endfacet
facet normal 0.0 0.0 0.0
  outer loop
    vertex -54.42251205444336 -23.906604766845703 1.9318476915359497
    vertex -54.68549346923828 -24.310972213745117 1.7320454120635986
    vertex -52.473976135253906 -25.066295623779297 1.9318480491638184
  endloop
endfacet
facet normal 0.0 0.0 0.0
  outer loop
    vertex -61.6870231628418 -19.483442306518555 -5.364418029785156e-06
    vertex -60.08804702758789 -21.21320343017578 -5.125999450683594e-06
    vertex -60.66160583496094 -20.524444580078125 0.517632007598877
  endloop
endfacet
facet normal 0.0 0.0 0.0
  outer loop
    vertex -60.66160583496094 -20.524444580078125 0.517632007598877
    vertex -60.08804702758789 -21.21320343017578 -5.125999450683594e-06
    vertex -58.96206283569336 -22.19052505493164 0.517632246017456
  endloop
endfacet
facet normal 0.0 0.0 0.0
  outer loop
    vertex -60.66160583496094 -20.524444580078125 0.517632007598877
    vertex -58.96206283569336 -22.19052505493164 0.517632246017456
    vertex -58.82797622680664 -22.04239845275879 0.9999949336051941
  endloop
endfacet
facet normal 0.0 0.0 0.0
  outer loop
    vertex -58.82797622680664 -22.04239845275879 0.9999949336051941
    vertex -58.96206283569336 -22.19052505493164 0.517632246017456
    vertex -57.01362609863281 -23.557998657226562 0.9999951720237732
  endloop
endfacet
facet normal 0.0 0.0 0.0
  outer loop
    vertex -58.82797622680664 -22.04239845275879 0.9999949336051941
    vertex -57.01362609863281 -23.557998657226562 0.9999951720237732
    vertex -56.819725036621094 -23.306161880493164 1.4142082929611206
  endloop
endfacet
facet normal 0.0 0.0 0.0
  outer loop
    vertex -56.819725036621094 -23.306161880493164 1.4142082929611206
    vertex -57.01362609863281 -23.557998657226562 0.9999951720237732
    vertex -54.911319732666016 -24.658212661743164 1.4142085313796997
  endloop
endfacet
facet normal 0.0 0.0 0.0
  outer loop
    vertex -56.819725036621094 -23.306161880493164 1.4142082929611206
    vertex -54.911319732666016 -24.658212661743164 1.4142085313796997
    vertex -54.68549346923828 -24.310972213745117 1.7320454120635986
  endloop
endfacet
facet normal 0.0 0.0 0.0
  outer loop
    vertex -54.68549346923828 -24.310972213745117 1.7320454120635986
    vertex -54.911319732666016 -24.658212661743164 1.4142085313796997
    vertex -52.704002380371094 -25.490280151367188 1.7320456504821777
  endloop
endfacet
facet normal 0.0 0.0 0.0
  outer loop
    vertex -54.68549346923828 -24.310972213745117 1.7320454120635986
    vertex -52.704002380371094 -25.490280151367188 1.7320456504821777
    vertex -52.473976135253906 -25.066295623779297 1.9318480491638184
  endloop
endfacet
facet normal 0.0 0.0 0.0
  outer loop
    vertex -52.473976135253906 -25.066295623779297 1.9318480491638184
    vertex -52.704002380371094 -25.490280151367188 1.7320456504821777
    vertex -50.43946838378906 -26.0675106048584 1.9318482875823975
  endloop
endfacet
facet normal 0.0 0.0 0.0
  outer loop
    vertex -60.08804702758789 -21.21320343017578 -5.125999450683594e-06
    vertex -58.35828399658203 -22.812179565429688 -4.887580871582031e-06
    vertex -58.96206283569336 -22.19052505493164 0.517632246017456
  endloop
endfacet
facet normal 0.0 0.0 0.0
  outer loop
    vertex -58.96206283569336 -22.19052505493164 0.517632246017456
    vertex -58.35828399658203 -22.812179565429688 -4.887580871582031e-06
    vertex -57.135520935058594 -23.716310501098633 0.5176324844360352
  endloop
endfacet
facet normal 0.0 0.0 0.0
  outer loop
    vertex -58.96206283569336 -22.19052505493164 0.517632246017456
    vertex -57.135520935058594 -23.716310501098633 0.5176324844360352
    vertex -57.01362609863281 -23.557998657226562 0.9999951720237732
  endloop
endfacet
facet normal 0.0 0.0 0.0
  outer loop
    vertex -57.01362609863281 -23.557998657226562 0.9999951720237732
    vertex -57.135520935058594 -23.716310501098633 0.5176324844360352
    vertex -55.08460235595703 -24.924657821655273 0.9999954104423523
  endloop
endfacet
facet normal 0.0 0.0 0.0
  outer loop
    vertex -57.01362609863281 -23.557998657226562 0.9999951720237732
    vertex -55.08460235595703 -24.924657821655273 0.9999954104423523
    vertex -54.911319732666016 -24.658212661743164 1.4142085313796997
  endloop
endfacet
facet normal 0.0 0.0 0.0
  outer loop
    vertex -54.911319732666016 -24.658212661743164 1.4142085313796997
    vertex -55.08460235595703 -24.924657821655273 0.9999954104423523
    vertex -52.901527404785156 -25.8543643951416 1.4142088890075684
  endloop
endfacet
facet normal 0.0 0.0 0.0
  outer loop
    vertex -54.911319732666016 -24.658212661743164 1.4142085313796997
    vertex -52.901527404785156 -25.8543643951416 1.4142088890075684
    vertex -52.704002380371094 -25.490280151367188 1.7320456504821777
  endloop
endfacet
facet normal 0.0 0.0 0.0
  outer loop
    vertex -52.704002380371094 -25.490280151367188 1.7320456504821777
    vertex -52.901527404785156 -25.8543643951416 1.4142088890075684
    vertex -50.63507843017578 -26.50843048095703 1.7320458889007568
  endloop
endfacet
facet normal 0.0 0.0 0.0
  outer loop
    vertex -52.704002380371094 -25.490280151367188 1.7320456504821777
    vertex -50.63507843017578 -26.50843048095703 1.7320458889007568
    vertex -50.43946838378906 -26.0675106048584 1.9318482875823975
  endloop
endfacet
facet normal 0.0 0.0 0.0
  outer loop
    vertex -50.43946838378906 -26.0675106048584 1.9318482875823975
    vertex -50.63507843017578 -26.50843048095703 1.7320458889007568
    vertex -48.33184051513672 -26.903919219970703 1.9318485260009766
  endloop
endfacet
facet normal 0.0 0.0 0.0
  outer loop
    vertex -58.35828399658203 -22.812179565429688 -4.887580871582031e-06
    vertex -56.508399963378906 -24.270509719848633 -4.649162292480469e-06
    vertex -57.135520935058594 -23.716310501098633 0.5176324844360352
  endloop
endfacet
facet normal 0.0 0.0 0.0
  outer loop
    vertex -57.135520935058594 -23.716310501098633 0.5176324844360352
    vertex -56.508399963378906 -24.270509719848633 -4.649162292480469e-06
    vertex -55.19353485107422 -25.092153549194336 0.5176327228546143
  endloop
endfacet
facet normal 0.0 0.0 0.0
  outer loop
    vertex -57.135520935058594 -23.716310501098633 0.5176324844360352
    vertex -55.19353485107422 -25.092153549194336 0.5176327228546143
    vertex -55.08460235595703 -24.924657821655273 0.9999954104423523
  endloop
endfacet
facet normal 0.0 0.0 0.0
  outer loop
    vertex -55.08460235595703 -24.924657821655273 0.9999954104423523
    vertex -55.19353485107422 -25.092153549194336 0.5176327228546143
    vertex -53.05309295654297 -26.13373565673828 0.9999957084655762
  endloop
endfacet
facet normal 0.0 0.0 0.0
  outer loop
    vertex -55.08460235595703 -24.924657821655273 0.9999954104423523
    vertex -53.05309295654297 -26.13373565673828 0.9999957084655762
    vertex -52.901527404785156 -25.8543643951416 1.4142088890075684
  endloop
endfacet
facet normal 0.0 0.0 0.0
  outer loop
    vertex -52.901527404785156 -25.8543643951416 1.4142088890075684
    vertex -53.05309295654297 -26.13373565673828 0.9999957084655762
    vertex -50.80305099487305 -26.887056350708008 1.4142091274261475
  endloop
endfacet
facet normal 0.0 0.0 0.0
  outer loop
    vertex -52.901527404785156 -25.8543643951416 1.4142088890075684
    vertex -50.80305099487305 -26.887056350708008 1.4142091274261475
    vertex -50.63507843017578 -26.50843048095703 1.7320458889007568
  endloop
endfacet
facet normal 0.0 0.0 0.0
  outer loop
    vertex -50.63507843017578 -26.50843048095703 1.7320458889007568
    vertex -50.80305099487305 -26.887056350708008 1.4142091274261475
    vertex -48.49180221557617 -27.358985900878906 1.732046127319336
  endloop
endfacet
facet normal 0.0 0.0 0.0
  outer loop
    vertex -50.63507843017578 -26.50843048095703 1.7320458889007568
    vertex -48.49180221557617 -27.358985900878906 1.732046127319336
    vertex -48.33184051513672 -26.903919219970703 1.9318485260009766
  endloop
endfacet
facet normal 0.0 0.0 0.0
  outer loop
    vertex -48.33184051513672 -26.903919219970703 1.9318485260009766
    vertex -48.49180221557617 -27.358985900878906 1.732046127319336
    vertex -46.1644287109375 -27.570232391357422 1.9318487644195557
  endloop
endfacet
facet normal 0.0 0.0 0.0
  outer loop
    vertex -56.508399963378906 -24.270509719848633 -4.649162292480469e-06
    vertex -54.549800872802734 -25.579204559326172 -4.410743713378906e-06
    vertex -55.19353485107422 -25.092153549194336 0.5176327228546143
  endloop
endfacet
facet normal 0.0 0.0 0.0
  outer loop
    vertex -55.19353485107422 -25.092153549194336 0.5176327228546143
    vertex -54.549800872802734 -25.579204559326172 -4.410743713378906e-06
    vertex -53.14836883544922 -26.309354782104492 0.5176329612731934
  endloop
endfacet
facet normal 0.0 0.0 0.0
  outer loop
    vertex -55.19353485107422 -25.092153549194336 0.5176327228546143
    vertex -53.14836883544922 -26.309354782104492 0.5176329612731934
    vertex -53.05309295654297 -26.13373565673828 0.9999957084655762
  endloop
endfacet
facet normal 0.0 0.0 0.0
  outer loop
    vertex -53.05309295654297 -26.13373565673828 0.9999957084655762
    vertex -53.14836883544922 -26.309354782104492 0.5176329612731934
    vertex -50.931941986083984 -27.17758560180664 0.9999959468841553
  endloop
endfacet
facet normal 0.0 0.0 0.0
  outer loop
    vertex -53.05309295654297 -26.13373565673828 0.9999957084655762
    vertex -50.931941986083984 -27.17758560180664 0.9999959468841553
    vertex -50.80305099487305 -26.887056350708008 1.4142091274261475
  endloop
endfacet
facet normal 0.0 0.0 0.0
  outer loop
    vertex -50.80305099487305 -26.887056350708008 1.4142091274261475
    vertex -50.931941986083984 -27.17758560180664 0.9999959468841553
    vertex -48.62916564941406 -27.749759674072266 1.4142093658447266
  endloop
endfacet
facet normal 0.0 0.0 0.0
  outer loop
    vertex -50.80305099487305 -26.887056350708008 1.4142091274261475
    vertex -48.62916564941406 -27.749759674072266 1.4142093658447266
    vertex -48.49180221557617 -27.358985900878906 1.732046127319336
  endloop
endfacet
facet normal 0.0 0.0 0.0
  outer loop
    vertex -48.49180221557617 -27.358985900878906 1.732046127319336
    vertex -48.62916564941406 -27.749759674072266 1.4142093658447266
    vertex -46.2877311706543 -28.03656768798828 1.7320464849472046
  endloop
endfacet
facet normal 0.0 0.0 0.0
  outer loop
    vertex -48.49180221557617 -27.358985900878906 1.732046127319336
    vertex -46.2877311706543 -28.03656768798828 1.7320464849472046
    vertex -46.1644287109375 -27.570232391357422 1.9318487644195557
  endloop
endfacet
facet normal 0.0 0.0 0.0
  outer loop
    vertex -46.1644287109375 -27.570232391357422 1.9318487644195557
    vertex -46.2877311706543 -28.03656768798828 1.7320464849472046
    vertex -43.950927734375 -28.062236785888672 1.9318491220474243
  endloop
endfacet
facet normal 0.0 0.0 0.0
  outer loop
    vertex -54.549800872802734 -25.579204559326172 -4.410743713378906e-06
    vertex -52.49456024169922 -26.730195999145508 -4.172325134277344e-06
    vertex -53.14836883544922 -26.309354782104492 0.5176329612731934
  endloop
endfacet
facet normal 0.0 0.0 0.0
  outer loop
    vertex -53.14836883544922 -26.309354782104492 0.5176329612731934
    vertex -52.49456024169922 -26.730195999145508 -4.172325134277344e-06
    vertex -51.01296615600586 -27.36022186279297 0.5176332592964172
  endloop
endfacet
facet normal 0.0 0.0 0.0
  outer loop
    vertex -53.14836883544922 -26.309354782104492 0.5176329612731934
    vertex -51.01296615600586 -27.36022186279297 0.5176332592964172
    vertex -50.931941986083984 -27.17758560180664 0.9999959468841553
  endloop
endfacet
facet normal 0.0 0.0 0.0
  outer loop
    vertex -50.931941986083984 -27.17758560180664 0.9999959468841553
    vertex -51.01296615600586 -27.36022186279297 0.5176332592964172
    vertex -48.73456573486328 -28.049612045288086 0.9999962449073792
  endloop
endfacet
facet normal 0.0 0.0 0.0
  outer loop
    vertex -50.931941986083984 -27.17758560180664 0.9999959468841553
    vertex -48.73456573486328 -28.049612045288086 0.9999962449073792
    vertex -48.62916564941406 -27.749759674072266 1.4142093658447266
  endloop
endfacet
facet normal 0.0 0.0 0.0
  outer loop
    vertex -48.62916564941406 -27.749759674072266 1.4142093658447266
    vertex -48.73456573486328 -28.049612045288086 0.9999962449073792
    vertex -46.39360809326172 -28.437021255493164 1.4142097234725952
  endloop
endfacet
facet normal 0.0 0.0 0.0
  outer loop
    vertex -48.62916564941406 -27.749759674072266 1.4142093658447266
    vertex -46.39360809326172 -28.437021255493164 1.4142097234725952
    vertex -46.2877311706543 -28.03656768798828 1.7320464849472046
  endloop
endfacet
facet normal 0.0 0.0 0.0
  outer loop
    vertex -46.2877311706543 -28.03656768798828 1.7320464849472046
    vertex -46.39360809326172 -28.437021255493164 1.4142097234725952
    vertex -44.03678512573242 -28.536895751953125 1.7320468425750732
  endloop
endfacet
facet normal 0.0 0.0 0.0
  outer loop
    vertex -46.2877311706543 -28.03656768798828 1.7320464849472046
    vertex -44.03678512573242 -28.536895751953125 1.7320468425750732
    vertex -43.950927734375 -28.062236785888672 1.9318491220474243
  endloop
endfacet
facet normal 0.0 0.0 0.0
  outer loop
    vertex -43.950927734375 -28.062236785888672 1.9318491220474243
    vertex -44.03678512573242 -28.536895751953125 1.7320468425750732
    vertex -41.70532989501953 -28.376821517944336 1.931849479675293
  endloop
endfacet
facet normal 0.0 0.0 0.0
  outer loop
    vertex -52.49456024169922 -26.730195999145508 -4.172325134277344e-06
    vertex -50.3553466796875 -27.716386795043945 -3.814697265625e-06
    vertex -51.01296615600586 -27.36022186279297 0.5176332592964172
  endloop
endfacet
facet normal 0.0 0.0 0.0
  outer loop
    vertex -51.01296615600586 -27.36022186279297 0.5176332592964172
    vertex -50.3553466796875 -27.716386795043945 -3.814697265625e-06
    vertex -48.80082321166992 -28.238107681274414 0.5176335573196411
  endloop
endfacet
facet normal 0.0 0.0 0.0
  outer loop
    vertex -51.01296615600586 -27.36022186279297 0.5176332592964172
    vertex -48.80082321166992 -28.238107681274414 0.5176335573196411
    vertex -48.73456573486328 -28.049612045288086 0.9999962449073792
  endloop
endfacet
facet normal 0.0 0.0 0.0
  outer loop
    vertex -48.73456573486328 -28.049612045288086 0.9999962449073792
    vertex -48.80082321166992 -28.238107681274414 0.5176335573196411
    vertex -46.474853515625 -28.744298934936523 0.999996542930603
  endloop
endfacet
facet normal 0.0 0.0 0.0
  outer loop
    vertex -48.73456573486328 -28.049612045288086 0.9999962449073792
    vertex -46.474853515625 -28.744298934936523 0.999996542930603
    vertex -46.39360809326172 -28.437021255493164 1.4142097234725952
  endloop
endfacet
facet normal 0.0 0.0 0.0
  outer loop
    vertex -46.39360809326172 -28.437021255493164 1.4142097234725952
    vertex -46.474853515625 -28.744298934936523 0.999996542930603
    vertex -44.11051559448242 -28.944494247436523 1.4142099618911743
  endloop
endfacet
facet normal 0.0 0.0 0.0
  outer loop
    vertex -46.39360809326172 -28.437021255493164 1.4142097234725952
    vertex -44.11051559448242 -28.944494247436523 1.4142099618911743
    vertex -44.03678512573242 -28.536895751953125 1.7320468425750732
  endloop
endfacet
facet normal 0.0 0.0 0.0
  outer loop
    vertex -44.03678512573242 -28.536895751953125 1.7320468425750732
    vertex -44.11051559448242 -28.944494247436523 1.4142099618911743
    vertex -41.75320816040039 -28.856801986694336 1.7320470809936523
  endloop
endfacet
facet normal 0.0 0.0 0.0
  outer loop
    vertex -44.03678512573242 -28.536895751953125 1.7320468425750732
    vertex -41.75320816040039 -28.856801986694336 1.7320470809936523
    vertex -41.70532989501953 -28.376821517944336 1.931849479675293
  endloop
endfacet
facet normal 0.0 0.0 0.0
  outer loop
    vertex -41.70532989501953 -28.376821517944336 1.931849479675293
    vertex -41.75320816040039 -28.856801986694336 1.7320470809936523
    vertex -39.44184112548828 -28.512001037597656 1.931849718093872
  endloop
endfacet
facet normal 0.0 0.0 0.0
  outer loop
    vertex -50.3553466796875 -27.716386795043945 -3.814697265625e-06
    vertex -48.145355224609375 -28.531696319580078 -3.5762786865234375e-06
    vertex -48.80082321166992 -28.238107681274414 0.5176335573196411
  endloop
endfacet
facet normal 0.0 0.0 0.0
  outer loop
    vertex -48.80082321166992 -28.238107681274414 0.5176335573196411
    vertex -48.145355224609375 -28.531696319580078 -3.5762786865234375e-06
    vertex -46.52592849731445 -28.937461853027344 0.517633855342865
  endloop
endfacet
facet normal 0.0 0.0 0.0
  outer loop
    vertex -48.80082321166992 -28.238107681274414 0.5176335573196411
    vertex -46.52592849731445 -28.937461853027344 0.517633855342865
    vertex -46.474853515625 -28.744298934936523 0.999996542930603
  endloop
endfacet
facet normal 0.0 0.0 0.0
  outer loop
    vertex -46.474853515625 -28.744298934936523 0.999996542930603
    vertex -46.52592849731445 -28.937461853027344 0.517633855342865
    vertex -44.167091369628906 -29.25725555419922 0.9999968409538269
  endloop
endfacet
facet normal 0.0 0.0 0.0
  outer loop
    vertex -46.474853515625 -28.744298934936523 0.999996542930603
    vertex -44.167091369628906 -29.25725555419922 0.9999968409538269
    vertex -44.11051559448242 -28.944494247436523 1.4142099618911743
  endloop
endfacet
facet normal 0.0 0.0 0.0
  outer loop
    vertex -44.11051559448242 -28.944494247436523 1.4142099618911743
    vertex -44.167091369628906 -29.25725555419922 0.9999968409538269
    vertex -41.79431915283203 -29.268970489501953 1.414210319519043
  endloop
endfacet
facet normal 0.0 0.0 0.0
  outer loop
    vertex -44.11051559448242 -28.944494247436523 1.4142099618911743
    vertex -41.79431915283203 -29.268970489501953 1.414210319519043
    vertex -41.75320816040039 -28.856801986694336 1.7320470809936523
  endloop
endfacet
facet normal 0.0 0.0 0.0
  outer loop
    vertex -41.75320816040039 -28.856801986694336 1.7320470809936523
    vertex -41.79431915283203 -29.268970489501953 1.414210319519043
    vertex -39.45143127441406 -28.9942684173584 1.7320473194122314
  endloop
endfacet
facet normal 0.0 0.0 0.0
  outer loop
    vertex -41.75320816040039 -28.856801986694336 1.7320470809936523
    vertex -39.45143127441406 -28.9942684173584 1.7320473194122314
    vertex -39.44184112548828 -28.512001037597656 1.931849718093872
  endloop
endfacet
facet normal 0.0 0.0 0.0
  outer loop
    vertex -48.145355224609375 -28.531696319580078 -3.5762786865234375e-06
    vertex -45.87820816040039 -29.171096801757812 -3.2186508178710938e-06
    vertex -46.52592849731445 -28.937461853027344 0.517633855342865
  endloop
endfacet
facet normal 0.0 0.0 0.0
  outer loop
    vertex -46.52592849731445 -28.937461853027344 0.517633855342865
    vertex -45.87820816040039 -29.171096801757812 -3.2186508178710938e-06
    vertex -44.20265579223633 -29.45386505126953 0.5176341533660889
  endloop
endfacet
facet normal 0.0 0.0 0.0
  outer loop
    vertex -46.52592849731445 -28.937461853027344 0.517633855342865
    vertex -44.20265579223633 -29.45386505126953 0.5176341533660889
    vertex -44.167091369628906 -29.25725555419922 0.9999968409538269
  endloop
endfacet
facet normal 0.0 0.0 0.0
  outer loop
    vertex -44.167091369628906 -29.25725555419922 0.9999968409538269
    vertex -44.20265579223633 -29.45386505126953 0.5176341533660889
    vertex -41.82586669921875 -29.585237503051758 0.9999971985816956
  endloop
endfacet
facet normal 0.0 0.0 0.0
  outer loop
    vertex -44.167091369628906 -29.25725555419922 0.9999968409538269
    vertex -41.82586669921875 -29.585237503051758 0.9999971985816956
    vertex -41.79431915283203 -29.268970489501953 1.414210319519043
  endloop
endfacet
facet normal 0.0 0.0 0.0
  outer loop
    vertex -41.79431915283203 -29.268970489501953 1.414210319519043
    vertex -41.82586669921875 -29.585237503051758 0.9999971985816956
    vertex -39.45966720581055 -29.40839958190918 1.414210557937622
  endloop
endfacet
facet normal 0.0 0.0 0.0
  outer loop
    vertex -41.79431915283203 -29.268970489501953 1.414210319519043
    vertex -39.45966720581055 -29.40839958190918 1.414210557937622
    vertex -39.45143127441406 -28.9942684173584 1.7320473194122314
  endloop
endfacet
facet normal 0.0 0.0 0.0
  outer loop
    vertex -45.87820816040039 -29.171096801757812 -3.2186508178710938e-06
    vertex -43.5678825378418 -29.63064956665039 -2.9802322387695312e-06
    vertex -44.20265579223633 -29.45386505126953 0.5176341533660889
  endloop
endfacet
facet normal 0.0 0.0 0.0
  outer loop
    vertex -44.20265579223633 -29.45386505126953 0.5176341533660889
    vertex -43.5678825378418 -29.63064956665039 -2.9802322387695312e-06
    vertex -41.845699310302734 -29.7840518951416 0.5176345109939575
  endloop
endfacet
facet normal 0.0 0.0 0.0
  outer loop
    vertex -44.20265579223633 -29.45386505126953 0.5176341533660889
    vertex -41.845699310302734 -29.7840518951416 0.5176345109939575
    vertex -41.82586669921875 -29.585237503051758 0.9999971985816956
  endloop
endfacet
facet normal 0.0 0.0 0.0
  outer loop
    vertex -41.82586669921875 -29.585237503051758 0.9999971985816956
    vertex -41.845699310302734 -29.7840518951416 0.5176345109939575
    vertex -39.46598434448242 -29.726173400878906 0.9999974966049194
  endloop
endfacet
facet normal 0.0 0.0 0.0
  outer loop
    vertex -41.82586669921875 -29.585237503051758 0.9999971985816956
    vertex -39.46598434448242 -29.726173400878906 0.9999974966049194
    vertex -39.45966720581055 -29.40839958190918 1.414210557937622
  endloop
endfacet
facet normal 0.0 0.0 0.0
  outer loop
    vertex -43.5678825378418 -29.63064956665039 -2.9802322387695312e-06
    vertex -41.22861862182617 -29.907520294189453 -2.6226043701171875e-06
    vertex -41.845699310302734 -29.7840518951416 0.5176345109939575
  endloop
endfacet
facet normal 0.0 0.0 0.0
  outer loop
    vertex -41.845699310302734 -29.7840518951416 0.5176345109939575
    vertex -41.22861862182617 -29.907520294189453 -2.6226043701171875e-06
    vertex -39.4699592590332 -29.925935745239258 0.5176348090171814
  endloop
endfacet
facet normal 0.0 0.0 0.0
  outer loop
    vertex -41.845699310302734 -29.7840518951416 0.5176345109939575
    vertex -39.4699592590332 -29.925935745239258 0.5176348090171814
    vertex -39.46598434448242 -29.726173400878906 0.9999974966049194
  endloop
endfacet
facet normal 0.0 0.0 0.0
  outer loop
    vertex -67.66871643066406 3.4515275955200195 1.7320436239242554
    vertex -67.36945343017578 1.1458683013916016 1.931846022605896
    vertex -67.18978118896484 3.394117832183838 1.931846022605896
  endloop
endfacet
facet normal 0.0 0.0 0.0
  outer loop
    vertex -67.66871643066406 3.4515275955200195 1.7320436239242554
    vertex -67.18978118896484 3.394117832183838 1.931846022605896
    vertex -67.303466796875 5.728294372558594 1.732043743133545
  endloop
endfacet
facet normal 0.0 0.0 0.0
  outer loop
    vertex -67.303466796875 5.728294372558594 1.732043743133545
    vertex -67.18978118896484 3.394117832183838 1.931846022605896
    vertex -66.83060455322266 5.633014678955078 1.9318461418151855
  endloop
endfacet
facet normal 0.0 0.0 0.0
  outer loop
    vertex -67.303466796875 5.728294372558594 1.732043743133545
    vertex -66.83060455322266 5.633014678955078 1.9318461418151855
    vertex -66.75848388671875 7.968845367431641 1.732043743133545
  endloop
endfacet
facet normal 0.0 0.0 0.0
  outer loop
    vertex -66.75848388671875 7.968845367431641 1.732043743133545
    vertex -66.83060455322266 5.633014678955078 1.9318461418151855
    vertex -66.29469299316406 7.836297988891602 1.9318461418151855
  endloop
endfacet
facet normal 0.0 0.0 0.0
  outer loop
    vertex -66.75848388671875 7.968845367431641 1.732043743133545
    vertex -66.29469299316406 7.836297988891602 1.9318461418151855
    vertex -66.03721618652344 10.159014701843262 1.7320438623428345
  endloop
endfacet
facet normal 0.0 0.0 0.0
  outer loop
    vertex -66.03721618652344 10.159014701843262 1.7320438623428345
    vertex -66.29469299316406 7.836297988891602 1.9318461418151855
    vertex -65.58541870117188 9.99003791809082 1.931846261024475
  endloop
endfacet
facet normal 0.0 0.0 0.0
  outer loop
    vertex -66.03721618652344 10.159014701843262 1.7320438623428345
    vertex -65.58541870117188 9.99003791809082 1.931846261024475
    vertex -65.14421844482422 12.284955024719238 1.732043981552124
  endloop
endfacet
facet normal 0.0 0.0 0.0
  outer loop
    vertex -65.14421844482422 12.284955024719238 1.732043981552124
    vertex -65.58541870117188 9.99003791809082 1.931846261024475
    vertex -64.70726776123047 12.080617904663086 1.9318463802337646
  endloop
endfacet
facet normal 0.0 0.0 0.0
  outer loop
    vertex -65.14421844482422 12.284955024719238 1.732043981552124
    vertex -64.70726776123047 12.080617904663086 1.9318463802337646
    vertex -64.08512878417969 14.333226203918457 1.7320441007614136
  endloop
endfacet
facet normal 0.0 0.0 0.0
  outer loop
    vertex -64.08512878417969 14.333226203918457 1.7320441007614136
    vertex -64.70726776123047 12.080617904663086 1.9318463802337646
    vertex -63.665802001953125 14.094819068908691 1.9318464994430542
  endloop
endfacet
facet normal 0.0 0.0 0.0
  outer loop
    vertex -64.08512878417969 14.333226203918457 1.7320441007614136
    vertex -63.665802001953125 14.094819068908691 1.9318464994430542
    vertex -62.866661071777344 16.290878295898438 1.7320442199707031
  endloop
endfacet
facet normal 0.0 0.0 0.0
  outer loop
    vertex -62.866661071777344 16.290878295898438 1.7320442199707031
    vertex -63.665802001953125 14.094819068908691 1.9318464994430542
    vertex -62.46759796142578 16.019908905029297 1.9318466186523438
  endloop
endfacet
facet normal 0.0 0.0 0.0
  outer loop
    vertex -62.866661071777344 16.290878295898438 1.7320442199707031
    vertex -62.46759796142578 16.019908905029297 1.9318466186523438
    vertex -61.49650573730469 18.14553451538086 1.7320444583892822
  endloop
endfacet
facet normal 0.0 0.0 0.0
  outer loop
    vertex -61.49650573730469 18.14553451538086 1.7320444583892822
    vertex -62.46759796142578 16.019908905029297 1.9318466186523438
    vertex -61.120235443115234 17.84371566772461 1.9318468570709229
  endloop
endfacet
facet normal 0.0 0.0 0.0
  outer loop
    vertex -61.49650573730469 18.14553451538086 1.7320444583892822
    vertex -61.120235443115234 17.84371566772461 1.9318468570709229
    vertex -59.98332977294922 19.885467529296875 1.7320446968078613
  endloop
endfacet
facet normal 0.0 0.0 0.0
  outer loop
    vertex -59.98332977294922 19.885467529296875 1.7320446968078613
    vertex -61.120235443115234 17.84371566772461 1.9318468570709229
    vertex -59.63222885131836 19.554710388183594 1.931847095489502
  endloop
endfacet
facet normal 0.0 0.0 0.0
  outer loop
    vertex -59.98332977294922 19.885467529296875 1.7320446968078613
    vertex -59.63222885131836 19.554710388183594 1.931847095489502
    vertex -58.336700439453125 21.499679565429688 1.7320449352264404
  endloop
endfacet
facet normal 0.0 0.0 0.0
  outer loop
    vertex -58.336700439453125 21.499679565429688 1.7320449352264404
    vertex -59.63222885131836 19.554710388183594 1.931847095489502
    vertex -58.01298522949219 21.142072677612305 1.9318472146987915
  endloop
endfacet
facet normal 0.0 0.0 0.0
  outer loop
    vertex -58.336700439453125 21.499679565429688 1.7320449352264404
    vertex -58.01298522949219 21.142072677612305 1.9318472146987915
    vertex -56.56702423095703 22.977962493896484 1.7320451736450195
  endloop
endfacet
facet normal 0.0 0.0 0.0
  outer loop
    vertex -56.56702423095703 22.977962493896484 1.7320451736450195
    vertex -58.01298522949219 21.142072677612305 1.9318472146987915
    vertex -56.272743225097656 22.595766067504883 1.9318474531173706
  endloop
endfacet
facet normal 0.0 0.0 0.0
  outer loop
    vertex -56.56702423095703 22.977962493896484 1.7320451736450195
    vertex -56.272743225097656 22.595766067504883 1.9318474531173706
    vertex -54.68549346923828 24.310972213745117 1.7320454120635986
  endloop
endfacet
facet normal 0.0 0.0 0.0
  outer loop
    vertex -54.68549346923828 24.310972213745117 1.7320454120635986
    vertex -56.272743225097656 22.595766067504883 1.9318474531173706
    vertex -54.42251205444336 23.906604766845703 1.9318476915359497
  endloop
endfacet
facet normal 0.0 0.0 0.0
  outer loop
    vertex -54.68549346923828 24.310972213745117 1.7320454120635986
    vertex -54.42251205444336 23.906604766845703 1.9318476915359497
    vertex -52.704002380371094 25.490280151367188 1.7320456504821777
  endloop
endfacet
facet normal 0.0 0.0 0.0
  outer loop
    vertex -52.704002380371094 25.490280151367188 1.7320456504821777
    vertex -54.42251205444336 23.906604766845703 1.9318476915359497
    vertex -52.473976135253906 25.066295623779297 1.9318480491638184
  endloop
endfacet
facet normal 0.0 0.0 0.0
  outer loop
    vertex -52.704002380371094 25.490280151367188 1.7320456504821777
    vertex -52.473976135253906 25.066295623779297 1.9318480491638184
    vertex -50.63507843017578 26.50843048095703 1.7320458889007568
  endloop
endfacet
facet normal 0.0 0.0 0.0
  outer loop
    vertex -50.63507843017578 26.50843048095703 1.7320458889007568
    vertex -52.473976135253906 25.066295623779297 1.9318480491638184
    vertex -50.43946838378906 26.0675106048584 1.9318482875823975
  endloop
endfacet
facet normal 0.0 0.0 0.0
  outer loop
    vertex -50.63507843017578 26.50843048095703 1.7320458889007568
    vertex -50.43946838378906 26.0675106048584 1.9318482875823975
    vertex -48.49180221557617 27.358985900878906 1.732046127319336
  endloop
endfacet
facet normal 0.0 0.0 0.0
  outer loop
    vertex -48.49180221557617 27.358985900878906 1.732046127319336
    vertex -50.43946838378906 26.0675106048584 1.9318482875823975
    vertex -48.33184051513672 26.903919219970703 1.9318485260009766
  endloop
endfacet
facet normal 0.0 0.0 0.0
  outer loop
    vertex -48.49180221557617 27.358985900878906 1.732046127319336
    vertex -48.33184051513672 26.903919219970703 1.9318485260009766
    vertex -46.2877311706543 28.03656768798828 1.7320464849472046
  endloop
endfacet
facet normal 0.0 0.0 0.0
  outer loop
    vertex -46.2877311706543 28.03656768798828 1.7320464849472046
    vertex -48.33184051513672 26.903919219970703 1.9318485260009766
    vertex -46.1644287109375 27.570232391357422 1.9318487644195557
  endloop
endfacet
facet normal 0.0 0.0 0.0
  outer loop
    vertex -46.2877311706543 28.03656768798828 1.7320464849472046
    vertex -46.1644287109375 27.570232391357422 1.9318487644195557
    vertex -44.03678512573242 28.536895751953125 1.7320468425750732
  endloop
endfacet
facet normal 0.0 0.0 0.0
  outer loop
    vertex -44.03678512573242 28.536895751953125 1.7320468425750732
    vertex -46.1644287109375 27.570232391357422 1.9318487644195557
    vertex -43.950927734375 28.062236785888672 1.9318491220474243
  endloop
endfacet
facet normal 0.0 0.0 0.0
  outer loop
    vertex -44.03678512573242 28.536895751953125 1.7320468425750732
    vertex -43.950927734375 28.062236785888672 1.9318491220474243
    vertex -41.75320816040039 28.856801986694336 1.7320470809936523
  endloop
endfacet
facet normal 0.0 0.0 0.0
  outer loop
    vertex -41.75320816040039 28.856801986694336 1.7320470809936523
    vertex -43.950927734375 28.062236785888672 1.9318491220474243
    vertex -41.70532989501953 28.376821517944336 1.931849479675293
  endloop
endfacet
facet normal 0.0 0.0 0.0
  outer loop
    vertex -41.75320816040039 28.856801986694336 1.7320470809936523
    vertex -41.70532989501953 28.376821517944336 1.931849479675293
    vertex -39.45143127441406 28.9942684173584 1.7320473194122314
  endloop
endfacet
facet normal 0.0 0.0 0.0
  outer loop
    vertex -39.45143127441406 28.9942684173584 1.7320473194122314
    vertex -41.70532989501953 28.376821517944336 1.931849479675293
    vertex -39.44184112548828 28.512001037597656 1.931849718093872
  endloop
endfacet
facet normal 0.0 0.0 0.0
  outer loop
    vertex -67.66871643066406 3.4515275955200195 1.7320436239242554
    vertex -67.303466796875 5.728294372558594 1.732043743133545
    vertex -67.70951843261719 5.810112953186035 1.414206862449646
  endloop
endfacet
facet normal 0.0 0.0 0.0
  outer loop
    vertex -67.70951843261719 5.810112953186035 1.414206862449646
    vertex -67.303466796875 5.728294372558594 1.732043743133545
    vertex -67.15675354003906 8.082666397094727 1.4142069816589355
  endloop
endfacet
facet normal 0.0 0.0 0.0
  outer loop
    vertex -67.70951843261719 5.810112953186035 1.414206862449646
    vertex -67.15675354003906 8.082666397094727 1.4142069816589355
    vertex -67.46235656738281 8.170003890991211 0.9999937415122986
  endloop
endfacet
facet normal 0.0 0.0 0.0
  outer loop
    vertex -67.46235656738281 8.170003890991211 0.9999937415122986
    vertex -67.15675354003906 8.082666397094727 1.4142069816589355
    vertex -66.7228775024414 10.415459632873535 0.9999938607215881
  endloop
endfacet
facet normal 0.0 0.0 0.0
  outer loop
    vertex -67.46235656738281 8.170003890991211 0.9999937415122986
    vertex -66.7228775024414 10.415459632873535 0.9999938607215881
    vertex -66.91001892089844 10.485452651977539 0.5176311731338501
  endloop
endfacet
facet normal 0.0 0.0 0.0
  outer loop
    vertex -66.91001892089844 10.485452651977539 0.5176311731338501
    vertex -66.7228775024414 10.415459632873535 0.9999938607215881
    vertex -65.98831939697266 12.679705619812012 0.5176312923431396
  endloop
endfacet
facet normal 0.0 0.0 0.0
  outer loop
    vertex -67.15675354003906 8.082666397094727 1.4142069816589355
    vertex -67.303466796875 5.728294372558594 1.732043743133545
    vertex -66.75848388671875 7.968845367431641 1.732043743133545
  endloop
endfacet
facet normal 0.0 0.0 0.0
  outer loop
    vertex -67.15675354003906 8.082666397094727 1.4142069816589355
    vertex -66.75848388671875 7.968845367431641 1.732043743133545
    vertex -66.42517852783203 10.304118156433105 1.4142069816589355
  endloop
endfacet
facet normal 0.0 0.0 0.0
  outer loop
    vertex -66.42517852783203 10.304118156433105 1.4142069816589355
    vertex -66.75848388671875 7.968845367431641 1.732043743133545
    vertex -66.03721618652344 10.159014701843262 1.7320438623428345
  endloop
endfacet
facet normal 0.0 0.0 0.0
  outer loop
    vertex -66.42517852783203 10.304118156433105 1.4142069816589355
    vertex -66.03721618652344 10.159014701843262 1.7320438623428345
    vertex -65.51942443847656 12.460424423217773 1.414207100868225
  endloop
endfacet
facet normal 0.0 0.0 0.0
  outer loop
    vertex -65.51942443847656 12.460424423217773 1.414207100868225
    vertex -66.03721618652344 10.159014701843262 1.7320438623428345
    vertex -65.14421844482422 12.284955024719238 1.732043981552124
  endloop
endfacet
facet normal 0.0 0.0 0.0
  outer loop
    vertex -65.51942443847656 12.460424423217773 1.414207100868225
    vertex -65.14421844482422 12.284955024719238 1.732043981552124
    vertex -64.4452133178711 14.537951469421387 1.4142072200775146
  endloop
endfacet
facet normal 0.0 0.0 0.0
  outer loop
    vertex -64.4452133178711 14.537951469421387 1.4142072200775146
    vertex -65.14421844482422 12.284955024719238 1.732043981552124
    vertex -64.08512878417969 14.333226203918457 1.7320441007614136
  endloop
endfacet
facet normal 0.0 0.0 0.0
  outer loop
    vertex -64.4452133178711 14.537951469421387 1.4142072200775146
    vertex -64.08512878417969 14.333226203918457 1.7320441007614136
    vertex -63.20934295654297 16.5235652923584 1.4142074584960938
  endloop
endfacet
facet normal 0.0 0.0 0.0
  outer loop
    vertex -63.20934295654297 16.5235652923584 1.4142074584960938
    vertex -64.08512878417969 14.333226203918457 1.7320441007614136
    vertex -62.866661071777344 16.290878295898438 1.7320442199707031
  endloop
endfacet
facet normal 0.0 0.0 0.0
  outer loop
    vertex -63.20934295654297 16.5235652923584 1.4142074584960938
    vertex -62.866661071777344 16.290878295898438 1.7320442199707031
    vertex -61.819618225097656 18.40471076965332 1.4142076969146729
  endloop
endfacet
facet normal 0.0 0.0 0.0
  outer loop
    vertex -61.819618225097656 18.40471076965332 1.4142076969146729
    vertex -62.866661071777344 16.290878295898438 1.7320442199707031
    vertex -61.49650573730469 18.14553451538086 1.7320444583892822
  endloop
endfacet
facet normal 0.0 0.0 0.0
  outer loop
    vertex -61.819618225097656 18.40471076965332 1.4142076969146729
    vertex -61.49650573730469 18.14553451538086 1.7320444583892822
    vertex -60.284828186035156 20.169496536254883 1.4142078161239624
  endloop
endfacet
facet normal 0.0 0.0 0.0
  outer loop
    vertex -60.284828186035156 20.169496536254883 1.4142078161239624
    vertex -61.49650573730469 18.14553451538086 1.7320444583892822
    vertex -59.98332977294922 19.885467529296875 1.7320446968078613
  endloop
endfacet
facet normal 0.0 0.0 0.0
  outer loop
    vertex -60.284828186035156 20.169496536254883 1.4142078161239624
    vertex -59.98332977294922 19.885467529296875 1.7320446968078613
    vertex -58.61467742919922 21.806764602661133 1.4142080545425415
  endloop
endfacet
facet normal 0.0 0.0 0.0
  outer loop
    vertex -58.61467742919922 21.806764602661133 1.4142080545425415
    vertex -59.98332977294922 19.885467529296875 1.7320446968078613
    vertex -58.336700439453125 21.499679565429688 1.7320449352264404
  endloop
endfacet
facet normal 0.0 0.0 0.0
  outer loop
    vertex -58.61467742919922 21.806764602661133 1.4142080545425415
    vertex -58.336700439453125 21.499679565429688 1.7320449352264404
    vertex -56.819725036621094 23.306161880493164 1.4142082929611206
  endloop
endfacet
facet normal 0.0 0.0 0.0
  outer loop
    vertex -56.819725036621094 23.306161880493164 1.4142082929611206
    vertex -58.336700439453125 21.499679565429688 1.7320449352264404
    vertex -56.56702423095703 22.977962493896484 1.7320451736450195
  endloop
endfacet
facet normal 0.0 0.0 0.0
  outer loop
    vertex -56.819725036621094 23.306161880493164 1.4142082929611206
    vertex -56.56702423095703 22.977962493896484 1.7320451736450195
    vertex -54.911319732666016 24.658212661743164 1.4142085313796997
  endloop
endfacet
facet normal 0.0 0.0 0.0
  outer loop
    vertex -54.911319732666016 24.658212661743164 1.4142085313796997
    vertex -56.56702423095703 22.977962493896484 1.7320451736450195
    vertex -54.68549346923828 24.310972213745117 1.7320454120635986
  endloop
endfacet
facet normal 0.0 0.0 0.0
  outer loop
    vertex -54.911319732666016 24.658212661743164 1.4142085313796997
    vertex -54.68549346923828 24.310972213745117 1.7320454120635986
    vertex -52.901527404785156 25.8543643951416 1.4142088890075684
  endloop
endfacet
facet normal 0.0 0.0 0.0
  outer loop
    vertex -52.901527404785156 25.8543643951416 1.4142088890075684
    vertex -54.68549346923828 24.310972213745117 1.7320454120635986
    vertex -52.704002380371094 25.490280151367188 1.7320456504821777
  endloop
endfacet
facet normal 0.0 0.0 0.0
  outer loop
    vertex -52.901527404785156 25.8543643951416 1.4142088890075684
    vertex -52.704002380371094 25.490280151367188 1.7320456504821777
    vertex -50.80305099487305 26.887056350708008 1.4142091274261475
  endloop
endfacet
facet normal 0.0 0.0 0.0
  outer loop
    vertex -50.80305099487305 26.887056350708008 1.4142091274261475
    vertex -52.704002380371094 25.490280151367188 1.7320456504821777
    vertex -50.63507843017578 26.50843048095703 1.7320458889007568
  endloop
endfacet
facet normal 0.0 0.0 0.0
  outer loop
    vertex -50.80305099487305 26.887056350708008 1.4142091274261475
    vertex -50.63507843017578 26.50843048095703 1.7320458889007568
    vertex -48.62916564941406 27.749759674072266 1.4142093658447266
  endloop
endfacet
facet normal 0.0 0.0 0.0
  outer loop
    vertex -48.62916564941406 27.749759674072266 1.4142093658447266
    vertex -50.63507843017578 26.50843048095703 1.7320458889007568
    vertex -48.49180221557617 27.358985900878906 1.732046127319336
  endloop
endfacet
facet normal 0.0 0.0 0.0
  outer loop
    vertex -48.62916564941406 27.749759674072266 1.4142093658447266
    vertex -48.49180221557617 27.358985900878906 1.732046127319336
    vertex -46.39360809326172 28.437021255493164 1.4142097234725952
  endloop
endfacet
facet normal 0.0 0.0 0.0
  outer loop
    vertex -46.39360809326172 28.437021255493164 1.4142097234725952
    vertex -48.49180221557617 27.358985900878906 1.732046127319336
    vertex -46.2877311706543 28.03656768798828 1.7320464849472046
  endloop
endfacet
facet normal 0.0 0.0 0.0
  outer loop
    vertex -46.39360809326172 28.437021255493164 1.4142097234725952
    vertex -46.2877311706543 28.03656768798828 1.7320464849472046
    vertex -44.11051559448242 28.944494247436523 1.4142099618911743
  endloop
endfacet
facet normal 0.0 0.0 0.0
  outer loop
    vertex -44.11051559448242 28.944494247436523 1.4142099618911743
    vertex -46.2877311706543 28.03656768798828 1.7320464849472046
    vertex -44.03678512573242 28.536895751953125 1.7320468425750732
  endloop
endfacet
facet normal 0.0 0.0 0.0
  outer loop
    vertex -44.11051559448242 28.944494247436523 1.4142099618911743
    vertex -44.03678512573242 28.536895751953125 1.7320468425750732
    vertex -41.79431915283203 29.268970489501953 1.414210319519043
  endloop
endfacet
facet normal 0.0 0.0 0.0
  outer loop
    vertex -41.79431915283203 29.268970489501953 1.414210319519043
    vertex -44.03678512573242 28.536895751953125 1.7320468425750732
    vertex -41.75320816040039 28.856801986694336 1.7320470809936523
  endloop
endfacet
facet normal 0.0 0.0 0.0
  outer loop
    vertex -41.79431915283203 29.268970489501953 1.414210319519043
    vertex -41.75320816040039 28.856801986694336 1.7320470809936523
    vertex -39.45966720581055 29.40839958190918 1.414210557937622
  endloop
endfacet
facet normal 0.0 0.0 0.0
  outer loop
    vertex -39.45966720581055 29.40839958190918 1.414210557937622
    vertex -41.75320816040039 28.856801986694336 1.7320470809936523
    vertex -39.45143127441406 28.9942684173584 1.7320473194122314
  endloop
endfacet
facet normal 0.0 0.0 0.0
  outer loop
    vertex -67.15675354003906 8.082666397094727 1.4142069816589355
    vertex -66.42517852783203 10.304118156433105 1.4142069816589355
    vertex -66.7228775024414 10.415459632873535 0.9999938607215881
  endloop
endfacet
facet normal 0.0 0.0 0.0
  outer loop
    vertex -66.7228775024414 10.415459632873535 0.9999938607215881
    vertex -66.42517852783203 10.304118156433105 1.4142069816589355
    vertex -65.80733489990234 12.59506607055664 0.9999939799308777
  endloop
endfacet
facet normal 0.0 0.0 0.0
  outer loop
    vertex -66.7228775024414 10.415459632873535 0.9999938607215881
    vertex -65.80733489990234 12.59506607055664 0.9999939799308777
    vertex -65.98831939697266 12.679705619812012 0.5176312923431396
  endloop
endfacet
facet normal 0.0 0.0 0.0
  outer loop
    vertex -65.98831939697266 12.679705619812012 0.5176312923431396
    vertex -65.80733489990234 12.59506607055664 0.9999939799308777
    vertex -64.89521026611328 14.793793678283691 0.5176314115524292
  endloop
endfacet
facet normal 0.0 0.0 0.0
  outer loop
    vertex -65.80733489990234 12.59506607055664 0.9999939799308777
    vertex -66.42517852783203 10.304118156433105 1.4142069816589355
    vertex -65.51942443847656 12.460424423217773 1.414207100868225
  endloop
endfacet
facet normal 0.0 0.0 0.0
  outer loop
    vertex -65.80733489990234 12.59506607055664 0.9999939799308777
    vertex -65.51942443847656 12.460424423217773 1.414207100868225
    vertex -64.72151947021484 14.69504165649414 0.9999940991401672
  endloop
endfacet
facet normal 0.0 0.0 0.0
  outer loop
    vertex -64.72151947021484 14.69504165649414 0.9999940991401672
    vertex -65.51942443847656 12.460424423217773 1.414207100868225
    vertex -64.4452133178711 14.537951469421387 1.4142072200775146
  endloop
endfacet
facet normal 0.0 0.0 0.0
  outer loop
    vertex -64.72151947021484 14.69504165649414 0.9999940991401672
    vertex -64.4452133178711 14.537951469421387 1.4142072200775146
    vertex -63.4722900390625 16.702110290527344 0.9999942779541016
  endloop
endfacet
facet normal 0.0 0.0 0.0
  outer loop
    vertex -63.4722900390625 16.702110290527344 0.9999942779541016
    vertex -64.4452133178711 14.537951469421387 1.4142072200775146
    vertex -63.20934295654297 16.5235652923584 1.4142074584960938
  endloop
endfacet
facet normal 0.0 0.0 0.0
  outer loop
    vertex -63.4722900390625 16.702110290527344 0.9999942779541016
    vertex -63.20934295654297 16.5235652923584 1.4142074584960938
    vertex -62.06754684448242 18.60358428955078 0.9999944567680359
  endloop
endfacet
facet normal 0.0 0.0 0.0
  outer loop
    vertex -62.06754684448242 18.60358428955078 0.9999944567680359
    vertex -63.20934295654297 16.5235652923584 1.4142074584960938
    vertex -61.819618225097656 18.40471076965332 1.4142076969146729
  endloop
endfacet
facet normal 0.0 0.0 0.0
  outer loop
    vertex -62.06754684448242 18.60358428955078 0.9999944567680359
    vertex -61.819618225097656 18.40471076965332 1.4142076969146729
    vertex -60.51617431640625 20.387439727783203 0.999994695186615
  endloop
endfacet
facet normal 0.0 0.0 0.0
  outer loop
    vertex -60.51617431640625 20.387439727783203 0.999994695186615
    vertex -61.819618225097656 18.40471076965332 1.4142076969146729
    vertex -60.284828186035156 20.169496536254883 1.4142078161239624
  endloop
endfacet
facet normal 0.0 0.0 0.0
  outer loop
    vertex -60.51617431640625 20.387439727783203 0.999994695186615
    vertex -60.284828186035156 20.169496536254883 1.4142078161239624
    vertex -58.82797622680664 22.04239845275879 0.9999949336051941
  endloop
endfacet
facet normal 0.0 0.0 0.0
  outer loop
    vertex -58.82797622680664 22.04239845275879 0.9999949336051941
    vertex -60.284828186035156 20.169496536254883 1.4142078161239624
    vertex -58.61467742919922 21.806764602661133 1.4142080545425415
  endloop
endfacet
facet normal 0.0 0.0 0.0
  outer loop
    vertex -58.82797622680664 22.04239845275879 0.9999949336051941
    vertex -58.61467742919922 21.806764602661133 1.4142080545425415
    vertex -57.01362609863281 23.557998657226562 0.9999951720237732
  endloop
endfacet
facet normal 0.0 0.0 0.0
  outer loop
    vertex -57.01362609863281 23.557998657226562 0.9999951720237732
    vertex -58.61467742919922 21.806764602661133 1.4142080545425415
    vertex -56.819725036621094 23.306161880493164 1.4142082929611206
  endloop
endfacet
facet normal 0.0 0.0 0.0
  outer loop
    vertex -57.01362609863281 23.557998657226562 0.9999951720237732
    vertex -56.819725036621094 23.306161880493164 1.4142082929611206
    vertex -55.08460235595703 24.924657821655273 0.9999954104423523
  endloop
endfacet
facet normal 0.0 0.0 0.0
  outer loop
    vertex -55.08460235595703 24.924657821655273 0.9999954104423523
    vertex -56.819725036621094 23.306161880493164 1.4142082929611206
    vertex -54.911319732666016 24.658212661743164 1.4142085313796997
  endloop
endfacet
facet normal 0.0 0.0 0.0
  outer loop
    vertex -55.08460235595703 24.924657821655273 0.9999954104423523
    vertex -54.911319732666016 24.658212661743164 1.4142085313796997
    vertex -53.05309295654297 26.13373565673828 0.9999957084655762
  endloop
endfacet
facet normal 0.0 0.0 0.0
  outer loop
    vertex -53.05309295654297 26.13373565673828 0.9999957084655762
    vertex -54.911319732666016 24.658212661743164 1.4142085313796997
    vertex -52.901527404785156 25.8543643951416 1.4142088890075684
  endloop
endfacet
facet normal 0.0 0.0 0.0
  outer loop
    vertex -53.05309295654297 26.13373565673828 0.9999957084655762
    vertex -52.901527404785156 25.8543643951416 1.4142088890075684
    vertex -50.931941986083984 27.17758560180664 0.9999959468841553
  endloop
endfacet
facet normal 0.0 0.0 0.0
  outer loop
    vertex -50.931941986083984 27.17758560180664 0.9999959468841553
    vertex -52.901527404785156 25.8543643951416 1.4142088890075684
    vertex -50.80305099487305 26.887056350708008 1.4142091274261475
  endloop
endfacet
facet normal 0.0 0.0 0.0
  outer loop
    vertex -50.931941986083984 27.17758560180664 0.9999959468841553
    vertex -50.80305099487305 26.887056350708008 1.4142091274261475
    vertex -48.73456573486328 28.049612045288086 0.9999962449073792
  endloop
endfacet
facet normal 0.0 0.0 0.0
  outer loop
    vertex -48.73456573486328 28.049612045288086 0.9999962449073792
    vertex -50.80305099487305 26.887056350708008 1.4142091274261475
    vertex -48.62916564941406 27.749759674072266 1.4142093658447266
  endloop
endfacet
facet normal 0.0 0.0 0.0
  outer loop
    vertex -48.73456573486328 28.049612045288086 0.9999962449073792
    vertex -48.62916564941406 27.749759674072266 1.4142093658447266
    vertex -46.474853515625 28.744298934936523 0.999996542930603
  endloop
endfacet
facet normal 0.0 0.0 0.0
  outer loop
    vertex -46.474853515625 28.744298934936523 0.999996542930603
    vertex -48.62916564941406 27.749759674072266 1.4142093658447266
    vertex -46.39360809326172 28.437021255493164 1.4142097234725952
  endloop
endfacet
facet normal 0.0 0.0 0.0
  outer loop
    vertex -46.474853515625 28.744298934936523 0.999996542930603
    vertex -46.39360809326172 28.437021255493164 1.4142097234725952
    vertex -44.167091369628906 29.25725555419922 0.9999968409538269
  endloop
endfacet
facet normal 0.0 0.0 0.0
  outer loop
    vertex -44.167091369628906 29.25725555419922 0.9999968409538269
    vertex -46.39360809326172 28.437021255493164 1.4142097234725952
    vertex -44.11051559448242 28.944494247436523 1.4142099618911743
  endloop
endfacet
facet normal 0.0 0.0 0.0
  outer loop
    vertex -44.167091369628906 29.25725555419922 0.9999968409538269
    vertex -44.11051559448242 28.944494247436523 1.4142099618911743
    vertex -41.82586669921875 29.585237503051758 0.9999971985816956
  endloop
endfacet
facet normal 0.0 0.0 0.0
  outer loop
    vertex -41.82586669921875 29.585237503051758 0.9999971985816956
    vertex -44.11051559448242 28.944494247436523 1.4142099618911743
    vertex -41.79431915283203 29.268970489501953 1.414210319519043
  endloop
endfacet
facet normal 0.0 0.0 0.0
  outer loop
    vertex -41.82586669921875 29.585237503051758 0.9999971985816956
    vertex -41.79431915283203 29.268970489501953 1.414210319519043
    vertex -39.46598434448242 29.726173400878906 0.9999974966049194
  endloop
endfacet
facet normal 0.0 0.0 0.0
  outer loop
    vertex -39.46598434448242 29.726173400878906 0.9999974966049194
    vertex -41.79431915283203 29.268970489501953 1.414210319519043
    vertex -39.45966720581055 29.40839958190918 1.414210557937622
  endloop
endfacet
facet normal 0.0 0.0 0.0
  outer loop
    vertex -63.6375846862793 16.814350128173828 0.5176315903663635
    vertex -64.89521026611328 14.793793678283691 0.5176314115524292
    vertex -64.72151947021484 14.69504165649414 0.9999940991401672
  endloop
endfacet
facet normal 0.0 0.0 0.0
  outer loop
    vertex -64.72151947021484 14.69504165649414 0.9999940991401672
    vertex -64.89521026611328 14.793793678283691 0.5176314115524292
    vertex -65.80733489990234 12.59506607055664 0.9999939799308777
  endloop
endfacet
facet normal 0.0 0.0 0.0
  outer loop
    vertex -63.6375846862793 16.814350128173828 0.5176315903663635
    vertex -64.72151947021484 14.69504165649414 0.9999940991401672
    vertex -63.4722900390625 16.702110290527344 0.9999942779541016
  endloop
endfacet
facet normal 0.0 0.0 0.0
  outer loop
    vertex -62.22340393066406 18.728601455688477 0.5176317691802979
    vertex -63.6375846862793 16.814350128173828 0.5176315903663635
    vertex -63.4722900390625 16.702110290527344 0.9999942779541016
  endloop
endfacet
facet normal 0.0 0.0 0.0
  outer loop
    vertex -62.22340393066406 18.728601455688477 0.5176317691802979
    vertex -63.4722900390625 16.702110290527344 0.9999942779541016
    vertex -62.06754684448242 18.60358428955078 0.9999944567680359
  endloop
endfacet
facet normal 0.0 0.0 0.0
  outer loop
    vertex -60.66160583496094 20.524444580078125 0.517632007598877
    vertex -62.22340393066406 18.728601455688477 0.5176317691802979
    vertex -62.06754684448242 18.60358428955078 0.9999944567680359
  endloop
endfacet
facet normal 0.0 0.0 0.0
  outer loop
    vertex -60.66160583496094 20.524444580078125 0.517632007598877
    vertex -62.06754684448242 18.60358428955078 0.9999944567680359
    vertex -60.51617431640625 20.387439727783203 0.999994695186615
  endloop
endfacet
facet normal 0.0 0.0 0.0
  outer loop
    vertex -58.96206283569336 22.19052505493164 0.517632246017456
    vertex -60.66160583496094 20.524444580078125 0.517632007598877
    vertex -60.51617431640625 20.387439727783203 0.999994695186615
  endloop
endfacet
facet normal 0.0 0.0 0.0
  outer loop
    vertex -58.96206283569336 22.19052505493164 0.517632246017456
    vertex -60.51617431640625 20.387439727783203 0.999994695186615
    vertex -58.82797622680664 22.04239845275879 0.9999949336051941
  endloop
endfacet
facet normal 0.0 0.0 0.0
  outer loop
    vertex -57.135520935058594 23.716310501098633 0.5176324844360352
    vertex -58.96206283569336 22.19052505493164 0.517632246017456
    vertex -58.82797622680664 22.04239845275879 0.9999949336051941
  endloop
endfacet
facet normal 0.0 0.0 0.0
  outer loop
    vertex -57.135520935058594 23.716310501098633 0.5176324844360352
    vertex -58.82797622680664 22.04239845275879 0.9999949336051941
    vertex -57.01362609863281 23.557998657226562 0.9999951720237732
  endloop
endfacet
facet normal 0.0 0.0 0.0
  outer loop
    vertex -55.19353485107422 25.092153549194336 0.5176327228546143
    vertex -57.135520935058594 23.716310501098633 0.5176324844360352
    vertex -57.01362609863281 23.557998657226562 0.9999951720237732
  endloop
endfacet
facet normal 0.0 0.0 0.0
  outer loop
    vertex -55.19353485107422 25.092153549194336 0.5176327228546143
    vertex -57.01362609863281 23.557998657226562 0.9999951720237732
    vertex -55.08460235595703 24.924657821655273 0.9999954104423523
  endloop
endfacet
facet normal 0.0 0.0 0.0
  outer loop
    vertex -53.14836883544922 26.309354782104492 0.5176329612731934
    vertex -55.19353485107422 25.092153549194336 0.5176327228546143
    vertex -55.08460235595703 24.924657821655273 0.9999954104423523
  endloop
endfacet
facet normal 0.0 0.0 0.0
  outer loop
    vertex -53.14836883544922 26.309354782104492 0.5176329612731934
    vertex -55.08460235595703 24.924657821655273 0.9999954104423523
    vertex -53.05309295654297 26.13373565673828 0.9999957084655762
  endloop
endfacet
facet normal 0.0 0.0 0.0
  outer loop
    vertex -51.01296615600586 27.36022186279297 0.5176332592964172
    vertex -53.14836883544922 26.309354782104492 0.5176329612731934
    vertex -53.05309295654297 26.13373565673828 0.9999957084655762
  endloop
endfacet
facet normal 0.0 0.0 0.0
  outer loop
    vertex -51.01296615600586 27.36022186279297 0.5176332592964172
    vertex -53.05309295654297 26.13373565673828 0.9999957084655762
    vertex -50.931941986083984 27.17758560180664 0.9999959468841553
  endloop
endfacet
facet normal 0.0 0.0 0.0
  outer loop
    vertex -48.80082321166992 28.238107681274414 0.5176335573196411
    vertex -51.01296615600586 27.36022186279297 0.5176332592964172
    vertex -50.931941986083984 27.17758560180664 0.9999959468841553
  endloop
endfacet
facet normal 0.0 0.0 0.0
  outer loop
    vertex -48.80082321166992 28.238107681274414 0.5176335573196411
    vertex -50.931941986083984 27.17758560180664 0.9999959468841553
    vertex -48.73456573486328 28.049612045288086 0.9999962449073792
  endloop
endfacet
facet normal 0.0 0.0 0.0
  outer loop
    vertex -46.52592849731445 28.937461853027344 0.517633855342865
    vertex -48.80082321166992 28.238107681274414 0.5176335573196411
    vertex -48.73456573486328 28.049612045288086 0.9999962449073792
  endloop
endfacet
facet normal 0.0 0.0 0.0
  outer loop
    vertex -46.52592849731445 28.937461853027344 0.517633855342865
    vertex -48.73456573486328 28.049612045288086 0.9999962449073792
    vertex -46.474853515625 28.744298934936523 0.999996542930603
  endloop
endfacet
facet normal 0.0 0.0 0.0
  outer loop
    vertex -44.20265579223633 29.45386505126953 0.5176341533660889
    vertex -46.52592849731445 28.937461853027344 0.517633855342865
    vertex -46.474853515625 28.744298934936523 0.999996542930603
  endloop
endfacet
facet normal 0.0 0.0 0.0
  outer loop
    vertex -44.20265579223633 29.45386505126953 0.5176341533660889
    vertex -46.474853515625 28.744298934936523 0.999996542930603
    vertex -44.167091369628906 29.25725555419922 0.9999968409538269
  endloop
endfacet
facet normal 0.0 0.0 0.0
  outer loop
    vertex -41.845699310302734 29.7840518951416 0.5176345109939575
    vertex -44.20265579223633 29.45386505126953 0.5176341533660889
    vertex -44.167091369628906 29.25725555419922 0.9999968409538269
  endloop
endfacet
facet normal 0.0 0.0 0.0
  outer loop
    vertex -41.845699310302734 29.7840518951416 0.5176345109939575
    vertex -44.167091369628906 29.25725555419922 0.9999968409538269
    vertex -41.82586669921875 29.585237503051758 0.9999971985816956
  endloop
endfacet
facet normal 0.0 0.0 0.0
  outer loop
    vertex -39.4699592590332 29.925935745239258 0.5176348090171814
    vertex -41.845699310302734 29.7840518951416 0.5176345109939575
    vertex -41.82586669921875 29.585237503051758 0.9999971985816956
  endloop
endfacet
facet normal 0.0 0.0 0.0
  outer loop
    vertex -39.4699592590332 29.925935745239258 0.5176348090171814
    vertex -41.82586669921875 29.585237503051758 0.9999971985816956
    vertex -39.46598434448242 29.726173400878906 0.9999974966049194
  endloop
endfacet
facet normal 0.0 0.0 0.0
  outer loop
    vertex -38.874847412109375 29.931852340698242 0.5176348686218262
    vertex -27.767745971679688 29.931852340698242 0.5176363587379456
    vertex -38.874847412109375 30.0 -2.2649765014648438e-06
  endloop
endfacet
facet normal 0.0 0.0 0.0
  outer loop
    vertex -38.874847412109375 30.0 -2.2649765014648438e-06
    vertex -27.767745971679688 29.931852340698242 0.5176363587379456
    vertex -16.660648345947266 29.931852340698242 0.5176378488540649
  endloop
endfacet
facet normal 0.0 0.0 0.0
  outer loop
    vertex -38.874847412109375 30.0 -2.2649765014648438e-06
    vertex -16.660648345947266 29.931852340698242 0.5176378488540649
    vertex -5.553549289703369 29.931852340698242 0.5176392793655396
  endloop
endfacet
facet normal 0.0 0.0 0.0
  outer loop
    vertex -5.553549289703369 29.931852340698242 0.5176392793655396
    vertex -16.660648345947266 29.931852340698242 0.5176378488540649
    vertex -5.553549289703369 29.7320499420166 1.0000020265579224
  endloop
endfacet
facet normal 0.0 0.0 0.0
  outer loop
    vertex -5.553549289703369 29.931852340698242 0.5176392793655396
    vertex -5.553549289703369 29.7320499420166 1.0000020265579224
    vertex 5.553551197052002 29.7320499420166 1.000003457069397
  endloop
endfacet
facet normal 0.0 0.0 0.0
  outer loop
    vertex 5.553551197052002 29.7320499420166 1.000003457069397
    vertex -5.553549289703369 29.7320499420166 1.0000020265579224
    vertex 5.553551197052002 29.414213180541992 1.4142166376113892
  endloop
endfacet
facet normal 0.0 0.0 0.0
  outer loop
    vertex 5.553551197052002 29.7320499420166 1.000003457069397
    vertex 5.553551197052002 29.414213180541992 1.4142166376113892
    vertex 16.6606502532959 29.414213180541992 1.4142180681228638
  endloop
endfacet
facet normal 0.0 0.0 0.0
  outer loop
    vertex 16.6606502532959 29.414213180541992 1.4142180681228638
    vertex 5.553551197052002 29.414213180541992 1.4142166376113892
    vertex 16.6606502532959 29.0 1.7320548295974731
  endloop
endfacet
facet normal 0.0 0.0 0.0
  outer loop
    vertex 16.6606502532959 29.414213180541992 1.4142180681228638
    vertex 16.6606502532959 29.0 1.7320548295974731
    vertex 27.767745971679688 29.0 1.7320563793182373
  endloop
endfacet
facet normal 0.0 0.0 0.0
  outer loop
    vertex 27.767745971679688 29.0 1.7320563793182373
    vertex 16.6606502532959 29.0 1.7320548295974731
    vertex 27.767745971679688 28.517637252807617 1.9318586587905884
  endloop
endfacet
facet normal 0.0 0.0 0.0
  outer loop
    vertex 27.767745971679688 29.0 1.7320563793182373
    vertex 27.767745971679688 28.517637252807617 1.9318586587905884
    vertex 38.874847412109375 28.517637252807617 1.9318602085113525
  endloop
endfacet
facet normal 0.0 0.0 0.0
  outer loop
    vertex 38.874847412109375 28.517637252807617 1.9318602085113525
    vertex 27.767745971679688 28.517637252807617 1.9318586587905884
    vertex 38.874847412109375 28.0 2.0000076293945312
  endloop
endfacet
facet normal 0.0 0.0 0.0
  outer loop
    vertex 38.874847412109375 28.0 2.0000076293945312
    vertex 27.767745971679688 28.517637252807617 1.9318586587905884
    vertex 16.6606502532959 28.517637252807617 1.9318571090698242
  endloop
endfacet
facet normal 0.0 0.0 0.0
  outer loop
    vertex 38.874847412109375 28.0 2.0000076293945312
    vertex 16.6606502532959 28.517637252807617 1.9318571090698242
    vertex 5.553551197052002 28.517637252807617 1.9318556785583496
  endloop
endfacet
facet normal 0.0 0.0 0.0
  outer loop
    vertex 5.553551197052002 28.517637252807617 1.9318556785583496
    vertex 16.6606502532959 28.517637252807617 1.9318571090698242
    vertex 5.553551197052002 29.0 1.732053279876709
  endloop
endfacet
facet normal 0.0 0.0 0.0
  outer loop
    vertex 5.553551197052002 28.517637252807617 1.9318556785583496
    vertex 5.553551197052002 29.0 1.732053279876709
    vertex -5.553549289703369 29.0 1.7320518493652344
  endloop
endfacet
facet normal 0.0 0.0 0.0
  outer loop
    vertex -5.553549289703369 29.0 1.7320518493652344
    vertex 5.553551197052002 29.0 1.732053279876709
    vertex -5.553549289703369 29.414213180541992 1.414215087890625
  endloop
endfacet
facet normal 0.0 0.0 0.0
  outer loop
    vertex -5.553549289703369 29.0 1.7320518493652344
    vertex -5.553549289703369 29.414213180541992 1.414215087890625
    vertex -16.660648345947266 29.414213180541992 1.4142136573791504
  endloop
endfacet
facet normal 0.0 0.0 0.0
  outer loop
    vertex -16.660648345947266 29.414213180541992 1.4142136573791504
    vertex -5.553549289703369 29.414213180541992 1.414215087890625
    vertex -16.660648345947266 29.7320499420166 1.0000004768371582
  endloop
endfacet
facet normal 0.0 0.0 0.0
  outer loop
    vertex -16.660648345947266 29.414213180541992 1.4142136573791504
    vertex -16.660648345947266 29.7320499420166 1.0000004768371582
    vertex -27.767745971679688 29.7320499420166 0.9999990463256836
  endloop
endfacet
facet normal 0.0 0.0 0.0
  outer loop
    vertex -27.767745971679688 29.7320499420166 0.9999990463256836
    vertex -16.660648345947266 29.7320499420166 1.0000004768371582
    vertex -27.767745971679688 29.931852340698242 0.5176363587379456
  endloop
endfacet
facet normal 0.0 0.0 0.0
  outer loop
    vertex -27.767745971679688 29.7320499420166 0.9999990463256836
    vertex -27.767745971679688 29.931852340698242 0.5176363587379456
    vertex -38.874847412109375 29.931852340698242 0.5176348686218262
  endloop
endfacet
facet normal 0.0 0.0 0.0
  outer loop
    vertex -38.874847412109375 29.931852340698242 0.5176348686218262
    vertex -38.874847412109375 29.7320499420166 0.9999975562095642
    vertex -27.767745971679688 29.7320499420166 0.9999990463256836
  endloop
endfacet
facet normal 0.0 0.0 0.0
  outer loop
    vertex -27.767745971679688 29.7320499420166 0.9999990463256836
    vertex -38.874847412109375 29.7320499420166 0.9999975562095642
    vertex -27.767745971679688 29.414213180541992 1.4142122268676758
  endloop
endfacet
facet normal 0.0 0.0 0.0
  outer loop
    vertex -27.767745971679688 29.7320499420166 0.9999990463256836
    vertex -27.767745971679688 29.414213180541992 1.4142122268676758
    vertex -16.660648345947266 29.414213180541992 1.4142136573791504
  endloop
endfacet
facet normal 0.0 0.0 0.0
  outer loop
    vertex -16.660648345947266 29.414213180541992 1.4142136573791504
    vertex -27.767745971679688 29.414213180541992 1.4142122268676758
    vertex -16.660648345947266 29.0 1.7320504188537598
  endloop
endfacet
facet normal 0.0 0.0 0.0
  outer loop
    vertex -16.660648345947266 29.414213180541992 1.4142136573791504
    vertex -16.660648345947266 29.0 1.7320504188537598
    vertex -5.553549289703369 29.0 1.7320518493652344
  endloop
endfacet
facet normal 0.0 0.0 0.0
  outer loop
    vertex -5.553549289703369 29.0 1.7320518493652344
    vertex -16.660648345947266 29.0 1.7320504188537598
    vertex -5.553549289703369 28.517637252807617 1.931854248046875
  endloop
endfacet
facet normal 0.0 0.0 0.0
  outer loop
    vertex -5.553549289703369 29.0 1.7320518493652344
    vertex -5.553549289703369 28.517637252807617 1.931854248046875
    vertex 5.553551197052002 28.517637252807617 1.9318556785583496
  endloop
endfacet
facet normal 0.0 0.0 0.0
  outer loop
    vertex 5.553551197052002 28.517637252807617 1.9318556785583496
    vertex -5.553549289703369 28.517637252807617 1.931854248046875
    vertex 38.874847412109375 28.0 2.0000076293945312
  endloop
endfacet
facet normal 0.0 0.0 0.0
  outer loop
    vertex -38.874847412109375 29.7320499420166 0.9999975562095642
    vertex -38.874847412109375 29.414213180541992 1.4142106771469116
    vertex -27.767745971679688 29.414213180541992 1.4142122268676758
  endloop
endfacet
facet normal 0.0 0.0 0.0
  outer loop
    vertex -27.767745971679688 29.414213180541992 1.4142122268676758
    vertex -38.874847412109375 29.414213180541992 1.4142106771469116
    vertex -27.767745971679688 29.0 1.7320489883422852
  endloop
endfacet
facet normal 0.0 0.0 0.0
  outer loop
    vertex -27.767745971679688 29.414213180541992 1.4142122268676758
    vertex -27.767745971679688 29.0 1.7320489883422852
    vertex -16.660648345947266 29.0 1.7320504188537598
  endloop
endfacet
facet normal 0.0 0.0 0.0
  outer loop
    vertex -16.660648345947266 29.0 1.7320504188537598
    vertex -27.767745971679688 29.0 1.7320489883422852
    vertex -16.660648345947266 28.517637252807617 1.9318528175354004
  endloop
endfacet
facet normal 0.0 0.0 0.0
  outer loop
    vertex -16.660648345947266 29.0 1.7320504188537598
    vertex -16.660648345947266 28.517637252807617 1.9318528175354004
    vertex -5.553549289703369 28.517637252807617 1.931854248046875
  endloop
endfacet
facet normal 0.0 0.0 0.0
  outer loop
    vertex -5.553549289703369 28.517637252807617 1.931854248046875
    vertex -16.660648345947266 28.517637252807617 1.9318528175354004
    vertex -38.874847412109375 28.0 1.9999973773956299
  endloop
endfacet
facet normal 0.0 0.0 0.0
  outer loop
    vertex -5.553549289703369 28.517637252807617 1.931854248046875
    vertex -38.874847412109375 28.0 1.9999973773956299
    vertex 38.874847412109375 28.0 2.0000076293945312
  endloop
endfacet
facet normal 0.0 0.0 0.0
  outer loop
    vertex -38.874847412109375 29.414213180541992 1.4142106771469116
    vertex -38.874847412109375 29.0 1.732047438621521
    vertex -27.767745971679688 29.0 1.7320489883422852
  endloop
endfacet
facet normal 0.0 0.0 0.0
  outer loop
    vertex -27.767745971679688 29.0 1.7320489883422852
    vertex -38.874847412109375 29.0 1.732047438621521
    vertex -27.767745971679688 28.517637252807617 1.9318512678146362
  endloop
endfacet
facet normal 0.0 0.0 0.0
  outer loop
    vertex -27.767745971679688 29.0 1.7320489883422852
    vertex -27.767745971679688 28.517637252807617 1.9318512678146362
    vertex -16.660648345947266 28.517637252807617 1.9318528175354004
  endloop
endfacet
facet normal 0.0 0.0 0.0
  outer loop
    vertex -16.660648345947266 28.517637252807617 1.9318528175354004
    vertex -27.767745971679688 28.517637252807617 1.9318512678146362
    vertex -38.874847412109375 28.0 1.9999973773956299
  endloop
endfacet
facet normal 0.0 0.0 0.0
  outer loop
    vertex -38.874847412109375 29.0 1.732047438621521
    vertex -38.874847412109375 28.517637252807617 1.931849718093872
    vertex -27.767745971679688 28.517637252807617 1.9318512678146362
  endloop
endfacet
facet normal 0.0 0.0 0.0
  outer loop
    vertex -27.767745971679688 28.517637252807617 1.9318512678146362
    vertex -38.874847412109375 28.517637252807617 1.931849718093872
    vertex -38.874847412109375 28.0 1.9999973773956299
  endloop
endfacet
facet normal 0.0 0.0 0.0
  outer loop
    vertex 38.874847412109375 28.517637252807617 1.9318602085113525
    vertex 38.874847412109375 29.0 1.732057809829712
    vertex 27.767745971679688 29.0 1.7320563793182373
  endloop
endfacet
facet normal 0.0 0.0 0.0
  outer loop
    vertex 27.767745971679688 29.0 1.7320563793182373
    vertex 38.874847412109375 29.0 1.732057809829712
    vertex 27.767745971679688 29.414213180541992 1.414219617843628
  endloop
endfacet
facet normal 0.0 0.0 0.0
  outer loop
    vertex 27.767745971679688 29.0 1.7320563793182373
    vertex 27.767745971679688 29.414213180541992 1.414219617843628
    vertex 16.6606502532959 29.414213180541992 1.4142180681228638
  endloop
endfacet
facet normal 0.0 0.0 0.0
  outer loop
    vertex 16.6606502532959 29.414213180541992 1.4142180681228638
    vertex 27.767745971679688 29.414213180541992 1.414219617843628
    vertex 16.6606502532959 29.7320499420166 1.0000050067901611
  endloop
endfacet
facet normal 0.0 0.0 0.0
  outer loop
    vertex 16.6606502532959 29.414213180541992 1.4142180681228638
    vertex 16.6606502532959 29.7320499420166 1.0000050067901611
    vertex 5.553551197052002 29.7320499420166 1.000003457069397
  endloop
endfacet
facet normal 0.0 0.0 0.0
  outer loop
    vertex 5.553551197052002 29.7320499420166 1.000003457069397
    vertex 16.6606502532959 29.7320499420166 1.0000050067901611
    vertex 5.553551197052002 29.931852340698242 0.5176408290863037
  endloop
endfacet
facet normal 0.0 0.0 0.0
  outer loop
    vertex 5.553551197052002 29.7320499420166 1.000003457069397
    vertex 5.553551197052002 29.931852340698242 0.5176408290863037
    vertex -5.553549289703369 29.931852340698242 0.5176392793655396
  endloop
endfacet
facet normal 0.0 0.0 0.0
  outer loop
    vertex -5.553549289703369 29.931852340698242 0.5176392793655396
    vertex 5.553551197052002 29.931852340698242 0.5176408290863037
    vertex -38.874847412109375 30.0 -2.2649765014648438e-06
  endloop
endfacet
facet normal 0.0 0.0 0.0
  outer loop
    vertex 38.874847412109375 29.0 1.732057809829712
    vertex 38.874847412109375 29.414213180541992 1.4142210483551025
    vertex 27.767745971679688 29.414213180541992 1.414219617843628
  endloop
endfacet
facet normal 0.0 0.0 0.0
  outer loop
    vertex 27.767745971679688 29.414213180541992 1.414219617843628
    vertex 38.874847412109375 29.414213180541992 1.4142210483551025
    vertex 27.767745971679688 29.7320499420166 1.0000064373016357
  endloop
endfacet
facet normal 0.0 0.0 0.0
  outer loop
    vertex 27.767745971679688 29.414213180541992 1.414219617843628
    vertex 27.767745971679688 29.7320499420166 1.0000064373016357
    vertex 16.6606502532959 29.7320499420166 1.0000050067901611
  endloop
endfacet
facet normal 0.0 0.0 0.0
  outer loop
    vertex 16.6606502532959 29.7320499420166 1.0000050067901611
    vertex 27.767745971679688 29.7320499420166 1.0000064373016357
    vertex 16.6606502532959 29.931852340698242 0.5176422595977783
  endloop
endfacet
facet normal 0.0 0.0 0.0
  outer loop
    vertex 16.6606502532959 29.7320499420166 1.0000050067901611
    vertex 16.6606502532959 29.931852340698242 0.5176422595977783
    vertex 5.553551197052002 29.931852340698242 0.5176408290863037
  endloop
endfacet
facet normal 0.0 0.0 0.0
  outer loop
    vertex 5.553551197052002 29.931852340698242 0.5176408290863037
    vertex 16.6606502532959 29.931852340698242 0.5176422595977783
    vertex 38.874847412109375 30.0 8.046627044677734e-06
  endloop
endfacet
facet normal 0.0 0.0 0.0
  outer loop
    vertex 5.553551197052002 29.931852340698242 0.5176408290863037
    vertex 38.874847412109375 30.0 8.046627044677734e-06
    vertex -38.874847412109375 30.0 -2.2649765014648438e-06
  endloop
endfacet
facet normal 0.0 0.0 0.0
  outer loop
    vertex 38.874847412109375 29.414213180541992 1.4142210483551025
    vertex 38.874847412109375 29.7320499420166 1.0000078678131104
    vertex 27.767745971679688 29.7320499420166 1.0000064373016357
  endloop
endfacet
facet normal 0.0 0.0 0.0
  outer loop
    vertex 27.767745971679688 29.7320499420166 1.0000064373016357
    vertex 38.874847412109375 29.7320499420166 1.0000078678131104
    vertex 27.767745971679688 29.931852340698242 0.5176437497138977
  endloop
endfacet
facet normal 0.0 0.0 0.0
  outer loop
    vertex 27.767745971679688 29.7320499420166 1.0000064373016357
    vertex 27.767745971679688 29.931852340698242 0.5176437497138977
    vertex 16.6606502532959 29.931852340698242 0.5176422595977783
  endloop
endfacet
facet normal 0.0 0.0 0.0
  outer loop
    vertex 16.6606502532959 29.931852340698242 0.5176422595977783
    vertex 27.767745971679688 29.931852340698242 0.5176437497138977
    vertex 38.874847412109375 30.0 8.046627044677734e-06
  endloop
endfacet
facet normal 0.0 0.0 0.0
  outer loop
    vertex 38.874847412109375 29.7320499420166 1.0000078678131104
    vertex 38.874847412109375 29.931852340698242 0.5176452398300171
    vertex 27.767745971679688 29.931852340698242 0.5176437497138977
  endloop
endfacet
facet normal 0.0 0.0 0.0
  outer loop
    vertex 27.767745971679688 29.931852340698242 0.5176437497138977
    vertex 38.874847412109375 29.931852340698242 0.5176452398300171
    vertex 38.874847412109375 30.0 8.046627044677734e-06
  endloop
endfacet
facet normal 0.0 0.0 0.0
  outer loop
    vertex -5.553549289703369 29.7320499420166 1.0000020265579224
    vertex -16.660648345947266 29.931852340698242 0.5176378488540649
    vertex -16.660648345947266 29.7320499420166 1.0000004768371582
  endloop
endfacet
facet normal 0.0 0.0 0.0
  outer loop
    vertex -16.660648345947266 29.7320499420166 1.0000004768371582
    vertex -16.660648345947266 29.931852340698242 0.5176378488540649
    vertex -27.767745971679688 29.931852340698242 0.5176363587379456
  endloop
endfacet
facet normal 0.0 0.0 0.0
  outer loop
    vertex 5.553551197052002 29.414213180541992 1.4142166376113892
    vertex -5.553549289703369 29.7320499420166 1.0000020265579224
    vertex -5.553549289703369 29.414213180541992 1.414215087890625
  endloop
endfacet
facet normal 0.0 0.0 0.0
  outer loop
    vertex -5.553549289703369 29.414213180541992 1.414215087890625
    vertex -5.553549289703369 29.7320499420166 1.0000020265579224
    vertex -16.660648345947266 29.7320499420166 1.0000004768371582
  endloop
endfacet
facet normal 0.0 0.0 0.0
  outer loop
    vertex 16.6606502532959 29.0 1.7320548295974731
    vertex 5.553551197052002 29.414213180541992 1.4142166376113892
    vertex 5.553551197052002 29.0 1.732053279876709
  endloop
endfacet
facet normal 0.0 0.0 0.0
  outer loop
    vertex 5.553551197052002 29.0 1.732053279876709
    vertex 5.553551197052002 29.414213180541992 1.4142166376113892
    vertex -5.553549289703369 29.414213180541992 1.414215087890625
  endloop
endfacet
facet normal 0.0 0.0 0.0
  outer loop
    vertex 27.767745971679688 28.517637252807617 1.9318586587905884
    vertex 16.6606502532959 29.0 1.7320548295974731
    vertex 16.6606502532959 28.517637252807617 1.9318571090698242
  endloop
endfacet
facet normal 0.0 0.0 0.0
  outer loop
    vertex 16.6606502532959 28.517637252807617 1.9318571090698242
    vertex 16.6606502532959 29.0 1.7320548295974731
    vertex 5.553551197052002 29.0 1.732053279876709
  endloop
endfacet
facet normal 0.0 0.0 0.0
  outer loop
    vertex 41.22862243652344 29.907520294189453 8.344650268554688e-06
    vertex 38.874847412109375 30.0 8.046627044677734e-06
    vertex 40.65924072265625 29.878616333007812 0.5176454782485962
  endloop
endfacet
facet normal 0.0 0.0 0.0
  outer loop
    vertex 40.65924072265625 29.878616333007812 0.5176454782485962
    vertex 38.874847412109375 30.0 8.046627044677734e-06
    vertex 38.874847412109375 29.931852340698242 0.5176452398300171
  endloop
endfacet
facet normal 0.0 0.0 0.0
  outer loop
    vertex 40.65924072265625 29.878616333007812 0.5176454782485962
    vertex 38.874847412109375 29.931852340698242 0.5176452398300171
    vertex 38.874847412109375 29.7320499420166 1.0000078678131104
  endloop
endfacet
facet normal 0.0 0.0 0.0
  outer loop
    vertex 40.65924072265625 29.878616333007812 0.5176454782485962
    vertex 38.874847412109375 29.7320499420166 1.0000078678131104
    vertex 40.64733123779297 29.679170608520508 1.0000081062316895
  endloop
endfacet
facet normal 0.0 0.0 0.0
  outer loop
    vertex 40.64733123779297 29.679170608520508 1.0000081062316895
    vertex 38.874847412109375 29.7320499420166 1.0000078678131104
    vertex 38.874847412109375 29.414213180541992 1.4142210483551025
  endloop
endfacet
facet normal 0.0 0.0 0.0
  outer loop
    vertex 40.64733123779297 29.679170608520508 1.0000081062316895
    vertex 38.874847412109375 29.414213180541992 1.4142210483551025
    vertex 40.628379821777344 29.36189842224121 1.4142212867736816
  endloop
endfacet
facet normal 0.0 0.0 0.0
  outer loop
    vertex 40.628379821777344 29.36189842224121 1.4142212867736816
    vertex 38.874847412109375 29.414213180541992 1.4142210483551025
    vertex 38.874847412109375 29.0 1.732057809829712
  endloop
endfacet
facet normal 0.0 0.0 0.0
  outer loop
    vertex 40.628379821777344 29.36189842224121 1.4142212867736816
    vertex 38.874847412109375 29.0 1.732057809829712
    vertex 40.60369110107422 28.948421478271484 1.732058048248291
  endloop
endfacet
facet normal 0.0 0.0 0.0
  outer loop
    vertex 40.60369110107422 28.948421478271484 1.732058048248291
    vertex 38.874847412109375 29.0 1.732057809829712
    vertex 38.874847412109375 28.517637252807617 1.9318602085113525
  endloop
endfacet
facet normal 0.0 0.0 0.0
  outer loop
    vertex 40.60369110107422 28.948421478271484 1.732058048248291
    vertex 38.874847412109375 28.517637252807617 1.9318602085113525
    vertex 40.57493591308594 28.466917037963867 1.9318604469299316
  endloop
endfacet
facet normal 0.0 0.0 0.0
  outer loop
    vertex 40.57493591308594 28.466917037963867 1.9318604469299316
    vertex 38.874847412109375 28.517637252807617 1.9318602085113525
    vertex 38.874847412109375 28.0 2.0000076293945312
  endloop
endfacet
facet normal 0.0 0.0 0.0
  outer loop
    vertex 40.57493591308594 28.466917037963867 1.9318604469299316
    vertex 38.874847412109375 28.0 2.0000076293945312
    vertex 41.12791442871094 27.909204483032227 2.0000081062316895
  endloop
endfacet
facet normal 0.0 0.0 0.0
  outer loop
    vertex 40.57493591308594 28.466917037963867 1.9318604469299316
    vertex 41.12791442871094 27.909204483032227 2.0000081062316895
    vertex 42.831260681152344 28.241857528686523 1.9318606853485107
  endloop
endfacet
facet normal 0.0 0.0 0.0
  outer loop
    vertex 42.831260681152344 28.241857528686523 1.9318606853485107
    vertex 41.12791442871094 27.909204483032227 2.0000081062316895
    vertex 43.366363525390625 27.637407302856445 2.0000083446502686
  endloop
endfacet
facet normal 0.0 0.0 0.0
  outer loop
    vertex 42.831260681152344 28.241857528686523 1.9318606853485107
    vertex 43.366363525390625 27.637407302856445 2.0000083446502686
    vertex 45.06257629394531 27.83824348449707 1.9318609237670898
  endloop
endfacet
facet normal 0.0 0.0 0.0
  outer loop
    vertex 45.06257629394531 27.83824348449707 1.9318609237670898
    vertex 43.366363525390625 27.637407302856445 2.0000083446502686
    vertex 45.57569122314453 27.186370849609375 2.0000085830688477
  endloop
endfacet
facet normal 0.0 0.0 0.0
  outer loop
    vertex 45.06257629394531 27.83824348449707 1.9318609237670898
    vertex 45.57569122314453 27.186370849609375 2.0000085830688477
    vertex 47.25476837158203 27.25862693786621 1.9318612813949585
  endloop
endfacet
facet normal 0.0 0.0 0.0
  outer loop
    vertex 47.25476837158203 27.25862693786621 1.9318612813949585
    vertex 45.57569122314453 27.186370849609375 2.0000085830688477
    vertex 47.741554260253906 26.55902099609375 2.000009059906006
  endloop
endfacet
facet normal 0.0 0.0 0.0
  outer loop
    vertex 47.25476837158203 27.25862693786621 1.9318612813949585
    vertex 47.741554260253906 26.55902099609375 2.000009059906006
    vertex 49.39397048950195 26.506671905517578 1.9318615198135376
  endloop
endfacet
facet normal 0.0 0.0 0.0
  outer loop
    vertex 49.39397048950195 26.506671905517578 1.9318615198135376
    vertex 47.741554260253906 26.55902099609375 2.000009059906006
    vertex 49.849910736083984 25.759424209594727 2.000009298324585
  endloop
endfacet
facet normal 0.0 0.0 0.0
  outer loop
    vertex 49.39397048950195 26.506671905517578 1.9318615198135376
    vertex 49.849910736083984 25.759424209594727 2.000009298324585
    vertex 51.466678619384766 25.587133407592773 1.9318618774414062
  endloop
endfacet
facet normal 0.0 0.0 0.0
  outer loop
    vertex 51.466678619384766 25.587133407592773 1.9318618774414062
    vertex 49.849910736083984 25.759424209594727 2.000009298324585
    vertex 51.8870964050293 24.792768478393555 2.000009536743164
  endloop
endfacet
facet normal 0.0 0.0 0.0
  outer loop
    vertex 51.466678619384766 25.587133407592773 1.9318618774414062
    vertex 51.8870964050293 24.792768478393555 2.000009536743164
    vertex 53.459781646728516 24.50582504272461 1.9318621158599854
  endloop
endfacet
facet normal 0.0 0.0 0.0
  outer loop
    vertex 53.459781646728516 24.50582504272461 1.9318621158599854
    vertex 51.8870964050293 24.792768478393555 2.000009536743164
    vertex 53.83988571166992 23.66532325744629 2.000009775161743
  endloop
endfacet
facet normal 0.0 0.0 0.0
  outer loop
    vertex 53.459781646728516 24.50582504272461 1.9318621158599854
    vertex 53.83988571166992 23.66532325744629 2.000009775161743
    vertex 55.36066818237305 23.269582748413086 1.9318623542785645
  endloop
endfacet
facet normal 0.0 0.0 0.0
  outer loop
    vertex 55.36066818237305 23.269582748413086 1.9318623542785645
    vertex 53.83988571166992 23.66532325744629 2.000009775161743
    vertex 55.69562911987305 22.384397506713867 2.0000100135803223
  endloop
endfacet
facet normal 0.0 0.0 0.0
  outer loop
    vertex 55.36066818237305 23.269582748413086 1.9318623542785645
    vertex 55.69562911987305 22.384397506713867 2.0000100135803223
    vertex 57.15732192993164 21.88622283935547 1.9318625926971436
  endloop
endfacet
facet normal 0.0 0.0 0.0
  outer loop
    vertex 57.15732192993164 21.88622283935547 1.9318625926971436
    vertex 55.69562911987305 22.384397506713867 2.0000100135803223
    vertex 57.44227981567383 20.958301544189453 2.0000102519989014
  endloop
endfacet
facet normal 0.0 0.0 0.0
  outer loop
    vertex 57.15732192993164 21.88622283935547 1.9318625926971436
    vertex 57.44227981567383 20.958301544189453 2.0000102519989014
    vertex 58.8383903503418 20.364490509033203 1.9318628311157227
  endloop
endfacet
facet normal 0.0 0.0 0.0
  outer loop
    vertex 58.8383903503418 20.364490509033203 1.9318628311157227
    vertex 57.44227981567383 20.958301544189453 2.0000102519989014
    vertex 59.06851577758789 19.396282196044922 2.0000104904174805
  endloop
endfacet
facet normal 0.0 0.0 0.0
  outer loop
    vertex 58.8383903503418 20.364490509033203 1.9318628311157227
    vertex 59.06851577758789 19.396282196044922 2.0000104904174805
    vertex 60.393245697021484 18.714008331298828 1.9318630695343018
  endloop
endfacet
facet normal 0.0 0.0 0.0
  outer loop
    vertex 60.393245697021484 18.714008331298828 1.9318630695343018
    vertex 59.06851577758789 19.396282196044922 2.0000104904174805
    vertex 60.563785552978516 17.708471298217773 2.0000107288360596
  endloop
endfacet
facet normal 0.0 0.0 0.0
  outer loop
    vertex 60.393245697021484 18.714008331298828 1.9318630695343018
    vertex 60.563785552978516 17.708471298217773 2.0000107288360596
    vertex 61.81205368041992 16.945209503173828 1.9318631887435913
  endloop
endfacet
facet normal 0.0 0.0 0.0
  outer loop
    vertex 61.81205368041992 16.945209503173828 1.9318631887435913
    vertex 60.563785552978516 17.708471298217773 2.0000107288360596
    vertex 61.918392181396484 15.905813217163086 2.0000109672546387
  endloop
endfacet
facet normal 0.0 0.0 0.0
  outer loop
    vertex 61.81205368041992 16.945209503173828 1.9318631887435913
    vertex 61.918392181396484 15.905813217163086 2.0000109672546387
    vertex 63.08584976196289 15.069278717041016 1.9318633079528809
  endloop
endfacet
facet normal 0.0 0.0 0.0
  outer loop
    vertex 63.08584976196289 15.069278717041016 1.9318633079528809
    vertex 61.918392181396484 15.905813217163086 2.0000109672546387
    vertex 63.12355422973633 14.0 2.0000109672546387
  endloop
endfacet
facet normal 0.0 0.0 0.0
  outer loop
    vertex 63.08584976196289 15.069278717041016 1.9318633079528809
    vertex 63.12355422973633 14.0 2.0000109672546387
    vertex 64.2065658569336 13.098073959350586 1.93186354637146
  endloop
endfacet
facet normal 0.0 0.0 0.0
  outer loop
    vertex 64.2065658569336 13.098073959350586 1.93186354637146
    vertex 63.12355422973633 14.0 2.0000109672546387
    vertex 64.17145538330078 12.00339126586914 2.0000112056732178
  endloop
endfacet
facet normal 0.0 0.0 0.0
  outer loop
    vertex 64.2065658569336 13.098073959350586 1.93186354637146
    vertex 64.17145538330078 12.00339126586914 2.0000112056732178
    vertex 65.1671371459961 11.044058799743652 1.9318636655807495
  endloop
endfacet
facet normal 0.0 0.0 0.0
  outer loop
    vertex 65.1671371459961 11.044058799743652 1.9318636655807495
    vertex 64.17145538330078 12.00339126586914 2.0000112056732178
    vertex 65.05530548095703 9.928936958312988 2.000011444091797
  endloop
endfacet
facet normal 0.0 0.0 0.0
  outer loop
    vertex 65.1671371459961 11.044058799743652 1.9318636655807495
    vertex 65.05530548095703 9.928936958312988 2.000011444091797
    vertex 65.96147918701172 8.920220375061035 1.931863784790039
  endloop
endfacet
facet normal 0.0 0.0 0.0
  outer loop
    vertex 65.96147918701172 8.920220375061035 1.931863784790039
    vertex 65.05530548095703 9.928936958312988 2.000011444091797
    vertex 65.76935577392578 7.790089130401611 2.000011444091797
  endloop
endfacet
facet normal 0.0 0.0 0.0
  outer loop
    vertex 65.96147918701172 8.920220375061035 1.931863784790039
    vertex 65.76935577392578 7.790089130401611 2.000011444091797
    vertex 66.58455657958984 6.73998498916626 1.931863784790039
  endloop
endfacet
facet normal 0.0 0.0 0.0
  outer loop
    vertex 66.58455657958984 6.73998498916626 1.931863784790039
    vertex 65.76935577392578 7.790089130401611 2.000011444091797
    vertex 66.3089828491211 5.600719451904297 2.000011444091797
  endloop
endfacet
facet normal 0.0 0.0 0.0
  outer loop
    vertex 66.58455657958984 6.73998498916626 1.931863784790039
    vertex 66.3089828491211 5.600719451904297 2.000011444091797
    vertex 67.03246307373047 4.51713752746582 1.9318639039993286
  endloop
endfacet
facet normal 0.0 0.0 0.0
  outer loop
    vertex 67.03246307373047 4.51713752746582 1.9318639039993286
    vertex 66.3089828491211 5.600719451904297 2.000011444091797
    vertex 66.67069244384766 3.3750269412994385 2.000011444091797
  endloop
endfacet
facet normal 0.0 0.0 0.0
  outer loop
    vertex 67.03246307373047 4.51713752746582 1.9318639039993286
    vertex 66.67069244384766 3.3750269412994385 2.000011444091797
    vertex 67.30233001708984 2.2657310962677 1.9318639039993286
  endloop
endfacet
facet normal 0.0 0.0 0.0
  outer loop
    vertex 67.30233001708984 2.2657310962677 1.9318639039993286
    vertex 66.67069244384766 3.3750269412994385 2.000011444091797
    vertex 66.85213470458984 1.1274462938308716 2.000011444091797
  endloop
endfacet
facet normal 0.0 0.0 0.0
  outer loop
    vertex 67.30233001708984 2.2657310962677 1.9318639039993286
    vertex 66.85213470458984 1.1274462938308716 2.000011444091797
    vertex 67.3924789428711 5.973057809536934e-15 1.9318639039993286
  endloop
endfacet
facet normal 0.0 0.0 0.0
  outer loop
    vertex 67.3924789428711 5.973057809536934e-15 1.9318639039993286
    vertex 66.85213470458984 1.1274462938308716 2.000011444091797
    vertex 66.85213470458984 -1.1274462938308716 2.000011444091797
  endloop
endfacet
facet normal 0.0 0.0 0.0
  outer loop
    vertex 67.3924789428711 5.973057809536934e-15 1.9318639039993286
    vertex 66.85213470458984 -1.1274462938308716 2.000011444091797
    vertex 67.30233001708984 -2.2657310962677 1.9318639039993286
  endloop
endfacet
facet normal 0.0 0.0 0.0
  outer loop
    vertex 67.30233001708984 -2.2657310962677 1.9318639039993286
    vertex 66.85213470458984 -1.1274462938308716 2.000011444091797
    vertex 66.67069244384766 -3.3750269412994385 2.000011444091797
  endloop
endfacet
facet normal 0.0 0.0 0.0
  outer loop
    vertex 67.30233001708984 -2.2657310962677 1.9318639039993286
    vertex 66.67069244384766 -3.3750269412994385 2.000011444091797
    vertex 67.03246307373047 -4.51713752746582 1.9318639039993286
  endloop
endfacet
facet normal 0.0 0.0 0.0
  outer loop
    vertex 67.03246307373047 -4.51713752746582 1.9318639039993286
    vertex 66.67069244384766 -3.3750269412994385 2.000011444091797
    vertex 66.3089828491211 -5.600719451904297 2.000011444091797
  endloop
endfacet
facet normal 0.0 0.0 0.0
  outer loop
    vertex 67.03246307373047 -4.51713752746582 1.9318639039993286
    vertex 66.3089828491211 -5.600719451904297 2.000011444091797
    vertex 66.58455657958984 -6.73998498916626 1.931863784790039
  endloop
endfacet
facet normal 0.0 0.0 0.0
  outer loop
    vertex 66.58455657958984 -6.73998498916626 1.931863784790039
    vertex 66.3089828491211 -5.600719451904297 2.000011444091797
    vertex 65.76935577392578 -7.790089130401611 2.000011444091797
  endloop
endfacet
facet normal 0.0 0.0 0.0
  outer loop
    vertex 66.58455657958984 -6.73998498916626 1.931863784790039
    vertex 65.76935577392578 -7.790089130401611 2.000011444091797
    vertex 65.96147918701172 -8.920220375061035 1.931863784790039
  endloop
endfacet
facet normal 0.0 0.0 0.0
  outer loop
    vertex 65.96147918701172 -8.920220375061035 1.931863784790039
    vertex 65.76935577392578 -7.790089130401611 2.000011444091797
    vertex 65.05530548095703 -9.928936958312988 2.000011444091797
  endloop
endfacet
facet normal 0.0 0.0 0.0
  outer loop
    vertex 65.96147918701172 -8.920220375061035 1.931863784790039
    vertex 65.05530548095703 -9.928936958312988 2.000011444091797
    vertex 65.1671371459961 -11.044058799743652 1.9318636655807495
  endloop
endfacet
facet normal 0.0 0.0 0.0
  outer loop
    vertex 65.1671371459961 -11.044058799743652 1.9318636655807495
    vertex 65.05530548095703 -9.928936958312988 2.000011444091797
    vertex 64.17145538330078 -12.00339126586914 2.0000112056732178
  endloop
endfacet
facet normal 0.0 0.0 0.0
  outer loop
    vertex 65.1671371459961 -11.044058799743652 1.9318636655807495
    vertex 64.17145538330078 -12.00339126586914 2.0000112056732178
    vertex 64.2065658569336 -13.098073959350586 1.93186354637146
  endloop
endfacet
facet normal 0.0 0.0 0.0
  outer loop
    vertex 64.2065658569336 -13.098073959350586 1.93186354637146
    vertex 64.17145538330078 -12.00339126586914 2.0000112056732178
    vertex 63.12355422973633 -14.0 2.0000109672546387
  endloop
endfacet
facet normal 0.0 0.0 0.0
  outer loop
    vertex 64.2065658569336 -13.098073959350586 1.93186354637146
    vertex 63.12355422973633 -14.0 2.0000109672546387
    vertex 63.08584976196289 -15.069278717041016 1.9318633079528809
  endloop
endfacet
facet normal 0.0 0.0 0.0
  outer loop
    vertex 63.08584976196289 -15.069278717041016 1.9318633079528809
    vertex 63.12355422973633 -14.0 2.0000109672546387
    vertex 61.918392181396484 -15.905813217163086 2.0000109672546387
  endloop
endfacet
facet normal 0.0 0.0 0.0
  outer loop
    vertex 63.08584976196289 -15.069278717041016 1.9318633079528809
    vertex 61.918392181396484 -15.905813217163086 2.0000109672546387
    vertex 61.81205368041992 -16.945209503173828 1.9318631887435913
  endloop
endfacet
facet normal 0.0 0.0 0.0
  outer loop
    vertex 61.81205368041992 -16.945209503173828 1.9318631887435913
    vertex 61.918392181396484 -15.905813217163086 2.0000109672546387
    vertex 60.563785552978516 -17.708471298217773 2.0000107288360596
  endloop
endfacet
facet normal 0.0 0.0 0.0
  outer loop
    vertex 61.81205368041992 -16.945209503173828 1.9318631887435913
    vertex 60.563785552978516 -17.708471298217773 2.0000107288360596
    vertex 60.393245697021484 -18.714008331298828 1.9318630695343018
  endloop
endfacet
facet normal 0.0 0.0 0.0
  outer loop
    vertex 60.393245697021484 -18.714008331298828 1.9318630695343018
    vertex 60.563785552978516 -17.708471298217773 2.0000107288360596
    vertex 59.06851577758789 -19.396282196044922 2.0000104904174805
  endloop
endfacet
facet normal 0.0 0.0 0.0
  outer loop
    vertex 60.393245697021484 -18.714008331298828 1.9318630695343018
    vertex 59.06851577758789 -19.396282196044922 2.0000104904174805
    vertex 58.8383903503418 -20.364490509033203 1.9318628311157227
  endloop
endfacet
facet normal 0.0 0.0 0.0
  outer loop
    vertex 58.8383903503418 -20.364490509033203 1.9318628311157227
    vertex 59.06851577758789 -19.396282196044922 2.0000104904174805
    vertex 57.44227981567383 -20.958301544189453 2.0000102519989014
  endloop
endfacet
facet normal 0.0 0.0 0.0
  outer loop
    vertex 58.8383903503418 -20.364490509033203 1.9318628311157227
    vertex 57.44227981567383 -20.958301544189453 2.0000102519989014
    vertex 57.15732192993164 -21.88622283935547 1.9318625926971436
  endloop
endfacet
facet normal 0.0 0.0 0.0
  outer loop
    vertex 57.15732192993164 -21.88622283935547 1.9318625926971436
    vertex 57.44227981567383 -20.958301544189453 2.0000102519989014
    vertex 55.69562911987305 -22.384397506713867 2.0000100135803223
  endloop
endfacet
facet normal 0.0 0.0 0.0
  outer loop
    vertex 57.15732192993164 -21.88622283935547 1.9318625926971436
    vertex 55.69562911987305 -22.384397506713867 2.0000100135803223
    vertex 55.36066818237305 -23.269582748413086 1.9318623542785645
  endloop
endfacet
facet normal 0.0 0.0 0.0
  outer loop
    vertex 55.36066818237305 -23.269582748413086 1.9318623542785645
    vertex 55.69562911987305 -22.384397506713867 2.0000100135803223
    vertex 53.83988571166992 -23.66532325744629 2.000009775161743
  endloop
endfacet
facet normal 0.0 0.0 0.0
  outer loop
    vertex 55.36066818237305 -23.269582748413086 1.9318623542785645
    vertex 53.83988571166992 -23.66532325744629 2.000009775161743
    vertex 53.459781646728516 -24.50582504272461 1.9318621158599854
  endloop
endfacet
facet normal 0.0 0.0 0.0
  outer loop
    vertex 53.459781646728516 -24.50582504272461 1.9318621158599854
    vertex 53.83988571166992 -23.66532325744629 2.000009775161743
    vertex 51.8870964050293 -24.792768478393555 2.000009536743164
  endloop
endfacet
facet normal 0.0 0.0 0.0
  outer loop
    vertex 53.459781646728516 -24.50582504272461 1.9318621158599854
    vertex 51.8870964050293 -24.792768478393555 2.000009536743164
    vertex 51.466678619384766 -25.587133407592773 1.9318618774414062
  endloop
endfacet
facet normal 0.0 0.0 0.0
  outer loop
    vertex 51.466678619384766 -25.587133407592773 1.9318618774414062
    vertex 51.8870964050293 -24.792768478393555 2.000009536743164
    vertex 49.849910736083984 -25.759424209594727 2.000009298324585
  endloop
endfacet
facet normal 0.0 0.0 0.0
  outer loop
    vertex 51.466678619384766 -25.587133407592773 1.9318618774414062
    vertex 49.849910736083984 -25.759424209594727 2.000009298324585
    vertex 49.39397048950195 -26.506671905517578 1.9318615198135376
  endloop
endfacet
facet normal 0.0 0.0 0.0
  outer loop
    vertex 49.39397048950195 -26.506671905517578 1.9318615198135376
    vertex 49.849910736083984 -25.759424209594727 2.000009298324585
    vertex 47.741554260253906 -26.55902099609375 2.000009059906006
  endloop
endfacet
facet normal 0.0 0.0 0.0
  outer loop
    vertex 49.39397048950195 -26.506671905517578 1.9318615198135376
    vertex 47.741554260253906 -26.55902099609375 2.000009059906006
    vertex 47.25476837158203 -27.25862693786621 1.9318612813949585
  endloop
endfacet
facet normal 0.0 0.0 0.0
  outer loop
    vertex 47.25476837158203 -27.25862693786621 1.9318612813949585
    vertex 47.741554260253906 -26.55902099609375 2.000009059906006
    vertex 45.57569122314453 -27.186370849609375 2.0000085830688477
  endloop
endfacet
facet normal 0.0 0.0 0.0
  outer loop
    vertex 47.25476837158203 -27.25862693786621 1.9318612813949585
    vertex 45.57569122314453 -27.186370849609375 2.0000085830688477
    vertex 45.06257629394531 -27.83824348449707 1.9318609237670898
  endloop
endfacet
facet normal 0.0 0.0 0.0
  outer loop
    vertex 45.06257629394531 -27.83824348449707 1.9318609237670898
    vertex 45.57569122314453 -27.186370849609375 2.0000085830688477
    vertex 43.366363525390625 -27.637407302856445 2.0000083446502686
  endloop
endfacet
facet normal 0.0 0.0 0.0
  outer loop
    vertex 45.06257629394531 -27.83824348449707 1.9318609237670898
    vertex 43.366363525390625 -27.637407302856445 2.0000083446502686
    vertex 42.831260681152344 -28.241857528686523 1.9318606853485107
  endloop
endfacet
facet normal 0.0 0.0 0.0
  outer loop
    vertex 42.831260681152344 -28.241857528686523 1.9318606853485107
    vertex 43.366363525390625 -27.637407302856445 2.0000083446502686
    vertex 41.12791442871094 -27.909204483032227 2.0000081062316895
  endloop
endfacet
facet normal 0.0 0.0 0.0
  outer loop
    vertex 42.831260681152344 -28.241857528686523 1.9318606853485107
    vertex 41.12791442871094 -27.909204483032227 2.0000081062316895
    vertex 40.57493591308594 -28.466917037963867 1.9318604469299316
  endloop
endfacet
facet normal 0.0 0.0 0.0
  outer loop
    vertex 40.57493591308594 -28.466917037963867 1.9318604469299316
    vertex 41.12791442871094 -27.909204483032227 2.0000081062316895
    vertex 38.874847412109375 -28.0 2.0000076293945312
  endloop
endfacet
facet normal 0.0 0.0 0.0
  outer loop
    vertex 40.57493591308594 -28.466917037963867 1.9318604469299316
    vertex 38.874847412109375 -28.0 2.0000076293945312
    vertex 38.874847412109375 -28.517637252807617 1.9318602085113525
  endloop
endfacet
facet normal 0.0 0.0 0.0
  outer loop
    vertex 38.874847412109375 -28.517637252807617 1.9318602085113525
    vertex 38.874847412109375 -29.0 1.732057809829712
    vertex 40.57493591308594 -28.466917037963867 1.9318604469299316
  endloop
endfacet
facet normal 0.0 0.0 0.0
  outer loop
    vertex 40.57493591308594 -28.466917037963867 1.9318604469299316
    vertex 38.874847412109375 -29.0 1.732057809829712
    vertex 40.60369110107422 -28.948421478271484 1.732058048248291
  endloop
endfacet
facet normal 0.0 0.0 0.0
  outer loop
    vertex 40.57493591308594 -28.466917037963867 1.9318604469299316
    vertex 40.60369110107422 -28.948421478271484 1.732058048248291
    vertex 42.831260681152344 -28.241857528686523 1.9318606853485107
  endloop
endfacet
facet normal 0.0 0.0 0.0
  outer loop
    vertex 42.831260681152344 -28.241857528686523 1.9318606853485107
    vertex 40.60369110107422 -28.948421478271484 1.732058048248291
    vertex 42.89817810058594 -28.719554901123047 1.7320582866668701
  endloop
endfacet
facet normal 0.0 0.0 0.0
  outer loop
    vertex 42.831260681152344 -28.241857528686523 1.9318606853485107
    vertex 42.89817810058594 -28.719554901123047 1.7320582866668701
    vertex 45.06257629394531 -27.83824348449707 1.9318609237670898
  endloop
endfacet
facet normal 0.0 0.0 0.0
  outer loop
    vertex 45.06257629394531 -27.83824348449707 1.9318609237670898
    vertex 42.89817810058594 -28.719554901123047 1.7320582866668701
    vertex 45.167236328125 -28.309112548828125 1.7320586442947388
  endloop
endfacet
facet normal 0.0 0.0 0.0
  outer loop
    vertex 45.06257629394531 -27.83824348449707 1.9318609237670898
    vertex 45.167236328125 -28.309112548828125 1.7320586442947388
    vertex 47.25476837158203 -27.25862693786621 1.9318612813949585
  endloop
endfacet
facet normal 0.0 0.0 0.0
  outer loop
    vertex 47.25476837158203 -27.25862693786621 1.9318612813949585
    vertex 45.167236328125 -28.309112548828125 1.7320586442947388
    vertex 47.396507263183594 -27.71969223022461 1.7320590019226074
  endloop
endfacet
facet normal 0.0 0.0 0.0
  outer loop
    vertex 47.25476837158203 -27.25862693786621 1.9318612813949585
    vertex 47.396507263183594 -27.71969223022461 1.7320590019226074
    vertex 49.39397048950195 -26.506671905517578 1.9318615198135376
  endloop
endfacet
facet normal 0.0 0.0 0.0
  outer loop
    vertex 49.39397048950195 -26.506671905517578 1.9318615198135376
    vertex 47.396507263183594 -27.71969223022461 1.7320590019226074
    vertex 49.571903228759766 -26.955018997192383 1.7320592403411865
  endloop
endfacet
facet normal 0.0 0.0 0.0
  outer loop
    vertex 49.39397048950195 -26.506671905517578 1.9318615198135376
    vertex 49.571903228759766 -26.955018997192383 1.7320592403411865
    vertex 51.466678619384766 -25.587133407592773 1.9318618774414062
  endloop
endfacet
facet normal 0.0 0.0 0.0
  outer loop
    vertex 51.466678619384766 -25.587133407592773 1.9318618774414062
    vertex 49.571903228759766 -26.955018997192383 1.7320592403411865
    vertex 51.67966842651367 -26.019926071166992 1.7320594787597656
  endloop
endfacet
facet normal 0.0 0.0 0.0
  outer loop
    vertex 51.466678619384766 -25.587133407592773 1.9318618774414062
    vertex 51.67966842651367 -26.019926071166992 1.7320594787597656
    vertex 53.459781646728516 -24.50582504272461 1.9318621158599854
  endloop
endfacet
facet normal 0.0 0.0 0.0
  outer loop
    vertex 53.459781646728516 -24.50582504272461 1.9318621158599854
    vertex 51.67966842651367 -26.019926071166992 1.7320594787597656
    vertex 53.706478118896484 -24.92032814025879 1.7320597171783447
  endloop
endfacet
facet normal 0.0 0.0 0.0
  outer loop
    vertex 53.459781646728516 -24.50582504272461 1.9318621158599854
    vertex 53.706478118896484 -24.92032814025879 1.7320597171783447
    vertex 55.36066818237305 -23.269582748413086 1.9318623542785645
  endloop
endfacet
facet normal 0.0 0.0 0.0
  outer loop
    vertex 55.36066818237305 -23.269582748413086 1.9318623542785645
    vertex 53.706478118896484 -24.92032814025879 1.7320597171783447
    vertex 55.6395149230957 -23.663175582885742 1.7320599555969238
  endloop
endfacet
facet normal 0.0 0.0 0.0
  outer loop
    vertex 55.36066818237305 -23.269582748413086 1.9318623542785645
    vertex 55.6395149230957 -23.663175582885742 1.7320599555969238
    vertex 57.15732192993164 -21.88622283935547 1.9318625926971436
  endloop
endfacet
facet normal 0.0 0.0 0.0
  outer loop
    vertex 57.15732192993164 -21.88622283935547 1.9318625926971436
    vertex 55.6395149230957 -23.663175582885742 1.7320599555969238
    vertex 57.4665641784668 -22.256418228149414 1.732060194015503
  endloop
endfacet
facet normal 0.0 0.0 0.0
  outer loop
    vertex 57.15732192993164 -21.88622283935547 1.9318625926971436
    vertex 57.4665641784668 -22.256418228149414 1.732060194015503
    vertex 58.8383903503418 -20.364490509033203 1.9318628311157227
  endloop
endfacet
facet normal 0.0 0.0 0.0
  outer loop
    vertex 58.8383903503418 -20.364490509033203 1.9318628311157227
    vertex 57.4665641784668 -22.256418228149414 1.732060194015503
    vertex 59.17606735229492 -20.708946228027344 1.732060432434082
  endloop
endfacet
facet normal 0.0 0.0 0.0
  outer loop
    vertex 58.8383903503418 -20.364490509033203 1.9318628311157227
    vertex 59.17606735229492 -20.708946228027344 1.732060432434082
    vertex 60.393245697021484 -18.714008331298828 1.9318630695343018
  endloop
endfacet
facet normal 0.0 0.0 0.0
  outer loop
    vertex 60.393245697021484 -18.714008331298828 1.9318630695343018
    vertex 59.17606735229492 -20.708946228027344 1.732060432434082
    vertex 60.75722122192383 -19.030546188354492 1.7320606708526611
  endloop
endfacet
facet normal 0.0 0.0 0.0
  outer loop
    vertex 60.393245697021484 -18.714008331298828 1.9318630695343018
    vertex 60.75722122192383 -19.030546188354492 1.7320606708526611
    vertex 61.81205368041992 -16.945209503173828 1.9318631887435913
  endloop
endfacet
facet normal 0.0 0.0 0.0
  outer loop
    vertex 61.81205368041992 -16.945209503173828 1.9318631887435913
    vertex 60.75722122192383 -19.030546188354492 1.7320606708526611
    vertex 62.20002365112305 -17.231830596923828 1.7320609092712402
  endloop
endfacet
facet normal 0.0 0.0 0.0
  outer loop
    vertex 61.81205368041992 -16.945209503173828 1.9318631887435913
    vertex 62.20002365112305 -17.231830596923828 1.7320609092712402
    vertex 63.08584976196289 -15.069278717041016 1.9318633079528809
  endloop
endfacet
facet normal 0.0 0.0 0.0
  outer loop
    vertex 63.08584976196289 -15.069278717041016 1.9318633079528809
    vertex 62.20002365112305 -17.231830596923828 1.7320609092712402
    vertex 63.495365142822266 -15.32416820526123 1.7320611476898193
  endloop
endfacet
facet normal 0.0 0.0 0.0
  outer loop
    vertex 63.08584976196289 -15.069278717041016 1.9318633079528809
    vertex 63.495365142822266 -15.32416820526123 1.7320611476898193
    vertex 64.2065658569336 -13.098073959350586 1.93186354637146
  endloop
endfacet
facet normal 0.0 0.0 0.0
  outer loop
    vertex 64.2065658569336 -13.098073959350586 1.93186354637146
    vertex 63.495365142822266 -15.32416820526123 1.7320611476898193
    vertex 64.63504791259766 -13.319621086120605 1.7320611476898193
  endloop
endfacet
facet normal 0.0 0.0 0.0
  outer loop
    vertex 64.2065658569336 -13.098073959350586 1.93186354637146
    vertex 64.63504791259766 -13.319621086120605 1.7320611476898193
    vertex 65.1671371459961 -11.044058799743652 1.9318636655807495
  endloop
endfacet
facet normal 0.0 0.0 0.0
  outer loop
    vertex 65.1671371459961 -11.044058799743652 1.9318636655807495
    vertex 64.63504791259766 -13.319621086120605 1.7320611476898193
    vertex 65.61185455322266 -11.230863571166992 1.7320613861083984
  endloop
endfacet
facet normal 0.0 0.0 0.0
  outer loop
    vertex 65.1671371459961 -11.044058799743652 1.9318636655807495
    vertex 65.61185455322266 -11.230863571166992 1.7320613861083984
    vertex 65.96147918701172 -8.920220375061035 1.931863784790039
  endloop
endfacet
facet normal 0.0 0.0 0.0
  outer loop
    vertex 65.96147918701172 -8.920220375061035 1.931863784790039
    vertex 65.61185455322266 -11.230863571166992 1.7320613861083984
    vertex 66.41962432861328 -9.071101188659668 1.7320613861083984
  endloop
endfacet
facet normal 0.0 0.0 0.0
  outer loop
    vertex 65.96147918701172 -8.920220375061035 1.931863784790039
    vertex 66.41962432861328 -9.071101188659668 1.7320613861083984
    vertex 66.58455657958984 -6.73998498916626 1.931863784790039
  endloop
endfacet
facet normal 0.0 0.0 0.0
  outer loop
    vertex 66.58455657958984 -6.73998498916626 1.931863784790039
    vertex 66.41962432861328 -9.071101188659668 1.7320613861083984
    vertex 67.05326080322266 -6.8539886474609375 1.7320616245269775
  endloop
endfacet
facet normal 0.0 0.0 0.0
  outer loop
    vertex 66.58455657958984 -6.73998498916626 1.931863784790039
    vertex 67.05326080322266 -6.8539886474609375 1.7320616245269775
    vertex 67.03246307373047 -4.51713752746582 1.9318639039993286
  endloop
endfacet
facet normal 0.0 0.0 0.0
  outer loop
    vertex 67.03246307373047 -4.51713752746582 1.9318639039993286
    vertex 67.05326080322266 -6.8539886474609375 1.7320616245269775
    vertex 67.50873565673828 -4.593542575836182 1.7320616245269775
  endloop
endfacet
facet normal 0.0 0.0 0.0
  outer loop
    vertex 67.03246307373047 -4.51713752746582 1.9318639039993286
    vertex 67.50873565673828 -4.593542575836182 1.7320616245269775
    vertex 67.30233001708984 -2.2657310962677 1.9318639039993286
  endloop
endfacet
facet normal 0.0 0.0 0.0
  outer loop
    vertex 67.30233001708984 -2.2657310962677 1.9318639039993286
    vertex 67.50873565673828 -4.593542575836182 1.7320616245269775
    vertex 67.7831802368164 -2.3040547370910645 1.7320616245269775
  endloop
endfacet
facet normal 0.0 0.0 0.0
  outer loop
    vertex 67.30233001708984 -2.2657310962677 1.9318639039993286
    vertex 67.7831802368164 -2.3040547370910645 1.7320616245269775
    vertex 67.3924789428711 5.973057809536934e-15 1.9318639039993286
  endloop
endfacet
facet normal 0.0 0.0 0.0
  outer loop
    vertex 67.3924789428711 5.973057809536934e-15 1.9318639039993286
    vertex 67.7831802368164 -2.3040547370910645 1.7320616245269775
    vertex 67.87483978271484 6.032130310794923e-15 1.7320616245269775
  endloop
endfacet
facet normal 0.0 0.0 0.0
  outer loop
    vertex 67.3924789428711 5.973057809536934e-15 1.9318639039993286
    vertex 67.87483978271484 6.032130310794923e-15 1.7320616245269775
    vertex 67.30233001708984 2.2657310962677 1.9318639039993286
  endloop
endfacet
facet normal 0.0 0.0 0.0
  outer loop
    vertex 67.30233001708984 2.2657310962677 1.9318639039993286
    vertex 67.87483978271484 6.032130310794923e-15 1.7320616245269775
    vertex 67.7831802368164 2.3040547370910645 1.7320616245269775
  endloop
endfacet
facet normal 0.0 0.0 0.0
  outer loop
    vertex 67.30233001708984 2.2657310962677 1.9318639039993286
    vertex 67.7831802368164 2.3040547370910645 1.7320616245269775
    vertex 67.03246307373047 4.51713752746582 1.9318639039993286
  endloop
endfacet
facet normal 0.0 0.0 0.0
  outer loop
    vertex 67.03246307373047 4.51713752746582 1.9318639039993286
    vertex 67.7831802368164 2.3040547370910645 1.7320616245269775
    vertex 67.50873565673828 4.593542575836182 1.7320616245269775
  endloop
endfacet
facet normal 0.0 0.0 0.0
  outer loop
    vertex 67.03246307373047 4.51713752746582 1.9318639039993286
    vertex 67.50873565673828 4.593542575836182 1.7320616245269775
    vertex 66.58455657958984 6.73998498916626 1.931863784790039
  endloop
endfacet
facet normal 0.0 0.0 0.0
  outer loop
    vertex 66.58455657958984 6.73998498916626 1.931863784790039
    vertex 67.50873565673828 4.593542575836182 1.7320616245269775
    vertex 67.05326080322266 6.8539886474609375 1.7320616245269775
  endloop
endfacet
facet normal 0.0 0.0 0.0
  outer loop
    vertex 66.58455657958984 6.73998498916626 1.931863784790039
    vertex 67.05326080322266 6.8539886474609375 1.7320616245269775
    vertex 65.96147918701172 8.920220375061035 1.931863784790039
  endloop
endfacet
facet normal 0.0 0.0 0.0
  outer loop
    vertex 65.96147918701172 8.920220375061035 1.931863784790039
    vertex 67.05326080322266 6.8539886474609375 1.7320616245269775
    vertex 66.41962432861328 9.071101188659668 1.7320613861083984
  endloop
endfacet
facet normal 0.0 0.0 0.0
  outer loop
    vertex 65.96147918701172 8.920220375061035 1.931863784790039
    vertex 66.41962432861328 9.071101188659668 1.7320613861083984
    vertex 65.1671371459961 11.044058799743652 1.9318636655807495
  endloop
endfacet
facet normal 0.0 0.0 0.0
  outer loop
    vertex 65.1671371459961 11.044058799743652 1.9318636655807495
    vertex 66.41962432861328 9.071101188659668 1.7320613861083984
    vertex 65.61185455322266 11.230863571166992 1.7320613861083984
  endloop
endfacet
facet normal 0.0 0.0 0.0
  outer loop
    vertex 65.1671371459961 11.044058799743652 1.9318636655807495
    vertex 65.61185455322266 11.230863571166992 1.7320613861083984
    vertex 64.2065658569336 13.098073959350586 1.93186354637146
  endloop
endfacet
facet normal 0.0 0.0 0.0
  outer loop
    vertex 64.2065658569336 13.098073959350586 1.93186354637146
    vertex 65.61185455322266 11.230863571166992 1.7320613861083984
    vertex 64.63504791259766 13.319621086120605 1.7320611476898193
  endloop
endfacet
facet normal 0.0 0.0 0.0
  outer loop
    vertex 64.2065658569336 13.098073959350586 1.93186354637146
    vertex 64.63504791259766 13.319621086120605 1.7320611476898193
    vertex 63.08584976196289 15.069278717041016 1.9318633079528809
  endloop
endfacet
facet normal 0.0 0.0 0.0
  outer loop
    vertex 63.08584976196289 15.069278717041016 1.9318633079528809
    vertex 64.63504791259766 13.319621086120605 1.7320611476898193
    vertex 63.495365142822266 15.32416820526123 1.7320611476898193
  endloop
endfacet
facet normal 0.0 0.0 0.0
  outer loop
    vertex 63.08584976196289 15.069278717041016 1.9318633079528809
    vertex 63.495365142822266 15.32416820526123 1.7320611476898193
    vertex 61.81205368041992 16.945209503173828 1.9318631887435913
  endloop
endfacet
facet normal 0.0 0.0 0.0
  outer loop
    vertex 61.81205368041992 16.945209503173828 1.9318631887435913
    vertex 63.495365142822266 15.32416820526123 1.7320611476898193
    vertex 62.20002365112305 17.231830596923828 1.7320609092712402
  endloop
endfacet
facet normal 0.0 0.0 0.0
  outer loop
    vertex 61.81205368041992 16.945209503173828 1.9318631887435913
    vertex 62.20002365112305 17.231830596923828 1.7320609092712402
    vertex 60.393245697021484 18.714008331298828 1.9318630695343018
  endloop
endfacet
facet normal 0.0 0.0 0.0
  outer loop
    vertex 60.393245697021484 18.714008331298828 1.9318630695343018
    vertex 62.20002365112305 17.231830596923828 1.7320609092712402
    vertex 60.75722122192383 19.030546188354492 1.7320606708526611
  endloop
endfacet
facet normal 0.0 0.0 0.0
  outer loop
    vertex 60.393245697021484 18.714008331298828 1.9318630695343018
    vertex 60.75722122192383 19.030546188354492 1.7320606708526611
    vertex 58.8383903503418 20.364490509033203 1.9318628311157227
  endloop
endfacet
facet normal 0.0 0.0 0.0
  outer loop
    vertex 58.8383903503418 20.364490509033203 1.9318628311157227
    vertex 60.75722122192383 19.030546188354492 1.7320606708526611
    vertex 59.17606735229492 20.708946228027344 1.732060432434082
  endloop
endfacet
facet normal 0.0 0.0 0.0
  outer loop
    vertex 58.8383903503418 20.364490509033203 1.9318628311157227
    vertex 59.17606735229492 20.708946228027344 1.732060432434082
    vertex 57.15732192993164 21.88622283935547 1.9318625926971436
  endloop
endfacet
facet normal 0.0 0.0 0.0
  outer loop
    vertex 57.15732192993164 21.88622283935547 1.9318625926971436
    vertex 59.17606735229492 20.708946228027344 1.732060432434082
    vertex 57.4665641784668 22.256418228149414 1.732060194015503
  endloop
endfacet
facet normal 0.0 0.0 0.0
  outer loop
    vertex 57.15732192993164 21.88622283935547 1.9318625926971436
    vertex 57.4665641784668 22.256418228149414 1.732060194015503
    vertex 55.36066818237305 23.269582748413086 1.9318623542785645
  endloop
endfacet
facet normal 0.0 0.0 0.0
  outer loop
    vertex 55.36066818237305 23.269582748413086 1.9318623542785645
    vertex 57.4665641784668 22.256418228149414 1.732060194015503
    vertex 55.6395149230957 23.663175582885742 1.7320599555969238
  endloop
endfacet
facet normal 0.0 0.0 0.0
  outer loop
    vertex 55.36066818237305 23.269582748413086 1.9318623542785645
    vertex 55.6395149230957 23.663175582885742 1.7320599555969238
    vertex 53.459781646728516 24.50582504272461 1.9318621158599854
  endloop
endfacet
facet normal 0.0 0.0 0.0
  outer loop
    vertex 53.459781646728516 24.50582504272461 1.9318621158599854
    vertex 55.6395149230957 23.663175582885742 1.7320599555969238
    vertex 53.706478118896484 24.92032814025879 1.7320597171783447
  endloop
endfacet
facet normal 0.0 0.0 0.0
  outer loop
    vertex 53.459781646728516 24.50582504272461 1.9318621158599854
    vertex 53.706478118896484 24.92032814025879 1.7320597171783447
    vertex 51.466678619384766 25.587133407592773 1.9318618774414062
  endloop
endfacet
facet normal 0.0 0.0 0.0
  outer loop
    vertex 51.466678619384766 25.587133407592773 1.9318618774414062
    vertex 53.706478118896484 24.92032814025879 1.7320597171783447
    vertex 51.67966842651367 26.019926071166992 1.7320594787597656
  endloop
endfacet
facet normal 0.0 0.0 0.0
  outer loop
    vertex 51.466678619384766 25.587133407592773 1.9318618774414062
    vertex 51.67966842651367 26.019926071166992 1.7320594787597656
    vertex 49.39397048950195 26.506671905517578 1.9318615198135376
  endloop
endfacet
facet normal 0.0 0.0 0.0
  outer loop
    vertex 49.39397048950195 26.506671905517578 1.9318615198135376
    vertex 51.67966842651367 26.019926071166992 1.7320594787597656
    vertex 49.571903228759766 26.955018997192383 1.7320592403411865
  endloop
endfacet
facet normal 0.0 0.0 0.0
  outer loop
    vertex 49.39397048950195 26.506671905517578 1.9318615198135376
    vertex 49.571903228759766 26.955018997192383 1.7320592403411865
    vertex 47.25476837158203 27.25862693786621 1.9318612813949585
  endloop
endfacet
facet normal 0.0 0.0 0.0
  outer loop
    vertex 47.25476837158203 27.25862693786621 1.9318612813949585
    vertex 49.571903228759766 26.955018997192383 1.7320592403411865
    vertex 47.396507263183594 27.71969223022461 1.7320590019226074
  endloop
endfacet
facet normal 0.0 0.0 0.0
  outer loop
    vertex 47.25476837158203 27.25862693786621 1.9318612813949585
    vertex 47.396507263183594 27.71969223022461 1.7320590019226074
    vertex 45.06257629394531 27.83824348449707 1.9318609237670898
  endloop
endfacet
facet normal 0.0 0.0 0.0
  outer loop
    vertex 45.06257629394531 27.83824348449707 1.9318609237670898
    vertex 47.396507263183594 27.71969223022461 1.7320590019226074
    vertex 45.167236328125 28.309112548828125 1.7320586442947388
  endloop
endfacet
facet normal 0.0 0.0 0.0
  outer loop
    vertex 45.06257629394531 27.83824348449707 1.9318609237670898
    vertex 45.167236328125 28.309112548828125 1.7320586442947388
    vertex 42.831260681152344 28.241857528686523 1.9318606853485107
  endloop
endfacet
facet normal 0.0 0.0 0.0
  outer loop
    vertex 42.831260681152344 28.241857528686523 1.9318606853485107
    vertex 45.167236328125 28.309112548828125 1.7320586442947388
    vertex 42.89817810058594 28.719554901123047 1.7320582866668701
  endloop
endfacet
facet normal 0.0 0.0 0.0
  outer loop
    vertex 42.831260681152344 28.241857528686523 1.9318606853485107
    vertex 42.89817810058594 28.719554901123047 1.7320582866668701
    vertex 40.57493591308594 28.466917037963867 1.9318604469299316
  endloop
endfacet
facet normal 0.0 0.0 0.0
  outer loop
    vertex 40.57493591308594 28.466917037963867 1.9318604469299316
    vertex 42.89817810058594 28.719554901123047 1.7320582866668701
    vertex 40.60369110107422 28.948421478271484 1.732058048248291
  endloop
endfacet
facet normal 0.0 0.0 0.0
  outer loop
    vertex 38.874847412109375 -29.0 1.732057809829712
    vertex 38.874847412109375 -29.414213180541992 1.4142210483551025
    vertex 40.60369110107422 -28.948421478271484 1.732058048248291
  endloop
endfacet
facet normal 0.0 0.0 0.0
  outer loop
    vertex 40.60369110107422 -28.948421478271484 1.732058048248291
    vertex 38.874847412109375 -29.414213180541992 1.4142210483551025
    vertex 40.628379821777344 -29.36189842224121 1.4142212867736816
  endloop
endfacet
facet normal 0.0 0.0 0.0
  outer loop
    vertex 40.60369110107422 -28.948421478271484 1.732058048248291
    vertex 40.628379821777344 -29.36189842224121 1.4142212867736816
    vertex 42.89817810058594 -28.719554901123047 1.7320582866668701
  endloop
endfacet
facet normal 0.0 0.0 0.0
  outer loop
    vertex 42.89817810058594 -28.719554901123047 1.7320582866668701
    vertex 40.628379821777344 -29.36189842224121 1.4142212867736816
    vertex 42.955650329589844 -29.129762649536133 1.4142215251922607
  endloop
endfacet
facet normal 0.0 0.0 0.0
  outer loop
    vertex 42.89817810058594 -28.719554901123047 1.7320582866668701
    vertex 42.955650329589844 -29.129762649536133 1.4142215251922607
    vertex 45.167236328125 -28.309112548828125 1.7320586442947388
  endloop
endfacet
facet normal 0.0 0.0 0.0
  outer loop
    vertex 45.167236328125 -28.309112548828125 1.7320586442947388
    vertex 42.955650329589844 -29.129762649536133 1.4142215251922607
    vertex 45.257110595703125 -28.713459014892578 1.4142218828201294
  endloop
endfacet
facet normal 0.0 0.0 0.0
  outer loop
    vertex 45.167236328125 -28.309112548828125 1.7320586442947388
    vertex 45.257110595703125 -28.713459014892578 1.4142218828201294
    vertex 47.396507263183594 -27.71969223022461 1.7320590019226074
  endloop
endfacet
facet normal 0.0 0.0 0.0
  outer loop
    vertex 47.396507263183594 -27.71969223022461 1.7320590019226074
    vertex 45.257110595703125 -28.713459014892578 1.4142218828201294
    vertex 47.518226623535156 -28.115619659423828 1.414222240447998
  endloop
endfacet
facet normal 0.0 0.0 0.0
  outer loop
    vertex 47.396507263183594 -27.71969223022461 1.7320590019226074
    vertex 47.518226623535156 -28.115619659423828 1.414222240447998
    vertex 49.571903228759766 -26.955018997192383 1.7320592403411865
  endloop
endfacet
facet normal 0.0 0.0 0.0
  outer loop
    vertex 49.571903228759766 -26.955018997192383 1.7320592403411865
    vertex 47.518226623535156 -28.115619659423828 1.414222240447998
    vertex 49.72468948364258 -27.340023040771484 1.4142224788665771
  endloop
endfacet
facet normal 0.0 0.0 0.0
  outer loop
    vertex 49.571903228759766 -26.955018997192383 1.7320592403411865
    vertex 49.72468948364258 -27.340023040771484 1.4142224788665771
    vertex 51.67966842651367 -26.019926071166992 1.7320594787597656
  endloop
endfacet
facet normal 0.0 0.0 0.0
  outer loop
    vertex 51.67966842651367 -26.019926071166992 1.7320594787597656
    vertex 49.72468948364258 -27.340023040771484 1.4142224788665771
    vertex 51.8625602722168 -26.39157485961914 1.4142227172851562
  endloop
endfacet
facet normal 0.0 0.0 0.0
  outer loop
    vertex 51.67966842651367 -26.019926071166992 1.7320594787597656
    vertex 51.8625602722168 -26.39157485961914 1.4142227172851562
    vertex 53.706478118896484 -24.92032814025879 1.7320597171783447
  endloop
endfacet
facet normal 0.0 0.0 0.0
  outer loop
    vertex 53.706478118896484 -24.92032814025879 1.7320597171783447
    vertex 51.8625602722168 -26.39157485961914 1.4142227172851562
    vertex 53.91831588745117 -25.27627182006836 1.414223074913025
  endloop
endfacet
facet normal 0.0 0.0 0.0
  outer loop
    vertex 53.706478118896484 -24.92032814025879 1.7320597171783447
    vertex 53.91831588745117 -25.27627182006836 1.414223074913025
    vertex 55.6395149230957 -23.663175582885742 1.7320599555969238
  endloop
endfacet
facet normal 0.0 0.0 0.0
  outer loop
    vertex 55.6395149230957 -23.663175582885742 1.7320599555969238
    vertex 53.91831588745117 -25.27627182006836 1.414223074913025
    vertex 55.878971099853516 -24.001163482666016 1.414223313331604
  endloop
endfacet
facet normal 0.0 0.0 0.0
  outer loop
    vertex 55.6395149230957 -23.663175582885742 1.7320599555969238
    vertex 55.878971099853516 -24.001163482666016 1.414223313331604
    vertex 57.4665641784668 -22.256418228149414 1.732060194015503
  endloop
endfacet
facet normal 0.0 0.0 0.0
  outer loop
    vertex 57.4665641784668 -22.256418228149414 1.732060194015503
    vertex 55.878971099853516 -24.001163482666016 1.414223313331604
    vertex 57.732112884521484 -22.574310302734375 1.414223551750183
  endloop
endfacet
facet normal 0.0 0.0 0.0
  outer loop
    vertex 57.4665641784668 -22.256418228149414 1.732060194015503
    vertex 57.732112884521484 -22.574310302734375 1.414223551750183
    vertex 59.17606735229492 -20.708946228027344 1.732060432434082
  endloop
endfacet
facet normal 0.0 0.0 0.0
  outer loop
    vertex 59.17606735229492 -20.708946228027344 1.732060432434082
    vertex 57.732112884521484 -22.574310302734375 1.414223551750183
    vertex 59.46603012084961 -21.004737854003906 1.4142237901687622
  endloop
endfacet
facet normal 0.0 0.0 0.0
  outer loop
    vertex 59.17606735229492 -20.708946228027344 1.732060432434082
    vertex 59.46603012084961 -21.004737854003906 1.4142237901687622
    vertex 60.75722122192383 -19.030546188354492 1.7320606708526611
  endloop
endfacet
facet normal 0.0 0.0 0.0
  outer loop
    vertex 60.75722122192383 -19.030546188354492 1.7320606708526611
    vertex 59.46603012084961 -21.004737854003906 1.4142237901687622
    vertex 61.06977462768555 -19.302364349365234 1.4142240285873413
  endloop
endfacet
facet normal 0.0 0.0 0.0
  outer loop
    vertex 60.75722122192383 -19.030546188354492 1.7320606708526611
    vertex 61.06977462768555 -19.302364349365234 1.4142240285873413
    vertex 62.20002365112305 -17.231830596923828 1.7320609092712402
  endloop
endfacet
facet normal 0.0 0.0 0.0
  outer loop
    vertex 62.20002365112305 -17.231830596923828 1.7320609092712402
    vertex 61.06977462768555 -19.302364349365234 1.4142240285873413
    vertex 62.53318405151367 -17.477956771850586 1.4142241477966309
  endloop
endfacet
facet normal 0.0 0.0 0.0
  outer loop
    vertex 62.20002365112305 -17.231830596923828 1.7320609092712402
    vertex 62.53318405151367 -17.477956771850586 1.4142241477966309
    vertex 63.495365142822266 -15.32416820526123 1.7320611476898193
  endloop
endfacet
facet normal 0.0 0.0 0.0
  outer loop
    vertex 63.495365142822266 -15.32416820526123 1.7320611476898193
    vertex 62.53318405151367 -17.477956771850586 1.4142241477966309
    vertex 63.84702682495117 -15.543045997619629 1.41422438621521
  endloop
endfacet
facet normal 0.0 0.0 0.0
  outer loop
    vertex 63.495365142822266 -15.32416820526123 1.7320611476898193
    vertex 63.84702682495117 -15.543045997619629 1.41422438621521
    vertex 64.63504791259766 -13.319621086120605 1.7320611476898193
  endloop
endfacet
facet normal 0.0 0.0 0.0
  outer loop
    vertex 64.63504791259766 -13.319621086120605 1.7320611476898193
    vertex 63.84702682495117 -15.543045997619629 1.41422438621521
    vertex 65.00298309326172 -13.509868621826172 1.4142245054244995
  endloop
endfacet
facet normal 0.0 0.0 0.0
  outer loop
    vertex 64.63504791259766 -13.319621086120605 1.7320611476898193
    vertex 65.00298309326172 -13.509868621826172 1.4142245054244995
    vertex 65.61185455322266 -11.230863571166992 1.7320613861083984
  endloop
endfacet
facet normal 0.0 0.0 0.0
  outer loop
    vertex 65.61185455322266 -11.230863571166992 1.7320613861083984
    vertex 65.00298309326172 -13.509868621826172 1.4142245054244995
    vertex 65.9937515258789 -11.391277313232422 1.414224624633789
  endloop
endfacet
facet normal 0.0 0.0 0.0
  outer loop
    vertex 65.61185455322266 -11.230863571166992 1.7320613861083984
    vertex 65.9937515258789 -11.391277313232422 1.414224624633789
    vertex 66.41962432861328 -9.071101188659668 1.7320613861083984
  endloop
endfacet
facet normal 0.0 0.0 0.0
  outer loop
    vertex 66.41962432861328 -9.071101188659668 1.7320613861083984
    vertex 65.9937515258789 -11.391277313232422 1.414224624633789
    vertex 66.81305694580078 -9.200666427612305 1.4142247438430786
  endloop
endfacet
facet normal 0.0 0.0 0.0
  outer loop
    vertex 66.41962432861328 -9.071101188659668 1.7320613861083984
    vertex 66.81305694580078 -9.200666427612305 1.4142247438430786
    vertex 67.05326080322266 -6.8539886474609375 1.7320616245269775
  endloop
endfacet
facet normal 0.0 0.0 0.0
  outer loop
    vertex 67.05326080322266 -6.8539886474609375 1.7320616245269775
    vertex 66.81305694580078 -9.200666427612305 1.4142247438430786
    vertex 67.45574188232422 -6.95188570022583 1.4142248630523682
  endloop
endfacet
facet normal 0.0 0.0 0.0
  outer loop
    vertex 67.05326080322266 -6.8539886474609375 1.7320616245269775
    vertex 67.45574188232422 -6.95188570022583 1.4142248630523682
    vertex 67.50873565673828 -4.593542575836182 1.7320616245269775
  endloop
endfacet
facet normal 0.0 0.0 0.0
  outer loop
    vertex 67.50873565673828 -4.593542575836182 1.7320616245269775
    vertex 67.45574188232422 -6.95188570022583 1.4142248630523682
    vertex 67.91771697998047 -4.659153461456299 1.4142248630523682
  endloop
endfacet
facet normal 0.0 0.0 0.0
  outer loop
    vertex 67.50873565673828 -4.593542575836182 1.7320616245269775
    vertex 67.91771697998047 -4.659153461456299 1.4142248630523682
    vertex 67.7831802368164 -2.3040547370910645 1.7320616245269775
  endloop
endfacet
facet normal 0.0 0.0 0.0
  outer loop
    vertex 67.7831802368164 -2.3040547370910645 1.7320616245269775
    vertex 67.91771697998047 -4.659153461456299 1.4142248630523682
    vertex 68.19608306884766 -2.3369641304016113 1.4142249822616577
  endloop
endfacet
facet normal 0.0 0.0 0.0
  outer loop
    vertex 67.7831802368164 -2.3040547370910645 1.7320616245269775
    vertex 68.19608306884766 -2.3369641304016113 1.4142249822616577
    vertex 67.87483978271484 6.032130310794923e-15 1.7320616245269775
  endloop
endfacet
facet normal 0.0 0.0 0.0
  outer loop
    vertex 67.87483978271484 6.032130310794923e-15 1.7320616245269775
    vertex 68.19608306884766 -2.3369641304016113 1.4142249822616577
    vertex 68.28905487060547 6.082856996423615e-15 1.4142249822616577
  endloop
endfacet
facet normal 0.0 0.0 0.0
  outer loop
    vertex 67.87483978271484 6.032130310794923e-15 1.7320616245269775
    vertex 68.28905487060547 6.082856996423615e-15 1.4142249822616577
    vertex 67.7831802368164 2.3040547370910645 1.7320616245269775
  endloop
endfacet
facet normal 0.0 0.0 0.0
  outer loop
    vertex 67.7831802368164 2.3040547370910645 1.7320616245269775
    vertex 68.28905487060547 6.082856996423615e-15 1.4142249822616577
    vertex 68.19608306884766 2.3369641304016113 1.4142249822616577
  endloop
endfacet
facet normal 0.0 0.0 0.0
  outer loop
    vertex 67.7831802368164 2.3040547370910645 1.7320616245269775
    vertex 68.19608306884766 2.3369641304016113 1.4142249822616577
    vertex 67.50873565673828 4.593542575836182 1.7320616245269775
  endloop
endfacet
facet normal 0.0 0.0 0.0
  outer loop
    vertex 67.50873565673828 4.593542575836182 1.7320616245269775
    vertex 68.19608306884766 2.3369641304016113 1.4142249822616577
    vertex 67.91771697998047 4.659153461456299 1.4142248630523682
  endloop
endfacet
facet normal 0.0 0.0 0.0
  outer loop
    vertex 67.50873565673828 4.593542575836182 1.7320616245269775
    vertex 67.91771697998047 4.659153461456299 1.4142248630523682
    vertex 67.05326080322266 6.8539886474609375 1.7320616245269775
  endloop
endfacet
facet normal 0.0 0.0 0.0
  outer loop
    vertex 67.05326080322266 6.8539886474609375 1.7320616245269775
    vertex 67.91771697998047 4.659153461456299 1.4142248630523682
    vertex 67.45574188232422 6.95188570022583 1.4142248630523682
  endloop
endfacet
facet normal 0.0 0.0 0.0
  outer loop
    vertex 67.05326080322266 6.8539886474609375 1.7320616245269775
    vertex 67.45574188232422 6.95188570022583 1.4142248630523682
    vertex 66.41962432861328 9.071101188659668 1.7320613861083984
  endloop
endfacet
facet normal 0.0 0.0 0.0
  outer loop
    vertex 66.41962432861328 9.071101188659668 1.7320613861083984
    vertex 67.45574188232422 6.95188570022583 1.4142248630523682
    vertex 66.81305694580078 9.200666427612305 1.4142247438430786
  endloop
endfacet
facet normal 0.0 0.0 0.0
  outer loop
    vertex 66.41962432861328 9.071101188659668 1.7320613861083984
    vertex 66.81305694580078 9.200666427612305 1.4142247438430786
    vertex 65.61185455322266 11.230863571166992 1.7320613861083984
  endloop
endfacet
facet normal 0.0 0.0 0.0
  outer loop
    vertex 65.61185455322266 11.230863571166992 1.7320613861083984
    vertex 66.81305694580078 9.200666427612305 1.4142247438430786
    vertex 65.9937515258789 11.391277313232422 1.414224624633789
  endloop
endfacet
facet normal 0.0 0.0 0.0
  outer loop
    vertex 65.61185455322266 11.230863571166992 1.7320613861083984
    vertex 65.9937515258789 11.391277313232422 1.414224624633789
    vertex 64.63504791259766 13.319621086120605 1.7320611476898193
  endloop
endfacet
facet normal 0.0 0.0 0.0
  outer loop
    vertex 64.63504791259766 13.319621086120605 1.7320611476898193
    vertex 65.9937515258789 11.391277313232422 1.414224624633789
    vertex 65.00298309326172 13.509868621826172 1.4142245054244995
  endloop
endfacet
facet normal 0.0 0.0 0.0
  outer loop
    vertex 64.63504791259766 13.319621086120605 1.7320611476898193
    vertex 65.00298309326172 13.509868621826172 1.4142245054244995
    vertex 63.495365142822266 15.32416820526123 1.7320611476898193
  endloop
endfacet
facet normal 0.0 0.0 0.0
  outer loop
    vertex 63.495365142822266 15.32416820526123 1.7320611476898193
    vertex 65.00298309326172 13.509868621826172 1.4142245054244995
    vertex 63.84702682495117 15.543045997619629 1.41422438621521
  endloop
endfacet
facet normal 0.0 0.0 0.0
  outer loop
    vertex 63.495365142822266 15.32416820526123 1.7320611476898193
    vertex 63.84702682495117 15.543045997619629 1.41422438621521
    vertex 62.20002365112305 17.231830596923828 1.7320609092712402
  endloop
endfacet
facet normal 0.0 0.0 0.0
  outer loop
    vertex 62.20002365112305 17.231830596923828 1.7320609092712402
    vertex 63.84702682495117 15.543045997619629 1.41422438621521
    vertex 62.53318405151367 17.477956771850586 1.4142241477966309
  endloop
endfacet
facet normal 0.0 0.0 0.0
  outer loop
    vertex 62.20002365112305 17.231830596923828 1.7320609092712402
    vertex 62.53318405151367 17.477956771850586 1.4142241477966309
    vertex 60.75722122192383 19.030546188354492 1.7320606708526611
  endloop
endfacet
facet normal 0.0 0.0 0.0
  outer loop
    vertex 60.75722122192383 19.030546188354492 1.7320606708526611
    vertex 62.53318405151367 17.477956771850586 1.4142241477966309
    vertex 61.06977462768555 19.302364349365234 1.4142240285873413
  endloop
endfacet
facet normal 0.0 0.0 0.0
  outer loop
    vertex 60.75722122192383 19.030546188354492 1.7320606708526611
    vertex 61.06977462768555 19.302364349365234 1.4142240285873413
    vertex 59.17606735229492 20.708946228027344 1.732060432434082
  endloop
endfacet
facet normal 0.0 0.0 0.0
  outer loop
    vertex 59.17606735229492 20.708946228027344 1.732060432434082
    vertex 61.06977462768555 19.302364349365234 1.4142240285873413
    vertex 59.46603012084961 21.004737854003906 1.4142237901687622
  endloop
endfacet
facet normal 0.0 0.0 0.0
  outer loop
    vertex 59.17606735229492 20.708946228027344 1.732060432434082
    vertex 59.46603012084961 21.004737854003906 1.4142237901687622
    vertex 57.4665641784668 22.256418228149414 1.732060194015503
  endloop
endfacet
facet normal 0.0 0.0 0.0
  outer loop
    vertex 57.4665641784668 22.256418228149414 1.732060194015503
    vertex 59.46603012084961 21.004737854003906 1.4142237901687622
    vertex 57.732112884521484 22.574310302734375 1.414223551750183
  endloop
endfacet
facet normal 0.0 0.0 0.0
  outer loop
    vertex 57.4665641784668 22.256418228149414 1.732060194015503
    vertex 57.732112884521484 22.574310302734375 1.414223551750183
    vertex 55.6395149230957 23.663175582885742 1.7320599555969238
  endloop
endfacet
facet normal 0.0 0.0 0.0
  outer loop
    vertex 55.6395149230957 23.663175582885742 1.7320599555969238
    vertex 57.732112884521484 22.574310302734375 1.414223551750183
    vertex 55.878971099853516 24.001163482666016 1.414223313331604
  endloop
endfacet
facet normal 0.0 0.0 0.0
  outer loop
    vertex 55.6395149230957 23.663175582885742 1.7320599555969238
    vertex 55.878971099853516 24.001163482666016 1.414223313331604
    vertex 53.706478118896484 24.92032814025879 1.7320597171783447
  endloop
endfacet
facet normal 0.0 0.0 0.0
  outer loop
    vertex 53.706478118896484 24.92032814025879 1.7320597171783447
    vertex 55.878971099853516 24.001163482666016 1.414223313331604
    vertex 53.91831588745117 25.27627182006836 1.414223074913025
  endloop
endfacet
facet normal 0.0 0.0 0.0
  outer loop
    vertex 53.706478118896484 24.92032814025879 1.7320597171783447
    vertex 53.91831588745117 25.27627182006836 1.414223074913025
    vertex 51.67966842651367 26.019926071166992 1.7320594787597656
  endloop
endfacet
facet normal 0.0 0.0 0.0
  outer loop
    vertex 51.67966842651367 26.019926071166992 1.7320594787597656
    vertex 53.91831588745117 25.27627182006836 1.414223074913025
    vertex 51.8625602722168 26.39157485961914 1.4142227172851562
  endloop
endfacet
facet normal 0.0 0.0 0.0
  outer loop
    vertex 51.67966842651367 26.019926071166992 1.7320594787597656
    vertex 51.8625602722168 26.39157485961914 1.4142227172851562
    vertex 49.571903228759766 26.955018997192383 1.7320592403411865
  endloop
endfacet
facet normal 0.0 0.0 0.0
  outer loop
    vertex 49.571903228759766 26.955018997192383 1.7320592403411865
    vertex 51.8625602722168 26.39157485961914 1.4142227172851562
    vertex 49.72468948364258 27.340023040771484 1.4142224788665771
  endloop
endfacet
facet normal 0.0 0.0 0.0
  outer loop
    vertex 49.571903228759766 26.955018997192383 1.7320592403411865
    vertex 49.72468948364258 27.340023040771484 1.4142224788665771
    vertex 47.396507263183594 27.71969223022461 1.7320590019226074
  endloop
endfacet
facet normal 0.0 0.0 0.0
  outer loop
    vertex 47.396507263183594 27.71969223022461 1.7320590019226074
    vertex 49.72468948364258 27.340023040771484 1.4142224788665771
    vertex 47.518226623535156 28.115619659423828 1.414222240447998
  endloop
endfacet
facet normal 0.0 0.0 0.0
  outer loop
    vertex 47.396507263183594 27.71969223022461 1.7320590019226074
    vertex 47.518226623535156 28.115619659423828 1.414222240447998
    vertex 45.167236328125 28.309112548828125 1.7320586442947388
  endloop
endfacet
facet normal 0.0 0.0 0.0
  outer loop
    vertex 45.167236328125 28.309112548828125 1.7320586442947388
    vertex 47.518226623535156 28.115619659423828 1.414222240447998
    vertex 45.257110595703125 28.713459014892578 1.4142218828201294
  endloop
endfacet
facet normal 0.0 0.0 0.0
  outer loop
    vertex 45.167236328125 28.309112548828125 1.7320586442947388
    vertex 45.257110595703125 28.713459014892578 1.4142218828201294
    vertex 42.89817810058594 28.719554901123047 1.7320582866668701
  endloop
endfacet
facet normal 0.0 0.0 0.0
  outer loop
    vertex 42.89817810058594 28.719554901123047 1.7320582866668701
    vertex 45.257110595703125 28.713459014892578 1.4142218828201294
    vertex 42.955650329589844 29.129762649536133 1.4142215251922607
  endloop
endfacet
facet normal 0.0 0.0 0.0
  outer loop
    vertex 42.89817810058594 28.719554901123047 1.7320582866668701
    vertex 42.955650329589844 29.129762649536133 1.4142215251922607
    vertex 40.60369110107422 28.948421478271484 1.732058048248291
  endloop
endfacet
facet normal 0.0 0.0 0.0
  outer loop
    vertex 40.60369110107422 28.948421478271484 1.732058048248291
    vertex 42.955650329589844 29.129762649536133 1.4142215251922607
    vertex 40.628379821777344 29.36189842224121 1.4142212867736816
  endloop
endfacet
facet normal 0.0 0.0 0.0
  outer loop
    vertex 38.874847412109375 -29.414213180541992 1.4142210483551025
    vertex 38.874847412109375 -29.7320499420166 1.0000078678131104
    vertex 40.628379821777344 -29.36189842224121 1.4142212867736816
  endloop
endfacet
facet normal 0.0 0.0 0.0
  outer loop
    vertex 40.628379821777344 -29.36189842224121 1.4142212867736816
    vertex 38.874847412109375 -29.7320499420166 1.0000078678131104
    vertex 40.64733123779297 -29.679170608520508 1.0000081062316895
  endloop
endfacet
facet normal 0.0 0.0 0.0
  outer loop
    vertex 40.628379821777344 -29.36189842224121 1.4142212867736816
    vertex 40.64733123779297 -29.679170608520508 1.0000081062316895
    vertex 42.955650329589844 -29.129762649536133 1.4142215251922607
  endloop
endfacet
facet normal 0.0 0.0 0.0
  outer loop
    vertex 42.955650329589844 -29.129762649536133 1.4142215251922607
    vertex 40.64733123779297 -29.679170608520508 1.0000081062316895
    vertex 42.99974060058594 -29.44452667236328 1.000008463859558
  endloop
endfacet
facet normal 0.0 0.0 0.0
  outer loop
    vertex 42.955650329589844 -29.129762649536133 1.4142215251922607
    vertex 42.99974060058594 -29.44452667236328 1.000008463859558
    vertex 45.257110595703125 -28.713459014892578 1.4142218828201294
  endloop
endfacet
facet normal 0.0 0.0 0.0
  outer loop
    vertex 45.257110595703125 -28.713459014892578 1.4142218828201294
    vertex 42.99974060058594 -29.44452667236328 1.000008463859558
    vertex 45.326072692871094 -29.023723602294922 1.0000088214874268
  endloop
endfacet
facet normal 0.0 0.0 0.0
  outer loop
    vertex 45.257110595703125 -28.713459014892578 1.4142218828201294
    vertex 45.326072692871094 -29.023723602294922 1.0000088214874268
    vertex 47.518226623535156 -28.115619659423828 1.414222240447998
  endloop
endfacet
facet normal 0.0 0.0 0.0
  outer loop
    vertex 47.518226623535156 -28.115619659423828 1.414222240447998
    vertex 45.326072692871094 -29.023723602294922 1.0000088214874268
    vertex 47.61161804199219 -28.419424057006836 1.0000090599060059
  endloop
endfacet
facet normal 0.0 0.0 0.0
  outer loop
    vertex 47.518226623535156 -28.115619659423828 1.414222240447998
    vertex 47.61161804199219 -28.419424057006836 1.0000090599060059
    vertex 49.72468948364258 -27.340023040771484 1.4142224788665771
  endloop
endfacet
facet normal 0.0 0.0 0.0
  outer loop
    vertex 49.72468948364258 -27.340023040771484 1.4142224788665771
    vertex 47.61161804199219 -28.419424057006836 1.0000090599060059
    vertex 49.8419303894043 -27.635448455810547 1.0000094175338745
  endloop
endfacet
facet normal 0.0 0.0 0.0
  outer loop
    vertex 49.72468948364258 -27.340023040771484 1.4142224788665771
    vertex 49.8419303894043 -27.635448455810547 1.0000094175338745
    vertex 51.8625602722168 -26.39157485961914 1.4142227172851562
  endloop
endfacet
facet normal 0.0 0.0 0.0
  outer loop
    vertex 51.8625602722168 -26.39157485961914 1.4142227172851562
    vertex 49.8419303894043 -27.635448455810547 1.0000094175338745
    vertex 52.00290298461914 -26.6767520904541 1.0000096559524536
  endloop
endfacet
facet normal 0.0 0.0 0.0
  outer loop
    vertex 51.8625602722168 -26.39157485961914 1.4142227172851562
    vertex 52.00290298461914 -26.6767520904541 1.0000096559524536
    vertex 53.91831588745117 -25.27627182006836 1.414223074913025
  endloop
endfacet
facet normal 0.0 0.0 0.0
  outer loop
    vertex 53.91831588745117 -25.27627182006836 1.414223074913025
    vertex 52.00290298461914 -26.6767520904541 1.0000096559524536
    vertex 54.080875396728516 -25.549396514892578 1.0000098943710327
  endloop
endfacet
facet normal 0.0 0.0 0.0
  outer loop
    vertex 53.91831588745117 -25.27627182006836 1.414223074913025
    vertex 54.080875396728516 -25.549396514892578 1.0000098943710327
    vertex 55.878971099853516 -24.001163482666016 1.414223313331604
  endloop
endfacet
facet normal 0.0 0.0 0.0
  outer loop
    vertex 55.878971099853516 -24.001163482666016 1.414223313331604
    vertex 54.080875396728516 -25.549396514892578 1.0000098943710327
    vertex 56.06270980834961 -24.260509490966797 1.0000102519989014
  endloop
endfacet
facet normal 0.0 0.0 0.0
  outer loop
    vertex 55.878971099853516 -24.001163482666016 1.414223313331604
    vertex 56.06270980834961 -24.260509490966797 1.0000102519989014
    vertex 57.732112884521484 -22.574310302734375 1.414223551750183
  endloop
endfacet
facet normal 0.0 0.0 0.0
  outer loop
    vertex 57.732112884521484 -22.574310302734375 1.414223551750183
    vertex 56.06270980834961 -24.260509490966797 1.0000102519989014
    vertex 57.93587875366211 -22.818239212036133 1.0000104904174805
  endloop
endfacet
facet normal 0.0 0.0 0.0
  outer loop
    vertex 57.732112884521484 -22.574310302734375 1.414223551750183
    vertex 57.93587875366211 -22.818239212036133 1.0000104904174805
    vertex 59.46603012084961 -21.004737854003906 1.4142237901687622
  endloop
endfacet
facet normal 0.0 0.0 0.0
  outer loop
    vertex 59.46603012084961 -21.004737854003906 1.4142237901687622
    vertex 57.93587875366211 -22.818239212036133 1.0000104904174805
    vertex 59.688533782958984 -21.231704711914062 1.0000107288360596
  endloop
endfacet
facet normal 0.0 0.0 0.0
  outer loop
    vertex 59.46603012084961 -21.004737854003906 1.4142237901687622
    vertex 59.688533782958984 -21.231704711914062 1.0000107288360596
    vertex 61.06977462768555 -19.302364349365234 1.4142240285873413
  endloop
endfacet
facet normal 0.0 0.0 0.0
  outer loop
    vertex 61.06977462768555 -19.302364349365234 1.4142240285873413
    vertex 59.688533782958984 -21.231704711914062 1.0000107288360596
    vertex 61.30959701538086 -19.510936737060547 1.0000108480453491
  endloop
endfacet
facet normal 0.0 0.0 0.0
  outer loop
    vertex 61.06977462768555 -19.302364349365234 1.4142240285873413
    vertex 61.30959701538086 -19.510936737060547 1.0000108480453491
    vertex 62.53318405151367 -17.477956771850586 1.4142241477966309
  endloop
endfacet
facet normal 0.0 0.0 0.0
  outer loop
    vertex 62.53318405151367 -17.477956771850586 1.4142241477966309
    vertex 61.30959701538086 -19.510936737060547 1.0000108480453491
    vertex 62.7888298034668 -17.66681480407715 1.0000110864639282
  endloop
endfacet
facet normal 0.0 0.0 0.0
  outer loop
    vertex 62.53318405151367 -17.477956771850586 1.4142241477966309
    vertex 62.7888298034668 -17.66681480407715 1.0000110864639282
    vertex 63.84702682495117 -15.543045997619629 1.41422438621521
  endloop
endfacet
facet normal 0.0 0.0 0.0
  outer loop
    vertex 63.84702682495117 -15.543045997619629 1.41422438621521
    vertex 62.7888298034668 -17.66681480407715 1.0000110864639282
    vertex 64.11685943603516 -15.710997581481934 1.0000113248825073
  endloop
endfacet
facet normal 0.0 0.0 0.0
  outer loop
    vertex 63.84702682495117 -15.543045997619629 1.41422438621521
    vertex 64.11685943603516 -15.710997581481934 1.0000113248825073
    vertex 65.00298309326172 -13.509868621826172 1.4142245054244995
  endloop
endfacet
facet normal 0.0 0.0 0.0
  outer loop
    vertex 65.00298309326172 -13.509868621826172 1.4142245054244995
    vertex 64.11685943603516 -15.710997581481934 1.0000113248825073
    vertex 65.28531646728516 -13.655850410461426 1.0000114440917969
  endloop
endfacet
facet normal 0.0 0.0 0.0
  outer loop
    vertex 65.00298309326172 -13.509868621826172 1.4142245054244995
    vertex 65.28531646728516 -13.655850410461426 1.0000114440917969
    vertex 65.9937515258789 -11.391277313232422 1.414224624633789
  endloop
endfacet
facet normal 0.0 0.0 0.0
  outer loop
    vertex 65.9937515258789 -11.391277313232422 1.414224624633789
    vertex 65.28531646728516 -13.655850410461426 1.0000114440917969
    vertex 66.28678131103516 -11.514366149902344 1.0000115633010864
  endloop
endfacet
facet normal 0.0 0.0 0.0
  outer loop
    vertex 65.9937515258789 -11.391277313232422 1.414224624633789
    vertex 66.28678131103516 -11.514366149902344 1.0000115633010864
    vertex 66.81305694580078 -9.200666427612305 1.4142247438430786
  endloop
endfacet
facet normal 0.0 0.0 0.0
  outer loop
    vertex 66.81305694580078 -9.200666427612305 1.4142247438430786
    vertex 66.28678131103516 -11.514366149902344 1.0000115633010864
    vertex 67.11495208740234 -9.300085067749023 1.000011682510376
  endloop
endfacet
facet normal 0.0 0.0 0.0
  outer loop
    vertex 66.81305694580078 -9.200666427612305 1.4142247438430786
    vertex 67.11495208740234 -9.300085067749023 1.000011682510376
    vertex 67.45574188232422 -6.95188570022583 1.4142248630523682
  endloop
endfacet
facet normal 0.0 0.0 0.0
  outer loop
    vertex 67.45574188232422 -6.95188570022583 1.4142248630523682
    vertex 67.11495208740234 -9.300085067749023 1.000011682510376
    vertex 67.76456451416016 -7.027004718780518 1.0000118017196655
  endloop
endfacet
facet normal 0.0 0.0 0.0
  outer loop
    vertex 67.45574188232422 -6.95188570022583 1.4142248630523682
    vertex 67.76456451416016 -7.027004718780518 1.0000118017196655
    vertex 67.91771697998047 -4.659153461456299 1.4142248630523682
  endloop
endfacet
facet normal 0.0 0.0 0.0
  outer loop
    vertex 67.91771697998047 -4.659153461456299 1.4142248630523682
    vertex 67.76456451416016 -7.027004718780518 1.0000118017196655
    vertex 68.2315444946289 -4.709497928619385 1.0000118017196655
  endloop
endfacet
facet normal 0.0 0.0 0.0
  outer loop
    vertex 67.91771697998047 -4.659153461456299 1.4142248630523682
    vertex 68.2315444946289 -4.709497928619385 1.0000118017196655
    vertex 68.19608306884766 -2.3369641304016113 1.4142249822616577
  endloop
endfacet
facet normal 0.0 0.0 0.0
  outer loop
    vertex 68.19608306884766 -2.3369641304016113 1.4142249822616577
    vertex 68.2315444946289 -4.709497928619385 1.0000118017196655
    vertex 68.5129165649414 -2.3622164726257324 1.0000118017196655
  endloop
endfacet
facet normal 0.0 0.0 0.0
  outer loop
    vertex 68.19608306884766 -2.3369641304016113 1.4142249822616577
    vertex 68.5129165649414 -2.3622164726257324 1.0000118017196655
    vertex 68.28905487060547 6.082856996423615e-15 1.4142249822616577
  endloop
endfacet
facet normal 0.0 0.0 0.0
  outer loop
    vertex 68.28905487060547 6.082856996423615e-15 1.4142249822616577
    vertex 68.5129165649414 -2.3622164726257324 1.0000118017196655
    vertex 68.60689544677734 6.121780701448792e-15 1.000011920928955
  endloop
endfacet
facet normal 0.0 0.0 0.0
  outer loop
    vertex 68.28905487060547 6.082856996423615e-15 1.4142249822616577
    vertex 68.60689544677734 6.121780701448792e-15 1.000011920928955
    vertex 68.19608306884766 2.3369641304016113 1.4142249822616577
  endloop
endfacet
facet normal 0.0 0.0 0.0
  outer loop
    vertex 68.19608306884766 2.3369641304016113 1.4142249822616577
    vertex 68.60689544677734 6.121780701448792e-15 1.000011920928955
    vertex 68.5129165649414 2.3622164726257324 1.0000118017196655
  endloop
endfacet
facet normal 0.0 0.0 0.0
  outer loop
    vertex 68.19608306884766 2.3369641304016113 1.4142249822616577
    vertex 68.5129165649414 2.3622164726257324 1.0000118017196655
    vertex 67.91771697998047 4.659153461456299 1.4142248630523682
  endloop
endfacet
facet normal 0.0 0.0 0.0
  outer loop
    vertex 67.91771697998047 4.659153461456299 1.4142248630523682
    vertex 68.5129165649414 2.3622164726257324 1.0000118017196655
    vertex 68.2315444946289 4.709497928619385 1.0000118017196655
  endloop
endfacet
facet normal 0.0 0.0 0.0
  outer loop
    vertex 67.91771697998047 4.659153461456299 1.4142248630523682
    vertex 68.2315444946289 4.709497928619385 1.0000118017196655
    vertex 67.45574188232422 6.95188570022583 1.4142248630523682
  endloop
endfacet
facet normal 0.0 0.0 0.0
  outer loop
    vertex 67.45574188232422 6.95188570022583 1.4142248630523682
    vertex 68.2315444946289 4.709497928619385 1.0000118017196655
    vertex 67.76456451416016 7.027004718780518 1.0000118017196655
  endloop
endfacet
facet normal 0.0 0.0 0.0
  outer loop
    vertex 67.45574188232422 6.95188570022583 1.4142248630523682
    vertex 67.76456451416016 7.027004718780518 1.0000118017196655
    vertex 66.81305694580078 9.200666427612305 1.4142247438430786
  endloop
endfacet
facet normal 0.0 0.0 0.0
  outer loop
    vertex 66.81305694580078 9.200666427612305 1.4142247438430786
    vertex 67.76456451416016 7.027004718780518 1.0000118017196655
    vertex 67.11495208740234 9.300085067749023 1.000011682510376
  endloop
endfacet
facet normal 0.0 0.0 0.0
  outer loop
    vertex 66.81305694580078 9.200666427612305 1.4142247438430786
    vertex 67.11495208740234 9.300085067749023 1.000011682510376
    vertex 65.9937515258789 11.391277313232422 1.414224624633789
  endloop
endfacet
facet normal 0.0 0.0 0.0
  outer loop
    vertex 65.9937515258789 11.391277313232422 1.414224624633789
    vertex 67.11495208740234 9.300085067749023 1.000011682510376
    vertex 66.28678131103516 11.514366149902344 1.0000115633010864
  endloop
endfacet
facet normal 0.0 0.0 0.0
  outer loop
    vertex 65.9937515258789 11.391277313232422 1.414224624633789
    vertex 66.28678131103516 11.514366149902344 1.0000115633010864
    vertex 65.00298309326172 13.509868621826172 1.4142245054244995
  endloop
endfacet
facet normal 0.0 0.0 0.0
  outer loop
    vertex 65.00298309326172 13.509868621826172 1.4142245054244995
    vertex 66.28678131103516 11.514366149902344 1.0000115633010864
    vertex 65.28531646728516 13.655850410461426 1.0000114440917969
  endloop
endfacet
facet normal 0.0 0.0 0.0
  outer loop
    vertex 65.00298309326172 13.509868621826172 1.4142245054244995
    vertex 65.28531646728516 13.655850410461426 1.0000114440917969
    vertex 63.84702682495117 15.543045997619629 1.41422438621521
  endloop
endfacet
facet normal 0.0 0.0 0.0
  outer loop
    vertex 63.84702682495117 15.543045997619629 1.41422438621521
    vertex 65.28531646728516 13.655850410461426 1.0000114440917969
    vertex 64.11685943603516 15.710997581481934 1.0000113248825073
  endloop
endfacet
facet normal 0.0 0.0 0.0
  outer loop
    vertex 63.84702682495117 15.543045997619629 1.41422438621521
    vertex 64.11685943603516 15.710997581481934 1.0000113248825073
    vertex 62.53318405151367 17.477956771850586 1.4142241477966309
  endloop
endfacet
facet normal 0.0 0.0 0.0
  outer loop
    vertex 62.53318405151367 17.477956771850586 1.4142241477966309
    vertex 64.11685943603516 15.710997581481934 1.0000113248825073
    vertex 62.7888298034668 17.66681480407715 1.0000110864639282
  endloop
endfacet
facet normal 0.0 0.0 0.0
  outer loop
    vertex 62.53318405151367 17.477956771850586 1.4142241477966309
    vertex 62.7888298034668 17.66681480407715 1.0000110864639282
    vertex 61.06977462768555 19.302364349365234 1.4142240285873413
  endloop
endfacet
facet normal 0.0 0.0 0.0
  outer loop
    vertex 61.06977462768555 19.302364349365234 1.4142240285873413
    vertex 62.7888298034668 17.66681480407715 1.0000110864639282
    vertex 61.30959701538086 19.510936737060547 1.0000108480453491
  endloop
endfacet
facet normal 0.0 0.0 0.0
  outer loop
    vertex 61.06977462768555 19.302364349365234 1.4142240285873413
    vertex 61.30959701538086 19.510936737060547 1.0000108480453491
    vertex 59.46603012084961 21.004737854003906 1.4142237901687622
  endloop
endfacet
facet normal 0.0 0.0 0.0
  outer loop
    vertex 59.46603012084961 21.004737854003906 1.4142237901687622
    vertex 61.30959701538086 19.510936737060547 1.0000108480453491
    vertex 59.688533782958984 21.231704711914062 1.0000107288360596
  endloop
endfacet
facet normal 0.0 0.0 0.0
  outer loop
    vertex 59.46603012084961 21.004737854003906 1.4142237901687622
    vertex 59.688533782958984 21.231704711914062 1.0000107288360596
    vertex 57.732112884521484 22.574310302734375 1.414223551750183
  endloop
endfacet
facet normal 0.0 0.0 0.0
  outer loop
    vertex 57.732112884521484 22.574310302734375 1.414223551750183
    vertex 59.688533782958984 21.231704711914062 1.0000107288360596
    vertex 57.93587875366211 22.818239212036133 1.0000104904174805
  endloop
endfacet
facet normal 0.0 0.0 0.0
  outer loop
    vertex 57.732112884521484 22.574310302734375 1.414223551750183
    vertex 57.93587875366211 22.818239212036133 1.0000104904174805
    vertex 55.878971099853516 24.001163482666016 1.414223313331604
  endloop
endfacet
facet normal 0.0 0.0 0.0
  outer loop
    vertex 55.878971099853516 24.001163482666016 1.414223313331604
    vertex 57.93587875366211 22.818239212036133 1.0000104904174805
    vertex 56.06270980834961 24.260509490966797 1.0000102519989014
  endloop
endfacet
facet normal 0.0 0.0 0.0
  outer loop
    vertex 55.878971099853516 24.001163482666016 1.414223313331604
    vertex 56.06270980834961 24.260509490966797 1.0000102519989014
    vertex 53.91831588745117 25.27627182006836 1.414223074913025
  endloop
endfacet
facet normal 0.0 0.0 0.0
  outer loop
    vertex 53.91831588745117 25.27627182006836 1.414223074913025
    vertex 56.06270980834961 24.260509490966797 1.0000102519989014
    vertex 54.080875396728516 25.549396514892578 1.0000098943710327
  endloop
endfacet
facet normal 0.0 0.0 0.0
  outer loop
    vertex 53.91831588745117 25.27627182006836 1.414223074913025
    vertex 54.080875396728516 25.549396514892578 1.0000098943710327
    vertex 51.8625602722168 26.39157485961914 1.4142227172851562
  endloop
endfacet
facet normal 0.0 0.0 0.0
  outer loop
    vertex 51.8625602722168 26.39157485961914 1.4142227172851562
    vertex 54.080875396728516 25.549396514892578 1.0000098943710327
    vertex 52.00290298461914 26.6767520904541 1.0000096559524536
  endloop
endfacet
facet normal 0.0 0.0 0.0
  outer loop
    vertex 51.8625602722168 26.39157485961914 1.4142227172851562
    vertex 52.00290298461914 26.6767520904541 1.0000096559524536
    vertex 49.72468948364258 27.340023040771484 1.4142224788665771
  endloop
endfacet
facet normal 0.0 0.0 0.0
  outer loop
    vertex 49.72468948364258 27.340023040771484 1.4142224788665771
    vertex 52.00290298461914 26.6767520904541 1.0000096559524536
    vertex 49.8419303894043 27.635448455810547 1.0000094175338745
  endloop
endfacet
facet normal 0.0 0.0 0.0
  outer loop
    vertex 49.72468948364258 27.340023040771484 1.4142224788665771
    vertex 49.8419303894043 27.635448455810547 1.0000094175338745
    vertex 47.518226623535156 28.115619659423828 1.414222240447998
  endloop
endfacet
facet normal 0.0 0.0 0.0
  outer loop
    vertex 47.518226623535156 28.115619659423828 1.414222240447998
    vertex 49.8419303894043 27.635448455810547 1.0000094175338745
    vertex 47.61161804199219 28.419424057006836 1.0000090599060059
  endloop
endfacet
facet normal 0.0 0.0 0.0
  outer loop
    vertex 47.518226623535156 28.115619659423828 1.414222240447998
    vertex 47.61161804199219 28.419424057006836 1.0000090599060059
    vertex 45.257110595703125 28.713459014892578 1.4142218828201294
  endloop
endfacet
facet normal 0.0 0.0 0.0
  outer loop
    vertex 45.257110595703125 28.713459014892578 1.4142218828201294
    vertex 47.61161804199219 28.419424057006836 1.0000090599060059
    vertex 45.326072692871094 29.023723602294922 1.0000088214874268
  endloop
endfacet
facet normal 0.0 0.0 0.0
  outer loop
    vertex 45.257110595703125 28.713459014892578 1.4142218828201294
    vertex 45.326072692871094 29.023723602294922 1.0000088214874268
    vertex 42.955650329589844 29.129762649536133 1.4142215251922607
  endloop
endfacet
facet normal 0.0 0.0 0.0
  outer loop
    vertex 42.955650329589844 29.129762649536133 1.4142215251922607
    vertex 45.326072692871094 29.023723602294922 1.0000088214874268
    vertex 42.99974060058594 29.44452667236328 1.000008463859558
  endloop
endfacet
facet normal 0.0 0.0 0.0
  outer loop
    vertex 42.955650329589844 29.129762649536133 1.4142215251922607
    vertex 42.99974060058594 29.44452667236328 1.000008463859558
    vertex 40.628379821777344 29.36189842224121 1.4142212867736816
  endloop
endfacet
facet normal 0.0 0.0 0.0
  outer loop
    vertex 40.628379821777344 29.36189842224121 1.4142212867736816
    vertex 42.99974060058594 29.44452667236328 1.000008463859558
    vertex 40.64733123779297 29.679170608520508 1.0000081062316895
  endloop
endfacet
facet normal 0.0 0.0 0.0
  outer loop
    vertex 38.874847412109375 -29.7320499420166 1.0000078678131104
    vertex 38.874847412109375 -29.931852340698242 0.5176452398300171
    vertex 40.64733123779297 -29.679170608520508 1.0000081062316895
  endloop
endfacet
facet normal 0.0 0.0 0.0
  outer loop
    vertex 40.64733123779297 -29.679170608520508 1.0000081062316895
    vertex 38.874847412109375 -29.931852340698242 0.5176452398300171
    vertex 40.65924072265625 -29.878616333007812 0.5176454782485962
  endloop
endfacet
facet normal 0.0 0.0 0.0
  outer loop
    vertex 40.64733123779297 -29.679170608520508 1.0000081062316895
    vertex 40.65924072265625 -29.878616333007812 0.5176454782485962
    vertex 42.99974060058594 -29.44452667236328 1.000008463859558
  endloop
endfacet
facet normal 0.0 0.0 0.0
  outer loop
    vertex 42.99974060058594 -29.44452667236328 1.000008463859558
    vertex 40.65924072265625 -29.878616333007812 0.5176454782485962
    vertex 43.02745819091797 -29.64239501953125 0.5176457762718201
  endloop
endfacet
facet normal 0.0 0.0 0.0
  outer loop
    vertex 42.99974060058594 -29.44452667236328 1.000008463859558
    vertex 43.02745819091797 -29.64239501953125 0.5176457762718201
    vertex 45.326072692871094 -29.023723602294922 1.0000088214874268
  endloop
endfacet
facet normal 0.0 0.0 0.0
  outer loop
    vertex 45.326072692871094 -29.023723602294922 1.0000088214874268
    vertex 43.02745819091797 -29.64239501953125 0.5176457762718201
    vertex 45.36943054199219 -29.218765258789062 0.517646074295044
  endloop
endfacet
facet normal 0.0 0.0 0.0
  outer loop
    vertex 45.326072692871094 -29.023723602294922 1.0000088214874268
    vertex 45.36943054199219 -29.218765258789062 0.517646074295044
    vertex 47.61161804199219 -28.419424057006836 1.0000090599060059
  endloop
endfacet
facet normal 0.0 0.0 0.0
  outer loop
    vertex 47.61161804199219 -28.419424057006836 1.0000090599060059
    vertex 45.36943054199219 -29.218765258789062 0.517646074295044
    vertex 47.67033386230469 -28.61040496826172 0.5176464319229126
  endloop
endfacet
facet normal 0.0 0.0 0.0
  outer loop
    vertex 47.61161804199219 -28.419424057006836 1.0000090599060059
    vertex 47.67033386230469 -28.61040496826172 0.5176464319229126
    vertex 49.8419303894043 -27.635448455810547 1.0000094175338745
  endloop
endfacet
facet normal 0.0 0.0 0.0
  outer loop
    vertex 49.8419303894043 -27.635448455810547 1.0000094175338745
    vertex 47.67033386230469 -28.61040496826172 0.5176464319229126
    vertex 49.91563034057617 -27.82115936279297 0.5176466703414917
  endloop
endfacet
facet normal 0.0 0.0 0.0
  outer loop
    vertex 49.8419303894043 -27.635448455810547 1.0000094175338745
    vertex 49.91563034057617 -27.82115936279297 0.5176466703414917
    vertex 52.00290298461914 -26.6767520904541 1.0000096559524536
  endloop
endfacet
facet normal 0.0 0.0 0.0
  outer loop
    vertex 52.00290298461914 -26.6767520904541 1.0000096559524536
    vertex 49.91563034057617 -27.82115936279297 0.5176466703414917
    vertex 52.091121673583984 -26.856019973754883 0.5176470279693604
  endloop
endfacet
facet normal 0.0 0.0 0.0
  outer loop
    vertex 52.00290298461914 -26.6767520904541 1.0000096559524536
    vertex 52.091121673583984 -26.856019973754883 0.5176470279693604
    vertex 54.080875396728516 -25.549396514892578 1.0000098943710327
  endloop
endfacet
facet normal 0.0 0.0 0.0
  outer loop
    vertex 54.080875396728516 -25.549396514892578 1.0000098943710327
    vertex 52.091121673583984 -26.856019973754883 0.5176470279693604
    vertex 54.18305587768555 -25.721088409423828 0.5176472663879395
  endloop
endfacet
facet normal 0.0 0.0 0.0
  outer loop
    vertex 54.080875396728516 -25.549396514892578 1.0000098943710327
    vertex 54.18305587768555 -25.721088409423828 0.5176472663879395
    vertex 56.06270980834961 -24.260509490966797 1.0000102519989014
  endloop
endfacet
facet normal 0.0 0.0 0.0
  outer loop
    vertex 56.06270980834961 -24.260509490966797 1.0000102519989014
    vertex 54.18305587768555 -25.721088409423828 0.5176472663879395
    vertex 56.1782112121582 -24.423540115356445 0.5176475048065186
  endloop
endfacet
facet normal 0.0 0.0 0.0
  outer loop
    vertex 56.06270980834961 -24.260509490966797 1.0000102519989014
    vertex 56.1782112121582 -24.423540115356445 0.5176475048065186
    vertex 57.93587875366211 -22.818239212036133 1.0000104904174805
  endloop
endfacet
facet normal 0.0 0.0 0.0
  outer loop
    vertex 57.93587875366211 -22.818239212036133 1.0000104904174805
    vertex 56.1782112121582 -24.423540115356445 0.5176475048065186
    vertex 58.063968658447266 -22.97157859802246 0.5176477432250977
  endloop
endfacet
facet normal 0.0 0.0 0.0
  outer loop
    vertex 57.93587875366211 -22.818239212036133 1.0000104904174805
    vertex 58.063968658447266 -22.97157859802246 0.5176477432250977
    vertex 59.688533782958984 -21.231704711914062 1.0000107288360596
  endloop
endfacet
facet normal 0.0 0.0 0.0
  outer loop
    vertex 59.688533782958984 -21.231704711914062 1.0000107288360596
    vertex 58.063968658447266 -22.97157859802246 0.5176477432250977
    vertex 59.82840347290039 -21.3743839263916 0.5176479816436768
  endloop
endfacet
facet normal 0.0 0.0 0.0
  outer loop
    vertex 59.688533782958984 -21.231704711914062 1.0000107288360596
    vertex 59.82840347290039 -21.3743839263916 0.5176479816436768
    vertex 61.30959701538086 -19.510936737060547 1.0000108480453491
  endloop
endfacet
facet normal 0.0 0.0 0.0
  outer loop
    vertex 61.30959701538086 -19.510936737060547 1.0000108480453491
    vertex 59.82840347290039 -21.3743839263916 0.5176479816436768
    vertex 61.46036148071289 -19.642051696777344 0.5176482200622559
  endloop
endfacet
facet normal 0.0 0.0 0.0
  outer loop
    vertex 61.30959701538086 -19.510936737060547 1.0000108480453491
    vertex 61.46036148071289 -19.642051696777344 0.5176482200622559
    vertex 62.7888298034668 -17.66681480407715 1.0000110864639282
  endloop
endfacet
facet normal 0.0 0.0 0.0
  outer loop
    vertex 62.7888298034668 -17.66681480407715 1.0000110864639282
    vertex 61.46036148071289 -19.642051696777344 0.5176482200622559
    vertex 62.949527740478516 -17.785537719726562 0.517648458480835
  endloop
endfacet
facet normal 0.0 0.0 0.0
  outer loop
    vertex 62.7888298034668 -17.66681480407715 1.0000110864639282
    vertex 62.949527740478516 -17.785537719726562 0.517648458480835
    vertex 64.11685943603516 -15.710997581481934 1.0000113248825073
  endloop
endfacet
facet normal 0.0 0.0 0.0
  outer loop
    vertex 64.11685943603516 -15.710997581481934 1.0000113248825073
    vertex 62.949527740478516 -17.785537719726562 0.517648458480835
    vertex 64.28649139404297 -15.81657600402832 0.5176485776901245
  endloop
endfacet
facet normal 0.0 0.0 0.0
  outer loop
    vertex 64.11685943603516 -15.710997581481934 1.0000113248825073
    vertex 64.28649139404297 -15.81657600402832 0.5176485776901245
    vertex 65.28531646728516 -13.655850410461426 1.0000114440917969
  endloop
endfacet
facet normal 0.0 0.0 0.0
  outer loop
    vertex 65.28531646728516 -13.655850410461426 1.0000114440917969
    vertex 64.28649139404297 -15.81657600402832 0.5176485776901245
    vertex 65.4627914428711 -13.747618675231934 0.5176487565040588
  endloop
endfacet
facet normal 0.0 0.0 0.0
  outer loop
    vertex 65.28531646728516 -13.655850410461426 1.0000114440917969
    vertex 65.4627914428711 -13.747618675231934 0.5176487565040588
    vertex 66.28678131103516 -11.514366149902344 1.0000115633010864
  endloop
endfacet
facet normal 0.0 0.0 0.0
  outer loop
    vertex 66.28678131103516 -11.514366149902344 1.0000115633010864
    vertex 65.4627914428711 -13.747618675231934 0.5176487565040588
    vertex 66.47098541259766 -11.591743469238281 0.5176489353179932
  endloop
endfacet
facet normal 0.0 0.0 0.0
  outer loop
    vertex 66.28678131103516 -11.514366149902344 1.0000115633010864
    vertex 66.47098541259766 -11.591743469238281 0.5176489353179932
    vertex 67.11495208740234 -9.300085067749023 1.000011682510376
  endloop
endfacet
facet normal 0.0 0.0 0.0
  outer loop
    vertex 67.11495208740234 -9.300085067749023 1.000011682510376
    vertex 66.47098541259766 -11.591743469238281 0.5176489353179932
    vertex 67.30472564697266 -9.362581253051758 0.5176490545272827
  endloop
endfacet
facet normal 0.0 0.0 0.0
  outer loop
    vertex 67.11495208740234 -9.300085067749023 1.000011682510376
    vertex 67.30472564697266 -9.362581253051758 0.5176490545272827
    vertex 67.76456451416016 -7.027004718780518 1.0000118017196655
  endloop
endfacet
facet normal 0.0 0.0 0.0
  outer loop
    vertex 67.76456451416016 -7.027004718780518 1.0000118017196655
    vertex 67.30472564697266 -9.362581253051758 0.5176490545272827
    vertex 67.95870208740234 -7.0742268562316895 0.5176491141319275
  endloop
endfacet
facet normal 0.0 0.0 0.0
  outer loop
    vertex 67.76456451416016 -7.027004718780518 1.0000118017196655
    vertex 67.95870208740234 -7.0742268562316895 0.5176491141319275
    vertex 68.2315444946289 -4.709497928619385 1.0000118017196655
  endloop
endfacet
facet normal 0.0 0.0 0.0
  outer loop
    vertex 68.2315444946289 -4.709497928619385 1.0000118017196655
    vertex 67.95870208740234 -7.0742268562316895 0.5176491141319275
    vertex 68.42882537841797 -4.741146087646484 0.5176491737365723
  endloop
endfacet
facet normal 0.0 0.0 0.0
  outer loop
    vertex 68.2315444946289 -4.709497928619385 1.0000118017196655
    vertex 68.42882537841797 -4.741146087646484 0.5176491737365723
    vertex 68.5129165649414 -2.3622164726257324 1.0000118017196655
  endloop
endfacet
facet normal 0.0 0.0 0.0
  outer loop
    vertex 68.5129165649414 -2.3622164726257324 1.0000118017196655
    vertex 68.42882537841797 -4.741146087646484 0.5176491737365723
    vertex 68.71207427978516 -2.3780906200408936 0.5176491737365723
  endloop
endfacet
facet normal 0.0 0.0 0.0
  outer loop
    vertex 68.5129165649414 -2.3622164726257324 1.0000118017196655
    vertex 68.71207427978516 -2.3780906200408936 0.5176491737365723
    vertex 68.60689544677734 6.121780701448792e-15 1.000011920928955
  endloop
endfacet
facet normal 0.0 0.0 0.0
  outer loop
    vertex 68.60689544677734 6.121780701448792e-15 1.000011920928955
    vertex 68.71207427978516 -2.3780906200408936 0.5176491737365723
    vertex 68.80669403076172 6.1462493657126e-15 0.5176491737365723
  endloop
endfacet
facet normal 0.0 0.0 0.0
  outer loop
    vertex 68.60689544677734 6.121780701448792e-15 1.000011920928955
    vertex 68.80669403076172 6.1462493657126e-15 0.5176491737365723
    vertex 68.5129165649414 2.3622164726257324 1.0000118017196655
  endloop
endfacet
facet normal 0.0 0.0 0.0
  outer loop
    vertex 68.5129165649414 2.3622164726257324 1.0000118017196655
    vertex 68.80669403076172 6.1462493657126e-15 0.5176491737365723
    vertex 68.71207427978516 2.3780906200408936 0.5176491737365723
  endloop
endfacet
facet normal 0.0 0.0 0.0
  outer loop
    vertex 68.5129165649414 2.3622164726257324 1.0000118017196655
    vertex 68.71207427978516 2.3780906200408936 0.5176491737365723
    vertex 68.2315444946289 4.709497928619385 1.0000118017196655
  endloop
endfacet
facet normal 0.0 0.0 0.0
  outer loop
    vertex 68.2315444946289 4.709497928619385 1.0000118017196655
    vertex 68.71207427978516 2.3780906200408936 0.5176491737365723
    vertex 68.42882537841797 4.741146087646484 0.5176491737365723
  endloop
endfacet
facet normal 0.0 0.0 0.0
  outer loop
    vertex 68.2315444946289 4.709497928619385 1.0000118017196655
    vertex 68.42882537841797 4.741146087646484 0.5176491737365723
    vertex 67.76456451416016 7.027004718780518 1.0000118017196655
  endloop
endfacet
facet normal 0.0 0.0 0.0
  outer loop
    vertex 67.76456451416016 7.027004718780518 1.0000118017196655
    vertex 68.42882537841797 4.741146087646484 0.5176491737365723
    vertex 67.95870208740234 7.0742268562316895 0.5176491141319275
  endloop
endfacet
facet normal 0.0 0.0 0.0
  outer loop
    vertex 67.76456451416016 7.027004718780518 1.0000118017196655
    vertex 67.95870208740234 7.0742268562316895 0.5176491141319275
    vertex 67.11495208740234 9.300085067749023 1.000011682510376
  endloop
endfacet
facet normal 0.0 0.0 0.0
  outer loop
    vertex 67.11495208740234 9.300085067749023 1.000011682510376
    vertex 67.95870208740234 7.0742268562316895 0.5176491141319275
    vertex 67.30472564697266 9.362581253051758 0.5176490545272827
  endloop
endfacet
facet normal 0.0 0.0 0.0
  outer loop
    vertex 67.11495208740234 9.300085067749023 1.000011682510376
    vertex 67.30472564697266 9.362581253051758 0.5176490545272827
    vertex 66.28678131103516 11.514366149902344 1.0000115633010864
  endloop
endfacet
facet normal 0.0 0.0 0.0
  outer loop
    vertex 66.28678131103516 11.514366149902344 1.0000115633010864
    vertex 67.30472564697266 9.362581253051758 0.5176490545272827
    vertex 66.47098541259766 11.591743469238281 0.5176489353179932
  endloop
endfacet
facet normal 0.0 0.0 0.0
  outer loop
    vertex 66.28678131103516 11.514366149902344 1.0000115633010864
    vertex 66.47098541259766 11.591743469238281 0.5176489353179932
    vertex 65.28531646728516 13.655850410461426 1.0000114440917969
  endloop
endfacet
facet normal 0.0 0.0 0.0
  outer loop
    vertex 65.28531646728516 13.655850410461426 1.0000114440917969
    vertex 66.47098541259766 11.591743469238281 0.5176489353179932
    vertex 65.4627914428711 13.747618675231934 0.5176487565040588
  endloop
endfacet
facet normal 0.0 0.0 0.0
  outer loop
    vertex 65.28531646728516 13.655850410461426 1.0000114440917969
    vertex 65.4627914428711 13.747618675231934 0.5176487565040588
    vertex 64.11685943603516 15.710997581481934 1.0000113248825073
  endloop
endfacet
facet normal 0.0 0.0 0.0
  outer loop
    vertex 64.11685943603516 15.710997581481934 1.0000113248825073
    vertex 65.4627914428711 13.747618675231934 0.5176487565040588
    vertex 64.28649139404297 15.81657600402832 0.5176485776901245
  endloop
endfacet
facet normal 0.0 0.0 0.0
  outer loop
    vertex 64.11685943603516 15.710997581481934 1.0000113248825073
    vertex 64.28649139404297 15.81657600402832 0.5176485776901245
    vertex 62.7888298034668 17.66681480407715 1.0000110864639282
  endloop
endfacet
facet normal 0.0 0.0 0.0
  outer loop
    vertex 62.7888298034668 17.66681480407715 1.0000110864639282
    vertex 64.28649139404297 15.81657600402832 0.5176485776901245
    vertex 62.949527740478516 17.785537719726562 0.517648458480835
  endloop
endfacet
facet normal 0.0 0.0 0.0
  outer loop
    vertex 62.7888298034668 17.66681480407715 1.0000110864639282
    vertex 62.949527740478516 17.785537719726562 0.517648458480835
    vertex 61.30959701538086 19.510936737060547 1.0000108480453491
  endloop
endfacet
facet normal 0.0 0.0 0.0
  outer loop
    vertex 61.30959701538086 19.510936737060547 1.0000108480453491
    vertex 62.949527740478516 17.785537719726562 0.517648458480835
    vertex 61.46036148071289 19.642051696777344 0.5176482200622559
  endloop
endfacet
facet normal 0.0 0.0 0.0
  outer loop
    vertex 61.30959701538086 19.510936737060547 1.0000108480453491
    vertex 61.46036148071289 19.642051696777344 0.5176482200622559
    vertex 59.688533782958984 21.231704711914062 1.0000107288360596
  endloop
endfacet
facet normal 0.0 0.0 0.0
  outer loop
    vertex 59.688533782958984 21.231704711914062 1.0000107288360596
    vertex 61.46036148071289 19.642051696777344 0.5176482200622559
    vertex 59.82840347290039 21.3743839263916 0.5176479816436768
  endloop
endfacet
facet normal 0.0 0.0 0.0
  outer loop
    vertex 59.688533782958984 21.231704711914062 1.0000107288360596
    vertex 59.82840347290039 21.3743839263916 0.5176479816436768
    vertex 57.93587875366211 22.818239212036133 1.0000104904174805
  endloop
endfacet
facet normal 0.0 0.0 0.0
  outer loop
    vertex 57.93587875366211 22.818239212036133 1.0000104904174805
    vertex 59.82840347290039 21.3743839263916 0.5176479816436768
    vertex 58.063968658447266 22.97157859802246 0.5176477432250977
  endloop
endfacet
facet normal 0.0 0.0 0.0
  outer loop
    vertex 57.93587875366211 22.818239212036133 1.0000104904174805
    vertex 58.063968658447266 22.97157859802246 0.5176477432250977
    vertex 56.06270980834961 24.260509490966797 1.0000102519989014
  endloop
endfacet
facet normal 0.0 0.0 0.0
  outer loop
    vertex 56.06270980834961 24.260509490966797 1.0000102519989014
    vertex 58.063968658447266 22.97157859802246 0.5176477432250977
    vertex 56.1782112121582 24.423540115356445 0.5176475048065186
  endloop
endfacet
facet normal 0.0 0.0 0.0
  outer loop
    vertex 56.06270980834961 24.260509490966797 1.0000102519989014
    vertex 56.1782112121582 24.423540115356445 0.5176475048065186
    vertex 54.080875396728516 25.549396514892578 1.0000098943710327
  endloop
endfacet
facet normal 0.0 0.0 0.0
  outer loop
    vertex 54.080875396728516 25.549396514892578 1.0000098943710327
    vertex 56.1782112121582 24.423540115356445 0.5176475048065186
    vertex 54.18305587768555 25.721088409423828 0.5176472663879395
  endloop
endfacet
facet normal 0.0 0.0 0.0
  outer loop
    vertex 54.080875396728516 25.549396514892578 1.0000098943710327
    vertex 54.18305587768555 25.721088409423828 0.5176472663879395
    vertex 52.00290298461914 26.6767520904541 1.0000096559524536
  endloop
endfacet
facet normal 0.0 0.0 0.0
  outer loop
    vertex 52.00290298461914 26.6767520904541 1.0000096559524536
    vertex 54.18305587768555 25.721088409423828 0.5176472663879395
    vertex 52.091121673583984 26.856019973754883 0.5176470279693604
  endloop
endfacet
facet normal 0.0 0.0 0.0
  outer loop
    vertex 52.00290298461914 26.6767520904541 1.0000096559524536
    vertex 52.091121673583984 26.856019973754883 0.5176470279693604
    vertex 49.8419303894043 27.635448455810547 1.0000094175338745
  endloop
endfacet
facet normal 0.0 0.0 0.0
  outer loop
    vertex 49.8419303894043 27.635448455810547 1.0000094175338745
    vertex 52.091121673583984 26.856019973754883 0.5176470279693604
    vertex 49.91563034057617 27.82115936279297 0.5176466703414917
  endloop
endfacet
facet normal 0.0 0.0 0.0
  outer loop
    vertex 49.8419303894043 27.635448455810547 1.0000094175338745
    vertex 49.91563034057617 27.82115936279297 0.5176466703414917
    vertex 47.61161804199219 28.419424057006836 1.0000090599060059
  endloop
endfacet
facet normal 0.0 0.0 0.0
  outer loop
    vertex 47.61161804199219 28.419424057006836 1.0000090599060059
    vertex 49.91563034057617 27.82115936279297 0.5176466703414917
    vertex 47.67033386230469 28.61040496826172 0.5176464319229126
  endloop
endfacet
facet normal 0.0 0.0 0.0
  outer loop
    vertex 47.61161804199219 28.419424057006836 1.0000090599060059
    vertex 47.67033386230469 28.61040496826172 0.5176464319229126
    vertex 45.326072692871094 29.023723602294922 1.0000088214874268
  endloop
endfacet
facet normal 0.0 0.0 0.0
  outer loop
    vertex 45.326072692871094 29.023723602294922 1.0000088214874268
    vertex 47.67033386230469 28.61040496826172 0.5176464319229126
    vertex 45.36943054199219 29.218765258789062 0.517646074295044
  endloop
endfacet
facet normal 0.0 0.0 0.0
  outer loop
    vertex 45.326072692871094 29.023723602294922 1.0000088214874268
    vertex 45.36943054199219 29.218765258789062 0.517646074295044
    vertex 42.99974060058594 29.44452667236328 1.000008463859558
  endloop
endfacet
facet normal 0.0 0.0 0.0
  outer loop
    vertex 42.99974060058594 29.44452667236328 1.000008463859558
    vertex 45.36943054199219 29.218765258789062 0.517646074295044
    vertex 43.02745819091797 29.64239501953125 0.5176457762718201
  endloop
endfacet
facet normal 0.0 0.0 0.0
  outer loop
    vertex 42.99974060058594 29.44452667236328 1.000008463859558
    vertex 43.02745819091797 29.64239501953125 0.5176457762718201
    vertex 40.64733123779297 29.679170608520508 1.0000081062316895
  endloop
endfacet
facet normal 0.0 0.0 0.0
  outer loop
    vertex 40.64733123779297 29.679170608520508 1.0000081062316895
    vertex 43.02745819091797 29.64239501953125 0.5176457762718201
    vertex 40.65924072265625 29.878616333007812 0.5176454782485962
  endloop
endfacet
facet normal 0.0 0.0 0.0
  outer loop
    vertex 38.874847412109375 -29.931852340698242 0.5176452398300171
    vertex 38.874847412109375 -30.0 8.046627044677734e-06
    vertex 40.65924072265625 -29.878616333007812 0.5176454782485962
  endloop
endfacet
facet normal 0.0 0.0 0.0
  outer loop
    vertex 40.65924072265625 -29.878616333007812 0.5176454782485962
    vertex 38.874847412109375 -30.0 8.046627044677734e-06
    vertex 41.22862243652344 -29.907520294189453 8.344650268554688e-06
  endloop
endfacet
facet normal 0.0 0.0 0.0
  outer loop
    vertex 40.65924072265625 -29.878616333007812 0.5176454782485962
    vertex 41.22862243652344 -29.907520294189453 8.344650268554688e-06
    vertex 43.02745819091797 -29.64239501953125 0.5176457762718201
  endloop
endfacet
facet normal 0.0 0.0 0.0
  outer loop
    vertex 43.02745819091797 -29.64239501953125 0.5176457762718201
    vertex 41.22862243652344 -29.907520294189453 8.344650268554688e-06
    vertex 43.56788635253906 -29.63064956665039 8.64267349243164e-06
  endloop
endfacet
facet normal 0.0 0.0 0.0
  outer loop
    vertex 43.02745819091797 -29.64239501953125 0.5176457762718201
    vertex 43.56788635253906 -29.63064956665039 8.64267349243164e-06
    vertex 45.36943054199219 -29.218765258789062 0.517646074295044
  endloop
endfacet
facet normal 0.0 0.0 0.0
  outer loop
    vertex 45.36943054199219 -29.218765258789062 0.517646074295044
    vertex 43.56788635253906 -29.63064956665039 8.64267349243164e-06
    vertex 45.878211975097656 -29.171096801757812 8.940696716308594e-06
  endloop
endfacet
facet normal 0.0 0.0 0.0
  outer loop
    vertex 45.36943054199219 -29.218765258789062 0.517646074295044
    vertex 45.878211975097656 -29.171096801757812 8.940696716308594e-06
    vertex 47.67033386230469 -28.61040496826172 0.5176464319229126
  endloop
endfacet
facet normal 0.0 0.0 0.0
  outer loop
    vertex 47.67033386230469 -28.61040496826172 0.5176464319229126
    vertex 45.878211975097656 -29.171096801757812 8.940696716308594e-06
    vertex 48.14535903930664 -28.531696319580078 9.298324584960938e-06
  endloop
endfacet
facet normal 0.0 0.0 0.0
  outer loop
    vertex 47.67033386230469 -28.61040496826172 0.5176464319229126
    vertex 48.14535903930664 -28.531696319580078 9.298324584960938e-06
    vertex 49.91563034057617 -27.82115936279297 0.5176466703414917
  endloop
endfacet
facet normal 0.0 0.0 0.0
  outer loop
    vertex 49.91563034057617 -27.82115936279297 0.5176466703414917
    vertex 48.14535903930664 -28.531696319580078 9.298324584960938e-06
    vertex 50.355350494384766 -27.716386795043945 9.5367431640625e-06
  endloop
endfacet
facet normal 0.0 0.0 0.0
  outer loop
    vertex 49.91563034057617 -27.82115936279297 0.5176466703414917
    vertex 50.355350494384766 -27.716386795043945 9.5367431640625e-06
    vertex 52.091121673583984 -26.856019973754883 0.5176470279693604
  endloop
endfacet
facet normal 0.0 0.0 0.0
  outer loop
    vertex 52.091121673583984 -26.856019973754883 0.5176470279693604
    vertex 50.355350494384766 -27.716386795043945 9.5367431640625e-06
    vertex 52.494564056396484 -26.730195999145508 9.834766387939453e-06
  endloop
endfacet
facet normal 0.0 0.0 0.0
  outer loop
    vertex 52.091121673583984 -26.856019973754883 0.5176470279693604
    vertex 52.494564056396484 -26.730195999145508 9.834766387939453e-06
    vertex 54.18305587768555 -25.721088409423828 0.5176472663879395
  endloop
endfacet
facet normal 0.0 0.0 0.0
  outer loop
    vertex 54.18305587768555 -25.721088409423828 0.5176472663879395
    vertex 52.494564056396484 -26.730195999145508 9.834766387939453e-06
    vertex 54.549800872802734 -25.579204559326172 1.0132789611816406e-05
  endloop
endfacet
facet normal 0.0 0.0 0.0
  outer loop
    vertex 54.18305587768555 -25.721088409423828 0.5176472663879395
    vertex 54.549800872802734 -25.579204559326172 1.0132789611816406e-05
    vertex 56.1782112121582 -24.423540115356445 0.5176475048065186
  endloop
endfacet
facet normal 0.0 0.0 0.0
  outer loop
    vertex 56.1782112121582 -24.423540115356445 0.5176475048065186
    vertex 54.549800872802734 -25.579204559326172 1.0132789611816406e-05
    vertex 56.50840377807617 -24.270509719848633 1.0371208190917969e-05
  endloop
endfacet
facet normal 0.0 0.0 0.0
  outer loop
    vertex 56.1782112121582 -24.423540115356445 0.5176475048065186
    vertex 56.50840377807617 -24.270509719848633 1.0371208190917969e-05
    vertex 58.063968658447266 -22.97157859802246 0.5176477432250977
  endloop
endfacet
facet normal 0.0 0.0 0.0
  outer loop
    vertex 58.063968658447266 -22.97157859802246 0.5176477432250977
    vertex 56.50840377807617 -24.270509719848633 1.0371208190917969e-05
    vertex 58.3582878112793 -22.812179565429688 1.0609626770019531e-05
  endloop
endfacet
facet normal 0.0 0.0 0.0
  outer loop
    vertex 58.063968658447266 -22.97157859802246 0.5176477432250977
    vertex 58.3582878112793 -22.812179565429688 1.0609626770019531e-05
    vertex 59.82840347290039 -21.3743839263916 0.5176479816436768
  endloop
endfacet
facet normal 0.0 0.0 0.0
  outer loop
    vertex 59.82840347290039 -21.3743839263916 0.5176479816436768
    vertex 58.3582878112793 -22.812179565429688 1.0609626770019531e-05
    vertex 60.08804702758789 -21.21320343017578 1.0848045349121094e-05
  endloop
endfacet
facet normal 0.0 0.0 0.0
  outer loop
    vertex 59.82840347290039 -21.3743839263916 0.5176479816436768
    vertex 60.08804702758789 -21.21320343017578 1.0848045349121094e-05
    vertex 61.46036148071289 -19.642051696777344 0.5176482200622559
  endloop
endfacet
facet normal 0.0 0.0 0.0
  outer loop
    vertex 61.46036148071289 -19.642051696777344 0.5176482200622559
    vertex 60.08804702758789 -21.21320343017578 1.0848045349121094e-05
    vertex 61.6870231628418 -19.483442306518555 1.1086463928222656e-05
  endloop
endfacet
facet normal 0.0 0.0 0.0
  outer loop
    vertex 61.46036148071289 -19.642051696777344 0.5176482200622559
    vertex 61.6870231628418 -19.483442306518555 1.1086463928222656e-05
    vertex 62.949527740478516 -17.785537719726562 0.517648458480835
  endloop
endfacet
facet normal 0.0 0.0 0.0
  outer loop
    vertex 62.949527740478516 -17.785537719726562 0.517648458480835
    vertex 61.6870231628418 -19.483442306518555 1.1086463928222656e-05
    vertex 63.14535903930664 -17.63355827331543 1.1265277862548828e-05
  endloop
endfacet
facet normal 0.0 0.0 0.0
  outer loop
    vertex 62.949527740478516 -17.785537719726562 0.517648458480835
    vertex 63.14535903930664 -17.63355827331543 1.1265277862548828e-05
    vertex 64.28649139404297 -15.81657600402832 0.5176485776901245
  endloop
endfacet
facet normal 0.0 0.0 0.0
  outer loop
    vertex 64.28649139404297 -15.81657600402832 0.5176485776901245
    vertex 63.14535903930664 -17.63355827331543 1.1265277862548828e-05
    vertex 64.45404815673828 -15.674957275390625 1.1444091796875e-05
  endloop
endfacet
facet normal 0.0 0.0 0.0
  outer loop
    vertex 64.28649139404297 -15.81657600402832 0.5176485776901245
    vertex 64.45404815673828 -15.674957275390625 1.1444091796875e-05
    vertex 65.4627914428711 -13.747618675231934 0.5176487565040588
  endloop
endfacet
facet normal 0.0 0.0 0.0
  outer loop
    vertex 65.4627914428711 -13.747618675231934 0.5176487565040588
    vertex 64.45404815673828 -15.674957275390625 1.1444091796875e-05
    vertex 65.60504913330078 -13.619714736938477 1.1563301086425781e-05
  endloop
endfacet
facet normal 0.0 0.0 0.0
  outer loop
    vertex 65.4627914428711 -13.747618675231934 0.5176487565040588
    vertex 65.60504913330078 -13.619714736938477 1.1563301086425781e-05
    vertex 66.47098541259766 -11.591743469238281 0.5176489353179932
  endloop
endfacet
facet normal 0.0 0.0 0.0
  outer loop
    vertex 66.47098541259766 -11.591743469238281 0.5176489353179932
    vertex 65.60504913330078 -13.619714736938477 1.1563301086425781e-05
    vertex 66.59123992919922 -11.48050308227539 1.1742115020751953e-05
  endloop
endfacet
facet normal 0.0 0.0 0.0
  outer loop
    vertex 66.47098541259766 -11.591743469238281 0.5176489353179932
    vertex 66.59123992919922 -11.48050308227539 1.1742115020751953e-05
    vertex 67.30472564697266 -9.362581253051758 0.5176490545272827
  endloop
endfacet
facet normal 0.0 0.0 0.0
  outer loop
    vertex 67.30472564697266 -9.362581253051758 0.5176490545272827
    vertex 66.59123992919922 -11.48050308227539 1.1742115020751953e-05
    vertex 67.40654754638672 -9.270509719848633 1.1861324310302734e-05
  endloop
endfacet
facet normal 0.0 0.0 0.0
  outer loop
    vertex 67.30472564697266 -9.362581253051758 0.5176490545272827
    vertex 67.40654754638672 -9.270509719848633 1.1861324310302734e-05
    vertex 67.95870208740234 -7.0742268562316895 0.5176491141319275
  endloop
endfacet
facet normal 0.0 0.0 0.0
  outer loop
    vertex 67.95870208740234 -7.0742268562316895 0.5176491141319275
    vertex 67.40654754638672 -9.270509719848633 1.1861324310302734e-05
    vertex 68.04593658447266 -7.003360748291016 1.1920928955078125e-05
  endloop
endfacet
facet normal 0.0 0.0 0.0
  outer loop
    vertex 67.95870208740234 -7.0742268562316895 0.5176491141319275
    vertex 68.04593658447266 -7.003360748291016 1.1920928955078125e-05
    vertex 68.42882537841797 -4.741146087646484 0.5176491737365723
  endloop
endfacet
facet normal 0.0 0.0 0.0
  outer loop
    vertex 68.42882537841797 -4.741146087646484 0.5176491737365723
    vertex 68.04593658447266 -7.003360748291016 1.1920928955078125e-05
    vertex 68.50550079345703 -4.6930341720581055 1.1980533599853516e-05
  endloop
endfacet
facet normal 0.0 0.0 0.0
  outer loop
    vertex 68.42882537841797 -4.741146087646484 0.5176491737365723
    vertex 68.50550079345703 -4.6930341720581055 1.1980533599853516e-05
    vertex 68.71207427978516 -2.3780906200408936 0.5176491737365723
  endloop
endfacet
facet normal 0.0 0.0 0.0
  outer loop
    vertex 68.71207427978516 -2.3780906200408936 0.5176491737365723
    vertex 68.50550079345703 -4.6930341720581055 1.1980533599853516e-05
    vertex 68.7823715209961 -2.3537728786468506 1.2040138244628906e-05
  endloop
endfacet
facet normal 0.0 0.0 0.0
  outer loop
    vertex 68.71207427978516 -2.3780906200408936 0.5176491737365723
    vertex 68.7823715209961 -2.3537728786468506 1.2040138244628906e-05
    vertex 68.80669403076172 6.1462493657126e-15 0.5176491737365723
  endloop
endfacet
facet normal 0.0 0.0 0.0
  outer loop
    vertex 68.80669403076172 6.1462493657126e-15 0.5176491737365723
    vertex 68.7823715209961 -2.3537728786468506 1.2040138244628906e-05
    vertex 68.87483978271484 -1.1932858282899918e-15 1.2040138244628906e-05
  endloop
endfacet
facet normal 0.0 0.0 0.0
  outer loop
    vertex 68.80669403076172 6.1462493657126e-15 0.5176491737365723
    vertex 68.87483978271484 -1.1932858282899918e-15 1.2040138244628906e-05
    vertex 68.7823715209961 2.3537728786468506 1.2040138244628906e-05
  endloop
endfacet
facet normal 0.0 0.0 0.0
  outer loop
    vertex 68.80669403076172 6.1462493657126e-15 0.5176491737365723
    vertex 68.7823715209961 2.3537728786468506 1.2040138244628906e-05
    vertex 68.71207427978516 2.3780906200408936 0.5176491737365723
  endloop
endfacet
facet normal 0.0 0.0 0.0
  outer loop
    vertex 68.71207427978516 2.3780906200408936 0.5176491737365723
    vertex 68.7823715209961 2.3537728786468506 1.2040138244628906e-05
    vertex 68.50550079345703 4.6930341720581055 1.1980533599853516e-05
  endloop
endfacet
facet normal 0.0 0.0 0.0
  outer loop
    vertex 68.71207427978516 2.3780906200408936 0.5176491737365723
    vertex 68.50550079345703 4.6930341720581055 1.1980533599853516e-05
    vertex 68.42882537841797 4.741146087646484 0.5176491737365723
  endloop
endfacet
facet normal 0.0 0.0 0.0
  outer loop
    vertex 68.42882537841797 4.741146087646484 0.5176491737365723
    vertex 68.50550079345703 4.6930341720581055 1.1980533599853516e-05
    vertex 68.04593658447266 7.003360748291016 1.1920928955078125e-05
  endloop
endfacet
facet normal 0.0 0.0 0.0
  outer loop
    vertex 68.42882537841797 4.741146087646484 0.5176491737365723
    vertex 68.04593658447266 7.003360748291016 1.1920928955078125e-05
    vertex 67.95870208740234 7.0742268562316895 0.5176491141319275
  endloop
endfacet
facet normal 0.0 0.0 0.0
  outer loop
    vertex 67.95870208740234 7.0742268562316895 0.5176491141319275
    vertex 68.04593658447266 7.003360748291016 1.1920928955078125e-05
    vertex 67.40654754638672 9.270509719848633 1.1861324310302734e-05
  endloop
endfacet
facet normal 0.0 0.0 0.0
  outer loop
    vertex 67.95870208740234 7.0742268562316895 0.5176491141319275
    vertex 67.40654754638672 9.270509719848633 1.1861324310302734e-05
    vertex 67.30472564697266 9.362581253051758 0.5176490545272827
  endloop
endfacet
facet normal 0.0 0.0 0.0
  outer loop
    vertex 67.30472564697266 9.362581253051758 0.5176490545272827
    vertex 67.40654754638672 9.270509719848633 1.1861324310302734e-05
    vertex 66.59123992919922 11.48050308227539 1.1742115020751953e-05
  endloop
endfacet
facet normal 0.0 0.0 0.0
  outer loop
    vertex 67.30472564697266 9.362581253051758 0.5176490545272827
    vertex 66.59123992919922 11.48050308227539 1.1742115020751953e-05
    vertex 66.47098541259766 11.591743469238281 0.5176489353179932
  endloop
endfacet
facet normal 0.0 0.0 0.0
  outer loop
    vertex 66.47098541259766 11.591743469238281 0.5176489353179932
    vertex 66.59123992919922 11.48050308227539 1.1742115020751953e-05
    vertex 65.60504913330078 13.619714736938477 1.1563301086425781e-05
  endloop
endfacet
facet normal 0.0 0.0 0.0
  outer loop
    vertex 66.47098541259766 11.591743469238281 0.5176489353179932
    vertex 65.60504913330078 13.619714736938477 1.1563301086425781e-05
    vertex 65.4627914428711 13.747618675231934 0.5176487565040588
  endloop
endfacet
facet normal 0.0 0.0 0.0
  outer loop
    vertex 65.4627914428711 13.747618675231934 0.5176487565040588
    vertex 65.60504913330078 13.619714736938477 1.1563301086425781e-05
    vertex 64.45404815673828 15.674957275390625 1.1444091796875e-05
  endloop
endfacet
facet normal 0.0 0.0 0.0
  outer loop
    vertex 65.4627914428711 13.747618675231934 0.5176487565040588
    vertex 64.45404815673828 15.674957275390625 1.1444091796875e-05
    vertex 64.28649139404297 15.81657600402832 0.5176485776901245
  endloop
endfacet
facet normal 0.0 0.0 0.0
  outer loop
    vertex 64.28649139404297 15.81657600402832 0.5176485776901245
    vertex 64.45404815673828 15.674957275390625 1.1444091796875e-05
    vertex 63.14535903930664 17.63355827331543 1.1265277862548828e-05
  endloop
endfacet
facet normal 0.0 0.0 0.0
  outer loop
    vertex 64.28649139404297 15.81657600402832 0.5176485776901245
    vertex 63.14535903930664 17.63355827331543 1.1265277862548828e-05
    vertex 62.949527740478516 17.785537719726562 0.517648458480835
  endloop
endfacet
facet normal 0.0 0.0 0.0
  outer loop
    vertex 62.949527740478516 17.785537719726562 0.517648458480835
    vertex 63.14535903930664 17.63355827331543 1.1265277862548828e-05
    vertex 61.6870231628418 19.483442306518555 1.1086463928222656e-05
  endloop
endfacet
facet normal 0.0 0.0 0.0
  outer loop
    vertex 62.949527740478516 17.785537719726562 0.517648458480835
    vertex 61.6870231628418 19.483442306518555 1.1086463928222656e-05
    vertex 61.46036148071289 19.642051696777344 0.5176482200622559
  endloop
endfacet
facet normal 0.0 0.0 0.0
  outer loop
    vertex 61.46036148071289 19.642051696777344 0.5176482200622559
    vertex 61.6870231628418 19.483442306518555 1.1086463928222656e-05
    vertex 60.08804702758789 21.21320343017578 1.0848045349121094e-05
  endloop
endfacet
facet normal 0.0 0.0 0.0
  outer loop
    vertex 61.46036148071289 19.642051696777344 0.5176482200622559
    vertex 60.08804702758789 21.21320343017578 1.0848045349121094e-05
    vertex 59.82840347290039 21.3743839263916 0.5176479816436768
  endloop
endfacet
facet normal 0.0 0.0 0.0
  outer loop
    vertex 59.82840347290039 21.3743839263916 0.5176479816436768
    vertex 60.08804702758789 21.21320343017578 1.0848045349121094e-05
    vertex 58.3582878112793 22.812179565429688 1.0609626770019531e-05
  endloop
endfacet
facet normal 0.0 0.0 0.0
  outer loop
    vertex 59.82840347290039 21.3743839263916 0.5176479816436768
    vertex 58.3582878112793 22.812179565429688 1.0609626770019531e-05
    vertex 58.063968658447266 22.97157859802246 0.5176477432250977
  endloop
endfacet
facet normal 0.0 0.0 0.0
  outer loop
    vertex 58.063968658447266 22.97157859802246 0.5176477432250977
    vertex 58.3582878112793 22.812179565429688 1.0609626770019531e-05
    vertex 56.50840377807617 24.270509719848633 1.0371208190917969e-05
  endloop
endfacet
facet normal 0.0 0.0 0.0
  outer loop
    vertex 58.063968658447266 22.97157859802246 0.5176477432250977
    vertex 56.50840377807617 24.270509719848633 1.0371208190917969e-05
    vertex 56.1782112121582 24.423540115356445 0.5176475048065186
  endloop
endfacet
facet normal 0.0 0.0 0.0
  outer loop
    vertex 56.1782112121582 24.423540115356445 0.5176475048065186
    vertex 56.50840377807617 24.270509719848633 1.0371208190917969e-05
    vertex 54.549800872802734 25.579204559326172 1.0132789611816406e-05
  endloop
endfacet
facet normal 0.0 0.0 0.0
  outer loop
    vertex 56.1782112121582 24.423540115356445 0.5176475048065186
    vertex 54.549800872802734 25.579204559326172 1.0132789611816406e-05
    vertex 54.18305587768555 25.721088409423828 0.5176472663879395
  endloop
endfacet
facet normal 0.0 0.0 0.0
  outer loop
    vertex 54.18305587768555 25.721088409423828 0.5176472663879395
    vertex 54.549800872802734 25.579204559326172 1.0132789611816406e-05
    vertex 52.494564056396484 26.730195999145508 9.834766387939453e-06
  endloop
endfacet
facet normal 0.0 0.0 0.0
  outer loop
    vertex 54.18305587768555 25.721088409423828 0.5176472663879395
    vertex 52.494564056396484 26.730195999145508 9.834766387939453e-06
    vertex 52.091121673583984 26.856019973754883 0.5176470279693604
  endloop
endfacet
facet normal 0.0 0.0 0.0
  outer loop
    vertex 52.091121673583984 26.856019973754883 0.5176470279693604
    vertex 52.494564056396484 26.730195999145508 9.834766387939453e-06
    vertex 50.355350494384766 27.716386795043945 9.5367431640625e-06
  endloop
endfacet
facet normal 0.0 0.0 0.0
  outer loop
    vertex 52.091121673583984 26.856019973754883 0.5176470279693604
    vertex 50.355350494384766 27.716386795043945 9.5367431640625e-06
    vertex 49.91563034057617 27.82115936279297 0.5176466703414917
  endloop
endfacet
facet normal 0.0 0.0 0.0
  outer loop
    vertex 49.91563034057617 27.82115936279297 0.5176466703414917
    vertex 50.355350494384766 27.716386795043945 9.5367431640625e-06
    vertex 48.14535903930664 28.531696319580078 9.298324584960938e-06
  endloop
endfacet
facet normal 0.0 0.0 0.0
  outer loop
    vertex 49.91563034057617 27.82115936279297 0.5176466703414917
    vertex 48.14535903930664 28.531696319580078 9.298324584960938e-06
    vertex 47.67033386230469 28.61040496826172 0.5176464319229126
  endloop
endfacet
facet normal 0.0 0.0 0.0
  outer loop
    vertex 47.67033386230469 28.61040496826172 0.5176464319229126
    vertex 48.14535903930664 28.531696319580078 9.298324584960938e-06
    vertex 45.878211975097656 29.171096801757812 8.940696716308594e-06
  endloop
endfacet
facet normal 0.0 0.0 0.0
  outer loop
    vertex 47.67033386230469 28.61040496826172 0.5176464319229126
    vertex 45.878211975097656 29.171096801757812 8.940696716308594e-06
    vertex 45.36943054199219 29.218765258789062 0.517646074295044
  endloop
endfacet
facet normal 0.0 0.0 0.0
  outer loop
    vertex 45.36943054199219 29.218765258789062 0.517646074295044
    vertex 45.878211975097656 29.171096801757812 8.940696716308594e-06
    vertex 43.56788635253906 29.63064956665039 8.64267349243164e-06
  endloop
endfacet
facet normal 0.0 0.0 0.0
  outer loop
    vertex 45.36943054199219 29.218765258789062 0.517646074295044
    vertex 43.56788635253906 29.63064956665039 8.64267349243164e-06
    vertex 43.02745819091797 29.64239501953125 0.5176457762718201
  endloop
endfacet
facet normal 0.0 0.0 0.0
  outer loop
    vertex 43.02745819091797 29.64239501953125 0.5176457762718201
    vertex 43.56788635253906 29.63064956665039 8.64267349243164e-06
    vertex 41.22862243652344 29.907520294189453 8.344650268554688e-06
  endloop
endfacet
facet normal 0.0 0.0 0.0
  outer loop
    vertex 43.02745819091797 29.64239501953125 0.5176457762718201
    vertex 41.22862243652344 29.907520294189453 8.344650268554688e-06
    vertex 40.65924072265625 29.878616333007812 0.5176454782485962
  endloop
endfacet
facet normal 0.0 0.0 0.0
  outer loop
    vertex 38.874847412109375 -29.931852340698242 0.5176452398300171
    vertex 27.767745971679688 -29.931852340698242 0.5176437497138977
    vertex 38.874847412109375 -30.0 8.046627044677734e-06
  endloop
endfacet
facet normal 0.0 0.0 0.0
  outer loop
    vertex 38.874847412109375 -30.0 8.046627044677734e-06
    vertex 27.767745971679688 -29.931852340698242 0.5176437497138977
    vertex 16.6606502532959 -29.931852340698242 0.5176422595977783
  endloop
endfacet
facet normal 0.0 0.0 0.0
  outer loop
    vertex 38.874847412109375 -30.0 8.046627044677734e-06
    vertex 16.6606502532959 -29.931852340698242 0.5176422595977783
    vertex 5.553551197052002 -29.931852340698242 0.5176408290863037
  endloop
endfacet
facet normal 0.0 0.0 0.0
  outer loop
    vertex 5.553551197052002 -29.931852340698242 0.5176408290863037
    vertex 16.6606502532959 -29.931852340698242 0.5176422595977783
    vertex 5.553551197052002 -29.7320499420166 1.000003457069397
  endloop
endfacet
facet normal 0.0 0.0 0.0
  outer loop
    vertex 5.553551197052002 -29.931852340698242 0.5176408290863037
    vertex 5.553551197052002 -29.7320499420166 1.000003457069397
    vertex -5.553549289703369 -29.7320499420166 1.0000020265579224
  endloop
endfacet
facet normal 0.0 0.0 0.0
  outer loop
    vertex -5.553549289703369 -29.7320499420166 1.0000020265579224
    vertex 5.553551197052002 -29.7320499420166 1.000003457069397
    vertex -5.553549289703369 -29.414213180541992 1.414215087890625
  endloop
endfacet
facet normal 0.0 0.0 0.0
  outer loop
    vertex -5.553549289703369 -29.7320499420166 1.0000020265579224
    vertex -5.553549289703369 -29.414213180541992 1.414215087890625
    vertex -16.660648345947266 -29.414213180541992 1.4142136573791504
  endloop
endfacet
facet normal 0.0 0.0 0.0
  outer loop
    vertex -16.660648345947266 -29.414213180541992 1.4142136573791504
    vertex -5.553549289703369 -29.414213180541992 1.414215087890625
    vertex -16.660648345947266 -29.0 1.7320504188537598
  endloop
endfacet
facet normal 0.0 0.0 0.0
  outer loop
    vertex -16.660648345947266 -29.414213180541992 1.4142136573791504
    vertex -16.660648345947266 -29.0 1.7320504188537598
    vertex -27.767745971679688 -29.0 1.7320489883422852
  endloop
endfacet
facet normal 0.0 0.0 0.0
  outer loop
    vertex -27.767745971679688 -29.0 1.7320489883422852
    vertex -16.660648345947266 -29.0 1.7320504188537598
    vertex -27.767745971679688 -28.517637252807617 1.9318512678146362
  endloop
endfacet
facet normal 0.0 0.0 0.0
  outer loop
    vertex -27.767745971679688 -29.0 1.7320489883422852
    vertex -27.767745971679688 -28.517637252807617 1.9318512678146362
    vertex -38.874847412109375 -28.517637252807617 1.931849718093872
  endloop
endfacet
facet normal 0.0 0.0 0.0
  outer loop
    vertex -38.874847412109375 -28.517637252807617 1.931849718093872
    vertex -27.767745971679688 -28.517637252807617 1.9318512678146362
    vertex -38.874847412109375 -28.0 1.9999973773956299
  endloop
endfacet
facet normal 0.0 0.0 0.0
  outer loop
    vertex -38.874847412109375 -28.0 1.9999973773956299
    vertex -27.767745971679688 -28.517637252807617 1.9318512678146362
    vertex -16.660648345947266 -28.517637252807617 1.9318528175354004
  endloop
endfacet
facet normal 0.0 0.0 0.0
  outer loop
    vertex -38.874847412109375 -28.0 1.9999973773956299
    vertex -16.660648345947266 -28.517637252807617 1.9318528175354004
    vertex -5.553549289703369 -28.517637252807617 1.931854248046875
  endloop
endfacet
facet normal 0.0 0.0 0.0
  outer loop
    vertex -5.553549289703369 -28.517637252807617 1.931854248046875
    vertex -16.660648345947266 -28.517637252807617 1.9318528175354004
    vertex -5.553549289703369 -29.0 1.7320518493652344
  endloop
endfacet
facet normal 0.0 0.0 0.0
  outer loop
    vertex -5.553549289703369 -28.517637252807617 1.931854248046875
    vertex -5.553549289703369 -29.0 1.7320518493652344
    vertex 5.553551197052002 -29.0 1.732053279876709
  endloop
endfacet
facet normal 0.0 0.0 0.0
  outer loop
    vertex 5.553551197052002 -29.0 1.732053279876709
    vertex -5.553549289703369 -29.0 1.7320518493652344
    vertex 5.553551197052002 -29.414213180541992 1.4142166376113892
  endloop
endfacet
facet normal 0.0 0.0 0.0
  outer loop
    vertex 5.553551197052002 -29.0 1.732053279876709
    vertex 5.553551197052002 -29.414213180541992 1.4142166376113892
    vertex 16.6606502532959 -29.414213180541992 1.4142180681228638
  endloop
endfacet
facet normal 0.0 0.0 0.0
  outer loop
    vertex 16.6606502532959 -29.414213180541992 1.4142180681228638
    vertex 5.553551197052002 -29.414213180541992 1.4142166376113892
    vertex 16.6606502532959 -29.7320499420166 1.0000050067901611
  endloop
endfacet
facet normal 0.0 0.0 0.0
  outer loop
    vertex 16.6606502532959 -29.414213180541992 1.4142180681228638
    vertex 16.6606502532959 -29.7320499420166 1.0000050067901611
    vertex 27.767745971679688 -29.7320499420166 1.0000064373016357
  endloop
endfacet
facet normal 0.0 0.0 0.0
  outer loop
    vertex 27.767745971679688 -29.7320499420166 1.0000064373016357
    vertex 16.6606502532959 -29.7320499420166 1.0000050067901611
    vertex 27.767745971679688 -29.931852340698242 0.5176437497138977
  endloop
endfacet
facet normal 0.0 0.0 0.0
  outer loop
    vertex 27.767745971679688 -29.7320499420166 1.0000064373016357
    vertex 27.767745971679688 -29.931852340698242 0.5176437497138977
    vertex 38.874847412109375 -29.931852340698242 0.5176452398300171
  endloop
endfacet
facet normal 0.0 0.0 0.0
  outer loop
    vertex 38.874847412109375 -29.931852340698242 0.5176452398300171
    vertex 38.874847412109375 -29.7320499420166 1.0000078678131104
    vertex 27.767745971679688 -29.7320499420166 1.0000064373016357
  endloop
endfacet
facet normal 0.0 0.0 0.0
  outer loop
    vertex 27.767745971679688 -29.7320499420166 1.0000064373016357
    vertex 38.874847412109375 -29.7320499420166 1.0000078678131104
    vertex 27.767745971679688 -29.414213180541992 1.414219617843628
  endloop
endfacet
facet normal 0.0 0.0 0.0
  outer loop
    vertex 27.767745971679688 -29.7320499420166 1.0000064373016357
    vertex 27.767745971679688 -29.414213180541992 1.414219617843628
    vertex 16.6606502532959 -29.414213180541992 1.4142180681228638
  endloop
endfacet
facet normal 0.0 0.0 0.0
  outer loop
    vertex 16.6606502532959 -29.414213180541992 1.4142180681228638
    vertex 27.767745971679688 -29.414213180541992 1.414219617843628
    vertex 16.6606502532959 -29.0 1.7320548295974731
  endloop
endfacet
facet normal 0.0 0.0 0.0
  outer loop
    vertex 16.6606502532959 -29.414213180541992 1.4142180681228638
    vertex 16.6606502532959 -29.0 1.7320548295974731
    vertex 5.553551197052002 -29.0 1.732053279876709
  endloop
endfacet
facet normal 0.0 0.0 0.0
  outer loop
    vertex 5.553551197052002 -29.0 1.732053279876709
    vertex 16.6606502532959 -29.0 1.7320548295974731
    vertex 5.553551197052002 -28.517637252807617 1.9318556785583496
  endloop
endfacet
facet normal 0.0 0.0 0.0
  outer loop
    vertex 5.553551197052002 -29.0 1.732053279876709
    vertex 5.553551197052002 -28.517637252807617 1.9318556785583496
    vertex -5.553549289703369 -28.517637252807617 1.931854248046875
  endloop
endfacet
facet normal 0.0 0.0 0.0
  outer loop
    vertex -5.553549289703369 -28.517637252807617 1.931854248046875
    vertex 5.553551197052002 -28.517637252807617 1.9318556785583496
    vertex -38.874847412109375 -28.0 1.9999973773956299
  endloop
endfacet
facet normal 0.0 0.0 0.0
  outer loop
    vertex 38.874847412109375 -29.7320499420166 1.0000078678131104
    vertex 38.874847412109375 -29.414213180541992 1.4142210483551025
    vertex 27.767745971679688 -29.414213180541992 1.414219617843628
  endloop
endfacet
facet normal 0.0 0.0 0.0
  outer loop
    vertex 27.767745971679688 -29.414213180541992 1.414219617843628
    vertex 38.874847412109375 -29.414213180541992 1.4142210483551025
    vertex 27.767745971679688 -29.0 1.7320563793182373
  endloop
endfacet
facet normal 0.0 0.0 0.0
  outer loop
    vertex 27.767745971679688 -29.414213180541992 1.414219617843628
    vertex 27.767745971679688 -29.0 1.7320563793182373
    vertex 16.6606502532959 -29.0 1.7320548295974731
  endloop
endfacet
facet normal 0.0 0.0 0.0
  outer loop
    vertex 16.6606502532959 -29.0 1.7320548295974731
    vertex 27.767745971679688 -29.0 1.7320563793182373
    vertex 16.6606502532959 -28.517637252807617 1.9318571090698242
  endloop
endfacet
facet normal 0.0 0.0 0.0
  outer loop
    vertex 16.6606502532959 -29.0 1.7320548295974731
    vertex 16.6606502532959 -28.517637252807617 1.9318571090698242
    vertex 5.553551197052002 -28.517637252807617 1.9318556785583496
  endloop
endfacet
facet normal 0.0 0.0 0.0
  outer loop
    vertex 5.553551197052002 -28.517637252807617 1.9318556785583496
    vertex 16.6606502532959 -28.517637252807617 1.9318571090698242
    vertex 38.874847412109375 -28.0 2.0000076293945312
  endloop
endfacet
facet normal 0.0 0.0 0.0
  outer loop
    vertex 5.553551197052002 -28.517637252807617 1.9318556785583496
    vertex 38.874847412109375 -28.0 2.0000076293945312
    vertex -38.874847412109375 -28.0 1.9999973773956299
  endloop
endfacet
facet normal 0.0 0.0 0.0
  outer loop
    vertex 38.874847412109375 -29.414213180541992 1.4142210483551025
    vertex 38.874847412109375 -29.0 1.732057809829712
    vertex 27.767745971679688 -29.0 1.7320563793182373
  endloop
endfacet
facet normal 0.0 0.0 0.0
  outer loop
    vertex 27.767745971679688 -29.0 1.7320563793182373
    vertex 38.874847412109375 -29.0 1.732057809829712
    vertex 27.767745971679688 -28.517637252807617 1.9318586587905884
  endloop
endfacet
facet normal 0.0 0.0 0.0
  outer loop
    vertex 27.767745971679688 -29.0 1.7320563793182373
    vertex 27.767745971679688 -28.517637252807617 1.9318586587905884
    vertex 16.6606502532959 -28.517637252807617 1.9318571090698242
  endloop
endfacet
facet normal 0.0 0.0 0.0
  outer loop
    vertex 16.6606502532959 -28.517637252807617 1.9318571090698242
    vertex 27.767745971679688 -28.517637252807617 1.9318586587905884
    vertex 38.874847412109375 -28.0 2.0000076293945312
  endloop
endfacet
facet normal 0.0 0.0 0.0
  outer loop
    vertex 38.874847412109375 -29.0 1.732057809829712
    vertex 38.874847412109375 -28.517637252807617 1.9318602085113525
    vertex 27.767745971679688 -28.517637252807617 1.9318586587905884
  endloop
endfacet
facet normal 0.0 0.0 0.0
  outer loop
    vertex 27.767745971679688 -28.517637252807617 1.9318586587905884
    vertex 38.874847412109375 -28.517637252807617 1.9318602085113525
    vertex 38.874847412109375 -28.0 2.0000076293945312
  endloop
endfacet
facet normal 0.0 0.0 0.0
  outer loop
    vertex -38.874847412109375 -28.517637252807617 1.931849718093872
    vertex -38.874847412109375 -29.0 1.732047438621521
    vertex -27.767745971679688 -29.0 1.7320489883422852
  endloop
endfacet
facet normal 0.0 0.0 0.0
  outer loop
    vertex -27.767745971679688 -29.0 1.7320489883422852
    vertex -38.874847412109375 -29.0 1.732047438621521
    vertex -27.767745971679688 -29.414213180541992 1.4142122268676758
  endloop
endfacet
facet normal 0.0 0.0 0.0
  outer loop
    vertex -27.767745971679688 -29.0 1.7320489883422852
    vertex -27.767745971679688 -29.414213180541992 1.4142122268676758
    vertex -16.660648345947266 -29.414213180541992 1.4142136573791504
  endloop
endfacet
facet normal 0.0 0.0 0.0
  outer loop
    vertex -16.660648345947266 -29.414213180541992 1.4142136573791504
    vertex -27.767745971679688 -29.414213180541992 1.4142122268676758
    vertex -16.660648345947266 -29.7320499420166 1.0000004768371582
  endloop
endfacet
facet normal 0.0 0.0 0.0
  outer loop
    vertex -16.660648345947266 -29.414213180541992 1.4142136573791504
    vertex -16.660648345947266 -29.7320499420166 1.0000004768371582
    vertex -5.553549289703369 -29.7320499420166 1.0000020265579224
  endloop
endfacet
facet normal 0.0 0.0 0.0
  outer loop
    vertex -5.553549289703369 -29.7320499420166 1.0000020265579224
    vertex -16.660648345947266 -29.7320499420166 1.0000004768371582
    vertex -5.553549289703369 -29.931852340698242 0.5176392793655396
  endloop
endfacet
facet normal 0.0 0.0 0.0
  outer loop
    vertex -5.553549289703369 -29.7320499420166 1.0000020265579224
    vertex -5.553549289703369 -29.931852340698242 0.5176392793655396
    vertex 5.553551197052002 -29.931852340698242 0.5176408290863037
  endloop
endfacet
facet normal 0.0 0.0 0.0
  outer loop
    vertex 5.553551197052002 -29.931852340698242 0.5176408290863037
    vertex -5.553549289703369 -29.931852340698242 0.5176392793655396
    vertex 38.874847412109375 -30.0 8.046627044677734e-06
  endloop
endfacet
facet normal 0.0 0.0 0.0
  outer loop
    vertex -38.874847412109375 -29.0 1.732047438621521
    vertex -38.874847412109375 -29.414213180541992 1.4142106771469116
    vertex -27.767745971679688 -29.414213180541992 1.4142122268676758
  endloop
endfacet
facet normal 0.0 0.0 0.0
  outer loop
    vertex -27.767745971679688 -29.414213180541992 1.4142122268676758
    vertex -38.874847412109375 -29.414213180541992 1.4142106771469116
    vertex -27.767745971679688 -29.7320499420166 0.9999990463256836
  endloop
endfacet
facet normal 0.0 0.0 0.0
  outer loop
    vertex -27.767745971679688 -29.414213180541992 1.4142122268676758
    vertex -27.767745971679688 -29.7320499420166 0.9999990463256836
    vertex -16.660648345947266 -29.7320499420166 1.0000004768371582
  endloop
endfacet
facet normal 0.0 0.0 0.0
  outer loop
    vertex -16.660648345947266 -29.7320499420166 1.0000004768371582
    vertex -27.767745971679688 -29.7320499420166 0.9999990463256836
    vertex -16.660648345947266 -29.931852340698242 0.5176378488540649
  endloop
endfacet
facet normal 0.0 0.0 0.0
  outer loop
    vertex -16.660648345947266 -29.7320499420166 1.0000004768371582
    vertex -16.660648345947266 -29.931852340698242 0.5176378488540649
    vertex -5.553549289703369 -29.931852340698242 0.5176392793655396
  endloop
endfacet
facet normal 0.0 0.0 0.0
  outer loop
    vertex -5.553549289703369 -29.931852340698242 0.5176392793655396
    vertex -16.660648345947266 -29.931852340698242 0.5176378488540649
    vertex -38.874847412109375 -30.0 -2.2649765014648438e-06
  endloop
endfacet
facet normal 0.0 0.0 0.0
  outer loop
    vertex -5.553549289703369 -29.931852340698242 0.5176392793655396
    vertex -38.874847412109375 -30.0 -2.2649765014648438e-06
    vertex 38.874847412109375 -30.0 8.046627044677734e-06
  endloop
endfacet
facet normal 0.0 0.0 0.0
  outer loop
    vertex -38.874847412109375 -29.414213180541992 1.4142106771469116
    vertex -38.874847412109375 -29.7320499420166 0.9999975562095642
    vertex -27.767745971679688 -29.7320499420166 0.9999990463256836
  endloop
endfacet
facet normal 0.0 0.0 0.0
  outer loop
    vertex -27.767745971679688 -29.7320499420166 0.9999990463256836
    vertex -38.874847412109375 -29.7320499420166 0.9999975562095642
    vertex -27.767745971679688 -29.931852340698242 0.5176363587379456
  endloop
endfacet
facet normal 0.0 0.0 0.0
  outer loop
    vertex -27.767745971679688 -29.7320499420166 0.9999990463256836
    vertex -27.767745971679688 -29.931852340698242 0.5176363587379456
    vertex -16.660648345947266 -29.931852340698242 0.5176378488540649
  endloop
endfacet
facet normal 0.0 0.0 0.0
  outer loop
    vertex -16.660648345947266 -29.931852340698242 0.5176378488540649
    vertex -27.767745971679688 -29.931852340698242 0.5176363587379456
    vertex -38.874847412109375 -30.0 -2.2649765014648438e-06
  endloop
endfacet
facet normal 0.0 0.0 0.0
  outer loop
    vertex -38.874847412109375 -29.7320499420166 0.9999975562095642
    vertex -38.874847412109375 -29.931852340698242 0.5176348686218262
    vertex -27.767745971679688 -29.931852340698242 0.5176363587379456
  endloop
endfacet
facet normal 0.0 0.0 0.0
  outer loop
    vertex -27.767745971679688 -29.931852340698242 0.5176363587379456
    vertex -38.874847412109375 -29.931852340698242 0.5176348686218262
    vertex -38.874847412109375 -30.0 -2.2649765014648438e-06
  endloop
endfacet
facet normal 0.0 0.0 0.0
  outer loop
    vertex 5.553551197052002 -29.7320499420166 1.000003457069397
    vertex 16.6606502532959 -29.931852340698242 0.5176422595977783
    vertex 16.6606502532959 -29.7320499420166 1.0000050067901611
  endloop
endfacet
facet normal 0.0 0.0 0.0
  outer loop
    vertex 16.6606502532959 -29.7320499420166 1.0000050067901611
    vertex 16.6606502532959 -29.931852340698242 0.5176422595977783
    vertex 27.767745971679688 -29.931852340698242 0.5176437497138977
  endloop
endfacet
facet normal 0.0 0.0 0.0
  outer loop
    vertex -5.553549289703369 -29.414213180541992 1.414215087890625
    vertex 5.553551197052002 -29.7320499420166 1.000003457069397
    vertex 5.553551197052002 -29.414213180541992 1.4142166376113892
  endloop
endfacet
facet normal 0.0 0.0 0.0
  outer loop
    vertex 5.553551197052002 -29.414213180541992 1.4142166376113892
    vertex 5.553551197052002 -29.7320499420166 1.000003457069397
    vertex 16.6606502532959 -29.7320499420166 1.0000050067901611
  endloop
endfacet
facet normal 0.0 0.0 0.0
  outer loop
    vertex -16.660648345947266 -29.0 1.7320504188537598
    vertex -5.553549289703369 -29.414213180541992 1.414215087890625
    vertex -5.553549289703369 -29.0 1.7320518493652344
  endloop
endfacet
facet normal 0.0 0.0 0.0
  outer loop
    vertex -5.553549289703369 -29.0 1.7320518493652344
    vertex -5.553549289703369 -29.414213180541992 1.414215087890625
    vertex 5.553551197052002 -29.414213180541992 1.4142166376113892
  endloop
endfacet
facet normal 0.0 0.0 0.0
  outer loop
    vertex -27.767745971679688 -28.517637252807617 1.9318512678146362
    vertex -16.660648345947266 -29.0 1.7320504188537598
    vertex -16.660648345947266 -28.517637252807617 1.9318528175354004
  endloop
endfacet
facet normal 0.0 0.0 0.0
  outer loop
    vertex -16.660648345947266 -28.517637252807617 1.9318528175354004
    vertex -16.660648345947266 -29.0 1.7320504188537598
    vertex -5.553549289703369 -29.0 1.7320518493652344
  endloop
endfacet
facet normal 0.0 0.0 0.0
  outer loop
    vertex -4.085035800933838 -21.347047805786133 2.000002145767212
    vertex 4.0853352546691895 -21.347047805786133 2.0000033378601074
    vertex -3.999850273132324 -20.700000762939453 2.000002145767212
  endloop
endfacet
facet normal 0.0 0.0 0.0
  outer loop
    vertex -3.999850273132324 -20.700000762939453 2.000002145767212
    vertex 4.0853352546691895 -21.347047805786133 2.0000033378601074
    vertex 4.000149250030518 -20.700000762939453 2.0000030994415283
  endloop
endfacet
facet normal 0.0 0.0 0.0
  outer loop
    vertex -3.999850273132324 -20.700000762939453 2.000002145767212
    vertex 4.000149250030518 -20.700000762939453 2.0000030994415283
    vertex -4.085035800933838 -20.05295181274414 2.000002145767212
  endloop
endfacet
facet normal 0.0 0.0 0.0
  outer loop
    vertex -4.085035800933838 -20.05295181274414 2.000002145767212
    vertex 4.000149250030518 -20.700000762939453 2.0000030994415283
    vertex 4.0853352546691895 -20.05295181274414 2.0000033378601074
  endloop
endfacet
facet normal 0.0 0.0 0.0
  outer loop
    vertex -4.085035800933838 -20.05295181274414 2.000002145767212
    vertex 4.0853352546691895 -20.05295181274414 2.0000033378601074
    vertex -4.334787845611572 -19.450000762939453 2.000001907348633
  endloop
endfacet
facet normal 0.0 0.0 0.0
  outer loop
    vertex -4.334787845611572 -19.450000762939453 2.000001907348633
    vertex 4.0853352546691895 -20.05295181274414 2.0000033378601074
    vertex 4.335087299346924 -19.450000762939453 2.0000033378601074
  endloop
endfacet
facet normal 0.0 0.0 0.0
  outer loop
    vertex -4.334787845611572 -19.450000762939453 2.000001907348633
    vertex 4.335087299346924 -19.450000762939453 2.0000033378601074
    vertex -4.732080936431885 -18.932233810424805 2.000001907348633
  endloop
endfacet
facet normal 0.0 0.0 0.0
  outer loop
    vertex -4.732080936431885 -18.932233810424805 2.000001907348633
    vertex 4.335087299346924 -19.450000762939453 2.0000033378601074
    vertex 4.732380390167236 -18.932233810424805 2.0000033378601074
  endloop
endfacet
facet normal 0.0 0.0 0.0
  outer loop
    vertex -4.732080936431885 -18.932233810424805 2.000001907348633
    vertex 4.732380390167236 -18.932233810424805 2.0000033378601074
    vertex -5.249849796295166 -18.534936904907227 2.000001907348633
  endloop
endfacet
facet normal 0.0 0.0 0.0
  outer loop
    vertex -5.249849796295166 -18.534936904907227 2.000001907348633
    vertex 4.732380390167236 -18.932233810424805 2.0000033378601074
    vertex 5.250149250030518 -18.534936904907227 2.0000033378601074
  endloop
endfacet
facet normal 0.0 0.0 0.0
  outer loop
    vertex -5.249849796295166 -18.534936904907227 2.000001907348633
    vertex 5.250149250030518 -18.534936904907227 2.0000033378601074
    vertex -5.8528008460998535 -18.285184860229492 2.000001907348633
  endloop
endfacet
facet normal 0.0 0.0 0.0
  outer loop
    vertex -5.8528008460998535 -18.285184860229492 2.000001907348633
    vertex 5.250149250030518 -18.534936904907227 2.0000033378601074
    vertex 5.853100299835205 -18.285184860229492 2.0000033378601074
  endloop
endfacet
facet normal 0.0 0.0 0.0
  outer loop
    vertex -5.8528008460998535 -18.285184860229492 2.000001907348633
    vertex 5.853100299835205 -18.285184860229492 2.0000033378601074
    vertex -6.499849319458008 -18.200000762939453 2.0000016689300537
  endloop
endfacet
facet normal 0.0 0.0 0.0
  outer loop
    vertex -6.499849319458008 -18.200000762939453 2.0000016689300537
    vertex 5.853100299835205 -18.285184860229492 2.0000033378601074
    vertex 6.500148773193359 -18.200000762939453 2.0000033378601074
  endloop
endfacet
facet normal 0.0 0.0 0.0
  outer loop
    vertex -6.499849319458008 -18.200000762939453 2.0000016689300537
    vertex 6.500148773193359 -18.200000762939453 2.0000033378601074
    vertex 0.00014936442312318832 4.0 2.00000262260437
  endloop
endfacet
facet normal 0.0 0.0 0.0
  outer loop
    vertex 0.00014936442312318832 4.0 2.00000262260437
    vertex 6.500148773193359 -18.200000762939453 2.0000033378601074
    vertex 1.0420384407043457 4.091153621673584 2.000002861022949
  endloop
endfacet
facet normal 0.0 0.0 0.0
  outer loop
    vertex 1.0420384407043457 4.091153621673584 2.000002861022949
    vertex 6.500148773193359 -18.200000762939453 2.0000033378601074
    vertex 7.147197723388672 -18.285184860229492 2.0000035762786865
  endloop
endfacet
facet normal 0.0 0.0 0.0
  outer loop
    vertex 1.0420384407043457 4.091153621673584 2.000002861022949
    vertex 7.147197723388672 -18.285184860229492 2.0000035762786865
    vertex 2.052269220352173 4.361844062805176 2.000002861022949
  endloop
endfacet
facet normal 0.0 0.0 0.0
  outer loop
    vertex 2.052269220352173 4.361844062805176 2.000002861022949
    vertex 7.147197723388672 -18.285184860229492 2.0000035762786865
    vertex 65.76935577392578 -7.790089130401611 2.000011444091797
  endloop
endfacet
facet normal 0.0 0.0 0.0
  outer loop
    vertex 2.052269220352173 4.361844062805176 2.000002861022949
    vertex 65.76935577392578 -7.790089130401611 2.000011444091797
    vertex 3.0001487731933594 4.803847789764404 2.000002861022949
  endloop
endfacet
facet normal 0.0 0.0 0.0
  outer loop
    vertex 3.0001487731933594 4.803847789764404 2.000002861022949
    vertex 65.76935577392578 -7.790089130401611 2.000011444091797
    vertex 66.3089828491211 -5.600719451904297 2.000011444091797
  endloop
endfacet
facet normal 0.0 0.0 0.0
  outer loop
    vertex 3.0001487731933594 4.803847789764404 2.000002861022949
    vertex 66.3089828491211 -5.600719451904297 2.000011444091797
    vertex 66.67069244384766 -3.3750269412994385 2.000011444091797
  endloop
endfacet
facet normal 0.0 0.0 0.0
  outer loop
    vertex 4.0853352546691895 -21.347047805786133 2.0000033378601074
    vertex -4.085035800933838 -21.347047805786133 2.000002145767212
    vertex 4.335087299346924 -21.950000762939453 2.0000033378601074
  endloop
endfacet
facet normal 0.0 0.0 0.0
  outer loop
    vertex 4.335087299346924 -21.950000762939453 2.0000033378601074
    vertex -4.085035800933838 -21.347047805786133 2.000002145767212
    vertex -4.334787845611572 -21.950000762939453 2.000001907348633
  endloop
endfacet
facet normal 0.0 0.0 0.0
  outer loop
    vertex 4.335087299346924 -21.950000762939453 2.0000033378601074
    vertex -4.334787845611572 -21.950000762939453 2.000001907348633
    vertex 4.732380390167236 -22.4677677154541 2.0000033378601074
  endloop
endfacet
facet normal 0.0 0.0 0.0
  outer loop
    vertex 4.732380390167236 -22.4677677154541 2.0000033378601074
    vertex -4.334787845611572 -21.950000762939453 2.000001907348633
    vertex -4.732080936431885 -22.4677677154541 2.000001907348633
  endloop
endfacet
facet normal 0.0 0.0 0.0
  outer loop
    vertex 4.732380390167236 -22.4677677154541 2.0000033378601074
    vertex -4.732080936431885 -22.4677677154541 2.000001907348633
    vertex 5.250149250030518 -22.865062713623047 2.0000033378601074
  endloop
endfacet
facet normal 0.0 0.0 0.0
  outer loop
    vertex 5.250149250030518 -22.865062713623047 2.0000033378601074
    vertex -4.732080936431885 -22.4677677154541 2.000001907348633
    vertex -5.249849796295166 -22.865062713623047 2.000001907348633
  endloop
endfacet
facet normal 0.0 0.0 0.0
  outer loop
    vertex 5.250149250030518 -22.865062713623047 2.0000033378601074
    vertex -5.249849796295166 -22.865062713623047 2.000001907348633
    vertex 5.853100299835205 -23.11481475830078 2.0000033378601074
  endloop
endfacet
facet normal 0.0 0.0 0.0
  outer loop
    vertex 5.853100299835205 -23.11481475830078 2.0000033378601074
    vertex -5.249849796295166 -22.865062713623047 2.000001907348633
    vertex -5.8528008460998535 -23.11481475830078 2.000001907348633
  endloop
endfacet
facet normal 0.0 0.0 0.0
  outer loop
    vertex 5.853100299835205 -23.11481475830078 2.0000033378601074
    vertex -5.8528008460998535 -23.11481475830078 2.000001907348633
    vertex 6.500148773193359 -23.200000762939453 2.0000033378601074
  endloop
endfacet
facet normal 0.0 0.0 0.0
  outer loop
    vertex 6.500148773193359 -23.200000762939453 2.0000033378601074
    vertex -5.8528008460998535 -23.11481475830078 2.000001907348633
    vertex -6.499849319458008 -23.200000762939453 2.0000016689300537
  endloop
endfacet
facet normal 0.0 0.0 0.0
  outer loop
    vertex 6.500148773193359 -23.200000762939453 2.0000033378601074
    vertex -6.499849319458008 -23.200000762939453 2.0000016689300537
    vertex 38.874847412109375 -28.0 2.0000076293945312
  endloop
endfacet
facet normal 0.0 0.0 0.0
  outer loop
    vertex 38.874847412109375 -28.0 2.0000076293945312
    vertex -6.499849319458008 -23.200000762939453 2.0000016689300537
    vertex -38.874847412109375 -28.0 1.9999973773956299
  endloop
endfacet
facet normal 0.0 0.0 0.0
  outer loop
    vertex -38.874847412109375 -28.0 1.9999973773956299
    vertex -6.499849319458008 -23.200000762939453 2.0000016689300537
    vertex -7.1468963623046875 -23.11481475830078 2.0000016689300537
  endloop
endfacet
facet normal 0.0 0.0 0.0
  outer loop
    vertex -38.874847412109375 -28.0 1.9999973773956299
    vertex -7.1468963623046875 -23.11481475830078 2.0000016689300537
    vertex -7.749849319458008 -22.865062713623047 2.0000016689300537
  endloop
endfacet
facet normal 0.0 0.0 0.0
  outer loop
    vertex -7.749849319458008 -22.865062713623047 2.0000016689300537
    vertex -8.267616271972656 -22.4677677154541 2.0000014305114746
    vertex -38.874847412109375 -28.0 1.9999973773956299
  endloop
endfacet
facet normal 0.0 0.0 0.0
  outer loop
    vertex -38.874847412109375 -28.0 1.9999973773956299
    vertex -8.267616271972656 -22.4677677154541 2.0000014305114746
    vertex -8.664913177490234 -21.950000762939453 2.0000014305114746
  endloop
endfacet
facet normal 0.0 0.0 0.0
  outer loop
    vertex -38.874847412109375 -28.0 1.9999973773956299
    vertex -8.664913177490234 -21.950000762939453 2.0000014305114746
    vertex -8.914663314819336 -21.347047805786133 2.0000014305114746
  endloop
endfacet
facet normal 0.0 0.0 0.0
  outer loop
    vertex -8.914663314819336 -21.347047805786133 2.0000014305114746
    vertex -8.999849319458008 -20.700000762939453 2.0000014305114746
    vertex -38.874847412109375 -28.0 1.9999973773956299
  endloop
endfacet
facet normal 0.0 0.0 0.0
  outer loop
    vertex -38.874847412109375 -28.0 1.9999973773956299
    vertex -8.999849319458008 -20.700000762939453 2.0000014305114746
    vertex -8.914663314819336 -20.05295181274414 2.0000014305114746
  endloop
endfacet
facet normal 0.0 0.0 0.0
  outer loop
    vertex -38.874847412109375 -28.0 1.9999973773956299
    vertex -8.914663314819336 -20.05295181274414 2.0000014305114746
    vertex -8.664913177490234 -19.450000762939453 2.0000014305114746
  endloop
endfacet
facet normal 0.0 0.0 0.0
  outer loop
    vertex -8.267616271972656 -18.932233810424805 2.0000014305114746
    vertex -57.44227600097656 -20.958301544189453 1.9999949932098389
    vertex -8.664913177490234 -19.450000762939453 2.0000014305114746
  endloop
endfacet
facet normal 0.0 0.0 0.0
  outer loop
    vertex -8.664913177490234 -19.450000762939453 2.0000014305114746
    vertex -57.44227600097656 -20.958301544189453 1.9999949932098389
    vertex -55.69562530517578 -22.384397506713867 1.999995231628418
  endloop
endfacet
facet normal 0.0 0.0 0.0
  outer loop
    vertex -8.664913177490234 -19.450000762939453 2.0000014305114746
    vertex -55.69562530517578 -22.384397506713867 1.999995231628418
    vertex -53.83988571166992 -23.66532325744629 1.999995470046997
  endloop
endfacet
facet normal 0.0 0.0 0.0
  outer loop
    vertex -7.749849319458008 -18.534936904907227 2.0000016689300537
    vertex -38.0403938293457 -3.655979633331299 1.999997615814209
    vertex -8.267616271972656 -18.932233810424805 2.0000014305114746
  endloop
endfacet
facet normal 0.0 0.0 0.0
  outer loop
    vertex -8.267616271972656 -18.932233810424805 2.0000014305114746
    vertex -38.0403938293457 -3.655979633331299 1.999997615814209
    vertex -38.874847412109375 -3.75 1.9999973773956299
  endloop
endfacet
facet normal 0.0 0.0 0.0
  outer loop
    vertex -8.267616271972656 -18.932233810424805 2.0000014305114746
    vertex -38.874847412109375 -3.75 1.9999973773956299
    vertex -59.068511962890625 -19.396282196044922 1.9999947547912598
  endloop
endfacet
facet normal 0.0 0.0 0.0
  outer loop
    vertex -59.068511962890625 -19.396282196044922 1.9999947547912598
    vertex -38.874847412109375 -3.75 1.9999973773956299
    vertex -60.56378173828125 -17.708471298217773 1.9999945163726807
  endloop
endfacet
facet normal 0.0 0.0 0.0
  outer loop
    vertex -60.56378173828125 -17.708471298217773 1.9999945163726807
    vertex -38.874847412109375 -3.75 1.9999973773956299
    vertex -61.918392181396484 -15.905813217163086 1.9999943971633911
  endloop
endfacet
facet normal 0.0 0.0 0.0
  outer loop
    vertex -61.918392181396484 -15.905813217163086 1.9999943971633911
    vertex -38.874847412109375 -3.75 1.9999973773956299
    vertex -63.12355422973633 -14.0 1.9999942779541016
  endloop
endfacet
facet normal 0.0 0.0 0.0
  outer loop
    vertex -63.12355422973633 -14.0 1.9999942779541016
    vertex -38.874847412109375 -3.75 1.9999973773956299
    vertex -39.70930099487305 -3.655979633331299 1.9999973773956299
  endloop
endfacet
facet normal 0.0 0.0 0.0
  outer loop
    vertex -63.12355422973633 -14.0 1.9999942779541016
    vertex -39.70930099487305 -3.655979633331299 1.9999973773956299
    vertex -64.17145538330078 -12.00339126586914 1.9999940395355225
  endloop
endfacet
facet normal 0.0 0.0 0.0
  outer loop
    vertex -64.17145538330078 -12.00339126586914 1.9999940395355225
    vertex -39.70930099487305 -3.655979633331299 1.9999973773956299
    vertex -65.0552978515625 -9.928936958312988 1.9999940395355225
  endloop
endfacet
facet normal 0.0 0.0 0.0
  outer loop
    vertex -65.0552978515625 -9.928936958312988 1.9999940395355225
    vertex -39.70930099487305 -3.655979633331299 1.9999973773956299
    vertex -40.50191116333008 -3.3786332607269287 1.9999972581863403
  endloop
endfacet
facet normal 0.0 0.0 0.0
  outer loop
    vertex -65.0552978515625 -9.928936958312988 1.9999940395355225
    vertex -40.50191116333008 -3.3786332607269287 1.9999972581863403
    vertex -65.76934814453125 -7.790089130401611 1.9999938011169434
  endloop
endfacet
facet normal 0.0 0.0 0.0
  outer loop
    vertex -65.76934814453125 -7.790089130401611 1.9999938011169434
    vertex -40.50191116333008 -3.3786332607269287 1.9999972581863403
    vertex -41.21293258666992 -2.931868076324463 1.9999971389770508
  endloop
endfacet
facet normal 0.0 0.0 0.0
  outer loop
    vertex -65.76934814453125 -7.790089130401611 1.9999938011169434
    vertex -41.21293258666992 -2.931868076324463 1.9999971389770508
    vertex -66.3089828491211 -5.600719451904297 1.9999938011169434
  endloop
endfacet
facet normal 0.0 0.0 0.0
  outer loop
    vertex -66.3089828491211 -5.600719451904297 1.9999938011169434
    vertex -41.21293258666992 -2.931868076324463 1.9999971389770508
    vertex -41.80671691894531 -2.3380868434906006 1.9999971389770508
  endloop
endfacet
facet normal 0.0 0.0 0.0
  outer loop
    vertex -66.3089828491211 -5.600719451904297 1.9999938011169434
    vertex -41.80671691894531 -2.3380868434906006 1.9999971389770508
    vertex -66.67069244384766 -3.3750269412994385 1.9999938011169434
  endloop
endfacet
facet normal 0.0 0.0 0.0
  outer loop
    vertex -66.67069244384766 -3.3750269412994385 1.9999938011169434
    vertex -41.80671691894531 -2.3380868434906006 1.9999971389770508
    vertex -42.25347900390625 -1.6270639896392822 1.9999970197677612
  endloop
endfacet
facet normal 0.0 0.0 0.0
  outer loop
    vertex -66.67069244384766 -3.3750269412994385 1.9999938011169434
    vertex -42.25347900390625 -1.6270639896392822 1.9999970197677612
    vertex -66.85213470458984 -1.1274462938308716 1.9999938011169434
  endloop
endfacet
facet normal 0.0 0.0 0.0
  outer loop
    vertex -66.85213470458984 -1.1274462938308716 1.9999938011169434
    vertex -42.25347900390625 -1.6270639896392822 1.9999970197677612
    vertex -42.530826568603516 -0.8344535231590271 1.9999969005584717
  endloop
endfacet
facet normal 0.0 0.0 0.0
  outer loop
    vertex -66.85213470458984 -1.1274462938308716 1.9999938011169434
    vertex -42.530826568603516 -0.8344535231590271 1.9999969005584717
    vertex -42.624847412109375 -0.0 1.9999969005584717
  endloop
endfacet
facet normal 0.0 0.0 0.0
  outer loop
    vertex -7.749849319458008 -18.534936904907227 2.0000016689300537
    vertex -7.1468963623046875 -18.285184860229492 2.0000016689300537
    vertex -38.0403938293457 -3.655979633331299 1.999997615814209
  endloop
endfacet
facet normal 0.0 0.0 0.0
  outer loop
    vertex -38.0403938293457 -3.655979633331299 1.999997615814209
    vertex -7.1468963623046875 -18.285184860229492 2.0000016689300537
    vertex -37.24778366088867 -3.3786332607269287 1.999997615814209
  endloop
endfacet
facet normal 0.0 0.0 0.0
  outer loop
    vertex -37.24778366088867 -3.3786332607269287 1.999997615814209
    vertex -7.1468963623046875 -18.285184860229492 2.0000016689300537
    vertex -36.53676223754883 -2.931868076324463 1.9999977350234985
  endloop
endfacet
facet normal 0.0 0.0 0.0
  outer loop
    vertex -36.53676223754883 -2.931868076324463 1.9999977350234985
    vertex -7.1468963623046875 -18.285184860229492 2.0000016689300537
    vertex -6.499849319458008 -18.200000762939453 2.0000016689300537
  endloop
endfacet
facet normal 0.0 0.0 0.0
  outer loop
    vertex -36.53676223754883 -2.931868076324463 1.9999977350234985
    vertex -6.499849319458008 -18.200000762939453 2.0000016689300537
    vertex -35.94297790527344 -2.3380868434906006 1.999997854232788
  endloop
endfacet
facet normal 0.0 0.0 0.0
  outer loop
    vertex -35.94297790527344 -2.3380868434906006 1.999997854232788
    vertex -6.499849319458008 -18.200000762939453 2.0000016689300537
    vertex -1.0417397022247314 4.091153621673584 2.000002384185791
  endloop
endfacet
facet normal 0.0 0.0 0.0
  outer loop
    vertex -35.94297790527344 -2.3380868434906006 1.999997854232788
    vertex -1.0417397022247314 4.091153621673584 2.000002384185791
    vertex -35.4962158203125 -1.6270639896392822 1.999997854232788
  endloop
endfacet
facet normal 0.0 0.0 0.0
  outer loop
    vertex -35.4962158203125 -1.6270639896392822 1.999997854232788
    vertex -1.0417397022247314 4.091153621673584 2.000002384185791
    vertex -2.0519707202911377 4.361844062805176 2.000002384185791
  endloop
endfacet
facet normal 0.0 0.0 0.0
  outer loop
    vertex -35.4962158203125 -1.6270639896392822 1.999997854232788
    vertex -2.0519707202911377 4.361844062805176 2.000002384185791
    vertex -35.218868255615234 -0.8344535231590271 1.999997854232788
  endloop
endfacet
facet normal 0.0 0.0 0.0
  outer loop
    vertex -35.218868255615234 -0.8344535231590271 1.999997854232788
    vertex -2.0519707202911377 4.361844062805176 2.000002384185791
    vertex -35.124847412109375 -4.592425233973236e-16 1.9999979734420776
  endloop
endfacet
facet normal 0.0 0.0 0.0
  outer loop
    vertex -35.124847412109375 -4.592425233973236e-16 1.9999979734420776
    vertex -2.0519707202911377 4.361844062805176 2.000002384185791
    vertex -2.9998505115509033 4.803847789764404 2.000002145767212
  endloop
endfacet
facet normal 0.0 0.0 0.0
  outer loop
    vertex -35.124847412109375 -4.592425233973236e-16 1.9999979734420776
    vertex -2.9998505115509033 4.803847789764404 2.000002145767212
    vertex -35.218868255615234 0.8344535231590271 1.999997854232788
  endloop
endfacet
facet normal 0.0 0.0 0.0
  outer loop
    vertex -35.218868255615234 0.8344535231590271 1.999997854232788
    vertex -2.9998505115509033 4.803847789764404 2.000002145767212
    vertex -3.856574058532715 5.403733253479004 2.000002145767212
  endloop
endfacet
facet normal 0.0 0.0 0.0
  outer loop
    vertex -35.218868255615234 0.8344535231590271 1.999997854232788
    vertex -3.856574058532715 5.403733253479004 2.000002145767212
    vertex -35.4962158203125 1.6270639896392822 1.999997854232788
  endloop
endfacet
facet normal 0.0 0.0 0.0
  outer loop
    vertex -35.4962158203125 1.6270639896392822 1.999997854232788
    vertex -3.856574058532715 5.403733253479004 2.000002145767212
    vertex -4.5961174964904785 6.143274307250977 2.000001907348633
  endloop
endfacet
facet normal 0.0 0.0 0.0
  outer loop
    vertex -35.4962158203125 1.6270639896392822 1.999997854232788
    vertex -4.5961174964904785 6.143274307250977 2.000001907348633
    vertex -35.94297790527344 2.3380868434906006 1.999997854232788
  endloop
endfacet
facet normal 0.0 0.0 0.0
  outer loop
    vertex -35.94297790527344 2.3380868434906006 1.999997854232788
    vertex -4.5961174964904785 6.143274307250977 2.000001907348633
    vertex -5.1960015296936035 7.0 2.000001907348633
  endloop
endfacet
facet normal 0.0 0.0 0.0
  outer loop
    vertex -35.94297790527344 2.3380868434906006 1.999997854232788
    vertex -5.1960015296936035 7.0 2.000001907348633
    vertex -36.53676223754883 2.931868076324463 1.9999977350234985
  endloop
endfacet
facet normal 0.0 0.0 0.0
  outer loop
    vertex -36.53676223754883 2.931868076324463 1.9999977350234985
    vertex -5.1960015296936035 7.0 2.000001907348633
    vertex -5.638006687164307 7.947879314422607 2.000001907348633
  endloop
endfacet
facet normal 0.0 0.0 0.0
  outer loop
    vertex -36.53676223754883 2.931868076324463 1.9999977350234985
    vertex -5.638006687164307 7.947879314422607 2.000001907348633
    vertex -37.24778366088867 3.3786332607269287 1.999997615814209
  endloop
endfacet
facet normal 0.0 0.0 0.0
  outer loop
    vertex -37.24778366088867 3.3786332607269287 1.999997615814209
    vertex -5.638006687164307 7.947879314422607 2.000001907348633
    vertex -5.908697605133057 8.958110809326172 2.000001907348633
  endloop
endfacet
facet normal 0.0 0.0 0.0
  outer loop
    vertex -37.24778366088867 3.3786332607269287 1.999997615814209
    vertex -5.908697605133057 8.958110809326172 2.000001907348633
    vertex -5.999849796295166 10.0 2.000001907348633
  endloop
endfacet
facet normal 0.0 0.0 0.0
  outer loop
    vertex 8.914962768554688 21.347047805786133 2.0000038146972656
    vertex 9.00014877319336 20.700000762939453 2.0000038146972656
    vertex 38.874847412109375 28.0 2.0000076293945312
  endloop
endfacet
facet normal 0.0 0.0 0.0
  outer loop
    vertex 38.874847412109375 28.0 2.0000076293945312
    vertex 9.00014877319336 20.700000762939453 2.0000038146972656
    vertex 8.914962768554688 20.05295181274414 2.0000038146972656
  endloop
endfacet
facet normal 0.0 0.0 0.0
  outer loop
    vertex 38.874847412109375 28.0 2.0000076293945312
    vertex 8.914962768554688 20.05295181274414 2.0000038146972656
    vertex 8.665210723876953 19.450000762939453 2.0000038146972656
  endloop
endfacet
facet normal 0.0 0.0 0.0
  outer loop
    vertex 8.26791763305664 18.932233810424805 2.0000038146972656
    vertex 57.44227981567383 20.958301544189453 2.0000102519989014
    vertex 8.665210723876953 19.450000762939453 2.0000038146972656
  endloop
endfacet
facet normal 0.0 0.0 0.0
  outer loop
    vertex 8.665210723876953 19.450000762939453 2.0000038146972656
    vertex 57.44227981567383 20.958301544189453 2.0000102519989014
    vertex 55.69562911987305 22.384397506713867 2.0000100135803223
  endloop
endfacet
facet normal 0.0 0.0 0.0
  outer loop
    vertex 8.665210723876953 19.450000762939453 2.0000038146972656
    vertex 55.69562911987305 22.384397506713867 2.0000100135803223
    vertex 53.83988571166992 23.66532325744629 2.000009775161743
  endloop
endfacet
facet normal 0.0 0.0 0.0
  outer loop
    vertex 7.750148773193359 18.534936904907227 2.0000038146972656
    vertex 5.638306140899658 12.05212116241455 2.0000033378601074
    vertex 8.26791763305664 18.932233810424805 2.0000038146972656
  endloop
endfacet
facet normal 0.0 0.0 0.0
  outer loop
    vertex 8.26791763305664 18.932233810424805 2.0000038146972656
    vertex 5.638306140899658 12.05212116241455 2.0000033378601074
    vertex 60.563785552978516 17.708471298217773 2.0000107288360596
  endloop
endfacet
facet normal 0.0 0.0 0.0
  outer loop
    vertex 8.26791763305664 18.932233810424805 2.0000038146972656
    vertex 60.563785552978516 17.708471298217773 2.0000107288360596
    vertex 59.06851577758789 19.396282196044922 2.0000104904174805
  endloop
endfacet
facet normal 0.0 0.0 0.0
  outer loop
    vertex 7.147197723388672 18.285184860229492 2.0000035762786865
    vertex 4.59641695022583 13.856725692749023 2.0000033378601074
    vertex 7.750148773193359 18.534936904907227 2.0000038146972656
  endloop
endfacet
facet normal 0.0 0.0 0.0
  outer loop
    vertex 7.750148773193359 18.534936904907227 2.0000038146972656
    vertex 4.59641695022583 13.856725692749023 2.0000033378601074
    vertex 5.196300983428955 13.0 2.0000033378601074
  endloop
endfacet
facet normal 0.0 0.0 0.0
  outer loop
    vertex 7.750148773193359 18.534936904907227 2.0000038146972656
    vertex 5.196300983428955 13.0 2.0000033378601074
    vertex 5.638306140899658 12.05212116241455 2.0000033378601074
  endloop
endfacet
facet normal 0.0 0.0 0.0
  outer loop
    vertex 4.59641695022583 13.856725692749023 2.0000033378601074
    vertex 7.147197723388672 18.285184860229492 2.0000035762786865
    vertex 3.85687255859375 14.596266746520996 2.0000030994415283
  endloop
endfacet
facet normal 0.0 0.0 0.0
  outer loop
    vertex 3.85687255859375 14.596266746520996 2.0000030994415283
    vertex 7.147197723388672 18.285184860229492 2.0000035762786865
    vertex 6.500148773193359 18.200000762939453 2.0000033378601074
  endloop
endfacet
facet normal 0.0 0.0 0.0
  outer loop
    vertex 3.85687255859375 14.596266746520996 2.0000030994415283
    vertex 6.500148773193359 18.200000762939453 2.0000033378601074
    vertex 3.0001487731933594 15.196152687072754 2.000002861022949
  endloop
endfacet
facet normal 0.0 0.0 0.0
  outer loop
    vertex 3.0001487731933594 15.196152687072754 2.000002861022949
    vertex 6.500148773193359 18.200000762939453 2.0000033378601074
    vertex 2.052269220352173 15.638155937194824 2.000002861022949
  endloop
endfacet
facet normal 0.0 0.0 0.0
  outer loop
    vertex 2.052269220352173 15.638155937194824 2.000002861022949
    vertex 6.500148773193359 18.200000762939453 2.0000033378601074
    vertex 5.853100299835205 18.285184860229492 2.0000033378601074
  endloop
endfacet
facet normal 0.0 0.0 0.0
  outer loop
    vertex 2.052269220352173 15.638155937194824 2.000002861022949
    vertex 5.853100299835205 18.285184860229492 2.0000033378601074
    vertex 1.0420384407043457 15.908846855163574 2.000002861022949
  endloop
endfacet
facet normal 0.0 0.0 0.0
  outer loop
    vertex 1.0420384407043457 15.908846855163574 2.000002861022949
    vertex 5.853100299835205 18.285184860229492 2.0000033378601074
    vertex 5.250149250030518 18.534936904907227 2.0000033378601074
  endloop
endfacet
facet normal 0.0 0.0 0.0
  outer loop
    vertex 1.0420384407043457 15.908846855163574 2.000002861022949
    vertex 5.250149250030518 18.534936904907227 2.0000033378601074
    vertex 0.00014936442312318832 16.0 2.00000262260437
  endloop
endfacet
facet normal 0.0 0.0 0.0
  outer loop
    vertex 0.00014936442312318832 16.0 2.00000262260437
    vertex 5.250149250030518 18.534936904907227 2.0000033378601074
    vertex 4.732380390167236 18.932233810424805 2.0000033378601074
  endloop
endfacet
facet normal 0.0 0.0 0.0
  outer loop
    vertex 0.00014936442312318832 16.0 2.00000262260437
    vertex 4.732380390167236 18.932233810424805 2.0000033378601074
    vertex -4.732080936431885 18.932233810424805 2.000001907348633
  endloop
endfacet
facet normal 0.0 0.0 0.0
  outer loop
    vertex -4.732080936431885 18.932233810424805 2.000001907348633
    vertex 4.732380390167236 18.932233810424805 2.0000033378601074
    vertex -4.334787845611572 19.450000762939453 2.000001907348633
  endloop
endfacet
facet normal 0.0 0.0 0.0
  outer loop
    vertex -4.334787845611572 19.450000762939453 2.000001907348633
    vertex 4.732380390167236 18.932233810424805 2.0000033378601074
    vertex 4.335087299346924 19.450000762939453 2.0000033378601074
  endloop
endfacet
facet normal 0.0 0.0 0.0
  outer loop
    vertex -4.334787845611572 19.450000762939453 2.000001907348633
    vertex 4.335087299346924 19.450000762939453 2.0000033378601074
    vertex -4.085035800933838 20.05295181274414 2.000002145767212
  endloop
endfacet
facet normal 0.0 0.0 0.0
  outer loop
    vertex -4.085035800933838 20.05295181274414 2.000002145767212
    vertex 4.335087299346924 19.450000762939453 2.0000033378601074
    vertex 4.0853352546691895 20.05295181274414 2.0000033378601074
  endloop
endfacet
facet normal 0.0 0.0 0.0
  outer loop
    vertex -4.085035800933838 20.05295181274414 2.000002145767212
    vertex 4.0853352546691895 20.05295181274414 2.0000033378601074
    vertex -3.999850273132324 20.700000762939453 2.000002145767212
  endloop
endfacet
facet normal 0.0 0.0 0.0
  outer loop
    vertex -3.999850273132324 20.700000762939453 2.000002145767212
    vertex 4.0853352546691895 20.05295181274414 2.0000033378601074
    vertex 4.000149250030518 20.700000762939453 2.0000030994415283
  endloop
endfacet
facet normal 0.0 0.0 0.0
  outer loop
    vertex -3.999850273132324 20.700000762939453 2.000002145767212
    vertex 4.000149250030518 20.700000762939453 2.0000030994415283
    vertex -4.085035800933838 21.347047805786133 2.000002145767212
  endloop
endfacet
facet normal 0.0 0.0 0.0
  outer loop
    vertex -4.085035800933838 21.347047805786133 2.000002145767212
    vertex 4.000149250030518 20.700000762939453 2.0000030994415283
    vertex 4.0853352546691895 21.347047805786133 2.0000033378601074
  endloop
endfacet
facet normal 0.0 0.0 0.0
  outer loop
    vertex -4.085035800933838 21.347047805786133 2.000002145767212
    vertex 4.0853352546691895 21.347047805786133 2.0000033378601074
    vertex -4.334787845611572 21.950000762939453 2.000001907348633
  endloop
endfacet
facet normal 0.0 0.0 0.0
  outer loop
    vertex -4.334787845611572 21.950000762939453 2.000001907348633
    vertex 4.0853352546691895 21.347047805786133 2.0000033378601074
    vertex 4.335087299346924 21.950000762939453 2.0000033378601074
  endloop
endfacet
facet normal 0.0 0.0 0.0
  outer loop
    vertex -4.334787845611572 21.950000762939453 2.000001907348633
    vertex 4.335087299346924 21.950000762939453 2.0000033378601074
    vertex -4.732080936431885 22.4677677154541 2.000001907348633
  endloop
endfacet
facet normal 0.0 0.0 0.0
  outer loop
    vertex -4.732080936431885 22.4677677154541 2.000001907348633
    vertex 4.335087299346924 21.950000762939453 2.0000033378601074
    vertex 4.732380390167236 22.4677677154541 2.0000033378601074
  endloop
endfacet
facet normal 0.0 0.0 0.0
  outer loop
    vertex -4.732080936431885 22.4677677154541 2.000001907348633
    vertex 4.732380390167236 22.4677677154541 2.0000033378601074
    vertex -5.249849796295166 22.865062713623047 2.000001907348633
  endloop
endfacet
facet normal 0.0 0.0 0.0
  outer loop
    vertex -5.249849796295166 22.865062713623047 2.000001907348633
    vertex 4.732380390167236 22.4677677154541 2.0000033378601074
    vertex 5.250149250030518 22.865062713623047 2.0000033378601074
  endloop
endfacet
facet normal 0.0 0.0 0.0
  outer loop
    vertex -5.249849796295166 22.865062713623047 2.000001907348633
    vertex 5.250149250030518 22.865062713623047 2.0000033378601074
    vertex -5.8528008460998535 23.11481475830078 2.000001907348633
  endloop
endfacet
facet normal 0.0 0.0 0.0
  outer loop
    vertex -5.8528008460998535 23.11481475830078 2.000001907348633
    vertex 5.250149250030518 22.865062713623047 2.0000033378601074
    vertex 5.853100299835205 23.11481475830078 2.0000033378601074
  endloop
endfacet
facet normal 0.0 0.0 0.0
  outer loop
    vertex -5.8528008460998535 23.11481475830078 2.000001907348633
    vertex 5.853100299835205 23.11481475830078 2.0000033378601074
    vertex -6.499849319458008 23.200000762939453 2.0000016689300537
  endloop
endfacet
facet normal 0.0 0.0 0.0
  outer loop
    vertex -6.499849319458008 23.200000762939453 2.0000016689300537
    vertex 5.853100299835205 23.11481475830078 2.0000033378601074
    vertex 6.500148773193359 23.200000762939453 2.0000033378601074
  endloop
endfacet
facet normal 0.0 0.0 0.0
  outer loop
    vertex -6.499849319458008 23.200000762939453 2.0000016689300537
    vertex 6.500148773193359 23.200000762939453 2.0000033378601074
    vertex 38.874847412109375 28.0 2.0000076293945312
  endloop
endfacet
facet normal 0.0 0.0 0.0
  outer loop
    vertex 38.874847412109375 28.0 2.0000076293945312
    vertex 6.500148773193359 23.200000762939453 2.0000033378601074
    vertex 7.147197723388672 23.11481475830078 2.0000035762786865
  endloop
endfacet
facet normal 0.0 0.0 0.0
  outer loop
    vertex 38.874847412109375 28.0 2.0000076293945312
    vertex 7.147197723388672 23.11481475830078 2.0000035762786865
    vertex 7.750148773193359 22.865062713623047 2.0000038146972656
  endloop
endfacet
facet normal 0.0 0.0 0.0
  outer loop
    vertex 7.750148773193359 22.865062713623047 2.0000038146972656
    vertex 8.26791763305664 22.4677677154541 2.0000038146972656
    vertex 38.874847412109375 28.0 2.0000076293945312
  endloop
endfacet
facet normal 0.0 0.0 0.0
  outer loop
    vertex 38.874847412109375 28.0 2.0000076293945312
    vertex 8.26791763305664 22.4677677154541 2.0000038146972656
    vertex 8.665210723876953 21.950000762939453 2.0000038146972656
  endloop
endfacet
facet normal 0.0 0.0 0.0
  outer loop
    vertex 38.874847412109375 28.0 2.0000076293945312
    vertex 8.665210723876953 21.950000762939453 2.0000038146972656
    vertex 8.914962768554688 21.347047805786133 2.0000038146972656
  endloop
endfacet
facet normal 0.0 0.0 0.0
  outer loop
    vertex -66.85213470458984 -1.1274462938308716 1.9999938011169434
    vertex -42.624847412109375 -0.0 1.9999969005584717
    vertex -66.85213470458984 1.1274462938308716 1.9999938011169434
  endloop
endfacet
facet normal 0.0 0.0 0.0
  outer loop
    vertex -66.85213470458984 1.1274462938308716 1.9999938011169434
    vertex -42.624847412109375 -0.0 1.9999969005584717
    vertex -42.530826568603516 0.8344535231590271 1.9999969005584717
  endloop
endfacet
facet normal 0.0 0.0 0.0
  outer loop
    vertex -66.85213470458984 1.1274462938308716 1.9999938011169434
    vertex -42.530826568603516 0.8344535231590271 1.9999969005584717
    vertex -42.25347900390625 1.6270639896392822 1.9999970197677612
  endloop
endfacet
facet normal 0.0 0.0 0.0
  outer loop
    vertex -66.85213470458984 1.1274462938308716 1.9999938011169434
    vertex -42.25347900390625 1.6270639896392822 1.9999970197677612
    vertex -66.67069244384766 3.3750269412994385 1.9999938011169434
  endloop
endfacet
facet normal 0.0 0.0 0.0
  outer loop
    vertex -66.67069244384766 3.3750269412994385 1.9999938011169434
    vertex -42.25347900390625 1.6270639896392822 1.9999970197677612
    vertex -41.80671691894531 2.3380868434906006 1.9999971389770508
  endloop
endfacet
facet normal 0.0 0.0 0.0
  outer loop
    vertex -66.67069244384766 3.3750269412994385 1.9999938011169434
    vertex -41.80671691894531 2.3380868434906006 1.9999971389770508
    vertex -66.3089828491211 5.600719451904297 1.9999938011169434
  endloop
endfacet
facet normal 0.0 0.0 0.0
  outer loop
    vertex -66.3089828491211 5.600719451904297 1.9999938011169434
    vertex -41.80671691894531 2.3380868434906006 1.9999971389770508
    vertex -41.21293258666992 2.931868076324463 1.9999971389770508
  endloop
endfacet
facet normal 0.0 0.0 0.0
  outer loop
    vertex -66.3089828491211 5.600719451904297 1.9999938011169434
    vertex -41.21293258666992 2.931868076324463 1.9999971389770508
    vertex -65.76934814453125 7.790089130401611 1.9999938011169434
  endloop
endfacet
facet normal 0.0 0.0 0.0
  outer loop
    vertex -65.76934814453125 7.790089130401611 1.9999938011169434
    vertex -41.21293258666992 2.931868076324463 1.9999971389770508
    vertex -40.50191116333008 3.3786332607269287 1.9999972581863403
  endloop
endfacet
facet normal 0.0 0.0 0.0
  outer loop
    vertex -65.76934814453125 7.790089130401611 1.9999938011169434
    vertex -40.50191116333008 3.3786332607269287 1.9999972581863403
    vertex -65.0552978515625 9.928936958312988 1.9999940395355225
  endloop
endfacet
facet normal 0.0 0.0 0.0
  outer loop
    vertex -65.0552978515625 9.928936958312988 1.9999940395355225
    vertex -40.50191116333008 3.3786332607269287 1.9999972581863403
    vertex -39.70930099487305 3.655979633331299 1.9999973773956299
  endloop
endfacet
facet normal 0.0 0.0 0.0
  outer loop
    vertex -65.0552978515625 9.928936958312988 1.9999940395355225
    vertex -39.70930099487305 3.655979633331299 1.9999973773956299
    vertex -64.17145538330078 12.00339126586914 1.9999940395355225
  endloop
endfacet
facet normal 0.0 0.0 0.0
  outer loop
    vertex -64.17145538330078 12.00339126586914 1.9999940395355225
    vertex -39.70930099487305 3.655979633331299 1.9999973773956299
    vertex -63.12355422973633 14.0 1.9999942779541016
  endloop
endfacet
facet normal 0.0 0.0 0.0
  outer loop
    vertex -63.12355422973633 14.0 1.9999942779541016
    vertex -39.70930099487305 3.655979633331299 1.9999973773956299
    vertex -38.874847412109375 3.75 1.9999973773956299
  endloop
endfacet
facet normal 0.0 0.0 0.0
  outer loop
    vertex -63.12355422973633 14.0 1.9999942779541016
    vertex -38.874847412109375 3.75 1.9999973773956299
    vertex -61.918392181396484 15.905813217163086 1.9999943971633911
  endloop
endfacet
facet normal 0.0 0.0 0.0
  outer loop
    vertex -61.918392181396484 15.905813217163086 1.9999943971633911
    vertex -38.874847412109375 3.75 1.9999973773956299
    vertex -60.56378173828125 17.708471298217773 1.9999945163726807
  endloop
endfacet
facet normal 0.0 0.0 0.0
  outer loop
    vertex -60.56378173828125 17.708471298217773 1.9999945163726807
    vertex -38.874847412109375 3.75 1.9999973773956299
    vertex -59.068511962890625 19.396282196044922 1.9999947547912598
  endloop
endfacet
facet normal 0.0 0.0 0.0
  outer loop
    vertex -59.068511962890625 19.396282196044922 1.9999947547912598
    vertex -38.874847412109375 3.75 1.9999973773956299
    vertex -8.267616271972656 18.932233810424805 2.0000014305114746
  endloop
endfacet
facet normal 0.0 0.0 0.0
  outer loop
    vertex -59.068511962890625 19.396282196044922 1.9999947547912598
    vertex -8.267616271972656 18.932233810424805 2.0000014305114746
    vertex -57.44227600097656 20.958301544189453 1.9999949932098389
  endloop
endfacet
facet normal 0.0 0.0 0.0
  outer loop
    vertex -57.44227600097656 20.958301544189453 1.9999949932098389
    vertex -8.267616271972656 18.932233810424805 2.0000014305114746
    vertex -8.664913177490234 19.450000762939453 2.0000014305114746
  endloop
endfacet
facet normal 0.0 0.0 0.0
  outer loop
    vertex -57.44227600097656 20.958301544189453 1.9999949932098389
    vertex -8.664913177490234 19.450000762939453 2.0000014305114746
    vertex -55.69562530517578 22.384397506713867 1.999995231628418
  endloop
endfacet
facet normal 0.0 0.0 0.0
  outer loop
    vertex -55.69562530517578 22.384397506713867 1.999995231628418
    vertex -8.664913177490234 19.450000762939453 2.0000014305114746
    vertex -53.83988571166992 23.66532325744629 1.999995470046997
  endloop
endfacet
facet normal 0.0 0.0 0.0
  outer loop
    vertex -53.83988571166992 23.66532325744629 1.999995470046997
    vertex -8.664913177490234 19.450000762939453 2.0000014305114746
    vertex -38.874847412109375 28.0 1.9999973773956299
  endloop
endfacet
facet normal 0.0 0.0 0.0
  outer loop
    vertex -53.83988571166992 23.66532325744629 1.999995470046997
    vertex -38.874847412109375 28.0 1.9999973773956299
    vertex -51.88709259033203 24.792768478393555 1.9999957084655762
  endloop
endfacet
facet normal 0.0 0.0 0.0
  outer loop
    vertex -51.88709259033203 24.792768478393555 1.9999957084655762
    vertex -38.874847412109375 28.0 1.9999973773956299
    vertex -49.84990692138672 25.759424209594727 1.9999959468841553
  endloop
endfacet
facet normal 0.0 0.0 0.0
  outer loop
    vertex -49.84990692138672 25.759424209594727 1.9999959468841553
    vertex -38.874847412109375 28.0 1.9999973773956299
    vertex -47.74155044555664 26.55902099609375 1.9999961853027344
  endloop
endfacet
facet normal 0.0 0.0 0.0
  outer loop
    vertex -47.74155044555664 26.55902099609375 1.9999961853027344
    vertex -38.874847412109375 28.0 1.9999973773956299
    vertex -45.575687408447266 27.186370849609375 1.999996542930603
  endloop
endfacet
facet normal 0.0 0.0 0.0
  outer loop
    vertex -45.575687408447266 27.186370849609375 1.999996542930603
    vertex -38.874847412109375 28.0 1.9999973773956299
    vertex -43.366363525390625 27.637407302856445 1.9999969005584717
  endloop
endfacet
facet normal 0.0 0.0 0.0
  outer loop
    vertex -43.366363525390625 27.637407302856445 1.9999969005584717
    vertex -38.874847412109375 28.0 1.9999973773956299
    vertex -41.12791061401367 27.909204483032227 1.9999971389770508
  endloop
endfacet
facet normal 0.0 0.0 0.0
  outer loop
    vertex -38.874847412109375 3.75 1.9999973773956299
    vertex -38.0403938293457 3.655979633331299 1.999997615814209
    vertex -8.267616271972656 18.932233810424805 2.0000014305114746
  endloop
endfacet
facet normal 0.0 0.0 0.0
  outer loop
    vertex -8.267616271972656 18.932233810424805 2.0000014305114746
    vertex -38.0403938293457 3.655979633331299 1.999997615814209
    vertex -5.638006687164307 12.05212116241455 2.000001907348633
  endloop
endfacet
facet normal 0.0 0.0 0.0
  outer loop
    vertex -8.267616271972656 18.932233810424805 2.0000014305114746
    vertex -5.638006687164307 12.05212116241455 2.000001907348633
    vertex -7.749849319458008 18.534936904907227 2.0000016689300537
  endloop
endfacet
facet normal 0.0 0.0 0.0
  outer loop
    vertex -7.749849319458008 18.534936904907227 2.0000016689300537
    vertex -5.638006687164307 12.05212116241455 2.000001907348633
    vertex -5.1960015296936035 13.0 2.000001907348633
  endloop
endfacet
facet normal 0.0 0.0 0.0
  outer loop
    vertex -7.749849319458008 18.534936904907227 2.0000016689300537
    vertex -5.1960015296936035 13.0 2.000001907348633
    vertex -4.5961174964904785 13.856725692749023 2.000001907348633
  endloop
endfacet
facet normal 0.0 0.0 0.0
  outer loop
    vertex -37.24778366088867 3.3786332607269287 1.999997615814209
    vertex -5.999849796295166 10.0 2.000001907348633
    vertex -38.0403938293457 3.655979633331299 1.999997615814209
  endloop
endfacet
facet normal 0.0 0.0 0.0
  outer loop
    vertex -38.0403938293457 3.655979633331299 1.999997615814209
    vertex -5.999849796295166 10.0 2.000001907348633
    vertex -5.908697605133057 11.041889190673828 2.000001907348633
  endloop
endfacet
facet normal 0.0 0.0 0.0
  outer loop
    vertex -38.0403938293457 3.655979633331299 1.999997615814209
    vertex -5.908697605133057 11.041889190673828 2.000001907348633
    vertex -5.638006687164307 12.05212116241455 2.000001907348633
  endloop
endfacet
facet normal 0.0 0.0 0.0
  outer loop
    vertex -4.732080936431885 18.932233810424805 2.000001907348633
    vertex -5.249849796295166 18.534936904907227 2.000001907348633
    vertex 0.00014936442312318832 16.0 2.00000262260437
  endloop
endfacet
facet normal 0.0 0.0 0.0
  outer loop
    vertex 0.00014936442312318832 16.0 2.00000262260437
    vertex -5.249849796295166 18.534936904907227 2.000001907348633
    vertex -1.0417397022247314 15.908846855163574 2.000002384185791
  endloop
endfacet
facet normal 0.0 0.0 0.0
  outer loop
    vertex -1.0417397022247314 15.908846855163574 2.000002384185791
    vertex -5.249849796295166 18.534936904907227 2.000001907348633
    vertex -5.8528008460998535 18.285184860229492 2.000001907348633
  endloop
endfacet
facet normal 0.0 0.0 0.0
  outer loop
    vertex -1.0417397022247314 15.908846855163574 2.000002384185791
    vertex -5.8528008460998535 18.285184860229492 2.000001907348633
    vertex -2.0519707202911377 15.638155937194824 2.000002384185791
  endloop
endfacet
facet normal 0.0 0.0 0.0
  outer loop
    vertex -2.0519707202911377 15.638155937194824 2.000002384185791
    vertex -5.8528008460998535 18.285184860229492 2.000001907348633
    vertex -6.499849319458008 18.200000762939453 2.0000016689300537
  endloop
endfacet
facet normal 0.0 0.0 0.0
  outer loop
    vertex -2.0519707202911377 15.638155937194824 2.000002384185791
    vertex -6.499849319458008 18.200000762939453 2.0000016689300537
    vertex -2.9998505115509033 15.196152687072754 2.000002145767212
  endloop
endfacet
facet normal 0.0 0.0 0.0
  outer loop
    vertex -2.9998505115509033 15.196152687072754 2.000002145767212
    vertex -6.499849319458008 18.200000762939453 2.0000016689300537
    vertex -3.856574058532715 14.596266746520996 2.000002145767212
  endloop
endfacet
facet normal 0.0 0.0 0.0
  outer loop
    vertex -3.856574058532715 14.596266746520996 2.000002145767212
    vertex -6.499849319458008 18.200000762939453 2.0000016689300537
    vertex -7.1468963623046875 18.285184860229492 2.0000016689300537
  endloop
endfacet
facet normal 0.0 0.0 0.0
  outer loop
    vertex -3.856574058532715 14.596266746520996 2.000002145767212
    vertex -7.1468963623046875 18.285184860229492 2.0000016689300537
    vertex -4.5961174964904785 13.856725692749023 2.000001907348633
  endloop
endfacet
facet normal 0.0 0.0 0.0
  outer loop
    vertex -4.5961174964904785 13.856725692749023 2.000001907348633
    vertex -7.1468963623046875 18.285184860229492 2.0000016689300537
    vertex -7.749849319458008 18.534936904907227 2.0000016689300537
  endloop
endfacet
facet normal 0.0 0.0 0.0
  outer loop
    vertex -8.664913177490234 19.450000762939453 2.0000014305114746
    vertex -8.914663314819336 20.05295181274414 2.0000014305114746
    vertex -38.874847412109375 28.0 1.9999973773956299
  endloop
endfacet
facet normal 0.0 0.0 0.0
  outer loop
    vertex -38.874847412109375 28.0 1.9999973773956299
    vertex -8.914663314819336 20.05295181274414 2.0000014305114746
    vertex -8.999849319458008 20.700000762939453 2.0000014305114746
  endloop
endfacet
facet normal 0.0 0.0 0.0
  outer loop
    vertex -38.874847412109375 28.0 1.9999973773956299
    vertex -8.999849319458008 20.700000762939453 2.0000014305114746
    vertex -8.914663314819336 21.347047805786133 2.0000014305114746
  endloop
endfacet
facet normal 0.0 0.0 0.0
  outer loop
    vertex -8.914663314819336 21.347047805786133 2.0000014305114746
    vertex -8.664913177490234 21.950000762939453 2.0000014305114746
    vertex -38.874847412109375 28.0 1.9999973773956299
  endloop
endfacet
facet normal 0.0 0.0 0.0
  outer loop
    vertex -38.874847412109375 28.0 1.9999973773956299
    vertex -8.664913177490234 21.950000762939453 2.0000014305114746
    vertex -8.267616271972656 22.4677677154541 2.0000014305114746
  endloop
endfacet
facet normal 0.0 0.0 0.0
  outer loop
    vertex -38.874847412109375 28.0 1.9999973773956299
    vertex -8.267616271972656 22.4677677154541 2.0000014305114746
    vertex -7.749849319458008 22.865062713623047 2.0000016689300537
  endloop
endfacet
facet normal 0.0 0.0 0.0
  outer loop
    vertex -7.749849319458008 22.865062713623047 2.0000016689300537
    vertex -7.1468963623046875 23.11481475830078 2.0000016689300537
    vertex -38.874847412109375 28.0 1.9999973773956299
  endloop
endfacet
facet normal 0.0 0.0 0.0
  outer loop
    vertex -38.874847412109375 28.0 1.9999973773956299
    vertex -7.1468963623046875 23.11481475830078 2.0000016689300537
    vertex -6.499849319458008 23.200000762939453 2.0000016689300537
  endloop
endfacet
facet normal 0.0 0.0 0.0
  outer loop
    vertex -38.874847412109375 28.0 1.9999973773956299
    vertex -6.499849319458008 23.200000762939453 2.0000016689300537
    vertex 38.874847412109375 28.0 2.0000076293945312
  endloop
endfacet
facet normal 0.0 0.0 0.0
  outer loop
    vertex 8.914962768554688 -20.05295181274414 2.0000038146972656
    vertex 9.00014877319336 -20.700000762939453 2.0000038146972656
    vertex 38.874847412109375 -28.0 2.0000076293945312
  endloop
endfacet
facet normal 0.0 0.0 0.0
  outer loop
    vertex 38.874847412109375 -28.0 2.0000076293945312
    vertex 9.00014877319336 -20.700000762939453 2.0000038146972656
    vertex 8.914962768554688 -21.347047805786133 2.0000038146972656
  endloop
endfacet
facet normal 0.0 0.0 0.0
  outer loop
    vertex 38.874847412109375 -28.0 2.0000076293945312
    vertex 8.914962768554688 -21.347047805786133 2.0000038146972656
    vertex 8.665210723876953 -21.950000762939453 2.0000038146972656
  endloop
endfacet
facet normal 0.0 0.0 0.0
  outer loop
    vertex 8.665210723876953 -21.950000762939453 2.0000038146972656
    vertex 8.26791763305664 -22.4677677154541 2.0000038146972656
    vertex 38.874847412109375 -28.0 2.0000076293945312
  endloop
endfacet
facet normal 0.0 0.0 0.0
  outer loop
    vertex 38.874847412109375 -28.0 2.0000076293945312
    vertex 8.26791763305664 -22.4677677154541 2.0000038146972656
    vertex 7.750148773193359 -22.865062713623047 2.0000038146972656
  endloop
endfacet
facet normal 0.0 0.0 0.0
  outer loop
    vertex 38.874847412109375 -28.0 2.0000076293945312
    vertex 7.750148773193359 -22.865062713623047 2.0000038146972656
    vertex 7.147197723388672 -23.11481475830078 2.0000035762786865
  endloop
endfacet
facet normal 0.0 0.0 0.0
  outer loop
    vertex 7.147197723388672 -23.11481475830078 2.0000035762786865
    vertex 6.500148773193359 -23.200000762939453 2.0000033378601074
    vertex 38.874847412109375 -28.0 2.0000076293945312
  endloop
endfacet
facet normal 0.0 0.0 0.0
  outer loop
    vertex 65.76935577392578 -7.790089130401611 2.000011444091797
    vertex 7.147197723388672 -18.285184860229492 2.0000035762786865
    vertex 65.05530548095703 -9.928936958312988 2.000011444091797
  endloop
endfacet
facet normal 0.0 0.0 0.0
  outer loop
    vertex 65.05530548095703 -9.928936958312988 2.000011444091797
    vertex 7.147197723388672 -18.285184860229492 2.0000035762786865
    vertex 7.750148773193359 -18.534936904907227 2.0000038146972656
  endloop
endfacet
facet normal 0.0 0.0 0.0
  outer loop
    vertex 65.05530548095703 -9.928936958312988 2.000011444091797
    vertex 7.750148773193359 -18.534936904907227 2.0000038146972656
    vertex 64.17145538330078 -12.00339126586914 2.0000112056732178
  endloop
endfacet
facet normal 0.0 0.0 0.0
  outer loop
    vertex 64.17145538330078 -12.00339126586914 2.0000112056732178
    vertex 7.750148773193359 -18.534936904907227 2.0000038146972656
    vertex 63.12355422973633 -14.0 2.0000109672546387
  endloop
endfacet
facet normal 0.0 0.0 0.0
  outer loop
    vertex 63.12355422973633 -14.0 2.0000109672546387
    vertex 7.750148773193359 -18.534936904907227 2.0000038146972656
    vertex 61.918392181396484 -15.905813217163086 2.0000109672546387
  endloop
endfacet
facet normal 0.0 0.0 0.0
  outer loop
    vertex 61.918392181396484 -15.905813217163086 2.0000109672546387
    vertex 7.750148773193359 -18.534936904907227 2.0000038146972656
    vertex 8.26791763305664 -18.932233810424805 2.0000038146972656
  endloop
endfacet
facet normal 0.0 0.0 0.0
  outer loop
    vertex 61.918392181396484 -15.905813217163086 2.0000109672546387
    vertex 8.26791763305664 -18.932233810424805 2.0000038146972656
    vertex 60.563785552978516 -17.708471298217773 2.0000107288360596
  endloop
endfacet
facet normal 0.0 0.0 0.0
  outer loop
    vertex 60.563785552978516 -17.708471298217773 2.0000107288360596
    vertex 8.26791763305664 -18.932233810424805 2.0000038146972656
    vertex 59.06851577758789 -19.396282196044922 2.0000104904174805
  endloop
endfacet
facet normal 0.0 0.0 0.0
  outer loop
    vertex 59.06851577758789 -19.396282196044922 2.0000104904174805
    vertex 8.26791763305664 -18.932233810424805 2.0000038146972656
    vertex 57.44227981567383 -20.958301544189453 2.0000102519989014
  endloop
endfacet
facet normal 0.0 0.0 0.0
  outer loop
    vertex 57.44227981567383 -20.958301544189453 2.0000102519989014
    vertex 8.26791763305664 -18.932233810424805 2.0000038146972656
    vertex 8.665210723876953 -19.450000762939453 2.0000038146972656
  endloop
endfacet
facet normal 0.0 0.0 0.0
  outer loop
    vertex 57.44227981567383 -20.958301544189453 2.0000102519989014
    vertex 8.665210723876953 -19.450000762939453 2.0000038146972656
    vertex 55.69562911987305 -22.384397506713867 2.0000100135803223
  endloop
endfacet
facet normal 0.0 0.0 0.0
  outer loop
    vertex 55.69562911987305 -22.384397506713867 2.0000100135803223
    vertex 8.665210723876953 -19.450000762939453 2.0000038146972656
    vertex 53.83988571166992 -23.66532325744629 2.000009775161743
  endloop
endfacet
facet normal 0.0 0.0 0.0
  outer loop
    vertex 53.83988571166992 -23.66532325744629 2.000009775161743
    vertex 8.665210723876953 -19.450000762939453 2.0000038146972656
    vertex 38.874847412109375 -28.0 2.0000076293945312
  endloop
endfacet
facet normal 0.0 0.0 0.0
  outer loop
    vertex 53.83988571166992 -23.66532325744629 2.000009775161743
    vertex 38.874847412109375 -28.0 2.0000076293945312
    vertex 51.8870964050293 -24.792768478393555 2.000009536743164
  endloop
endfacet
facet normal 0.0 0.0 0.0
  outer loop
    vertex 51.8870964050293 -24.792768478393555 2.000009536743164
    vertex 38.874847412109375 -28.0 2.0000076293945312
    vertex 49.849910736083984 -25.759424209594727 2.000009298324585
  endloop
endfacet
facet normal 0.0 0.0 0.0
  outer loop
    vertex 49.849910736083984 -25.759424209594727 2.000009298324585
    vertex 38.874847412109375 -28.0 2.0000076293945312
    vertex 47.741554260253906 -26.55902099609375 2.000009059906006
  endloop
endfacet
facet normal 0.0 0.0 0.0
  outer loop
    vertex 47.741554260253906 -26.55902099609375 2.000009059906006
    vertex 38.874847412109375 -28.0 2.0000076293945312
    vertex 45.57569122314453 -27.186370849609375 2.0000085830688477
  endloop
endfacet
facet normal 0.0 0.0 0.0
  outer loop
    vertex 45.57569122314453 -27.186370849609375 2.0000085830688477
    vertex 38.874847412109375 -28.0 2.0000076293945312
    vertex 43.366363525390625 -27.637407302856445 2.0000083446502686
  endloop
endfacet
facet normal 0.0 0.0 0.0
  outer loop
    vertex 43.366363525390625 -27.637407302856445 2.0000083446502686
    vertex 38.874847412109375 -28.0 2.0000076293945312
    vertex 41.12791442871094 -27.909204483032227 2.0000081062316895
  endloop
endfacet
facet normal 0.0 0.0 0.0
  outer loop
    vertex 8.665210723876953 -19.450000762939453 2.0000038146972656
    vertex 8.914962768554688 -20.05295181274414 2.0000038146972656
    vertex 38.874847412109375 -28.0 2.0000076293945312
  endloop
endfacet
facet normal 0.0 0.0 0.0
  outer loop
    vertex 5.908997058868408 8.958110809326172 2.0000033378601074
    vertex 64.17145538330078 12.00339126586914 2.0000112056732178
    vertex 6.000148773193359 10.0 2.0000033378601074
  endloop
endfacet
facet normal 0.0 0.0 0.0
  outer loop
    vertex 6.000148773193359 10.0 2.0000033378601074
    vertex 64.17145538330078 12.00339126586914 2.0000112056732178
    vertex 63.12355422973633 14.0 2.0000109672546387
  endloop
endfacet
facet normal 0.0 0.0 0.0
  outer loop
    vertex 6.000148773193359 10.0 2.0000033378601074
    vertex 63.12355422973633 14.0 2.0000109672546387
    vertex 5.908997058868408 11.041889190673828 2.0000033378601074
  endloop
endfacet
facet normal 0.0 0.0 0.0
  outer loop
    vertex 5.908997058868408 11.041889190673828 2.0000033378601074
    vertex 63.12355422973633 14.0 2.0000109672546387
    vertex 61.918392181396484 15.905813217163086 2.0000109672546387
  endloop
endfacet
facet normal 0.0 0.0 0.0
  outer loop
    vertex 5.908997058868408 11.041889190673828 2.0000033378601074
    vertex 61.918392181396484 15.905813217163086 2.0000109672546387
    vertex 5.638306140899658 12.05212116241455 2.0000033378601074
  endloop
endfacet
facet normal 0.0 0.0 0.0
  outer loop
    vertex 5.638306140899658 12.05212116241455 2.0000033378601074
    vertex 61.918392181396484 15.905813217163086 2.0000109672546387
    vertex 60.563785552978516 17.708471298217773 2.0000107288360596
  endloop
endfacet
facet normal 0.0 0.0 0.0
  outer loop
    vertex 5.638306140899658 7.947879314422607 2.0000033378601074
    vertex 65.76935577392578 7.790089130401611 2.000011444091797
    vertex 5.908997058868408 8.958110809326172 2.0000033378601074
  endloop
endfacet
facet normal 0.0 0.0 0.0
  outer loop
    vertex 5.908997058868408 8.958110809326172 2.0000033378601074
    vertex 65.76935577392578 7.790089130401611 2.000011444091797
    vertex 65.05530548095703 9.928936958312988 2.000011444091797
  endloop
endfacet
facet normal 0.0 0.0 0.0
  outer loop
    vertex 5.908997058868408 8.958110809326172 2.0000033378601074
    vertex 65.05530548095703 9.928936958312988 2.000011444091797
    vertex 64.17145538330078 12.00339126586914 2.0000112056732178
  endloop
endfacet
facet normal 0.0 0.0 0.0
  outer loop
    vertex 65.76935577392578 7.790089130401611 2.000011444091797
    vertex 5.638306140899658 7.947879314422607 2.0000033378601074
    vertex 66.3089828491211 5.600719451904297 2.000011444091797
  endloop
endfacet
facet normal 0.0 0.0 0.0
  outer loop
    vertex 66.3089828491211 5.600719451904297 2.000011444091797
    vertex 5.638306140899658 7.947879314422607 2.0000033378601074
    vertex 5.196300983428955 7.0 2.0000033378601074
  endloop
endfacet
facet normal 0.0 0.0 0.0
  outer loop
    vertex 66.3089828491211 5.600719451904297 2.000011444091797
    vertex 5.196300983428955 7.0 2.0000033378601074
    vertex 66.67069244384766 3.3750269412994385 2.000011444091797
  endloop
endfacet
facet normal 0.0 0.0 0.0
  outer loop
    vertex 66.67069244384766 3.3750269412994385 2.000011444091797
    vertex 5.196300983428955 7.0 2.0000033378601074
    vertex 4.59641695022583 6.143274307250977 2.0000033378601074
  endloop
endfacet
facet normal 0.0 0.0 0.0
  outer loop
    vertex 66.67069244384766 3.3750269412994385 2.000011444091797
    vertex 4.59641695022583 6.143274307250977 2.0000033378601074
    vertex 66.85213470458984 1.1274462938308716 2.000011444091797
  endloop
endfacet
facet normal 0.0 0.0 0.0
  outer loop
    vertex 66.85213470458984 1.1274462938308716 2.000011444091797
    vertex 4.59641695022583 6.143274307250977 2.0000033378601074
    vertex 3.85687255859375 5.403733253479004 2.0000030994415283
  endloop
endfacet
facet normal 0.0 0.0 0.0
  outer loop
    vertex 66.85213470458984 1.1274462938308716 2.000011444091797
    vertex 3.85687255859375 5.403733253479004 2.0000030994415283
    vertex 66.85213470458984 -1.1274462938308716 2.000011444091797
  endloop
endfacet
facet normal 0.0 0.0 0.0
  outer loop
    vertex 66.85213470458984 -1.1274462938308716 2.000011444091797
    vertex 3.85687255859375 5.403733253479004 2.0000030994415283
    vertex 66.67069244384766 -3.3750269412994385 2.000011444091797
  endloop
endfacet
facet normal 0.0 0.0 0.0
  outer loop
    vertex 66.67069244384766 -3.3750269412994385 2.000011444091797
    vertex 3.85687255859375 5.403733253479004 2.0000030994415283
    vertex 3.0001487731933594 4.803847789764404 2.000002861022949
  endloop
endfacet
facet normal 0.0 0.0 0.0
  outer loop
    vertex 0.00014936442312318832 4.0 2.00000262260437
    vertex -1.0417397022247314 4.091153621673584 2.000002384185791
    vertex -6.499849319458008 -18.200000762939453 2.0000016689300537
  endloop
endfacet
facet normal 0.0 0.0 0.0
  outer loop
    vertex -59.068511962890625 -19.396282196044922 1.9999947547912598
    vertex -57.44227600097656 -20.958301544189453 1.9999949932098389
    vertex -8.267616271972656 -18.932233810424805 2.0000014305114746
  endloop
endfacet
facet normal 0.0 0.0 0.0
  outer loop
    vertex -8.664913177490234 -19.450000762939453 2.0000014305114746
    vertex -53.83988571166992 -23.66532325744629 1.999995470046997
    vertex -38.874847412109375 -28.0 1.9999973773956299
  endloop
endfacet
facet normal 0.0 0.0 0.0
  outer loop
    vertex -38.874847412109375 -28.0 1.9999973773956299
    vertex -53.83988571166992 -23.66532325744629 1.999995470046997
    vertex -51.88709259033203 -24.792768478393555 1.9999957084655762
  endloop
endfacet
facet normal 0.0 0.0 0.0
  outer loop
    vertex -38.874847412109375 -28.0 1.9999973773956299
    vertex -51.88709259033203 -24.792768478393555 1.9999957084655762
    vertex -49.84990692138672 -25.759424209594727 1.9999959468841553
  endloop
endfacet
facet normal 0.0 0.0 0.0
  outer loop
    vertex -49.84990692138672 -25.759424209594727 1.9999959468841553
    vertex -47.74155044555664 -26.55902099609375 1.9999961853027344
    vertex -38.874847412109375 -28.0 1.9999973773956299
  endloop
endfacet
facet normal 0.0 0.0 0.0
  outer loop
    vertex -38.874847412109375 -28.0 1.9999973773956299
    vertex -47.74155044555664 -26.55902099609375 1.9999961853027344
    vertex -45.575687408447266 -27.186370849609375 1.999996542930603
  endloop
endfacet
facet normal 0.0 0.0 0.0
  outer loop
    vertex -38.874847412109375 -28.0 1.9999973773956299
    vertex -45.575687408447266 -27.186370849609375 1.999996542930603
    vertex -43.366363525390625 -27.637407302856445 1.9999969005584717
  endloop
endfacet
facet normal 0.0 0.0 0.0
  outer loop
    vertex -43.366363525390625 -27.637407302856445 1.9999969005584717
    vertex -41.12791061401367 -27.909204483032227 1.9999971389770508
    vertex -38.874847412109375 -28.0 1.9999973773956299
  endloop
endfacet
facet normal 0.0 0.0 0.0
  outer loop
    vertex 59.06851577758789 19.396282196044922 2.0000104904174805
    vertex 57.44227981567383 20.958301544189453 2.0000102519989014
    vertex 8.26791763305664 18.932233810424805 2.0000038146972656
  endloop
endfacet
facet normal 0.0 0.0 0.0
  outer loop
    vertex 8.665210723876953 19.450000762939453 2.0000038146972656
    vertex 53.83988571166992 23.66532325744629 2.000009775161743
    vertex 38.874847412109375 28.0 2.0000076293945312
  endloop
endfacet
facet normal 0.0 0.0 0.0
  outer loop
    vertex 38.874847412109375 28.0 2.0000076293945312
    vertex 53.83988571166992 23.66532325744629 2.000009775161743
    vertex 51.8870964050293 24.792768478393555 2.000009536743164
  endloop
endfacet
facet normal 0.0 0.0 0.0
  outer loop
    vertex 38.874847412109375 28.0 2.0000076293945312
    vertex 51.8870964050293 24.792768478393555 2.000009536743164
    vertex 49.849910736083984 25.759424209594727 2.000009298324585
  endloop
endfacet
facet normal 0.0 0.0 0.0
  outer loop
    vertex 49.849910736083984 25.759424209594727 2.000009298324585
    vertex 47.741554260253906 26.55902099609375 2.000009059906006
    vertex 38.874847412109375 28.0 2.0000076293945312
  endloop
endfacet
facet normal 0.0 0.0 0.0
  outer loop
    vertex 38.874847412109375 28.0 2.0000076293945312
    vertex 47.741554260253906 26.55902099609375 2.000009059906006
    vertex 45.57569122314453 27.186370849609375 2.0000085830688477
  endloop
endfacet
facet normal 0.0 0.0 0.0
  outer loop
    vertex 38.874847412109375 28.0 2.0000076293945312
    vertex 45.57569122314453 27.186370849609375 2.0000085830688477
    vertex 43.366363525390625 27.637407302856445 2.0000083446502686
  endloop
endfacet
facet normal 0.0 0.0 0.0
  outer loop
    vertex 43.366363525390625 27.637407302856445 2.0000083446502686
    vertex 41.12791442871094 27.909204483032227 2.0000081062316895
    vertex 38.874847412109375 28.0 2.0000076293945312
  endloop
endfacet
facet normal 0.0 0.0 0.0
  outer loop
    vertex 5.908997058868408 11.041889190673828 2.0000033378601074
    vertex 5.908997058868408 11.041889190673828 3.635883331298828e-06
    vertex 6.000148773193359 10.0 2.0000033378601074
  endloop
endfacet
facet normal 0.0 0.0 0.0
  outer loop
    vertex 6.000148773193359 10.0 2.0000033378601074
    vertex 5.908997058868408 11.041889190673828 3.635883331298828e-06
    vertex 6.000148773193359 10.0 3.635883331298828e-06
  endloop
endfacet
facet normal 0.0 0.0 0.0
  outer loop
    vertex 6.000148773193359 10.0 2.0000033378601074
    vertex 6.000148773193359 10.0 3.635883331298828e-06
    vertex 5.908997058868408 8.958110809326172 2.0000033378601074
  endloop
endfacet
facet normal 0.0 0.0 0.0
  outer loop
    vertex 5.908997058868408 8.958110809326172 2.0000033378601074
    vertex 6.000148773193359 10.0 3.635883331298828e-06
    vertex 5.908997058868408 8.958110809326172 3.635883331298828e-06
  endloop
endfacet
facet normal 0.0 0.0 0.0
  outer loop
    vertex 5.908997058868408 8.958110809326172 2.0000033378601074
    vertex 5.908997058868408 8.958110809326172 3.635883331298828e-06
    vertex 5.638306140899658 7.947879314422607 2.0000033378601074
  endloop
endfacet
facet normal 0.0 0.0 0.0
  outer loop
    vertex 5.638306140899658 7.947879314422607 2.0000033378601074
    vertex 5.908997058868408 8.958110809326172 3.635883331298828e-06
    vertex 5.638306140899658 7.947879314422607 3.635883331298828e-06
  endloop
endfacet
facet normal 0.0 0.0 0.0
  outer loop
    vertex 5.638306140899658 7.947879314422607 2.0000033378601074
    vertex 5.638306140899658 7.947879314422607 3.635883331298828e-06
    vertex 5.196300983428955 7.0 2.0000033378601074
  endloop
endfacet
facet normal 0.0 0.0 0.0
  outer loop
    vertex 5.196300983428955 7.0 2.0000033378601074
    vertex 5.638306140899658 7.947879314422607 3.635883331298828e-06
    vertex 5.196300983428955 7.0 3.5762786865234375e-06
  endloop
endfacet
facet normal 0.0 0.0 0.0
  outer loop
    vertex 5.196300983428955 7.0 2.0000033378601074
    vertex 5.196300983428955 7.0 3.5762786865234375e-06
    vertex 4.59641695022583 6.143274307250977 2.0000033378601074
  endloop
endfacet
facet normal 0.0 0.0 0.0
  outer loop
    vertex 4.59641695022583 6.143274307250977 2.0000033378601074
    vertex 5.196300983428955 7.0 3.5762786865234375e-06
    vertex 4.59641695022583 6.143274307250977 3.4570693969726562e-06
  endloop
endfacet
facet normal 0.0 0.0 0.0
  outer loop
    vertex 4.59641695022583 6.143274307250977 2.0000033378601074
    vertex 4.59641695022583 6.143274307250977 3.4570693969726562e-06
    vertex 3.85687255859375 5.403733253479004 2.0000030994415283
  endloop
endfacet
facet normal 0.0 0.0 0.0
  outer loop
    vertex 3.85687255859375 5.403733253479004 2.0000030994415283
    vertex 4.59641695022583 6.143274307250977 3.4570693969726562e-06
    vertex 3.856873035430908 5.403733253479004 3.3974647521972656e-06
  endloop
endfacet
facet normal 0.0 0.0 0.0
  outer loop
    vertex 3.85687255859375 5.403733253479004 2.0000030994415283
    vertex 3.856873035430908 5.403733253479004 3.3974647521972656e-06
    vertex 3.0001487731933594 4.803847789764404 2.000002861022949
  endloop
endfacet
facet normal 0.0 0.0 0.0
  outer loop
    vertex 3.0001487731933594 4.803847789764404 2.000002861022949
    vertex 3.856873035430908 5.403733253479004 3.3974647521972656e-06
    vertex 3.0001492500305176 4.803847789764404 3.2782554626464844e-06
  endloop
endfacet
facet normal 0.0 0.0 0.0
  outer loop
    vertex 3.0001487731933594 4.803847789764404 2.000002861022949
    vertex 3.0001492500305176 4.803847789764404 3.2782554626464844e-06
    vertex 2.052269220352173 4.361844062805176 2.000002861022949
  endloop
endfacet
facet normal 0.0 0.0 0.0
  outer loop
    vertex 2.052269220352173 4.361844062805176 2.000002861022949
    vertex 3.0001492500305176 4.803847789764404 3.2782554626464844e-06
    vertex 2.052269697189331 4.361844062805176 3.159046173095703e-06
  endloop
endfacet
facet normal 0.0 0.0 0.0
  outer loop
    vertex 2.052269220352173 4.361844062805176 2.000002861022949
    vertex 2.052269697189331 4.361844062805176 3.159046173095703e-06
    vertex 1.0420384407043457 4.091153621673584 2.000002861022949
  endloop
endfacet
facet normal 0.0 0.0 0.0
  outer loop
    vertex 1.0420384407043457 4.091153621673584 2.000002861022949
    vertex 2.052269697189331 4.361844062805176 3.159046173095703e-06
    vertex 1.0420386791229248 4.091153621673584 2.9802322387695312e-06
  endloop
endfacet
facet normal 0.0 0.0 0.0
  outer loop
    vertex 1.0420384407043457 4.091153621673584 2.000002861022949
    vertex 1.0420386791229248 4.091153621673584 2.9802322387695312e-06
    vertex 0.00014936442312318832 4.0 2.00000262260437
  endloop
endfacet
facet normal 0.0 0.0 0.0
  outer loop
    vertex 0.00014936442312318832 4.0 2.00000262260437
    vertex 1.0420386791229248 4.091153621673584 2.9802322387695312e-06
    vertex 0.0001496306067565456 4.0 2.86102294921875e-06
  endloop
endfacet
facet normal 0.0 0.0 0.0
  outer loop
    vertex 0.00014936442312318832 4.0 2.00000262260437
    vertex 0.0001496306067565456 4.0 2.86102294921875e-06
    vertex -1.0417397022247314 4.091153621673584 2.000002384185791
  endloop
endfacet
facet normal 0.0 0.0 0.0
  outer loop
    vertex -1.0417397022247314 4.091153621673584 2.000002384185791
    vertex 0.0001496306067565456 4.0 2.86102294921875e-06
    vertex -1.0417394638061523 4.091153621673584 2.7418136596679688e-06
  endloop
endfacet
facet normal 0.0 0.0 0.0
  outer loop
    vertex -1.0417397022247314 4.091153621673584 2.000002384185791
    vertex -1.0417394638061523 4.091153621673584 2.7418136596679688e-06
    vertex -2.0519707202911377 4.361844062805176 2.000002384185791
  endloop
endfacet
facet normal 0.0 0.0 0.0
  outer loop
    vertex -2.0519707202911377 4.361844062805176 2.000002384185791
    vertex -1.0417394638061523 4.091153621673584 2.7418136596679688e-06
    vertex -2.0519702434539795 4.361844062805176 2.6226043701171875e-06
  endloop
endfacet
facet normal 0.0 0.0 0.0
  outer loop
    vertex -2.0519707202911377 4.361844062805176 2.000002384185791
    vertex -2.0519702434539795 4.361844062805176 2.6226043701171875e-06
    vertex -2.9998505115509033 4.803847789764404 2.000002145767212
  endloop
endfacet
facet normal 0.0 0.0 0.0
  outer loop
    vertex -2.9998505115509033 4.803847789764404 2.000002145767212
    vertex -2.0519702434539795 4.361844062805176 2.6226043701171875e-06
    vertex -2.999850034713745 4.803847789764404 2.5033950805664062e-06
  endloop
endfacet
facet normal 0.0 0.0 0.0
  outer loop
    vertex -2.9998505115509033 4.803847789764404 2.000002145767212
    vertex -2.999850034713745 4.803847789764404 2.5033950805664062e-06
    vertex -3.856574058532715 5.403733253479004 2.000002145767212
  endloop
endfacet
facet normal 0.0 0.0 0.0
  outer loop
    vertex -3.856574058532715 5.403733253479004 2.000002145767212
    vertex -2.999850034713745 4.803847789764404 2.5033950805664062e-06
    vertex -3.8565735816955566 5.403733253479004 2.384185791015625e-06
  endloop
endfacet
facet normal 0.0 0.0 0.0
  outer loop
    vertex -3.856574058532715 5.403733253479004 2.000002145767212
    vertex -3.8565735816955566 5.403733253479004 2.384185791015625e-06
    vertex -4.5961174964904785 6.143274307250977 2.000001907348633
  endloop
endfacet
facet normal 0.0 0.0 0.0
  outer loop
    vertex -4.5961174964904785 6.143274307250977 2.000001907348633
    vertex -3.8565735816955566 5.403733253479004 2.384185791015625e-06
    vertex -4.5961174964904785 6.143274307250977 2.2649765014648438e-06
  endloop
endfacet
facet normal 0.0 0.0 0.0
  outer loop
    vertex -4.5961174964904785 6.143274307250977 2.000001907348633
    vertex -4.5961174964904785 6.143274307250977 2.2649765014648438e-06
    vertex -5.1960015296936035 7.0 2.000001907348633
  endloop
endfacet
facet normal 0.0 0.0 0.0
  outer loop
    vertex -5.1960015296936035 7.0 2.000001907348633
    vertex -4.5961174964904785 6.143274307250977 2.2649765014648438e-06
    vertex -5.1960015296936035 7.0 2.1457672119140625e-06
  endloop
endfacet
facet normal 0.0 0.0 0.0
  outer loop
    vertex -5.1960015296936035 7.0 2.000001907348633
    vertex -5.1960015296936035 7.0 2.1457672119140625e-06
    vertex -5.638006687164307 7.947879314422607 2.000001907348633
  endloop
endfacet
facet normal 0.0 0.0 0.0
  outer loop
    vertex -5.638006687164307 7.947879314422607 2.000001907348633
    vertex -5.1960015296936035 7.0 2.1457672119140625e-06
    vertex -5.638006687164307 7.947879314422607 2.1457672119140625e-06
  endloop
endfacet
facet normal 0.0 0.0 0.0
  outer loop
    vertex -5.638006687164307 7.947879314422607 2.000001907348633
    vertex -5.638006687164307 7.947879314422607 2.1457672119140625e-06
    vertex -5.908697605133057 8.958110809326172 2.000001907348633
  endloop
endfacet
facet normal 0.0 0.0 0.0
  outer loop
    vertex -5.908697605133057 8.958110809326172 2.000001907348633
    vertex -5.638006687164307 7.947879314422607 2.1457672119140625e-06
    vertex -5.908697605133057 8.958110809326172 2.0265579223632812e-06
  endloop
endfacet
facet normal 0.0 0.0 0.0
  outer loop
    vertex -5.908697605133057 8.958110809326172 2.000001907348633
    vertex -5.908697605133057 8.958110809326172 2.0265579223632812e-06
    vertex -5.999849796295166 10.0 2.000001907348633
  endloop
endfacet
facet normal 0.0 0.0 0.0
  outer loop
    vertex -5.999849796295166 10.0 2.000001907348633
    vertex -5.908697605133057 8.958110809326172 2.0265579223632812e-06
    vertex -5.999849796295166 10.0 2.0265579223632812e-06
  endloop
endfacet
facet normal 0.0 0.0 0.0
  outer loop
    vertex -5.999849796295166 10.0 2.000001907348633
    vertex -5.999849796295166 10.0 2.0265579223632812e-06
    vertex -5.908697605133057 11.041889190673828 2.000001907348633
  endloop
endfacet
facet normal 0.0 0.0 0.0
  outer loop
    vertex -5.908697605133057 11.041889190673828 2.000001907348633
    vertex -5.999849796295166 10.0 2.0265579223632812e-06
    vertex -5.908697605133057 11.041889190673828 2.0265579223632812e-06
  endloop
endfacet
facet normal 0.0 0.0 0.0
  outer loop
    vertex -5.908697605133057 11.041889190673828 2.000001907348633
    vertex -5.908697605133057 11.041889190673828 2.0265579223632812e-06
    vertex -5.638006687164307 12.05212116241455 2.000001907348633
  endloop
endfacet
facet normal 0.0 0.0 0.0
  outer loop
    vertex -5.638006687164307 12.05212116241455 2.000001907348633
    vertex -5.908697605133057 11.041889190673828 2.0265579223632812e-06
    vertex -5.638006687164307 12.05212116241455 2.1457672119140625e-06
  endloop
endfacet
facet normal 0.0 0.0 0.0
  outer loop
    vertex -5.638006687164307 12.05212116241455 2.000001907348633
    vertex -5.638006687164307 12.05212116241455 2.1457672119140625e-06
    vertex -5.1960015296936035 13.0 2.000001907348633
  endloop
endfacet
facet normal 0.0 0.0 0.0
  outer loop
    vertex -5.1960015296936035 13.0 2.000001907348633
    vertex -5.638006687164307 12.05212116241455 2.1457672119140625e-06
    vertex -5.1960015296936035 13.0 2.1457672119140625e-06
  endloop
endfacet
facet normal 0.0 0.0 0.0
  outer loop
    vertex -5.1960015296936035 13.0 2.000001907348633
    vertex -5.1960015296936035 13.0 2.1457672119140625e-06
    vertex -4.5961174964904785 13.856725692749023 2.000001907348633
  endloop
endfacet
facet normal 0.0 0.0 0.0
  outer loop
    vertex -4.5961174964904785 13.856725692749023 2.000001907348633
    vertex -5.1960015296936035 13.0 2.1457672119140625e-06
    vertex -4.5961174964904785 13.856725692749023 2.2649765014648438e-06
  endloop
endfacet
facet normal 0.0 0.0 0.0
  outer loop
    vertex -4.5961174964904785 13.856725692749023 2.000001907348633
    vertex -4.5961174964904785 13.856725692749023 2.2649765014648438e-06
    vertex -3.856574058532715 14.596266746520996 2.000002145767212
  endloop
endfacet
facet normal 0.0 0.0 0.0
  outer loop
    vertex -3.856574058532715 14.596266746520996 2.000002145767212
    vertex -4.5961174964904785 13.856725692749023 2.2649765014648438e-06
    vertex -3.8565735816955566 14.596266746520996 2.384185791015625e-06
  endloop
endfacet
facet normal 0.0 0.0 0.0
  outer loop
    vertex -3.856574058532715 14.596266746520996 2.000002145767212
    vertex -3.8565735816955566 14.596266746520996 2.384185791015625e-06
    vertex -2.9998505115509033 15.196152687072754 2.000002145767212
  endloop
endfacet
facet normal 0.0 0.0 0.0
  outer loop
    vertex -2.9998505115509033 15.196152687072754 2.000002145767212
    vertex -3.8565735816955566 14.596266746520996 2.384185791015625e-06
    vertex -2.999850034713745 15.196152687072754 2.5033950805664062e-06
  endloop
endfacet
facet normal 0.0 0.0 0.0
  outer loop
    vertex -2.9998505115509033 15.196152687072754 2.000002145767212
    vertex -2.999850034713745 15.196152687072754 2.5033950805664062e-06
    vertex -2.0519707202911377 15.638155937194824 2.000002384185791
  endloop
endfacet
facet normal 0.0 0.0 0.0
  outer loop
    vertex -2.0519707202911377 15.638155937194824 2.000002384185791
    vertex -2.999850034713745 15.196152687072754 2.5033950805664062e-06
    vertex -2.0519702434539795 15.638155937194824 2.6226043701171875e-06
  endloop
endfacet
facet normal 0.0 0.0 0.0
  outer loop
    vertex -2.0519707202911377 15.638155937194824 2.000002384185791
    vertex -2.0519702434539795 15.638155937194824 2.6226043701171875e-06
    vertex -1.0417397022247314 15.908846855163574 2.000002384185791
  endloop
endfacet
facet normal 0.0 0.0 0.0
  outer loop
    vertex -1.0417397022247314 15.908846855163574 2.000002384185791
    vertex -2.0519702434539795 15.638155937194824 2.6226043701171875e-06
    vertex -1.0417394638061523 15.908846855163574 2.7418136596679688e-06
  endloop
endfacet
facet normal 0.0 0.0 0.0
  outer loop
    vertex -1.0417397022247314 15.908846855163574 2.000002384185791
    vertex -1.0417394638061523 15.908846855163574 2.7418136596679688e-06
    vertex 0.00014936442312318832 16.0 2.00000262260437
  endloop
endfacet
facet normal 0.0 0.0 0.0
  outer loop
    vertex 0.00014936442312318832 16.0 2.00000262260437
    vertex -1.0417394638061523 15.908846855163574 2.7418136596679688e-06
    vertex 0.0001496306067565456 16.0 2.86102294921875e-06
  endloop
endfacet
facet normal 0.0 0.0 0.0
  outer loop
    vertex 0.00014936442312318832 16.0 2.00000262260437
    vertex 0.0001496306067565456 16.0 2.86102294921875e-06
    vertex 1.0420384407043457 15.908846855163574 2.000002861022949
  endloop
endfacet
facet normal 0.0 0.0 0.0
  outer loop
    vertex 1.0420384407043457 15.908846855163574 2.000002861022949
    vertex 0.0001496306067565456 16.0 2.86102294921875e-06
    vertex 1.0420386791229248 15.908846855163574 2.9802322387695312e-06
  endloop
endfacet
facet normal 0.0 0.0 0.0
  outer loop
    vertex 1.0420384407043457 15.908846855163574 2.000002861022949
    vertex 1.0420386791229248 15.908846855163574 2.9802322387695312e-06
    vertex 2.052269220352173 15.638155937194824 2.000002861022949
  endloop
endfacet
facet normal 0.0 0.0 0.0
  outer loop
    vertex 2.052269220352173 15.638155937194824 2.000002861022949
    vertex 1.0420386791229248 15.908846855163574 2.9802322387695312e-06
    vertex 2.052269697189331 15.638155937194824 3.159046173095703e-06
  endloop
endfacet
facet normal 0.0 0.0 0.0
  outer loop
    vertex 2.052269220352173 15.638155937194824 2.000002861022949
    vertex 2.052269697189331 15.638155937194824 3.159046173095703e-06
    vertex 3.0001487731933594 15.196152687072754 2.000002861022949
  endloop
endfacet
facet normal 0.0 0.0 0.0
  outer loop
    vertex 3.0001487731933594 15.196152687072754 2.000002861022949
    vertex 2.052269697189331 15.638155937194824 3.159046173095703e-06
    vertex 3.0001492500305176 15.196152687072754 3.2782554626464844e-06
  endloop
endfacet
facet normal 0.0 0.0 0.0
  outer loop
    vertex 3.0001487731933594 15.196152687072754 2.000002861022949
    vertex 3.0001492500305176 15.196152687072754 3.2782554626464844e-06
    vertex 3.85687255859375 14.596266746520996 2.0000030994415283
  endloop
endfacet
facet normal 0.0 0.0 0.0
  outer loop
    vertex 3.85687255859375 14.596266746520996 2.0000030994415283
    vertex 3.0001492500305176 15.196152687072754 3.2782554626464844e-06
    vertex 3.856873035430908 14.596266746520996 3.3974647521972656e-06
  endloop
endfacet
facet normal 0.0 0.0 0.0
  outer loop
    vertex 3.85687255859375 14.596266746520996 2.0000030994415283
    vertex 3.856873035430908 14.596266746520996 3.3974647521972656e-06
    vertex 4.59641695022583 13.856725692749023 2.0000033378601074
  endloop
endfacet
facet normal 0.0 0.0 0.0
  outer loop
    vertex 4.59641695022583 13.856725692749023 2.0000033378601074
    vertex 3.856873035430908 14.596266746520996 3.3974647521972656e-06
    vertex 4.59641695022583 13.856725692749023 3.4570693969726562e-06
  endloop
endfacet
facet normal 0.0 0.0 0.0
  outer loop
    vertex 4.59641695022583 13.856725692749023 2.0000033378601074
    vertex 4.59641695022583 13.856725692749023 3.4570693969726562e-06
    vertex 5.196300983428955 13.0 2.0000033378601074
  endloop
endfacet
facet normal 0.0 0.0 0.0
  outer loop
    vertex 5.196300983428955 13.0 2.0000033378601074
    vertex 4.59641695022583 13.856725692749023 3.4570693969726562e-06
    vertex 5.196300983428955 13.0 3.5762786865234375e-06
  endloop
endfacet
facet normal 0.0 0.0 0.0
  outer loop
    vertex 5.196300983428955 13.0 2.0000033378601074
    vertex 5.196300983428955 13.0 3.5762786865234375e-06
    vertex 5.638306140899658 12.05212116241455 2.0000033378601074
  endloop
endfacet
facet normal 0.0 0.0 0.0
  outer loop
    vertex 5.638306140899658 12.05212116241455 2.0000033378601074
    vertex 5.196300983428955 13.0 3.5762786865234375e-06
    vertex 5.638306140899658 12.05212116241455 3.635883331298828e-06
  endloop
endfacet
facet normal 0.0 0.0 0.0
  outer loop
    vertex 5.638306140899658 12.05212116241455 2.0000033378601074
    vertex 5.638306140899658 12.05212116241455 3.635883331298828e-06
    vertex 5.908997058868408 11.041889190673828 2.0000033378601074
  endloop
endfacet
facet normal 0.0 0.0 0.0
  outer loop
    vertex 5.908997058868408 11.041889190673828 2.0000033378601074
    vertex 5.638306140899658 12.05212116241455 3.635883331298828e-06
    vertex 5.908997058868408 11.041889190673828 3.635883331298828e-06
  endloop
endfacet
facet normal 0.0 0.0 0.0
  outer loop
    vertex -5.050962924957275 -21.088228225708008 1.0000020265579224
    vertex -4.085035800933838 -21.347047805786133 2.000002145767212
    vertex -4.999849796295166 -20.700000762939453 1.0000020265579224
  endloop
endfacet
facet normal 0.0 0.0 0.0
  outer loop
    vertex -4.999849796295166 -20.700000762939453 1.0000020265579224
    vertex -4.085035800933838 -21.347047805786133 2.000002145767212
    vertex -3.999850273132324 -20.700000762939453 2.000002145767212
  endloop
endfacet
facet normal 0.0 0.0 0.0
  outer loop
    vertex -4.999849796295166 -20.700000762939453 1.0000020265579224
    vertex -3.999850273132324 -20.700000762939453 2.000002145767212
    vertex -5.050962924957275 -20.311771392822266 1.0000020265579224
  endloop
endfacet
facet normal 0.0 0.0 0.0
  outer loop
    vertex -5.050962924957275 -20.311771392822266 1.0000020265579224
    vertex -3.999850273132324 -20.700000762939453 2.000002145767212
    vertex -4.085035800933838 -20.05295181274414 2.000002145767212
  endloop
endfacet
facet normal 0.0 0.0 0.0
  outer loop
    vertex -5.050962924957275 -20.311771392822266 1.0000020265579224
    vertex -4.085035800933838 -20.05295181274414 2.000002145767212
    vertex -5.200811862945557 -19.950000762939453 1.0000020265579224
  endloop
endfacet
facet normal 0.0 0.0 0.0
  outer loop
    vertex -5.200811862945557 -19.950000762939453 1.0000020265579224
    vertex -4.085035800933838 -20.05295181274414 2.000002145767212
    vertex -4.334787845611572 -19.450000762939453 2.000001907348633
  endloop
endfacet
facet normal 0.0 0.0 0.0
  outer loop
    vertex -5.200811862945557 -19.950000762939453 1.0000020265579224
    vertex -4.334787845611572 -19.450000762939453 2.000001907348633
    vertex -5.439188480377197 -19.639339447021484 1.0000020265579224
  endloop
endfacet
facet normal 0.0 0.0 0.0
  outer loop
    vertex -5.439188480377197 -19.639339447021484 1.0000020265579224
    vertex -4.334787845611572 -19.450000762939453 2.000001907348633
    vertex -4.732080936431885 -18.932233810424805 2.000001907348633
  endloop
endfacet
facet normal 0.0 0.0 0.0
  outer loop
    vertex -5.439188480377197 -19.639339447021484 1.0000020265579224
    vertex -4.732080936431885 -18.932233810424805 2.000001907348633
    vertex -5.749849796295166 -19.400962829589844 1.0000020265579224
  endloop
endfacet
facet normal 0.0 0.0 0.0
  outer loop
    vertex -5.749849796295166 -19.400962829589844 1.0000020265579224
    vertex -4.732080936431885 -18.932233810424805 2.000001907348633
    vertex -5.249849796295166 -18.534936904907227 2.000001907348633
  endloop
endfacet
facet normal 0.0 0.0 0.0
  outer loop
    vertex -5.749849796295166 -19.400962829589844 1.0000020265579224
    vertex -5.249849796295166 -18.534936904907227 2.000001907348633
    vertex -6.11161994934082 -19.25111198425293 1.0000019073486328
  endloop
endfacet
facet normal 0.0 0.0 0.0
  outer loop
    vertex -6.11161994934082 -19.25111198425293 1.0000019073486328
    vertex -5.249849796295166 -18.534936904907227 2.000001907348633
    vertex -5.8528008460998535 -18.285184860229492 2.000001907348633
  endloop
endfacet
facet normal 0.0 0.0 0.0
  outer loop
    vertex -6.11161994934082 -19.25111198425293 1.0000019073486328
    vertex -5.8528008460998535 -18.285184860229492 2.000001907348633
    vertex -6.499849319458008 -19.200000762939453 1.0000019073486328
  endloop
endfacet
facet normal 0.0 0.0 0.0
  outer loop
    vertex -6.499849319458008 -19.200000762939453 1.0000019073486328
    vertex -5.8528008460998535 -18.285184860229492 2.000001907348633
    vertex -6.499849319458008 -18.200000762939453 2.0000016689300537
  endloop
endfacet
facet normal 0.0 0.0 0.0
  outer loop
    vertex -6.499849319458008 -19.200000762939453 1.0000019073486328
    vertex -6.499849319458008 -18.200000762939453 2.0000016689300537
    vertex -6.888078689575195 -19.25111198425293 1.0000017881393433
  endloop
endfacet
facet normal 0.0 0.0 0.0
  outer loop
    vertex -6.888078689575195 -19.25111198425293 1.0000017881393433
    vertex -6.499849319458008 -18.200000762939453 2.0000016689300537
    vertex -7.1468963623046875 -18.285184860229492 2.0000016689300537
  endloop
endfacet
facet normal 0.0 0.0 0.0
  outer loop
    vertex -6.888078689575195 -19.25111198425293 1.0000017881393433
    vertex -7.1468963623046875 -18.285184860229492 2.0000016689300537
    vertex -7.249849319458008 -19.400962829589844 1.0000017881393433
  endloop
endfacet
facet normal 0.0 0.0 0.0
  outer loop
    vertex -7.249849319458008 -19.400962829589844 1.0000017881393433
    vertex -7.1468963623046875 -18.285184860229492 2.0000016689300537
    vertex -7.749849319458008 -18.534936904907227 2.0000016689300537
  endloop
endfacet
facet normal 0.0 0.0 0.0
  outer loop
    vertex -7.249849319458008 -19.400962829589844 1.0000017881393433
    vertex -7.749849319458008 -18.534936904907227 2.0000016689300537
    vertex -7.560508728027344 -19.639339447021484 1.0000017881393433
  endloop
endfacet
facet normal 0.0 0.0 0.0
  outer loop
    vertex -7.560508728027344 -19.639339447021484 1.0000017881393433
    vertex -7.749849319458008 -18.534936904907227 2.0000016689300537
    vertex -8.267616271972656 -18.932233810424805 2.0000014305114746
  endloop
endfacet
facet normal 0.0 0.0 0.0
  outer loop
    vertex -7.560508728027344 -19.639339447021484 1.0000017881393433
    vertex -8.267616271972656 -18.932233810424805 2.0000014305114746
    vertex -7.798887252807617 -19.950000762939453 1.0000016689300537
  endloop
endfacet
facet normal 0.0 0.0 0.0
  outer loop
    vertex -7.798887252807617 -19.950000762939453 1.0000016689300537
    vertex -8.267616271972656 -18.932233810424805 2.0000014305114746
    vertex -8.664913177490234 -19.450000762939453 2.0000014305114746
  endloop
endfacet
facet normal 0.0 0.0 0.0
  outer loop
    vertex -7.798887252807617 -19.950000762939453 1.0000016689300537
    vertex -8.664913177490234 -19.450000762939453 2.0000014305114746
    vertex -7.948738098144531 -20.311771392822266 1.0000016689300537
  endloop
endfacet
facet normal 0.0 0.0 0.0
  outer loop
    vertex -7.948738098144531 -20.311771392822266 1.0000016689300537
    vertex -8.664913177490234 -19.450000762939453 2.0000014305114746
    vertex -8.914663314819336 -20.05295181274414 2.0000014305114746
  endloop
endfacet
facet normal 0.0 0.0 0.0
  outer loop
    vertex -7.948738098144531 -20.311771392822266 1.0000016689300537
    vertex -8.914663314819336 -20.05295181274414 2.0000014305114746
    vertex -7.999849319458008 -20.700000762939453 1.0000016689300537
  endloop
endfacet
facet normal 0.0 0.0 0.0
  outer loop
    vertex -7.999849319458008 -20.700000762939453 1.0000016689300537
    vertex -8.914663314819336 -20.05295181274414 2.0000014305114746
    vertex -8.999849319458008 -20.700000762939453 2.0000014305114746
  endloop
endfacet
facet normal 0.0 0.0 0.0
  outer loop
    vertex -7.999849319458008 -20.700000762939453 1.0000016689300537
    vertex -8.999849319458008 -20.700000762939453 2.0000014305114746
    vertex -7.948738098144531 -21.088228225708008 1.0000016689300537
  endloop
endfacet
facet normal 0.0 0.0 0.0
  outer loop
    vertex -7.948738098144531 -21.088228225708008 1.0000016689300537
    vertex -8.999849319458008 -20.700000762939453 2.0000014305114746
    vertex -8.914663314819336 -21.347047805786133 2.0000014305114746
  endloop
endfacet
facet normal 0.0 0.0 0.0
  outer loop
    vertex -7.948738098144531 -21.088228225708008 1.0000016689300537
    vertex -8.914663314819336 -21.347047805786133 2.0000014305114746
    vertex -7.798887252807617 -21.450000762939453 1.0000016689300537
  endloop
endfacet
facet normal 0.0 0.0 0.0
  outer loop
    vertex -7.798887252807617 -21.450000762939453 1.0000016689300537
    vertex -8.914663314819336 -21.347047805786133 2.0000014305114746
    vertex -8.664913177490234 -21.950000762939453 2.0000014305114746
  endloop
endfacet
facet normal 0.0 0.0 0.0
  outer loop
    vertex -7.798887252807617 -21.450000762939453 1.0000016689300537
    vertex -8.664913177490234 -21.950000762939453 2.0000014305114746
    vertex -7.560508728027344 -21.76066017150879 1.0000017881393433
  endloop
endfacet
facet normal 0.0 0.0 0.0
  outer loop
    vertex -7.560508728027344 -21.76066017150879 1.0000017881393433
    vertex -8.664913177490234 -21.950000762939453 2.0000014305114746
    vertex -8.267616271972656 -22.4677677154541 2.0000014305114746
  endloop
endfacet
facet normal 0.0 0.0 0.0
  outer loop
    vertex -7.560508728027344 -21.76066017150879 1.0000017881393433
    vertex -8.267616271972656 -22.4677677154541 2.0000014305114746
    vertex -7.249849319458008 -21.999038696289062 1.0000017881393433
  endloop
endfacet
facet normal 0.0 0.0 0.0
  outer loop
    vertex -7.249849319458008 -21.999038696289062 1.0000017881393433
    vertex -8.267616271972656 -22.4677677154541 2.0000014305114746
    vertex -7.749849319458008 -22.865062713623047 2.0000016689300537
  endloop
endfacet
facet normal 0.0 0.0 0.0
  outer loop
    vertex -7.249849319458008 -21.999038696289062 1.0000017881393433
    vertex -7.749849319458008 -22.865062713623047 2.0000016689300537
    vertex -6.888078689575195 -22.148889541625977 1.0000017881393433
  endloop
endfacet
facet normal 0.0 0.0 0.0
  outer loop
    vertex -6.888078689575195 -22.148889541625977 1.0000017881393433
    vertex -7.749849319458008 -22.865062713623047 2.0000016689300537
    vertex -7.1468963623046875 -23.11481475830078 2.0000016689300537
  endloop
endfacet
facet normal 0.0 0.0 0.0
  outer loop
    vertex -6.888078689575195 -22.148889541625977 1.0000017881393433
    vertex -7.1468963623046875 -23.11481475830078 2.0000016689300537
    vertex -6.499849319458008 -22.200000762939453 1.0000019073486328
  endloop
endfacet
facet normal 0.0 0.0 0.0
  outer loop
    vertex -6.499849319458008 -22.200000762939453 1.0000019073486328
    vertex -7.1468963623046875 -23.11481475830078 2.0000016689300537
    vertex -6.499849319458008 -23.200000762939453 2.0000016689300537
  endloop
endfacet
facet normal 0.0 0.0 0.0
  outer loop
    vertex -6.499849319458008 -22.200000762939453 1.0000019073486328
    vertex -6.499849319458008 -23.200000762939453 2.0000016689300537
    vertex -6.11161994934082 -22.148889541625977 1.0000019073486328
  endloop
endfacet
facet normal 0.0 0.0 0.0
  outer loop
    vertex -6.11161994934082 -22.148889541625977 1.0000019073486328
    vertex -6.499849319458008 -23.200000762939453 2.0000016689300537
    vertex -5.8528008460998535 -23.11481475830078 2.000001907348633
  endloop
endfacet
facet normal 0.0 0.0 0.0
  outer loop
    vertex -6.11161994934082 -22.148889541625977 1.0000019073486328
    vertex -5.8528008460998535 -23.11481475830078 2.000001907348633
    vertex -5.749849796295166 -21.999038696289062 1.0000020265579224
  endloop
endfacet
facet normal 0.0 0.0 0.0
  outer loop
    vertex -5.749849796295166 -21.999038696289062 1.0000020265579224
    vertex -5.8528008460998535 -23.11481475830078 2.000001907348633
    vertex -5.249849796295166 -22.865062713623047 2.000001907348633
  endloop
endfacet
facet normal 0.0 0.0 0.0
  outer loop
    vertex -5.749849796295166 -21.999038696289062 1.0000020265579224
    vertex -5.249849796295166 -22.865062713623047 2.000001907348633
    vertex -5.439188480377197 -21.76066017150879 1.0000020265579224
  endloop
endfacet
facet normal 0.0 0.0 0.0
  outer loop
    vertex -5.439188480377197 -21.76066017150879 1.0000020265579224
    vertex -5.249849796295166 -22.865062713623047 2.000001907348633
    vertex -4.732080936431885 -22.4677677154541 2.000001907348633
  endloop
endfacet
facet normal 0.0 0.0 0.0
  outer loop
    vertex -5.439188480377197 -21.76066017150879 1.0000020265579224
    vertex -4.732080936431885 -22.4677677154541 2.000001907348633
    vertex -5.200811862945557 -21.450000762939453 1.0000020265579224
  endloop
endfacet
facet normal 0.0 0.0 0.0
  outer loop
    vertex -5.200811862945557 -21.450000762939453 1.0000020265579224
    vertex -4.732080936431885 -22.4677677154541 2.000001907348633
    vertex -4.334787845611572 -21.950000762939453 2.000001907348633
  endloop
endfacet
facet normal 0.0 0.0 0.0
  outer loop
    vertex -5.200811862945557 -21.450000762939453 1.0000020265579224
    vertex -4.334787845611572 -21.950000762939453 2.000001907348633
    vertex -5.050962924957275 -21.088228225708008 1.0000020265579224
  endloop
endfacet
facet normal 0.0 0.0 0.0
  outer loop
    vertex -5.050962924957275 -21.088228225708008 1.0000020265579224
    vertex -4.334787845611572 -21.950000762939453 2.000001907348633
    vertex -4.085035800933838 -21.347047805786133 2.000002145767212
  endloop
endfacet
facet normal 0.0 0.0 0.0
  outer loop
    vertex -5.050962924957275 -21.088228225708008 2.1457672119140625e-06
    vertex -5.050962924957275 -21.088228225708008 1.0000020265579224
    vertex -4.999849796295166 -20.700000762939453 2.1457672119140625e-06
  endloop
endfacet
facet normal 0.0 0.0 0.0
  outer loop
    vertex -4.999849796295166 -20.700000762939453 2.1457672119140625e-06
    vertex -5.050962924957275 -21.088228225708008 1.0000020265579224
    vertex -4.999849796295166 -20.700000762939453 1.0000020265579224
  endloop
endfacet
facet normal 0.0 0.0 0.0
  outer loop
    vertex -4.999849796295166 -20.700000762939453 2.1457672119140625e-06
    vertex -4.999849796295166 -20.700000762939453 1.0000020265579224
    vertex -5.050962924957275 -20.311771392822266 2.1457672119140625e-06
  endloop
endfacet
facet normal 0.0 0.0 0.0
  outer loop
    vertex -5.050962924957275 -20.311771392822266 2.1457672119140625e-06
    vertex -4.999849796295166 -20.700000762939453 1.0000020265579224
    vertex -5.050962924957275 -20.311771392822266 1.0000020265579224
  endloop
endfacet
facet normal 0.0 0.0 0.0
  outer loop
    vertex -5.050962924957275 -20.311771392822266 2.1457672119140625e-06
    vertex -5.050962924957275 -20.311771392822266 1.0000020265579224
    vertex -5.200811862945557 -19.950000762939453 2.1457672119140625e-06
  endloop
endfacet
facet normal 0.0 0.0 0.0
  outer loop
    vertex -5.200811862945557 -19.950000762939453 2.1457672119140625e-06
    vertex -5.050962924957275 -20.311771392822266 1.0000020265579224
    vertex -5.200811862945557 -19.950000762939453 1.0000020265579224
  endloop
endfacet
facet normal 0.0 0.0 0.0
  outer loop
    vertex -5.200811862945557 -19.950000762939453 2.1457672119140625e-06
    vertex -5.200811862945557 -19.950000762939453 1.0000020265579224
    vertex -5.439188480377197 -19.639339447021484 2.1457672119140625e-06
  endloop
endfacet
facet normal 0.0 0.0 0.0
  outer loop
    vertex -5.439188480377197 -19.639339447021484 2.1457672119140625e-06
    vertex -5.200811862945557 -19.950000762939453 1.0000020265579224
    vertex -5.439188480377197 -19.639339447021484 1.0000020265579224
  endloop
endfacet
facet normal 0.0 0.0 0.0
  outer loop
    vertex -5.439188480377197 -19.639339447021484 2.1457672119140625e-06
    vertex -5.439188480377197 -19.639339447021484 1.0000020265579224
    vertex -5.749849796295166 -19.400962829589844 2.1457672119140625e-06
  endloop
endfacet
facet normal 0.0 0.0 0.0
  outer loop
    vertex -5.749849796295166 -19.400962829589844 2.1457672119140625e-06
    vertex -5.439188480377197 -19.639339447021484 1.0000020265579224
    vertex -5.749849796295166 -19.400962829589844 1.0000020265579224
  endloop
endfacet
facet normal 0.0 0.0 0.0
  outer loop
    vertex -5.749849796295166 -19.400962829589844 2.1457672119140625e-06
    vertex -5.749849796295166 -19.400962829589844 1.0000020265579224
    vertex -6.11161994934082 -19.25111198425293 2.0265579223632812e-06
  endloop
endfacet
facet normal 0.0 0.0 0.0
  outer loop
    vertex -6.11161994934082 -19.25111198425293 2.0265579223632812e-06
    vertex -5.749849796295166 -19.400962829589844 1.0000020265579224
    vertex -6.11161994934082 -19.25111198425293 1.0000019073486328
  endloop
endfacet
facet normal 0.0 0.0 0.0
  outer loop
    vertex -6.11161994934082 -19.25111198425293 2.0265579223632812e-06
    vertex -6.11161994934082 -19.25111198425293 1.0000019073486328
    vertex -6.499849319458008 -19.200000762939453 2.0265579223632812e-06
  endloop
endfacet
facet normal 0.0 0.0 0.0
  outer loop
    vertex -6.499849319458008 -19.200000762939453 2.0265579223632812e-06
    vertex -6.11161994934082 -19.25111198425293 1.0000019073486328
    vertex -6.499849319458008 -19.200000762939453 1.0000019073486328
  endloop
endfacet
facet normal 0.0 0.0 0.0
  outer loop
    vertex -6.499849319458008 -19.200000762939453 2.0265579223632812e-06
    vertex -6.499849319458008 -19.200000762939453 1.0000019073486328
    vertex -6.888078689575195 -19.25111198425293 1.9073486328125e-06
  endloop
endfacet
facet normal 0.0 0.0 0.0
  outer loop
    vertex -6.888078689575195 -19.25111198425293 1.9073486328125e-06
    vertex -6.499849319458008 -19.200000762939453 1.0000019073486328
    vertex -6.888078689575195 -19.25111198425293 1.0000017881393433
  endloop
endfacet
facet normal 0.0 0.0 0.0
  outer loop
    vertex -6.888078689575195 -19.25111198425293 1.9073486328125e-06
    vertex -6.888078689575195 -19.25111198425293 1.0000017881393433
    vertex -7.249849319458008 -19.400962829589844 1.9073486328125e-06
  endloop
endfacet
facet normal 0.0 0.0 0.0
  outer loop
    vertex -7.249849319458008 -19.400962829589844 1.9073486328125e-06
    vertex -6.888078689575195 -19.25111198425293 1.0000017881393433
    vertex -7.249849319458008 -19.400962829589844 1.0000017881393433
  endloop
endfacet
facet normal 0.0 0.0 0.0
  outer loop
    vertex -7.249849319458008 -19.400962829589844 1.9073486328125e-06
    vertex -7.249849319458008 -19.400962829589844 1.0000017881393433
    vertex -7.560508728027344 -19.639339447021484 1.9073486328125e-06
  endloop
endfacet
facet normal 0.0 0.0 0.0
  outer loop
    vertex -7.560508728027344 -19.639339447021484 1.9073486328125e-06
    vertex -7.249849319458008 -19.400962829589844 1.0000017881393433
    vertex -7.560508728027344 -19.639339447021484 1.0000017881393433
  endloop
endfacet
facet normal 0.0 0.0 0.0
  outer loop
    vertex -7.560508728027344 -19.639339447021484 1.9073486328125e-06
    vertex -7.560508728027344 -19.639339447021484 1.0000017881393433
    vertex -7.798887252807617 -19.950000762939453 1.7881393432617188e-06
  endloop
endfacet
facet normal 0.0 0.0 0.0
  outer loop
    vertex -7.798887252807617 -19.950000762939453 1.7881393432617188e-06
    vertex -7.560508728027344 -19.639339447021484 1.0000017881393433
    vertex -7.798887252807617 -19.950000762939453 1.0000016689300537
  endloop
endfacet
facet normal 0.0 0.0 0.0
  outer loop
    vertex -7.798887252807617 -19.950000762939453 1.7881393432617188e-06
    vertex -7.798887252807617 -19.950000762939453 1.0000016689300537
    vertex -7.948738098144531 -20.311771392822266 1.7881393432617188e-06
  endloop
endfacet
facet normal 0.0 0.0 0.0
  outer loop
    vertex -7.948738098144531 -20.311771392822266 1.7881393432617188e-06
    vertex -7.798887252807617 -19.950000762939453 1.0000016689300537
    vertex -7.948738098144531 -20.311771392822266 1.0000016689300537
  endloop
endfacet
facet normal 0.0 0.0 0.0
  outer loop
    vertex -7.948738098144531 -20.311771392822266 1.7881393432617188e-06
    vertex -7.948738098144531 -20.311771392822266 1.0000016689300537
    vertex -7.999849319458008 -20.700000762939453 1.7881393432617188e-06
  endloop
endfacet
facet normal 0.0 0.0 0.0
  outer loop
    vertex -7.999849319458008 -20.700000762939453 1.7881393432617188e-06
    vertex -7.948738098144531 -20.311771392822266 1.0000016689300537
    vertex -7.999849319458008 -20.700000762939453 1.0000016689300537
  endloop
endfacet
facet normal 0.0 0.0 0.0
  outer loop
    vertex -7.999849319458008 -20.700000762939453 1.7881393432617188e-06
    vertex -7.999849319458008 -20.700000762939453 1.0000016689300537
    vertex -7.948738098144531 -21.088228225708008 1.7881393432617188e-06
  endloop
endfacet
facet normal 0.0 0.0 0.0
  outer loop
    vertex -7.948738098144531 -21.088228225708008 1.7881393432617188e-06
    vertex -7.999849319458008 -20.700000762939453 1.0000016689300537
    vertex -7.948738098144531 -21.088228225708008 1.0000016689300537
  endloop
endfacet
facet normal 0.0 0.0 0.0
  outer loop
    vertex -7.948738098144531 -21.088228225708008 1.7881393432617188e-06
    vertex -7.948738098144531 -21.088228225708008 1.0000016689300537
    vertex -7.798887252807617 -21.450000762939453 1.7881393432617188e-06
  endloop
endfacet
facet normal 0.0 0.0 0.0
  outer loop
    vertex -7.798887252807617 -21.450000762939453 1.7881393432617188e-06
    vertex -7.948738098144531 -21.088228225708008 1.0000016689300537
    vertex -7.798887252807617 -21.450000762939453 1.0000016689300537
  endloop
endfacet
facet normal 0.0 0.0 0.0
  outer loop
    vertex -7.798887252807617 -21.450000762939453 1.7881393432617188e-06
    vertex -7.798887252807617 -21.450000762939453 1.0000016689300537
    vertex -7.560508728027344 -21.76066017150879 1.9073486328125e-06
  endloop
endfacet
facet normal 0.0 0.0 0.0
  outer loop
    vertex -7.560508728027344 -21.76066017150879 1.9073486328125e-06
    vertex -7.798887252807617 -21.450000762939453 1.0000016689300537
    vertex -7.560508728027344 -21.76066017150879 1.0000017881393433
  endloop
endfacet
facet normal 0.0 0.0 0.0
  outer loop
    vertex -7.560508728027344 -21.76066017150879 1.9073486328125e-06
    vertex -7.560508728027344 -21.76066017150879 1.0000017881393433
    vertex -7.249849319458008 -21.999038696289062 1.9073486328125e-06
  endloop
endfacet
facet normal 0.0 0.0 0.0
  outer loop
    vertex -7.249849319458008 -21.999038696289062 1.9073486328125e-06
    vertex -7.560508728027344 -21.76066017150879 1.0000017881393433
    vertex -7.249849319458008 -21.999038696289062 1.0000017881393433
  endloop
endfacet
facet normal 0.0 0.0 0.0
  outer loop
    vertex -7.249849319458008 -21.999038696289062 1.9073486328125e-06
    vertex -7.249849319458008 -21.999038696289062 1.0000017881393433
    vertex -6.888078689575195 -22.148889541625977 1.9073486328125e-06
  endloop
endfacet
facet normal 0.0 0.0 0.0
  outer loop
    vertex -6.888078689575195 -22.148889541625977 1.9073486328125e-06
    vertex -7.249849319458008 -21.999038696289062 1.0000017881393433
    vertex -6.888078689575195 -22.148889541625977 1.0000017881393433
  endloop
endfacet
facet normal 0.0 0.0 0.0
  outer loop
    vertex -6.888078689575195 -22.148889541625977 1.9073486328125e-06
    vertex -6.888078689575195 -22.148889541625977 1.0000017881393433
    vertex -6.499849319458008 -22.200000762939453 2.0265579223632812e-06
  endloop
endfacet
facet normal 0.0 0.0 0.0
  outer loop
    vertex -6.499849319458008 -22.200000762939453 2.0265579223632812e-06
    vertex -6.888078689575195 -22.148889541625977 1.0000017881393433
    vertex -6.499849319458008 -22.200000762939453 1.0000019073486328
  endloop
endfacet
facet normal 0.0 0.0 0.0
  outer loop
    vertex -6.499849319458008 -22.200000762939453 2.0265579223632812e-06
    vertex -6.499849319458008 -22.200000762939453 1.0000019073486328
    vertex -6.11161994934082 -22.148889541625977 2.0265579223632812e-06
  endloop
endfacet
facet normal 0.0 0.0 0.0
  outer loop
    vertex -6.11161994934082 -22.148889541625977 2.0265579223632812e-06
    vertex -6.499849319458008 -22.200000762939453 1.0000019073486328
    vertex -6.11161994934082 -22.148889541625977 1.0000019073486328
  endloop
endfacet
facet normal 0.0 0.0 0.0
  outer loop
    vertex -6.11161994934082 -22.148889541625977 2.0265579223632812e-06
    vertex -6.11161994934082 -22.148889541625977 1.0000019073486328
    vertex -5.749849796295166 -21.999038696289062 2.1457672119140625e-06
  endloop
endfacet
facet normal 0.0 0.0 0.0
  outer loop
    vertex -5.749849796295166 -21.999038696289062 2.1457672119140625e-06
    vertex -6.11161994934082 -22.148889541625977 1.0000019073486328
    vertex -5.749849796295166 -21.999038696289062 1.0000020265579224
  endloop
endfacet
facet normal 0.0 0.0 0.0
  outer loop
    vertex -5.749849796295166 -21.999038696289062 2.1457672119140625e-06
    vertex -5.749849796295166 -21.999038696289062 1.0000020265579224
    vertex -5.439188480377197 -21.76066017150879 2.1457672119140625e-06
  endloop
endfacet
facet normal 0.0 0.0 0.0
  outer loop
    vertex -5.439188480377197 -21.76066017150879 2.1457672119140625e-06
    vertex -5.749849796295166 -21.999038696289062 1.0000020265579224
    vertex -5.439188480377197 -21.76066017150879 1.0000020265579224
  endloop
endfacet
facet normal 0.0 0.0 0.0
  outer loop
    vertex -5.439188480377197 -21.76066017150879 2.1457672119140625e-06
    vertex -5.439188480377197 -21.76066017150879 1.0000020265579224
    vertex -5.200811862945557 -21.450000762939453 2.1457672119140625e-06
  endloop
endfacet
facet normal 0.0 0.0 0.0
  outer loop
    vertex -5.200811862945557 -21.450000762939453 2.1457672119140625e-06
    vertex -5.439188480377197 -21.76066017150879 1.0000020265579224
    vertex -5.200811862945557 -21.450000762939453 1.0000020265579224
  endloop
endfacet
facet normal 0.0 0.0 0.0
  outer loop
    vertex -5.200811862945557 -21.450000762939453 2.1457672119140625e-06
    vertex -5.200811862945557 -21.450000762939453 1.0000020265579224
    vertex -5.050962924957275 -21.088228225708008 2.1457672119140625e-06
  endloop
endfacet
facet normal 0.0 0.0 0.0
  outer loop
    vertex -5.050962924957275 -21.088228225708008 2.1457672119140625e-06
    vertex -5.200811862945557 -21.450000762939453 1.0000020265579224
    vertex -5.050962924957275 -21.088228225708008 1.0000020265579224
  endloop
endfacet
facet normal 0.0 0.0 0.0
  outer loop
    vertex 7.94903564453125 -21.088228225708008 1.0000038146972656
    vertex 8.914962768554688 -21.347047805786133 2.0000038146972656
    vertex 8.00014877319336 -20.700000762939453 1.0000038146972656
  endloop
endfacet
facet normal 0.0 0.0 0.0
  outer loop
    vertex 8.00014877319336 -20.700000762939453 1.0000038146972656
    vertex 8.914962768554688 -21.347047805786133 2.0000038146972656
    vertex 9.00014877319336 -20.700000762939453 2.0000038146972656
  endloop
endfacet
facet normal 0.0 0.0 0.0
  outer loop
    vertex 8.00014877319336 -20.700000762939453 1.0000038146972656
    vertex 9.00014877319336 -20.700000762939453 2.0000038146972656
    vertex 7.94903564453125 -20.311771392822266 1.0000038146972656
  endloop
endfacet
facet normal 0.0 0.0 0.0
  outer loop
    vertex 7.94903564453125 -20.311771392822266 1.0000038146972656
    vertex 9.00014877319336 -20.700000762939453 2.0000038146972656
    vertex 8.914962768554688 -20.05295181274414 2.0000038146972656
  endloop
endfacet
facet normal 0.0 0.0 0.0
  outer loop
    vertex 7.94903564453125 -20.311771392822266 1.0000038146972656
    vertex 8.914962768554688 -20.05295181274414 2.0000038146972656
    vertex 7.799186706542969 -19.950000762939453 1.0000038146972656
  endloop
endfacet
facet normal 0.0 0.0 0.0
  outer loop
    vertex 7.799186706542969 -19.950000762939453 1.0000038146972656
    vertex 8.914962768554688 -20.05295181274414 2.0000038146972656
    vertex 8.665210723876953 -19.450000762939453 2.0000038146972656
  endloop
endfacet
facet normal 0.0 0.0 0.0
  outer loop
    vertex 7.799186706542969 -19.950000762939453 1.0000038146972656
    vertex 8.665210723876953 -19.450000762939453 2.0000038146972656
    vertex 7.560810089111328 -19.639339447021484 1.000003695487976
  endloop
endfacet
facet normal 0.0 0.0 0.0
  outer loop
    vertex 7.560810089111328 -19.639339447021484 1.000003695487976
    vertex 8.665210723876953 -19.450000762939453 2.0000038146972656
    vertex 8.26791763305664 -18.932233810424805 2.0000038146972656
  endloop
endfacet
facet normal 0.0 0.0 0.0
  outer loop
    vertex 7.560810089111328 -19.639339447021484 1.000003695487976
    vertex 8.26791763305664 -18.932233810424805 2.0000038146972656
    vertex 7.250148773193359 -19.400962829589844 1.000003695487976
  endloop
endfacet
facet normal 0.0 0.0 0.0
  outer loop
    vertex 7.250148773193359 -19.400962829589844 1.000003695487976
    vertex 8.26791763305664 -18.932233810424805 2.0000038146972656
    vertex 7.750148773193359 -18.534936904907227 2.0000038146972656
  endloop
endfacet
facet normal 0.0 0.0 0.0
  outer loop
    vertex 7.250148773193359 -19.400962829589844 1.000003695487976
    vertex 7.750148773193359 -18.534936904907227 2.0000038146972656
    vertex 6.888378143310547 -19.25111198425293 1.000003695487976
  endloop
endfacet
facet normal 0.0 0.0 0.0
  outer loop
    vertex 6.888378143310547 -19.25111198425293 1.000003695487976
    vertex 7.750148773193359 -18.534936904907227 2.0000038146972656
    vertex 7.147197723388672 -18.285184860229492 2.0000035762786865
  endloop
endfacet
facet normal 0.0 0.0 0.0
  outer loop
    vertex 6.888378143310547 -19.25111198425293 1.000003695487976
    vertex 7.147197723388672 -18.285184860229492 2.0000035762786865
    vertex 6.500148773193359 -19.200000762939453 1.0000035762786865
  endloop
endfacet
facet normal 0.0 0.0 0.0
  outer loop
    vertex 6.500148773193359 -19.200000762939453 1.0000035762786865
    vertex 7.147197723388672 -18.285184860229492 2.0000035762786865
    vertex 6.500148773193359 -18.200000762939453 2.0000033378601074
  endloop
endfacet
facet normal 0.0 0.0 0.0
  outer loop
    vertex 6.500148773193359 -19.200000762939453 1.0000035762786865
    vertex 6.500148773193359 -18.200000762939453 2.0000033378601074
    vertex 6.111919403076172 -19.25111198425293 1.0000035762786865
  endloop
endfacet
facet normal 0.0 0.0 0.0
  outer loop
    vertex 6.111919403076172 -19.25111198425293 1.0000035762786865
    vertex 6.500148773193359 -18.200000762939453 2.0000033378601074
    vertex 5.853100299835205 -18.285184860229492 2.0000033378601074
  endloop
endfacet
facet normal 0.0 0.0 0.0
  outer loop
    vertex 6.111919403076172 -19.25111198425293 1.0000035762786865
    vertex 5.853100299835205 -18.285184860229492 2.0000033378601074
    vertex 5.750149250030518 -19.400962829589844 1.000003457069397
  endloop
endfacet
facet normal 0.0 0.0 0.0
  outer loop
    vertex 5.750149250030518 -19.400962829589844 1.000003457069397
    vertex 5.853100299835205 -18.285184860229492 2.0000033378601074
    vertex 5.250149250030518 -18.534936904907227 2.0000033378601074
  endloop
endfacet
facet normal 0.0 0.0 0.0
  outer loop
    vertex 5.750149250030518 -19.400962829589844 1.000003457069397
    vertex 5.250149250030518 -18.534936904907227 2.0000033378601074
    vertex 5.439487934112549 -19.639339447021484 1.000003457069397
  endloop
endfacet
facet normal 0.0 0.0 0.0
  outer loop
    vertex 5.439487934112549 -19.639339447021484 1.000003457069397
    vertex 5.250149250030518 -18.534936904907227 2.0000033378601074
    vertex 4.732380390167236 -18.932233810424805 2.0000033378601074
  endloop
endfacet
facet normal 0.0 0.0 0.0
  outer loop
    vertex 5.439487934112549 -19.639339447021484 1.000003457069397
    vertex 4.732380390167236 -18.932233810424805 2.0000033378601074
    vertex 5.201111316680908 -19.950000762939453 1.000003457069397
  endloop
endfacet
facet normal 0.0 0.0 0.0
  outer loop
    vertex 5.201111316680908 -19.950000762939453 1.000003457069397
    vertex 4.732380390167236 -18.932233810424805 2.0000033378601074
    vertex 4.335087299346924 -19.450000762939453 2.0000033378601074
  endloop
endfacet
facet normal 0.0 0.0 0.0
  outer loop
    vertex 5.201111316680908 -19.950000762939453 1.000003457069397
    vertex 4.335087299346924 -19.450000762939453 2.0000033378601074
    vertex 5.051262378692627 -20.311771392822266 1.000003457069397
  endloop
endfacet
facet normal 0.0 0.0 0.0
  outer loop
    vertex 5.051262378692627 -20.311771392822266 1.000003457069397
    vertex 4.335087299346924 -19.450000762939453 2.0000033378601074
    vertex 4.0853352546691895 -20.05295181274414 2.0000033378601074
  endloop
endfacet
facet normal 0.0 0.0 0.0
  outer loop
    vertex 5.051262378692627 -20.311771392822266 1.000003457069397
    vertex 4.0853352546691895 -20.05295181274414 2.0000033378601074
    vertex 5.000149250030518 -20.700000762939453 1.000003457069397
  endloop
endfacet
facet normal 0.0 0.0 0.0
  outer loop
    vertex 5.000149250030518 -20.700000762939453 1.000003457069397
    vertex 4.0853352546691895 -20.05295181274414 2.0000033378601074
    vertex 4.000149250030518 -20.700000762939453 2.0000030994415283
  endloop
endfacet
facet normal 0.0 0.0 0.0
  outer loop
    vertex 5.000149250030518 -20.700000762939453 1.000003457069397
    vertex 4.000149250030518 -20.700000762939453 2.0000030994415283
    vertex 5.051262378692627 -21.088228225708008 1.000003457069397
  endloop
endfacet
facet normal 0.0 0.0 0.0
  outer loop
    vertex 5.051262378692627 -21.088228225708008 1.000003457069397
    vertex 4.000149250030518 -20.700000762939453 2.0000030994415283
    vertex 4.0853352546691895 -21.347047805786133 2.0000033378601074
  endloop
endfacet
facet normal 0.0 0.0 0.0
  outer loop
    vertex 5.051262378692627 -21.088228225708008 1.000003457069397
    vertex 4.0853352546691895 -21.347047805786133 2.0000033378601074
    vertex 5.201111316680908 -21.450000762939453 1.000003457069397
  endloop
endfacet
facet normal 0.0 0.0 0.0
  outer loop
    vertex 5.201111316680908 -21.450000762939453 1.000003457069397
    vertex 4.0853352546691895 -21.347047805786133 2.0000033378601074
    vertex 4.335087299346924 -21.950000762939453 2.0000033378601074
  endloop
endfacet
facet normal 0.0 0.0 0.0
  outer loop
    vertex 5.201111316680908 -21.450000762939453 1.000003457069397
    vertex 4.335087299346924 -21.950000762939453 2.0000033378601074
    vertex 5.439487934112549 -21.76066017150879 1.000003457069397
  endloop
endfacet
facet normal 0.0 0.0 0.0
  outer loop
    vertex 5.439487934112549 -21.76066017150879 1.000003457069397
    vertex 4.335087299346924 -21.950000762939453 2.0000033378601074
    vertex 4.732380390167236 -22.4677677154541 2.0000033378601074
  endloop
endfacet
facet normal 0.0 0.0 0.0
  outer loop
    vertex 5.439487934112549 -21.76066017150879 1.000003457069397
    vertex 4.732380390167236 -22.4677677154541 2.0000033378601074
    vertex 5.750149250030518 -21.999038696289062 1.000003457069397
  endloop
endfacet
facet normal 0.0 0.0 0.0
  outer loop
    vertex 5.750149250030518 -21.999038696289062 1.000003457069397
    vertex 4.732380390167236 -22.4677677154541 2.0000033378601074
    vertex 5.250149250030518 -22.865062713623047 2.0000033378601074
  endloop
endfacet
facet normal 0.0 0.0 0.0
  outer loop
    vertex 5.750149250030518 -21.999038696289062 1.000003457069397
    vertex 5.250149250030518 -22.865062713623047 2.0000033378601074
    vertex 6.111919403076172 -22.148889541625977 1.0000035762786865
  endloop
endfacet
facet normal 0.0 0.0 0.0
  outer loop
    vertex 6.111919403076172 -22.148889541625977 1.0000035762786865
    vertex 5.250149250030518 -22.865062713623047 2.0000033378601074
    vertex 5.853100299835205 -23.11481475830078 2.0000033378601074
  endloop
endfacet
facet normal 0.0 0.0 0.0
  outer loop
    vertex 6.111919403076172 -22.148889541625977 1.0000035762786865
    vertex 5.853100299835205 -23.11481475830078 2.0000033378601074
    vertex 6.500148773193359 -22.200000762939453 1.0000035762786865
  endloop
endfacet
facet normal 0.0 0.0 0.0
  outer loop
    vertex 6.500148773193359 -22.200000762939453 1.0000035762786865
    vertex 5.853100299835205 -23.11481475830078 2.0000033378601074
    vertex 6.500148773193359 -23.200000762939453 2.0000033378601074
  endloop
endfacet
facet normal 0.0 0.0 0.0
  outer loop
    vertex 6.500148773193359 -22.200000762939453 1.0000035762786865
    vertex 6.500148773193359 -23.200000762939453 2.0000033378601074
    vertex 6.888378143310547 -22.148889541625977 1.000003695487976
  endloop
endfacet
facet normal 0.0 0.0 0.0
  outer loop
    vertex 6.888378143310547 -22.148889541625977 1.000003695487976
    vertex 6.500148773193359 -23.200000762939453 2.0000033378601074
    vertex 7.147197723388672 -23.11481475830078 2.0000035762786865
  endloop
endfacet
facet normal 0.0 0.0 0.0
  outer loop
    vertex 6.888378143310547 -22.148889541625977 1.000003695487976
    vertex 7.147197723388672 -23.11481475830078 2.0000035762786865
    vertex 7.250148773193359 -21.999038696289062 1.000003695487976
  endloop
endfacet
facet normal 0.0 0.0 0.0
  outer loop
    vertex 7.250148773193359 -21.999038696289062 1.000003695487976
    vertex 7.147197723388672 -23.11481475830078 2.0000035762786865
    vertex 7.750148773193359 -22.865062713623047 2.0000038146972656
  endloop
endfacet
facet normal 0.0 0.0 0.0
  outer loop
    vertex 7.250148773193359 -21.999038696289062 1.000003695487976
    vertex 7.750148773193359 -22.865062713623047 2.0000038146972656
    vertex 7.560810089111328 -21.76066017150879 1.000003695487976
  endloop
endfacet
facet normal 0.0 0.0 0.0
  outer loop
    vertex 7.560810089111328 -21.76066017150879 1.000003695487976
    vertex 7.750148773193359 -22.865062713623047 2.0000038146972656
    vertex 8.26791763305664 -22.4677677154541 2.0000038146972656
  endloop
endfacet
facet normal 0.0 0.0 0.0
  outer loop
    vertex 7.560810089111328 -21.76066017150879 1.000003695487976
    vertex 8.26791763305664 -22.4677677154541 2.0000038146972656
    vertex 7.799186706542969 -21.450000762939453 1.0000038146972656
  endloop
endfacet
facet normal 0.0 0.0 0.0
  outer loop
    vertex 7.799186706542969 -21.450000762939453 1.0000038146972656
    vertex 8.26791763305664 -22.4677677154541 2.0000038146972656
    vertex 8.665210723876953 -21.950000762939453 2.0000038146972656
  endloop
endfacet
facet normal 0.0 0.0 0.0
  outer loop
    vertex 7.799186706542969 -21.450000762939453 1.0000038146972656
    vertex 8.665210723876953 -21.950000762939453 2.0000038146972656
    vertex 7.94903564453125 -21.088228225708008 1.0000038146972656
  endloop
endfacet
facet normal 0.0 0.0 0.0
  outer loop
    vertex 7.94903564453125 -21.088228225708008 1.0000038146972656
    vertex 8.665210723876953 -21.950000762939453 2.0000038146972656
    vertex 8.914962768554688 -21.347047805786133 2.0000038146972656
  endloop
endfacet
facet normal 0.0 0.0 0.0
  outer loop
    vertex 7.94903564453125 -21.088228225708008 3.933906555175781e-06
    vertex 7.94903564453125 -21.088228225708008 1.0000038146972656
    vertex 8.00014877319336 -20.700000762939453 3.933906555175781e-06
  endloop
endfacet
facet normal 0.0 0.0 0.0
  outer loop
    vertex 8.00014877319336 -20.700000762939453 3.933906555175781e-06
    vertex 7.94903564453125 -21.088228225708008 1.0000038146972656
    vertex 8.00014877319336 -20.700000762939453 1.0000038146972656
  endloop
endfacet
facet normal 0.0 0.0 0.0
  outer loop
    vertex 8.00014877319336 -20.700000762939453 3.933906555175781e-06
    vertex 8.00014877319336 -20.700000762939453 1.0000038146972656
    vertex 7.94903564453125 -20.311771392822266 3.933906555175781e-06
  endloop
endfacet
facet normal 0.0 0.0 0.0
  outer loop
    vertex 7.94903564453125 -20.311771392822266 3.933906555175781e-06
    vertex 8.00014877319336 -20.700000762939453 1.0000038146972656
    vertex 7.94903564453125 -20.311771392822266 1.0000038146972656
  endloop
endfacet
facet normal 0.0 0.0 0.0
  outer loop
    vertex 7.94903564453125 -20.311771392822266 3.933906555175781e-06
    vertex 7.94903564453125 -20.311771392822266 1.0000038146972656
    vertex 7.799186706542969 -19.950000762939453 3.874301910400391e-06
  endloop
endfacet
facet normal 0.0 0.0 0.0
  outer loop
    vertex 7.799186706542969 -19.950000762939453 3.874301910400391e-06
    vertex 7.94903564453125 -20.311771392822266 1.0000038146972656
    vertex 7.799186706542969 -19.950000762939453 1.0000038146972656
  endloop
endfacet
facet normal 0.0 0.0 0.0
  outer loop
    vertex 7.799186706542969 -19.950000762939453 3.874301910400391e-06
    vertex 7.799186706542969 -19.950000762939453 1.0000038146972656
    vertex 7.560810089111328 -19.639339447021484 3.874301910400391e-06
  endloop
endfacet
facet normal 0.0 0.0 0.0
  outer loop
    vertex 7.560810089111328 -19.639339447021484 3.874301910400391e-06
    vertex 7.799186706542969 -19.950000762939453 1.0000038146972656
    vertex 7.560810089111328 -19.639339447021484 1.000003695487976
  endloop
endfacet
facet normal 0.0 0.0 0.0
  outer loop
    vertex 7.560810089111328 -19.639339447021484 3.874301910400391e-06
    vertex 7.560810089111328 -19.639339447021484 1.000003695487976
    vertex 7.250148773193359 -19.400962829589844 3.814697265625e-06
  endloop
endfacet
facet normal 0.0 0.0 0.0
  outer loop
    vertex 7.250148773193359 -19.400962829589844 3.814697265625e-06
    vertex 7.560810089111328 -19.639339447021484 1.000003695487976
    vertex 7.250148773193359 -19.400962829589844 1.000003695487976
  endloop
endfacet
facet normal 0.0 0.0 0.0
  outer loop
    vertex 7.250148773193359 -19.400962829589844 3.814697265625e-06
    vertex 7.250148773193359 -19.400962829589844 1.000003695487976
    vertex 6.888378143310547 -19.25111198425293 3.7550926208496094e-06
  endloop
endfacet
facet normal 0.0 0.0 0.0
  outer loop
    vertex 6.888378143310547 -19.25111198425293 3.7550926208496094e-06
    vertex 7.250148773193359 -19.400962829589844 1.000003695487976
    vertex 6.888378143310547 -19.25111198425293 1.000003695487976
  endloop
endfacet
facet normal 0.0 0.0 0.0
  outer loop
    vertex 6.888378143310547 -19.25111198425293 3.7550926208496094e-06
    vertex 6.888378143310547 -19.25111198425293 1.000003695487976
    vertex 6.500148773193359 -19.200000762939453 3.7550926208496094e-06
  endloop
endfacet
facet normal 0.0 0.0 0.0
  outer loop
    vertex 6.500148773193359 -19.200000762939453 3.7550926208496094e-06
    vertex 6.888378143310547 -19.25111198425293 1.000003695487976
    vertex 6.500148773193359 -19.200000762939453 1.0000035762786865
  endloop
endfacet
facet normal 0.0 0.0 0.0
  outer loop
    vertex 6.500148773193359 -19.200000762939453 3.7550926208496094e-06
    vertex 6.500148773193359 -19.200000762939453 1.0000035762786865
    vertex 6.111919403076172 -19.25111198425293 3.6954879760742188e-06
  endloop
endfacet
facet normal 0.0 0.0 0.0
  outer loop
    vertex 6.111919403076172 -19.25111198425293 3.6954879760742188e-06
    vertex 6.500148773193359 -19.200000762939453 1.0000035762786865
    vertex 6.111919403076172 -19.25111198425293 1.0000035762786865
  endloop
endfacet
facet normal 0.0 0.0 0.0
  outer loop
    vertex 6.111919403076172 -19.25111198425293 3.6954879760742188e-06
    vertex 6.111919403076172 -19.25111198425293 1.0000035762786865
    vertex 5.750149250030518 -19.400962829589844 3.635883331298828e-06
  endloop
endfacet
facet normal 0.0 0.0 0.0
  outer loop
    vertex 5.750149250030518 -19.400962829589844 3.635883331298828e-06
    vertex 6.111919403076172 -19.25111198425293 1.0000035762786865
    vertex 5.750149250030518 -19.400962829589844 1.000003457069397
  endloop
endfacet
facet normal 0.0 0.0 0.0
  outer loop
    vertex 5.750149250030518 -19.400962829589844 3.635883331298828e-06
    vertex 5.750149250030518 -19.400962829589844 1.000003457069397
    vertex 5.439487934112549 -19.639339447021484 3.5762786865234375e-06
  endloop
endfacet
facet normal 0.0 0.0 0.0
  outer loop
    vertex 5.439487934112549 -19.639339447021484 3.5762786865234375e-06
    vertex 5.750149250030518 -19.400962829589844 1.000003457069397
    vertex 5.439487934112549 -19.639339447021484 1.000003457069397
  endloop
endfacet
facet normal 0.0 0.0 0.0
  outer loop
    vertex 5.439487934112549 -19.639339447021484 3.5762786865234375e-06
    vertex 5.439487934112549 -19.639339447021484 1.000003457069397
    vertex 5.201111316680908 -19.950000762939453 3.5762786865234375e-06
  endloop
endfacet
facet normal 0.0 0.0 0.0
  outer loop
    vertex 5.201111316680908 -19.950000762939453 3.5762786865234375e-06
    vertex 5.439487934112549 -19.639339447021484 1.000003457069397
    vertex 5.201111316680908 -19.950000762939453 1.000003457069397
  endloop
endfacet
facet normal 0.0 0.0 0.0
  outer loop
    vertex 5.201111316680908 -19.950000762939453 3.5762786865234375e-06
    vertex 5.201111316680908 -19.950000762939453 1.000003457069397
    vertex 5.051262378692627 -20.311771392822266 3.516674041748047e-06
  endloop
endfacet
facet normal 0.0 0.0 0.0
  outer loop
    vertex 5.051262378692627 -20.311771392822266 3.516674041748047e-06
    vertex 5.201111316680908 -19.950000762939453 1.000003457069397
    vertex 5.051262378692627 -20.311771392822266 1.000003457069397
  endloop
endfacet
facet normal 0.0 0.0 0.0
  outer loop
    vertex 5.051262378692627 -20.311771392822266 3.516674041748047e-06
    vertex 5.051262378692627 -20.311771392822266 1.000003457069397
    vertex 5.000149250030518 -20.700000762939453 3.516674041748047e-06
  endloop
endfacet
facet normal 0.0 0.0 0.0
  outer loop
    vertex 5.000149250030518 -20.700000762939453 3.516674041748047e-06
    vertex 5.051262378692627 -20.311771392822266 1.000003457069397
    vertex 5.000149250030518 -20.700000762939453 1.000003457069397
  endloop
endfacet
facet normal 0.0 0.0 0.0
  outer loop
    vertex 5.000149250030518 -20.700000762939453 3.516674041748047e-06
    vertex 5.000149250030518 -20.700000762939453 1.000003457069397
    vertex 5.051262378692627 -21.088228225708008 3.516674041748047e-06
  endloop
endfacet
facet normal 0.0 0.0 0.0
  outer loop
    vertex 5.051262378692627 -21.088228225708008 3.516674041748047e-06
    vertex 5.000149250030518 -20.700000762939453 1.000003457069397
    vertex 5.051262378692627 -21.088228225708008 1.000003457069397
  endloop
endfacet
facet normal 0.0 0.0 0.0
  outer loop
    vertex 5.051262378692627 -21.088228225708008 3.516674041748047e-06
    vertex 5.051262378692627 -21.088228225708008 1.000003457069397
    vertex 5.201111316680908 -21.450000762939453 3.5762786865234375e-06
  endloop
endfacet
facet normal 0.0 0.0 0.0
  outer loop
    vertex 5.201111316680908 -21.450000762939453 3.5762786865234375e-06
    vertex 5.051262378692627 -21.088228225708008 1.000003457069397
    vertex 5.201111316680908 -21.450000762939453 1.000003457069397
  endloop
endfacet
facet normal 0.0 0.0 0.0
  outer loop
    vertex 5.201111316680908 -21.450000762939453 3.5762786865234375e-06
    vertex 5.201111316680908 -21.450000762939453 1.000003457069397
    vertex 5.439487934112549 -21.76066017150879 3.5762786865234375e-06
  endloop
endfacet
facet normal 0.0 0.0 0.0
  outer loop
    vertex 5.439487934112549 -21.76066017150879 3.5762786865234375e-06
    vertex 5.201111316680908 -21.450000762939453 1.000003457069397
    vertex 5.439487934112549 -21.76066017150879 1.000003457069397
  endloop
endfacet
facet normal 0.0 0.0 0.0
  outer loop
    vertex 5.439487934112549 -21.76066017150879 3.5762786865234375e-06
    vertex 5.439487934112549 -21.76066017150879 1.000003457069397
    vertex 5.750149250030518 -21.999038696289062 3.635883331298828e-06
  endloop
endfacet
facet normal 0.0 0.0 0.0
  outer loop
    vertex 5.750149250030518 -21.999038696289062 3.635883331298828e-06
    vertex 5.439487934112549 -21.76066017150879 1.000003457069397
    vertex 5.750149250030518 -21.999038696289062 1.000003457069397
  endloop
endfacet
facet normal 0.0 0.0 0.0
  outer loop
    vertex 5.750149250030518 -21.999038696289062 3.635883331298828e-06
    vertex 5.750149250030518 -21.999038696289062 1.000003457069397
    vertex 6.111919403076172 -22.148889541625977 3.6954879760742188e-06
  endloop
endfacet
facet normal 0.0 0.0 0.0
  outer loop
    vertex 6.111919403076172 -22.148889541625977 3.6954879760742188e-06
    vertex 5.750149250030518 -21.999038696289062 1.000003457069397
    vertex 6.111919403076172 -22.148889541625977 1.0000035762786865
  endloop
endfacet
facet normal 0.0 0.0 0.0
  outer loop
    vertex 6.111919403076172 -22.148889541625977 3.6954879760742188e-06
    vertex 6.111919403076172 -22.148889541625977 1.0000035762786865
    vertex 6.500148773193359 -22.200000762939453 3.7550926208496094e-06
  endloop
endfacet
facet normal 0.0 0.0 0.0
  outer loop
    vertex 6.500148773193359 -22.200000762939453 3.7550926208496094e-06
    vertex 6.111919403076172 -22.148889541625977 1.0000035762786865
    vertex 6.500148773193359 -22.200000762939453 1.0000035762786865
  endloop
endfacet
facet normal 0.0 0.0 0.0
  outer loop
    vertex 6.500148773193359 -22.200000762939453 3.7550926208496094e-06
    vertex 6.500148773193359 -22.200000762939453 1.0000035762786865
    vertex 6.888378143310547 -22.148889541625977 3.7550926208496094e-06
  endloop
endfacet
facet normal 0.0 0.0 0.0
  outer loop
    vertex 6.888378143310547 -22.148889541625977 3.7550926208496094e-06
    vertex 6.500148773193359 -22.200000762939453 1.0000035762786865
    vertex 6.888378143310547 -22.148889541625977 1.000003695487976
  endloop
endfacet
facet normal 0.0 0.0 0.0
  outer loop
    vertex 6.888378143310547 -22.148889541625977 3.7550926208496094e-06
    vertex 6.888378143310547 -22.148889541625977 1.000003695487976
    vertex 7.250148773193359 -21.999038696289062 3.814697265625e-06
  endloop
endfacet
facet normal 0.0 0.0 0.0
  outer loop
    vertex 7.250148773193359 -21.999038696289062 3.814697265625e-06
    vertex 6.888378143310547 -22.148889541625977 1.000003695487976
    vertex 7.250148773193359 -21.999038696289062 1.000003695487976
  endloop
endfacet
facet normal 0.0 0.0 0.0
  outer loop
    vertex 7.250148773193359 -21.999038696289062 3.814697265625e-06
    vertex 7.250148773193359 -21.999038696289062 1.000003695487976
    vertex 7.560810089111328 -21.76066017150879 3.874301910400391e-06
  endloop
endfacet
facet normal 0.0 0.0 0.0
  outer loop
    vertex 7.560810089111328 -21.76066017150879 3.874301910400391e-06
    vertex 7.250148773193359 -21.999038696289062 1.000003695487976
    vertex 7.560810089111328 -21.76066017150879 1.000003695487976
  endloop
endfacet
facet normal 0.0 0.0 0.0
  outer loop
    vertex 7.560810089111328 -21.76066017150879 3.874301910400391e-06
    vertex 7.560810089111328 -21.76066017150879 1.000003695487976
    vertex 7.799186706542969 -21.450000762939453 3.874301910400391e-06
  endloop
endfacet
facet normal 0.0 0.0 0.0
  outer loop
    vertex 7.799186706542969 -21.450000762939453 3.874301910400391e-06
    vertex 7.560810089111328 -21.76066017150879 1.000003695487976
    vertex 7.799186706542969 -21.450000762939453 1.0000038146972656
  endloop
endfacet
facet normal 0.0 0.0 0.0
  outer loop
    vertex 7.799186706542969 -21.450000762939453 3.874301910400391e-06
    vertex 7.799186706542969 -21.450000762939453 1.0000038146972656
    vertex 7.94903564453125 -21.088228225708008 3.933906555175781e-06
  endloop
endfacet
facet normal 0.0 0.0 0.0
  outer loop
    vertex 7.94903564453125 -21.088228225708008 3.933906555175781e-06
    vertex 7.799186706542969 -21.450000762939453 1.0000038146972656
    vertex 7.94903564453125 -21.088228225708008 1.0000038146972656
  endloop
endfacet
facet normal 0.0 0.0 0.0
  outer loop
    vertex 7.94903564453125 20.311771392822266 1.0000038146972656
    vertex 8.914962768554688 20.05295181274414 2.0000038146972656
    vertex 8.00014877319336 20.700000762939453 1.0000038146972656
  endloop
endfacet
facet normal 0.0 0.0 0.0
  outer loop
    vertex 8.00014877319336 20.700000762939453 1.0000038146972656
    vertex 8.914962768554688 20.05295181274414 2.0000038146972656
    vertex 9.00014877319336 20.700000762939453 2.0000038146972656
  endloop
endfacet
facet normal 0.0 0.0 0.0
  outer loop
    vertex 8.00014877319336 20.700000762939453 1.0000038146972656
    vertex 9.00014877319336 20.700000762939453 2.0000038146972656
    vertex 7.94903564453125 21.088228225708008 1.0000038146972656
  endloop
endfacet
facet normal 0.0 0.0 0.0
  outer loop
    vertex 7.94903564453125 21.088228225708008 1.0000038146972656
    vertex 9.00014877319336 20.700000762939453 2.0000038146972656
    vertex 8.914962768554688 21.347047805786133 2.0000038146972656
  endloop
endfacet
facet normal 0.0 0.0 0.0
  outer loop
    vertex 7.94903564453125 21.088228225708008 1.0000038146972656
    vertex 8.914962768554688 21.347047805786133 2.0000038146972656
    vertex 7.799186706542969 21.450000762939453 1.0000038146972656
  endloop
endfacet
facet normal 0.0 0.0 0.0
  outer loop
    vertex 7.799186706542969 21.450000762939453 1.0000038146972656
    vertex 8.914962768554688 21.347047805786133 2.0000038146972656
    vertex 8.665210723876953 21.950000762939453 2.0000038146972656
  endloop
endfacet
facet normal 0.0 0.0 0.0
  outer loop
    vertex 7.799186706542969 21.450000762939453 1.0000038146972656
    vertex 8.665210723876953 21.950000762939453 2.0000038146972656
    vertex 7.560810089111328 21.76066017150879 1.000003695487976
  endloop
endfacet
facet normal 0.0 0.0 0.0
  outer loop
    vertex 7.560810089111328 21.76066017150879 1.000003695487976
    vertex 8.665210723876953 21.950000762939453 2.0000038146972656
    vertex 8.26791763305664 22.4677677154541 2.0000038146972656
  endloop
endfacet
facet normal 0.0 0.0 0.0
  outer loop
    vertex 7.560810089111328 21.76066017150879 1.000003695487976
    vertex 8.26791763305664 22.4677677154541 2.0000038146972656
    vertex 7.250148773193359 21.999038696289062 1.000003695487976
  endloop
endfacet
facet normal 0.0 0.0 0.0
  outer loop
    vertex 7.250148773193359 21.999038696289062 1.000003695487976
    vertex 8.26791763305664 22.4677677154541 2.0000038146972656
    vertex 7.750148773193359 22.865062713623047 2.0000038146972656
  endloop
endfacet
facet normal 0.0 0.0 0.0
  outer loop
    vertex 7.250148773193359 21.999038696289062 1.000003695487976
    vertex 7.750148773193359 22.865062713623047 2.0000038146972656
    vertex 6.888378143310547 22.148889541625977 1.000003695487976
  endloop
endfacet
facet normal 0.0 0.0 0.0
  outer loop
    vertex 6.888378143310547 22.148889541625977 1.000003695487976
    vertex 7.750148773193359 22.865062713623047 2.0000038146972656
    vertex 7.147197723388672 23.11481475830078 2.0000035762786865
  endloop
endfacet
facet normal 0.0 0.0 0.0
  outer loop
    vertex 6.888378143310547 22.148889541625977 1.000003695487976
    vertex 7.147197723388672 23.11481475830078 2.0000035762786865
    vertex 6.500148773193359 22.200000762939453 1.0000035762786865
  endloop
endfacet
facet normal 0.0 0.0 0.0
  outer loop
    vertex 6.500148773193359 22.200000762939453 1.0000035762786865
    vertex 7.147197723388672 23.11481475830078 2.0000035762786865
    vertex 6.500148773193359 23.200000762939453 2.0000033378601074
  endloop
endfacet
facet normal 0.0 0.0 0.0
  outer loop
    vertex 6.500148773193359 22.200000762939453 1.0000035762786865
    vertex 6.500148773193359 23.200000762939453 2.0000033378601074
    vertex 6.111919403076172 22.148889541625977 1.0000035762786865
  endloop
endfacet
facet normal 0.0 0.0 0.0
  outer loop
    vertex 6.111919403076172 22.148889541625977 1.0000035762786865
    vertex 6.500148773193359 23.200000762939453 2.0000033378601074
    vertex 5.853100299835205 23.11481475830078 2.0000033378601074
  endloop
endfacet
facet normal 0.0 0.0 0.0
  outer loop
    vertex 6.111919403076172 22.148889541625977 1.0000035762786865
    vertex 5.853100299835205 23.11481475830078 2.0000033378601074
    vertex 5.750149250030518 21.999038696289062 1.000003457069397
  endloop
endfacet
facet normal 0.0 0.0 0.0
  outer loop
    vertex 5.750149250030518 21.999038696289062 1.000003457069397
    vertex 5.853100299835205 23.11481475830078 2.0000033378601074
    vertex 5.250149250030518 22.865062713623047 2.0000033378601074
  endloop
endfacet
facet normal 0.0 0.0 0.0
  outer loop
    vertex 5.750149250030518 21.999038696289062 1.000003457069397
    vertex 5.250149250030518 22.865062713623047 2.0000033378601074
    vertex 5.439487934112549 21.76066017150879 1.000003457069397
  endloop
endfacet
facet normal 0.0 0.0 0.0
  outer loop
    vertex 5.439487934112549 21.76066017150879 1.000003457069397
    vertex 5.250149250030518 22.865062713623047 2.0000033378601074
    vertex 4.732380390167236 22.4677677154541 2.0000033378601074
  endloop
endfacet
facet normal 0.0 0.0 0.0
  outer loop
    vertex 5.439487934112549 21.76066017150879 1.000003457069397
    vertex 4.732380390167236 22.4677677154541 2.0000033378601074
    vertex 5.201111316680908 21.450000762939453 1.000003457069397
  endloop
endfacet
facet normal 0.0 0.0 0.0
  outer loop
    vertex 5.201111316680908 21.450000762939453 1.000003457069397
    vertex 4.732380390167236 22.4677677154541 2.0000033378601074
    vertex 4.335087299346924 21.950000762939453 2.0000033378601074
  endloop
endfacet
facet normal 0.0 0.0 0.0
  outer loop
    vertex 5.201111316680908 21.450000762939453 1.000003457069397
    vertex 4.335087299346924 21.950000762939453 2.0000033378601074
    vertex 5.051262378692627 21.088228225708008 1.000003457069397
  endloop
endfacet
facet normal 0.0 0.0 0.0
  outer loop
    vertex 5.051262378692627 21.088228225708008 1.000003457069397
    vertex 4.335087299346924 21.950000762939453 2.0000033378601074
    vertex 4.0853352546691895 21.347047805786133 2.0000033378601074
  endloop
endfacet
facet normal 0.0 0.0 0.0
  outer loop
    vertex 5.051262378692627 21.088228225708008 1.000003457069397
    vertex 4.0853352546691895 21.347047805786133 2.0000033378601074
    vertex 5.000149250030518 20.700000762939453 1.000003457069397
  endloop
endfacet
facet normal 0.0 0.0 0.0
  outer loop
    vertex 5.000149250030518 20.700000762939453 1.000003457069397
    vertex 4.0853352546691895 21.347047805786133 2.0000033378601074
    vertex 4.000149250030518 20.700000762939453 2.0000030994415283
  endloop
endfacet
facet normal 0.0 0.0 0.0
  outer loop
    vertex 5.000149250030518 20.700000762939453 1.000003457069397
    vertex 4.000149250030518 20.700000762939453 2.0000030994415283
    vertex 5.051262378692627 20.311771392822266 1.000003457069397
  endloop
endfacet
facet normal 0.0 0.0 0.0
  outer loop
    vertex 5.051262378692627 20.311771392822266 1.000003457069397
    vertex 4.000149250030518 20.700000762939453 2.0000030994415283
    vertex 4.0853352546691895 20.05295181274414 2.0000033378601074
  endloop
endfacet
facet normal 0.0 0.0 0.0
  outer loop
    vertex 5.051262378692627 20.311771392822266 1.000003457069397
    vertex 4.0853352546691895 20.05295181274414 2.0000033378601074
    vertex 5.201111316680908 19.950000762939453 1.000003457069397
  endloop
endfacet
facet normal 0.0 0.0 0.0
  outer loop
    vertex 5.201111316680908 19.950000762939453 1.000003457069397
    vertex 4.0853352546691895 20.05295181274414 2.0000033378601074
    vertex 4.335087299346924 19.450000762939453 2.0000033378601074
  endloop
endfacet
facet normal 0.0 0.0 0.0
  outer loop
    vertex 5.201111316680908 19.950000762939453 1.000003457069397
    vertex 4.335087299346924 19.450000762939453 2.0000033378601074
    vertex 5.439487934112549 19.639339447021484 1.000003457069397
  endloop
endfacet
facet normal 0.0 0.0 0.0
  outer loop
    vertex 5.439487934112549 19.639339447021484 1.000003457069397
    vertex 4.335087299346924 19.450000762939453 2.0000033378601074
    vertex 4.732380390167236 18.932233810424805 2.0000033378601074
  endloop
endfacet
facet normal 0.0 0.0 0.0
  outer loop
    vertex 5.439487934112549 19.639339447021484 1.000003457069397
    vertex 4.732380390167236 18.932233810424805 2.0000033378601074
    vertex 5.750149250030518 19.400962829589844 1.000003457069397
  endloop
endfacet
facet normal 0.0 0.0 0.0
  outer loop
    vertex 5.750149250030518 19.400962829589844 1.000003457069397
    vertex 4.732380390167236 18.932233810424805 2.0000033378601074
    vertex 5.250149250030518 18.534936904907227 2.0000033378601074
  endloop
endfacet
facet normal 0.0 0.0 0.0
  outer loop
    vertex 5.750149250030518 19.400962829589844 1.000003457069397
    vertex 5.250149250030518 18.534936904907227 2.0000033378601074
    vertex 6.111919403076172 19.25111198425293 1.0000035762786865
  endloop
endfacet
facet normal 0.0 0.0 0.0
  outer loop
    vertex 6.111919403076172 19.25111198425293 1.0000035762786865
    vertex 5.250149250030518 18.534936904907227 2.0000033378601074
    vertex 5.853100299835205 18.285184860229492 2.0000033378601074
  endloop
endfacet
facet normal 0.0 0.0 0.0
  outer loop
    vertex 6.111919403076172 19.25111198425293 1.0000035762786865
    vertex 5.853100299835205 18.285184860229492 2.0000033378601074
    vertex 6.500148773193359 19.200000762939453 1.0000035762786865
  endloop
endfacet
facet normal 0.0 0.0 0.0
  outer loop
    vertex 6.500148773193359 19.200000762939453 1.0000035762786865
    vertex 5.853100299835205 18.285184860229492 2.0000033378601074
    vertex 6.500148773193359 18.200000762939453 2.0000033378601074
  endloop
endfacet
facet normal 0.0 0.0 0.0
  outer loop
    vertex 6.500148773193359 19.200000762939453 1.0000035762786865
    vertex 6.500148773193359 18.200000762939453 2.0000033378601074
    vertex 6.888378143310547 19.25111198425293 1.000003695487976
  endloop
endfacet
facet normal 0.0 0.0 0.0
  outer loop
    vertex 6.888378143310547 19.25111198425293 1.000003695487976
    vertex 6.500148773193359 18.200000762939453 2.0000033378601074
    vertex 7.147197723388672 18.285184860229492 2.0000035762786865
  endloop
endfacet
facet normal 0.0 0.0 0.0
  outer loop
    vertex 6.888378143310547 19.25111198425293 1.000003695487976
    vertex 7.147197723388672 18.285184860229492 2.0000035762786865
    vertex 7.250148773193359 19.400962829589844 1.000003695487976
  endloop
endfacet
facet normal 0.0 0.0 0.0
  outer loop
    vertex 7.250148773193359 19.400962829589844 1.000003695487976
    vertex 7.147197723388672 18.285184860229492 2.0000035762786865
    vertex 7.750148773193359 18.534936904907227 2.0000038146972656
  endloop
endfacet
facet normal 0.0 0.0 0.0
  outer loop
    vertex 7.250148773193359 19.400962829589844 1.000003695487976
    vertex 7.750148773193359 18.534936904907227 2.0000038146972656
    vertex 7.560810089111328 19.639339447021484 1.000003695487976
  endloop
endfacet
facet normal 0.0 0.0 0.0
  outer loop
    vertex 7.560810089111328 19.639339447021484 1.000003695487976
    vertex 7.750148773193359 18.534936904907227 2.0000038146972656
    vertex 8.26791763305664 18.932233810424805 2.0000038146972656
  endloop
endfacet
facet normal 0.0 0.0 0.0
  outer loop
    vertex 7.560810089111328 19.639339447021484 1.000003695487976
    vertex 8.26791763305664 18.932233810424805 2.0000038146972656
    vertex 7.799186706542969 19.950000762939453 1.0000038146972656
  endloop
endfacet
facet normal 0.0 0.0 0.0
  outer loop
    vertex 7.799186706542969 19.950000762939453 1.0000038146972656
    vertex 8.26791763305664 18.932233810424805 2.0000038146972656
    vertex 8.665210723876953 19.450000762939453 2.0000038146972656
  endloop
endfacet
facet normal 0.0 0.0 0.0
  outer loop
    vertex 7.799186706542969 19.950000762939453 1.0000038146972656
    vertex 8.665210723876953 19.450000762939453 2.0000038146972656
    vertex 7.94903564453125 20.311771392822266 1.0000038146972656
  endloop
endfacet
facet normal 0.0 0.0 0.0
  outer loop
    vertex 7.94903564453125 20.311771392822266 1.0000038146972656
    vertex 8.665210723876953 19.450000762939453 2.0000038146972656
    vertex 8.914962768554688 20.05295181274414 2.0000038146972656
  endloop
endfacet
facet normal 0.0 0.0 0.0
  outer loop
    vertex 7.94903564453125 20.311771392822266 3.933906555175781e-06
    vertex 7.94903564453125 20.311771392822266 1.0000038146972656
    vertex 8.00014877319336 20.700000762939453 3.933906555175781e-06
  endloop
endfacet
facet normal 0.0 0.0 0.0
  outer loop
    vertex 8.00014877319336 20.700000762939453 3.933906555175781e-06
    vertex 7.94903564453125 20.311771392822266 1.0000038146972656
    vertex 8.00014877319336 20.700000762939453 1.0000038146972656
  endloop
endfacet
facet normal 0.0 0.0 0.0
  outer loop
    vertex 8.00014877319336 20.700000762939453 3.933906555175781e-06
    vertex 8.00014877319336 20.700000762939453 1.0000038146972656
    vertex 7.94903564453125 21.088228225708008 3.933906555175781e-06
  endloop
endfacet
facet normal 0.0 0.0 0.0
  outer loop
    vertex 7.94903564453125 21.088228225708008 3.933906555175781e-06
    vertex 8.00014877319336 20.700000762939453 1.0000038146972656
    vertex 7.94903564453125 21.088228225708008 1.0000038146972656
  endloop
endfacet
facet normal 0.0 0.0 0.0
  outer loop
    vertex 7.94903564453125 21.088228225708008 3.933906555175781e-06
    vertex 7.94903564453125 21.088228225708008 1.0000038146972656
    vertex 7.799186706542969 21.450000762939453 3.874301910400391e-06
  endloop
endfacet
facet normal 0.0 0.0 0.0
  outer loop
    vertex 7.799186706542969 21.450000762939453 3.874301910400391e-06
    vertex 7.94903564453125 21.088228225708008 1.0000038146972656
    vertex 7.799186706542969 21.450000762939453 1.0000038146972656
  endloop
endfacet
facet normal 0.0 0.0 0.0
  outer loop
    vertex 7.799186706542969 21.450000762939453 3.874301910400391e-06
    vertex 7.799186706542969 21.450000762939453 1.0000038146972656
    vertex 7.560810089111328 21.76066017150879 3.874301910400391e-06
  endloop
endfacet
facet normal 0.0 0.0 0.0
  outer loop
    vertex 7.560810089111328 21.76066017150879 3.874301910400391e-06
    vertex 7.799186706542969 21.450000762939453 1.0000038146972656
    vertex 7.560810089111328 21.76066017150879 1.000003695487976
  endloop
endfacet
facet normal 0.0 0.0 0.0
  outer loop
    vertex 7.560810089111328 21.76066017150879 3.874301910400391e-06
    vertex 7.560810089111328 21.76066017150879 1.000003695487976
    vertex 7.250148773193359 21.999038696289062 3.814697265625e-06
  endloop
endfacet
facet normal 0.0 0.0 0.0
  outer loop
    vertex 7.250148773193359 21.999038696289062 3.814697265625e-06
    vertex 7.560810089111328 21.76066017150879 1.000003695487976
    vertex 7.250148773193359 21.999038696289062 1.000003695487976
  endloop
endfacet
facet normal 0.0 0.0 0.0
  outer loop
    vertex 7.250148773193359 21.999038696289062 3.814697265625e-06
    vertex 7.250148773193359 21.999038696289062 1.000003695487976
    vertex 6.888378143310547 22.148889541625977 3.7550926208496094e-06
  endloop
endfacet
facet normal 0.0 0.0 0.0
  outer loop
    vertex 6.888378143310547 22.148889541625977 3.7550926208496094e-06
    vertex 7.250148773193359 21.999038696289062 1.000003695487976
    vertex 6.888378143310547 22.148889541625977 1.000003695487976
  endloop
endfacet
facet normal 0.0 0.0 0.0
  outer loop
    vertex 6.888378143310547 22.148889541625977 3.7550926208496094e-06
    vertex 6.888378143310547 22.148889541625977 1.000003695487976
    vertex 6.500148773193359 22.200000762939453 3.7550926208496094e-06
  endloop
endfacet
facet normal 0.0 0.0 0.0
  outer loop
    vertex 6.500148773193359 22.200000762939453 3.7550926208496094e-06
    vertex 6.888378143310547 22.148889541625977 1.000003695487976
    vertex 6.500148773193359 22.200000762939453 1.0000035762786865
  endloop
endfacet
facet normal 0.0 0.0 0.0
  outer loop
    vertex 6.500148773193359 22.200000762939453 3.7550926208496094e-06
    vertex 6.500148773193359 22.200000762939453 1.0000035762786865
    vertex 6.111919403076172 22.148889541625977 3.6954879760742188e-06
  endloop
endfacet
facet normal 0.0 0.0 0.0
  outer loop
    vertex 6.111919403076172 22.148889541625977 3.6954879760742188e-06
    vertex 6.500148773193359 22.200000762939453 1.0000035762786865
    vertex 6.111919403076172 22.148889541625977 1.0000035762786865
  endloop
endfacet
facet normal 0.0 0.0 0.0
  outer loop
    vertex 6.111919403076172 22.148889541625977 3.6954879760742188e-06
    vertex 6.111919403076172 22.148889541625977 1.0000035762786865
    vertex 5.750149250030518 21.999038696289062 3.635883331298828e-06
  endloop
endfacet
facet normal 0.0 0.0 0.0
  outer loop
    vertex 5.750149250030518 21.999038696289062 3.635883331298828e-06
    vertex 6.111919403076172 22.148889541625977 1.0000035762786865
    vertex 5.750149250030518 21.999038696289062 1.000003457069397
  endloop
endfacet
facet normal 0.0 0.0 0.0
  outer loop
    vertex 5.750149250030518 21.999038696289062 3.635883331298828e-06
    vertex 5.750149250030518 21.999038696289062 1.000003457069397
    vertex 5.439487934112549 21.76066017150879 3.5762786865234375e-06
  endloop
endfacet
facet normal 0.0 0.0 0.0
  outer loop
    vertex 5.439487934112549 21.76066017150879 3.5762786865234375e-06
    vertex 5.750149250030518 21.999038696289062 1.000003457069397
    vertex 5.439487934112549 21.76066017150879 1.000003457069397
  endloop
endfacet
facet normal 0.0 0.0 0.0
  outer loop
    vertex 5.439487934112549 21.76066017150879 3.5762786865234375e-06
    vertex 5.439487934112549 21.76066017150879 1.000003457069397
    vertex 5.201111316680908 21.450000762939453 3.5762786865234375e-06
  endloop
endfacet
facet normal 0.0 0.0 0.0
  outer loop
    vertex 5.201111316680908 21.450000762939453 3.5762786865234375e-06
    vertex 5.439487934112549 21.76066017150879 1.000003457069397
    vertex 5.201111316680908 21.450000762939453 1.000003457069397
  endloop
endfacet
facet normal 0.0 0.0 0.0
  outer loop
    vertex 5.201111316680908 21.450000762939453 3.5762786865234375e-06
    vertex 5.201111316680908 21.450000762939453 1.000003457069397
    vertex 5.051262378692627 21.088228225708008 3.516674041748047e-06
  endloop
endfacet
facet normal 0.0 0.0 0.0
  outer loop
    vertex 5.051262378692627 21.088228225708008 3.516674041748047e-06
    vertex 5.201111316680908 21.450000762939453 1.000003457069397
    vertex 5.051262378692627 21.088228225708008 1.000003457069397
  endloop
endfacet
facet normal 0.0 0.0 0.0
  outer loop
    vertex 5.051262378692627 21.088228225708008 3.516674041748047e-06
    vertex 5.051262378692627 21.088228225708008 1.000003457069397
    vertex 5.000149250030518 20.700000762939453 3.516674041748047e-06
  endloop
endfacet
facet normal 0.0 0.0 0.0
  outer loop
    vertex 5.000149250030518 20.700000762939453 3.516674041748047e-06
    vertex 5.051262378692627 21.088228225708008 1.000003457069397
    vertex 5.000149250030518 20.700000762939453 1.000003457069397
  endloop
endfacet
facet normal 0.0 0.0 0.0
  outer loop
    vertex 5.000149250030518 20.700000762939453 3.516674041748047e-06
    vertex 5.000149250030518 20.700000762939453 1.000003457069397
    vertex 5.051262378692627 20.311771392822266 3.516674041748047e-06
  endloop
endfacet
facet normal 0.0 0.0 0.0
  outer loop
    vertex 5.051262378692627 20.311771392822266 3.516674041748047e-06
    vertex 5.000149250030518 20.700000762939453 1.000003457069397
    vertex 5.051262378692627 20.311771392822266 1.000003457069397
  endloop
endfacet
facet normal 0.0 0.0 0.0
  outer loop
    vertex 5.051262378692627 20.311771392822266 3.516674041748047e-06
    vertex 5.051262378692627 20.311771392822266 1.000003457069397
    vertex 5.201111316680908 19.950000762939453 3.5762786865234375e-06
  endloop
endfacet
facet normal 0.0 0.0 0.0
  outer loop
    vertex 5.201111316680908 19.950000762939453 3.5762786865234375e-06
    vertex 5.051262378692627 20.311771392822266 1.000003457069397
    vertex 5.201111316680908 19.950000762939453 1.000003457069397
  endloop
endfacet
facet normal 0.0 0.0 0.0
  outer loop
    vertex 5.201111316680908 19.950000762939453 3.5762786865234375e-06
    vertex 5.201111316680908 19.950000762939453 1.000003457069397
    vertex 5.439487934112549 19.639339447021484 3.5762786865234375e-06
  endloop
endfacet
facet normal 0.0 0.0 0.0
  outer loop
    vertex 5.439487934112549 19.639339447021484 3.5762786865234375e-06
    vertex 5.201111316680908 19.950000762939453 1.000003457069397
    vertex 5.439487934112549 19.639339447021484 1.000003457069397
  endloop
endfacet
facet normal 0.0 0.0 0.0
  outer loop
    vertex 5.439487934112549 19.639339447021484 3.5762786865234375e-06
    vertex 5.439487934112549 19.639339447021484 1.000003457069397
    vertex 5.750149250030518 19.400962829589844 3.635883331298828e-06
  endloop
endfacet
facet normal 0.0 0.0 0.0
  outer loop
    vertex 5.750149250030518 19.400962829589844 3.635883331298828e-06
    vertex 5.439487934112549 19.639339447021484 1.000003457069397
    vertex 5.750149250030518 19.400962829589844 1.000003457069397
  endloop
endfacet
facet normal 0.0 0.0 0.0
  outer loop
    vertex 5.750149250030518 19.400962829589844 3.635883331298828e-06
    vertex 5.750149250030518 19.400962829589844 1.000003457069397
    vertex 6.111919403076172 19.25111198425293 3.6954879760742188e-06
  endloop
endfacet
facet normal 0.0 0.0 0.0
  outer loop
    vertex 6.111919403076172 19.25111198425293 3.6954879760742188e-06
    vertex 5.750149250030518 19.400962829589844 1.000003457069397
    vertex 6.111919403076172 19.25111198425293 1.0000035762786865
  endloop
endfacet
facet normal 0.0 0.0 0.0
  outer loop
    vertex 6.111919403076172 19.25111198425293 3.6954879760742188e-06
    vertex 6.111919403076172 19.25111198425293 1.0000035762786865
    vertex 6.500148773193359 19.200000762939453 3.7550926208496094e-06
  endloop
endfacet
facet normal 0.0 0.0 0.0
  outer loop
    vertex 6.500148773193359 19.200000762939453 3.7550926208496094e-06
    vertex 6.111919403076172 19.25111198425293 1.0000035762786865
    vertex 6.500148773193359 19.200000762939453 1.0000035762786865
  endloop
endfacet
facet normal 0.0 0.0 0.0
  outer loop
    vertex 6.500148773193359 19.200000762939453 3.7550926208496094e-06
    vertex 6.500148773193359 19.200000762939453 1.0000035762786865
    vertex 6.888378143310547 19.25111198425293 3.7550926208496094e-06
  endloop
endfacet
facet normal 0.0 0.0 0.0
  outer loop
    vertex 6.888378143310547 19.25111198425293 3.7550926208496094e-06
    vertex 6.500148773193359 19.200000762939453 1.0000035762786865
    vertex 6.888378143310547 19.25111198425293 1.000003695487976
  endloop
endfacet
facet normal 0.0 0.0 0.0
  outer loop
    vertex 6.888378143310547 19.25111198425293 3.7550926208496094e-06
    vertex 6.888378143310547 19.25111198425293 1.000003695487976
    vertex 7.250148773193359 19.400962829589844 3.814697265625e-06
  endloop
endfacet
facet normal 0.0 0.0 0.0
  outer loop
    vertex 7.250148773193359 19.400962829589844 3.814697265625e-06
    vertex 6.888378143310547 19.25111198425293 1.000003695487976
    vertex 7.250148773193359 19.400962829589844 1.000003695487976
  endloop
endfacet
facet normal 0.0 0.0 0.0
  outer loop
    vertex 7.250148773193359 19.400962829589844 3.814697265625e-06
    vertex 7.250148773193359 19.400962829589844 1.000003695487976
    vertex 7.560810089111328 19.639339447021484 3.874301910400391e-06
  endloop
endfacet
facet normal 0.0 0.0 0.0
  outer loop
    vertex 7.560810089111328 19.639339447021484 3.874301910400391e-06
    vertex 7.250148773193359 19.400962829589844 1.000003695487976
    vertex 7.560810089111328 19.639339447021484 1.000003695487976
  endloop
endfacet
facet normal 0.0 0.0 0.0
  outer loop
    vertex 7.560810089111328 19.639339447021484 3.874301910400391e-06
    vertex 7.560810089111328 19.639339447021484 1.000003695487976
    vertex 7.799186706542969 19.950000762939453 3.874301910400391e-06
  endloop
endfacet
facet normal 0.0 0.0 0.0
  outer loop
    vertex 7.799186706542969 19.950000762939453 3.874301910400391e-06
    vertex 7.560810089111328 19.639339447021484 1.000003695487976
    vertex 7.799186706542969 19.950000762939453 1.0000038146972656
  endloop
endfacet
facet normal 0.0 0.0 0.0
  outer loop
    vertex 7.799186706542969 19.950000762939453 3.874301910400391e-06
    vertex 7.799186706542969 19.950000762939453 1.0000038146972656
    vertex 7.94903564453125 20.311771392822266 3.933906555175781e-06
  endloop
endfacet
facet normal 0.0 0.0 0.0
  outer loop
    vertex 7.94903564453125 20.311771392822266 3.933906555175781e-06
    vertex 7.799186706542969 19.950000762939453 1.0000038146972656
    vertex 7.94903564453125 20.311771392822266 1.0000038146972656
  endloop
endfacet
facet normal 0.0 0.0 0.0
  outer loop
    vertex -5.050962924957275 20.311771392822266 1.0000020265579224
    vertex -4.085035800933838 20.05295181274414 2.000002145767212
    vertex -4.999849796295166 20.700000762939453 1.0000020265579224
  endloop
endfacet
facet normal 0.0 0.0 0.0
  outer loop
    vertex -4.999849796295166 20.700000762939453 1.0000020265579224
    vertex -4.085035800933838 20.05295181274414 2.000002145767212
    vertex -3.999850273132324 20.700000762939453 2.000002145767212
  endloop
endfacet
facet normal 0.0 0.0 0.0
  outer loop
    vertex -4.999849796295166 20.700000762939453 1.0000020265579224
    vertex -3.999850273132324 20.700000762939453 2.000002145767212
    vertex -5.050962924957275 21.088228225708008 1.0000020265579224
  endloop
endfacet
facet normal 0.0 0.0 0.0
  outer loop
    vertex -5.050962924957275 21.088228225708008 1.0000020265579224
    vertex -3.999850273132324 20.700000762939453 2.000002145767212
    vertex -4.085035800933838 21.347047805786133 2.000002145767212
  endloop
endfacet
facet normal 0.0 0.0 0.0
  outer loop
    vertex -5.050962924957275 21.088228225708008 1.0000020265579224
    vertex -4.085035800933838 21.347047805786133 2.000002145767212
    vertex -5.200811862945557 21.450000762939453 1.0000020265579224
  endloop
endfacet
facet normal 0.0 0.0 0.0
  outer loop
    vertex -5.200811862945557 21.450000762939453 1.0000020265579224
    vertex -4.085035800933838 21.347047805786133 2.000002145767212
    vertex -4.334787845611572 21.950000762939453 2.000001907348633
  endloop
endfacet
facet normal 0.0 0.0 0.0
  outer loop
    vertex -5.200811862945557 21.450000762939453 1.0000020265579224
    vertex -4.334787845611572 21.950000762939453 2.000001907348633
    vertex -5.439188480377197 21.76066017150879 1.0000020265579224
  endloop
endfacet
facet normal 0.0 0.0 0.0
  outer loop
    vertex -5.439188480377197 21.76066017150879 1.0000020265579224
    vertex -4.334787845611572 21.950000762939453 2.000001907348633
    vertex -4.732080936431885 22.4677677154541 2.000001907348633
  endloop
endfacet
facet normal 0.0 0.0 0.0
  outer loop
    vertex -5.439188480377197 21.76066017150879 1.0000020265579224
    vertex -4.732080936431885 22.4677677154541 2.000001907348633
    vertex -5.749849796295166 21.999038696289062 1.0000020265579224
  endloop
endfacet
facet normal 0.0 0.0 0.0
  outer loop
    vertex -5.749849796295166 21.999038696289062 1.0000020265579224
    vertex -4.732080936431885 22.4677677154541 2.000001907348633
    vertex -5.249849796295166 22.865062713623047 2.000001907348633
  endloop
endfacet
facet normal 0.0 0.0 0.0
  outer loop
    vertex -5.749849796295166 21.999038696289062 1.0000020265579224
    vertex -5.249849796295166 22.865062713623047 2.000001907348633
    vertex -6.11161994934082 22.148889541625977 1.0000019073486328
  endloop
endfacet
facet normal 0.0 0.0 0.0
  outer loop
    vertex -6.11161994934082 22.148889541625977 1.0000019073486328
    vertex -5.249849796295166 22.865062713623047 2.000001907348633
    vertex -5.8528008460998535 23.11481475830078 2.000001907348633
  endloop
endfacet
facet normal 0.0 0.0 0.0
  outer loop
    vertex -6.11161994934082 22.148889541625977 1.0000019073486328
    vertex -5.8528008460998535 23.11481475830078 2.000001907348633
    vertex -6.499849319458008 22.200000762939453 1.0000019073486328
  endloop
endfacet
facet normal 0.0 0.0 0.0
  outer loop
    vertex -6.499849319458008 22.200000762939453 1.0000019073486328
    vertex -5.8528008460998535 23.11481475830078 2.000001907348633
    vertex -6.499849319458008 23.200000762939453 2.0000016689300537
  endloop
endfacet
facet normal 0.0 0.0 0.0
  outer loop
    vertex -6.499849319458008 22.200000762939453 1.0000019073486328
    vertex -6.499849319458008 23.200000762939453 2.0000016689300537
    vertex -6.888078689575195 22.148889541625977 1.0000017881393433
  endloop
endfacet
facet normal 0.0 0.0 0.0
  outer loop
    vertex -6.888078689575195 22.148889541625977 1.0000017881393433
    vertex -6.499849319458008 23.200000762939453 2.0000016689300537
    vertex -7.1468963623046875 23.11481475830078 2.0000016689300537
  endloop
endfacet
facet normal 0.0 0.0 0.0
  outer loop
    vertex -6.888078689575195 22.148889541625977 1.0000017881393433
    vertex -7.1468963623046875 23.11481475830078 2.0000016689300537
    vertex -7.249849319458008 21.999038696289062 1.0000017881393433
  endloop
endfacet
facet normal 0.0 0.0 0.0
  outer loop
    vertex -7.249849319458008 21.999038696289062 1.0000017881393433
    vertex -7.1468963623046875 23.11481475830078 2.0000016689300537
    vertex -7.749849319458008 22.865062713623047 2.0000016689300537
  endloop
endfacet
facet normal 0.0 0.0 0.0
  outer loop
    vertex -7.249849319458008 21.999038696289062 1.0000017881393433
    vertex -7.749849319458008 22.865062713623047 2.0000016689300537
    vertex -7.560508728027344 21.76066017150879 1.0000017881393433
  endloop
endfacet
facet normal 0.0 0.0 0.0
  outer loop
    vertex -7.560508728027344 21.76066017150879 1.0000017881393433
    vertex -7.749849319458008 22.865062713623047 2.0000016689300537
    vertex -8.267616271972656 22.4677677154541 2.0000014305114746
  endloop
endfacet
facet normal 0.0 0.0 0.0
  outer loop
    vertex -7.560508728027344 21.76066017150879 1.0000017881393433
    vertex -8.267616271972656 22.4677677154541 2.0000014305114746
    vertex -7.798887252807617 21.450000762939453 1.0000016689300537
  endloop
endfacet
facet normal 0.0 0.0 0.0
  outer loop
    vertex -7.798887252807617 21.450000762939453 1.0000016689300537
    vertex -8.267616271972656 22.4677677154541 2.0000014305114746
    vertex -8.664913177490234 21.950000762939453 2.0000014305114746
  endloop
endfacet
facet normal 0.0 0.0 0.0
  outer loop
    vertex -7.798887252807617 21.450000762939453 1.0000016689300537
    vertex -8.664913177490234 21.950000762939453 2.0000014305114746
    vertex -7.948738098144531 21.088228225708008 1.0000016689300537
  endloop
endfacet
facet normal 0.0 0.0 0.0
  outer loop
    vertex -7.948738098144531 21.088228225708008 1.0000016689300537
    vertex -8.664913177490234 21.950000762939453 2.0000014305114746
    vertex -8.914663314819336 21.347047805786133 2.0000014305114746
  endloop
endfacet
facet normal 0.0 0.0 0.0
  outer loop
    vertex -7.948738098144531 21.088228225708008 1.0000016689300537
    vertex -8.914663314819336 21.347047805786133 2.0000014305114746
    vertex -7.999849319458008 20.700000762939453 1.0000016689300537
  endloop
endfacet
facet normal 0.0 0.0 0.0
  outer loop
    vertex -7.999849319458008 20.700000762939453 1.0000016689300537
    vertex -8.914663314819336 21.347047805786133 2.0000014305114746
    vertex -8.999849319458008 20.700000762939453 2.0000014305114746
  endloop
endfacet
facet normal 0.0 0.0 0.0
  outer loop
    vertex -7.999849319458008 20.700000762939453 1.0000016689300537
    vertex -8.999849319458008 20.700000762939453 2.0000014305114746
    vertex -7.948738098144531 20.311771392822266 1.0000016689300537
  endloop
endfacet
facet normal 0.0 0.0 0.0
  outer loop
    vertex -7.948738098144531 20.311771392822266 1.0000016689300537
    vertex -8.999849319458008 20.700000762939453 2.0000014305114746
    vertex -8.914663314819336 20.05295181274414 2.0000014305114746
  endloop
endfacet
facet normal 0.0 0.0 0.0
  outer loop
    vertex -7.948738098144531 20.311771392822266 1.0000016689300537
    vertex -8.914663314819336 20.05295181274414 2.0000014305114746
    vertex -7.798887252807617 19.950000762939453 1.0000016689300537
  endloop
endfacet
facet normal 0.0 0.0 0.0
  outer loop
    vertex -7.798887252807617 19.950000762939453 1.0000016689300537
    vertex -8.914663314819336 20.05295181274414 2.0000014305114746
    vertex -8.664913177490234 19.450000762939453 2.0000014305114746
  endloop
endfacet
facet normal 0.0 0.0 0.0
  outer loop
    vertex -7.798887252807617 19.950000762939453 1.0000016689300537
    vertex -8.664913177490234 19.450000762939453 2.0000014305114746
    vertex -7.560508728027344 19.639339447021484 1.0000017881393433
  endloop
endfacet
facet normal 0.0 0.0 0.0
  outer loop
    vertex -7.560508728027344 19.639339447021484 1.0000017881393433
    vertex -8.664913177490234 19.450000762939453 2.0000014305114746
    vertex -8.267616271972656 18.932233810424805 2.0000014305114746
  endloop
endfacet
facet normal 0.0 0.0 0.0
  outer loop
    vertex -7.560508728027344 19.639339447021484 1.0000017881393433
    vertex -8.267616271972656 18.932233810424805 2.0000014305114746
    vertex -7.249849319458008 19.400962829589844 1.0000017881393433
  endloop
endfacet
facet normal 0.0 0.0 0.0
  outer loop
    vertex -7.249849319458008 19.400962829589844 1.0000017881393433
    vertex -8.267616271972656 18.932233810424805 2.0000014305114746
    vertex -7.749849319458008 18.534936904907227 2.0000016689300537
  endloop
endfacet
facet normal 0.0 0.0 0.0
  outer loop
    vertex -7.249849319458008 19.400962829589844 1.0000017881393433
    vertex -7.749849319458008 18.534936904907227 2.0000016689300537
    vertex -6.888078689575195 19.25111198425293 1.0000017881393433
  endloop
endfacet
facet normal 0.0 0.0 0.0
  outer loop
    vertex -6.888078689575195 19.25111198425293 1.0000017881393433
    vertex -7.749849319458008 18.534936904907227 2.0000016689300537
    vertex -7.1468963623046875 18.285184860229492 2.0000016689300537
  endloop
endfacet
facet normal 0.0 0.0 0.0
  outer loop
    vertex -6.888078689575195 19.25111198425293 1.0000017881393433
    vertex -7.1468963623046875 18.285184860229492 2.0000016689300537
    vertex -6.499849319458008 19.200000762939453 1.0000019073486328
  endloop
endfacet
facet normal 0.0 0.0 0.0
  outer loop
    vertex -6.499849319458008 19.200000762939453 1.0000019073486328
    vertex -7.1468963623046875 18.285184860229492 2.0000016689300537
    vertex -6.499849319458008 18.200000762939453 2.0000016689300537
  endloop
endfacet
facet normal 0.0 0.0 0.0
  outer loop
    vertex -6.499849319458008 19.200000762939453 1.0000019073486328
    vertex -6.499849319458008 18.200000762939453 2.0000016689300537
    vertex -6.11161994934082 19.25111198425293 1.0000019073486328
  endloop
endfacet
facet normal 0.0 0.0 0.0
  outer loop
    vertex -6.11161994934082 19.25111198425293 1.0000019073486328
    vertex -6.499849319458008 18.200000762939453 2.0000016689300537
    vertex -5.8528008460998535 18.285184860229492 2.000001907348633
  endloop
endfacet
facet normal 0.0 0.0 0.0
  outer loop
    vertex -6.11161994934082 19.25111198425293 1.0000019073486328
    vertex -5.8528008460998535 18.285184860229492 2.000001907348633
    vertex -5.749849796295166 19.400962829589844 1.0000020265579224
  endloop
endfacet
facet normal 0.0 0.0 0.0
  outer loop
    vertex -5.749849796295166 19.400962829589844 1.0000020265579224
    vertex -5.8528008460998535 18.285184860229492 2.000001907348633
    vertex -5.249849796295166 18.534936904907227 2.000001907348633
  endloop
endfacet
facet normal 0.0 0.0 0.0
  outer loop
    vertex -5.749849796295166 19.400962829589844 1.0000020265579224
    vertex -5.249849796295166 18.534936904907227 2.000001907348633
    vertex -5.439188480377197 19.639339447021484 1.0000020265579224
  endloop
endfacet
facet normal 0.0 0.0 0.0
  outer loop
    vertex -5.439188480377197 19.639339447021484 1.0000020265579224
    vertex -5.249849796295166 18.534936904907227 2.000001907348633
    vertex -4.732080936431885 18.932233810424805 2.000001907348633
  endloop
endfacet
facet normal 0.0 0.0 0.0
  outer loop
    vertex -5.439188480377197 19.639339447021484 1.0000020265579224
    vertex -4.732080936431885 18.932233810424805 2.000001907348633
    vertex -5.200811862945557 19.950000762939453 1.0000020265579224
  endloop
endfacet
facet normal 0.0 0.0 0.0
  outer loop
    vertex -5.200811862945557 19.950000762939453 1.0000020265579224
    vertex -4.732080936431885 18.932233810424805 2.000001907348633
    vertex -4.334787845611572 19.450000762939453 2.000001907348633
  endloop
endfacet
facet normal 0.0 0.0 0.0
  outer loop
    vertex -5.200811862945557 19.950000762939453 1.0000020265579224
    vertex -4.334787845611572 19.450000762939453 2.000001907348633
    vertex -5.050962924957275 20.311771392822266 1.0000020265579224
  endloop
endfacet
facet normal 0.0 0.0 0.0
  outer loop
    vertex -5.050962924957275 20.311771392822266 1.0000020265579224
    vertex -4.334787845611572 19.450000762939453 2.000001907348633
    vertex -4.085035800933838 20.05295181274414 2.000002145767212
  endloop
endfacet
facet normal 0.0 0.0 0.0
  outer loop
    vertex -5.050962924957275 20.311771392822266 2.1457672119140625e-06
    vertex -5.050962924957275 20.311771392822266 1.0000020265579224
    vertex -4.999849796295166 20.700000762939453 2.1457672119140625e-06
  endloop
endfacet
facet normal 0.0 0.0 0.0
  outer loop
    vertex -4.999849796295166 20.700000762939453 2.1457672119140625e-06
    vertex -5.050962924957275 20.311771392822266 1.0000020265579224
    vertex -4.999849796295166 20.700000762939453 1.0000020265579224
  endloop
endfacet
facet normal 0.0 0.0 0.0
  outer loop
    vertex -4.999849796295166 20.700000762939453 2.1457672119140625e-06
    vertex -4.999849796295166 20.700000762939453 1.0000020265579224
    vertex -5.050962924957275 21.088228225708008 2.1457672119140625e-06
  endloop
endfacet
facet normal 0.0 0.0 0.0
  outer loop
    vertex -5.050962924957275 21.088228225708008 2.1457672119140625e-06
    vertex -4.999849796295166 20.700000762939453 1.0000020265579224
    vertex -5.050962924957275 21.088228225708008 1.0000020265579224
  endloop
endfacet
facet normal 0.0 0.0 0.0
  outer loop
    vertex -5.050962924957275 21.088228225708008 2.1457672119140625e-06
    vertex -5.050962924957275 21.088228225708008 1.0000020265579224
    vertex -5.200811862945557 21.450000762939453 2.1457672119140625e-06
  endloop
endfacet
facet normal 0.0 0.0 0.0
  outer loop
    vertex -5.200811862945557 21.450000762939453 2.1457672119140625e-06
    vertex -5.050962924957275 21.088228225708008 1.0000020265579224
    vertex -5.200811862945557 21.450000762939453 1.0000020265579224
  endloop
endfacet
facet normal 0.0 0.0 0.0
  outer loop
    vertex -5.200811862945557 21.450000762939453 2.1457672119140625e-06
    vertex -5.200811862945557 21.450000762939453 1.0000020265579224
    vertex -5.439188480377197 21.76066017150879 2.1457672119140625e-06
  endloop
endfacet
facet normal 0.0 0.0 0.0
  outer loop
    vertex -5.439188480377197 21.76066017150879 2.1457672119140625e-06
    vertex -5.200811862945557 21.450000762939453 1.0000020265579224
    vertex -5.439188480377197 21.76066017150879 1.0000020265579224
  endloop
endfacet
facet normal 0.0 0.0 0.0
  outer loop
    vertex -5.439188480377197 21.76066017150879 2.1457672119140625e-06
    vertex -5.439188480377197 21.76066017150879 1.0000020265579224
    vertex -5.749849796295166 21.999038696289062 2.1457672119140625e-06
  endloop
endfacet
facet normal 0.0 0.0 0.0
  outer loop
    vertex -5.749849796295166 21.999038696289062 2.1457672119140625e-06
    vertex -5.439188480377197 21.76066017150879 1.0000020265579224
    vertex -5.749849796295166 21.999038696289062 1.0000020265579224
  endloop
endfacet
facet normal 0.0 0.0 0.0
  outer loop
    vertex -5.749849796295166 21.999038696289062 2.1457672119140625e-06
    vertex -5.749849796295166 21.999038696289062 1.0000020265579224
    vertex -6.11161994934082 22.148889541625977 2.0265579223632812e-06
  endloop
endfacet
facet normal 0.0 0.0 0.0
  outer loop
    vertex -6.11161994934082 22.148889541625977 2.0265579223632812e-06
    vertex -5.749849796295166 21.999038696289062 1.0000020265579224
    vertex -6.11161994934082 22.148889541625977 1.0000019073486328
  endloop
endfacet
facet normal 0.0 0.0 0.0
  outer loop
    vertex -6.11161994934082 22.148889541625977 2.0265579223632812e-06
    vertex -6.11161994934082 22.148889541625977 1.0000019073486328
    vertex -6.499849319458008 22.200000762939453 2.0265579223632812e-06
  endloop
endfacet
facet normal 0.0 0.0 0.0
  outer loop
    vertex -6.499849319458008 22.200000762939453 2.0265579223632812e-06
    vertex -6.11161994934082 22.148889541625977 1.0000019073486328
    vertex -6.499849319458008 22.200000762939453 1.0000019073486328
  endloop
endfacet
facet normal 0.0 0.0 0.0
  outer loop
    vertex -6.499849319458008 22.200000762939453 2.0265579223632812e-06
    vertex -6.499849319458008 22.200000762939453 1.0000019073486328
    vertex -6.888078689575195 22.148889541625977 1.9073486328125e-06
  endloop
endfacet
facet normal 0.0 0.0 0.0
  outer loop
    vertex -6.888078689575195 22.148889541625977 1.9073486328125e-06
    vertex -6.499849319458008 22.200000762939453 1.0000019073486328
    vertex -6.888078689575195 22.148889541625977 1.0000017881393433
  endloop
endfacet
facet normal 0.0 0.0 0.0
  outer loop
    vertex -6.888078689575195 22.148889541625977 1.9073486328125e-06
    vertex -6.888078689575195 22.148889541625977 1.0000017881393433
    vertex -7.249849319458008 21.999038696289062 1.9073486328125e-06
  endloop
endfacet
facet normal 0.0 0.0 0.0
  outer loop
    vertex -7.249849319458008 21.999038696289062 1.9073486328125e-06
    vertex -6.888078689575195 22.148889541625977 1.0000017881393433
    vertex -7.249849319458008 21.999038696289062 1.0000017881393433
  endloop
endfacet
facet normal 0.0 0.0 0.0
  outer loop
    vertex -7.249849319458008 21.999038696289062 1.9073486328125e-06
    vertex -7.249849319458008 21.999038696289062 1.0000017881393433
    vertex -7.560508728027344 21.76066017150879 1.9073486328125e-06
  endloop
endfacet
facet normal 0.0 0.0 0.0
  outer loop
    vertex -7.560508728027344 21.76066017150879 1.9073486328125e-06
    vertex -7.249849319458008 21.999038696289062 1.0000017881393433
    vertex -7.560508728027344 21.76066017150879 1.0000017881393433
  endloop
endfacet
facet normal 0.0 0.0 0.0
  outer loop
    vertex -7.560508728027344 21.76066017150879 1.9073486328125e-06
    vertex -7.560508728027344 21.76066017150879 1.0000017881393433
    vertex -7.798887252807617 21.450000762939453 1.7881393432617188e-06
  endloop
endfacet
facet normal 0.0 0.0 0.0
  outer loop
    vertex -7.798887252807617 21.450000762939453 1.7881393432617188e-06
    vertex -7.560508728027344 21.76066017150879 1.0000017881393433
    vertex -7.798887252807617 21.450000762939453 1.0000016689300537
  endloop
endfacet
facet normal 0.0 0.0 0.0
  outer loop
    vertex -7.798887252807617 21.450000762939453 1.7881393432617188e-06
    vertex -7.798887252807617 21.450000762939453 1.0000016689300537
    vertex -7.948738098144531 21.088228225708008 1.7881393432617188e-06
  endloop
endfacet
facet normal 0.0 0.0 0.0
  outer loop
    vertex -7.948738098144531 21.088228225708008 1.7881393432617188e-06
    vertex -7.798887252807617 21.450000762939453 1.0000016689300537
    vertex -7.948738098144531 21.088228225708008 1.0000016689300537
  endloop
endfacet
facet normal 0.0 0.0 0.0
  outer loop
    vertex -7.948738098144531 21.088228225708008 1.7881393432617188e-06
    vertex -7.948738098144531 21.088228225708008 1.0000016689300537
    vertex -7.999849319458008 20.700000762939453 1.7881393432617188e-06
  endloop
endfacet
facet normal 0.0 0.0 0.0
  outer loop
    vertex -7.999849319458008 20.700000762939453 1.7881393432617188e-06
    vertex -7.948738098144531 21.088228225708008 1.0000016689300537
    vertex -7.999849319458008 20.700000762939453 1.0000016689300537
  endloop
endfacet
facet normal 0.0 0.0 0.0
  outer loop
    vertex -7.999849319458008 20.700000762939453 1.7881393432617188e-06
    vertex -7.999849319458008 20.700000762939453 1.0000016689300537
    vertex -7.948738098144531 20.311771392822266 1.7881393432617188e-06
  endloop
endfacet
facet normal 0.0 0.0 0.0
  outer loop
    vertex -7.948738098144531 20.311771392822266 1.7881393432617188e-06
    vertex -7.999849319458008 20.700000762939453 1.0000016689300537
    vertex -7.948738098144531 20.311771392822266 1.0000016689300537
  endloop
endfacet
facet normal 0.0 0.0 0.0
  outer loop
    vertex -7.948738098144531 20.311771392822266 1.7881393432617188e-06
    vertex -7.948738098144531 20.311771392822266 1.0000016689300537
    vertex -7.798887252807617 19.950000762939453 1.7881393432617188e-06
  endloop
endfacet
facet normal 0.0 0.0 0.0
  outer loop
    vertex -7.798887252807617 19.950000762939453 1.7881393432617188e-06
    vertex -7.948738098144531 20.311771392822266 1.0000016689300537
    vertex -7.798887252807617 19.950000762939453 1.0000016689300537
  endloop
endfacet
facet normal 0.0 0.0 0.0
  outer loop
    vertex -7.798887252807617 19.950000762939453 1.7881393432617188e-06
    vertex -7.798887252807617 19.950000762939453 1.0000016689300537
    vertex -7.560508728027344 19.639339447021484 1.9073486328125e-06
  endloop
endfacet
facet normal 0.0 0.0 0.0
  outer loop
    vertex -7.560508728027344 19.639339447021484 1.9073486328125e-06
    vertex -7.798887252807617 19.950000762939453 1.0000016689300537
    vertex -7.560508728027344 19.639339447021484 1.0000017881393433
  endloop
endfacet
facet normal 0.0 0.0 0.0
  outer loop
    vertex -7.560508728027344 19.639339447021484 1.9073486328125e-06
    vertex -7.560508728027344 19.639339447021484 1.0000017881393433
    vertex -7.249849319458008 19.400962829589844 1.9073486328125e-06
  endloop
endfacet
facet normal 0.0 0.0 0.0
  outer loop
    vertex -7.249849319458008 19.400962829589844 1.9073486328125e-06
    vertex -7.560508728027344 19.639339447021484 1.0000017881393433
    vertex -7.249849319458008 19.400962829589844 1.0000017881393433
  endloop
endfacet
facet normal 0.0 0.0 0.0
  outer loop
    vertex -7.249849319458008 19.400962829589844 1.9073486328125e-06
    vertex -7.249849319458008 19.400962829589844 1.0000017881393433
    vertex -6.888078689575195 19.25111198425293 1.9073486328125e-06
  endloop
endfacet
facet normal 0.0 0.0 0.0
  outer loop
    vertex -6.888078689575195 19.25111198425293 1.9073486328125e-06
    vertex -7.249849319458008 19.400962829589844 1.0000017881393433
    vertex -6.888078689575195 19.25111198425293 1.0000017881393433
  endloop
endfacet
facet normal 0.0 0.0 0.0
  outer loop
    vertex -6.888078689575195 19.25111198425293 1.9073486328125e-06
    vertex -6.888078689575195 19.25111198425293 1.0000017881393433
    vertex -6.499849319458008 19.200000762939453 2.0265579223632812e-06
  endloop
endfacet
facet normal 0.0 0.0 0.0
  outer loop
    vertex -6.499849319458008 19.200000762939453 2.0265579223632812e-06
    vertex -6.888078689575195 19.25111198425293 1.0000017881393433
    vertex -6.499849319458008 19.200000762939453 1.0000019073486328
  endloop
endfacet
facet normal 0.0 0.0 0.0
  outer loop
    vertex -6.499849319458008 19.200000762939453 2.0265579223632812e-06
    vertex -6.499849319458008 19.200000762939453 1.0000019073486328
    vertex -6.11161994934082 19.25111198425293 2.0265579223632812e-06
  endloop
endfacet
facet normal 0.0 0.0 0.0
  outer loop
    vertex -6.11161994934082 19.25111198425293 2.0265579223632812e-06
    vertex -6.499849319458008 19.200000762939453 1.0000019073486328
    vertex -6.11161994934082 19.25111198425293 1.0000019073486328
  endloop
endfacet
facet normal 0.0 0.0 0.0
  outer loop
    vertex -6.11161994934082 19.25111198425293 2.0265579223632812e-06
    vertex -6.11161994934082 19.25111198425293 1.0000019073486328
    vertex -5.749849796295166 19.400962829589844 2.1457672119140625e-06
  endloop
endfacet
facet normal 0.0 0.0 0.0
  outer loop
    vertex -5.749849796295166 19.400962829589844 2.1457672119140625e-06
    vertex -6.11161994934082 19.25111198425293 1.0000019073486328
    vertex -5.749849796295166 19.400962829589844 1.0000020265579224
  endloop
endfacet
facet normal 0.0 0.0 0.0
  outer loop
    vertex -5.749849796295166 19.400962829589844 2.1457672119140625e-06
    vertex -5.749849796295166 19.400962829589844 1.0000020265579224
    vertex -5.439188480377197 19.639339447021484 2.1457672119140625e-06
  endloop
endfacet
facet normal 0.0 0.0 0.0
  outer loop
    vertex -5.439188480377197 19.639339447021484 2.1457672119140625e-06
    vertex -5.749849796295166 19.400962829589844 1.0000020265579224
    vertex -5.439188480377197 19.639339447021484 1.0000020265579224
  endloop
endfacet
facet normal 0.0 0.0 0.0
  outer loop
    vertex -5.439188480377197 19.639339447021484 2.1457672119140625e-06
    vertex -5.439188480377197 19.639339447021484 1.0000020265579224
    vertex -5.200811862945557 19.950000762939453 2.1457672119140625e-06
  endloop
endfacet
facet normal 0.0 0.0 0.0
  outer loop
    vertex -5.200811862945557 19.950000762939453 2.1457672119140625e-06
    vertex -5.439188480377197 19.639339447021484 1.0000020265579224
    vertex -5.200811862945557 19.950000762939453 1.0000020265579224
  endloop
endfacet
facet normal 0.0 0.0 0.0
  outer loop
    vertex -5.200811862945557 19.950000762939453 2.1457672119140625e-06
    vertex -5.200811862945557 19.950000762939453 1.0000020265579224
    vertex -5.050962924957275 20.311771392822266 2.1457672119140625e-06
  endloop
endfacet
facet normal 0.0 0.0 0.0
  outer loop
    vertex -5.050962924957275 20.311771392822266 2.1457672119140625e-06
    vertex -5.200811862945557 19.950000762939453 1.0000020265579224
    vertex -5.050962924957275 20.311771392822266 1.0000020265579224
  endloop
endfacet
facet normal 0.0 0.0 0.0
  outer loop
    vertex -35.218868255615234 0.8344535231590271 1.999997854232788
    vertex -35.218868255615234 0.8344535231590271 -1.7881393432617188e-06
    vertex -35.124847412109375 -4.592425233973236e-16 1.9999979734420776
  endloop
endfacet
facet normal 0.0 0.0 0.0
  outer loop
    vertex -35.124847412109375 -4.592425233973236e-16 1.9999979734420776
    vertex -35.218868255615234 0.8344535231590271 -1.7881393432617188e-06
    vertex -35.124847412109375 -4.592425233973236e-16 -1.7881393432617188e-06
  endloop
endfacet
facet normal 0.0 0.0 0.0
  outer loop
    vertex -35.124847412109375 -4.592425233973236e-16 1.9999979734420776
    vertex -35.124847412109375 -4.592425233973236e-16 -1.7881393432617188e-06
    vertex -35.218868255615234 -0.8344535231590271 1.999997854232788
  endloop
endfacet
facet normal 0.0 0.0 0.0
  outer loop
    vertex -35.218868255615234 -0.8344535231590271 1.999997854232788
    vertex -35.124847412109375 -4.592425233973236e-16 -1.7881393432617188e-06
    vertex -35.218868255615234 -0.8344535231590271 -1.7881393432617188e-06
  endloop
endfacet
facet normal 0.0 0.0 0.0
  outer loop
    vertex -35.218868255615234 -0.8344535231590271 1.999997854232788
    vertex -35.218868255615234 -0.8344535231590271 -1.7881393432617188e-06
    vertex -35.4962158203125 -1.6270639896392822 1.999997854232788
  endloop
endfacet
facet normal 0.0 0.0 0.0
  outer loop
    vertex -35.4962158203125 -1.6270639896392822 1.999997854232788
    vertex -35.218868255615234 -0.8344535231590271 -1.7881393432617188e-06
    vertex -35.4962158203125 -1.6270639896392822 -1.9073486328125e-06
  endloop
endfacet
facet normal 0.0 0.0 0.0
  outer loop
    vertex -35.4962158203125 -1.6270639896392822 1.999997854232788
    vertex -35.4962158203125 -1.6270639896392822 -1.9073486328125e-06
    vertex -35.94297790527344 -2.3380868434906006 1.999997854232788
  endloop
endfacet
facet normal 0.0 0.0 0.0
  outer loop
    vertex -35.94297790527344 -2.3380868434906006 1.999997854232788
    vertex -35.4962158203125 -1.6270639896392822 -1.9073486328125e-06
    vertex -35.94297790527344 -2.3380868434906006 -1.9073486328125e-06
  endloop
endfacet
facet normal 0.0 0.0 0.0
  outer loop
    vertex -35.94297790527344 -2.3380868434906006 1.999997854232788
    vertex -35.94297790527344 -2.3380868434906006 -1.9073486328125e-06
    vertex -36.53676223754883 -2.931868076324463 1.9999977350234985
  endloop
endfacet
facet normal 0.0 0.0 0.0
  outer loop
    vertex -36.53676223754883 -2.931868076324463 1.9999977350234985
    vertex -35.94297790527344 -2.3380868434906006 -1.9073486328125e-06
    vertex -36.53676223754883 -2.931868076324463 -2.0265579223632812e-06
  endloop
endfacet
facet normal 0.0 0.0 0.0
  outer loop
    vertex -36.53676223754883 -2.931868076324463 1.9999977350234985
    vertex -36.53676223754883 -2.931868076324463 -2.0265579223632812e-06
    vertex -37.24778366088867 -3.3786332607269287 1.999997615814209
  endloop
endfacet
facet normal 0.0 0.0 0.0
  outer loop
    vertex -37.24778366088867 -3.3786332607269287 1.999997615814209
    vertex -36.53676223754883 -2.931868076324463 -2.0265579223632812e-06
    vertex -37.24778366088867 -3.3786332607269287 -2.1457672119140625e-06
  endloop
endfacet
facet normal 0.0 0.0 0.0
  outer loop
    vertex -37.24778366088867 -3.3786332607269287 1.999997615814209
    vertex -37.24778366088867 -3.3786332607269287 -2.1457672119140625e-06
    vertex -38.0403938293457 -3.655979633331299 1.999997615814209
  endloop
endfacet
facet normal 0.0 0.0 0.0
  outer loop
    vertex -38.0403938293457 -3.655979633331299 1.999997615814209
    vertex -37.24778366088867 -3.3786332607269287 -2.1457672119140625e-06
    vertex -38.0403938293457 -3.655979633331299 -2.1457672119140625e-06
  endloop
endfacet
facet normal 0.0 0.0 0.0
  outer loop
    vertex -38.0403938293457 -3.655979633331299 1.999997615814209
    vertex -38.0403938293457 -3.655979633331299 -2.1457672119140625e-06
    vertex -38.874847412109375 -3.75 1.9999973773956299
  endloop
endfacet
facet normal 0.0 0.0 0.0
  outer loop
    vertex -38.874847412109375 -3.75 1.9999973773956299
    vertex -38.0403938293457 -3.655979633331299 -2.1457672119140625e-06
    vertex -38.874847412109375 -3.75 -2.2649765014648438e-06
  endloop
endfacet
facet normal 0.0 0.0 0.0
  outer loop
    vertex -38.874847412109375 -3.75 1.9999973773956299
    vertex -38.874847412109375 -3.75 -2.2649765014648438e-06
    vertex -39.70930099487305 -3.655979633331299 1.9999973773956299
  endloop
endfacet
facet normal 0.0 0.0 0.0
  outer loop
    vertex -39.70930099487305 -3.655979633331299 1.9999973773956299
    vertex -38.874847412109375 -3.75 -2.2649765014648438e-06
    vertex -39.70930099487305 -3.655979633331299 -2.384185791015625e-06
  endloop
endfacet
facet normal 0.0 0.0 0.0
  outer loop
    vertex -39.70930099487305 -3.655979633331299 1.9999973773956299
    vertex -39.70930099487305 -3.655979633331299 -2.384185791015625e-06
    vertex -40.50191116333008 -3.3786332607269287 1.9999972581863403
  endloop
endfacet
facet normal 0.0 0.0 0.0
  outer loop
    vertex -40.50191116333008 -3.3786332607269287 1.9999972581863403
    vertex -39.70930099487305 -3.655979633331299 -2.384185791015625e-06
    vertex -40.50191116333008 -3.3786332607269287 -2.5033950805664062e-06
  endloop
endfacet
facet normal 0.0 0.0 0.0
  outer loop
    vertex -40.50191116333008 -3.3786332607269287 1.9999972581863403
    vertex -40.50191116333008 -3.3786332607269287 -2.5033950805664062e-06
    vertex -41.21293258666992 -2.931868076324463 1.9999971389770508
  endloop
endfacet
facet normal 0.0 0.0 0.0
  outer loop
    vertex -41.21293258666992 -2.931868076324463 1.9999971389770508
    vertex -40.50191116333008 -3.3786332607269287 -2.5033950805664062e-06
    vertex -41.21293258666992 -2.931868076324463 -2.6226043701171875e-06
  endloop
endfacet
facet normal 0.0 0.0 0.0
  outer loop
    vertex -41.21293258666992 -2.931868076324463 1.9999971389770508
    vertex -41.21293258666992 -2.931868076324463 -2.6226043701171875e-06
    vertex -41.80671691894531 -2.3380868434906006 1.9999971389770508
  endloop
endfacet
facet normal 0.0 0.0 0.0
  outer loop
    vertex -41.80671691894531 -2.3380868434906006 1.9999971389770508
    vertex -41.21293258666992 -2.931868076324463 -2.6226043701171875e-06
    vertex -41.80671691894531 -2.3380868434906006 -2.7418136596679688e-06
  endloop
endfacet
facet normal 0.0 0.0 0.0
  outer loop
    vertex -41.80671691894531 -2.3380868434906006 1.9999971389770508
    vertex -41.80671691894531 -2.3380868434906006 -2.7418136596679688e-06
    vertex -42.25347900390625 -1.6270639896392822 1.9999970197677612
  endloop
endfacet
facet normal 0.0 0.0 0.0
  outer loop
    vertex -42.25347900390625 -1.6270639896392822 1.9999970197677612
    vertex -41.80671691894531 -2.3380868434906006 -2.7418136596679688e-06
    vertex -42.25347900390625 -1.6270639896392822 -2.7418136596679688e-06
  endloop
endfacet
facet normal 0.0 0.0 0.0
  outer loop
    vertex -42.25347900390625 -1.6270639896392822 1.9999970197677612
    vertex -42.25347900390625 -1.6270639896392822 -2.7418136596679688e-06
    vertex -42.530826568603516 -0.8344535231590271 1.9999969005584717
  endloop
endfacet
facet normal 0.0 0.0 0.0
  outer loop
    vertex -42.530826568603516 -0.8344535231590271 1.9999969005584717
    vertex -42.25347900390625 -1.6270639896392822 -2.7418136596679688e-06
    vertex -42.530826568603516 -0.8344535231590271 -2.7418136596679688e-06
  endloop
endfacet
facet normal 0.0 0.0 0.0
  outer loop
    vertex -42.530826568603516 -0.8344535231590271 1.9999969005584717
    vertex -42.530826568603516 -0.8344535231590271 -2.7418136596679688e-06
    vertex -42.624847412109375 -0.0 1.9999969005584717
  endloop
endfacet
facet normal 0.0 0.0 0.0
  outer loop
    vertex -42.624847412109375 -0.0 1.9999969005584717
    vertex -42.530826568603516 -0.8344535231590271 -2.7418136596679688e-06
    vertex -42.624847412109375 -0.0 -2.86102294921875e-06
  endloop
endfacet
facet normal 0.0 0.0 0.0
  outer loop
    vertex -42.624847412109375 -0.0 1.9999969005584717
    vertex -42.624847412109375 -0.0 -2.86102294921875e-06
    vertex -42.530826568603516 0.8344535231590271 1.9999969005584717
  endloop
endfacet
facet normal 0.0 0.0 0.0
  outer loop
    vertex -42.530826568603516 0.8344535231590271 1.9999969005584717
    vertex -42.624847412109375 -0.0 -2.86102294921875e-06
    vertex -42.530826568603516 0.8344535231590271 -2.7418136596679688e-06
  endloop
endfacet
facet normal 0.0 0.0 0.0
  outer loop
    vertex -42.530826568603516 0.8344535231590271 1.9999969005584717
    vertex -42.530826568603516 0.8344535231590271 -2.7418136596679688e-06
    vertex -42.25347900390625 1.6270639896392822 1.9999970197677612
  endloop
endfacet
facet normal 0.0 0.0 0.0
  outer loop
    vertex -42.25347900390625 1.6270639896392822 1.9999970197677612
    vertex -42.530826568603516 0.8344535231590271 -2.7418136596679688e-06
    vertex -42.25347900390625 1.6270639896392822 -2.7418136596679688e-06
  endloop
endfacet
facet normal 0.0 0.0 0.0
  outer loop
    vertex -42.25347900390625 1.6270639896392822 1.9999970197677612
    vertex -42.25347900390625 1.6270639896392822 -2.7418136596679688e-06
    vertex -41.80671691894531 2.3380868434906006 1.9999971389770508
  endloop
endfacet
facet normal 0.0 0.0 0.0
  outer loop
    vertex -41.80671691894531 2.3380868434906006 1.9999971389770508
    vertex -42.25347900390625 1.6270639896392822 -2.7418136596679688e-06
    vertex -41.80671691894531 2.3380868434906006 -2.7418136596679688e-06
  endloop
endfacet
facet normal 0.0 0.0 0.0
  outer loop
    vertex -41.80671691894531 2.3380868434906006 1.9999971389770508
    vertex -41.80671691894531 2.3380868434906006 -2.7418136596679688e-06
    vertex -41.21293258666992 2.931868076324463 1.9999971389770508
  endloop
endfacet
facet normal 0.0 0.0 0.0
  outer loop
    vertex -41.21293258666992 2.931868076324463 1.9999971389770508
    vertex -41.80671691894531 2.3380868434906006 -2.7418136596679688e-06
    vertex -41.21293258666992 2.931868076324463 -2.6226043701171875e-06
  endloop
endfacet
facet normal 0.0 0.0 0.0
  outer loop
    vertex -41.21293258666992 2.931868076324463 1.9999971389770508
    vertex -41.21293258666992 2.931868076324463 -2.6226043701171875e-06
    vertex -40.50191116333008 3.3786332607269287 1.9999972581863403
  endloop
endfacet
facet normal 0.0 0.0 0.0
  outer loop
    vertex -40.50191116333008 3.3786332607269287 1.9999972581863403
    vertex -41.21293258666992 2.931868076324463 -2.6226043701171875e-06
    vertex -40.50191116333008 3.3786332607269287 -2.5033950805664062e-06
  endloop
endfacet
facet normal 0.0 0.0 0.0
  outer loop
    vertex -40.50191116333008 3.3786332607269287 1.9999972581863403
    vertex -40.50191116333008 3.3786332607269287 -2.5033950805664062e-06
    vertex -39.70930099487305 3.655979633331299 1.9999973773956299
  endloop
endfacet
facet normal 0.0 0.0 0.0
  outer loop
    vertex -39.70930099487305 3.655979633331299 1.9999973773956299
    vertex -40.50191116333008 3.3786332607269287 -2.5033950805664062e-06
    vertex -39.70930099487305 3.655979633331299 -2.384185791015625e-06
  endloop
endfacet
facet normal 0.0 0.0 0.0
  outer loop
    vertex -39.70930099487305 3.655979633331299 1.9999973773956299
    vertex -39.70930099487305 3.655979633331299 -2.384185791015625e-06
    vertex -38.874847412109375 3.75 1.9999973773956299
  endloop
endfacet
facet normal 0.0 0.0 0.0
  outer loop
    vertex -38.874847412109375 3.75 1.9999973773956299
    vertex -39.70930099487305 3.655979633331299 -2.384185791015625e-06
    vertex -38.874847412109375 3.75 -2.2649765014648438e-06
  endloop
endfacet
facet normal 0.0 0.0 0.0
  outer loop
    vertex -38.874847412109375 3.75 1.9999973773956299
    vertex -38.874847412109375 3.75 -2.2649765014648438e-06
    vertex -38.0403938293457 3.655979633331299 1.999997615814209
  endloop
endfacet
facet normal 0.0 0.0 0.0
  outer loop
    vertex -38.0403938293457 3.655979633331299 1.999997615814209
    vertex -38.874847412109375 3.75 -2.2649765014648438e-06
    vertex -38.0403938293457 3.655979633331299 -2.1457672119140625e-06
  endloop
endfacet
facet normal 0.0 0.0 0.0
  outer loop
    vertex -38.0403938293457 3.655979633331299 1.999997615814209
    vertex -38.0403938293457 3.655979633331299 -2.1457672119140625e-06
    vertex -37.24778366088867 3.3786332607269287 1.999997615814209
  endloop
endfacet
facet normal 0.0 0.0 0.0
  outer loop
    vertex -37.24778366088867 3.3786332607269287 1.999997615814209
    vertex -38.0403938293457 3.655979633331299 -2.1457672119140625e-06
    vertex -37.24778366088867 3.3786332607269287 -2.1457672119140625e-06
  endloop
endfacet
facet normal 0.0 0.0 0.0
  outer loop
    vertex -37.24778366088867 3.3786332607269287 1.999997615814209
    vertex -37.24778366088867 3.3786332607269287 -2.1457672119140625e-06
    vertex -36.53676223754883 2.931868076324463 1.9999977350234985
  endloop
endfacet
facet normal 0.0 0.0 0.0
  outer loop
    vertex -36.53676223754883 2.931868076324463 1.9999977350234985
    vertex -37.24778366088867 3.3786332607269287 -2.1457672119140625e-06
    vertex -36.53676223754883 2.931868076324463 -2.0265579223632812e-06
  endloop
endfacet
facet normal 0.0 0.0 0.0
  outer loop
    vertex -36.53676223754883 2.931868076324463 1.9999977350234985
    vertex -36.53676223754883 2.931868076324463 -2.0265579223632812e-06
    vertex -35.94297790527344 2.3380868434906006 1.999997854232788
  endloop
endfacet
facet normal 0.0 0.0 0.0
  outer loop
    vertex -35.94297790527344 2.3380868434906006 1.999997854232788
    vertex -36.53676223754883 2.931868076324463 -2.0265579223632812e-06
    vertex -35.94297790527344 2.3380868434906006 -1.9073486328125e-06
  endloop
endfacet
facet normal 0.0 0.0 0.0
  outer loop
    vertex -35.94297790527344 2.3380868434906006 1.999997854232788
    vertex -35.94297790527344 2.3380868434906006 -1.9073486328125e-06
    vertex -35.4962158203125 1.6270639896392822 1.999997854232788
  endloop
endfacet
facet normal 0.0 0.0 0.0
  outer loop
    vertex -35.4962158203125 1.6270639896392822 1.999997854232788
    vertex -35.94297790527344 2.3380868434906006 -1.9073486328125e-06
    vertex -35.4962158203125 1.6270639896392822 -1.9073486328125e-06
  endloop
endfacet
facet normal 0.0 0.0 0.0
  outer loop
    vertex -35.4962158203125 1.6270639896392822 1.999997854232788
    vertex -35.4962158203125 1.6270639896392822 -1.9073486328125e-06
    vertex -35.218868255615234 0.8344535231590271 1.999997854232788
  endloop
endfacet
facet normal 0.0 0.0 0.0
  outer loop
    vertex -35.218868255615234 0.8344535231590271 1.999997854232788
    vertex -35.4962158203125 1.6270639896392822 -1.9073486328125e-06
    vertex -35.218868255615234 0.8344535231590271 -1.7881393432617188e-06
  endloop
endfacet
facet normal 0.0 0.0 0.0
  outer loop
    vertex 5.908997058868408 11.041889190673828 3.635883331298828e-06
    vertex 65.60504913330078 13.619714736938477 1.1563301086425781e-05
    vertex 6.000148773193359 10.0 3.635883331298828e-06
  endloop
endfacet
facet normal 0.0 0.0 0.0
  outer loop
    vertex 6.000148773193359 10.0 3.635883331298828e-06
    vertex 65.60504913330078 13.619714736938477 1.1563301086425781e-05
    vertex 66.59123992919922 11.48050308227539 1.1742115020751953e-05
  endloop
endfacet
facet normal 0.0 0.0 0.0
  outer loop
    vertex 6.000148773193359 10.0 3.635883331298828e-06
    vertex 66.59123992919922 11.48050308227539 1.1742115020751953e-05
    vertex 5.908997058868408 8.958110809326172 3.635883331298828e-06
  endloop
endfacet
facet normal 0.0 0.0 0.0
  outer loop
    vertex 5.908997058868408 8.958110809326172 3.635883331298828e-06
    vertex 66.59123992919922 11.48050308227539 1.1742115020751953e-05
    vertex 67.40654754638672 9.270509719848633 1.1861324310302734e-05
  endloop
endfacet
facet normal 0.0 0.0 0.0
  outer loop
    vertex 5.908997058868408 8.958110809326172 3.635883331298828e-06
    vertex 67.40654754638672 9.270509719848633 1.1861324310302734e-05
    vertex 5.638306140899658 7.947879314422607 3.635883331298828e-06
  endloop
endfacet
facet normal 0.0 0.0 0.0
  outer loop
    vertex 5.638306140899658 7.947879314422607 3.635883331298828e-06
    vertex 67.40654754638672 9.270509719848633 1.1861324310302734e-05
    vertex 68.04593658447266 7.003360748291016 1.1920928955078125e-05
  endloop
endfacet
facet normal 0.0 0.0 0.0
  outer loop
    vertex 5.638306140899658 7.947879314422607 3.635883331298828e-06
    vertex 68.04593658447266 7.003360748291016 1.1920928955078125e-05
    vertex 5.196300983428955 7.0 3.5762786865234375e-06
  endloop
endfacet
facet normal 0.0 0.0 0.0
  outer loop
    vertex 5.196300983428955 7.0 3.5762786865234375e-06
    vertex 68.04593658447266 7.003360748291016 1.1920928955078125e-05
    vertex 68.50550079345703 4.6930341720581055 1.1980533599853516e-05
  endloop
endfacet
facet normal 0.0 0.0 0.0
  outer loop
    vertex 5.196300983428955 7.0 3.5762786865234375e-06
    vertex 68.50550079345703 4.6930341720581055 1.1980533599853516e-05
    vertex 68.7823715209961 2.3537728786468506 1.2040138244628906e-05
  endloop
endfacet
facet normal 0.0 0.0 0.0
  outer loop
    vertex 5.638306140899658 12.05212116241455 3.635883331298828e-06
    vertex 63.14535903930664 17.63355827331543 1.1265277862548828e-05
    vertex 5.908997058868408 11.041889190673828 3.635883331298828e-06
  endloop
endfacet
facet normal 0.0 0.0 0.0
  outer loop
    vertex 5.908997058868408 11.041889190673828 3.635883331298828e-06
    vertex 63.14535903930664 17.63355827331543 1.1265277862548828e-05
    vertex 64.45404815673828 15.674957275390625 1.1444091796875e-05
  endloop
endfacet
facet normal 0.0 0.0 0.0
  outer loop
    vertex 5.908997058868408 11.041889190673828 3.635883331298828e-06
    vertex 64.45404815673828 15.674957275390625 1.1444091796875e-05
    vertex 65.60504913330078 13.619714736938477 1.1563301086425781e-05
  endloop
endfacet
facet normal 0.0 0.0 0.0
  outer loop
    vertex 5.196300983428955 13.0 3.5762786865234375e-06
    vertex 7.560810089111328 19.639339447021484 3.874301910400391e-06
    vertex 5.638306140899658 12.05212116241455 3.635883331298828e-06
  endloop
endfacet
facet normal 0.0 0.0 0.0
  outer loop
    vertex 5.638306140899658 12.05212116241455 3.635883331298828e-06
    vertex 7.560810089111328 19.639339447021484 3.874301910400391e-06
    vertex 61.6870231628418 19.483442306518555 1.1086463928222656e-05
  endloop
endfacet
facet normal 0.0 0.0 0.0
  outer loop
    vertex 5.638306140899658 12.05212116241455 3.635883331298828e-06
    vertex 61.6870231628418 19.483442306518555 1.1086463928222656e-05
    vertex 63.14535903930664 17.63355827331543 1.1265277862548828e-05
  endloop
endfacet
facet normal 0.0 0.0 0.0
  outer loop
    vertex 7.560810089111328 19.639339447021484 3.874301910400391e-06
    vertex 5.196300983428955 13.0 3.5762786865234375e-06
    vertex 7.250148773193359 19.400962829589844 3.814697265625e-06
  endloop
endfacet
facet normal 0.0 0.0 0.0
  outer loop
    vertex 7.250148773193359 19.400962829589844 3.814697265625e-06
    vertex 5.196300983428955 13.0 3.5762786865234375e-06
    vertex 4.59641695022583 13.856725692749023 3.4570693969726562e-06
  endloop
endfacet
facet normal 0.0 0.0 0.0
  outer loop
    vertex 7.250148773193359 19.400962829589844 3.814697265625e-06
    vertex 4.59641695022583 13.856725692749023 3.4570693969726562e-06
    vertex 6.888378143310547 19.25111198425293 3.7550926208496094e-06
  endloop
endfacet
facet normal 0.0 0.0 0.0
  outer loop
    vertex 6.888378143310547 19.25111198425293 3.7550926208496094e-06
    vertex 4.59641695022583 13.856725692749023 3.4570693969726562e-06
    vertex 3.856873035430908 14.596266746520996 3.3974647521972656e-06
  endloop
endfacet
facet normal 0.0 0.0 0.0
  outer loop
    vertex 6.888378143310547 19.25111198425293 3.7550926208496094e-06
    vertex 3.856873035430908 14.596266746520996 3.3974647521972656e-06
    vertex 3.0001492500305176 15.196152687072754 3.2782554626464844e-06
  endloop
endfacet
facet normal 0.0 0.0 0.0
  outer loop
    vertex 6.888378143310547 19.25111198425293 3.7550926208496094e-06
    vertex 3.0001492500305176 15.196152687072754 3.2782554626464844e-06
    vertex 6.500148773193359 19.200000762939453 3.7550926208496094e-06
  endloop
endfacet
facet normal 0.0 0.0 0.0
  outer loop
    vertex 6.500148773193359 19.200000762939453 3.7550926208496094e-06
    vertex 3.0001492500305176 15.196152687072754 3.2782554626464844e-06
    vertex 2.052269697189331 15.638155937194824 3.159046173095703e-06
  endloop
endfacet
facet normal 0.0 0.0 0.0
  outer loop
    vertex 6.500148773193359 19.200000762939453 3.7550926208496094e-06
    vertex 2.052269697189331 15.638155937194824 3.159046173095703e-06
    vertex 6.111919403076172 19.25111198425293 3.6954879760742188e-06
  endloop
endfacet
facet normal 0.0 0.0 0.0
  outer loop
    vertex 6.111919403076172 19.25111198425293 3.6954879760742188e-06
    vertex 2.052269697189331 15.638155937194824 3.159046173095703e-06
    vertex 1.0420386791229248 15.908846855163574 2.9802322387695312e-06
  endloop
endfacet
facet normal 0.0 0.0 0.0
  outer loop
    vertex 6.111919403076172 19.25111198425293 3.6954879760742188e-06
    vertex 1.0420386791229248 15.908846855163574 2.9802322387695312e-06
    vertex 5.750149250030518 19.400962829589844 3.635883331298828e-06
  endloop
endfacet
facet normal 0.0 0.0 0.0
  outer loop
    vertex 5.750149250030518 19.400962829589844 3.635883331298828e-06
    vertex 1.0420386791229248 15.908846855163574 2.9802322387695312e-06
    vertex 0.0001496306067565456 16.0 2.86102294921875e-06
  endloop
endfacet
facet normal 0.0 0.0 0.0
  outer loop
    vertex 5.750149250030518 19.400962829589844 3.635883331298828e-06
    vertex 0.0001496306067565456 16.0 2.86102294921875e-06
    vertex 5.439487934112549 19.639339447021484 3.5762786865234375e-06
  endloop
endfacet
facet normal 0.0 0.0 0.0
  outer loop
    vertex 5.439487934112549 19.639339447021484 3.5762786865234375e-06
    vertex 0.0001496306067565456 16.0 2.86102294921875e-06
    vertex -5.439188480377197 19.639339447021484 2.1457672119140625e-06
  endloop
endfacet
facet normal 0.0 0.0 0.0
  outer loop
    vertex 5.439487934112549 19.639339447021484 3.5762786865234375e-06
    vertex -5.439188480377197 19.639339447021484 2.1457672119140625e-06
    vertex 5.201111316680908 19.950000762939453 3.5762786865234375e-06
  endloop
endfacet
facet normal 0.0 0.0 0.0
  outer loop
    vertex 5.201111316680908 19.950000762939453 3.5762786865234375e-06
    vertex -5.439188480377197 19.639339447021484 2.1457672119140625e-06
    vertex -5.200811862945557 19.950000762939453 2.1457672119140625e-06
  endloop
endfacet
facet normal 0.0 0.0 0.0
  outer loop
    vertex 5.201111316680908 19.950000762939453 3.5762786865234375e-06
    vertex -5.200811862945557 19.950000762939453 2.1457672119140625e-06
    vertex 5.051262378692627 20.311771392822266 3.516674041748047e-06
  endloop
endfacet
facet normal 0.0 0.0 0.0
  outer loop
    vertex 5.051262378692627 20.311771392822266 3.516674041748047e-06
    vertex -5.200811862945557 19.950000762939453 2.1457672119140625e-06
    vertex -5.050962924957275 20.311771392822266 2.1457672119140625e-06
  endloop
endfacet
facet normal 0.0 0.0 0.0
  outer loop
    vertex 5.051262378692627 20.311771392822266 3.516674041748047e-06
    vertex -5.050962924957275 20.311771392822266 2.1457672119140625e-06
    vertex 5.000149250030518 20.700000762939453 3.516674041748047e-06
  endloop
endfacet
facet normal 0.0 0.0 0.0
  outer loop
    vertex 5.000149250030518 20.700000762939453 3.516674041748047e-06
    vertex -5.050962924957275 20.311771392822266 2.1457672119140625e-06
    vertex -4.999849796295166 20.700000762939453 2.1457672119140625e-06
  endloop
endfacet
facet normal 0.0 0.0 0.0
  outer loop
    vertex 5.000149250030518 20.700000762939453 3.516674041748047e-06
    vertex -4.999849796295166 20.700000762939453 2.1457672119140625e-06
    vertex 5.051262378692627 21.088228225708008 3.516674041748047e-06
  endloop
endfacet
facet normal 0.0 0.0 0.0
  outer loop
    vertex 5.051262378692627 21.088228225708008 3.516674041748047e-06
    vertex -4.999849796295166 20.700000762939453 2.1457672119140625e-06
    vertex -5.050962924957275 21.088228225708008 2.1457672119140625e-06
  endloop
endfacet
facet normal 0.0 0.0 0.0
  outer loop
    vertex 5.051262378692627 21.088228225708008 3.516674041748047e-06
    vertex -5.050962924957275 21.088228225708008 2.1457672119140625e-06
    vertex 5.201111316680908 21.450000762939453 3.5762786865234375e-06
  endloop
endfacet
facet normal 0.0 0.0 0.0
  outer loop
    vertex 5.201111316680908 21.450000762939453 3.5762786865234375e-06
    vertex -5.050962924957275 21.088228225708008 2.1457672119140625e-06
    vertex -5.200811862945557 21.450000762939453 2.1457672119140625e-06
  endloop
endfacet
facet normal 0.0 0.0 0.0
  outer loop
    vertex 5.201111316680908 21.450000762939453 3.5762786865234375e-06
    vertex -5.200811862945557 21.450000762939453 2.1457672119140625e-06
    vertex 5.439487934112549 21.76066017150879 3.5762786865234375e-06
  endloop
endfacet
facet normal 0.0 0.0 0.0
  outer loop
    vertex 5.439487934112549 21.76066017150879 3.5762786865234375e-06
    vertex -5.200811862945557 21.450000762939453 2.1457672119140625e-06
    vertex -5.439188480377197 21.76066017150879 2.1457672119140625e-06
  endloop
endfacet
facet normal 0.0 0.0 0.0
  outer loop
    vertex 5.439487934112549 21.76066017150879 3.5762786865234375e-06
    vertex -5.439188480377197 21.76066017150879 2.1457672119140625e-06
    vertex 5.750149250030518 21.999038696289062 3.635883331298828e-06
  endloop
endfacet
facet normal 0.0 0.0 0.0
  outer loop
    vertex 5.750149250030518 21.999038696289062 3.635883331298828e-06
    vertex -5.439188480377197 21.76066017150879 2.1457672119140625e-06
    vertex -5.749849796295166 21.999038696289062 2.1457672119140625e-06
  endloop
endfacet
facet normal 0.0 0.0 0.0
  outer loop
    vertex 5.750149250030518 21.999038696289062 3.635883331298828e-06
    vertex -5.749849796295166 21.999038696289062 2.1457672119140625e-06
    vertex 6.111919403076172 22.148889541625977 3.6954879760742188e-06
  endloop
endfacet
facet normal 0.0 0.0 0.0
  outer loop
    vertex 6.111919403076172 22.148889541625977 3.6954879760742188e-06
    vertex -5.749849796295166 21.999038696289062 2.1457672119140625e-06
    vertex -6.11161994934082 22.148889541625977 2.0265579223632812e-06
  endloop
endfacet
facet normal 0.0 0.0 0.0
  outer loop
    vertex 6.111919403076172 22.148889541625977 3.6954879760742188e-06
    vertex -6.11161994934082 22.148889541625977 2.0265579223632812e-06
    vertex 6.500148773193359 22.200000762939453 3.7550926208496094e-06
  endloop
endfacet
facet normal 0.0 0.0 0.0
  outer loop
    vertex 6.500148773193359 22.200000762939453 3.7550926208496094e-06
    vertex -6.11161994934082 22.148889541625977 2.0265579223632812e-06
    vertex -6.499849319458008 22.200000762939453 2.0265579223632812e-06
  endloop
endfacet
facet normal 0.0 0.0 0.0
  outer loop
    vertex 6.500148773193359 22.200000762939453 3.7550926208496094e-06
    vertex -6.499849319458008 22.200000762939453 2.0265579223632812e-06
    vertex 38.874847412109375 30.0 8.046627044677734e-06
  endloop
endfacet
facet normal 0.0 0.0 0.0
  outer loop
    vertex 38.874847412109375 30.0 8.046627044677734e-06
    vertex -6.499849319458008 22.200000762939453 2.0265579223632812e-06
    vertex -38.874847412109375 30.0 -2.2649765014648438e-06
  endloop
endfacet
facet normal 0.0 0.0 0.0
  outer loop
    vertex -38.874847412109375 30.0 -2.2649765014648438e-06
    vertex -6.499849319458008 22.200000762939453 2.0265579223632812e-06
    vertex -6.888078689575195 22.148889541625977 1.9073486328125e-06
  endloop
endfacet
facet normal 0.0 0.0 0.0
  outer loop
    vertex -38.874847412109375 30.0 -2.2649765014648438e-06
    vertex -6.888078689575195 22.148889541625977 1.9073486328125e-06
    vertex -7.249849319458008 21.999038696289062 1.9073486328125e-06
  endloop
endfacet
facet normal 0.0 0.0 0.0
  outer loop
    vertex -5.439188480377197 19.639339447021484 2.1457672119140625e-06
    vertex 0.0001496306067565456 16.0 2.86102294921875e-06
    vertex -5.749849796295166 19.400962829589844 2.1457672119140625e-06
  endloop
endfacet
facet normal 0.0 0.0 0.0
  outer loop
    vertex -5.749849796295166 19.400962829589844 2.1457672119140625e-06
    vertex 0.0001496306067565456 16.0 2.86102294921875e-06
    vertex -1.0417394638061523 15.908846855163574 2.7418136596679688e-06
  endloop
endfacet
facet normal 0.0 0.0 0.0
  outer loop
    vertex -5.749849796295166 19.400962829589844 2.1457672119140625e-06
    vertex -1.0417394638061523 15.908846855163574 2.7418136596679688e-06
    vertex -6.11161994934082 19.25111198425293 2.0265579223632812e-06
  endloop
endfacet
facet normal 0.0 0.0 0.0
  outer loop
    vertex -6.11161994934082 19.25111198425293 2.0265579223632812e-06
    vertex -1.0417394638061523 15.908846855163574 2.7418136596679688e-06
    vertex -2.0519702434539795 15.638155937194824 2.6226043701171875e-06
  endloop
endfacet
facet normal 0.0 0.0 0.0
  outer loop
    vertex -6.11161994934082 19.25111198425293 2.0265579223632812e-06
    vertex -2.0519702434539795 15.638155937194824 2.6226043701171875e-06
    vertex -6.499849319458008 19.200000762939453 2.0265579223632812e-06
  endloop
endfacet
facet normal 0.0 0.0 0.0
  outer loop
    vertex -6.499849319458008 19.200000762939453 2.0265579223632812e-06
    vertex -2.0519702434539795 15.638155937194824 2.6226043701171875e-06
    vertex -2.999850034713745 15.196152687072754 2.5033950805664062e-06
  endloop
endfacet
facet normal 0.0 0.0 0.0
  outer loop
    vertex -6.499849319458008 19.200000762939453 2.0265579223632812e-06
    vertex -2.999850034713745 15.196152687072754 2.5033950805664062e-06
    vertex -6.888078689575195 19.25111198425293 1.9073486328125e-06
  endloop
endfacet
facet normal 0.0 0.0 0.0
  outer loop
    vertex -6.888078689575195 19.25111198425293 1.9073486328125e-06
    vertex -2.999850034713745 15.196152687072754 2.5033950805664062e-06
    vertex -3.8565735816955566 14.596266746520996 2.384185791015625e-06
  endloop
endfacet
facet normal 0.0 0.0 0.0
  outer loop
    vertex -6.888078689575195 19.25111198425293 1.9073486328125e-06
    vertex -3.8565735816955566 14.596266746520996 2.384185791015625e-06
    vertex -4.5961174964904785 13.856725692749023 2.2649765014648438e-06
  endloop
endfacet
facet normal 0.0 0.0 0.0
  outer loop
    vertex -6.888078689575195 19.25111198425293 1.9073486328125e-06
    vertex -4.5961174964904785 13.856725692749023 2.2649765014648438e-06
    vertex -7.249849319458008 19.400962829589844 1.9073486328125e-06
  endloop
endfacet
facet normal 0.0 0.0 0.0
  outer loop
    vertex -7.249849319458008 19.400962829589844 1.9073486328125e-06
    vertex -4.5961174964904785 13.856725692749023 2.2649765014648438e-06
    vertex -5.1960015296936035 13.0 2.1457672119140625e-06
  endloop
endfacet
facet normal 0.0 0.0 0.0
  outer loop
    vertex -7.249849319458008 19.400962829589844 1.9073486328125e-06
    vertex -5.1960015296936035 13.0 2.1457672119140625e-06
    vertex -7.560508728027344 19.639339447021484 1.9073486328125e-06
  endloop
endfacet
facet normal 0.0 0.0 0.0
  outer loop
    vertex -7.560508728027344 19.639339447021484 1.9073486328125e-06
    vertex -5.1960015296936035 13.0 2.1457672119140625e-06
    vertex -5.638006687164307 12.05212116241455 2.1457672119140625e-06
  endloop
endfacet
facet normal 0.0 0.0 0.0
  outer loop
    vertex -7.560508728027344 19.639339447021484 1.9073486328125e-06
    vertex -5.638006687164307 12.05212116241455 2.1457672119140625e-06
    vertex -38.0403938293457 3.655979633331299 -2.1457672119140625e-06
  endloop
endfacet
facet normal 0.0 0.0 0.0
  outer loop
    vertex -38.0403938293457 3.655979633331299 -2.1457672119140625e-06
    vertex -5.638006687164307 12.05212116241455 2.1457672119140625e-06
    vertex -5.908697605133057 11.041889190673828 2.0265579223632812e-06
  endloop
endfacet
facet normal 0.0 0.0 0.0
  outer loop
    vertex -38.0403938293457 3.655979633331299 -2.1457672119140625e-06
    vertex -5.908697605133057 11.041889190673828 2.0265579223632812e-06
    vertex -5.999849796295166 10.0 2.0265579223632812e-06
  endloop
endfacet
facet normal 0.0 0.0 0.0
  outer loop
    vertex -38.0403938293457 3.655979633331299 -2.1457672119140625e-06
    vertex -5.999849796295166 10.0 2.0265579223632812e-06
    vertex -37.24778366088867 3.3786332607269287 -2.1457672119140625e-06
  endloop
endfacet
facet normal 0.0 0.0 0.0
  outer loop
    vertex -37.24778366088867 3.3786332607269287 -2.1457672119140625e-06
    vertex -5.999849796295166 10.0 2.0265579223632812e-06
    vertex -5.908697605133057 8.958110809326172 2.0265579223632812e-06
  endloop
endfacet
facet normal 0.0 0.0 0.0
  outer loop
    vertex -37.24778366088867 3.3786332607269287 -2.1457672119140625e-06
    vertex -5.908697605133057 8.958110809326172 2.0265579223632812e-06
    vertex -5.638006687164307 7.947879314422607 2.1457672119140625e-06
  endloop
endfacet
facet normal 0.0 0.0 0.0
  outer loop
    vertex -37.24778366088867 3.3786332607269287 -2.1457672119140625e-06
    vertex -5.638006687164307 7.947879314422607 2.1457672119140625e-06
    vertex -36.53676223754883 2.931868076324463 -2.0265579223632812e-06
  endloop
endfacet
facet normal 0.0 0.0 0.0
  outer loop
    vertex -36.53676223754883 2.931868076324463 -2.0265579223632812e-06
    vertex -5.638006687164307 7.947879314422607 2.1457672119140625e-06
    vertex -5.1960015296936035 7.0 2.1457672119140625e-06
  endloop
endfacet
facet normal 0.0 0.0 0.0
  outer loop
    vertex -36.53676223754883 2.931868076324463 -2.0265579223632812e-06
    vertex -5.1960015296936035 7.0 2.1457672119140625e-06
    vertex -35.94297790527344 2.3380868434906006 -1.9073486328125e-06
  endloop
endfacet
facet normal 0.0 0.0 0.0
  outer loop
    vertex -35.94297790527344 2.3380868434906006 -1.9073486328125e-06
    vertex -5.1960015296936035 7.0 2.1457672119140625e-06
    vertex -4.5961174964904785 6.143274307250977 2.2649765014648438e-06
  endloop
endfacet
facet normal 0.0 0.0 0.0
  outer loop
    vertex -35.94297790527344 2.3380868434906006 -1.9073486328125e-06
    vertex -4.5961174964904785 6.143274307250977 2.2649765014648438e-06
    vertex -35.4962158203125 1.6270639896392822 -1.9073486328125e-06
  endloop
endfacet
facet normal 0.0 0.0 0.0
  outer loop
    vertex -35.4962158203125 1.6270639896392822 -1.9073486328125e-06
    vertex -4.5961174964904785 6.143274307250977 2.2649765014648438e-06
    vertex -3.8565735816955566 5.403733253479004 2.384185791015625e-06
  endloop
endfacet
facet normal 0.0 0.0 0.0
  outer loop
    vertex -35.4962158203125 1.6270639896392822 -1.9073486328125e-06
    vertex -3.8565735816955566 5.403733253479004 2.384185791015625e-06
    vertex -35.218868255615234 0.8344535231590271 -1.7881393432617188e-06
  endloop
endfacet
facet normal 0.0 0.0 0.0
  outer loop
    vertex -35.218868255615234 0.8344535231590271 -1.7881393432617188e-06
    vertex -3.8565735816955566 5.403733253479004 2.384185791015625e-06
    vertex -2.999850034713745 4.803847789764404 2.5033950805664062e-06
  endloop
endfacet
facet normal 0.0 0.0 0.0
  outer loop
    vertex -35.218868255615234 0.8344535231590271 -1.7881393432617188e-06
    vertex -2.999850034713745 4.803847789764404 2.5033950805664062e-06
    vertex -35.124847412109375 -4.592425233973236e-16 -1.7881393432617188e-06
  endloop
endfacet
facet normal 0.0 0.0 0.0
  outer loop
    vertex -35.124847412109375 -4.592425233973236e-16 -1.7881393432617188e-06
    vertex -2.999850034713745 4.803847789764404 2.5033950805664062e-06
    vertex -35.218868255615234 -0.8344535231590271 -1.7881393432617188e-06
  endloop
endfacet
facet normal 0.0 0.0 0.0
  outer loop
    vertex -35.218868255615234 -0.8344535231590271 -1.7881393432617188e-06
    vertex -2.999850034713745 4.803847789764404 2.5033950805664062e-06
    vertex -2.0519702434539795 4.361844062805176 2.6226043701171875e-06
  endloop
endfacet
facet normal 0.0 0.0 0.0
  outer loop
    vertex -35.218868255615234 -0.8344535231590271 -1.7881393432617188e-06
    vertex -2.0519702434539795 4.361844062805176 2.6226043701171875e-06
    vertex -35.4962158203125 -1.6270639896392822 -1.9073486328125e-06
  endloop
endfacet
facet normal 0.0 0.0 0.0
  outer loop
    vertex -35.4962158203125 -1.6270639896392822 -1.9073486328125e-06
    vertex -2.0519702434539795 4.361844062805176 2.6226043701171875e-06
    vertex -1.0417394638061523 4.091153621673584 2.7418136596679688e-06
  endloop
endfacet
facet normal 0.0 0.0 0.0
  outer loop
    vertex -35.4962158203125 -1.6270639896392822 -1.9073486328125e-06
    vertex -1.0417394638061523 4.091153621673584 2.7418136596679688e-06
    vertex -35.94297790527344 -2.3380868434906006 -1.9073486328125e-06
  endloop
endfacet
facet normal 0.0 0.0 0.0
  outer loop
    vertex -35.94297790527344 -2.3380868434906006 -1.9073486328125e-06
    vertex -1.0417394638061523 4.091153621673584 2.7418136596679688e-06
    vertex -6.499849319458008 -19.200000762939453 2.0265579223632812e-06
  endloop
endfacet
facet normal 0.0 0.0 0.0
  outer loop
    vertex -35.94297790527344 -2.3380868434906006 -1.9073486328125e-06
    vertex -6.499849319458008 -19.200000762939453 2.0265579223632812e-06
    vertex -36.53676223754883 -2.931868076324463 -2.0265579223632812e-06
  endloop
endfacet
facet normal 0.0 0.0 0.0
  outer loop
    vertex -36.53676223754883 -2.931868076324463 -2.0265579223632812e-06
    vertex -6.499849319458008 -19.200000762939453 2.0265579223632812e-06
    vertex -6.888078689575195 -19.25111198425293 1.9073486328125e-06
  endloop
endfacet
facet normal 0.0 0.0 0.0
  outer loop
    vertex -36.53676223754883 -2.931868076324463 -2.0265579223632812e-06
    vertex -6.888078689575195 -19.25111198425293 1.9073486328125e-06
    vertex -37.24778366088867 -3.3786332607269287 -2.1457672119140625e-06
  endloop
endfacet
facet normal 0.0 0.0 0.0
  outer loop
    vertex -37.24778366088867 -3.3786332607269287 -2.1457672119140625e-06
    vertex -6.888078689575195 -19.25111198425293 1.9073486328125e-06
    vertex -38.0403938293457 -3.655979633331299 -2.1457672119140625e-06
  endloop
endfacet
facet normal 0.0 0.0 0.0
  outer loop
    vertex -38.0403938293457 -3.655979633331299 -2.1457672119140625e-06
    vertex -6.888078689575195 -19.25111198425293 1.9073486328125e-06
    vertex -7.249849319458008 -19.400962829589844 1.9073486328125e-06
  endloop
endfacet
facet normal 0.0 0.0 0.0
  outer loop
    vertex -38.0403938293457 -3.655979633331299 -2.1457672119140625e-06
    vertex -7.249849319458008 -19.400962829589844 1.9073486328125e-06
    vertex -7.560508728027344 -19.639339447021484 1.9073486328125e-06
  endloop
endfacet
facet normal 0.0 0.0 0.0
  outer loop
    vertex -1.0417394638061523 4.091153621673584 2.7418136596679688e-06
    vertex 0.0001496306067565456 4.0 2.86102294921875e-06
    vertex -6.499849319458008 -19.200000762939453 2.0265579223632812e-06
  endloop
endfacet
facet normal 0.0 0.0 0.0
  outer loop
    vertex -6.499849319458008 -19.200000762939453 2.0265579223632812e-06
    vertex 0.0001496306067565456 4.0 2.86102294921875e-06
    vertex 6.500148773193359 -19.200000762939453 3.7550926208496094e-06
  endloop
endfacet
facet normal 0.0 0.0 0.0
  outer loop
    vertex -6.499849319458008 -19.200000762939453 2.0265579223632812e-06
    vertex 6.500148773193359 -19.200000762939453 3.7550926208496094e-06
    vertex -6.11161994934082 -19.25111198425293 2.0265579223632812e-06
  endloop
endfacet
facet normal 0.0 0.0 0.0
  outer loop
    vertex -6.11161994934082 -19.25111198425293 2.0265579223632812e-06
    vertex 6.500148773193359 -19.200000762939453 3.7550926208496094e-06
    vertex 6.111919403076172 -19.25111198425293 3.6954879760742188e-06
  endloop
endfacet
facet normal 0.0 0.0 0.0
  outer loop
    vertex -6.11161994934082 -19.25111198425293 2.0265579223632812e-06
    vertex 6.111919403076172 -19.25111198425293 3.6954879760742188e-06
    vertex -5.749849796295166 -19.400962829589844 2.1457672119140625e-06
  endloop
endfacet
facet normal 0.0 0.0 0.0
  outer loop
    vertex -5.749849796295166 -19.400962829589844 2.1457672119140625e-06
    vertex 6.111919403076172 -19.25111198425293 3.6954879760742188e-06
    vertex 5.750149250030518 -19.400962829589844 3.635883331298828e-06
  endloop
endfacet
facet normal 0.0 0.0 0.0
  outer loop
    vertex -5.749849796295166 -19.400962829589844 2.1457672119140625e-06
    vertex 5.750149250030518 -19.400962829589844 3.635883331298828e-06
    vertex -5.439188480377197 -19.639339447021484 2.1457672119140625e-06
  endloop
endfacet
facet normal 0.0 0.0 0.0
  outer loop
    vertex -5.439188480377197 -19.639339447021484 2.1457672119140625e-06
    vertex 5.750149250030518 -19.400962829589844 3.635883331298828e-06
    vertex 5.439487934112549 -19.639339447021484 3.5762786865234375e-06
  endloop
endfacet
facet normal 0.0 0.0 0.0
  outer loop
    vertex -5.439188480377197 -19.639339447021484 2.1457672119140625e-06
    vertex 5.439487934112549 -19.639339447021484 3.5762786865234375e-06
    vertex -5.200811862945557 -19.950000762939453 2.1457672119140625e-06
  endloop
endfacet
facet normal 0.0 0.0 0.0
  outer loop
    vertex -5.200811862945557 -19.950000762939453 2.1457672119140625e-06
    vertex 5.439487934112549 -19.639339447021484 3.5762786865234375e-06
    vertex 5.201111316680908 -19.950000762939453 3.5762786865234375e-06
  endloop
endfacet
facet normal 0.0 0.0 0.0
  outer loop
    vertex -5.200811862945557 -19.950000762939453 2.1457672119140625e-06
    vertex 5.201111316680908 -19.950000762939453 3.5762786865234375e-06
    vertex -5.050962924957275 -20.311771392822266 2.1457672119140625e-06
  endloop
endfacet
facet normal 0.0 0.0 0.0
  outer loop
    vertex -5.050962924957275 -20.311771392822266 2.1457672119140625e-06
    vertex 5.201111316680908 -19.950000762939453 3.5762786865234375e-06
    vertex 5.051262378692627 -20.311771392822266 3.516674041748047e-06
  endloop
endfacet
facet normal 0.0 0.0 0.0
  outer loop
    vertex -5.050962924957275 -20.311771392822266 2.1457672119140625e-06
    vertex 5.051262378692627 -20.311771392822266 3.516674041748047e-06
    vertex -4.999849796295166 -20.700000762939453 2.1457672119140625e-06
  endloop
endfacet
facet normal 0.0 0.0 0.0
  outer loop
    vertex -4.999849796295166 -20.700000762939453 2.1457672119140625e-06
    vertex 5.051262378692627 -20.311771392822266 3.516674041748047e-06
    vertex 5.000149250030518 -20.700000762939453 3.516674041748047e-06
  endloop
endfacet
facet normal 0.0 0.0 0.0
  outer loop
    vertex -4.999849796295166 -20.700000762939453 2.1457672119140625e-06
    vertex 5.000149250030518 -20.700000762939453 3.516674041748047e-06
    vertex -5.050962924957275 -21.088228225708008 2.1457672119140625e-06
  endloop
endfacet
facet normal 0.0 0.0 0.0
  outer loop
    vertex -5.050962924957275 -21.088228225708008 2.1457672119140625e-06
    vertex 5.000149250030518 -20.700000762939453 3.516674041748047e-06
    vertex 5.051262378692627 -21.088228225708008 3.516674041748047e-06
  endloop
endfacet
facet normal 0.0 0.0 0.0
  outer loop
    vertex -5.050962924957275 -21.088228225708008 2.1457672119140625e-06
    vertex 5.051262378692627 -21.088228225708008 3.516674041748047e-06
    vertex -5.200811862945557 -21.450000762939453 2.1457672119140625e-06
  endloop
endfacet
facet normal 0.0 0.0 0.0
  outer loop
    vertex -5.200811862945557 -21.450000762939453 2.1457672119140625e-06
    vertex 5.051262378692627 -21.088228225708008 3.516674041748047e-06
    vertex 5.201111316680908 -21.450000762939453 3.5762786865234375e-06
  endloop
endfacet
facet normal 0.0 0.0 0.0
  outer loop
    vertex -5.200811862945557 -21.450000762939453 2.1457672119140625e-06
    vertex 5.201111316680908 -21.450000762939453 3.5762786865234375e-06
    vertex -5.439188480377197 -21.76066017150879 2.1457672119140625e-06
  endloop
endfacet
facet normal 0.0 0.0 0.0
  outer loop
    vertex -5.439188480377197 -21.76066017150879 2.1457672119140625e-06
    vertex 5.201111316680908 -21.450000762939453 3.5762786865234375e-06
    vertex 5.439487934112549 -21.76066017150879 3.5762786865234375e-06
  endloop
endfacet
facet normal 0.0 0.0 0.0
  outer loop
    vertex -5.439188480377197 -21.76066017150879 2.1457672119140625e-06
    vertex 5.439487934112549 -21.76066017150879 3.5762786865234375e-06
    vertex -5.749849796295166 -21.999038696289062 2.1457672119140625e-06
  endloop
endfacet
facet normal 0.0 0.0 0.0
  outer loop
    vertex -5.749849796295166 -21.999038696289062 2.1457672119140625e-06
    vertex 5.439487934112549 -21.76066017150879 3.5762786865234375e-06
    vertex 5.750149250030518 -21.999038696289062 3.635883331298828e-06
  endloop
endfacet
facet normal 0.0 0.0 0.0
  outer loop
    vertex -5.749849796295166 -21.999038696289062 2.1457672119140625e-06
    vertex 5.750149250030518 -21.999038696289062 3.635883331298828e-06
    vertex -6.11161994934082 -22.148889541625977 2.0265579223632812e-06
  endloop
endfacet
facet normal 0.0 0.0 0.0
  outer loop
    vertex -6.11161994934082 -22.148889541625977 2.0265579223632812e-06
    vertex 5.750149250030518 -21.999038696289062 3.635883331298828e-06
    vertex 6.111919403076172 -22.148889541625977 3.6954879760742188e-06
  endloop
endfacet
facet normal 0.0 0.0 0.0
  outer loop
    vertex -6.11161994934082 -22.148889541625977 2.0265579223632812e-06
    vertex 6.111919403076172 -22.148889541625977 3.6954879760742188e-06
    vertex -6.499849319458008 -22.200000762939453 2.0265579223632812e-06
  endloop
endfacet
facet normal 0.0 0.0 0.0
  outer loop
    vertex -6.499849319458008 -22.200000762939453 2.0265579223632812e-06
    vertex 6.111919403076172 -22.148889541625977 3.6954879760742188e-06
    vertex 6.500148773193359 -22.200000762939453 3.7550926208496094e-06
  endloop
endfacet
facet normal 0.0 0.0 0.0
  outer loop
    vertex -6.499849319458008 -22.200000762939453 2.0265579223632812e-06
    vertex 6.500148773193359 -22.200000762939453 3.7550926208496094e-06
    vertex 38.874847412109375 -30.0 8.046627044677734e-06
  endloop
endfacet
facet normal 0.0 0.0 0.0
  outer loop
    vertex 38.874847412109375 -30.0 8.046627044677734e-06
    vertex 6.500148773193359 -22.200000762939453 3.7550926208496094e-06
    vertex 6.888378143310547 -22.148889541625977 3.7550926208496094e-06
  endloop
endfacet
facet normal 0.0 0.0 0.0
  outer loop
    vertex 38.874847412109375 -30.0 8.046627044677734e-06
    vertex 6.888378143310547 -22.148889541625977 3.7550926208496094e-06
    vertex 7.250148773193359 -21.999038696289062 3.814697265625e-06
  endloop
endfacet
facet normal 0.0 0.0 0.0
  outer loop
    vertex 0.0001496306067565456 4.0 2.86102294921875e-06
    vertex 1.0420386791229248 4.091153621673584 2.9802322387695312e-06
    vertex 6.500148773193359 -19.200000762939453 3.7550926208496094e-06
  endloop
endfacet
facet normal 0.0 0.0 0.0
  outer loop
    vertex 6.500148773193359 -19.200000762939453 3.7550926208496094e-06
    vertex 1.0420386791229248 4.091153621673584 2.9802322387695312e-06
    vertex 6.888378143310547 -19.25111198425293 3.7550926208496094e-06
  endloop
endfacet
facet normal 0.0 0.0 0.0
  outer loop
    vertex 6.888378143310547 -19.25111198425293 3.7550926208496094e-06
    vertex 1.0420386791229248 4.091153621673584 2.9802322387695312e-06
    vertex 2.052269697189331 4.361844062805176 3.159046173095703e-06
  endloop
endfacet
facet normal 0.0 0.0 0.0
  outer loop
    vertex 6.888378143310547 -19.25111198425293 3.7550926208496094e-06
    vertex 2.052269697189331 4.361844062805176 3.159046173095703e-06
    vertex 3.0001492500305176 4.803847789764404 3.2782554626464844e-06
  endloop
endfacet
facet normal 0.0 0.0 0.0
  outer loop
    vertex 3.856873035430908 5.403733253479004 3.3974647521972656e-06
    vertex 68.50550079345703 -4.6930341720581055 1.1980533599853516e-05
    vertex 3.0001492500305176 4.803847789764404 3.2782554626464844e-06
  endloop
endfacet
facet normal 0.0 0.0 0.0
  outer loop
    vertex 3.0001492500305176 4.803847789764404 3.2782554626464844e-06
    vertex 68.50550079345703 -4.6930341720581055 1.1980533599853516e-05
    vertex 68.04593658447266 -7.003360748291016 1.1920928955078125e-05
  endloop
endfacet
facet normal 0.0 0.0 0.0
  outer loop
    vertex 3.0001492500305176 4.803847789764404 3.2782554626464844e-06
    vertex 68.04593658447266 -7.003360748291016 1.1920928955078125e-05
    vertex 67.40654754638672 -9.270509719848633 1.1861324310302734e-05
  endloop
endfacet
facet normal 0.0 0.0 0.0
  outer loop
    vertex 4.59641695022583 6.143274307250977 3.4570693969726562e-06
    vertex 68.87483978271484 -1.1932858282899918e-15 1.2040138244628906e-05
    vertex 3.856873035430908 5.403733253479004 3.3974647521972656e-06
  endloop
endfacet
facet normal 0.0 0.0 0.0
  outer loop
    vertex 3.856873035430908 5.403733253479004 3.3974647521972656e-06
    vertex 68.87483978271484 -1.1932858282899918e-15 1.2040138244628906e-05
    vertex 68.7823715209961 -2.3537728786468506 1.2040138244628906e-05
  endloop
endfacet
facet normal 0.0 0.0 0.0
  outer loop
    vertex 3.856873035430908 5.403733253479004 3.3974647521972656e-06
    vertex 68.7823715209961 -2.3537728786468506 1.2040138244628906e-05
    vertex 68.50550079345703 -4.6930341720581055 1.1980533599853516e-05
  endloop
endfacet
facet normal 0.0 0.0 0.0
  outer loop
    vertex 68.87483978271484 -1.1932858282899918e-15 1.2040138244628906e-05
    vertex 4.59641695022583 6.143274307250977 3.4570693969726562e-06
    vertex 68.7823715209961 2.3537728786468506 1.2040138244628906e-05
  endloop
endfacet
facet normal 0.0 0.0 0.0
  outer loop
    vertex 68.7823715209961 2.3537728786468506 1.2040138244628906e-05
    vertex 4.59641695022583 6.143274307250977 3.4570693969726562e-06
    vertex 5.196300983428955 7.0 3.5762786865234375e-06
  endloop
endfacet
facet normal 0.0 0.0 0.0
  outer loop
    vertex -38.0403938293457 3.655979633331299 -2.1457672119140625e-06
    vertex -38.874847412109375 3.75 -2.2649765014648438e-06
    vertex -7.560508728027344 19.639339447021484 1.9073486328125e-06
  endloop
endfacet
facet normal 0.0 0.0 0.0
  outer loop
    vertex -7.560508728027344 19.639339447021484 1.9073486328125e-06
    vertex -38.874847412109375 3.75 -2.2649765014648438e-06
    vertex -7.798887252807617 19.950000762939453 1.7881393432617188e-06
  endloop
endfacet
facet normal 0.0 0.0 0.0
  outer loop
    vertex -7.798887252807617 19.950000762939453 1.7881393432617188e-06
    vertex -38.874847412109375 3.75 -2.2649765014648438e-06
    vertex -60.08804702758789 21.21320343017578 -5.125999450683594e-06
  endloop
endfacet
facet normal 0.0 0.0 0.0
  outer loop
    vertex -7.798887252807617 19.950000762939453 1.7881393432617188e-06
    vertex -60.08804702758789 21.21320343017578 -5.125999450683594e-06
    vertex -58.35828399658203 22.812179565429688 -4.887580871582031e-06
  endloop
endfacet
facet normal 0.0 0.0 0.0
  outer loop
    vertex -39.70930099487305 3.655979633331299 -2.384185791015625e-06
    vertex -64.45404815673828 15.674957275390625 -5.7220458984375e-06
    vertex -38.874847412109375 3.75 -2.2649765014648438e-06
  endloop
endfacet
facet normal 0.0 0.0 0.0
  outer loop
    vertex -38.874847412109375 3.75 -2.2649765014648438e-06
    vertex -64.45404815673828 15.674957275390625 -5.7220458984375e-06
    vertex -63.145355224609375 17.63355827331543 -5.602836608886719e-06
  endloop
endfacet
facet normal 0.0 0.0 0.0
  outer loop
    vertex -38.874847412109375 3.75 -2.2649765014648438e-06
    vertex -63.145355224609375 17.63355827331543 -5.602836608886719e-06
    vertex -61.6870231628418 19.483442306518555 -5.364418029785156e-06
  endloop
endfacet
facet normal 0.0 0.0 0.0
  outer loop
    vertex -40.50191116333008 3.3786332607269287 -2.5033950805664062e-06
    vertex -67.40653991699219 9.270509719848633 -6.079673767089844e-06
    vertex -39.70930099487305 3.655979633331299 -2.384185791015625e-06
  endloop
endfacet
facet normal 0.0 0.0 0.0
  outer loop
    vertex -39.70930099487305 3.655979633331299 -2.384185791015625e-06
    vertex -67.40653991699219 9.270509719848633 -6.079673767089844e-06
    vertex -66.59123229980469 11.48050308227539 -5.9604644775390625e-06
  endloop
endfacet
facet normal 0.0 0.0 0.0
  outer loop
    vertex -39.70930099487305 3.655979633331299 -2.384185791015625e-06
    vertex -66.59123229980469 11.48050308227539 -5.9604644775390625e-06
    vertex -65.60504150390625 13.619714736938477 -5.841255187988281e-06
  endloop
endfacet
facet normal 0.0 0.0 0.0
  outer loop
    vertex -67.40653991699219 9.270509719848633 -6.079673767089844e-06
    vertex -40.50191116333008 3.3786332607269287 -2.5033950805664062e-06
    vertex -68.04593658447266 7.003360748291016 -6.198883056640625e-06
  endloop
endfacet
facet normal 0.0 0.0 0.0
  outer loop
    vertex -68.04593658447266 7.003360748291016 -6.198883056640625e-06
    vertex -40.50191116333008 3.3786332607269287 -2.5033950805664062e-06
    vertex -41.21293258666992 2.931868076324463 -2.6226043701171875e-06
  endloop
endfacet
facet normal 0.0 0.0 0.0
  outer loop
    vertex -68.04593658447266 7.003360748291016 -6.198883056640625e-06
    vertex -41.21293258666992 2.931868076324463 -2.6226043701171875e-06
    vertex -68.5054931640625 4.6930341720581055 -6.198883056640625e-06
  endloop
endfacet
facet normal 0.0 0.0 0.0
  outer loop
    vertex -68.5054931640625 4.6930341720581055 -6.198883056640625e-06
    vertex -41.21293258666992 2.931868076324463 -2.6226043701171875e-06
    vertex -41.80671691894531 2.3380868434906006 -2.7418136596679688e-06
  endloop
endfacet
facet normal 0.0 0.0 0.0
  outer loop
    vertex -68.5054931640625 4.6930341720581055 -6.198883056640625e-06
    vertex -41.80671691894531 2.3380868434906006 -2.7418136596679688e-06
    vertex -42.25347900390625 1.6270639896392822 -2.7418136596679688e-06
  endloop
endfacet
facet normal 0.0 0.0 0.0
  outer loop
    vertex -68.5054931640625 4.6930341720581055 -6.198883056640625e-06
    vertex -42.25347900390625 1.6270639896392822 -2.7418136596679688e-06
    vertex -68.78236389160156 2.3537728786468506 -6.318092346191406e-06
  endloop
endfacet
facet normal 0.0 0.0 0.0
  outer loop
    vertex -68.78236389160156 2.3537728786468506 -6.318092346191406e-06
    vertex -42.25347900390625 1.6270639896392822 -2.7418136596679688e-06
    vertex -42.530826568603516 0.8344535231590271 -2.7418136596679688e-06
  endloop
endfacet
facet normal 0.0 0.0 0.0
  outer loop
    vertex -68.78236389160156 2.3537728786468506 -6.318092346191406e-06
    vertex -42.530826568603516 0.8344535231590271 -2.7418136596679688e-06
    vertex -68.87483978271484 -0.0 -6.318092346191406e-06
  endloop
endfacet
facet normal 0.0 0.0 0.0
  outer loop
    vertex -68.87483978271484 -0.0 -6.318092346191406e-06
    vertex -42.530826568603516 0.8344535231590271 -2.7418136596679688e-06
    vertex -42.624847412109375 -0.0 -2.86102294921875e-06
  endloop
endfacet
facet normal 0.0 0.0 0.0
  outer loop
    vertex -68.87483978271484 -0.0 -6.318092346191406e-06
    vertex -42.624847412109375 -0.0 -2.86102294921875e-06
    vertex -42.530826568603516 -0.8344535231590271 -2.7418136596679688e-06
  endloop
endfacet
facet normal 0.0 0.0 0.0
  outer loop
    vertex -68.87483978271484 -0.0 -6.318092346191406e-06
    vertex -42.530826568603516 -0.8344535231590271 -2.7418136596679688e-06
    vertex -68.78236389160156 -2.3537728786468506 -6.318092346191406e-06
  endloop
endfacet
facet normal 0.0 0.0 0.0
  outer loop
    vertex -68.78236389160156 -2.3537728786468506 -6.318092346191406e-06
    vertex -42.530826568603516 -0.8344535231590271 -2.7418136596679688e-06
    vertex -42.25347900390625 -1.6270639896392822 -2.7418136596679688e-06
  endloop
endfacet
facet normal 0.0 0.0 0.0
  outer loop
    vertex -68.78236389160156 -2.3537728786468506 -6.318092346191406e-06
    vertex -42.25347900390625 -1.6270639896392822 -2.7418136596679688e-06
    vertex -68.5054931640625 -4.6930341720581055 -6.198883056640625e-06
  endloop
endfacet
facet normal 0.0 0.0 0.0
  outer loop
    vertex -68.5054931640625 -4.6930341720581055 -6.198883056640625e-06
    vertex -42.25347900390625 -1.6270639896392822 -2.7418136596679688e-06
    vertex -41.80671691894531 -2.3380868434906006 -2.7418136596679688e-06
  endloop
endfacet
facet normal 0.0 0.0 0.0
  outer loop
    vertex -68.5054931640625 -4.6930341720581055 -6.198883056640625e-06
    vertex -41.80671691894531 -2.3380868434906006 -2.7418136596679688e-06
    vertex -41.21293258666992 -2.931868076324463 -2.6226043701171875e-06
  endloop
endfacet
facet normal 0.0 0.0 0.0
  outer loop
    vertex -68.5054931640625 -4.6930341720581055 -6.198883056640625e-06
    vertex -41.21293258666992 -2.931868076324463 -2.6226043701171875e-06
    vertex -68.04593658447266 -7.003360748291016 -6.198883056640625e-06
  endloop
endfacet
facet normal 0.0 0.0 0.0
  outer loop
    vertex -68.04593658447266 -7.003360748291016 -6.198883056640625e-06
    vertex -41.21293258666992 -2.931868076324463 -2.6226043701171875e-06
    vertex -40.50191116333008 -3.3786332607269287 -2.5033950805664062e-06
  endloop
endfacet
facet normal 0.0 0.0 0.0
  outer loop
    vertex -68.04593658447266 -7.003360748291016 -6.198883056640625e-06
    vertex -40.50191116333008 -3.3786332607269287 -2.5033950805664062e-06
    vertex -67.40653991699219 -9.270509719848633 -6.079673767089844e-06
  endloop
endfacet
facet normal 0.0 0.0 0.0
  outer loop
    vertex -67.40653991699219 -9.270509719848633 -6.079673767089844e-06
    vertex -40.50191116333008 -3.3786332607269287 -2.5033950805664062e-06
    vertex -39.70930099487305 -3.655979633331299 -2.384185791015625e-06
  endloop
endfacet
facet normal 0.0 0.0 0.0
  outer loop
    vertex -67.40653991699219 -9.270509719848633 -6.079673767089844e-06
    vertex -39.70930099487305 -3.655979633331299 -2.384185791015625e-06
    vertex -66.59123229980469 -11.48050308227539 -5.9604644775390625e-06
  endloop
endfacet
facet normal 0.0 0.0 0.0
  outer loop
    vertex -66.59123229980469 -11.48050308227539 -5.9604644775390625e-06
    vertex -39.70930099487305 -3.655979633331299 -2.384185791015625e-06
    vertex -65.60504150390625 -13.619714736938477 -5.841255187988281e-06
  endloop
endfacet
facet normal 0.0 0.0 0.0
  outer loop
    vertex -65.60504150390625 -13.619714736938477 -5.841255187988281e-06
    vertex -39.70930099487305 -3.655979633331299 -2.384185791015625e-06
    vertex -64.45404815673828 -15.674957275390625 -5.7220458984375e-06
  endloop
endfacet
facet normal 0.0 0.0 0.0
  outer loop
    vertex -64.45404815673828 -15.674957275390625 -5.7220458984375e-06
    vertex -39.70930099487305 -3.655979633331299 -2.384185791015625e-06
    vertex -38.874847412109375 -3.75 -2.2649765014648438e-06
  endloop
endfacet
facet normal 0.0 0.0 0.0
  outer loop
    vertex -64.45404815673828 -15.674957275390625 -5.7220458984375e-06
    vertex -38.874847412109375 -3.75 -2.2649765014648438e-06
    vertex -63.145355224609375 -17.63355827331543 -5.602836608886719e-06
  endloop
endfacet
facet normal 0.0 0.0 0.0
  outer loop
    vertex -63.145355224609375 -17.63355827331543 -5.602836608886719e-06
    vertex -38.874847412109375 -3.75 -2.2649765014648438e-06
    vertex -61.6870231628418 -19.483442306518555 -5.364418029785156e-06
  endloop
endfacet
facet normal 0.0 0.0 0.0
  outer loop
    vertex -61.6870231628418 -19.483442306518555 -5.364418029785156e-06
    vertex -38.874847412109375 -3.75 -2.2649765014648438e-06
    vertex -60.08804702758789 -21.21320343017578 -5.125999450683594e-06
  endloop
endfacet
facet normal 0.0 0.0 0.0
  outer loop
    vertex -60.08804702758789 -21.21320343017578 -5.125999450683594e-06
    vertex -38.874847412109375 -3.75 -2.2649765014648438e-06
    vertex -7.798887252807617 -19.950000762939453 1.7881393432617188e-06
  endloop
endfacet
facet normal 0.0 0.0 0.0
  outer loop
    vertex -60.08804702758789 -21.21320343017578 -5.125999450683594e-06
    vertex -7.798887252807617 -19.950000762939453 1.7881393432617188e-06
    vertex -58.35828399658203 -22.812179565429688 -4.887580871582031e-06
  endloop
endfacet
facet normal 0.0 0.0 0.0
  outer loop
    vertex -58.35828399658203 -22.812179565429688 -4.887580871582031e-06
    vertex -7.798887252807617 -19.950000762939453 1.7881393432617188e-06
    vertex -56.508399963378906 -24.270509719848633 -4.649162292480469e-06
  endloop
endfacet
facet normal 0.0 0.0 0.0
  outer loop
    vertex -56.508399963378906 -24.270509719848633 -4.649162292480469e-06
    vertex -7.798887252807617 -19.950000762939453 1.7881393432617188e-06
    vertex -7.948738098144531 -20.311771392822266 1.7881393432617188e-06
  endloop
endfacet
facet normal 0.0 0.0 0.0
  outer loop
    vertex -56.508399963378906 -24.270509719848633 -4.649162292480469e-06
    vertex -7.948738098144531 -20.311771392822266 1.7881393432617188e-06
    vertex -54.549800872802734 -25.579204559326172 -4.410743713378906e-06
  endloop
endfacet
facet normal 0.0 0.0 0.0
  outer loop
    vertex -54.549800872802734 -25.579204559326172 -4.410743713378906e-06
    vertex -7.948738098144531 -20.311771392822266 1.7881393432617188e-06
    vertex -38.874847412109375 -30.0 -2.2649765014648438e-06
  endloop
endfacet
facet normal 0.0 0.0 0.0
  outer loop
    vertex -54.549800872802734 -25.579204559326172 -4.410743713378906e-06
    vertex -38.874847412109375 -30.0 -2.2649765014648438e-06
    vertex -52.49456024169922 -26.730195999145508 -4.172325134277344e-06
  endloop
endfacet
facet normal 0.0 0.0 0.0
  outer loop
    vertex -52.49456024169922 -26.730195999145508 -4.172325134277344e-06
    vertex -38.874847412109375 -30.0 -2.2649765014648438e-06
    vertex -50.3553466796875 -27.716386795043945 -3.814697265625e-06
  endloop
endfacet
facet normal 0.0 0.0 0.0
  outer loop
    vertex -50.3553466796875 -27.716386795043945 -3.814697265625e-06
    vertex -38.874847412109375 -30.0 -2.2649765014648438e-06
    vertex -48.145355224609375 -28.531696319580078 -3.5762786865234375e-06
  endloop
endfacet
facet normal 0.0 0.0 0.0
  outer loop
    vertex -48.145355224609375 -28.531696319580078 -3.5762786865234375e-06
    vertex -38.874847412109375 -30.0 -2.2649765014648438e-06
    vertex -45.87820816040039 -29.171096801757812 -3.2186508178710938e-06
  endloop
endfacet
facet normal 0.0 0.0 0.0
  outer loop
    vertex -45.87820816040039 -29.171096801757812 -3.2186508178710938e-06
    vertex -38.874847412109375 -30.0 -2.2649765014648438e-06
    vertex -43.5678825378418 -29.63064956665039 -2.9802322387695312e-06
  endloop
endfacet
facet normal 0.0 0.0 0.0
  outer loop
    vertex -43.5678825378418 -29.63064956665039 -2.9802322387695312e-06
    vertex -38.874847412109375 -30.0 -2.2649765014648438e-06
    vertex -41.22861862182617 -29.907520294189453 -2.6226043701171875e-06
  endloop
endfacet
facet normal 0.0 0.0 0.0
  outer loop
    vertex -7.798887252807617 -19.950000762939453 1.7881393432617188e-06
    vertex -38.874847412109375 -3.75 -2.2649765014648438e-06
    vertex -7.560508728027344 -19.639339447021484 1.9073486328125e-06
  endloop
endfacet
facet normal 0.0 0.0 0.0
  outer loop
    vertex -7.560508728027344 -19.639339447021484 1.9073486328125e-06
    vertex -38.874847412109375 -3.75 -2.2649765014648438e-06
    vertex -38.0403938293457 -3.655979633331299 -2.1457672119140625e-06
  endloop
endfacet
facet normal 0.0 0.0 0.0
  outer loop
    vertex 7.94903564453125 20.311771392822266 3.933906555175781e-06
    vertex 8.00014877319336 20.700000762939453 3.933906555175781e-06
    vertex 38.874847412109375 30.0 8.046627044677734e-06
  endloop
endfacet
facet normal 0.0 0.0 0.0
  outer loop
    vertex 38.874847412109375 30.0 8.046627044677734e-06
    vertex 8.00014877319336 20.700000762939453 3.933906555175781e-06
    vertex 7.94903564453125 21.088228225708008 3.933906555175781e-06
  endloop
endfacet
facet normal 0.0 0.0 0.0
  outer loop
    vertex 38.874847412109375 30.0 8.046627044677734e-06
    vertex 7.94903564453125 21.088228225708008 3.933906555175781e-06
    vertex 7.799186706542969 21.450000762939453 3.874301910400391e-06
  endloop
endfacet
facet normal 0.0 0.0 0.0
  outer loop
    vertex 7.799186706542969 21.450000762939453 3.874301910400391e-06
    vertex 7.560810089111328 21.76066017150879 3.874301910400391e-06
    vertex 38.874847412109375 30.0 8.046627044677734e-06
  endloop
endfacet
facet normal 0.0 0.0 0.0
  outer loop
    vertex 38.874847412109375 30.0 8.046627044677734e-06
    vertex 7.560810089111328 21.76066017150879 3.874301910400391e-06
    vertex 7.250148773193359 21.999038696289062 3.814697265625e-06
  endloop
endfacet
facet normal 0.0 0.0 0.0
  outer loop
    vertex 38.874847412109375 30.0 8.046627044677734e-06
    vertex 7.250148773193359 21.999038696289062 3.814697265625e-06
    vertex 6.888378143310547 22.148889541625977 3.7550926208496094e-06
  endloop
endfacet
facet normal 0.0 0.0 0.0
  outer loop
    vertex 6.888378143310547 22.148889541625977 3.7550926208496094e-06
    vertex 6.500148773193359 22.200000762939453 3.7550926208496094e-06
    vertex 38.874847412109375 30.0 8.046627044677734e-06
  endloop
endfacet
facet normal 0.0 0.0 0.0
  outer loop
    vertex 61.6870231628418 19.483442306518555 1.1086463928222656e-05
    vertex 7.560810089111328 19.639339447021484 3.874301910400391e-06
    vertex 60.08804702758789 21.21320343017578 1.0848045349121094e-05
  endloop
endfacet
facet normal 0.0 0.0 0.0
  outer loop
    vertex 60.08804702758789 21.21320343017578 1.0848045349121094e-05
    vertex 7.560810089111328 19.639339447021484 3.874301910400391e-06
    vertex 7.799186706542969 19.950000762939453 3.874301910400391e-06
  endloop
endfacet
facet normal 0.0 0.0 0.0
  outer loop
    vertex 60.08804702758789 21.21320343017578 1.0848045349121094e-05
    vertex 7.799186706542969 19.950000762939453 3.874301910400391e-06
    vertex 58.3582878112793 22.812179565429688 1.0609626770019531e-05
  endloop
endfacet
facet normal 0.0 0.0 0.0
  outer loop
    vertex 58.3582878112793 22.812179565429688 1.0609626770019531e-05
    vertex 7.799186706542969 19.950000762939453 3.874301910400391e-06
    vertex 56.50840377807617 24.270509719848633 1.0371208190917969e-05
  endloop
endfacet
facet normal 0.0 0.0 0.0
  outer loop
    vertex 56.50840377807617 24.270509719848633 1.0371208190917969e-05
    vertex 7.799186706542969 19.950000762939453 3.874301910400391e-06
    vertex 7.94903564453125 20.311771392822266 3.933906555175781e-06
  endloop
endfacet
facet normal 0.0 0.0 0.0
  outer loop
    vertex 56.50840377807617 24.270509719848633 1.0371208190917969e-05
    vertex 7.94903564453125 20.311771392822266 3.933906555175781e-06
    vertex 54.549800872802734 25.579204559326172 1.0132789611816406e-05
  endloop
endfacet
facet normal 0.0 0.0 0.0
  outer loop
    vertex 54.549800872802734 25.579204559326172 1.0132789611816406e-05
    vertex 7.94903564453125 20.311771392822266 3.933906555175781e-06
    vertex 38.874847412109375 30.0 8.046627044677734e-06
  endloop
endfacet
facet normal 0.0 0.0 0.0
  outer loop
    vertex 54.549800872802734 25.579204559326172 1.0132789611816406e-05
    vertex 38.874847412109375 30.0 8.046627044677734e-06
    vertex 52.494564056396484 26.730195999145508 9.834766387939453e-06
  endloop
endfacet
facet normal 0.0 0.0 0.0
  outer loop
    vertex 52.494564056396484 26.730195999145508 9.834766387939453e-06
    vertex 38.874847412109375 30.0 8.046627044677734e-06
    vertex 50.355350494384766 27.716386795043945 9.5367431640625e-06
  endloop
endfacet
facet normal 0.0 0.0 0.0
  outer loop
    vertex 50.355350494384766 27.716386795043945 9.5367431640625e-06
    vertex 38.874847412109375 30.0 8.046627044677734e-06
    vertex 48.14535903930664 28.531696319580078 9.298324584960938e-06
  endloop
endfacet
facet normal 0.0 0.0 0.0
  outer loop
    vertex 48.14535903930664 28.531696319580078 9.298324584960938e-06
    vertex 38.874847412109375 30.0 8.046627044677734e-06
    vertex 45.878211975097656 29.171096801757812 8.940696716308594e-06
  endloop
endfacet
facet normal 0.0 0.0 0.0
  outer loop
    vertex 45.878211975097656 29.171096801757812 8.940696716308594e-06
    vertex 38.874847412109375 30.0 8.046627044677734e-06
    vertex 43.56788635253906 29.63064956665039 8.64267349243164e-06
  endloop
endfacet
facet normal 0.0 0.0 0.0
  outer loop
    vertex 43.56788635253906 29.63064956665039 8.64267349243164e-06
    vertex 38.874847412109375 30.0 8.046627044677734e-06
    vertex 41.22862243652344 29.907520294189453 8.344650268554688e-06
  endloop
endfacet
facet normal 0.0 0.0 0.0
  outer loop
    vertex 7.94903564453125 -21.088228225708008 3.933906555175781e-06
    vertex 8.00014877319336 -20.700000762939453 3.933906555175781e-06
    vertex 38.874847412109375 -30.0 8.046627044677734e-06
  endloop
endfacet
facet normal 0.0 0.0 0.0
  outer loop
    vertex 38.874847412109375 -30.0 8.046627044677734e-06
    vertex 8.00014877319336 -20.700000762939453 3.933906555175781e-06
    vertex 7.94903564453125 -20.311771392822266 3.933906555175781e-06
  endloop
endfacet
facet normal 0.0 0.0 0.0
  outer loop
    vertex 38.874847412109375 -30.0 8.046627044677734e-06
    vertex 7.94903564453125 -20.311771392822266 3.933906555175781e-06
    vertex 54.549800872802734 -25.579204559326172 1.0132789611816406e-05
  endloop
endfacet
facet normal 0.0 0.0 0.0
  outer loop
    vertex 54.549800872802734 -25.579204559326172 1.0132789611816406e-05
    vertex 7.94903564453125 -20.311771392822266 3.933906555175781e-06
    vertex 56.50840377807617 -24.270509719848633 1.0371208190917969e-05
  endloop
endfacet
facet normal 0.0 0.0 0.0
  outer loop
    vertex 56.50840377807617 -24.270509719848633 1.0371208190917969e-05
    vertex 7.94903564453125 -20.311771392822266 3.933906555175781e-06
    vertex 7.799186706542969 -19.950000762939453 3.874301910400391e-06
  endloop
endfacet
facet normal 0.0 0.0 0.0
  outer loop
    vertex 56.50840377807617 -24.270509719848633 1.0371208190917969e-05
    vertex 7.799186706542969 -19.950000762939453 3.874301910400391e-06
    vertex 58.3582878112793 -22.812179565429688 1.0609626770019531e-05
  endloop
endfacet
facet normal 0.0 0.0 0.0
  outer loop
    vertex 58.3582878112793 -22.812179565429688 1.0609626770019531e-05
    vertex 7.799186706542969 -19.950000762939453 3.874301910400391e-06
    vertex 60.08804702758789 -21.21320343017578 1.0848045349121094e-05
  endloop
endfacet
facet normal 0.0 0.0 0.0
  outer loop
    vertex 60.08804702758789 -21.21320343017578 1.0848045349121094e-05
    vertex 7.799186706542969 -19.950000762939453 3.874301910400391e-06
    vertex 7.560810089111328 -19.639339447021484 3.874301910400391e-06
  endloop
endfacet
facet normal 0.0 0.0 0.0
  outer loop
    vertex 60.08804702758789 -21.21320343017578 1.0848045349121094e-05
    vertex 7.560810089111328 -19.639339447021484 3.874301910400391e-06
    vertex 61.6870231628418 -19.483442306518555 1.1086463928222656e-05
  endloop
endfacet
facet normal 0.0 0.0 0.0
  outer loop
    vertex 61.6870231628418 -19.483442306518555 1.1086463928222656e-05
    vertex 7.560810089111328 -19.639339447021484 3.874301910400391e-06
    vertex 63.14535903930664 -17.63355827331543 1.1265277862548828e-05
  endloop
endfacet
facet normal 0.0 0.0 0.0
  outer loop
    vertex 63.14535903930664 -17.63355827331543 1.1265277862548828e-05
    vertex 7.560810089111328 -19.639339447021484 3.874301910400391e-06
    vertex 64.45404815673828 -15.674957275390625 1.1444091796875e-05
  endloop
endfacet
facet normal 0.0 0.0 0.0
  outer loop
    vertex 64.45404815673828 -15.674957275390625 1.1444091796875e-05
    vertex 7.560810089111328 -19.639339447021484 3.874301910400391e-06
    vertex 7.250148773193359 -19.400962829589844 3.814697265625e-06
  endloop
endfacet
facet normal 0.0 0.0 0.0
  outer loop
    vertex 64.45404815673828 -15.674957275390625 1.1444091796875e-05
    vertex 7.250148773193359 -19.400962829589844 3.814697265625e-06
    vertex 65.60504913330078 -13.619714736938477 1.1563301086425781e-05
  endloop
endfacet
facet normal 0.0 0.0 0.0
  outer loop
    vertex 65.60504913330078 -13.619714736938477 1.1563301086425781e-05
    vertex 7.250148773193359 -19.400962829589844 3.814697265625e-06
    vertex 66.59123992919922 -11.48050308227539 1.1742115020751953e-05
  endloop
endfacet
facet normal 0.0 0.0 0.0
  outer loop
    vertex 66.59123992919922 -11.48050308227539 1.1742115020751953e-05
    vertex 7.250148773193359 -19.400962829589844 3.814697265625e-06
    vertex 6.888378143310547 -19.25111198425293 3.7550926208496094e-06
  endloop
endfacet
facet normal 0.0 0.0 0.0
  outer loop
    vertex 66.59123992919922 -11.48050308227539 1.1742115020751953e-05
    vertex 6.888378143310547 -19.25111198425293 3.7550926208496094e-06
    vertex 67.40654754638672 -9.270509719848633 1.1861324310302734e-05
  endloop
endfacet
facet normal 0.0 0.0 0.0
  outer loop
    vertex 67.40654754638672 -9.270509719848633 1.1861324310302734e-05
    vertex 6.888378143310547 -19.25111198425293 3.7550926208496094e-06
    vertex 3.0001492500305176 4.803847789764404 3.2782554626464844e-06
  endloop
endfacet
facet normal 0.0 0.0 0.0
  outer loop
    vertex 7.250148773193359 -21.999038696289062 3.814697265625e-06
    vertex 7.560810089111328 -21.76066017150879 3.874301910400391e-06
    vertex 38.874847412109375 -30.0 8.046627044677734e-06
  endloop
endfacet
facet normal 0.0 0.0 0.0
  outer loop
    vertex 38.874847412109375 -30.0 8.046627044677734e-06
    vertex 7.560810089111328 -21.76066017150879 3.874301910400391e-06
    vertex 7.799186706542969 -21.450000762939453 3.874301910400391e-06
  endloop
endfacet
facet normal 0.0 0.0 0.0
  outer loop
    vertex 38.874847412109375 -30.0 8.046627044677734e-06
    vertex 7.799186706542969 -21.450000762939453 3.874301910400391e-06
    vertex 7.94903564453125 -21.088228225708008 3.933906555175781e-06
  endloop
endfacet
facet normal 0.0 0.0 0.0
  outer loop
    vertex -7.948738098144531 -20.311771392822266 1.7881393432617188e-06
    vertex -7.999849319458008 -20.700000762939453 1.7881393432617188e-06
    vertex -38.874847412109375 -30.0 -2.2649765014648438e-06
  endloop
endfacet
facet normal 0.0 0.0 0.0
  outer loop
    vertex -38.874847412109375 -30.0 -2.2649765014648438e-06
    vertex -7.999849319458008 -20.700000762939453 1.7881393432617188e-06
    vertex -7.948738098144531 -21.088228225708008 1.7881393432617188e-06
  endloop
endfacet
facet normal 0.0 0.0 0.0
  outer loop
    vertex -38.874847412109375 -30.0 -2.2649765014648438e-06
    vertex -7.948738098144531 -21.088228225708008 1.7881393432617188e-06
    vertex -7.798887252807617 -21.450000762939453 1.7881393432617188e-06
  endloop
endfacet
facet normal 0.0 0.0 0.0
  outer loop
    vertex -7.798887252807617 -21.450000762939453 1.7881393432617188e-06
    vertex -7.560508728027344 -21.76066017150879 1.9073486328125e-06
    vertex -38.874847412109375 -30.0 -2.2649765014648438e-06
  endloop
endfacet
facet normal 0.0 0.0 0.0
  outer loop
    vertex -38.874847412109375 -30.0 -2.2649765014648438e-06
    vertex -7.560508728027344 -21.76066017150879 1.9073486328125e-06
    vertex -7.249849319458008 -21.999038696289062 1.9073486328125e-06
  endloop
endfacet
facet normal 0.0 0.0 0.0
  outer loop
    vertex -38.874847412109375 -30.0 -2.2649765014648438e-06
    vertex -7.249849319458008 -21.999038696289062 1.9073486328125e-06
    vertex -6.888078689575195 -22.148889541625977 1.9073486328125e-06
  endloop
endfacet
facet normal 0.0 0.0 0.0
  outer loop
    vertex -6.888078689575195 -22.148889541625977 1.9073486328125e-06
    vertex -6.499849319458008 -22.200000762939453 2.0265579223632812e-06
    vertex -38.874847412109375 -30.0 -2.2649765014648438e-06
  endloop
endfacet
facet normal 0.0 0.0 0.0
  outer loop
    vertex -38.874847412109375 -30.0 -2.2649765014648438e-06
    vertex -6.499849319458008 -22.200000762939453 2.0265579223632812e-06
    vertex 38.874847412109375 -30.0 8.046627044677734e-06
  endloop
endfacet
facet normal 0.0 0.0 0.0
  outer loop
    vertex -7.249849319458008 21.999038696289062 1.9073486328125e-06
    vertex -7.560508728027344 21.76066017150879 1.9073486328125e-06
    vertex -38.874847412109375 30.0 -2.2649765014648438e-06
  endloop
endfacet
facet normal 0.0 0.0 0.0
  outer loop
    vertex -38.874847412109375 30.0 -2.2649765014648438e-06
    vertex -7.560508728027344 21.76066017150879 1.9073486328125e-06
    vertex -7.798887252807617 21.450000762939453 1.7881393432617188e-06
  endloop
endfacet
facet normal 0.0 0.0 0.0
  outer loop
    vertex -38.874847412109375 30.0 -2.2649765014648438e-06
    vertex -7.798887252807617 21.450000762939453 1.7881393432617188e-06
    vertex -7.948738098144531 21.088228225708008 1.7881393432617188e-06
  endloop
endfacet
facet normal 0.0 0.0 0.0
  outer loop
    vertex -7.948738098144531 21.088228225708008 1.7881393432617188e-06
    vertex -7.999849319458008 20.700000762939453 1.7881393432617188e-06
    vertex -38.874847412109375 30.0 -2.2649765014648438e-06
  endloop
endfacet
facet normal 0.0 0.0 0.0
  outer loop
    vertex -38.874847412109375 30.0 -2.2649765014648438e-06
    vertex -7.999849319458008 20.700000762939453 1.7881393432617188e-06
    vertex -7.948738098144531 20.311771392822266 1.7881393432617188e-06
  endloop
endfacet
facet normal 0.0 0.0 0.0
  outer loop
    vertex -38.874847412109375 30.0 -2.2649765014648438e-06
    vertex -7.948738098144531 20.311771392822266 1.7881393432617188e-06
    vertex -54.549800872802734 25.579204559326172 -4.410743713378906e-06
  endloop
endfacet
facet normal 0.0 0.0 0.0
  outer loop
    vertex -54.549800872802734 25.579204559326172 -4.410743713378906e-06
    vertex -7.948738098144531 20.311771392822266 1.7881393432617188e-06
    vertex -56.508399963378906 24.270509719848633 -4.649162292480469e-06
  endloop
endfacet
facet normal 0.0 0.0 0.0
  outer loop
    vertex -56.508399963378906 24.270509719848633 -4.649162292480469e-06
    vertex -7.948738098144531 20.311771392822266 1.7881393432617188e-06
    vertex -7.798887252807617 19.950000762939453 1.7881393432617188e-06
  endloop
endfacet
facet normal 0.0 0.0 0.0
  outer loop
    vertex -56.508399963378906 24.270509719848633 -4.649162292480469e-06
    vertex -7.798887252807617 19.950000762939453 1.7881393432617188e-06
    vertex -58.35828399658203 22.812179565429688 -4.887580871582031e-06
  endloop
endfacet
facet normal 0.0 0.0 0.0
  outer loop
    vertex 54.549800872802734 -25.579204559326172 1.0132789611816406e-05
    vertex 52.494564056396484 -26.730195999145508 9.834766387939453e-06
    vertex 38.874847412109375 -30.0 8.046627044677734e-06
  endloop
endfacet
facet normal 0.0 0.0 0.0
  outer loop
    vertex 38.874847412109375 -30.0 8.046627044677734e-06
    vertex 52.494564056396484 -26.730195999145508 9.834766387939453e-06
    vertex 50.355350494384766 -27.716386795043945 9.5367431640625e-06
  endloop
endfacet
facet normal 0.0 0.0 0.0
  outer loop
    vertex 38.874847412109375 -30.0 8.046627044677734e-06
    vertex 50.355350494384766 -27.716386795043945 9.5367431640625e-06
    vertex 48.14535903930664 -28.531696319580078 9.298324584960938e-06
  endloop
endfacet
facet normal 0.0 0.0 0.0
  outer loop
    vertex 48.14535903930664 -28.531696319580078 9.298324584960938e-06
    vertex 45.878211975097656 -29.171096801757812 8.940696716308594e-06
    vertex 38.874847412109375 -30.0 8.046627044677734e-06
  endloop
endfacet
facet normal 0.0 0.0 0.0
  outer loop
    vertex 38.874847412109375 -30.0 8.046627044677734e-06
    vertex 45.878211975097656 -29.171096801757812 8.940696716308594e-06
    vertex 43.56788635253906 -29.63064956665039 8.64267349243164e-06
  endloop
endfacet
facet normal 0.0 0.0 0.0
  outer loop
    vertex 38.874847412109375 -30.0 8.046627044677734e-06
    vertex 43.56788635253906 -29.63064956665039 8.64267349243164e-06
    vertex 41.22862243652344 -29.907520294189453 8.344650268554688e-06
  endloop
endfacet
facet normal 0.0 0.0 0.0
  outer loop
    vertex -65.60504150390625 13.619714736938477 -5.841255187988281e-06
    vertex -64.45404815673828 15.674957275390625 -5.7220458984375e-06
    vertex -39.70930099487305 3.655979633331299 -2.384185791015625e-06
  endloop
endfacet
facet normal 0.0 0.0 0.0
  outer loop
    vertex -61.6870231628418 19.483442306518555 -5.364418029785156e-06
    vertex -60.08804702758789 21.21320343017578 -5.125999450683594e-06
    vertex -38.874847412109375 3.75 -2.2649765014648438e-06
  endloop
endfacet
facet normal 0.0 0.0 0.0
  outer loop
    vertex -54.549800872802734 25.579204559326172 -4.410743713378906e-06
    vertex -52.49456024169922 26.730195999145508 -4.172325134277344e-06
    vertex -38.874847412109375 30.0 -2.2649765014648438e-06
  endloop
endfacet
facet normal 0.0 0.0 0.0
  outer loop
    vertex -38.874847412109375 30.0 -2.2649765014648438e-06
    vertex -52.49456024169922 26.730195999145508 -4.172325134277344e-06
    vertex -50.3553466796875 27.716386795043945 -3.814697265625e-06
  endloop
endfacet
facet normal 0.0 0.0 0.0
  outer loop
    vertex -38.874847412109375 30.0 -2.2649765014648438e-06
    vertex -50.3553466796875 27.716386795043945 -3.814697265625e-06
    vertex -48.145355224609375 28.531696319580078 -3.5762786865234375e-06
  endloop
endfacet
facet normal 0.0 0.0 0.0
  outer loop
    vertex -48.145355224609375 28.531696319580078 -3.5762786865234375e-06
    vertex -45.87820816040039 29.171096801757812 -3.2186508178710938e-06
    vertex -38.874847412109375 30.0 -2.2649765014648438e-06
  endloop
endfacet
facet normal 0.0 0.0 0.0
  outer loop
    vertex -38.874847412109375 30.0 -2.2649765014648438e-06
    vertex -45.87820816040039 29.171096801757812 -3.2186508178710938e-06
    vertex -43.5678825378418 29.63064956665039 -2.9802322387695312e-06
  endloop
endfacet
facet normal 0.0 0.0 0.0
  outer loop
    vertex -38.874847412109375 30.0 -2.2649765014648438e-06
    vertex -43.5678825378418 29.63064956665039 -2.9802322387695312e-06
    vertex -41.22861862182617 29.907520294189453 -2.6226043701171875e-06
  endloop
endfacet
endsolid Uranium STLWriter Tue 21 Aug 2018 10:50:20
