solid Uranium STLWriter Tue 21 Aug 2018 10:47:44
facet normal 0.0 0.0 0.0
  outer loop
    vertex -16.399999618530273 1.4999984502792358 20.99422836303711
    vertex -10.699999809265137 1.4999984502792358 20.99422836303711
    vertex -16.399999618530273 1.8519500494003296 21.167789459228516
  endloop
endfacet
facet normal 0.0 0.0 0.0
  outer loop
    vertex -16.399999618530273 1.8519500494003296 21.167789459228516
    vertex -10.699999809265137 1.4999984502792358 20.99422836303711
    vertex -10.699999809265137 1.8519500494003296 21.167789459228516
  endloop
endfacet
facet normal 0.0 0.0 0.0
  outer loop
    vertex -16.399999618530273 1.8519500494003296 21.167789459228516
    vertex -10.699999809265137 1.8519500494003296 21.167789459228516
    vertex -16.399999618530273 2.2235395908355713 21.293928146362305
  endloop
endfacet
facet normal 0.0 0.0 0.0
  outer loop
    vertex -16.399999618530273 2.2235395908355713 21.293928146362305
    vertex -10.699999809265137 1.8519500494003296 21.167789459228516
    vertex -10.699999809265137 2.2235395908355713 21.293928146362305
  endloop
endfacet
facet normal 0.0 0.0 0.0
  outer loop
    vertex -16.399999618530273 2.2235395908355713 21.293928146362305
    vertex -10.699999809265137 2.2235395908355713 21.293928146362305
    vertex -16.399999618530273 2.60841965675354 21.370485305786133
  endloop
endfacet
facet normal 0.0 0.0 0.0
  outer loop
    vertex -16.399999618530273 2.60841965675354 21.370485305786133
    vertex -10.699999809265137 2.2235395908355713 21.293928146362305
    vertex -10.699999809265137 2.60841965675354 21.370485305786133
  endloop
endfacet
facet normal 0.0 0.0 0.0
  outer loop
    vertex -16.399999618530273 2.60841965675354 21.370485305786133
    vertex -10.699999809265137 2.60841965675354 21.370485305786133
    vertex -16.399999618530273 2.999998092651367 21.39615249633789
  endloop
endfacet
facet normal 0.0 0.0 0.0
  outer loop
    vertex -16.399999618530273 2.999998092651367 21.39615249633789
    vertex -10.699999809265137 2.60841965675354 21.370485305786133
    vertex -10.699999809265137 2.999998092651367 21.39615249633789
  endloop
endfacet
facet normal 0.0 0.0 0.0
  outer loop
    vertex -16.399999618530273 2.999998092651367 21.39615249633789
    vertex -10.699999809265137 2.999998092651367 21.39615249633789
    vertex -16.399999618530273 3.3915767669677734 21.370485305786133
  endloop
endfacet
facet normal 0.0 0.0 0.0
  outer loop
    vertex -16.399999618530273 3.3915767669677734 21.370485305786133
    vertex -10.699999809265137 2.999998092651367 21.39615249633789
    vertex -10.699999809265137 3.3915767669677734 21.370485305786133
  endloop
endfacet
facet normal 0.0 0.0 0.0
  outer loop
    vertex -16.399999618530273 3.3915767669677734 21.370485305786133
    vertex -10.699999809265137 3.3915767669677734 21.370485305786133
    vertex -16.399999618530273 3.776456832885742 21.293930053710938
  endloop
endfacet
facet normal 0.0 0.0 0.0
  outer loop
    vertex -16.399999618530273 3.776456832885742 21.293930053710938
    vertex -10.699999809265137 3.3915767669677734 21.370485305786133
    vertex -10.699999809265137 3.776456832885742 21.293930053710938
  endloop
endfacet
facet normal 0.0 0.0 0.0
  outer loop
    vertex -16.399999618530273 3.776456832885742 21.293930053710938
    vertex -10.699999809265137 3.776456832885742 21.293930053710938
    vertex -16.399999618530273 4.148050308227539 21.167789459228516
  endloop
endfacet
facet normal 0.0 0.0 0.0
  outer loop
    vertex -16.399999618530273 4.148050308227539 21.167789459228516
    vertex -10.699999809265137 3.776456832885742 21.293930053710938
    vertex -10.699999809265137 4.148050308227539 21.167789459228516
  endloop
endfacet
facet normal 0.0 0.0 0.0
  outer loop
    vertex -16.399999618530273 4.148050308227539 21.167789459228516
    vertex -10.699999809265137 4.148050308227539 21.167789459228516
    vertex -16.399999618530273 4.499998092651367 20.99422836303711
  endloop
endfacet
facet normal 0.0 0.0 0.0
  outer loop
    vertex -16.399999618530273 4.499998092651367 20.99422836303711
    vertex -10.699999809265137 4.148050308227539 21.167789459228516
    vertex -10.699999809265137 4.499998092651367 20.99422836303711
  endloop
endfacet
facet normal 0.0 0.0 0.0
  outer loop
    vertex -16.399999618530273 7.722682952880859 2.759890556335449
    vertex -16.399999618530273 8.974334716796875 2.60842227935791
    vertex -16.399999618530273 7.75 2.5000009536743164
  endloop
endfacet
facet normal 0.0 0.0 0.0
  outer loop
    vertex -16.399999618530273 7.75 2.5000009536743164
    vertex -16.399999618530273 8.974334716796875 2.60842227935791
    vertex -16.399999618530273 8.897777557373047 2.223544120788574
  endloop
endfacet
facet normal 0.0 0.0 0.0
  outer loop
    vertex -16.399999618530273 7.75 2.5000009536743164
    vertex -16.399999618530273 8.897777557373047 2.223544120788574
    vertex -16.399999618530273 8.771636962890625 1.8519506454467773
  endloop
endfacet
facet normal 0.0 0.0 0.0
  outer loop
    vertex -16.399999618530273 8.974334716796875 2.60842227935791
    vertex -16.399999618530273 7.722682952880859 2.759890556335449
    vertex -16.399999618530273 9.0 3.0000009536743164
  endloop
endfacet
facet normal 0.0 0.0 0.0
  outer loop
    vertex -16.399999618530273 9.0 3.0000009536743164
    vertex -16.399999618530273 7.722682952880859 2.759890556335449
    vertex -16.399999618530273 7.641933441162109 3.0084218978881836
  endloop
endfacet
facet normal 0.0 0.0 0.0
  outer loop
    vertex -16.399999618530273 9.0 3.0000009536743164
    vertex -16.399999618530273 7.641933441162109 3.0084218978881836
    vertex -16.399999618530273 7.511272430419922 3.2347326278686523
  endloop
endfacet
facet normal 0.0 0.0 0.0
  outer loop
    vertex -16.399999618530273 7.511272430419922 3.2347326278686523
    vertex -16.399999618530273 7.336414337158203 3.4289331436157227
    vertex -16.399999618530273 9.0 3.0000009536743164
  endloop
endfacet
facet normal 0.0 0.0 0.0
  outer loop
    vertex -16.399999618530273 9.0 3.0000009536743164
    vertex -16.399999618530273 7.336414337158203 3.4289331436157227
    vertex -16.399999618530273 7.125 3.582533836364746
  endloop
endfacet
facet normal 0.0 0.0 0.0
  outer loop
    vertex -16.399999618530273 9.0 3.0000009536743164
    vertex -16.399999618530273 7.125 3.582533836364746
    vertex -16.399999618530273 8.999999046325684 13.200000762939453
  endloop
endfacet
facet normal 0.0 0.0 0.0
  outer loop
    vertex -16.399999618530273 8.999999046325684 13.200000762939453
    vertex -16.399999618530273 7.125 3.582533836364746
    vertex -16.399999618530273 5.333011150360107 10.450641632080078
  endloop
endfacet
facet normal 0.0 0.0 0.0
  outer loop
    vertex -16.399999618530273 8.999999046325684 13.200000762939453
    vertex -16.399999618530273 5.333011150360107 10.450641632080078
    vertex -16.399999618530273 5.57020902633667 10.970026016235352
  endloop
endfacet
facet normal 0.0 0.0 0.0
  outer loop
    vertex -16.399999618530273 7.125 3.582533836364746
    vertex -16.399999618530273 6.886272430419922 3.6888227462768555
    vertex -16.399999618530273 5.333011150360107 10.450641632080078
  endloop
endfacet
facet normal 0.0 0.0 0.0
  outer loop
    vertex -16.399999618530273 5.333011150360107 10.450641632080078
    vertex -16.399999618530273 6.886272430419922 3.6888227462768555
    vertex -16.399999618530273 5.047519207000732 9.956155776977539
  endloop
endfacet
facet normal 0.0 0.0 0.0
  outer loop
    vertex -16.399999618530273 5.047519207000732 9.956155776977539
    vertex -16.399999618530273 6.886272430419922 3.6888227462768555
    vertex -16.399999618530273 6.6306610107421875 3.7431535720825195
  endloop
endfacet
facet normal 0.0 0.0 0.0
  outer loop
    vertex -16.399999618530273 5.047519207000732 9.956155776977539
    vertex -16.399999618530273 6.6306610107421875 3.7431535720825195
    vertex -16.399999618530273 4.716319561004639 9.491046905517578
  endloop
endfacet
facet normal 0.0 0.0 0.0
  outer loop
    vertex -16.399999618530273 4.716319561004639 9.491046905517578
    vertex -16.399999618530273 6.6306610107421875 3.7431535720825195
    vertex -16.399999618530273 6.3693389892578125 3.7431535720825195
  endloop
endfacet
facet normal 0.0 0.0 0.0
  outer loop
    vertex -16.399999618530273 4.716319561004639 9.491046905517578
    vertex -16.399999618530273 6.3693389892578125 3.7431535720825195
    vertex -16.399999618530273 4.342403411865234 9.059526443481445
  endloop
endfacet
facet normal 0.0 0.0 0.0
  outer loop
    vertex -16.399999618530273 4.342403411865234 9.059526443481445
    vertex -16.399999618530273 6.3693389892578125 3.7431535720825195
    vertex -16.399999618530273 6.113727569580078 3.6888227462768555
  endloop
endfacet
facet normal 0.0 0.0 0.0
  outer loop
    vertex -16.399999618530273 4.342403411865234 9.059526443481445
    vertex -16.399999618530273 6.113727569580078 3.6888227462768555
    vertex -16.399999618530273 3.9291646480560303 8.66550350189209
  endloop
endfacet
facet normal 0.0 0.0 0.0
  outer loop
    vertex -16.399999618530273 3.9291646480560303 8.66550350189209
    vertex -16.399999618530273 6.113727569580078 3.6888227462768555
    vertex -16.399999618530273 5.875000476837158 3.582533836364746
  endloop
endfacet
facet normal 0.0 0.0 0.0
  outer loop
    vertex -16.399999618530273 3.9291646480560303 8.66550350189209
    vertex -16.399999618530273 5.875000476837158 3.582533836364746
    vertex -16.399999618530273 3.4803428649902344 8.312544822692871
  endloop
endfacet
facet normal 0.0 0.0 0.0
  outer loop
    vertex -16.399999618530273 3.4803428649902344 8.312544822692871
    vertex -16.399999618530273 5.875000476837158 3.582533836364746
    vertex -16.399999618530273 5.663586139678955 3.4289331436157227
  endloop
endfacet
facet normal 0.0 0.0 0.0
  outer loop
    vertex -16.399999618530273 3.4803428649902344 8.312544822692871
    vertex -16.399999618530273 5.663586139678955 3.4289331436157227
    vertex -16.399999618530273 3.0 8.0038480758667
  endloop
endfacet
facet normal 0.0 0.0 0.0
  outer loop
    vertex -16.399999618530273 3.0 8.0038480758667
    vertex -16.399999618530273 5.663586139678955 3.4289331436157227
    vertex -16.399999618530273 5.488728046417236 3.2347326278686523
  endloop
endfacet
facet normal 0.0 0.0 0.0
  outer loop
    vertex -16.399999618530273 3.0 8.0038480758667
    vertex -16.399999618530273 5.488728046417236 3.2347326278686523
    vertex -16.399999618530273 2.4924890995025635 7.742208480834961
  endloop
endfacet
facet normal 0.0 0.0 0.0
  outer loop
    vertex -16.399999618530273 2.4924890995025635 7.742208480834961
    vertex -16.399999618530273 5.488728046417236 3.2347326278686523
    vertex -16.399999618530273 5.358067035675049 3.0084218978881836
  endloop
endfacet
facet normal 0.0 0.0 0.0
  outer loop
    vertex -16.399999618530273 2.4924890995025635 7.742208480834961
    vertex -16.399999618530273 5.358067035675049 3.0084218978881836
    vertex -16.399999618530273 1.9624063968658447 7.529995918273926
  endloop
endfacet
facet normal 0.0 0.0 0.0
  outer loop
    vertex -16.399999618530273 1.9624063968658447 7.529995918273926
    vertex -16.399999618530273 5.358067035675049 3.0084218978881836
    vertex -16.399999618530273 5.277317523956299 2.759890556335449
  endloop
endfacet
facet normal 0.0 0.0 0.0
  outer loop
    vertex -16.399999618530273 1.9624063968658447 7.529995918273926
    vertex -16.399999618530273 5.277317523956299 2.759890556335449
    vertex -16.399999618530273 1.4145549535751343 7.369131088256836
  endloop
endfacet
facet normal 0.0 0.0 0.0
  outer loop
    vertex -16.399999618530273 1.4145549535751343 7.369131088256836
    vertex -16.399999618530273 5.277317523956299 2.759890556335449
    vertex -16.399999618530273 5.250000476837158 2.5000009536743164
  endloop
endfacet
facet normal 0.0 0.0 0.0
  outer loop
    vertex -16.399999618530273 1.4145549535751343 7.369131088256836
    vertex -16.399999618530273 5.250000476837158 2.5000009536743164
    vertex -16.399999618530273 0.8538898229598999 7.261071681976318
  endloop
endfacet
facet normal 0.0 0.0 0.0
  outer loop
    vertex -16.399999618530273 0.8538898229598999 7.261071681976318
    vertex -16.399999618530273 5.250000476837158 2.5000009536743164
    vertex -16.399999618530273 0.2854924201965332 7.206796169281006
  endloop
endfacet
facet normal 0.0 0.0 0.0
  outer loop
    vertex -16.399999618530273 0.2854924201965332 7.206796169281006
    vertex -16.399999618530273 5.250000476837158 2.5000009536743164
    vertex -16.399999618530273 5.277317523956299 2.2401113510131836
  endloop
endfacet
facet normal 0.0 0.0 0.0
  outer loop
    vertex -16.399999618530273 0.2854924201965332 7.206796169281006
    vertex -16.399999618530273 5.277317523956299 2.2401113510131836
    vertex -16.399999618530273 -5.277315616607666 2.240109443664551
  endloop
endfacet
facet normal 0.0 0.0 0.0
  outer loop
    vertex -16.399999618530273 -5.277315616607666 2.240109443664551
    vertex -16.399999618530273 5.277317523956299 2.2401113510131836
    vertex -16.399999618530273 -5.358064651489258 1.9915781021118164
  endloop
endfacet
facet normal 0.0 0.0 0.0
  outer loop
    vertex -16.399999618530273 -5.358064651489258 1.9915781021118164
    vertex -16.399999618530273 5.277317523956299 2.2401113510131836
    vertex -16.399999618530273 5.358067512512207 1.9915800094604492
  endloop
endfacet
facet normal 0.0 0.0 0.0
  outer loop
    vertex -16.399999618530273 -5.358064651489258 1.9915781021118164
    vertex -16.399999618530273 5.358067512512207 1.9915800094604492
    vertex -16.399999618530273 -5.999997615814209 -9.5367431640625e-07
  endloop
endfacet
facet normal 0.0 0.0 0.0
  outer loop
    vertex -16.399999618530273 -5.999997615814209 -9.5367431640625e-07
    vertex -16.399999618530273 5.358067512512207 1.9915800094604492
    vertex -16.399999618530273 6.000000476837158 9.5367431640625e-07
  endloop
endfacet
facet normal 0.0 0.0 0.0
  outer loop
    vertex -16.399999618530273 6.000000476837158 9.5367431640625e-07
    vertex -16.399999618530273 5.358067512512207 1.9915800094604492
    vertex -16.399999618530273 5.4887285232543945 1.7652692794799805
  endloop
endfacet
facet normal 0.0 0.0 0.0
  outer loop
    vertex -16.399999618530273 6.000000476837158 9.5367431640625e-07
    vertex -16.399999618530273 5.4887285232543945 1.7652692794799805
    vertex -16.399999618530273 5.663586616516113 1.571070671081543
  endloop
endfacet
facet normal 0.0 0.0 0.0
  outer loop
    vertex -16.399999618530273 5.663586616516113 1.571070671081543
    vertex -16.399999618530273 5.875000953674316 1.4174699783325195
    vertex -16.399999618530273 6.000000476837158 9.5367431640625e-07
  endloop
endfacet
facet normal 0.0 0.0 0.0
  outer loop
    vertex -16.399999618530273 6.000000476837158 9.5367431640625e-07
    vertex -16.399999618530273 5.875000953674316 1.4174699783325195
    vertex -16.399999618530273 6.113728046417236 1.3111810684204102
  endloop
endfacet
facet normal 0.0 0.0 0.0
  outer loop
    vertex -16.399999618530273 6.000000476837158 9.5367431640625e-07
    vertex -16.399999618530273 6.113728046417236 1.3111810684204102
    vertex -16.399999618530273 6.369339466094971 1.256850242614746
  endloop
endfacet
facet normal 0.0 0.0 0.0
  outer loop
    vertex -16.399999618530273 6.000000476837158 9.5367431640625e-07
    vertex -16.399999618530273 6.369339466094971 1.256850242614746
    vertex -16.399999618530273 6.3915791511535645 0.025666236877441406
  endloop
endfacet
facet normal 0.0 0.0 0.0
  outer loop
    vertex -16.399999618530273 6.3915791511535645 0.025666236877441406
    vertex -16.399999618530273 6.369339466094971 1.256850242614746
    vertex -16.399999618530273 6.630661487579346 1.256850242614746
  endloop
endfacet
facet normal 0.0 0.0 0.0
  outer loop
    vertex -16.399999618530273 6.3915791511535645 0.025666236877441406
    vertex -16.399999618530273 6.630661487579346 1.256850242614746
    vertex -16.399999618530273 6.776459217071533 0.10222339630126953
  endloop
endfacet
facet normal 0.0 0.0 0.0
  outer loop
    vertex -16.399999618530273 6.776459217071533 0.10222339630126953
    vertex -16.399999618530273 6.630661487579346 1.256850242614746
    vertex -16.399999618530273 7.1480488777160645 0.2283639907836914
  endloop
endfacet
facet normal 0.0 0.0 0.0
  outer loop
    vertex -16.399999618530273 7.1480488777160645 0.2283639907836914
    vertex -16.399999618530273 6.630661487579346 1.256850242614746
    vertex -16.399999618530273 6.88627290725708 1.3111810684204102
  endloop
endfacet
facet normal 0.0 0.0 0.0
  outer loop
    vertex -16.399999618530273 7.1480488777160645 0.2283639907836914
    vertex -16.399999618530273 6.88627290725708 1.3111810684204102
    vertex -16.399999618530273 7.500000476837158 0.40192508697509766
  endloop
endfacet
facet normal 0.0 0.0 0.0
  outer loop
    vertex -16.399999618530273 7.500000476837158 0.40192508697509766
    vertex -16.399999618530273 6.88627290725708 1.3111810684204102
    vertex -16.399999618530273 7.125000476837158 1.4174699783325195
  endloop
endfacet
facet normal 0.0 0.0 0.0
  outer loop
    vertex -16.399999618530273 7.500000476837158 0.40192508697509766
    vertex -16.399999618530273 7.125000476837158 1.4174699783325195
    vertex -16.399999618530273 7.826282978057861 0.6199407577514648
  endloop
endfacet
facet normal 0.0 0.0 0.0
  outer loop
    vertex -16.399999618530273 7.826282978057861 0.6199407577514648
    vertex -16.399999618530273 7.125000476837158 1.4174699783325195
    vertex -16.399999618530273 7.336414813995361 1.571070671081543
  endloop
endfacet
facet normal 0.0 0.0 0.0
  outer loop
    vertex -16.399999618530273 7.826282978057861 0.6199407577514648
    vertex -16.399999618530273 7.336414813995361 1.571070671081543
    vertex -16.399999618530273 8.121318817138672 0.8786821365356445
  endloop
endfacet
facet normal 0.0 0.0 0.0
  outer loop
    vertex -16.399999618530273 8.121318817138672 0.8786821365356445
    vertex -16.399999618530273 7.336414813995361 1.571070671081543
    vertex -16.399999618530273 7.51127290725708 1.7652692794799805
  endloop
endfacet
facet normal 0.0 0.0 0.0
  outer loop
    vertex -16.399999618530273 8.121318817138672 0.8786821365356445
    vertex -16.399999618530273 7.51127290725708 1.7652692794799805
    vertex -16.399999618530273 8.380058288574219 1.1737165451049805
  endloop
endfacet
facet normal 0.0 0.0 0.0
  outer loop
    vertex -16.399999618530273 8.380058288574219 1.1737165451049805
    vertex -16.399999618530273 7.51127290725708 1.7652692794799805
    vertex -16.399999618530273 7.641933917999268 1.9915800094604492
  endloop
endfacet
facet normal 0.0 0.0 0.0
  outer loop
    vertex -16.399999618530273 8.380058288574219 1.1737165451049805
    vertex -16.399999618530273 7.641933917999268 1.9915800094604492
    vertex -16.399999618530273 8.598075866699219 1.5000009536743164
  endloop
endfacet
facet normal 0.0 0.0 0.0
  outer loop
    vertex -16.399999618530273 8.598075866699219 1.5000009536743164
    vertex -16.399999618530273 7.641933917999268 1.9915800094604492
    vertex -16.399999618530273 7.722682952880859 2.2401113510131836
  endloop
endfacet
facet normal 0.0 0.0 0.0
  outer loop
    vertex -16.399999618530273 8.598075866699219 1.5000009536743164
    vertex -16.399999618530273 7.722682952880859 2.2401113510131836
    vertex -16.399999618530273 8.771636962890625 1.8519506454467773
  endloop
endfacet
facet normal 0.0 0.0 0.0
  outer loop
    vertex -16.399999618530273 8.771636962890625 1.8519506454467773
    vertex -16.399999618530273 7.722682952880859 2.2401113510131836
    vertex -16.399999618530273 7.75 2.5000009536743164
  endloop
endfacet
facet normal 0.0 0.0 0.0
  outer loop
    vertex -16.399999618530273 -5.277315616607666 2.7598886489868164
    vertex -16.399999618530273 -1.4145539999008179 7.3691301345825195
    vertex -16.399999618530273 -5.249998569488525 2.4999990463256836
  endloop
endfacet
facet normal 0.0 0.0 0.0
  outer loop
    vertex -16.399999618530273 -5.249998569488525 2.4999990463256836
    vertex -16.399999618530273 -1.4145539999008179 7.3691301345825195
    vertex -16.399999618530273 -0.8538888692855835 7.261071681976318
  endloop
endfacet
facet normal 0.0 0.0 0.0
  outer loop
    vertex -16.399999618530273 -5.249998569488525 2.4999990463256836
    vertex -16.399999618530273 -0.8538888692855835 7.261071681976318
    vertex -16.399999618530273 -0.285491406917572 7.206796169281006
  endloop
endfacet
facet normal 0.0 0.0 0.0
  outer loop
    vertex -16.399999618530273 -1.4145539999008179 7.3691301345825195
    vertex -16.399999618530273 -5.277315616607666 2.7598886489868164
    vertex -16.399999618530273 -1.9624054431915283 7.529994964599609
  endloop
endfacet
facet normal 0.0 0.0 0.0
  outer loop
    vertex -16.399999618530273 -1.9624054431915283 7.529994964599609
    vertex -16.399999618530273 -5.277315616607666 2.7598886489868164
    vertex -16.399999618530273 -5.358065128326416 3.008419990539551
  endloop
endfacet
facet normal 0.0 0.0 0.0
  outer loop
    vertex -16.399999618530273 -1.9624054431915283 7.529994964599609
    vertex -16.399999618530273 -5.358065128326416 3.008419990539551
    vertex -16.399999618530273 -2.492488145828247 7.7422075271606445
  endloop
endfacet
facet normal 0.0 0.0 0.0
  outer loop
    vertex -16.399999618530273 -2.492488145828247 7.7422075271606445
    vertex -16.399999618530273 -5.358065128326416 3.008419990539551
    vertex -16.399999618530273 -5.4887261390686035 3.2347307205200195
  endloop
endfacet
facet normal 0.0 0.0 0.0
  outer loop
    vertex -16.399999618530273 -2.492488145828247 7.7422075271606445
    vertex -16.399999618530273 -5.4887261390686035 3.2347307205200195
    vertex -16.399999618530273 -2.9999990463256836 8.003847122192383
  endloop
endfacet
facet normal 0.0 0.0 0.0
  outer loop
    vertex -16.399999618530273 -2.9999990463256836 8.003847122192383
    vertex -16.399999618530273 -5.4887261390686035 3.2347307205200195
    vertex -16.399999618530273 -5.663584232330322 3.42893123626709
  endloop
endfacet
facet normal 0.0 0.0 0.0
  outer loop
    vertex -16.399999618530273 -2.9999990463256836 8.003847122192383
    vertex -16.399999618530273 -5.663584232330322 3.42893123626709
    vertex -16.399999618530273 -3.480341911315918 8.312543869018555
  endloop
endfacet
facet normal 0.0 0.0 0.0
  outer loop
    vertex -16.399999618530273 -3.480341911315918 8.312543869018555
    vertex -16.399999618530273 -5.663584232330322 3.42893123626709
    vertex -16.399999618530273 -5.874998569488525 3.5825319290161133
  endloop
endfacet
facet normal 0.0 0.0 0.0
  outer loop
    vertex -16.399999618530273 -3.480341911315918 8.312543869018555
    vertex -16.399999618530273 -5.874998569488525 3.5825319290161133
    vertex -16.399999618530273 -3.929164171218872 8.665502548217773
  endloop
endfacet
facet normal 0.0 0.0 0.0
  outer loop
    vertex -16.399999618530273 -3.929164171218872 8.665502548217773
    vertex -16.399999618530273 -5.874998569488525 3.5825319290161133
    vertex -16.399999618530273 -6.113725662231445 3.6888208389282227
  endloop
endfacet
facet normal 0.0 0.0 0.0
  outer loop
    vertex -16.399999618530273 -3.929164171218872 8.665502548217773
    vertex -16.399999618530273 -6.113725662231445 3.6888208389282227
    vertex -16.399999618530273 -4.342402458190918 9.059525489807129
  endloop
endfacet
facet normal 0.0 0.0 0.0
  outer loop
    vertex -16.399999618530273 -4.342402458190918 9.059525489807129
    vertex -16.399999618530273 -6.113725662231445 3.6888208389282227
    vertex -16.399999618530273 -6.36933708190918 3.7431516647338867
  endloop
endfacet
facet normal 0.0 0.0 0.0
  outer loop
    vertex -16.399999618530273 -4.342402458190918 9.059525489807129
    vertex -16.399999618530273 -6.36933708190918 3.7431516647338867
    vertex -16.399999618530273 -4.716319561004639 9.491045951843262
  endloop
endfacet
facet normal 0.0 0.0 0.0
  outer loop
    vertex -16.399999618530273 -4.716319561004639 9.491045951843262
    vertex -16.399999618530273 -6.36933708190918 3.7431516647338867
    vertex -16.399999618530273 -6.630659103393555 3.7431516647338867
  endloop
endfacet
facet normal 0.0 0.0 0.0
  outer loop
    vertex -16.399999618530273 -4.716319561004639 9.491045951843262
    vertex -16.399999618530273 -6.630659103393555 3.7431516647338867
    vertex -16.399999618530273 -5.047519207000732 9.956153869628906
  endloop
endfacet
facet normal 0.0 0.0 0.0
  outer loop
    vertex -16.399999618530273 -5.047519207000732 9.956153869628906
    vertex -16.399999618530273 -6.630659103393555 3.7431516647338867
    vertex -16.399999618530273 -6.886268615722656 3.6888208389282227
  endloop
endfacet
facet normal 0.0 0.0 0.0
  outer loop
    vertex -16.399999618530273 -5.047519207000732 9.956153869628906
    vertex -16.399999618530273 -6.886268615722656 3.6888208389282227
    vertex -16.399999618530273 -5.333011150360107 10.450639724731445
  endloop
endfacet
facet normal 0.0 0.0 0.0
  outer loop
    vertex -16.399999618530273 -5.333011150360107 10.450639724731445
    vertex -16.399999618530273 -6.886268615722656 3.6888208389282227
    vertex -16.399999618530273 -7.124998092651367 3.5825319290161133
  endloop
endfacet
facet normal 0.0 0.0 0.0
  outer loop
    vertex -16.399999618530273 -5.333011150360107 10.450639724731445
    vertex -16.399999618530273 -7.124998092651367 3.5825319290161133
    vertex -16.399999618530273 -8.999999046325684 13.19999885559082
  endloop
endfacet
facet normal 0.0 0.0 0.0
  outer loop
    vertex -16.399999618530273 -8.999999046325684 13.19999885559082
    vertex -16.399999618530273 -7.124998092651367 3.5825319290161133
    vertex -16.399999618530273 -8.999998092651367 2.9999990463256836
  endloop
endfacet
facet normal 0.0 0.0 0.0
  outer loop
    vertex -16.399999618530273 -8.999998092651367 2.9999990463256836
    vertex -16.399999618530273 -7.124998092651367 3.5825319290161133
    vertex -16.399999618530273 -7.3364105224609375 3.42893123626709
  endloop
endfacet
facet normal 0.0 0.0 0.0
  outer loop
    vertex -16.399999618530273 -8.999998092651367 2.9999990463256836
    vertex -16.399999618530273 -7.3364105224609375 3.42893123626709
    vertex -16.399999618530273 -7.511268615722656 3.2347307205200195
  endloop
endfacet
facet normal 0.0 0.0 0.0
  outer loop
    vertex -16.399999618530273 -7.511268615722656 3.2347307205200195
    vertex -16.399999618530273 -7.641929626464844 3.008419990539551
    vertex -16.399999618530273 -8.999998092651367 2.9999990463256836
  endloop
endfacet
facet normal 0.0 0.0 0.0
  outer loop
    vertex -16.399999618530273 -8.999998092651367 2.9999990463256836
    vertex -16.399999618530273 -7.641929626464844 3.008419990539551
    vertex -16.399999618530273 -7.722682952880859 2.7598886489868164
  endloop
endfacet
facet normal 0.0 0.0 0.0
  outer loop
    vertex -16.399999618530273 -8.999998092651367 2.9999990463256836
    vertex -16.399999618530273 -7.722682952880859 2.7598886489868164
    vertex -16.399999618530273 -8.974332809448242 2.6084203720092773
  endloop
endfacet
facet normal 0.0 0.0 0.0
  outer loop
    vertex -16.399999618530273 -8.974332809448242 2.6084203720092773
    vertex -16.399999618530273 -7.722682952880859 2.7598886489868164
    vertex -16.399999618530273 -7.749998092651367 2.4999990463256836
  endloop
endfacet
facet normal 0.0 0.0 0.0
  outer loop
    vertex -16.399999618530273 -8.974332809448242 2.6084203720092773
    vertex -16.399999618530273 -7.749998092651367 2.4999990463256836
    vertex -16.399999618530273 -8.897775650024414 2.2235422134399414
  endloop
endfacet
facet normal 0.0 0.0 0.0
  outer loop
    vertex -16.399999618530273 -8.897775650024414 2.2235422134399414
    vertex -16.399999618530273 -7.749998092651367 2.4999990463256836
    vertex -16.399999618530273 -8.771636962890625 1.8519487380981445
  endloop
endfacet
facet normal 0.0 0.0 0.0
  outer loop
    vertex -16.399999618530273 -8.771636962890625 1.8519487380981445
    vertex -16.399999618530273 -7.749998092651367 2.4999990463256836
    vertex -16.399999618530273 -7.722682952880859 2.240109443664551
  endloop
endfacet
facet normal 0.0 0.0 0.0
  outer loop
    vertex -16.399999618530273 -8.771636962890625 1.8519487380981445
    vertex -16.399999618530273 -7.722682952880859 2.240109443664551
    vertex -16.399999618530273 -8.598073959350586 1.4999990463256836
  endloop
endfacet
facet normal 0.0 0.0 0.0
  outer loop
    vertex -16.399999618530273 -8.598073959350586 1.4999990463256836
    vertex -16.399999618530273 -7.722682952880859 2.240109443664551
    vertex -16.399999618530273 -7.6419291496276855 1.9915781021118164
  endloop
endfacet
facet normal 0.0 0.0 0.0
  outer loop
    vertex -16.399999618530273 -8.598073959350586 1.4999990463256836
    vertex -16.399999618530273 -7.6419291496276855 1.9915781021118164
    vertex -16.399999618530273 -8.380058288574219 1.1737146377563477
  endloop
endfacet
facet normal 0.0 0.0 0.0
  outer loop
    vertex -16.399999618530273 -8.380058288574219 1.1737146377563477
    vertex -16.399999618530273 -7.6419291496276855 1.9915781021118164
    vertex -16.399999618530273 -7.511268138885498 1.7652673721313477
  endloop
endfacet
facet normal 0.0 0.0 0.0
  outer loop
    vertex -16.399999618530273 -8.380058288574219 1.1737146377563477
    vertex -16.399999618530273 -7.511268138885498 1.7652673721313477
    vertex -16.399999618530273 -8.121318817138672 0.8786802291870117
  endloop
endfacet
facet normal 0.0 0.0 0.0
  outer loop
    vertex -16.399999618530273 -8.121318817138672 0.8786802291870117
    vertex -16.399999618530273 -7.511268138885498 1.7652673721313477
    vertex -16.399999618530273 -7.336410045623779 1.5710687637329102
  endloop
endfacet
facet normal 0.0 0.0 0.0
  outer loop
    vertex -16.399999618530273 -8.121318817138672 0.8786802291870117
    vertex -16.399999618530273 -7.336410045623779 1.5710687637329102
    vertex -16.399999618530273 -7.826282024383545 0.619938850402832
  endloop
endfacet
facet normal 0.0 0.0 0.0
  outer loop
    vertex -16.399999618530273 -7.826282024383545 0.619938850402832
    vertex -16.399999618530273 -7.336410045623779 1.5710687637329102
    vertex -16.399999618530273 -7.124997615814209 1.4174680709838867
  endloop
endfacet
facet normal 0.0 0.0 0.0
  outer loop
    vertex -16.399999618530273 -7.826282024383545 0.619938850402832
    vertex -16.399999618530273 -7.124997615814209 1.4174680709838867
    vertex -16.399999618530273 -7.499997615814209 0.40192317962646484
  endloop
endfacet
facet normal 0.0 0.0 0.0
  outer loop
    vertex -16.399999618530273 -7.499997615814209 0.40192317962646484
    vertex -16.399999618530273 -7.124997615814209 1.4174680709838867
    vertex -16.399999618530273 -6.886268138885498 1.3111791610717773
  endloop
endfacet
facet normal 0.0 0.0 0.0
  outer loop
    vertex -16.399999618530273 -7.499997615814209 0.40192317962646484
    vertex -16.399999618530273 -6.886268138885498 1.3111791610717773
    vertex -16.399999618530273 -7.148047924041748 0.2283620834350586
  endloop
endfacet
facet normal 0.0 0.0 0.0
  outer loop
    vertex -16.399999618530273 -7.148047924041748 0.2283620834350586
    vertex -16.399999618530273 -6.886268138885498 1.3111791610717773
    vertex -16.399999618530273 -6.6306586265563965 1.2568483352661133
  endloop
endfacet
facet normal 0.0 0.0 0.0
  outer loop
    vertex -16.399999618530273 -7.148047924041748 0.2283620834350586
    vertex -16.399999618530273 -6.6306586265563965 1.2568483352661133
    vertex -16.399999618530273 -6.776456356048584 0.10222148895263672
  endloop
endfacet
facet normal 0.0 0.0 0.0
  outer loop
    vertex -16.399999618530273 -6.776456356048584 0.10222148895263672
    vertex -16.399999618530273 -6.6306586265563965 1.2568483352661133
    vertex -16.399999618530273 -6.391576290130615 0.025664329528808594
  endloop
endfacet
facet normal 0.0 0.0 0.0
  outer loop
    vertex -16.399999618530273 -6.391576290130615 0.025664329528808594
    vertex -16.399999618530273 -6.6306586265563965 1.2568483352661133
    vertex -16.399999618530273 -6.3693366050720215 1.2568483352661133
  endloop
endfacet
facet normal 0.0 0.0 0.0
  outer loop
    vertex -16.399999618530273 -6.391576290130615 0.025664329528808594
    vertex -16.399999618530273 -6.3693366050720215 1.2568483352661133
    vertex -16.399999618530273 -5.999997615814209 -9.5367431640625e-07
  endloop
endfacet
facet normal 0.0 0.0 0.0
  outer loop
    vertex -16.399999618530273 -5.999997615814209 -9.5367431640625e-07
    vertex -16.399999618530273 -6.3693366050720215 1.2568483352661133
    vertex -16.399999618530273 -6.113725185394287 1.3111791610717773
  endloop
endfacet
facet normal 0.0 0.0 0.0
  outer loop
    vertex -16.399999618530273 -5.999997615814209 -9.5367431640625e-07
    vertex -16.399999618530273 -6.113725185394287 1.3111791610717773
    vertex -16.399999618530273 -5.874998092651367 1.4174680709838867
  endloop
endfacet
facet normal 0.0 0.0 0.0
  outer loop
    vertex -16.399999618530273 -5.874998092651367 1.4174680709838867
    vertex -16.399999618530273 -5.663583755493164 1.5710687637329102
    vertex -16.399999618530273 -5.999997615814209 -9.5367431640625e-07
  endloop
endfacet
facet normal 0.0 0.0 0.0
  outer loop
    vertex -16.399999618530273 -5.999997615814209 -9.5367431640625e-07
    vertex -16.399999618530273 -5.663583755493164 1.5710687637329102
    vertex -16.399999618530273 -5.488725662231445 1.7652673721313477
  endloop
endfacet
facet normal 0.0 0.0 0.0
  outer loop
    vertex -16.399999618530273 -5.999997615814209 -9.5367431640625e-07
    vertex -16.399999618530273 -5.488725662231445 1.7652673721313477
    vertex -16.399999618530273 -5.358064651489258 1.9915781021118164
  endloop
endfacet
facet normal 0.0 0.0 0.0
  outer loop
    vertex -16.399999618530273 0.2854924201965332 7.206796169281006
    vertex -16.399999618530273 -5.277315616607666 2.240109443664551
    vertex -16.399999618530273 -0.285491406917572 7.206796169281006
  endloop
endfacet
facet normal 0.0 0.0 0.0
  outer loop
    vertex -16.399999618530273 -0.285491406917572 7.206796169281006
    vertex -16.399999618530273 -5.277315616607666 2.240109443664551
    vertex -16.399999618530273 -5.249998569488525 2.4999990463256836
  endloop
endfacet
facet normal 0.0 0.0 0.0
  outer loop
    vertex -16.399999618530273 1.4999984502792358 20.99422836303711
    vertex -16.399999618530273 1.8519500494003296 21.167789459228516
    vertex -16.399999618530273 1.5256637334823608 20.602649688720703
  endloop
endfacet
facet normal 0.0 0.0 0.0
  outer loop
    vertex -16.399999618530273 1.5256637334823608 20.602649688720703
    vertex -16.399999618530273 1.8519500494003296 21.167789459228516
    vertex -16.399999618530273 1.6022210121154785 20.217769622802734
  endloop
endfacet
facet normal 0.0 0.0 0.0
  outer loop
    vertex -16.399999618530273 1.6022210121154785 20.217769622802734
    vertex -16.399999618530273 1.8519500494003296 21.167789459228516
    vertex -16.399999618530273 2.2235395908355713 21.293928146362305
  endloop
endfacet
facet normal 0.0 0.0 0.0
  outer loop
    vertex -16.399999618530273 1.6022210121154785 20.217769622802734
    vertex -16.399999618530273 2.2235395908355713 21.293928146362305
    vertex -16.399999618530273 1.7283616065979004 19.846176147460938
  endloop
endfacet
facet normal 0.0 0.0 0.0
  outer loop
    vertex -16.399999618530273 1.7283616065979004 19.846176147460938
    vertex -16.399999618530273 2.2235395908355713 21.293928146362305
    vertex -16.399999618530273 2.60841965675354 21.370485305786133
  endloop
endfacet
facet normal 0.0 0.0 0.0
  outer loop
    vertex -16.399999618530273 1.7283616065979004 19.846176147460938
    vertex -16.399999618530273 2.60841965675354 21.370485305786133
    vertex -16.399999618530273 1.9019228219985962 19.49422836303711
  endloop
endfacet
facet normal 0.0 0.0 0.0
  outer loop
    vertex -16.399999618530273 1.9019228219985962 19.49422836303711
    vertex -16.399999618530273 2.60841965675354 21.370485305786133
    vertex -16.399999618530273 2.1199402809143066 19.16794204711914
  endloop
endfacet
facet normal 0.0 0.0 0.0
  outer loop
    vertex -16.399999618530273 2.1199402809143066 19.16794204711914
    vertex -16.399999618530273 2.60841965675354 21.370485305786133
    vertex -16.399999618530273 2.999998092651367 21.39615249633789
  endloop
endfacet
facet normal 0.0 0.0 0.0
  outer loop
    vertex -16.399999618530273 2.1199402809143066 19.16794204711914
    vertex -16.399999618530273 2.999998092651367 21.39615249633789
    vertex -16.399999618530273 2.3786799907684326 18.872907638549805
  endloop
endfacet
facet normal 0.0 0.0 0.0
  outer loop
    vertex -16.399999618530273 2.3786799907684326 18.872907638549805
    vertex -16.399999618530273 2.999998092651367 21.39615249633789
    vertex -16.399999618530273 3.3915767669677734 21.370485305786133
  endloop
endfacet
facet normal 0.0 0.0 0.0
  outer loop
    vertex -16.399999618530273 2.3786799907684326 18.872907638549805
    vertex -16.399999618530273 3.3915767669677734 21.370485305786133
    vertex -16.399999618530273 2.6737163066864014 18.614168167114258
  endloop
endfacet
facet normal 0.0 0.0 0.0
  outer loop
    vertex -16.399999618530273 2.6737163066864014 18.614168167114258
    vertex -16.399999618530273 3.3915767669677734 21.370485305786133
    vertex -16.399999618530273 3.776456832885742 21.293930053710938
  endloop
endfacet
facet normal 0.0 0.0 0.0
  outer loop
    vertex -16.399999618530273 2.6737163066864014 18.614168167114258
    vertex -16.399999618530273 3.776456832885742 21.293930053710938
    vertex -16.399999618530273 2.9999985694885254 18.39615249633789
  endloop
endfacet
facet normal 0.0 0.0 0.0
  outer loop
    vertex -16.399999618530273 2.9999985694885254 18.39615249633789
    vertex -16.399999618530273 3.776456832885742 21.293930053710938
    vertex -16.399999618530273 4.148050308227539 21.167789459228516
  endloop
endfacet
facet normal 0.0 0.0 0.0
  outer loop
    vertex -16.399999618530273 2.9999985694885254 18.39615249633789
    vertex -16.399999618530273 4.148050308227539 21.167789459228516
    vertex -16.399999618530273 4.499998092651367 20.99422836303711
  endloop
endfacet
facet normal 0.0 0.0 0.0
  outer loop
    vertex -16.399999618530273 2.9999985694885254 18.39615249633789
    vertex -16.399999618530273 4.499998092651367 20.99422836303711
    vertex -16.399999618530273 3.4803414344787598 18.08745574951172
  endloop
endfacet
facet normal 0.0 0.0 0.0
  outer loop
    vertex -16.399999618530273 3.4803414344787598 18.08745574951172
    vertex -16.399999618530273 4.499998092651367 20.99422836303711
    vertex -16.399999618530273 5.069879531860352 20.63614845275879
  endloop
endfacet
facet normal 0.0 0.0 0.0
  outer loop
    vertex -16.399999618530273 3.4803414344787598 18.08745574951172
    vertex -16.399999618530273 5.069879531860352 20.63614845275879
    vertex -16.399999618530273 3.9291634559631348 17.7344970703125
  endloop
endfacet
facet normal 0.0 0.0 0.0
  outer loop
    vertex -16.399999618530273 3.9291634559631348 17.7344970703125
    vertex -16.399999618530273 5.069879531860352 20.63614845275879
    vertex -16.399999618530273 5.611406326293945 20.23648452758789
  endloop
endfacet
facet normal 0.0 0.0 0.0
  outer loop
    vertex -16.399999618530273 3.9291634559631348 17.7344970703125
    vertex -16.399999618530273 5.611406326293945 20.23648452758789
    vertex -16.399999618530273 4.34240198135376 17.340473175048828
  endloop
endfacet
facet normal 0.0 0.0 0.0
  outer loop
    vertex -16.399999618530273 4.34240198135376 17.340473175048828
    vertex -16.399999618530273 5.611406326293945 20.23648452758789
    vertex -16.399999618530273 6.121553421020508 19.797466278076172
  endloop
endfacet
facet normal 0.0 0.0 0.0
  outer loop
    vertex -16.399999618530273 4.34240198135376 17.340473175048828
    vertex -16.399999618530273 6.121553421020508 19.797466278076172
    vertex -16.399999618530273 4.716318607330322 16.908954620361328
  endloop
endfacet
facet normal 0.0 0.0 0.0
  outer loop
    vertex -16.399999618530273 4.716318607330322 16.908954620361328
    vertex -16.399999618530273 6.121553421020508 19.797466278076172
    vertex -16.399999618530273 6.597463607788086 19.32155418395996
  endloop
endfacet
facet normal 0.0 0.0 0.0
  outer loop
    vertex -16.399999618530273 4.716318607330322 16.908954620361328
    vertex -16.399999618530273 6.597463607788086 19.32155418395996
    vertex -16.399999618530273 7.036481857299805 18.81140899658203
  endloop
endfacet
facet normal 0.0 0.0 0.0
  outer loop
    vertex -16.399999618530273 4.716318607330322 16.908954620361328
    vertex -16.399999618530273 7.036481857299805 18.81140899658203
    vertex -16.399999618530273 5.047518253326416 16.443843841552734
  endloop
endfacet
facet normal 0.0 0.0 0.0
  outer loop
    vertex -16.399999618530273 5.047518253326416 16.443843841552734
    vertex -16.399999618530273 7.036481857299805 18.81140899658203
    vertex -16.399999618530273 7.436147689819336 18.269880294799805
  endloop
endfacet
facet normal 0.0 0.0 0.0
  outer loop
    vertex -16.399999618530273 5.047518253326416 16.443843841552734
    vertex -16.399999618530273 7.436147689819336 18.269880294799805
    vertex -16.399999618530273 5.333010673522949 15.949358940124512
  endloop
endfacet
facet normal 0.0 0.0 0.0
  outer loop
    vertex -16.399999618530273 5.333010673522949 15.949358940124512
    vertex -16.399999618530273 7.436147689819336 18.269880294799805
    vertex -16.399999618530273 7.794225692749023 17.700000762939453
  endloop
endfacet
facet normal 0.0 0.0 0.0
  outer loop
    vertex -16.399999618530273 5.333010673522949 15.949358940124512
    vertex -16.399999618530273 7.794225692749023 17.700000762939453
    vertex -16.399999618530273 5.570208549499512 15.429975509643555
  endloop
endfacet
facet normal 0.0 0.0 0.0
  outer loop
    vertex -16.399999618530273 5.570208549499512 15.429975509643555
    vertex -16.399999618530273 7.794225692749023 17.700000762939453
    vertex -16.399999618530273 8.10871696472168 17.10495376586914
  endloop
endfacet
facet normal 0.0 0.0 0.0
  outer loop
    vertex -16.399999618530273 5.570208549499512 15.429975509643555
    vertex -16.399999618530273 8.10871696472168 17.10495376586914
    vertex -16.399999618530273 8.377862930297852 16.488069534301758
  endloop
endfacet
facet normal 0.0 0.0 0.0
  outer loop
    vertex -16.399999618530273 5.570208549499512 15.429975509643555
    vertex -16.399999618530273 8.377862930297852 16.488069534301758
    vertex -16.399999618530273 5.756957054138184 14.890395164489746
  endloop
endfacet
facet normal 0.0 0.0 0.0
  outer loop
    vertex -16.399999618530273 5.756957054138184 14.890395164489746
    vertex -16.399999618530273 8.377862930297852 16.488069534301758
    vertex -16.399999618530273 8.600152969360352 15.85279655456543
  endloop
endfacet
facet normal 0.0 0.0 0.0
  outer loop
    vertex -16.399999618530273 5.756957054138184 14.890395164489746
    vertex -16.399999618530273 8.600152969360352 15.85279655456543
    vertex -16.399999618530273 5.891570091247559 14.3355073928833
  endloop
endfacet
facet normal 0.0 0.0 0.0
  outer loop
    vertex -16.399999618530273 5.891570091247559 14.3355073928833
    vertex -16.399999618530273 8.600152969360352 15.85279655456543
    vertex -16.399999618530273 8.774351119995117 15.202688217163086
  endloop
endfacet
facet normal 0.0 0.0 0.0
  outer loop
    vertex -16.399999618530273 5.891570091247559 14.3355073928833
    vertex -16.399999618530273 8.774351119995117 15.202688217163086
    vertex -16.399999618530273 8.8994779586792 14.541380882263184
  endloop
endfacet
facet normal 0.0 0.0 0.0
  outer loop
    vertex -16.399999618530273 5.891570091247559 14.3355073928833
    vertex -16.399999618530273 8.8994779586792 14.541380882263184
    vertex -16.399999618530273 5.972830772399902 13.770336151123047
  endloop
endfacet
facet normal 0.0 0.0 0.0
  outer loop
    vertex -16.399999618530273 5.972830772399902 13.770336151123047
    vertex -16.399999618530273 8.8994779586792 14.541380882263184
    vertex -16.399999618530273 8.974833488464355 13.87257194519043
  endloop
endfacet
facet normal 0.0 0.0 0.0
  outer loop
    vertex -16.399999618530273 5.972830772399902 13.770336151123047
    vertex -16.399999618530273 8.974833488464355 13.87257194519043
    vertex -16.399999618530273 5.999998569488525 13.200000762939453
  endloop
endfacet
facet normal 0.0 0.0 0.0
  outer loop
    vertex -16.399999618530273 5.999998569488525 13.200000762939453
    vertex -16.399999618530273 8.974833488464355 13.87257194519043
    vertex -16.399999618530273 8.999999046325684 13.200000762939453
  endloop
endfacet
facet normal 0.0 0.0 0.0
  outer loop
    vertex -16.399999618530273 5.999998569488525 13.200000762939453
    vertex -16.399999618530273 8.999999046325684 13.200000762939453
    vertex -16.399999618530273 5.9728312492370605 12.629664421081543
  endloop
endfacet
facet normal 0.0 0.0 0.0
  outer loop
    vertex -16.399999618530273 5.9728312492370605 12.629664421081543
    vertex -16.399999618530273 8.999999046325684 13.200000762939453
    vertex -16.399999618530273 5.891570568084717 12.064493179321289
  endloop
endfacet
facet normal 0.0 0.0 0.0
  outer loop
    vertex -16.399999618530273 5.891570568084717 12.064493179321289
    vertex -16.399999618530273 8.999999046325684 13.200000762939453
    vertex -16.399999618530273 5.756957530975342 11.509605407714844
  endloop
endfacet
facet normal 0.0 0.0 0.0
  outer loop
    vertex -16.399999618530273 5.756957530975342 11.509605407714844
    vertex -16.399999618530273 8.999999046325684 13.200000762939453
    vertex -16.399999618530273 5.57020902633667 10.970026016235352
  endloop
endfacet
facet normal 0.0 0.0 0.0
  outer loop
    vertex -16.399999618530273 -8.974833488464355 13.872570037841797
    vertex -16.399999618530273 -5.999999523162842 13.19999885559082
    vertex -16.399999618530273 -8.999999046325684 13.19999885559082
  endloop
endfacet
facet normal 0.0 0.0 0.0
  outer loop
    vertex -16.399999618530273 -8.999999046325684 13.19999885559082
    vertex -16.399999618530273 -5.999999523162842 13.19999885559082
    vertex -16.399999618530273 -5.9728312492370605 12.62966251373291
  endloop
endfacet
facet normal 0.0 0.0 0.0
  outer loop
    vertex -16.399999618530273 -8.999999046325684 13.19999885559082
    vertex -16.399999618530273 -5.9728312492370605 12.62966251373291
    vertex -16.399999618530273 -5.891570568084717 12.064491271972656
  endloop
endfacet
facet normal 0.0 0.0 0.0
  outer loop
    vertex -16.399999618530273 -5.999999523162842 13.19999885559082
    vertex -16.399999618530273 -8.974833488464355 13.872570037841797
    vertex -16.399999618530273 -5.972831726074219 13.77033519744873
  endloop
endfacet
facet normal 0.0 0.0 0.0
  outer loop
    vertex -16.399999618530273 -5.972831726074219 13.77033519744873
    vertex -16.399999618530273 -8.974833488464355 13.872570037841797
    vertex -16.399999618530273 -8.899476051330566 14.541378021240234
  endloop
endfacet
facet normal 0.0 0.0 0.0
  outer loop
    vertex -16.399999618530273 -5.972831726074219 13.77033519744873
    vertex -16.399999618530273 -8.899476051330566 14.541378021240234
    vertex -16.399999618530273 -5.891571044921875 14.335506439208984
  endloop
endfacet
facet normal 0.0 0.0 0.0
  outer loop
    vertex -16.399999618530273 -5.891571044921875 14.335506439208984
    vertex -16.399999618530273 -8.899476051330566 14.541378021240234
    vertex -16.399999618530273 -8.774351119995117 15.202686309814453
  endloop
endfacet
facet normal 0.0 0.0 0.0
  outer loop
    vertex -16.399999618530273 -5.891571044921875 14.335506439208984
    vertex -16.399999618530273 -8.774351119995117 15.202686309814453
    vertex -16.399999618530273 -8.600154876708984 15.852794647216797
  endloop
endfacet
facet normal 0.0 0.0 0.0
  outer loop
    vertex -16.399999618530273 -5.891571044921875 14.335506439208984
    vertex -16.399999618530273 -8.600154876708984 15.852794647216797
    vertex -16.399999618530273 -5.7569580078125 14.89039421081543
  endloop
endfacet
facet normal 0.0 0.0 0.0
  outer loop
    vertex -16.399999618530273 -5.7569580078125 14.89039421081543
    vertex -16.399999618530273 -8.600154876708984 15.852794647216797
    vertex -16.399999618530273 -8.377862930297852 16.488067626953125
  endloop
endfacet
facet normal 0.0 0.0 0.0
  outer loop
    vertex -16.399999618530273 -5.7569580078125 14.89039421081543
    vertex -16.399999618530273 -8.377862930297852 16.488067626953125
    vertex -16.399999618530273 -5.570209503173828 15.429973602294922
  endloop
endfacet
facet normal 0.0 0.0 0.0
  outer loop
    vertex -16.399999618530273 -5.570209503173828 15.429973602294922
    vertex -16.399999618530273 -8.377862930297852 16.488067626953125
    vertex -16.399999618530273 -8.108720779418945 17.104951858520508
  endloop
endfacet
facet normal 0.0 0.0 0.0
  outer loop
    vertex -16.399999618530273 -5.570209503173828 15.429973602294922
    vertex -16.399999618530273 -8.108720779418945 17.104951858520508
    vertex -16.399999618530273 -7.794229507446289 17.699996948242188
  endloop
endfacet
facet normal 0.0 0.0 0.0
  outer loop
    vertex -16.399999618530273 -5.570209503173828 15.429973602294922
    vertex -16.399999618530273 -7.794229507446289 17.699996948242188
    vertex -16.399999618530273 -5.333011627197266 15.949357986450195
  endloop
endfacet
facet normal 0.0 0.0 0.0
  outer loop
    vertex -16.399999618530273 -5.333011627197266 15.949357986450195
    vertex -16.399999618530273 -7.794229507446289 17.699996948242188
    vertex -16.399999618530273 -7.436149597167969 18.269878387451172
  endloop
endfacet
facet normal 0.0 0.0 0.0
  outer loop
    vertex -16.399999618530273 -5.333011627197266 15.949357986450195
    vertex -16.399999618530273 -7.436149597167969 18.269878387451172
    vertex -16.399999618530273 -5.047520160675049 16.443843841552734
  endloop
endfacet
facet normal 0.0 0.0 0.0
  outer loop
    vertex -16.399999618530273 -5.047520160675049 16.443843841552734
    vertex -16.399999618530273 -7.436149597167969 18.269878387451172
    vertex -16.399999618530273 -7.0364837646484375 18.811405181884766
  endloop
endfacet
facet normal 0.0 0.0 0.0
  outer loop
    vertex -16.399999618530273 -5.047520160675049 16.443843841552734
    vertex -16.399999618530273 -7.0364837646484375 18.811405181884766
    vertex -16.399999618530273 -4.716320514678955 16.908952713012695
  endloop
endfacet
facet normal 0.0 0.0 0.0
  outer loop
    vertex -16.399999618530273 -4.716320514678955 16.908952713012695
    vertex -16.399999618530273 -7.0364837646484375 18.811405181884766
    vertex -16.399999618530273 -6.597465515136719 19.321552276611328
  endloop
endfacet
facet normal 0.0 0.0 0.0
  outer loop
    vertex -16.399999618530273 -4.716320514678955 16.908952713012695
    vertex -16.399999618530273 -6.597465515136719 19.321552276611328
    vertex -16.399999618530273 -6.121555328369141 19.79746437072754
  endloop
endfacet
facet normal 0.0 0.0 0.0
  outer loop
    vertex -16.399999618530273 -4.716320514678955 16.908952713012695
    vertex -16.399999618530273 -6.121555328369141 19.79746437072754
    vertex -16.399999618530273 -4.342403888702393 17.340473175048828
  endloop
endfacet
facet normal 0.0 0.0 0.0
  outer loop
    vertex -16.399999618530273 -4.342403888702393 17.340473175048828
    vertex -16.399999618530273 -6.121555328369141 19.79746437072754
    vertex -16.399999618530273 -5.6114091873168945 20.236480712890625
  endloop
endfacet
facet normal 0.0 0.0 0.0
  outer loop
    vertex -16.399999618530273 -4.342403888702393 17.340473175048828
    vertex -16.399999618530273 -5.6114091873168945 20.236480712890625
    vertex -16.399999618530273 -3.9291653633117676 17.734495162963867
  endloop
endfacet
facet normal 0.0 0.0 0.0
  outer loop
    vertex -16.399999618530273 -3.9291653633117676 17.734495162963867
    vertex -16.399999618530273 -5.6114091873168945 20.236480712890625
    vertex -16.399999618530273 -5.069882392883301 20.636146545410156
  endloop
endfacet
facet normal 0.0 0.0 0.0
  outer loop
    vertex -16.399999618530273 -3.9291653633117676 17.734495162963867
    vertex -16.399999618530273 -5.069882392883301 20.636146545410156
    vertex -16.399999618530273 -3.4803433418273926 18.087453842163086
  endloop
endfacet
facet normal 0.0 0.0 0.0
  outer loop
    vertex -16.399999618530273 -3.4803433418273926 18.087453842163086
    vertex -16.399999618530273 -5.069882392883301 20.636146545410156
    vertex -16.399999618530273 -4.500000953674316 20.994226455688477
  endloop
endfacet
facet normal 0.0 0.0 0.0
  outer loop
    vertex -16.399999618530273 -3.4803433418273926 18.087453842163086
    vertex -16.399999618530273 -4.500000953674316 20.994226455688477
    vertex -16.399999618530273 -3.000000476837158 18.396150588989258
  endloop
endfacet
facet normal 0.0 0.0 0.0
  outer loop
    vertex -16.399999618530273 -3.000000476837158 18.396150588989258
    vertex -16.399999618530273 -4.500000953674316 20.994226455688477
    vertex -16.399999618530273 -4.148053169250488 21.167789459228516
  endloop
endfacet
facet normal 0.0 0.0 0.0
  outer loop
    vertex -16.399999618530273 -3.000000476837158 18.396150588989258
    vertex -16.399999618530273 -4.148053169250488 21.167789459228516
    vertex -16.399999618530273 -3.7764596939086914 21.293926239013672
  endloop
endfacet
facet normal 0.0 0.0 0.0
  outer loop
    vertex -16.399999618530273 -3.000000476837158 18.396150588989258
    vertex -16.399999618530273 -3.7764596939086914 21.293926239013672
    vertex -16.399999618530273 -2.673718214035034 18.614166259765625
  endloop
endfacet
facet normal 0.0 0.0 0.0
  outer loop
    vertex -16.399999618530273 -2.673718214035034 18.614166259765625
    vertex -16.399999618530273 -3.7764596939086914 21.293926239013672
    vertex -16.399999618530273 -3.3915796279907227 21.370485305786133
  endloop
endfacet
facet normal 0.0 0.0 0.0
  outer loop
    vertex -16.399999618530273 -2.673718214035034 18.614166259765625
    vertex -16.399999618530273 -3.3915796279907227 21.370485305786133
    vertex -16.399999618530273 -2.3786818981170654 18.872905731201172
  endloop
endfacet
facet normal 0.0 0.0 0.0
  outer loop
    vertex -16.399999618530273 -2.3786818981170654 18.872905731201172
    vertex -16.399999618530273 -3.3915796279907227 21.370485305786133
    vertex -16.399999618530273 -3.0000009536743164 21.39615249633789
  endloop
endfacet
facet normal 0.0 0.0 0.0
  outer loop
    vertex -16.399999618530273 -2.3786818981170654 18.872905731201172
    vertex -16.399999618530273 -3.0000009536743164 21.39615249633789
    vertex -16.399999618530273 -2.1199426651000977 19.16794204711914
  endloop
endfacet
facet normal 0.0 0.0 0.0
  outer loop
    vertex -16.399999618530273 -2.1199426651000977 19.16794204711914
    vertex -16.399999618530273 -3.0000009536743164 21.39615249633789
    vertex -16.399999618530273 -2.6084225177764893 21.370485305786133
  endloop
endfacet
facet normal 0.0 0.0 0.0
  outer loop
    vertex -16.399999618530273 -2.1199426651000977 19.16794204711914
    vertex -16.399999618530273 -2.6084225177764893 21.370485305786133
    vertex -16.399999618530273 -1.901924967765808 19.49422836303711
  endloop
endfacet
facet normal 0.0 0.0 0.0
  outer loop
    vertex -16.399999618530273 -1.901924967765808 19.49422836303711
    vertex -16.399999618530273 -2.6084225177764893 21.370485305786133
    vertex -16.399999618530273 -1.7283639907836914 19.846176147460938
  endloop
endfacet
facet normal 0.0 0.0 0.0
  outer loop
    vertex -16.399999618530273 -1.7283639907836914 19.846176147460938
    vertex -16.399999618530273 -2.6084225177764893 21.370485305786133
    vertex -16.399999618530273 -2.2235424518585205 21.293928146362305
  endloop
endfacet
facet normal 0.0 0.0 0.0
  outer loop
    vertex -16.399999618530273 -1.7283639907836914 19.846176147460938
    vertex -16.399999618530273 -2.2235424518585205 21.293928146362305
    vertex -16.399999618530273 -1.6022233963012695 20.217769622802734
  endloop
endfacet
facet normal 0.0 0.0 0.0
  outer loop
    vertex -16.399999618530273 -1.6022233963012695 20.217769622802734
    vertex -16.399999618530273 -2.2235424518585205 21.293928146362305
    vertex -16.399999618530273 -1.8519526720046997 21.167789459228516
  endloop
endfacet
facet normal 0.0 0.0 0.0
  outer loop
    vertex -16.399999618530273 -1.6022233963012695 20.217769622802734
    vertex -16.399999618530273 -1.8519526720046997 21.167789459228516
    vertex -16.399999618530273 -1.525666356086731 20.602649688720703
  endloop
endfacet
facet normal 0.0 0.0 0.0
  outer loop
    vertex -16.399999618530273 -1.525666356086731 20.602649688720703
    vertex -16.399999618530273 -1.8519526720046997 21.167789459228516
    vertex -16.399999618530273 -1.500001072883606 20.99422836303711
  endloop
endfacet
facet normal 0.0 0.0 0.0
  outer loop
    vertex -16.399999618530273 -5.891570568084717 12.064491271972656
    vertex -16.399999618530273 -5.756957530975342 11.509603500366211
    vertex -16.399999618530273 -8.999999046325684 13.19999885559082
  endloop
endfacet
facet normal 0.0 0.0 0.0
  outer loop
    vertex -16.399999618530273 -8.999999046325684 13.19999885559082
    vertex -16.399999618530273 -5.756957530975342 11.509603500366211
    vertex -16.399999618530273 -5.57020902633667 10.970024108886719
  endloop
endfacet
facet normal 0.0 0.0 0.0
  outer loop
    vertex -16.399999618530273 -8.999999046325684 13.19999885559082
    vertex -16.399999618530273 -5.57020902633667 10.970024108886719
    vertex -16.399999618530273 -5.333011150360107 10.450639724731445
  endloop
endfacet
facet normal 0.0 0.0 0.0
  outer loop
    vertex -10.699999809265137 -1.500001072883606 20.99422836303711
    vertex -16.399999618530273 -1.500001072883606 20.99422836303711
    vertex -10.699999809265137 -1.8519526720046997 21.167789459228516
  endloop
endfacet
facet normal 0.0 0.0 0.0
  outer loop
    vertex -10.699999809265137 -1.8519526720046997 21.167789459228516
    vertex -16.399999618530273 -1.500001072883606 20.99422836303711
    vertex -16.399999618530273 -1.8519526720046997 21.167789459228516
  endloop
endfacet
facet normal 0.0 0.0 0.0
  outer loop
    vertex -10.699999809265137 -1.8519526720046997 21.167789459228516
    vertex -16.399999618530273 -1.8519526720046997 21.167789459228516
    vertex -10.699999809265137 -2.2235424518585205 21.293928146362305
  endloop
endfacet
facet normal 0.0 0.0 0.0
  outer loop
    vertex -10.699999809265137 -2.2235424518585205 21.293928146362305
    vertex -16.399999618530273 -1.8519526720046997 21.167789459228516
    vertex -16.399999618530273 -2.2235424518585205 21.293928146362305
  endloop
endfacet
facet normal 0.0 0.0 0.0
  outer loop
    vertex -10.699999809265137 -2.2235424518585205 21.293928146362305
    vertex -16.399999618530273 -2.2235424518585205 21.293928146362305
    vertex -10.699999809265137 -2.6084225177764893 21.370485305786133
  endloop
endfacet
facet normal 0.0 0.0 0.0
  outer loop
    vertex -10.699999809265137 -2.6084225177764893 21.370485305786133
    vertex -16.399999618530273 -2.2235424518585205 21.293928146362305
    vertex -16.399999618530273 -2.6084225177764893 21.370485305786133
  endloop
endfacet
facet normal 0.0 0.0 0.0
  outer loop
    vertex -10.699999809265137 -2.6084225177764893 21.370485305786133
    vertex -16.399999618530273 -2.6084225177764893 21.370485305786133
    vertex -10.699999809265137 -3.0000009536743164 21.39615249633789
  endloop
endfacet
facet normal 0.0 0.0 0.0
  outer loop
    vertex -10.699999809265137 -3.0000009536743164 21.39615249633789
    vertex -16.399999618530273 -2.6084225177764893 21.370485305786133
    vertex -16.399999618530273 -3.0000009536743164 21.39615249633789
  endloop
endfacet
facet normal 0.0 0.0 0.0
  outer loop
    vertex -10.699999809265137 -3.0000009536743164 21.39615249633789
    vertex -16.399999618530273 -3.0000009536743164 21.39615249633789
    vertex -10.699999809265137 -3.3915796279907227 21.370485305786133
  endloop
endfacet
facet normal 0.0 0.0 0.0
  outer loop
    vertex -10.699999809265137 -3.3915796279907227 21.370485305786133
    vertex -16.399999618530273 -3.0000009536743164 21.39615249633789
    vertex -16.399999618530273 -3.3915796279907227 21.370485305786133
  endloop
endfacet
facet normal 0.0 0.0 0.0
  outer loop
    vertex -10.699999809265137 -3.3915796279907227 21.370485305786133
    vertex -16.399999618530273 -3.3915796279907227 21.370485305786133
    vertex -10.699999809265137 -3.7764596939086914 21.293926239013672
  endloop
endfacet
facet normal 0.0 0.0 0.0
  outer loop
    vertex -10.699999809265137 -3.7764596939086914 21.293926239013672
    vertex -16.399999618530273 -3.3915796279907227 21.370485305786133
    vertex -16.399999618530273 -3.7764596939086914 21.293926239013672
  endloop
endfacet
facet normal 0.0 0.0 0.0
  outer loop
    vertex -10.699999809265137 -3.7764596939086914 21.293926239013672
    vertex -16.399999618530273 -3.7764596939086914 21.293926239013672
    vertex -10.699999809265137 -4.148053169250488 21.167789459228516
  endloop
endfacet
facet normal 0.0 0.0 0.0
  outer loop
    vertex -10.699999809265137 -4.148053169250488 21.167789459228516
    vertex -16.399999618530273 -3.7764596939086914 21.293926239013672
    vertex -16.399999618530273 -4.148053169250488 21.167789459228516
  endloop
endfacet
facet normal 0.0 0.0 0.0
  outer loop
    vertex -10.699999809265137 -4.148053169250488 21.167789459228516
    vertex -16.399999618530273 -4.148053169250488 21.167789459228516
    vertex -10.699999809265137 -4.500000953674316 20.994226455688477
  endloop
endfacet
facet normal 0.0 0.0 0.0
  outer loop
    vertex -10.699999809265137 -4.500000953674316 20.994226455688477
    vertex -16.399999618530273 -4.148053169250488 21.167789459228516
    vertex -16.399999618530273 -4.500000953674316 20.994226455688477
  endloop
endfacet
facet normal 0.0 0.0 0.0
  outer loop
    vertex -10.699999809265137 -4.500000953674316 20.994226455688477
    vertex -16.399999618530273 -4.500000953674316 20.994226455688477
    vertex -10.699999809265137 -5.069882392883301 20.636146545410156
  endloop
endfacet
facet normal 0.0 0.0 0.0
  outer loop
    vertex -10.699999809265137 -5.069882392883301 20.636146545410156
    vertex -16.399999618530273 -4.500000953674316 20.994226455688477
    vertex -16.399999618530273 -5.069882392883301 20.636146545410156
  endloop
endfacet
facet normal 0.0 0.0 0.0
  outer loop
    vertex -10.699999809265137 -5.069882392883301 20.636146545410156
    vertex -16.399999618530273 -5.069882392883301 20.636146545410156
    vertex -16.399999618530273 -5.6114091873168945 20.236480712890625
  endloop
endfacet
facet normal 0.0 0.0 0.0
  outer loop
    vertex -10.699999809265137 -5.069882392883301 20.636146545410156
    vertex -16.399999618530273 -5.6114091873168945 20.236480712890625
    vertex -10.699999809265137 -5.6114091873168945 20.236480712890625
  endloop
endfacet
facet normal 0.0 0.0 0.0
  outer loop
    vertex -10.699999809265137 -5.6114091873168945 20.236480712890625
    vertex -16.399999618530273 -5.6114091873168945 20.236480712890625
    vertex -16.399999618530273 -6.121555328369141 19.79746437072754
  endloop
endfacet
facet normal 0.0 0.0 0.0
  outer loop
    vertex -10.699999809265137 -5.6114091873168945 20.236480712890625
    vertex -16.399999618530273 -6.121555328369141 19.79746437072754
    vertex -10.699999809265137 -6.121555328369141 19.79746437072754
  endloop
endfacet
facet normal 0.0 0.0 0.0
  outer loop
    vertex -10.699999809265137 -6.121555328369141 19.79746437072754
    vertex -16.399999618530273 -6.121555328369141 19.79746437072754
    vertex -16.399999618530273 -6.597465515136719 19.321552276611328
  endloop
endfacet
facet normal 0.0 0.0 0.0
  outer loop
    vertex -10.699999809265137 -6.121555328369141 19.79746437072754
    vertex -16.399999618530273 -6.597465515136719 19.321552276611328
    vertex -10.699999809265137 -6.597465515136719 19.321552276611328
  endloop
endfacet
facet normal 0.0 0.0 0.0
  outer loop
    vertex -10.699999809265137 -6.597465515136719 19.321552276611328
    vertex -16.399999618530273 -6.597465515136719 19.321552276611328
    vertex -16.399999618530273 -7.0364837646484375 18.811405181884766
  endloop
endfacet
facet normal 0.0 0.0 0.0
  outer loop
    vertex -10.699999809265137 -6.597465515136719 19.321552276611328
    vertex -16.399999618530273 -7.0364837646484375 18.811405181884766
    vertex -10.699999809265137 -7.0364837646484375 18.811405181884766
  endloop
endfacet
facet normal 0.0 0.0 0.0
  outer loop
    vertex -10.699999809265137 -7.0364837646484375 18.811405181884766
    vertex -16.399999618530273 -7.0364837646484375 18.811405181884766
    vertex -16.399999618530273 -7.436149597167969 18.269878387451172
  endloop
endfacet
facet normal 0.0 0.0 0.0
  outer loop
    vertex -10.699999809265137 -7.0364837646484375 18.811405181884766
    vertex -16.399999618530273 -7.436149597167969 18.269878387451172
    vertex -10.699999809265137 -7.436149597167969 18.269878387451172
  endloop
endfacet
facet normal 0.0 0.0 0.0
  outer loop
    vertex -10.699999809265137 -7.436149597167969 18.269878387451172
    vertex -16.399999618530273 -7.436149597167969 18.269878387451172
    vertex -16.399999618530273 -7.794229507446289 17.699996948242188
  endloop
endfacet
facet normal 0.0 0.0 0.0
  outer loop
    vertex -10.699999809265137 -7.436149597167969 18.269878387451172
    vertex -16.399999618530273 -7.794229507446289 17.699996948242188
    vertex -10.699999809265137 -7.794229507446289 17.699996948242188
  endloop
endfacet
facet normal 0.0 0.0 0.0
  outer loop
    vertex -10.699999809265137 -7.794229507446289 17.699996948242188
    vertex -16.399999618530273 -7.794229507446289 17.699996948242188
    vertex -16.399999618530273 -8.108720779418945 17.104951858520508
  endloop
endfacet
facet normal 0.0 0.0 0.0
  outer loop
    vertex -10.699999809265137 -7.794229507446289 17.699996948242188
    vertex -16.399999618530273 -8.108720779418945 17.104951858520508
    vertex -10.699999809265137 -8.108720779418945 17.104951858520508
  endloop
endfacet
facet normal 0.0 0.0 0.0
  outer loop
    vertex -10.699999809265137 -8.108720779418945 17.104951858520508
    vertex -16.399999618530273 -8.108720779418945 17.104951858520508
    vertex -16.399999618530273 -8.377862930297852 16.488067626953125
  endloop
endfacet
facet normal 0.0 0.0 0.0
  outer loop
    vertex -10.699999809265137 -8.108720779418945 17.104951858520508
    vertex -16.399999618530273 -8.377862930297852 16.488067626953125
    vertex -10.699999809265137 -8.377862930297852 16.488067626953125
  endloop
endfacet
facet normal 0.0 0.0 0.0
  outer loop
    vertex -10.699999809265137 -8.377862930297852 16.488067626953125
    vertex -16.399999618530273 -8.377862930297852 16.488067626953125
    vertex -16.399999618530273 -8.600154876708984 15.852794647216797
  endloop
endfacet
facet normal 0.0 0.0 0.0
  outer loop
    vertex -10.699999809265137 -8.377862930297852 16.488067626953125
    vertex -16.399999618530273 -8.600154876708984 15.852794647216797
    vertex -10.699999809265137 -8.600154876708984 15.852794647216797
  endloop
endfacet
facet normal 0.0 0.0 0.0
  outer loop
    vertex -10.699999809265137 -8.600154876708984 15.852794647216797
    vertex -16.399999618530273 -8.600154876708984 15.852794647216797
    vertex -16.399999618530273 -8.774351119995117 15.202686309814453
  endloop
endfacet
facet normal 0.0 0.0 0.0
  outer loop
    vertex -10.699999809265137 -8.600154876708984 15.852794647216797
    vertex -16.399999618530273 -8.774351119995117 15.202686309814453
    vertex -10.699999809265137 -8.774351119995117 15.202686309814453
  endloop
endfacet
facet normal 0.0 0.0 0.0
  outer loop
    vertex -10.699999809265137 -8.774351119995117 15.202686309814453
    vertex -16.399999618530273 -8.774351119995117 15.202686309814453
    vertex -16.399999618530273 -8.899476051330566 14.541378021240234
  endloop
endfacet
facet normal 0.0 0.0 0.0
  outer loop
    vertex -10.699999809265137 -8.774351119995117 15.202686309814453
    vertex -16.399999618530273 -8.899476051330566 14.541378021240234
    vertex -10.699999809265137 -8.899476051330566 14.541378021240234
  endloop
endfacet
facet normal 0.0 0.0 0.0
  outer loop
    vertex -10.699999809265137 -8.899476051330566 14.541378021240234
    vertex -16.399999618530273 -8.899476051330566 14.541378021240234
    vertex -16.399999618530273 -8.974833488464355 13.872570037841797
  endloop
endfacet
facet normal 0.0 0.0 0.0
  outer loop
    vertex -10.699999809265137 -8.899476051330566 14.541378021240234
    vertex -16.399999618530273 -8.974833488464355 13.872570037841797
    vertex -10.699999809265137 -8.974833488464355 13.872570037841797
  endloop
endfacet
facet normal 0.0 0.0 0.0
  outer loop
    vertex -10.699999809265137 -8.974833488464355 13.872570037841797
    vertex -16.399999618530273 -8.974833488464355 13.872570037841797
    vertex -16.399999618530273 -8.999999046325684 13.19999885559082
  endloop
endfacet
facet normal 0.0 0.0 0.0
  outer loop
    vertex -10.699999809265137 -8.974833488464355 13.872570037841797
    vertex -16.399999618530273 -8.999999046325684 13.19999885559082
    vertex -10.699999809265137 -8.999999046325684 13.19999885559082
  endloop
endfacet
facet normal 0.0 0.0 0.0
  outer loop
    vertex -10.699999809265137 2.9999985694885254 18.39615249633789
    vertex -10.699999809265137 2.6737163066864014 18.614168167114258
    vertex -16.399999618530273 2.9999985694885254 18.39615249633789
  endloop
endfacet
facet normal 0.0 0.0 0.0
  outer loop
    vertex -16.399999618530273 2.9999985694885254 18.39615249633789
    vertex -10.699999809265137 2.6737163066864014 18.614168167114258
    vertex -16.399999618530273 2.6737163066864014 18.614168167114258
  endloop
endfacet
facet normal 0.0 0.0 0.0
  outer loop
    vertex -16.399999618530273 2.6737163066864014 18.614168167114258
    vertex -10.699999809265137 2.6737163066864014 18.614168167114258
    vertex -10.699999809265137 2.3786799907684326 18.872907638549805
  endloop
endfacet
facet normal 0.0 0.0 0.0
  outer loop
    vertex -16.399999618530273 2.6737163066864014 18.614168167114258
    vertex -10.699999809265137 2.3786799907684326 18.872907638549805
    vertex -16.399999618530273 2.3786799907684326 18.872907638549805
  endloop
endfacet
facet normal 0.0 0.0 0.0
  outer loop
    vertex -16.399999618530273 2.3786799907684326 18.872907638549805
    vertex -10.699999809265137 2.3786799907684326 18.872907638549805
    vertex -10.699999809265137 2.1199402809143066 19.16794204711914
  endloop
endfacet
facet normal 0.0 0.0 0.0
  outer loop
    vertex -16.399999618530273 2.3786799907684326 18.872907638549805
    vertex -10.699999809265137 2.1199402809143066 19.16794204711914
    vertex -16.399999618530273 2.1199402809143066 19.16794204711914
  endloop
endfacet
facet normal 0.0 0.0 0.0
  outer loop
    vertex -16.399999618530273 2.1199402809143066 19.16794204711914
    vertex -10.699999809265137 2.1199402809143066 19.16794204711914
    vertex -10.699999809265137 1.9019228219985962 19.49422836303711
  endloop
endfacet
facet normal 0.0 0.0 0.0
  outer loop
    vertex -16.399999618530273 2.1199402809143066 19.16794204711914
    vertex -10.699999809265137 1.9019228219985962 19.49422836303711
    vertex -16.399999618530273 1.9019228219985962 19.49422836303711
  endloop
endfacet
facet normal 0.0 0.0 0.0
  outer loop
    vertex -16.399999618530273 1.9019228219985962 19.49422836303711
    vertex -10.699999809265137 1.9019228219985962 19.49422836303711
    vertex -10.699999809265137 1.7283616065979004 19.846176147460938
  endloop
endfacet
facet normal 0.0 0.0 0.0
  outer loop
    vertex -16.399999618530273 1.9019228219985962 19.49422836303711
    vertex -10.699999809265137 1.7283616065979004 19.846176147460938
    vertex -16.399999618530273 1.7283616065979004 19.846176147460938
  endloop
endfacet
facet normal 0.0 0.0 0.0
  outer loop
    vertex -16.399999618530273 1.7283616065979004 19.846176147460938
    vertex -10.699999809265137 1.7283616065979004 19.846176147460938
    vertex -10.699999809265137 1.6022210121154785 20.217769622802734
  endloop
endfacet
facet normal 0.0 0.0 0.0
  outer loop
    vertex -16.399999618530273 1.7283616065979004 19.846176147460938
    vertex -10.699999809265137 1.6022210121154785 20.217769622802734
    vertex -16.399999618530273 1.6022210121154785 20.217769622802734
  endloop
endfacet
facet normal 0.0 0.0 0.0
  outer loop
    vertex -16.399999618530273 1.6022210121154785 20.217769622802734
    vertex -10.699999809265137 1.6022210121154785 20.217769622802734
    vertex -10.699999809265137 1.5256637334823608 20.602649688720703
  endloop
endfacet
facet normal 0.0 0.0 0.0
  outer loop
    vertex -16.399999618530273 1.6022210121154785 20.217769622802734
    vertex -10.699999809265137 1.5256637334823608 20.602649688720703
    vertex -16.399999618530273 1.5256637334823608 20.602649688720703
  endloop
endfacet
facet normal 0.0 0.0 0.0
  outer loop
    vertex -16.399999618530273 1.5256637334823608 20.602649688720703
    vertex -10.699999809265137 1.5256637334823608 20.602649688720703
    vertex -10.699999809265137 1.4999984502792358 20.99422836303711
  endloop
endfacet
facet normal 0.0 0.0 0.0
  outer loop
    vertex -16.399999618530273 1.5256637334823608 20.602649688720703
    vertex -10.699999809265137 1.4999984502792358 20.99422836303711
    vertex -16.399999618530273 1.4999984502792358 20.99422836303711
  endloop
endfacet
facet normal 0.0 0.0 0.0
  outer loop
    vertex -10.699999809265137 2.9999985694885254 18.39615249633789
    vertex -16.399999618530273 2.9999985694885254 18.39615249633789
    vertex -10.699999809265137 3.4803414344787598 18.08745574951172
  endloop
endfacet
facet normal 0.0 0.0 0.0
  outer loop
    vertex -10.699999809265137 3.4803414344787598 18.08745574951172
    vertex -16.399999618530273 2.9999985694885254 18.39615249633789
    vertex -16.399999618530273 3.4803414344787598 18.08745574951172
  endloop
endfacet
facet normal 0.0 0.0 0.0
  outer loop
    vertex -10.699999809265137 3.4803414344787598 18.08745574951172
    vertex -16.399999618530273 3.4803414344787598 18.08745574951172
    vertex -10.699999809265137 3.9291634559631348 17.7344970703125
  endloop
endfacet
facet normal 0.0 0.0 0.0
  outer loop
    vertex -10.699999809265137 3.9291634559631348 17.7344970703125
    vertex -16.399999618530273 3.4803414344787598 18.08745574951172
    vertex -16.399999618530273 3.9291634559631348 17.7344970703125
  endloop
endfacet
facet normal 0.0 0.0 0.0
  outer loop
    vertex -10.699999809265137 3.9291634559631348 17.7344970703125
    vertex -16.399999618530273 3.9291634559631348 17.7344970703125
    vertex -10.699999809265137 4.34240198135376 17.340473175048828
  endloop
endfacet
facet normal 0.0 0.0 0.0
  outer loop
    vertex -10.699999809265137 4.34240198135376 17.340473175048828
    vertex -16.399999618530273 3.9291634559631348 17.7344970703125
    vertex -16.399999618530273 4.34240198135376 17.340473175048828
  endloop
endfacet
facet normal 0.0 0.0 0.0
  outer loop
    vertex -10.699999809265137 4.34240198135376 17.340473175048828
    vertex -16.399999618530273 4.34240198135376 17.340473175048828
    vertex -10.699999809265137 4.716318607330322 16.908954620361328
  endloop
endfacet
facet normal 0.0 0.0 0.0
  outer loop
    vertex -10.699999809265137 4.716318607330322 16.908954620361328
    vertex -16.399999618530273 4.34240198135376 17.340473175048828
    vertex -16.399999618530273 4.716318607330322 16.908954620361328
  endloop
endfacet
facet normal 0.0 0.0 0.0
  outer loop
    vertex -10.699999809265137 4.716318607330322 16.908954620361328
    vertex -16.399999618530273 4.716318607330322 16.908954620361328
    vertex -10.699999809265137 5.047518253326416 16.443843841552734
  endloop
endfacet
facet normal 0.0 0.0 0.0
  outer loop
    vertex -10.699999809265137 5.047518253326416 16.443843841552734
    vertex -16.399999618530273 4.716318607330322 16.908954620361328
    vertex -16.399999618530273 5.047518253326416 16.443843841552734
  endloop
endfacet
facet normal 0.0 0.0 0.0
  outer loop
    vertex -10.699999809265137 5.047518253326416 16.443843841552734
    vertex -16.399999618530273 5.047518253326416 16.443843841552734
    vertex -10.699999809265137 5.333010673522949 15.949358940124512
  endloop
endfacet
facet normal 0.0 0.0 0.0
  outer loop
    vertex -10.699999809265137 5.333010673522949 15.949358940124512
    vertex -16.399999618530273 5.047518253326416 16.443843841552734
    vertex -16.399999618530273 5.333010673522949 15.949358940124512
  endloop
endfacet
facet normal 0.0 0.0 0.0
  outer loop
    vertex -10.699999809265137 5.333010673522949 15.949358940124512
    vertex -16.399999618530273 5.333010673522949 15.949358940124512
    vertex -10.699999809265137 5.570208549499512 15.429975509643555
  endloop
endfacet
facet normal 0.0 0.0 0.0
  outer loop
    vertex -10.699999809265137 5.570208549499512 15.429975509643555
    vertex -16.399999618530273 5.333010673522949 15.949358940124512
    vertex -16.399999618530273 5.570208549499512 15.429975509643555
  endloop
endfacet
facet normal 0.0 0.0 0.0
  outer loop
    vertex -10.699999809265137 5.570208549499512 15.429975509643555
    vertex -16.399999618530273 5.570208549499512 15.429975509643555
    vertex -10.699999809265137 5.756957054138184 14.890395164489746
  endloop
endfacet
facet normal 0.0 0.0 0.0
  outer loop
    vertex -10.699999809265137 5.756957054138184 14.890395164489746
    vertex -16.399999618530273 5.570208549499512 15.429975509643555
    vertex -16.399999618530273 5.756957054138184 14.890395164489746
  endloop
endfacet
facet normal 0.0 0.0 0.0
  outer loop
    vertex -10.699999809265137 5.756957054138184 14.890395164489746
    vertex -16.399999618530273 5.756957054138184 14.890395164489746
    vertex -10.699999809265137 5.891570091247559 14.3355073928833
  endloop
endfacet
facet normal 0.0 0.0 0.0
  outer loop
    vertex -10.699999809265137 5.891570091247559 14.3355073928833
    vertex -16.399999618530273 5.756957054138184 14.890395164489746
    vertex -16.399999618530273 5.891570091247559 14.3355073928833
  endloop
endfacet
facet normal 0.0 0.0 0.0
  outer loop
    vertex -10.699999809265137 5.891570091247559 14.3355073928833
    vertex -16.399999618530273 5.891570091247559 14.3355073928833
    vertex -10.699999809265137 5.972830772399902 13.770336151123047
  endloop
endfacet
facet normal 0.0 0.0 0.0
  outer loop
    vertex -10.699999809265137 5.972830772399902 13.770336151123047
    vertex -16.399999618530273 5.891570091247559 14.3355073928833
    vertex -16.399999618530273 5.972830772399902 13.770336151123047
  endloop
endfacet
facet normal 0.0 0.0 0.0
  outer loop
    vertex -10.699999809265137 5.972830772399902 13.770336151123047
    vertex -16.399999618530273 5.972830772399902 13.770336151123047
    vertex -10.699999809265137 5.999998569488525 13.200000762939453
  endloop
endfacet
facet normal 0.0 0.0 0.0
  outer loop
    vertex -10.699999809265137 5.999998569488525 13.200000762939453
    vertex -16.399999618530273 5.972830772399902 13.770336151123047
    vertex -16.399999618530273 5.999998569488525 13.200000762939453
  endloop
endfacet
facet normal 0.0 0.0 0.0
  outer loop
    vertex -10.699999809265137 5.999998569488525 13.200000762939453
    vertex -16.399999618530273 5.999998569488525 13.200000762939453
    vertex -10.699999809265137 5.9728312492370605 12.629664421081543
  endloop
endfacet
facet normal 0.0 0.0 0.0
  outer loop
    vertex -10.699999809265137 5.9728312492370605 12.629664421081543
    vertex -16.399999618530273 5.999998569488525 13.200000762939453
    vertex -16.399999618530273 5.9728312492370605 12.629664421081543
  endloop
endfacet
facet normal 0.0 0.0 0.0
  outer loop
    vertex -10.699999809265137 5.9728312492370605 12.629664421081543
    vertex -16.399999618530273 5.9728312492370605 12.629664421081543
    vertex -10.699999809265137 5.891570568084717 12.064493179321289
  endloop
endfacet
facet normal 0.0 0.0 0.0
  outer loop
    vertex -10.699999809265137 5.891570568084717 12.064493179321289
    vertex -16.399999618530273 5.9728312492370605 12.629664421081543
    vertex -16.399999618530273 5.891570568084717 12.064493179321289
  endloop
endfacet
facet normal 0.0 0.0 0.0
  outer loop
    vertex -10.699999809265137 5.891570568084717 12.064493179321289
    vertex -16.399999618530273 5.891570568084717 12.064493179321289
    vertex -10.699999809265137 5.756957530975342 11.509605407714844
  endloop
endfacet
facet normal 0.0 0.0 0.0
  outer loop
    vertex -10.699999809265137 5.756957530975342 11.509605407714844
    vertex -16.399999618530273 5.891570568084717 12.064493179321289
    vertex -16.399999618530273 5.756957530975342 11.509605407714844
  endloop
endfacet
facet normal 0.0 0.0 0.0
  outer loop
    vertex -10.699999809265137 5.756957530975342 11.509605407714844
    vertex -16.399999618530273 5.756957530975342 11.509605407714844
    vertex -10.699999809265137 5.57020902633667 10.970026016235352
  endloop
endfacet
facet normal 0.0 0.0 0.0
  outer loop
    vertex -10.699999809265137 5.57020902633667 10.970026016235352
    vertex -16.399999618530273 5.756957530975342 11.509605407714844
    vertex -16.399999618530273 5.57020902633667 10.970026016235352
  endloop
endfacet
facet normal 0.0 0.0 0.0
  outer loop
    vertex -10.699999809265137 5.57020902633667 10.970026016235352
    vertex -16.399999618530273 5.57020902633667 10.970026016235352
    vertex -10.699999809265137 5.333011150360107 10.450641632080078
  endloop
endfacet
facet normal 0.0 0.0 0.0
  outer loop
    vertex -10.699999809265137 5.333011150360107 10.450641632080078
    vertex -16.399999618530273 5.57020902633667 10.970026016235352
    vertex -16.399999618530273 5.333011150360107 10.450641632080078
  endloop
endfacet
facet normal 0.0 0.0 0.0
  outer loop
    vertex -10.699999809265137 5.333011150360107 10.450641632080078
    vertex -16.399999618530273 5.333011150360107 10.450641632080078
    vertex -10.699999809265137 5.047519207000732 9.956155776977539
  endloop
endfacet
facet normal 0.0 0.0 0.0
  outer loop
    vertex -10.699999809265137 5.047519207000732 9.956155776977539
    vertex -16.399999618530273 5.333011150360107 10.450641632080078
    vertex -16.399999618530273 5.047519207000732 9.956155776977539
  endloop
endfacet
facet normal 0.0 0.0 0.0
  outer loop
    vertex -10.699999809265137 5.047519207000732 9.956155776977539
    vertex -16.399999618530273 5.047519207000732 9.956155776977539
    vertex -10.699999809265137 4.716319561004639 9.491046905517578
  endloop
endfacet
facet normal 0.0 0.0 0.0
  outer loop
    vertex -10.699999809265137 4.716319561004639 9.491046905517578
    vertex -16.399999618530273 5.047519207000732 9.956155776977539
    vertex -16.399999618530273 4.716319561004639 9.491046905517578
  endloop
endfacet
facet normal 0.0 0.0 0.0
  outer loop
    vertex -10.699999809265137 4.716319561004639 9.491046905517578
    vertex -16.399999618530273 4.716319561004639 9.491046905517578
    vertex -10.699999809265137 4.342403411865234 9.059526443481445
  endloop
endfacet
facet normal 0.0 0.0 0.0
  outer loop
    vertex -10.699999809265137 4.342403411865234 9.059526443481445
    vertex -16.399999618530273 4.716319561004639 9.491046905517578
    vertex -16.399999618530273 4.342403411865234 9.059526443481445
  endloop
endfacet
facet normal 0.0 0.0 0.0
  outer loop
    vertex -10.699999809265137 4.342403411865234 9.059526443481445
    vertex -16.399999618530273 4.342403411865234 9.059526443481445
    vertex -10.699999809265137 3.9291646480560303 8.66550350189209
  endloop
endfacet
facet normal 0.0 0.0 0.0
  outer loop
    vertex -10.699999809265137 3.9291646480560303 8.66550350189209
    vertex -16.399999618530273 4.342403411865234 9.059526443481445
    vertex -16.399999618530273 3.9291646480560303 8.66550350189209
  endloop
endfacet
facet normal 0.0 0.0 0.0
  outer loop
    vertex -10.699999809265137 3.9291646480560303 8.66550350189209
    vertex -16.399999618530273 3.9291646480560303 8.66550350189209
    vertex -10.699999809265137 3.4803428649902344 8.312544822692871
  endloop
endfacet
facet normal 0.0 0.0 0.0
  outer loop
    vertex -10.699999809265137 3.4803428649902344 8.312544822692871
    vertex -16.399999618530273 3.9291646480560303 8.66550350189209
    vertex -16.399999618530273 3.4803428649902344 8.312544822692871
  endloop
endfacet
facet normal 0.0 0.0 0.0
  outer loop
    vertex -10.699999809265137 3.4803428649902344 8.312544822692871
    vertex -16.399999618530273 3.4803428649902344 8.312544822692871
    vertex -10.699999809265137 3.0 8.0038480758667
  endloop
endfacet
facet normal 0.0 0.0 0.0
  outer loop
    vertex -10.699999809265137 3.0 8.0038480758667
    vertex -16.399999618530273 3.4803428649902344 8.312544822692871
    vertex -16.399999618530273 3.0 8.0038480758667
  endloop
endfacet
facet normal 0.0 0.0 0.0
  outer loop
    vertex -10.699999809265137 3.0 8.0038480758667
    vertex -16.399999618530273 3.0 8.0038480758667
    vertex -10.699999809265137 2.4924890995025635 7.742208480834961
  endloop
endfacet
facet normal 0.0 0.0 0.0
  outer loop
    vertex -10.699999809265137 2.4924890995025635 7.742208480834961
    vertex -16.399999618530273 3.0 8.0038480758667
    vertex -16.399999618530273 2.4924890995025635 7.742208480834961
  endloop
endfacet
facet normal 0.0 0.0 0.0
  outer loop
    vertex -10.699999809265137 2.4924890995025635 7.742208480834961
    vertex -16.399999618530273 2.4924890995025635 7.742208480834961
    vertex -10.699999809265137 1.9624063968658447 7.529995918273926
  endloop
endfacet
facet normal 0.0 0.0 0.0
  outer loop
    vertex -10.699999809265137 1.9624063968658447 7.529995918273926
    vertex -16.399999618530273 2.4924890995025635 7.742208480834961
    vertex -16.399999618530273 1.9624063968658447 7.529995918273926
  endloop
endfacet
facet normal 0.0 0.0 0.0
  outer loop
    vertex -10.699999809265137 1.9624063968658447 7.529995918273926
    vertex -16.399999618530273 1.9624063968658447 7.529995918273926
    vertex -10.699999809265137 1.4145549535751343 7.369131088256836
  endloop
endfacet
facet normal 0.0 0.0 0.0
  outer loop
    vertex -10.699999809265137 1.4145549535751343 7.369131088256836
    vertex -16.399999618530273 1.9624063968658447 7.529995918273926
    vertex -16.399999618530273 1.4145549535751343 7.369131088256836
  endloop
endfacet
facet normal 0.0 0.0 0.0
  outer loop
    vertex -10.699999809265137 1.4145549535751343 7.369131088256836
    vertex -16.399999618530273 1.4145549535751343 7.369131088256836
    vertex -10.699999809265137 0.8538898229598999 7.261071681976318
  endloop
endfacet
facet normal 0.0 0.0 0.0
  outer loop
    vertex -10.699999809265137 0.8538898229598999 7.261071681976318
    vertex -16.399999618530273 1.4145549535751343 7.369131088256836
    vertex -16.399999618530273 0.8538898229598999 7.261071681976318
  endloop
endfacet
facet normal 0.0 0.0 0.0
  outer loop
    vertex -10.699999809265137 0.8538898229598999 7.261071681976318
    vertex -16.399999618530273 0.8538898229598999 7.261071681976318
    vertex -10.699999809265137 0.2854924201965332 7.206796169281006
  endloop
endfacet
facet normal 0.0 0.0 0.0
  outer loop
    vertex -10.699999809265137 0.2854924201965332 7.206796169281006
    vertex -16.399999618530273 0.8538898229598999 7.261071681976318
    vertex -16.399999618530273 0.2854924201965332 7.206796169281006
  endloop
endfacet
facet normal 0.0 0.0 0.0
  outer loop
    vertex -10.699999809265137 0.2854924201965332 7.206796169281006
    vertex -16.399999618530273 0.2854924201965332 7.206796169281006
    vertex -10.699999809265137 -0.285491406917572 7.206796169281006
  endloop
endfacet
facet normal 0.0 0.0 0.0
  outer loop
    vertex -10.699999809265137 -0.285491406917572 7.206796169281006
    vertex -16.399999618530273 0.2854924201965332 7.206796169281006
    vertex -16.399999618530273 -0.285491406917572 7.206796169281006
  endloop
endfacet
facet normal 0.0 0.0 0.0
  outer loop
    vertex -10.699999809265137 -0.285491406917572 7.206796169281006
    vertex -16.399999618530273 -0.285491406917572 7.206796169281006
    vertex -10.699999809265137 -0.8538888692855835 7.261071681976318
  endloop
endfacet
facet normal 0.0 0.0 0.0
  outer loop
    vertex -10.699999809265137 -0.8538888692855835 7.261071681976318
    vertex -16.399999618530273 -0.285491406917572 7.206796169281006
    vertex -16.399999618530273 -0.8538888692855835 7.261071681976318
  endloop
endfacet
facet normal 0.0 0.0 0.0
  outer loop
    vertex -10.699999809265137 -0.8538888692855835 7.261071681976318
    vertex -16.399999618530273 -0.8538888692855835 7.261071681976318
    vertex -10.699999809265137 -1.4145539999008179 7.3691301345825195
  endloop
endfacet
facet normal 0.0 0.0 0.0
  outer loop
    vertex -10.699999809265137 -1.4145539999008179 7.3691301345825195
    vertex -16.399999618530273 -0.8538888692855835 7.261071681976318
    vertex -16.399999618530273 -1.4145539999008179 7.3691301345825195
  endloop
endfacet
facet normal 0.0 0.0 0.0
  outer loop
    vertex -10.699999809265137 -1.4145539999008179 7.3691301345825195
    vertex -16.399999618530273 -1.4145539999008179 7.3691301345825195
    vertex -10.699999809265137 -1.9624054431915283 7.529994964599609
  endloop
endfacet
facet normal 0.0 0.0 0.0
  outer loop
    vertex -10.699999809265137 -1.9624054431915283 7.529994964599609
    vertex -16.399999618530273 -1.4145539999008179 7.3691301345825195
    vertex -16.399999618530273 -1.9624054431915283 7.529994964599609
  endloop
endfacet
facet normal 0.0 0.0 0.0
  outer loop
    vertex -10.699999809265137 -1.9624054431915283 7.529994964599609
    vertex -16.399999618530273 -1.9624054431915283 7.529994964599609
    vertex -10.699999809265137 -2.492488145828247 7.7422075271606445
  endloop
endfacet
facet normal 0.0 0.0 0.0
  outer loop
    vertex -10.699999809265137 -2.492488145828247 7.7422075271606445
    vertex -16.399999618530273 -1.9624054431915283 7.529994964599609
    vertex -16.399999618530273 -2.492488145828247 7.7422075271606445
  endloop
endfacet
facet normal 0.0 0.0 0.0
  outer loop
    vertex -10.699999809265137 -2.492488145828247 7.7422075271606445
    vertex -16.399999618530273 -2.492488145828247 7.7422075271606445
    vertex -10.699999809265137 -2.9999990463256836 8.003847122192383
  endloop
endfacet
facet normal 0.0 0.0 0.0
  outer loop
    vertex -10.699999809265137 -2.9999990463256836 8.003847122192383
    vertex -16.399999618530273 -2.492488145828247 7.7422075271606445
    vertex -16.399999618530273 -2.9999990463256836 8.003847122192383
  endloop
endfacet
facet normal 0.0 0.0 0.0
  outer loop
    vertex -10.699999809265137 -2.9999990463256836 8.003847122192383
    vertex -16.399999618530273 -2.9999990463256836 8.003847122192383
    vertex -10.699999809265137 -3.480341911315918 8.312543869018555
  endloop
endfacet
facet normal 0.0 0.0 0.0
  outer loop
    vertex -10.699999809265137 -3.480341911315918 8.312543869018555
    vertex -16.399999618530273 -2.9999990463256836 8.003847122192383
    vertex -16.399999618530273 -3.480341911315918 8.312543869018555
  endloop
endfacet
facet normal 0.0 0.0 0.0
  outer loop
    vertex -10.699999809265137 -3.480341911315918 8.312543869018555
    vertex -16.399999618530273 -3.480341911315918 8.312543869018555
    vertex -10.699999809265137 -3.929164171218872 8.665502548217773
  endloop
endfacet
facet normal 0.0 0.0 0.0
  outer loop
    vertex -10.699999809265137 -3.929164171218872 8.665502548217773
    vertex -16.399999618530273 -3.480341911315918 8.312543869018555
    vertex -16.399999618530273 -3.929164171218872 8.665502548217773
  endloop
endfacet
facet normal 0.0 0.0 0.0
  outer loop
    vertex -10.699999809265137 -3.929164171218872 8.665502548217773
    vertex -16.399999618530273 -3.929164171218872 8.665502548217773
    vertex -10.699999809265137 -4.342402458190918 9.059525489807129
  endloop
endfacet
facet normal 0.0 0.0 0.0
  outer loop
    vertex -10.699999809265137 -4.342402458190918 9.059525489807129
    vertex -16.399999618530273 -3.929164171218872 8.665502548217773
    vertex -16.399999618530273 -4.342402458190918 9.059525489807129
  endloop
endfacet
facet normal 0.0 0.0 0.0
  outer loop
    vertex -10.699999809265137 -4.342402458190918 9.059525489807129
    vertex -16.399999618530273 -4.342402458190918 9.059525489807129
    vertex -10.699999809265137 -4.716319561004639 9.491045951843262
  endloop
endfacet
facet normal 0.0 0.0 0.0
  outer loop
    vertex -10.699999809265137 -4.716319561004639 9.491045951843262
    vertex -16.399999618530273 -4.342402458190918 9.059525489807129
    vertex -16.399999618530273 -4.716319561004639 9.491045951843262
  endloop
endfacet
facet normal 0.0 0.0 0.0
  outer loop
    vertex -10.699999809265137 -4.716319561004639 9.491045951843262
    vertex -16.399999618530273 -4.716319561004639 9.491045951843262
    vertex -10.699999809265137 -5.047519207000732 9.956153869628906
  endloop
endfacet
facet normal 0.0 0.0 0.0
  outer loop
    vertex -10.699999809265137 -5.047519207000732 9.956153869628906
    vertex -16.399999618530273 -4.716319561004639 9.491045951843262
    vertex -16.399999618530273 -5.047519207000732 9.956153869628906
  endloop
endfacet
facet normal 0.0 0.0 0.0
  outer loop
    vertex -10.699999809265137 -5.047519207000732 9.956153869628906
    vertex -16.399999618530273 -5.047519207000732 9.956153869628906
    vertex -10.699999809265137 -5.333011150360107 10.450639724731445
  endloop
endfacet
facet normal 0.0 0.0 0.0
  outer loop
    vertex -10.699999809265137 -5.333011150360107 10.450639724731445
    vertex -16.399999618530273 -5.047519207000732 9.956153869628906
    vertex -16.399999618530273 -5.333011150360107 10.450639724731445
  endloop
endfacet
facet normal 0.0 0.0 0.0
  outer loop
    vertex -10.699999809265137 -5.333011150360107 10.450639724731445
    vertex -16.399999618530273 -5.333011150360107 10.450639724731445
    vertex -10.699999809265137 -5.57020902633667 10.970024108886719
  endloop
endfacet
facet normal 0.0 0.0 0.0
  outer loop
    vertex -10.699999809265137 -5.57020902633667 10.970024108886719
    vertex -16.399999618530273 -5.333011150360107 10.450639724731445
    vertex -16.399999618530273 -5.57020902633667 10.970024108886719
  endloop
endfacet
facet normal 0.0 0.0 0.0
  outer loop
    vertex -10.699999809265137 -5.57020902633667 10.970024108886719
    vertex -16.399999618530273 -5.57020902633667 10.970024108886719
    vertex -10.699999809265137 -5.756957530975342 11.509603500366211
  endloop
endfacet
facet normal 0.0 0.0 0.0
  outer loop
    vertex -10.699999809265137 -5.756957530975342 11.509603500366211
    vertex -16.399999618530273 -5.57020902633667 10.970024108886719
    vertex -16.399999618530273 -5.756957530975342 11.509603500366211
  endloop
endfacet
facet normal 0.0 0.0 0.0
  outer loop
    vertex -10.699999809265137 -5.756957530975342 11.509603500366211
    vertex -16.399999618530273 -5.756957530975342 11.509603500366211
    vertex -10.699999809265137 -5.891570568084717 12.064491271972656
  endloop
endfacet
facet normal 0.0 0.0 0.0
  outer loop
    vertex -10.699999809265137 -5.891570568084717 12.064491271972656
    vertex -16.399999618530273 -5.756957530975342 11.509603500366211
    vertex -16.399999618530273 -5.891570568084717 12.064491271972656
  endloop
endfacet
facet normal 0.0 0.0 0.0
  outer loop
    vertex -10.699999809265137 -5.891570568084717 12.064491271972656
    vertex -16.399999618530273 -5.891570568084717 12.064491271972656
    vertex -10.699999809265137 -5.9728312492370605 12.62966251373291
  endloop
endfacet
facet normal 0.0 0.0 0.0
  outer loop
    vertex -10.699999809265137 -5.9728312492370605 12.62966251373291
    vertex -16.399999618530273 -5.891570568084717 12.064491271972656
    vertex -16.399999618530273 -5.9728312492370605 12.62966251373291
  endloop
endfacet
facet normal 0.0 0.0 0.0
  outer loop
    vertex -10.699999809265137 -5.9728312492370605 12.62966251373291
    vertex -16.399999618530273 -5.9728312492370605 12.62966251373291
    vertex -10.699999809265137 -5.999999523162842 13.19999885559082
  endloop
endfacet
facet normal 0.0 0.0 0.0
  outer loop
    vertex -10.699999809265137 -5.999999523162842 13.19999885559082
    vertex -16.399999618530273 -5.9728312492370605 12.62966251373291
    vertex -16.399999618530273 -5.999999523162842 13.19999885559082
  endloop
endfacet
facet normal 0.0 0.0 0.0
  outer loop
    vertex -10.699999809265137 -5.999999523162842 13.19999885559082
    vertex -16.399999618530273 -5.999999523162842 13.19999885559082
    vertex -10.699999809265137 -5.972831726074219 13.77033519744873
  endloop
endfacet
facet normal 0.0 0.0 0.0
  outer loop
    vertex -10.699999809265137 -5.972831726074219 13.77033519744873
    vertex -16.399999618530273 -5.999999523162842 13.19999885559082
    vertex -16.399999618530273 -5.972831726074219 13.77033519744873
  endloop
endfacet
facet normal 0.0 0.0 0.0
  outer loop
    vertex -10.699999809265137 -5.972831726074219 13.77033519744873
    vertex -16.399999618530273 -5.972831726074219 13.77033519744873
    vertex -10.699999809265137 -5.891571044921875 14.335506439208984
  endloop
endfacet
facet normal 0.0 0.0 0.0
  outer loop
    vertex -10.699999809265137 -5.891571044921875 14.335506439208984
    vertex -16.399999618530273 -5.972831726074219 13.77033519744873
    vertex -16.399999618530273 -5.891571044921875 14.335506439208984
  endloop
endfacet
facet normal 0.0 0.0 0.0
  outer loop
    vertex -10.699999809265137 -5.891571044921875 14.335506439208984
    vertex -16.399999618530273 -5.891571044921875 14.335506439208984
    vertex -10.699999809265137 -5.7569580078125 14.89039421081543
  endloop
endfacet
facet normal 0.0 0.0 0.0
  outer loop
    vertex -10.699999809265137 -5.7569580078125 14.89039421081543
    vertex -16.399999618530273 -5.891571044921875 14.335506439208984
    vertex -16.399999618530273 -5.7569580078125 14.89039421081543
  endloop
endfacet
facet normal 0.0 0.0 0.0
  outer loop
    vertex -10.699999809265137 -5.7569580078125 14.89039421081543
    vertex -16.399999618530273 -5.7569580078125 14.89039421081543
    vertex -10.699999809265137 -5.570209503173828 15.429973602294922
  endloop
endfacet
facet normal 0.0 0.0 0.0
  outer loop
    vertex -10.699999809265137 -5.570209503173828 15.429973602294922
    vertex -16.399999618530273 -5.7569580078125 14.89039421081543
    vertex -16.399999618530273 -5.570209503173828 15.429973602294922
  endloop
endfacet
facet normal 0.0 0.0 0.0
  outer loop
    vertex -10.699999809265137 -5.570209503173828 15.429973602294922
    vertex -16.399999618530273 -5.570209503173828 15.429973602294922
    vertex -10.699999809265137 -5.333011627197266 15.949357986450195
  endloop
endfacet
facet normal 0.0 0.0 0.0
  outer loop
    vertex -10.699999809265137 -5.333011627197266 15.949357986450195
    vertex -16.399999618530273 -5.570209503173828 15.429973602294922
    vertex -16.399999618530273 -5.333011627197266 15.949357986450195
  endloop
endfacet
facet normal 0.0 0.0 0.0
  outer loop
    vertex -10.699999809265137 -5.333011627197266 15.949357986450195
    vertex -16.399999618530273 -5.333011627197266 15.949357986450195
    vertex -10.699999809265137 -5.047520160675049 16.443843841552734
  endloop
endfacet
facet normal 0.0 0.0 0.0
  outer loop
    vertex -10.699999809265137 -5.047520160675049 16.443843841552734
    vertex -16.399999618530273 -5.333011627197266 15.949357986450195
    vertex -16.399999618530273 -5.047520160675049 16.443843841552734
  endloop
endfacet
facet normal 0.0 0.0 0.0
  outer loop
    vertex -10.699999809265137 -5.047520160675049 16.443843841552734
    vertex -16.399999618530273 -5.047520160675049 16.443843841552734
    vertex -10.699999809265137 -4.716320514678955 16.908952713012695
  endloop
endfacet
facet normal 0.0 0.0 0.0
  outer loop
    vertex -10.699999809265137 -4.716320514678955 16.908952713012695
    vertex -16.399999618530273 -5.047520160675049 16.443843841552734
    vertex -16.399999618530273 -4.716320514678955 16.908952713012695
  endloop
endfacet
facet normal 0.0 0.0 0.0
  outer loop
    vertex -10.699999809265137 -4.716320514678955 16.908952713012695
    vertex -16.399999618530273 -4.716320514678955 16.908952713012695
    vertex -10.699999809265137 -4.342403888702393 17.340473175048828
  endloop
endfacet
facet normal 0.0 0.0 0.0
  outer loop
    vertex -10.699999809265137 -4.342403888702393 17.340473175048828
    vertex -16.399999618530273 -4.716320514678955 16.908952713012695
    vertex -16.399999618530273 -4.342403888702393 17.340473175048828
  endloop
endfacet
facet normal 0.0 0.0 0.0
  outer loop
    vertex -10.699999809265137 -4.342403888702393 17.340473175048828
    vertex -16.399999618530273 -4.342403888702393 17.340473175048828
    vertex -10.699999809265137 -3.9291653633117676 17.734495162963867
  endloop
endfacet
facet normal 0.0 0.0 0.0
  outer loop
    vertex -10.699999809265137 -3.9291653633117676 17.734495162963867
    vertex -16.399999618530273 -4.342403888702393 17.340473175048828
    vertex -16.399999618530273 -3.9291653633117676 17.734495162963867
  endloop
endfacet
facet normal 0.0 0.0 0.0
  outer loop
    vertex -10.699999809265137 -3.9291653633117676 17.734495162963867
    vertex -16.399999618530273 -3.9291653633117676 17.734495162963867
    vertex -10.699999809265137 -3.4803433418273926 18.087453842163086
  endloop
endfacet
facet normal 0.0 0.0 0.0
  outer loop
    vertex -10.699999809265137 -3.4803433418273926 18.087453842163086
    vertex -16.399999618530273 -3.9291653633117676 17.734495162963867
    vertex -16.399999618530273 -3.4803433418273926 18.087453842163086
  endloop
endfacet
facet normal 0.0 0.0 0.0
  outer loop
    vertex -10.699999809265137 -3.4803433418273926 18.087453842163086
    vertex -16.399999618530273 -3.4803433418273926 18.087453842163086
    vertex -10.699999809265137 -3.000000476837158 18.396150588989258
  endloop
endfacet
facet normal 0.0 0.0 0.0
  outer loop
    vertex -10.699999809265137 -3.000000476837158 18.396150588989258
    vertex -16.399999618530273 -3.4803433418273926 18.087453842163086
    vertex -16.399999618530273 -3.000000476837158 18.396150588989258
  endloop
endfacet
facet normal 0.0 0.0 0.0
  outer loop
    vertex -10.699999809265137 -1.500001072883606 20.99422836303711
    vertex -10.699999809265137 -1.525666356086731 20.602649688720703
    vertex -16.399999618530273 -1.500001072883606 20.99422836303711
  endloop
endfacet
facet normal 0.0 0.0 0.0
  outer loop
    vertex -16.399999618530273 -1.500001072883606 20.99422836303711
    vertex -10.699999809265137 -1.525666356086731 20.602649688720703
    vertex -16.399999618530273 -1.525666356086731 20.602649688720703
  endloop
endfacet
facet normal 0.0 0.0 0.0
  outer loop
    vertex -16.399999618530273 -1.525666356086731 20.602649688720703
    vertex -10.699999809265137 -1.525666356086731 20.602649688720703
    vertex -10.699999809265137 -1.6022233963012695 20.217769622802734
  endloop
endfacet
facet normal 0.0 0.0 0.0
  outer loop
    vertex -16.399999618530273 -1.525666356086731 20.602649688720703
    vertex -10.699999809265137 -1.6022233963012695 20.217769622802734
    vertex -16.399999618530273 -1.6022233963012695 20.217769622802734
  endloop
endfacet
facet normal 0.0 0.0 0.0
  outer loop
    vertex -16.399999618530273 -1.6022233963012695 20.217769622802734
    vertex -10.699999809265137 -1.6022233963012695 20.217769622802734
    vertex -10.699999809265137 -1.7283639907836914 19.846176147460938
  endloop
endfacet
facet normal 0.0 0.0 0.0
  outer loop
    vertex -16.399999618530273 -1.6022233963012695 20.217769622802734
    vertex -10.699999809265137 -1.7283639907836914 19.846176147460938
    vertex -16.399999618530273 -1.7283639907836914 19.846176147460938
  endloop
endfacet
facet normal 0.0 0.0 0.0
  outer loop
    vertex -16.399999618530273 -1.7283639907836914 19.846176147460938
    vertex -10.699999809265137 -1.7283639907836914 19.846176147460938
    vertex -10.699999809265137 -1.901924967765808 19.49422836303711
  endloop
endfacet
facet normal 0.0 0.0 0.0
  outer loop
    vertex -16.399999618530273 -1.7283639907836914 19.846176147460938
    vertex -10.699999809265137 -1.901924967765808 19.49422836303711
    vertex -16.399999618530273 -1.901924967765808 19.49422836303711
  endloop
endfacet
facet normal 0.0 0.0 0.0
  outer loop
    vertex -16.399999618530273 -1.901924967765808 19.49422836303711
    vertex -10.699999809265137 -1.901924967765808 19.49422836303711
    vertex -10.699999809265137 -2.1199426651000977 19.16794204711914
  endloop
endfacet
facet normal 0.0 0.0 0.0
  outer loop
    vertex -16.399999618530273 -1.901924967765808 19.49422836303711
    vertex -10.699999809265137 -2.1199426651000977 19.16794204711914
    vertex -16.399999618530273 -2.1199426651000977 19.16794204711914
  endloop
endfacet
facet normal 0.0 0.0 0.0
  outer loop
    vertex -16.399999618530273 -2.1199426651000977 19.16794204711914
    vertex -10.699999809265137 -2.1199426651000977 19.16794204711914
    vertex -10.699999809265137 -2.3786818981170654 18.872905731201172
  endloop
endfacet
facet normal 0.0 0.0 0.0
  outer loop
    vertex -16.399999618530273 -2.1199426651000977 19.16794204711914
    vertex -10.699999809265137 -2.3786818981170654 18.872905731201172
    vertex -16.399999618530273 -2.3786818981170654 18.872905731201172
  endloop
endfacet
facet normal 0.0 0.0 0.0
  outer loop
    vertex -16.399999618530273 -2.3786818981170654 18.872905731201172
    vertex -10.699999809265137 -2.3786818981170654 18.872905731201172
    vertex -10.699999809265137 -2.673718214035034 18.614166259765625
  endloop
endfacet
facet normal 0.0 0.0 0.0
  outer loop
    vertex -16.399999618530273 -2.3786818981170654 18.872905731201172
    vertex -10.699999809265137 -2.673718214035034 18.614166259765625
    vertex -16.399999618530273 -2.673718214035034 18.614166259765625
  endloop
endfacet
facet normal 0.0 0.0 0.0
  outer loop
    vertex -16.399999618530273 -2.673718214035034 18.614166259765625
    vertex -10.699999809265137 -2.673718214035034 18.614166259765625
    vertex -10.699999809265137 -3.000000476837158 18.396150588989258
  endloop
endfacet
facet normal 0.0 0.0 0.0
  outer loop
    vertex -16.399999618530273 -2.673718214035034 18.614166259765625
    vertex -10.699999809265137 -3.000000476837158 18.396150588989258
    vertex -16.399999618530273 -3.000000476837158 18.396150588989258
  endloop
endfacet
facet normal 0.0 0.0 0.0
  outer loop
    vertex -16.399999618530273 -8.974332809448242 2.6084203720092773
    vertex -8.199999809265137 -8.99622917175293 2.849667549133301
    vertex -16.399999618530273 -8.999998092651367 2.9999990463256836
  endloop
endfacet
facet normal 0.0 0.0 0.0
  outer loop
    vertex -16.399999618530273 -8.999998092651367 2.9999990463256836
    vertex -8.199999809265137 -8.99622917175293 2.849667549133301
    vertex 0.0 -8.99622917175293 2.849667549133301
  endloop
endfacet
facet normal 0.0 0.0 0.0
  outer loop
    vertex -16.399999618530273 -8.999998092651367 2.9999990463256836
    vertex 0.0 -8.99622917175293 2.849667549133301
    vertex 16.399999618530273 -8.999998092651367 2.9999990463256836
  endloop
endfacet
facet normal 0.0 0.0 0.0
  outer loop
    vertex 16.399999618530273 -8.999998092651367 2.9999990463256836
    vertex 0.0 -8.99622917175293 2.849667549133301
    vertex 8.199999809265137 -8.99622917175293 2.849667549133301
  endloop
endfacet
facet normal 0.0 0.0 0.0
  outer loop
    vertex 16.399999618530273 -8.999998092651367 2.9999990463256836
    vertex 8.199999809265137 -8.99622917175293 2.849667549133301
    vertex 16.399999618530273 -8.974332809448242 2.6084203720092773
  endloop
endfacet
facet normal 0.0 0.0 0.0
  outer loop
    vertex 16.399999618530273 -8.974332809448242 2.6084203720092773
    vertex 8.199999809265137 -8.99622917175293 2.849667549133301
    vertex 8.199999809265137 -8.949457168579102 2.4516496658325195
  endloop
endfacet
facet normal 0.0 0.0 0.0
  outer loop
    vertex 16.399999618530273 -8.974332809448242 2.6084203720092773
    vertex 8.199999809265137 -8.949457168579102 2.4516496658325195
    vertex 16.399999618530273 -8.897775650024414 2.2235422134399414
  endloop
endfacet
facet normal 0.0 0.0 0.0
  outer loop
    vertex 16.399999618530273 -8.897775650024414 2.2235422134399414
    vertex 8.199999809265137 -8.949457168579102 2.4516496658325195
    vertex 8.199999809265137 -8.850053787231445 2.063418388366699
  endloop
endfacet
facet normal 0.0 0.0 0.0
  outer loop
    vertex 16.399999618530273 -8.897775650024414 2.2235422134399414
    vertex 8.199999809265137 -8.850053787231445 2.063418388366699
    vertex 16.399999618530273 -8.771636962890625 1.8519487380981445
  endloop
endfacet
facet normal 0.0 0.0 0.0
  outer loop
    vertex 16.399999618530273 -8.771636962890625 1.8519487380981445
    vertex 8.199999809265137 -8.850053787231445 2.063418388366699
    vertex 8.199999809265137 -8.699789047241211 1.691899299621582
  endloop
endfacet
facet normal 0.0 0.0 0.0
  outer loop
    vertex 16.399999618530273 -8.771636962890625 1.8519487380981445
    vertex 8.199999809265137 -8.699789047241211 1.691899299621582
    vertex 16.399999618530273 -8.598073959350586 1.4999990463256836
  endloop
endfacet
facet normal 0.0 0.0 0.0
  outer loop
    vertex 16.399999618530273 -8.598073959350586 1.4999990463256836
    vertex 8.199999809265137 -8.699789047241211 1.691899299621582
    vertex 8.199999809265137 -8.501348495483398 1.343724250793457
  endloop
endfacet
facet normal 0.0 0.0 0.0
  outer loop
    vertex 16.399999618530273 -8.598073959350586 1.4999990463256836
    vertex 8.199999809265137 -8.501348495483398 1.343724250793457
    vertex 16.399999618530273 -8.380058288574219 1.1737146377563477
  endloop
endfacet
facet normal 0.0 0.0 0.0
  outer loop
    vertex 16.399999618530273 -8.380058288574219 1.1737146377563477
    vertex 8.199999809265137 -8.501348495483398 1.343724250793457
    vertex 8.199999809265137 -8.258270263671875 1.0251054763793945
  endloop
endfacet
facet normal 0.0 0.0 0.0
  outer loop
    vertex 16.399999618530273 -8.380058288574219 1.1737146377563477
    vertex 8.199999809265137 -8.258270263671875 1.0251054763793945
    vertex 16.399999618530273 -8.121318817138672 0.8786802291870117
  endloop
endfacet
facet normal 0.0 0.0 0.0
  outer loop
    vertex 16.399999618530273 -8.121318817138672 0.8786802291870117
    vertex 8.199999809265137 -8.258270263671875 1.0251054763793945
    vertex 8.199999809265137 -7.974893093109131 0.7417287826538086
  endloop
endfacet
facet normal 0.0 0.0 0.0
  outer loop
    vertex 16.399999618530273 -8.121318817138672 0.8786802291870117
    vertex 8.199999809265137 -7.974893093109131 0.7417287826538086
    vertex 16.399999618530273 -7.826282024383545 0.619938850402832
  endloop
endfacet
facet normal 0.0 0.0 0.0
  outer loop
    vertex 16.399999618530273 -7.826282024383545 0.619938850402832
    vertex 8.199999809265137 -7.974893093109131 0.7417287826538086
    vertex 8.199999809265137 -7.6562724113464355 0.49865055084228516
  endloop
endfacet
facet normal 0.0 0.0 0.0
  outer loop
    vertex 16.399999618530273 -7.826282024383545 0.619938850402832
    vertex 8.199999809265137 -7.6562724113464355 0.49865055084228516
    vertex 16.399999618530273 -7.499997615814209 0.40192317962646484
  endloop
endfacet
facet normal 0.0 0.0 0.0
  outer loop
    vertex 16.399999618530273 -7.499997615814209 0.40192317962646484
    vertex 8.199999809265137 -7.6562724113464355 0.49865055084228516
    vertex 8.199999809265137 -7.3080973625183105 0.30020809173583984
  endloop
endfacet
facet normal 0.0 0.0 0.0
  outer loop
    vertex 16.399999618530273 -7.499997615814209 0.40192317962646484
    vertex 8.199999809265137 -7.3080973625183105 0.30020809173583984
    vertex 16.399999618530273 -7.148047924041748 0.2283620834350586
  endloop
endfacet
facet normal 0.0 0.0 0.0
  outer loop
    vertex 16.399999618530273 -7.148047924041748 0.2283620834350586
    vertex 8.199999809265137 -7.3080973625183105 0.30020809173583984
    vertex 8.199999809265137 -6.936578273773193 0.14994525909423828
  endloop
endfacet
facet normal 0.0 0.0 0.0
  outer loop
    vertex 16.399999618530273 -7.148047924041748 0.2283620834350586
    vertex 8.199999809265137 -6.936578273773193 0.14994525909423828
    vertex 16.399999618530273 -6.776456356048584 0.10222148895263672
  endloop
endfacet
facet normal 0.0 0.0 0.0
  outer loop
    vertex 16.399999618530273 -6.776456356048584 0.10222148895263672
    vertex 8.199999809265137 -6.936578273773193 0.14994525909423828
    vertex 8.199999809265137 -6.548348903656006 0.05053997039794922
  endloop
endfacet
facet normal 0.0 0.0 0.0
  outer loop
    vertex 16.399999618530273 -6.776456356048584 0.10222148895263672
    vertex 8.199999809265137 -6.548348903656006 0.05053997039794922
    vertex 16.399999618530273 -6.391576290130615 0.025664329528808594
  endloop
endfacet
facet normal 0.0 0.0 0.0
  outer loop
    vertex 16.399999618530273 -6.391576290130615 0.025664329528808594
    vertex 8.199999809265137 -6.548348903656006 0.05053997039794922
    vertex 8.199999809265137 -6.150331020355225 0.0037679672241210938
  endloop
endfacet
facet normal 0.0 0.0 0.0
  outer loop
    vertex 16.399999618530273 -6.391576290130615 0.025664329528808594
    vertex 8.199999809265137 -6.150331020355225 0.0037679672241210938
    vertex 16.399999618530273 -5.999997615814209 -9.5367431640625e-07
  endloop
endfacet
facet normal 0.0 0.0 0.0
  outer loop
    vertex 16.399999618530273 -5.999997615814209 -9.5367431640625e-07
    vertex 8.199999809265137 -6.150331020355225 0.0037679672241210938
    vertex 0.0 -6.150331020355225 0.0037679672241210938
  endloop
endfacet
facet normal 0.0 0.0 0.0
  outer loop
    vertex 16.399999618530273 -5.999997615814209 -9.5367431640625e-07
    vertex 0.0 -6.150331020355225 0.0037679672241210938
    vertex -16.399999618530273 -5.999997615814209 -9.5367431640625e-07
  endloop
endfacet
facet normal 0.0 0.0 0.0
  outer loop
    vertex -16.399999618530273 -5.999997615814209 -9.5367431640625e-07
    vertex 0.0 -6.150331020355225 0.0037679672241210938
    vertex -8.199999809265137 -6.150331020355225 0.0037679672241210938
  endloop
endfacet
facet normal 0.0 0.0 0.0
  outer loop
    vertex -16.399999618530273 -5.999997615814209 -9.5367431640625e-07
    vertex -8.199999809265137 -6.150331020355225 0.0037679672241210938
    vertex -16.399999618530273 -6.391576290130615 0.025664329528808594
  endloop
endfacet
facet normal 0.0 0.0 0.0
  outer loop
    vertex -16.399999618530273 -6.391576290130615 0.025664329528808594
    vertex -8.199999809265137 -6.150331020355225 0.0037679672241210938
    vertex -8.199999809265137 -6.548348903656006 0.05053997039794922
  endloop
endfacet
facet normal 0.0 0.0 0.0
  outer loop
    vertex -16.399999618530273 -6.391576290130615 0.025664329528808594
    vertex -8.199999809265137 -6.548348903656006 0.05053997039794922
    vertex -16.399999618530273 -6.776456356048584 0.10222148895263672
  endloop
endfacet
facet normal 0.0 0.0 0.0
  outer loop
    vertex -16.399999618530273 -6.776456356048584 0.10222148895263672
    vertex -8.199999809265137 -6.548348903656006 0.05053997039794922
    vertex -8.199999809265137 -6.936578273773193 0.14994525909423828
  endloop
endfacet
facet normal 0.0 0.0 0.0
  outer loop
    vertex -16.399999618530273 -6.776456356048584 0.10222148895263672
    vertex -8.199999809265137 -6.936578273773193 0.14994525909423828
    vertex -16.399999618530273 -7.148047924041748 0.2283620834350586
  endloop
endfacet
facet normal 0.0 0.0 0.0
  outer loop
    vertex -16.399999618530273 -7.148047924041748 0.2283620834350586
    vertex -8.199999809265137 -6.936578273773193 0.14994525909423828
    vertex -8.199999809265137 -7.3080973625183105 0.30020809173583984
  endloop
endfacet
facet normal 0.0 0.0 0.0
  outer loop
    vertex -16.399999618530273 -7.148047924041748 0.2283620834350586
    vertex -8.199999809265137 -7.3080973625183105 0.30020809173583984
    vertex -16.399999618530273 -7.499997615814209 0.40192317962646484
  endloop
endfacet
facet normal 0.0 0.0 0.0
  outer loop
    vertex -16.399999618530273 -7.499997615814209 0.40192317962646484
    vertex -8.199999809265137 -7.3080973625183105 0.30020809173583984
    vertex -8.199999809265137 -7.6562724113464355 0.49865055084228516
  endloop
endfacet
facet normal 0.0 0.0 0.0
  outer loop
    vertex -16.399999618530273 -7.499997615814209 0.40192317962646484
    vertex -8.199999809265137 -7.6562724113464355 0.49865055084228516
    vertex -16.399999618530273 -7.826282024383545 0.619938850402832
  endloop
endfacet
facet normal 0.0 0.0 0.0
  outer loop
    vertex -16.399999618530273 -7.826282024383545 0.619938850402832
    vertex -8.199999809265137 -7.6562724113464355 0.49865055084228516
    vertex -8.199999809265137 -7.974893093109131 0.7417287826538086
  endloop
endfacet
facet normal 0.0 0.0 0.0
  outer loop
    vertex -16.399999618530273 -7.826282024383545 0.619938850402832
    vertex -8.199999809265137 -7.974893093109131 0.7417287826538086
    vertex -16.399999618530273 -8.121318817138672 0.8786802291870117
  endloop
endfacet
facet normal 0.0 0.0 0.0
  outer loop
    vertex -16.399999618530273 -8.121318817138672 0.8786802291870117
    vertex -8.199999809265137 -7.974893093109131 0.7417287826538086
    vertex -8.199999809265137 -8.258270263671875 1.0251054763793945
  endloop
endfacet
facet normal 0.0 0.0 0.0
  outer loop
    vertex -16.399999618530273 -8.121318817138672 0.8786802291870117
    vertex -8.199999809265137 -8.258270263671875 1.0251054763793945
    vertex -16.399999618530273 -8.380058288574219 1.1737146377563477
  endloop
endfacet
facet normal 0.0 0.0 0.0
  outer loop
    vertex -16.399999618530273 -8.380058288574219 1.1737146377563477
    vertex -8.199999809265137 -8.258270263671875 1.0251054763793945
    vertex -8.199999809265137 -8.501348495483398 1.343724250793457
  endloop
endfacet
facet normal 0.0 0.0 0.0
  outer loop
    vertex -16.399999618530273 -8.380058288574219 1.1737146377563477
    vertex -8.199999809265137 -8.501348495483398 1.343724250793457
    vertex -16.399999618530273 -8.598073959350586 1.4999990463256836
  endloop
endfacet
facet normal 0.0 0.0 0.0
  outer loop
    vertex -16.399999618530273 -8.598073959350586 1.4999990463256836
    vertex -8.199999809265137 -8.501348495483398 1.343724250793457
    vertex -8.199999809265137 -8.699789047241211 1.691899299621582
  endloop
endfacet
facet normal 0.0 0.0 0.0
  outer loop
    vertex -16.399999618530273 -8.598073959350586 1.4999990463256836
    vertex -8.199999809265137 -8.699789047241211 1.691899299621582
    vertex -16.399999618530273 -8.771636962890625 1.8519487380981445
  endloop
endfacet
facet normal 0.0 0.0 0.0
  outer loop
    vertex -16.399999618530273 -8.771636962890625 1.8519487380981445
    vertex -8.199999809265137 -8.699789047241211 1.691899299621582
    vertex -8.199999809265137 -8.850053787231445 2.063418388366699
  endloop
endfacet
facet normal 0.0 0.0 0.0
  outer loop
    vertex -16.399999618530273 -8.771636962890625 1.8519487380981445
    vertex -8.199999809265137 -8.850053787231445 2.063418388366699
    vertex -16.399999618530273 -8.897775650024414 2.2235422134399414
  endloop
endfacet
facet normal 0.0 0.0 0.0
  outer loop
    vertex -16.399999618530273 -8.897775650024414 2.2235422134399414
    vertex -8.199999809265137 -8.850053787231445 2.063418388366699
    vertex -8.199999809265137 -8.949457168579102 2.4516496658325195
  endloop
endfacet
facet normal 0.0 0.0 0.0
  outer loop
    vertex -16.399999618530273 -8.897775650024414 2.2235422134399414
    vertex -8.199999809265137 -8.949457168579102 2.4516496658325195
    vertex -16.399999618530273 -8.974332809448242 2.6084203720092773
  endloop
endfacet
facet normal 0.0 0.0 0.0
  outer loop
    vertex -16.399999618530273 -8.974332809448242 2.6084203720092773
    vertex -8.199999809265137 -8.949457168579102 2.4516496658325195
    vertex -8.199999809265137 -8.99622917175293 2.849667549133301
  endloop
endfacet
facet normal 0.0 0.0 0.0
  outer loop
    vertex 8.199999809265137 -8.949457168579102 2.4516496658325195
    vertex 8.199999809265137 -8.99622917175293 2.849667549133301
    vertex 0.0 -8.99622917175293 2.849667549133301
  endloop
endfacet
facet normal 0.0 0.0 0.0
  outer loop
    vertex 0.0 -8.99622917175293 2.849667549133301
    vertex -8.199999809265137 -8.99622917175293 2.849667549133301
    vertex 0.0 -8.949457168579102 2.4516496658325195
  endloop
endfacet
facet normal 0.0 0.0 0.0
  outer loop
    vertex 0.0 -8.949457168579102 2.4516496658325195
    vertex -8.199999809265137 -8.99622917175293 2.849667549133301
    vertex -8.199999809265137 -8.949457168579102 2.4516496658325195
  endloop
endfacet
facet normal 0.0 0.0 0.0
  outer loop
    vertex 0.0 -8.949457168579102 2.4516496658325195
    vertex -8.199999809265137 -8.949457168579102 2.4516496658325195
    vertex 0.0 -8.850053787231445 2.063418388366699
  endloop
endfacet
facet normal 0.0 0.0 0.0
  outer loop
    vertex 0.0 -8.850053787231445 2.063418388366699
    vertex -8.199999809265137 -8.949457168579102 2.4516496658325195
    vertex -8.199999809265137 -8.850053787231445 2.063418388366699
  endloop
endfacet
facet normal 0.0 0.0 0.0
  outer loop
    vertex 0.0 -8.850053787231445 2.063418388366699
    vertex -8.199999809265137 -8.850053787231445 2.063418388366699
    vertex 0.0 -8.699789047241211 1.691899299621582
  endloop
endfacet
facet normal 0.0 0.0 0.0
  outer loop
    vertex 0.0 -8.699789047241211 1.691899299621582
    vertex -8.199999809265137 -8.850053787231445 2.063418388366699
    vertex -8.199999809265137 -8.699789047241211 1.691899299621582
  endloop
endfacet
facet normal 0.0 0.0 0.0
  outer loop
    vertex 0.0 -8.699789047241211 1.691899299621582
    vertex -8.199999809265137 -8.699789047241211 1.691899299621582
    vertex 0.0 -8.501348495483398 1.343724250793457
  endloop
endfacet
facet normal 0.0 0.0 0.0
  outer loop
    vertex 0.0 -8.501348495483398 1.343724250793457
    vertex -8.199999809265137 -8.699789047241211 1.691899299621582
    vertex -8.199999809265137 -8.501348495483398 1.343724250793457
  endloop
endfacet
facet normal 0.0 0.0 0.0
  outer loop
    vertex 0.0 -8.501348495483398 1.343724250793457
    vertex -8.199999809265137 -8.501348495483398 1.343724250793457
    vertex 0.0 -8.258270263671875 1.0251054763793945
  endloop
endfacet
facet normal 0.0 0.0 0.0
  outer loop
    vertex 0.0 -8.258270263671875 1.0251054763793945
    vertex -8.199999809265137 -8.501348495483398 1.343724250793457
    vertex -8.199999809265137 -8.258270263671875 1.0251054763793945
  endloop
endfacet
facet normal 0.0 0.0 0.0
  outer loop
    vertex 0.0 -8.258270263671875 1.0251054763793945
    vertex -8.199999809265137 -8.258270263671875 1.0251054763793945
    vertex 0.0 -7.974893093109131 0.7417287826538086
  endloop
endfacet
facet normal 0.0 0.0 0.0
  outer loop
    vertex 0.0 -7.974893093109131 0.7417287826538086
    vertex -8.199999809265137 -8.258270263671875 1.0251054763793945
    vertex -8.199999809265137 -7.974893093109131 0.7417287826538086
  endloop
endfacet
facet normal 0.0 0.0 0.0
  outer loop
    vertex 0.0 -7.974893093109131 0.7417287826538086
    vertex -8.199999809265137 -7.974893093109131 0.7417287826538086
    vertex 0.0 -7.6562724113464355 0.49865055084228516
  endloop
endfacet
facet normal 0.0 0.0 0.0
  outer loop
    vertex 0.0 -7.6562724113464355 0.49865055084228516
    vertex -8.199999809265137 -7.974893093109131 0.7417287826538086
    vertex -8.199999809265137 -7.6562724113464355 0.49865055084228516
  endloop
endfacet
facet normal 0.0 0.0 0.0
  outer loop
    vertex 0.0 -7.6562724113464355 0.49865055084228516
    vertex -8.199999809265137 -7.6562724113464355 0.49865055084228516
    vertex 0.0 -7.3080973625183105 0.30020809173583984
  endloop
endfacet
facet normal 0.0 0.0 0.0
  outer loop
    vertex 0.0 -7.3080973625183105 0.30020809173583984
    vertex -8.199999809265137 -7.6562724113464355 0.49865055084228516
    vertex -8.199999809265137 -7.3080973625183105 0.30020809173583984
  endloop
endfacet
facet normal 0.0 0.0 0.0
  outer loop
    vertex 0.0 -7.3080973625183105 0.30020809173583984
    vertex -8.199999809265137 -7.3080973625183105 0.30020809173583984
    vertex 0.0 -6.936578273773193 0.14994525909423828
  endloop
endfacet
facet normal 0.0 0.0 0.0
  outer loop
    vertex 0.0 -6.936578273773193 0.14994525909423828
    vertex -8.199999809265137 -7.3080973625183105 0.30020809173583984
    vertex -8.199999809265137 -6.936578273773193 0.14994525909423828
  endloop
endfacet
facet normal 0.0 0.0 0.0
  outer loop
    vertex 0.0 -6.936578273773193 0.14994525909423828
    vertex -8.199999809265137 -6.936578273773193 0.14994525909423828
    vertex 0.0 -6.548348903656006 0.05053997039794922
  endloop
endfacet
facet normal 0.0 0.0 0.0
  outer loop
    vertex 0.0 -6.548348903656006 0.05053997039794922
    vertex -8.199999809265137 -6.936578273773193 0.14994525909423828
    vertex -8.199999809265137 -6.548348903656006 0.05053997039794922
  endloop
endfacet
facet normal 0.0 0.0 0.0
  outer loop
    vertex 0.0 -6.548348903656006 0.05053997039794922
    vertex -8.199999809265137 -6.548348903656006 0.05053997039794922
    vertex 0.0 -6.150331020355225 0.0037679672241210938
  endloop
endfacet
facet normal 0.0 0.0 0.0
  outer loop
    vertex 0.0 -6.150331020355225 0.0037679672241210938
    vertex -8.199999809265137 -6.548348903656006 0.05053997039794922
    vertex -8.199999809265137 -6.150331020355225 0.0037679672241210938
  endloop
endfacet
facet normal 0.0 0.0 0.0
  outer loop
    vertex 8.199999809265137 -8.850053787231445 2.063418388366699
    vertex 8.199999809265137 -8.949457168579102 2.4516496658325195
    vertex 0.0 -8.949457168579102 2.4516496658325195
  endloop
endfacet
facet normal 0.0 0.0 0.0
  outer loop
    vertex 0.0 -8.949457168579102 2.4516496658325195
    vertex 8.199999809265137 -8.949457168579102 2.4516496658325195
    vertex 0.0 -8.99622917175293 2.849667549133301
  endloop
endfacet
facet normal 0.0 0.0 0.0
  outer loop
    vertex 8.199999809265137 -8.850053787231445 2.063418388366699
    vertex 0.0 -8.949457168579102 2.4516496658325195
    vertex 0.0 -8.850053787231445 2.063418388366699
  endloop
endfacet
facet normal 0.0 0.0 0.0
  outer loop
    vertex 8.199999809265137 -8.699789047241211 1.691899299621582
    vertex 8.199999809265137 -8.850053787231445 2.063418388366699
    vertex 0.0 -8.850053787231445 2.063418388366699
  endloop
endfacet
facet normal 0.0 0.0 0.0
  outer loop
    vertex 8.199999809265137 -8.699789047241211 1.691899299621582
    vertex 0.0 -8.850053787231445 2.063418388366699
    vertex 0.0 -8.699789047241211 1.691899299621582
  endloop
endfacet
facet normal 0.0 0.0 0.0
  outer loop
    vertex 8.199999809265137 -8.501348495483398 1.343724250793457
    vertex 8.199999809265137 -8.699789047241211 1.691899299621582
    vertex 0.0 -8.699789047241211 1.691899299621582
  endloop
endfacet
facet normal 0.0 0.0 0.0
  outer loop
    vertex 8.199999809265137 -8.501348495483398 1.343724250793457
    vertex 0.0 -8.699789047241211 1.691899299621582
    vertex 0.0 -8.501348495483398 1.343724250793457
  endloop
endfacet
facet normal 0.0 0.0 0.0
  outer loop
    vertex 8.199999809265137 -8.258270263671875 1.0251054763793945
    vertex 8.199999809265137 -8.501348495483398 1.343724250793457
    vertex 0.0 -8.501348495483398 1.343724250793457
  endloop
endfacet
facet normal 0.0 0.0 0.0
  outer loop
    vertex 8.199999809265137 -8.258270263671875 1.0251054763793945
    vertex 0.0 -8.501348495483398 1.343724250793457
    vertex 0.0 -8.258270263671875 1.0251054763793945
  endloop
endfacet
facet normal 0.0 0.0 0.0
  outer loop
    vertex 8.199999809265137 -7.974893093109131 0.7417287826538086
    vertex 8.199999809265137 -8.258270263671875 1.0251054763793945
    vertex 0.0 -8.258270263671875 1.0251054763793945
  endloop
endfacet
facet normal 0.0 0.0 0.0
  outer loop
    vertex 8.199999809265137 -7.974893093109131 0.7417287826538086
    vertex 0.0 -8.258270263671875 1.0251054763793945
    vertex 0.0 -7.974893093109131 0.7417287826538086
  endloop
endfacet
facet normal 0.0 0.0 0.0
  outer loop
    vertex 8.199999809265137 -7.6562724113464355 0.49865055084228516
    vertex 8.199999809265137 -7.974893093109131 0.7417287826538086
    vertex 0.0 -7.974893093109131 0.7417287826538086
  endloop
endfacet
facet normal 0.0 0.0 0.0
  outer loop
    vertex 8.199999809265137 -7.6562724113464355 0.49865055084228516
    vertex 0.0 -7.974893093109131 0.7417287826538086
    vertex 0.0 -7.6562724113464355 0.49865055084228516
  endloop
endfacet
facet normal 0.0 0.0 0.0
  outer loop
    vertex 8.199999809265137 -7.3080973625183105 0.30020809173583984
    vertex 8.199999809265137 -7.6562724113464355 0.49865055084228516
    vertex 0.0 -7.6562724113464355 0.49865055084228516
  endloop
endfacet
facet normal 0.0 0.0 0.0
  outer loop
    vertex 8.199999809265137 -7.3080973625183105 0.30020809173583984
    vertex 0.0 -7.6562724113464355 0.49865055084228516
    vertex 0.0 -7.3080973625183105 0.30020809173583984
  endloop
endfacet
facet normal 0.0 0.0 0.0
  outer loop
    vertex 8.199999809265137 -6.936578273773193 0.14994525909423828
    vertex 8.199999809265137 -7.3080973625183105 0.30020809173583984
    vertex 0.0 -7.3080973625183105 0.30020809173583984
  endloop
endfacet
facet normal 0.0 0.0 0.0
  outer loop
    vertex 8.199999809265137 -6.936578273773193 0.14994525909423828
    vertex 0.0 -7.3080973625183105 0.30020809173583984
    vertex 0.0 -6.936578273773193 0.14994525909423828
  endloop
endfacet
facet normal 0.0 0.0 0.0
  outer loop
    vertex 8.199999809265137 -6.548348903656006 0.05053997039794922
    vertex 8.199999809265137 -6.936578273773193 0.14994525909423828
    vertex 0.0 -6.936578273773193 0.14994525909423828
  endloop
endfacet
facet normal 0.0 0.0 0.0
  outer loop
    vertex 8.199999809265137 -6.548348903656006 0.05053997039794922
    vertex 0.0 -6.936578273773193 0.14994525909423828
    vertex 0.0 -6.548348903656006 0.05053997039794922
  endloop
endfacet
facet normal 0.0 0.0 0.0
  outer loop
    vertex 8.199999809265137 -6.150331020355225 0.0037679672241210938
    vertex 8.199999809265137 -6.548348903656006 0.05053997039794922
    vertex 0.0 -6.548348903656006 0.05053997039794922
  endloop
endfacet
facet normal 0.0 0.0 0.0
  outer loop
    vertex 8.199999809265137 -6.150331020355225 0.0037679672241210938
    vertex 0.0 -6.548348903656006 0.05053997039794922
    vertex 0.0 -6.150331020355225 0.0037679672241210938
  endloop
endfacet
facet normal 0.0 0.0 0.0
  outer loop
    vertex -16.399999618530273 -5.999997615814209 -9.5367431640625e-07
    vertex -16.399999618530273 6.000000476837158 9.5367431640625e-07
    vertex 16.399999618530273 -5.999997615814209 -9.5367431640625e-07
  endloop
endfacet
facet normal 0.0 0.0 0.0
  outer loop
    vertex 16.399999618530273 -5.999997615814209 -9.5367431640625e-07
    vertex -16.399999618530273 6.000000476837158 9.5367431640625e-07
    vertex 16.399999618530273 6.000000476837158 9.5367431640625e-07
  endloop
endfacet
facet normal 0.0 0.0 0.0
  outer loop
    vertex 16.399999618530273 8.974334716796875 2.60842227935791
    vertex 8.199999809265137 8.996231079101562 2.8496694564819336
    vertex 16.399999618530273 9.0 3.0000009536743164
  endloop
endfacet
facet normal 0.0 0.0 0.0
  outer loop
    vertex 16.399999618530273 9.0 3.0000009536743164
    vertex 8.199999809265137 8.996231079101562 2.8496694564819336
    vertex 0.0 8.996231079101562 2.8496694564819336
  endloop
endfacet
facet normal 0.0 0.0 0.0
  outer loop
    vertex 16.399999618530273 9.0 3.0000009536743164
    vertex 0.0 8.996231079101562 2.8496694564819336
    vertex -16.399999618530273 9.0 3.0000009536743164
  endloop
endfacet
facet normal 0.0 0.0 0.0
  outer loop
    vertex -16.399999618530273 9.0 3.0000009536743164
    vertex 0.0 8.996231079101562 2.8496694564819336
    vertex -8.199999809265137 8.996231079101562 2.8496694564819336
  endloop
endfacet
facet normal 0.0 0.0 0.0
  outer loop
    vertex -16.399999618530273 9.0 3.0000009536743164
    vertex -8.199999809265137 8.996231079101562 2.8496694564819336
    vertex -16.399999618530273 8.974334716796875 2.60842227935791
  endloop
endfacet
facet normal 0.0 0.0 0.0
  outer loop
    vertex -16.399999618530273 8.974334716796875 2.60842227935791
    vertex -8.199999809265137 8.996231079101562 2.8496694564819336
    vertex -8.199999809265137 8.949459075927734 2.4516515731811523
  endloop
endfacet
facet normal 0.0 0.0 0.0
  outer loop
    vertex -16.399999618530273 8.974334716796875 2.60842227935791
    vertex -8.199999809265137 8.949459075927734 2.4516515731811523
    vertex -16.399999618530273 8.897777557373047 2.223544120788574
  endloop
endfacet
facet normal 0.0 0.0 0.0
  outer loop
    vertex -16.399999618530273 8.897777557373047 2.223544120788574
    vertex -8.199999809265137 8.949459075927734 2.4516515731811523
    vertex -8.199999809265137 8.850055694580078 2.063420295715332
  endloop
endfacet
facet normal 0.0 0.0 0.0
  outer loop
    vertex -16.399999618530273 8.897777557373047 2.223544120788574
    vertex -8.199999809265137 8.850055694580078 2.063420295715332
    vertex -16.399999618530273 8.771636962890625 1.8519506454467773
  endloop
endfacet
facet normal 0.0 0.0 0.0
  outer loop
    vertex -16.399999618530273 8.771636962890625 1.8519506454467773
    vertex -8.199999809265137 8.850055694580078 2.063420295715332
    vertex -8.199999809265137 8.699790954589844 1.6919012069702148
  endloop
endfacet
facet normal 0.0 0.0 0.0
  outer loop
    vertex -16.399999618530273 8.771636962890625 1.8519506454467773
    vertex -8.199999809265137 8.699790954589844 1.6919012069702148
    vertex -16.399999618530273 8.598075866699219 1.5000009536743164
  endloop
endfacet
facet normal 0.0 0.0 0.0
  outer loop
    vertex -16.399999618530273 8.598075866699219 1.5000009536743164
    vertex -8.199999809265137 8.699790954589844 1.6919012069702148
    vertex -8.199999809265137 8.501350402832031 1.3437261581420898
  endloop
endfacet
facet normal 0.0 0.0 0.0
  outer loop
    vertex -16.399999618530273 8.598075866699219 1.5000009536743164
    vertex -8.199999809265137 8.501350402832031 1.3437261581420898
    vertex -16.399999618530273 8.380058288574219 1.1737165451049805
  endloop
endfacet
facet normal 0.0 0.0 0.0
  outer loop
    vertex -16.399999618530273 8.380058288574219 1.1737165451049805
    vertex -8.199999809265137 8.501350402832031 1.3437261581420898
    vertex -8.199999809265137 8.258270263671875 1.0251073837280273
  endloop
endfacet
facet normal 0.0 0.0 0.0
  outer loop
    vertex -16.399999618530273 8.380058288574219 1.1737165451049805
    vertex -8.199999809265137 8.258270263671875 1.0251073837280273
    vertex -16.399999618530273 8.121318817138672 0.8786821365356445
  endloop
endfacet
facet normal 0.0 0.0 0.0
  outer loop
    vertex -16.399999618530273 8.121318817138672 0.8786821365356445
    vertex -8.199999809265137 8.258270263671875 1.0251073837280273
    vertex -8.199999809265137 7.97489595413208 0.7417306900024414
  endloop
endfacet
facet normal 0.0 0.0 0.0
  outer loop
    vertex -16.399999618530273 8.121318817138672 0.8786821365356445
    vertex -8.199999809265137 7.97489595413208 0.7417306900024414
    vertex -16.399999618530273 7.826282978057861 0.6199407577514648
  endloop
endfacet
facet normal 0.0 0.0 0.0
  outer loop
    vertex -16.399999618530273 7.826282978057861 0.6199407577514648
    vertex -8.199999809265137 7.97489595413208 0.7417306900024414
    vertex -8.199999809265137 7.656277179718018 0.49865245819091797
  endloop
endfacet
facet normal 0.0 0.0 0.0
  outer loop
    vertex -16.399999618530273 7.826282978057861 0.6199407577514648
    vertex -8.199999809265137 7.656277179718018 0.49865245819091797
    vertex -16.399999618530273 7.500000476837158 0.40192508697509766
  endloop
endfacet
facet normal 0.0 0.0 0.0
  outer loop
    vertex -16.399999618530273 7.500000476837158 0.40192508697509766
    vertex -8.199999809265137 7.656277179718018 0.49865245819091797
    vertex -8.199999809265137 7.308102130889893 0.30020999908447266
  endloop
endfacet
facet normal 0.0 0.0 0.0
  outer loop
    vertex -16.399999618530273 7.500000476837158 0.40192508697509766
    vertex -8.199999809265137 7.308102130889893 0.30020999908447266
    vertex -16.399999618530273 7.1480488777160645 0.2283639907836914
  endloop
endfacet
facet normal 0.0 0.0 0.0
  outer loop
    vertex -16.399999618530273 7.1480488777160645 0.2283639907836914
    vertex -8.199999809265137 7.308102130889893 0.30020999908447266
    vertex -8.199999809265137 6.936581134796143 0.1499471664428711
  endloop
endfacet
facet normal 0.0 0.0 0.0
  outer loop
    vertex -16.399999618530273 7.1480488777160645 0.2283639907836914
    vertex -8.199999809265137 6.936581134796143 0.1499471664428711
    vertex -16.399999618530273 6.776459217071533 0.10222339630126953
  endloop
endfacet
facet normal 0.0 0.0 0.0
  outer loop
    vertex -16.399999618530273 6.776459217071533 0.10222339630126953
    vertex -8.199999809265137 6.936581134796143 0.1499471664428711
    vertex -8.199999809265137 6.548351764678955 0.05054187774658203
  endloop
endfacet
facet normal 0.0 0.0 0.0
  outer loop
    vertex -16.399999618530273 6.776459217071533 0.10222339630126953
    vertex -8.199999809265137 6.548351764678955 0.05054187774658203
    vertex -16.399999618530273 6.3915791511535645 0.025666236877441406
  endloop
endfacet
facet normal 0.0 0.0 0.0
  outer loop
    vertex -16.399999618530273 6.3915791511535645 0.025666236877441406
    vertex -8.199999809265137 6.548351764678955 0.05054187774658203
    vertex -8.199999809265137 6.150333881378174 0.0037698745727539062
  endloop
endfacet
facet normal 0.0 0.0 0.0
  outer loop
    vertex -16.399999618530273 6.3915791511535645 0.025666236877441406
    vertex -8.199999809265137 6.150333881378174 0.0037698745727539062
    vertex -16.399999618530273 6.000000476837158 9.5367431640625e-07
  endloop
endfacet
facet normal 0.0 0.0 0.0
  outer loop
    vertex -16.399999618530273 6.000000476837158 9.5367431640625e-07
    vertex -8.199999809265137 6.150333881378174 0.0037698745727539062
    vertex 0.0 6.150333881378174 0.0037698745727539062
  endloop
endfacet
facet normal 0.0 0.0 0.0
  outer loop
    vertex -16.399999618530273 6.000000476837158 9.5367431640625e-07
    vertex 0.0 6.150333881378174 0.0037698745727539062
    vertex 16.399999618530273 6.000000476837158 9.5367431640625e-07
  endloop
endfacet
facet normal 0.0 0.0 0.0
  outer loop
    vertex 16.399999618530273 6.000000476837158 9.5367431640625e-07
    vertex 0.0 6.150333881378174 0.0037698745727539062
    vertex 8.199999809265137 6.150333881378174 0.0037698745727539062
  endloop
endfacet
facet normal 0.0 0.0 0.0
  outer loop
    vertex 16.399999618530273 6.000000476837158 9.5367431640625e-07
    vertex 8.199999809265137 6.150333881378174 0.0037698745727539062
    vertex 16.399999618530273 6.3915791511535645 0.025666236877441406
  endloop
endfacet
facet normal 0.0 0.0 0.0
  outer loop
    vertex 16.399999618530273 6.3915791511535645 0.025666236877441406
    vertex 8.199999809265137 6.150333881378174 0.0037698745727539062
    vertex 8.199999809265137 6.548351764678955 0.05054187774658203
  endloop
endfacet
facet normal 0.0 0.0 0.0
  outer loop
    vertex 16.399999618530273 6.3915791511535645 0.025666236877441406
    vertex 8.199999809265137 6.548351764678955 0.05054187774658203
    vertex 16.399999618530273 6.776459217071533 0.10222339630126953
  endloop
endfacet
facet normal 0.0 0.0 0.0
  outer loop
    vertex 16.399999618530273 6.776459217071533 0.10222339630126953
    vertex 8.199999809265137 6.548351764678955 0.05054187774658203
    vertex 8.199999809265137 6.936581134796143 0.1499471664428711
  endloop
endfacet
facet normal 0.0 0.0 0.0
  outer loop
    vertex 16.399999618530273 6.776459217071533 0.10222339630126953
    vertex 8.199999809265137 6.936581134796143 0.1499471664428711
    vertex 16.399999618530273 7.1480488777160645 0.2283639907836914
  endloop
endfacet
facet normal 0.0 0.0 0.0
  outer loop
    vertex 16.399999618530273 7.1480488777160645 0.2283639907836914
    vertex 8.199999809265137 6.936581134796143 0.1499471664428711
    vertex 8.199999809265137 7.308102130889893 0.30020999908447266
  endloop
endfacet
facet normal 0.0 0.0 0.0
  outer loop
    vertex 16.399999618530273 7.1480488777160645 0.2283639907836914
    vertex 8.199999809265137 7.308102130889893 0.30020999908447266
    vertex 16.399999618530273 7.500000476837158 0.40192508697509766
  endloop
endfacet
facet normal 0.0 0.0 0.0
  outer loop
    vertex 16.399999618530273 7.500000476837158 0.40192508697509766
    vertex 8.199999809265137 7.308102130889893 0.30020999908447266
    vertex 8.199999809265137 7.656277179718018 0.49865245819091797
  endloop
endfacet
facet normal 0.0 0.0 0.0
  outer loop
    vertex 16.399999618530273 7.500000476837158 0.40192508697509766
    vertex 8.199999809265137 7.656277179718018 0.49865245819091797
    vertex 16.399999618530273 7.826282978057861 0.6199407577514648
  endloop
endfacet
facet normal 0.0 0.0 0.0
  outer loop
    vertex 16.399999618530273 7.826282978057861 0.6199407577514648
    vertex 8.199999809265137 7.656277179718018 0.49865245819091797
    vertex 8.199999809265137 7.97489595413208 0.7417306900024414
  endloop
endfacet
facet normal 0.0 0.0 0.0
  outer loop
    vertex 16.399999618530273 7.826282978057861 0.6199407577514648
    vertex 8.199999809265137 7.97489595413208 0.7417306900024414
    vertex 16.399999618530273 8.121318817138672 0.8786821365356445
  endloop
endfacet
facet normal 0.0 0.0 0.0
  outer loop
    vertex 16.399999618530273 8.121318817138672 0.8786821365356445
    vertex 8.199999809265137 7.97489595413208 0.7417306900024414
    vertex 8.199999809265137 8.258270263671875 1.0251073837280273
  endloop
endfacet
facet normal 0.0 0.0 0.0
  outer loop
    vertex 16.399999618530273 8.121318817138672 0.8786821365356445
    vertex 8.199999809265137 8.258270263671875 1.0251073837280273
    vertex 16.399999618530273 8.380058288574219 1.1737165451049805
  endloop
endfacet
facet normal 0.0 0.0 0.0
  outer loop
    vertex 16.399999618530273 8.380058288574219 1.1737165451049805
    vertex 8.199999809265137 8.258270263671875 1.0251073837280273
    vertex 8.199999809265137 8.501350402832031 1.3437261581420898
  endloop
endfacet
facet normal 0.0 0.0 0.0
  outer loop
    vertex 16.399999618530273 8.380058288574219 1.1737165451049805
    vertex 8.199999809265137 8.501350402832031 1.3437261581420898
    vertex 16.399999618530273 8.598075866699219 1.5000009536743164
  endloop
endfacet
facet normal 0.0 0.0 0.0
  outer loop
    vertex 16.399999618530273 8.598075866699219 1.5000009536743164
    vertex 8.199999809265137 8.501350402832031 1.3437261581420898
    vertex 8.199999809265137 8.699790954589844 1.6919012069702148
  endloop
endfacet
facet normal 0.0 0.0 0.0
  outer loop
    vertex 16.399999618530273 8.598075866699219 1.5000009536743164
    vertex 8.199999809265137 8.699790954589844 1.6919012069702148
    vertex 16.399999618530273 8.771636962890625 1.8519506454467773
  endloop
endfacet
facet normal 0.0 0.0 0.0
  outer loop
    vertex 16.399999618530273 8.771636962890625 1.8519506454467773
    vertex 8.199999809265137 8.699790954589844 1.6919012069702148
    vertex 8.199999809265137 8.850055694580078 2.063420295715332
  endloop
endfacet
facet normal 0.0 0.0 0.0
  outer loop
    vertex 16.399999618530273 8.771636962890625 1.8519506454467773
    vertex 8.199999809265137 8.850055694580078 2.063420295715332
    vertex 16.399999618530273 8.897777557373047 2.223544120788574
  endloop
endfacet
facet normal 0.0 0.0 0.0
  outer loop
    vertex 16.399999618530273 8.897777557373047 2.223544120788574
    vertex 8.199999809265137 8.850055694580078 2.063420295715332
    vertex 8.199999809265137 8.949459075927734 2.4516515731811523
  endloop
endfacet
facet normal 0.0 0.0 0.0
  outer loop
    vertex 16.399999618530273 8.897777557373047 2.223544120788574
    vertex 8.199999809265137 8.949459075927734 2.4516515731811523
    vertex 16.399999618530273 8.974334716796875 2.60842227935791
  endloop
endfacet
facet normal 0.0 0.0 0.0
  outer loop
    vertex 16.399999618530273 8.974334716796875 2.60842227935791
    vertex 8.199999809265137 8.949459075927734 2.4516515731811523
    vertex 8.199999809265137 8.996231079101562 2.8496694564819336
  endloop
endfacet
facet normal 0.0 0.0 0.0
  outer loop
    vertex -8.199999809265137 8.949459075927734 2.4516515731811523
    vertex -8.199999809265137 8.996231079101562 2.8496694564819336
    vertex 0.0 8.996231079101562 2.8496694564819336
  endloop
endfacet
facet normal 0.0 0.0 0.0
  outer loop
    vertex 0.0 8.996231079101562 2.8496694564819336
    vertex 8.199999809265137 8.996231079101562 2.8496694564819336
    vertex 0.0 8.949459075927734 2.4516515731811523
  endloop
endfacet
facet normal 0.0 0.0 0.0
  outer loop
    vertex 0.0 8.949459075927734 2.4516515731811523
    vertex 8.199999809265137 8.996231079101562 2.8496694564819336
    vertex 8.199999809265137 8.949459075927734 2.4516515731811523
  endloop
endfacet
facet normal 0.0 0.0 0.0
  outer loop
    vertex 0.0 8.949459075927734 2.4516515731811523
    vertex 8.199999809265137 8.949459075927734 2.4516515731811523
    vertex 0.0 8.850055694580078 2.063420295715332
  endloop
endfacet
facet normal 0.0 0.0 0.0
  outer loop
    vertex 0.0 8.850055694580078 2.063420295715332
    vertex 8.199999809265137 8.949459075927734 2.4516515731811523
    vertex 8.199999809265137 8.850055694580078 2.063420295715332
  endloop
endfacet
facet normal 0.0 0.0 0.0
  outer loop
    vertex 0.0 8.850055694580078 2.063420295715332
    vertex 8.199999809265137 8.850055694580078 2.063420295715332
    vertex 0.0 8.699790954589844 1.6919012069702148
  endloop
endfacet
facet normal 0.0 0.0 0.0
  outer loop
    vertex 0.0 8.699790954589844 1.6919012069702148
    vertex 8.199999809265137 8.850055694580078 2.063420295715332
    vertex 8.199999809265137 8.699790954589844 1.6919012069702148
  endloop
endfacet
facet normal 0.0 0.0 0.0
  outer loop
    vertex 0.0 8.699790954589844 1.6919012069702148
    vertex 8.199999809265137 8.699790954589844 1.6919012069702148
    vertex 0.0 8.501350402832031 1.3437261581420898
  endloop
endfacet
facet normal 0.0 0.0 0.0
  outer loop
    vertex 0.0 8.501350402832031 1.3437261581420898
    vertex 8.199999809265137 8.699790954589844 1.6919012069702148
    vertex 8.199999809265137 8.501350402832031 1.3437261581420898
  endloop
endfacet
facet normal 0.0 0.0 0.0
  outer loop
    vertex 0.0 8.501350402832031 1.3437261581420898
    vertex 8.199999809265137 8.501350402832031 1.3437261581420898
    vertex 0.0 8.258270263671875 1.0251073837280273
  endloop
endfacet
facet normal 0.0 0.0 0.0
  outer loop
    vertex 0.0 8.258270263671875 1.0251073837280273
    vertex 8.199999809265137 8.501350402832031 1.3437261581420898
    vertex 8.199999809265137 8.258270263671875 1.0251073837280273
  endloop
endfacet
facet normal 0.0 0.0 0.0
  outer loop
    vertex 0.0 8.258270263671875 1.0251073837280273
    vertex 8.199999809265137 8.258270263671875 1.0251073837280273
    vertex 0.0 7.97489595413208 0.7417306900024414
  endloop
endfacet
facet normal 0.0 0.0 0.0
  outer loop
    vertex 0.0 7.97489595413208 0.7417306900024414
    vertex 8.199999809265137 8.258270263671875 1.0251073837280273
    vertex 8.199999809265137 7.97489595413208 0.7417306900024414
  endloop
endfacet
facet normal 0.0 0.0 0.0
  outer loop
    vertex 0.0 7.97489595413208 0.7417306900024414
    vertex 8.199999809265137 7.97489595413208 0.7417306900024414
    vertex 0.0 7.656277179718018 0.49865245819091797
  endloop
endfacet
facet normal 0.0 0.0 0.0
  outer loop
    vertex 0.0 7.656277179718018 0.49865245819091797
    vertex 8.199999809265137 7.97489595413208 0.7417306900024414
    vertex 8.199999809265137 7.656277179718018 0.49865245819091797
  endloop
endfacet
facet normal 0.0 0.0 0.0
  outer loop
    vertex 0.0 7.656277179718018 0.49865245819091797
    vertex 8.199999809265137 7.656277179718018 0.49865245819091797
    vertex 0.0 7.308102130889893 0.30020999908447266
  endloop
endfacet
facet normal 0.0 0.0 0.0
  outer loop
    vertex 0.0 7.308102130889893 0.30020999908447266
    vertex 8.199999809265137 7.656277179718018 0.49865245819091797
    vertex 8.199999809265137 7.308102130889893 0.30020999908447266
  endloop
endfacet
facet normal 0.0 0.0 0.0
  outer loop
    vertex 0.0 7.308102130889893 0.30020999908447266
    vertex 8.199999809265137 7.308102130889893 0.30020999908447266
    vertex 0.0 6.936581134796143 0.1499471664428711
  endloop
endfacet
facet normal 0.0 0.0 0.0
  outer loop
    vertex 0.0 6.936581134796143 0.1499471664428711
    vertex 8.199999809265137 7.308102130889893 0.30020999908447266
    vertex 8.199999809265137 6.936581134796143 0.1499471664428711
  endloop
endfacet
facet normal 0.0 0.0 0.0
  outer loop
    vertex 0.0 6.936581134796143 0.1499471664428711
    vertex 8.199999809265137 6.936581134796143 0.1499471664428711
    vertex 0.0 6.548351764678955 0.05054187774658203
  endloop
endfacet
facet normal 0.0 0.0 0.0
  outer loop
    vertex 0.0 6.548351764678955 0.05054187774658203
    vertex 8.199999809265137 6.936581134796143 0.1499471664428711
    vertex 8.199999809265137 6.548351764678955 0.05054187774658203
  endloop
endfacet
facet normal 0.0 0.0 0.0
  outer loop
    vertex 0.0 6.548351764678955 0.05054187774658203
    vertex 8.199999809265137 6.548351764678955 0.05054187774658203
    vertex 0.0 6.150333881378174 0.0037698745727539062
  endloop
endfacet
facet normal 0.0 0.0 0.0
  outer loop
    vertex 0.0 6.150333881378174 0.0037698745727539062
    vertex 8.199999809265137 6.548351764678955 0.05054187774658203
    vertex 8.199999809265137 6.150333881378174 0.0037698745727539062
  endloop
endfacet
facet normal 0.0 0.0 0.0
  outer loop
    vertex -8.199999809265137 8.850055694580078 2.063420295715332
    vertex -8.199999809265137 8.949459075927734 2.4516515731811523
    vertex 0.0 8.949459075927734 2.4516515731811523
  endloop
endfacet
facet normal 0.0 0.0 0.0
  outer loop
    vertex 0.0 8.949459075927734 2.4516515731811523
    vertex -8.199999809265137 8.949459075927734 2.4516515731811523
    vertex 0.0 8.996231079101562 2.8496694564819336
  endloop
endfacet
facet normal 0.0 0.0 0.0
  outer loop
    vertex -8.199999809265137 8.850055694580078 2.063420295715332
    vertex 0.0 8.949459075927734 2.4516515731811523
    vertex 0.0 8.850055694580078 2.063420295715332
  endloop
endfacet
facet normal 0.0 0.0 0.0
  outer loop
    vertex -8.199999809265137 8.699790954589844 1.6919012069702148
    vertex -8.199999809265137 8.850055694580078 2.063420295715332
    vertex 0.0 8.850055694580078 2.063420295715332
  endloop
endfacet
facet normal 0.0 0.0 0.0
  outer loop
    vertex -8.199999809265137 8.699790954589844 1.6919012069702148
    vertex 0.0 8.850055694580078 2.063420295715332
    vertex 0.0 8.699790954589844 1.6919012069702148
  endloop
endfacet
facet normal 0.0 0.0 0.0
  outer loop
    vertex -8.199999809265137 8.501350402832031 1.3437261581420898
    vertex -8.199999809265137 8.699790954589844 1.6919012069702148
    vertex 0.0 8.699790954589844 1.6919012069702148
  endloop
endfacet
facet normal 0.0 0.0 0.0
  outer loop
    vertex -8.199999809265137 8.501350402832031 1.3437261581420898
    vertex 0.0 8.699790954589844 1.6919012069702148
    vertex 0.0 8.501350402832031 1.3437261581420898
  endloop
endfacet
facet normal 0.0 0.0 0.0
  outer loop
    vertex -8.199999809265137 8.258270263671875 1.0251073837280273
    vertex -8.199999809265137 8.501350402832031 1.3437261581420898
    vertex 0.0 8.501350402832031 1.3437261581420898
  endloop
endfacet
facet normal 0.0 0.0 0.0
  outer loop
    vertex -8.199999809265137 8.258270263671875 1.0251073837280273
    vertex 0.0 8.501350402832031 1.3437261581420898
    vertex 0.0 8.258270263671875 1.0251073837280273
  endloop
endfacet
facet normal 0.0 0.0 0.0
  outer loop
    vertex -8.199999809265137 7.97489595413208 0.7417306900024414
    vertex -8.199999809265137 8.258270263671875 1.0251073837280273
    vertex 0.0 8.258270263671875 1.0251073837280273
  endloop
endfacet
facet normal 0.0 0.0 0.0
  outer loop
    vertex -8.199999809265137 7.97489595413208 0.7417306900024414
    vertex 0.0 8.258270263671875 1.0251073837280273
    vertex 0.0 7.97489595413208 0.7417306900024414
  endloop
endfacet
facet normal 0.0 0.0 0.0
  outer loop
    vertex -8.199999809265137 7.656277179718018 0.49865245819091797
    vertex -8.199999809265137 7.97489595413208 0.7417306900024414
    vertex 0.0 7.97489595413208 0.7417306900024414
  endloop
endfacet
facet normal 0.0 0.0 0.0
  outer loop
    vertex -8.199999809265137 7.656277179718018 0.49865245819091797
    vertex 0.0 7.97489595413208 0.7417306900024414
    vertex 0.0 7.656277179718018 0.49865245819091797
  endloop
endfacet
facet normal 0.0 0.0 0.0
  outer loop
    vertex -8.199999809265137 7.308102130889893 0.30020999908447266
    vertex -8.199999809265137 7.656277179718018 0.49865245819091797
    vertex 0.0 7.656277179718018 0.49865245819091797
  endloop
endfacet
facet normal 0.0 0.0 0.0
  outer loop
    vertex -8.199999809265137 7.308102130889893 0.30020999908447266
    vertex 0.0 7.656277179718018 0.49865245819091797
    vertex 0.0 7.308102130889893 0.30020999908447266
  endloop
endfacet
facet normal 0.0 0.0 0.0
  outer loop
    vertex -8.199999809265137 6.936581134796143 0.1499471664428711
    vertex -8.199999809265137 7.308102130889893 0.30020999908447266
    vertex 0.0 7.308102130889893 0.30020999908447266
  endloop
endfacet
facet normal 0.0 0.0 0.0
  outer loop
    vertex -8.199999809265137 6.936581134796143 0.1499471664428711
    vertex 0.0 7.308102130889893 0.30020999908447266
    vertex 0.0 6.936581134796143 0.1499471664428711
  endloop
endfacet
facet normal 0.0 0.0 0.0
  outer loop
    vertex -8.199999809265137 6.548351764678955 0.05054187774658203
    vertex -8.199999809265137 6.936581134796143 0.1499471664428711
    vertex 0.0 6.936581134796143 0.1499471664428711
  endloop
endfacet
facet normal 0.0 0.0 0.0
  outer loop
    vertex -8.199999809265137 6.548351764678955 0.05054187774658203
    vertex 0.0 6.936581134796143 0.1499471664428711
    vertex 0.0 6.548351764678955 0.05054187774658203
  endloop
endfacet
facet normal 0.0 0.0 0.0
  outer loop
    vertex -8.199999809265137 6.150333881378174 0.0037698745727539062
    vertex -8.199999809265137 6.548351764678955 0.05054187774658203
    vertex 0.0 6.548351764678955 0.05054187774658203
  endloop
endfacet
facet normal 0.0 0.0 0.0
  outer loop
    vertex -8.199999809265137 6.150333881378174 0.0037698745727539062
    vertex 0.0 6.548351764678955 0.05054187774658203
    vertex 0.0 6.150333881378174 0.0037698745727539062
  endloop
endfacet
facet normal 0.0 0.0 0.0
  outer loop
    vertex 16.399999618530273 8.999999046325684 13.200000762939453
    vertex 16.399999618530273 9.0 3.0000009536743164
    vertex 10.699999809265137 9.0 5.500000953674316
  endloop
endfacet
facet normal 0.0 0.0 0.0
  outer loop
    vertex 10.699999809265137 9.0 5.500000953674316
    vertex 16.399999618530273 9.0 3.0000009536743164
    vertex -16.399999618530273 9.0 3.0000009536743164
  endloop
endfacet
facet normal 0.0 0.0 0.0
  outer loop
    vertex 10.699999809265137 9.0 5.500000953674316
    vertex -16.399999618530273 9.0 3.0000009536743164
    vertex -10.699999809265137 9.0 5.500000953674316
  endloop
endfacet
facet normal 0.0 0.0 0.0
  outer loop
    vertex -10.699999809265137 9.0 5.500000953674316
    vertex -16.399999618530273 9.0 3.0000009536743164
    vertex -16.399999618530273 8.999999046325684 13.200000762939453
  endloop
endfacet
facet normal 0.0 0.0 0.0
  outer loop
    vertex -10.699999809265137 9.0 5.500000953674316
    vertex -16.399999618530273 8.999999046325684 13.200000762939453
    vertex -10.699999809265137 8.999999046325684 13.200000762939453
  endloop
endfacet
facet normal 0.0 0.0 0.0
  outer loop
    vertex 10.699999809265137 9.0 5.500000953674316
    vertex 10.699999809265137 8.999999046325684 13.200000762939453
    vertex 16.399999618530273 8.999999046325684 13.200000762939453
  endloop
endfacet
facet normal 0.0 0.0 0.0
  outer loop
    vertex -10.699999809265137 4.499998092651367 20.99422836303711
    vertex -10.699999809265137 5.069879531860352 20.63614845275879
    vertex -16.399999618530273 4.499998092651367 20.99422836303711
  endloop
endfacet
facet normal 0.0 0.0 0.0
  outer loop
    vertex -16.399999618530273 4.499998092651367 20.99422836303711
    vertex -10.699999809265137 5.069879531860352 20.63614845275879
    vertex -16.399999618530273 5.069879531860352 20.63614845275879
  endloop
endfacet
facet normal 0.0 0.0 0.0
  outer loop
    vertex -16.399999618530273 5.069879531860352 20.63614845275879
    vertex -10.699999809265137 5.069879531860352 20.63614845275879
    vertex -10.699999809265137 5.611406326293945 20.23648452758789
  endloop
endfacet
facet normal 0.0 0.0 0.0
  outer loop
    vertex -16.399999618530273 5.069879531860352 20.63614845275879
    vertex -10.699999809265137 5.611406326293945 20.23648452758789
    vertex -16.399999618530273 5.611406326293945 20.23648452758789
  endloop
endfacet
facet normal 0.0 0.0 0.0
  outer loop
    vertex -16.399999618530273 5.611406326293945 20.23648452758789
    vertex -10.699999809265137 5.611406326293945 20.23648452758789
    vertex -10.699999809265137 6.121553421020508 19.797466278076172
  endloop
endfacet
facet normal 0.0 0.0 0.0
  outer loop
    vertex -16.399999618530273 5.611406326293945 20.23648452758789
    vertex -10.699999809265137 6.121553421020508 19.797466278076172
    vertex -16.399999618530273 6.121553421020508 19.797466278076172
  endloop
endfacet
facet normal 0.0 0.0 0.0
  outer loop
    vertex -16.399999618530273 6.121553421020508 19.797466278076172
    vertex -10.699999809265137 6.121553421020508 19.797466278076172
    vertex -10.699999809265137 6.597463607788086 19.32155418395996
  endloop
endfacet
facet normal 0.0 0.0 0.0
  outer loop
    vertex -16.399999618530273 6.121553421020508 19.797466278076172
    vertex -10.699999809265137 6.597463607788086 19.32155418395996
    vertex -16.399999618530273 6.597463607788086 19.32155418395996
  endloop
endfacet
facet normal 0.0 0.0 0.0
  outer loop
    vertex -16.399999618530273 6.597463607788086 19.32155418395996
    vertex -10.699999809265137 6.597463607788086 19.32155418395996
    vertex -10.699999809265137 7.036481857299805 18.81140899658203
  endloop
endfacet
facet normal 0.0 0.0 0.0
  outer loop
    vertex -16.399999618530273 6.597463607788086 19.32155418395996
    vertex -10.699999809265137 7.036481857299805 18.81140899658203
    vertex -16.399999618530273 7.036481857299805 18.81140899658203
  endloop
endfacet
facet normal 0.0 0.0 0.0
  outer loop
    vertex -16.399999618530273 7.036481857299805 18.81140899658203
    vertex -10.699999809265137 7.036481857299805 18.81140899658203
    vertex -10.699999809265137 7.436147689819336 18.269880294799805
  endloop
endfacet
facet normal 0.0 0.0 0.0
  outer loop
    vertex -16.399999618530273 7.036481857299805 18.81140899658203
    vertex -10.699999809265137 7.436147689819336 18.269880294799805
    vertex -16.399999618530273 7.436147689819336 18.269880294799805
  endloop
endfacet
facet normal 0.0 0.0 0.0
  outer loop
    vertex -16.399999618530273 7.436147689819336 18.269880294799805
    vertex -10.699999809265137 7.436147689819336 18.269880294799805
    vertex -10.699999809265137 7.794225692749023 17.700000762939453
  endloop
endfacet
facet normal 0.0 0.0 0.0
  outer loop
    vertex -16.399999618530273 7.436147689819336 18.269880294799805
    vertex -10.699999809265137 7.794225692749023 17.700000762939453
    vertex -16.399999618530273 7.794225692749023 17.700000762939453
  endloop
endfacet
facet normal 0.0 0.0 0.0
  outer loop
    vertex -16.399999618530273 7.794225692749023 17.700000762939453
    vertex -10.699999809265137 7.794225692749023 17.700000762939453
    vertex -10.699999809265137 8.10871696472168 17.10495376586914
  endloop
endfacet
facet normal 0.0 0.0 0.0
  outer loop
    vertex -16.399999618530273 7.794225692749023 17.700000762939453
    vertex -10.699999809265137 8.10871696472168 17.10495376586914
    vertex -16.399999618530273 8.10871696472168 17.10495376586914
  endloop
endfacet
facet normal 0.0 0.0 0.0
  outer loop
    vertex -16.399999618530273 8.10871696472168 17.10495376586914
    vertex -10.699999809265137 8.10871696472168 17.10495376586914
    vertex -10.699999809265137 8.377862930297852 16.488069534301758
  endloop
endfacet
facet normal 0.0 0.0 0.0
  outer loop
    vertex -16.399999618530273 8.10871696472168 17.10495376586914
    vertex -10.699999809265137 8.377862930297852 16.488069534301758
    vertex -16.399999618530273 8.377862930297852 16.488069534301758
  endloop
endfacet
facet normal 0.0 0.0 0.0
  outer loop
    vertex -16.399999618530273 8.377862930297852 16.488069534301758
    vertex -10.699999809265137 8.377862930297852 16.488069534301758
    vertex -10.699999809265137 8.600152969360352 15.85279655456543
  endloop
endfacet
facet normal 0.0 0.0 0.0
  outer loop
    vertex -16.399999618530273 8.377862930297852 16.488069534301758
    vertex -10.699999809265137 8.600152969360352 15.85279655456543
    vertex -16.399999618530273 8.600152969360352 15.85279655456543
  endloop
endfacet
facet normal 0.0 0.0 0.0
  outer loop
    vertex -16.399999618530273 8.600152969360352 15.85279655456543
    vertex -10.699999809265137 8.600152969360352 15.85279655456543
    vertex -10.699999809265137 8.774351119995117 15.202688217163086
  endloop
endfacet
facet normal 0.0 0.0 0.0
  outer loop
    vertex -16.399999618530273 8.600152969360352 15.85279655456543
    vertex -10.699999809265137 8.774351119995117 15.202688217163086
    vertex -16.399999618530273 8.774351119995117 15.202688217163086
  endloop
endfacet
facet normal 0.0 0.0 0.0
  outer loop
    vertex -16.399999618530273 8.774351119995117 15.202688217163086
    vertex -10.699999809265137 8.774351119995117 15.202688217163086
    vertex -10.699999809265137 8.8994779586792 14.541380882263184
  endloop
endfacet
facet normal 0.0 0.0 0.0
  outer loop
    vertex -16.399999618530273 8.774351119995117 15.202688217163086
    vertex -10.699999809265137 8.8994779586792 14.541380882263184
    vertex -16.399999618530273 8.8994779586792 14.541380882263184
  endloop
endfacet
facet normal 0.0 0.0 0.0
  outer loop
    vertex -16.399999618530273 8.8994779586792 14.541380882263184
    vertex -10.699999809265137 8.8994779586792 14.541380882263184
    vertex -10.699999809265137 8.974833488464355 13.87257194519043
  endloop
endfacet
facet normal 0.0 0.0 0.0
  outer loop
    vertex -16.399999618530273 8.8994779586792 14.541380882263184
    vertex -10.699999809265137 8.974833488464355 13.87257194519043
    vertex -16.399999618530273 8.974833488464355 13.87257194519043
  endloop
endfacet
facet normal 0.0 0.0 0.0
  outer loop
    vertex -16.399999618530273 8.974833488464355 13.87257194519043
    vertex -10.699999809265137 8.974833488464355 13.87257194519043
    vertex -16.399999618530273 8.999999046325684 13.200000762939453
  endloop
endfacet
facet normal 0.0 0.0 0.0
  outer loop
    vertex -16.399999618530273 8.999999046325684 13.200000762939453
    vertex -10.699999809265137 8.974833488464355 13.87257194519043
    vertex -10.699999809265137 8.999999046325684 13.200000762939453
  endloop
endfacet
facet normal 0.0 0.0 0.0
  outer loop
    vertex -10.699999809265137 4.148050308227539 21.167789459228516
    vertex -10.699999809265137 2.3786799907684326 18.872907638549805
    vertex -10.699999809265137 4.499998092651367 20.99422836303711
  endloop
endfacet
facet normal 0.0 0.0 0.0
  outer loop
    vertex -10.699999809265137 4.499998092651367 20.99422836303711
    vertex -10.699999809265137 2.3786799907684326 18.872907638549805
    vertex -10.699999809265137 2.6737163066864014 18.614168167114258
  endloop
endfacet
facet normal 0.0 0.0 0.0
  outer loop
    vertex -10.699999809265137 4.499998092651367 20.99422836303711
    vertex -10.699999809265137 2.6737163066864014 18.614168167114258
    vertex -10.699999809265137 2.9999985694885254 18.39615249633789
  endloop
endfacet
facet normal 0.0 0.0 0.0
  outer loop
    vertex -10.699999809265137 2.3786799907684326 18.872907638549805
    vertex -10.699999809265137 4.148050308227539 21.167789459228516
    vertex -10.699999809265137 2.1199402809143066 19.16794204711914
  endloop
endfacet
facet normal 0.0 0.0 0.0
  outer loop
    vertex -10.699999809265137 2.1199402809143066 19.16794204711914
    vertex -10.699999809265137 4.148050308227539 21.167789459228516
    vertex -10.699999809265137 3.776456832885742 21.293930053710938
  endloop
endfacet
facet normal 0.0 0.0 0.0
  outer loop
    vertex -10.699999809265137 2.1199402809143066 19.16794204711914
    vertex -10.699999809265137 3.776456832885742 21.293930053710938
    vertex -10.699999809265137 3.3915767669677734 21.370485305786133
  endloop
endfacet
facet normal 0.0 0.0 0.0
  outer loop
    vertex -10.699999809265137 2.1199402809143066 19.16794204711914
    vertex -10.699999809265137 3.3915767669677734 21.370485305786133
    vertex -10.699999809265137 1.9019228219985962 19.49422836303711
  endloop
endfacet
facet normal 0.0 0.0 0.0
  outer loop
    vertex -10.699999809265137 1.9019228219985962 19.49422836303711
    vertex -10.699999809265137 3.3915767669677734 21.370485305786133
    vertex -10.699999809265137 2.999998092651367 21.39615249633789
  endloop
endfacet
facet normal 0.0 0.0 0.0
  outer loop
    vertex -10.699999809265137 1.9019228219985962 19.49422836303711
    vertex -10.699999809265137 2.999998092651367 21.39615249633789
    vertex -10.699999809265137 1.7283616065979004 19.846176147460938
  endloop
endfacet
facet normal 0.0 0.0 0.0
  outer loop
    vertex -10.699999809265137 1.7283616065979004 19.846176147460938
    vertex -10.699999809265137 2.999998092651367 21.39615249633789
    vertex -10.699999809265137 2.60841965675354 21.370485305786133
  endloop
endfacet
facet normal 0.0 0.0 0.0
  outer loop
    vertex -10.699999809265137 1.7283616065979004 19.846176147460938
    vertex -10.699999809265137 2.60841965675354 21.370485305786133
    vertex -10.699999809265137 1.6022210121154785 20.217769622802734
  endloop
endfacet
facet normal 0.0 0.0 0.0
  outer loop
    vertex -10.699999809265137 1.6022210121154785 20.217769622802734
    vertex -10.699999809265137 2.60841965675354 21.370485305786133
    vertex -10.699999809265137 2.2235395908355713 21.293928146362305
  endloop
endfacet
facet normal 0.0 0.0 0.0
  outer loop
    vertex -10.699999809265137 1.6022210121154785 20.217769622802734
    vertex -10.699999809265137 2.2235395908355713 21.293928146362305
    vertex -10.699999809265137 1.5256637334823608 20.602649688720703
  endloop
endfacet
facet normal 0.0 0.0 0.0
  outer loop
    vertex -10.699999809265137 1.5256637334823608 20.602649688720703
    vertex -10.699999809265137 2.2235395908355713 21.293928146362305
    vertex -10.699999809265137 1.8519500494003296 21.167789459228516
  endloop
endfacet
facet normal 0.0 0.0 0.0
  outer loop
    vertex -10.699999809265137 1.5256637334823608 20.602649688720703
    vertex -10.699999809265137 1.8519500494003296 21.167789459228516
    vertex -10.699999809265137 1.4999984502792358 20.99422836303711
  endloop
endfacet
facet normal 0.0 0.0 0.0
  outer loop
    vertex -10.699999809265137 4.499998092651367 20.99422836303711
    vertex -10.699999809265137 2.9999985694885254 18.39615249633789
    vertex -10.699999809265137 5.069879531860352 20.63614845275879
  endloop
endfacet
facet normal 0.0 0.0 0.0
  outer loop
    vertex -10.699999809265137 5.069879531860352 20.63614845275879
    vertex -10.699999809265137 2.9999985694885254 18.39615249633789
    vertex -10.699999809265137 3.4803414344787598 18.08745574951172
  endloop
endfacet
facet normal 0.0 0.0 0.0
  outer loop
    vertex -10.699999809265137 5.069879531860352 20.63614845275879
    vertex -10.699999809265137 3.4803414344787598 18.08745574951172
    vertex -10.699999809265137 5.611406326293945 20.23648452758789
  endloop
endfacet
facet normal 0.0 0.0 0.0
  outer loop
    vertex -10.699999809265137 5.611406326293945 20.23648452758789
    vertex -10.699999809265137 3.4803414344787598 18.08745574951172
    vertex -10.699999809265137 3.9291634559631348 17.7344970703125
  endloop
endfacet
facet normal 0.0 0.0 0.0
  outer loop
    vertex -10.699999809265137 5.611406326293945 20.23648452758789
    vertex -10.699999809265137 3.9291634559631348 17.7344970703125
    vertex -10.699999809265137 6.121553421020508 19.797466278076172
  endloop
endfacet
facet normal 0.0 0.0 0.0
  outer loop
    vertex -10.699999809265137 6.121553421020508 19.797466278076172
    vertex -10.699999809265137 3.9291634559631348 17.7344970703125
    vertex -10.699999809265137 6.597463607788086 19.32155418395996
  endloop
endfacet
facet normal 0.0 0.0 0.0
  outer loop
    vertex -10.699999809265137 6.597463607788086 19.32155418395996
    vertex -10.699999809265137 3.9291634559631348 17.7344970703125
    vertex -10.699999809265137 4.34240198135376 17.340473175048828
  endloop
endfacet
facet normal 0.0 0.0 0.0
  outer loop
    vertex -10.699999809265137 6.597463607788086 19.32155418395996
    vertex -10.699999809265137 4.34240198135376 17.340473175048828
    vertex -10.699999809265137 7.036481857299805 18.81140899658203
  endloop
endfacet
facet normal 0.0 0.0 0.0
  outer loop
    vertex -10.699999809265137 7.036481857299805 18.81140899658203
    vertex -10.699999809265137 4.34240198135376 17.340473175048828
    vertex -10.699999809265137 4.716318607330322 16.908954620361328
  endloop
endfacet
facet normal 0.0 0.0 0.0
  outer loop
    vertex -10.699999809265137 7.036481857299805 18.81140899658203
    vertex -10.699999809265137 4.716318607330322 16.908954620361328
    vertex -10.699999809265137 7.436147689819336 18.269880294799805
  endloop
endfacet
facet normal 0.0 0.0 0.0
  outer loop
    vertex -10.699999809265137 7.436147689819336 18.269880294799805
    vertex -10.699999809265137 4.716318607330322 16.908954620361328
    vertex -10.699999809265137 5.047518253326416 16.443843841552734
  endloop
endfacet
facet normal 0.0 0.0 0.0
  outer loop
    vertex -10.699999809265137 7.436147689819336 18.269880294799805
    vertex -10.699999809265137 5.047518253326416 16.443843841552734
    vertex -10.699999809265137 7.794225692749023 17.700000762939453
  endloop
endfacet
facet normal 0.0 0.0 0.0
  outer loop
    vertex -10.699999809265137 7.794225692749023 17.700000762939453
    vertex -10.699999809265137 5.047518253326416 16.443843841552734
    vertex -10.699999809265137 5.333010673522949 15.949358940124512
  endloop
endfacet
facet normal 0.0 0.0 0.0
  outer loop
    vertex -10.699999809265137 7.794225692749023 17.700000762939453
    vertex -10.699999809265137 5.333010673522949 15.949358940124512
    vertex -10.699999809265137 8.10871696472168 17.10495376586914
  endloop
endfacet
facet normal 0.0 0.0 0.0
  outer loop
    vertex -10.699999809265137 8.10871696472168 17.10495376586914
    vertex -10.699999809265137 5.333010673522949 15.949358940124512
    vertex -10.699999809265137 8.377862930297852 16.488069534301758
  endloop
endfacet
facet normal 0.0 0.0 0.0
  outer loop
    vertex -10.699999809265137 8.377862930297852 16.488069534301758
    vertex -10.699999809265137 5.333010673522949 15.949358940124512
    vertex -10.699999809265137 5.570208549499512 15.429975509643555
  endloop
endfacet
facet normal 0.0 0.0 0.0
  outer loop
    vertex -10.699999809265137 8.377862930297852 16.488069534301758
    vertex -10.699999809265137 5.570208549499512 15.429975509643555
    vertex -10.699999809265137 8.600152969360352 15.85279655456543
  endloop
endfacet
facet normal 0.0 0.0 0.0
  outer loop
    vertex -10.699999809265137 8.600152969360352 15.85279655456543
    vertex -10.699999809265137 5.570208549499512 15.429975509643555
    vertex -10.699999809265137 5.756957054138184 14.890395164489746
  endloop
endfacet
facet normal 0.0 0.0 0.0
  outer loop
    vertex -10.699999809265137 8.600152969360352 15.85279655456543
    vertex -10.699999809265137 5.756957054138184 14.890395164489746
    vertex -10.699999809265137 8.774351119995117 15.202688217163086
  endloop
endfacet
facet normal 0.0 0.0 0.0
  outer loop
    vertex -10.699999809265137 8.774351119995117 15.202688217163086
    vertex -10.699999809265137 5.756957054138184 14.890395164489746
    vertex -10.699999809265137 5.891570091247559 14.3355073928833
  endloop
endfacet
facet normal 0.0 0.0 0.0
  outer loop
    vertex -10.699999809265137 8.774351119995117 15.202688217163086
    vertex -10.699999809265137 5.891570091247559 14.3355073928833
    vertex -10.699999809265137 8.8994779586792 14.541380882263184
  endloop
endfacet
facet normal 0.0 0.0 0.0
  outer loop
    vertex -10.699999809265137 8.8994779586792 14.541380882263184
    vertex -10.699999809265137 5.891570091247559 14.3355073928833
    vertex -10.699999809265137 5.972830772399902 13.770336151123047
  endloop
endfacet
facet normal 0.0 0.0 0.0
  outer loop
    vertex -10.699999809265137 8.8994779586792 14.541380882263184
    vertex -10.699999809265137 5.972830772399902 13.770336151123047
    vertex -10.699999809265137 8.974833488464355 13.87257194519043
  endloop
endfacet
facet normal 0.0 0.0 0.0
  outer loop
    vertex -10.699999809265137 8.974833488464355 13.87257194519043
    vertex -10.699999809265137 5.972830772399902 13.770336151123047
    vertex -10.699999809265137 5.999998569488525 13.200000762939453
  endloop
endfacet
facet normal 0.0 0.0 0.0
  outer loop
    vertex -10.699999809265137 8.974833488464355 13.87257194519043
    vertex -10.699999809265137 5.999998569488525 13.200000762939453
    vertex -10.699999809265137 8.999999046325684 13.200000762939453
  endloop
endfacet
facet normal 0.0 0.0 0.0
  outer loop
    vertex -10.699999809265137 8.999999046325684 13.200000762939453
    vertex -10.699999809265137 5.999998569488525 13.200000762939453
    vertex -10.699999809265137 5.9728312492370605 12.629664421081543
  endloop
endfacet
facet normal 0.0 0.0 0.0
  outer loop
    vertex -10.699999809265137 8.999999046325684 13.200000762939453
    vertex -10.699999809265137 5.9728312492370605 12.629664421081543
    vertex -10.699999809265137 5.891570568084717 12.064493179321289
  endloop
endfacet
facet normal 0.0 0.0 0.0
  outer loop
    vertex -10.699999809265137 5.891570568084717 12.064493179321289
    vertex -10.699999809265137 5.756957530975342 11.509605407714844
    vertex -10.699999809265137 8.999999046325684 13.200000762939453
  endloop
endfacet
facet normal 0.0 0.0 0.0
  outer loop
    vertex -10.699999809265137 8.999999046325684 13.200000762939453
    vertex -10.699999809265137 5.756957530975342 11.509605407714844
    vertex -10.699999809265137 5.57020902633667 10.970026016235352
  endloop
endfacet
facet normal 0.0 0.0 0.0
  outer loop
    vertex -10.699999809265137 8.999999046325684 13.200000762939453
    vertex -10.699999809265137 5.57020902633667 10.970026016235352
    vertex -10.699999809265137 9.0 5.500000953674316
  endloop
endfacet
facet normal 0.0 0.0 0.0
  outer loop
    vertex -10.699999809265137 9.0 5.500000953674316
    vertex -10.699999809265137 5.57020902633667 10.970026016235352
    vertex -10.699999809265137 5.333011150360107 10.450641632080078
  endloop
endfacet
facet normal 0.0 0.0 0.0
  outer loop
    vertex -10.699999809265137 9.0 5.500000953674316
    vertex -10.699999809265137 5.333011150360107 10.450641632080078
    vertex -10.699999809265137 5.047519207000732 9.956155776977539
  endloop
endfacet
facet normal 0.0 0.0 0.0
  outer loop
    vertex -10.699999809265137 5.047519207000732 9.956155776977539
    vertex -10.699999809265137 4.716319561004639 9.491046905517578
    vertex -10.699999809265137 9.0 5.500000953674316
  endloop
endfacet
facet normal 0.0 0.0 0.0
  outer loop
    vertex -10.699999809265137 9.0 5.500000953674316
    vertex -10.699999809265137 4.716319561004639 9.491046905517578
    vertex -10.699999809265137 4.342403411865234 9.059526443481445
  endloop
endfacet
facet normal 0.0 0.0 0.0
  outer loop
    vertex -10.699999809265137 9.0 5.500000953674316
    vertex -10.699999809265137 4.342403411865234 9.059526443481445
    vertex -10.699999809265137 3.9291646480560303 8.66550350189209
  endloop
endfacet
facet normal 0.0 0.0 0.0
  outer loop
    vertex -10.699999809265137 3.9291646480560303 8.66550350189209
    vertex -10.699999809265137 3.4803428649902344 8.312544822692871
    vertex -10.699999809265137 9.0 5.500000953674316
  endloop
endfacet
facet normal 0.0 0.0 0.0
  outer loop
    vertex -10.699999809265137 9.0 5.500000953674316
    vertex -10.699999809265137 3.4803428649902344 8.312544822692871
    vertex -10.699999809265137 3.0 8.0038480758667
  endloop
endfacet
facet normal 0.0 0.0 0.0
  outer loop
    vertex -10.699999809265137 9.0 5.500000953674316
    vertex -10.699999809265137 3.0 8.0038480758667
    vertex -10.699999809265137 2.4924890995025635 7.742208480834961
  endloop
endfacet
facet normal 0.0 0.0 0.0
  outer loop
    vertex -10.699999809265137 2.4924890995025635 7.742208480834961
    vertex -10.699999809265137 1.9624063968658447 7.529995918273926
    vertex -10.699999809265137 9.0 5.500000953674316
  endloop
endfacet
facet normal 0.0 0.0 0.0
  outer loop
    vertex -10.699999809265137 9.0 5.500000953674316
    vertex -10.699999809265137 1.9624063968658447 7.529995918273926
    vertex -10.699999809265137 1.4145549535751343 7.369131088256836
  endloop
endfacet
facet normal 0.0 0.0 0.0
  outer loop
    vertex -10.699999809265137 9.0 5.500000953674316
    vertex -10.699999809265137 1.4145549535751343 7.369131088256836
    vertex -10.699999809265137 0.8538898229598999 7.261071681976318
  endloop
endfacet
facet normal 0.0 0.0 0.0
  outer loop
    vertex -10.699999809265137 0.8538898229598999 7.261071681976318
    vertex -10.699999809265137 0.2854924201965332 7.206796169281006
    vertex -10.699999809265137 9.0 5.500000953674316
  endloop
endfacet
facet normal 0.0 0.0 0.0
  outer loop
    vertex -10.699999809265137 9.0 5.500000953674316
    vertex -10.699999809265137 0.2854924201965332 7.206796169281006
    vertex -10.699999809265137 -0.285491406917572 7.206796169281006
  endloop
endfacet
facet normal 0.0 0.0 0.0
  outer loop
    vertex -10.699999809265137 9.0 5.500000953674316
    vertex -10.699999809265137 -0.285491406917572 7.206796169281006
    vertex -10.699999809265137 -8.999998092651367 5.499998092651367
  endloop
endfacet
facet normal 0.0 0.0 0.0
  outer loop
    vertex -10.699999809265137 -8.999998092651367 5.499998092651367
    vertex -10.699999809265137 -0.285491406917572 7.206796169281006
    vertex -10.699999809265137 -0.8538888692855835 7.261071681976318
  endloop
endfacet
facet normal 0.0 0.0 0.0
  outer loop
    vertex -10.699999809265137 -8.999998092651367 5.499998092651367
    vertex -10.699999809265137 -0.8538888692855835 7.261071681976318
    vertex -10.699999809265137 -1.4145539999008179 7.3691301345825195
  endloop
endfacet
facet normal 0.0 0.0 0.0
  outer loop
    vertex -10.699999809265137 -1.4145539999008179 7.3691301345825195
    vertex -10.699999809265137 -1.9624054431915283 7.529994964599609
    vertex -10.699999809265137 -8.999998092651367 5.499998092651367
  endloop
endfacet
facet normal 0.0 0.0 0.0
  outer loop
    vertex -10.699999809265137 -8.999998092651367 5.499998092651367
    vertex -10.699999809265137 -1.9624054431915283 7.529994964599609
    vertex -10.699999809265137 -2.492488145828247 7.7422075271606445
  endloop
endfacet
facet normal 0.0 0.0 0.0
  outer loop
    vertex -10.699999809265137 -8.999998092651367 5.499998092651367
    vertex -10.699999809265137 -2.492488145828247 7.7422075271606445
    vertex -10.699999809265137 -2.9999990463256836 8.003847122192383
  endloop
endfacet
facet normal 0.0 0.0 0.0
  outer loop
    vertex -10.699999809265137 -2.9999990463256836 8.003847122192383
    vertex -10.699999809265137 -3.480341911315918 8.312543869018555
    vertex -10.699999809265137 -8.999998092651367 5.499998092651367
  endloop
endfacet
facet normal 0.0 0.0 0.0
  outer loop
    vertex -10.699999809265137 -8.999998092651367 5.499998092651367
    vertex -10.699999809265137 -3.480341911315918 8.312543869018555
    vertex -10.699999809265137 -3.929164171218872 8.665502548217773
  endloop
endfacet
facet normal 0.0 0.0 0.0
  outer loop
    vertex -10.699999809265137 -8.999998092651367 5.499998092651367
    vertex -10.699999809265137 -3.929164171218872 8.665502548217773
    vertex -10.699999809265137 -4.342402458190918 9.059525489807129
  endloop
endfacet
facet normal 0.0 0.0 0.0
  outer loop
    vertex -10.699999809265137 -4.342402458190918 9.059525489807129
    vertex -10.699999809265137 -4.716319561004639 9.491045951843262
    vertex -10.699999809265137 -8.999998092651367 5.499998092651367
  endloop
endfacet
facet normal 0.0 0.0 0.0
  outer loop
    vertex -10.699999809265137 -8.999998092651367 5.499998092651367
    vertex -10.699999809265137 -4.716319561004639 9.491045951843262
    vertex -10.699999809265137 -5.047519207000732 9.956153869628906
  endloop
endfacet
facet normal 0.0 0.0 0.0
  outer loop
    vertex -10.699999809265137 -8.999998092651367 5.499998092651367
    vertex -10.699999809265137 -5.047519207000732 9.956153869628906
    vertex -10.699999809265137 -5.333011150360107 10.450639724731445
  endloop
endfacet
facet normal 0.0 0.0 0.0
  outer loop
    vertex -10.699999809265137 -5.333011150360107 10.450639724731445
    vertex -10.699999809265137 -5.57020902633667 10.970024108886719
    vertex -10.699999809265137 -8.999998092651367 5.499998092651367
  endloop
endfacet
facet normal 0.0 0.0 0.0
  outer loop
    vertex -10.699999809265137 -8.999998092651367 5.499998092651367
    vertex -10.699999809265137 -5.57020902633667 10.970024108886719
    vertex -10.699999809265137 -8.999999046325684 13.19999885559082
  endloop
endfacet
facet normal 0.0 0.0 0.0
  outer loop
    vertex -10.699999809265137 -8.999999046325684 13.19999885559082
    vertex -10.699999809265137 -5.57020902633667 10.970024108886719
    vertex -10.699999809265137 -5.756957530975342 11.509603500366211
  endloop
endfacet
facet normal 0.0 0.0 0.0
  outer loop
    vertex -10.699999809265137 -8.999999046325684 13.19999885559082
    vertex -10.699999809265137 -5.756957530975342 11.509603500366211
    vertex -10.699999809265137 -5.891570568084717 12.064491271972656
  endloop
endfacet
facet normal 0.0 0.0 0.0
  outer loop
    vertex -10.699999809265137 -5.891570568084717 12.064491271972656
    vertex -10.699999809265137 -5.9728312492370605 12.62966251373291
    vertex -10.699999809265137 -8.999999046325684 13.19999885559082
  endloop
endfacet
facet normal 0.0 0.0 0.0
  outer loop
    vertex -10.699999809265137 -8.999999046325684 13.19999885559082
    vertex -10.699999809265137 -5.9728312492370605 12.62966251373291
    vertex -10.699999809265137 -5.999999523162842 13.19999885559082
  endloop
endfacet
facet normal 0.0 0.0 0.0
  outer loop
    vertex -10.699999809265137 -8.999999046325684 13.19999885559082
    vertex -10.699999809265137 -5.999999523162842 13.19999885559082
    vertex -10.699999809265137 -8.974833488464355 13.872570037841797
  endloop
endfacet
facet normal 0.0 0.0 0.0
  outer loop
    vertex -10.699999809265137 -8.974833488464355 13.872570037841797
    vertex -10.699999809265137 -5.999999523162842 13.19999885559082
    vertex -10.699999809265137 -5.972831726074219 13.77033519744873
  endloop
endfacet
facet normal 0.0 0.0 0.0
  outer loop
    vertex -10.699999809265137 -8.974833488464355 13.872570037841797
    vertex -10.699999809265137 -5.972831726074219 13.77033519744873
    vertex -10.699999809265137 -8.899476051330566 14.541378021240234
  endloop
endfacet
facet normal 0.0 0.0 0.0
  outer loop
    vertex -10.699999809265137 -8.899476051330566 14.541378021240234
    vertex -10.699999809265137 -5.972831726074219 13.77033519744873
    vertex -10.699999809265137 -5.891571044921875 14.335506439208984
  endloop
endfacet
facet normal 0.0 0.0 0.0
  outer loop
    vertex -10.699999809265137 -8.899476051330566 14.541378021240234
    vertex -10.699999809265137 -5.891571044921875 14.335506439208984
    vertex -10.699999809265137 -8.774351119995117 15.202686309814453
  endloop
endfacet
facet normal 0.0 0.0 0.0
  outer loop
    vertex -10.699999809265137 -8.774351119995117 15.202686309814453
    vertex -10.699999809265137 -5.891571044921875 14.335506439208984
    vertex -10.699999809265137 -5.7569580078125 14.89039421081543
  endloop
endfacet
facet normal 0.0 0.0 0.0
  outer loop
    vertex -10.699999809265137 -8.774351119995117 15.202686309814453
    vertex -10.699999809265137 -5.7569580078125 14.89039421081543
    vertex -10.699999809265137 -8.600154876708984 15.852794647216797
  endloop
endfacet
facet normal 0.0 0.0 0.0
  outer loop
    vertex -10.699999809265137 -8.600154876708984 15.852794647216797
    vertex -10.699999809265137 -5.7569580078125 14.89039421081543
    vertex -10.699999809265137 -5.570209503173828 15.429973602294922
  endloop
endfacet
facet normal 0.0 0.0 0.0
  outer loop
    vertex -10.699999809265137 -8.600154876708984 15.852794647216797
    vertex -10.699999809265137 -5.570209503173828 15.429973602294922
    vertex -10.699999809265137 -8.377862930297852 16.488067626953125
  endloop
endfacet
facet normal 0.0 0.0 0.0
  outer loop
    vertex -10.699999809265137 -8.377862930297852 16.488067626953125
    vertex -10.699999809265137 -5.570209503173828 15.429973602294922
    vertex -10.699999809265137 -5.333011627197266 15.949357986450195
  endloop
endfacet
facet normal 0.0 0.0 0.0
  outer loop
    vertex -10.699999809265137 -8.377862930297852 16.488067626953125
    vertex -10.699999809265137 -5.333011627197266 15.949357986450195
    vertex -10.699999809265137 -8.108720779418945 17.104951858520508
  endloop
endfacet
facet normal 0.0 0.0 0.0
  outer loop
    vertex -10.699999809265137 -8.108720779418945 17.104951858520508
    vertex -10.699999809265137 -5.333011627197266 15.949357986450195
    vertex -10.699999809265137 -7.794229507446289 17.699996948242188
  endloop
endfacet
facet normal 0.0 0.0 0.0
  outer loop
    vertex -10.699999809265137 -7.794229507446289 17.699996948242188
    vertex -10.699999809265137 -5.333011627197266 15.949357986450195
    vertex -10.699999809265137 -5.047520160675049 16.443843841552734
  endloop
endfacet
facet normal 0.0 0.0 0.0
  outer loop
    vertex -10.699999809265137 -7.794229507446289 17.699996948242188
    vertex -10.699999809265137 -5.047520160675049 16.443843841552734
    vertex -10.699999809265137 -7.436149597167969 18.269878387451172
  endloop
endfacet
facet normal 0.0 0.0 0.0
  outer loop
    vertex -10.699999809265137 -7.436149597167969 18.269878387451172
    vertex -10.699999809265137 -5.047520160675049 16.443843841552734
    vertex -10.699999809265137 -4.716320514678955 16.908952713012695
  endloop
endfacet
facet normal 0.0 0.0 0.0
  outer loop
    vertex -10.699999809265137 -7.436149597167969 18.269878387451172
    vertex -10.699999809265137 -4.716320514678955 16.908952713012695
    vertex -10.699999809265137 -7.0364837646484375 18.811405181884766
  endloop
endfacet
facet normal 0.0 0.0 0.0
  outer loop
    vertex -10.699999809265137 -7.0364837646484375 18.811405181884766
    vertex -10.699999809265137 -4.716320514678955 16.908952713012695
    vertex -10.699999809265137 -4.342403888702393 17.340473175048828
  endloop
endfacet
facet normal 0.0 0.0 0.0
  outer loop
    vertex -10.699999809265137 -7.0364837646484375 18.811405181884766
    vertex -10.699999809265137 -4.342403888702393 17.340473175048828
    vertex -10.699999809265137 -6.597465515136719 19.321552276611328
  endloop
endfacet
facet normal 0.0 0.0 0.0
  outer loop
    vertex -10.699999809265137 -6.597465515136719 19.321552276611328
    vertex -10.699999809265137 -4.342403888702393 17.340473175048828
    vertex -10.699999809265137 -3.9291653633117676 17.734495162963867
  endloop
endfacet
facet normal 0.0 0.0 0.0
  outer loop
    vertex -10.699999809265137 -6.597465515136719 19.321552276611328
    vertex -10.699999809265137 -3.9291653633117676 17.734495162963867
    vertex -10.699999809265137 -6.121555328369141 19.79746437072754
  endloop
endfacet
facet normal 0.0 0.0 0.0
  outer loop
    vertex -10.699999809265137 -6.121555328369141 19.79746437072754
    vertex -10.699999809265137 -3.9291653633117676 17.734495162963867
    vertex -10.699999809265137 -5.6114091873168945 20.236480712890625
  endloop
endfacet
facet normal 0.0 0.0 0.0
  outer loop
    vertex -10.699999809265137 -5.6114091873168945 20.236480712890625
    vertex -10.699999809265137 -3.9291653633117676 17.734495162963867
    vertex -10.699999809265137 -3.4803433418273926 18.087453842163086
  endloop
endfacet
facet normal 0.0 0.0 0.0
  outer loop
    vertex -10.699999809265137 -5.6114091873168945 20.236480712890625
    vertex -10.699999809265137 -3.4803433418273926 18.087453842163086
    vertex -10.699999809265137 -5.069882392883301 20.636146545410156
  endloop
endfacet
facet normal 0.0 0.0 0.0
  outer loop
    vertex -10.699999809265137 -5.069882392883301 20.636146545410156
    vertex -10.699999809265137 -3.4803433418273926 18.087453842163086
    vertex -10.699999809265137 -3.000000476837158 18.396150588989258
  endloop
endfacet
facet normal 0.0 0.0 0.0
  outer loop
    vertex -10.699999809265137 -5.069882392883301 20.636146545410156
    vertex -10.699999809265137 -3.000000476837158 18.396150588989258
    vertex -10.699999809265137 -4.500000953674316 20.994226455688477
  endloop
endfacet
facet normal 0.0 0.0 0.0
  outer loop
    vertex -10.699999809265137 -4.500000953674316 20.994226455688477
    vertex -10.699999809265137 -3.000000476837158 18.396150588989258
    vertex -10.699999809265137 -2.673718214035034 18.614166259765625
  endloop
endfacet
facet normal 0.0 0.0 0.0
  outer loop
    vertex -10.699999809265137 -4.500000953674316 20.994226455688477
    vertex -10.699999809265137 -2.673718214035034 18.614166259765625
    vertex -10.699999809265137 -2.3786818981170654 18.872905731201172
  endloop
endfacet
facet normal 0.0 0.0 0.0
  outer loop
    vertex -10.699999809265137 -4.500000953674316 20.994226455688477
    vertex -10.699999809265137 -2.3786818981170654 18.872905731201172
    vertex -10.699999809265137 -4.148053169250488 21.167789459228516
  endloop
endfacet
facet normal 0.0 0.0 0.0
  outer loop
    vertex -10.699999809265137 -4.148053169250488 21.167789459228516
    vertex -10.699999809265137 -2.3786818981170654 18.872905731201172
    vertex -10.699999809265137 -2.1199426651000977 19.16794204711914
  endloop
endfacet
facet normal 0.0 0.0 0.0
  outer loop
    vertex -10.699999809265137 -4.148053169250488 21.167789459228516
    vertex -10.699999809265137 -2.1199426651000977 19.16794204711914
    vertex -10.699999809265137 -3.7764596939086914 21.293926239013672
  endloop
endfacet
facet normal 0.0 0.0 0.0
  outer loop
    vertex -10.699999809265137 -3.7764596939086914 21.293926239013672
    vertex -10.699999809265137 -2.1199426651000977 19.16794204711914
    vertex -10.699999809265137 -3.3915796279907227 21.370485305786133
  endloop
endfacet
facet normal 0.0 0.0 0.0
  outer loop
    vertex -10.699999809265137 -3.3915796279907227 21.370485305786133
    vertex -10.699999809265137 -2.1199426651000977 19.16794204711914
    vertex -10.699999809265137 -1.901924967765808 19.49422836303711
  endloop
endfacet
facet normal 0.0 0.0 0.0
  outer loop
    vertex -10.699999809265137 -3.3915796279907227 21.370485305786133
    vertex -10.699999809265137 -1.901924967765808 19.49422836303711
    vertex -10.699999809265137 -3.0000009536743164 21.39615249633789
  endloop
endfacet
facet normal 0.0 0.0 0.0
  outer loop
    vertex -10.699999809265137 -3.0000009536743164 21.39615249633789
    vertex -10.699999809265137 -1.901924967765808 19.49422836303711
    vertex -10.699999809265137 -1.7283639907836914 19.846176147460938
  endloop
endfacet
facet normal 0.0 0.0 0.0
  outer loop
    vertex -10.699999809265137 -3.0000009536743164 21.39615249633789
    vertex -10.699999809265137 -1.7283639907836914 19.846176147460938
    vertex -10.699999809265137 -2.6084225177764893 21.370485305786133
  endloop
endfacet
facet normal 0.0 0.0 0.0
  outer loop
    vertex -10.699999809265137 -2.6084225177764893 21.370485305786133
    vertex -10.699999809265137 -1.7283639907836914 19.846176147460938
    vertex -10.699999809265137 -1.6022233963012695 20.217769622802734
  endloop
endfacet
facet normal 0.0 0.0 0.0
  outer loop
    vertex -10.699999809265137 -2.6084225177764893 21.370485305786133
    vertex -10.699999809265137 -1.6022233963012695 20.217769622802734
    vertex -10.699999809265137 -2.2235424518585205 21.293928146362305
  endloop
endfacet
facet normal 0.0 0.0 0.0
  outer loop
    vertex -10.699999809265137 -2.2235424518585205 21.293928146362305
    vertex -10.699999809265137 -1.6022233963012695 20.217769622802734
    vertex -10.699999809265137 -1.525666356086731 20.602649688720703
  endloop
endfacet
facet normal 0.0 0.0 0.0
  outer loop
    vertex -10.699999809265137 -2.2235424518585205 21.293928146362305
    vertex -10.699999809265137 -1.525666356086731 20.602649688720703
    vertex -10.699999809265137 -1.8519526720046997 21.167789459228516
  endloop
endfacet
facet normal 0.0 0.0 0.0
  outer loop
    vertex -10.699999809265137 -1.8519526720046997 21.167789459228516
    vertex -10.699999809265137 -1.525666356086731 20.602649688720703
    vertex -10.699999809265137 -1.500001072883606 20.99422836303711
  endloop
endfacet
facet normal 0.0 0.0 0.0
  outer loop
    vertex 16.399999618530273 1.4999983310699463 22.074119567871094
    vertex 16.399999618530273 2.1866018772125244 21.930335998535156
    vertex 10.699999809265137 1.4999983310699463 22.074119567871094
  endloop
endfacet
facet normal 0.0 0.0 0.0
  outer loop
    vertex 10.699999809265137 1.4999983310699463 22.074119567871094
    vertex 16.399999618530273 2.1866018772125244 21.930335998535156
    vertex 10.699999809265137 2.1866018772125244 21.930335998535156
  endloop
endfacet
facet normal 0.0 0.0 0.0
  outer loop
    vertex 10.699999809265137 2.1866018772125244 21.930335998535156
    vertex 16.399999618530273 2.1866018772125244 21.930335998535156
    vertex 16.399999618530273 2.8599188327789307 21.73351287841797
  endloop
endfacet
facet normal 0.0 0.0 0.0
  outer loop
    vertex 10.699999809265137 2.1866018772125244 21.930335998535156
    vertex 16.399999618530273 2.8599188327789307 21.73351287841797
    vertex 10.699999809265137 2.8599188327789307 21.73351287841797
  endloop
endfacet
facet normal 0.0 0.0 0.0
  outer loop
    vertex 10.699999809265137 2.8599188327789307 21.73351287841797
    vertex 16.399999618530273 2.8599188327789307 21.73351287841797
    vertex 16.399999618530273 3.5158634185791016 21.484846115112305
  endloop
endfacet
facet normal 0.0 0.0 0.0
  outer loop
    vertex 10.699999809265137 2.8599188327789307 21.73351287841797
    vertex 16.399999618530273 3.5158634185791016 21.484846115112305
    vertex 10.699999809265137 3.5158634185791016 21.484846115112305
  endloop
endfacet
facet normal 0.0 0.0 0.0
  outer loop
    vertex 10.699999809265137 3.5158634185791016 21.484846115112305
    vertex 16.399999618530273 3.5158634185791016 21.484846115112305
    vertex 16.399999618530273 4.150445938110352 21.185848236083984
  endloop
endfacet
facet normal 0.0 0.0 0.0
  outer loop
    vertex 10.699999809265137 3.5158634185791016 21.484846115112305
    vertex 16.399999618530273 4.150445938110352 21.185848236083984
    vertex 10.699999809265137 4.150445938110352 21.185848236083984
  endloop
endfacet
facet normal 0.0 0.0 0.0
  outer loop
    vertex 10.699999809265137 4.150445938110352 21.185848236083984
    vertex 16.399999618530273 4.150445938110352 21.185848236083984
    vertex 16.399999618530273 4.759817123413086 20.838333129882812
  endloop
endfacet
facet normal 0.0 0.0 0.0
  outer loop
    vertex 10.699999809265137 4.150445938110352 21.185848236083984
    vertex 16.399999618530273 4.759817123413086 20.838333129882812
    vertex 10.699999809265137 4.759817123413086 20.838333129882812
  endloop
endfacet
facet normal 0.0 0.0 0.0
  outer loop
    vertex 10.699999809265137 4.759817123413086 20.838333129882812
    vertex 16.399999618530273 4.759817123413086 20.838333129882812
    vertex 16.399999618530273 5.340269088745117 20.444412231445312
  endloop
endfacet
facet normal 0.0 0.0 0.0
  outer loop
    vertex 10.699999809265137 4.759817123413086 20.838333129882812
    vertex 16.399999618530273 5.340269088745117 20.444412231445312
    vertex 10.699999809265137 5.340269088745117 20.444412231445312
  endloop
endfacet
facet normal 0.0 0.0 0.0
  outer loop
    vertex 10.699999809265137 5.340269088745117 20.444412231445312
    vertex 16.399999618530273 5.340269088745117 20.444412231445312
    vertex 16.399999618530273 5.888277053833008 20.006481170654297
  endloop
endfacet
facet normal 0.0 0.0 0.0
  outer loop
    vertex 10.699999809265137 5.340269088745117 20.444412231445312
    vertex 16.399999618530273 5.888277053833008 20.006481170654297
    vertex 10.699999809265137 5.888277053833008 20.006481170654297
  endloop
endfacet
facet normal 0.0 0.0 0.0
  outer loop
    vertex 10.699999809265137 5.888277053833008 20.006481170654297
    vertex 16.399999618530273 5.888277053833008 20.006481170654297
    vertex 16.399999618530273 6.400510787963867 19.527198791503906
  endloop
endfacet
facet normal 0.0 0.0 0.0
  outer loop
    vertex 10.699999809265137 5.888277053833008 20.006481170654297
    vertex 16.399999618530273 6.400510787963867 19.527198791503906
    vertex 10.699999809265137 6.400510787963867 19.527198791503906
  endloop
endfacet
facet normal 0.0 0.0 0.0
  outer loop
    vertex 10.699999809265137 6.400510787963867 19.527198791503906
    vertex 16.399999618530273 6.400510787963867 19.527198791503906
    vertex 16.399999618530273 6.873861312866211 19.009475708007812
  endloop
endfacet
facet normal 0.0 0.0 0.0
  outer loop
    vertex 10.699999809265137 6.400510787963867 19.527198791503906
    vertex 16.399999618530273 6.873861312866211 19.009475708007812
    vertex 10.699999809265137 6.873861312866211 19.009475708007812
  endloop
endfacet
facet normal 0.0 0.0 0.0
  outer loop
    vertex 10.699999809265137 6.873861312866211 19.009475708007812
    vertex 16.399999618530273 6.873861312866211 19.009475708007812
    vertex 16.399999618530273 7.305452346801758 18.456459045410156
  endloop
endfacet
facet normal 0.0 0.0 0.0
  outer loop
    vertex 10.699999809265137 6.873861312866211 19.009475708007812
    vertex 16.399999618530273 7.305452346801758 18.456459045410156
    vertex 10.699999809265137 7.305452346801758 18.456459045410156
  endloop
endfacet
facet normal 0.0 0.0 0.0
  outer loop
    vertex 10.699999809265137 7.305452346801758 18.456459045410156
    vertex 16.399999618530273 7.305452346801758 18.456459045410156
    vertex 16.399999618530273 7.692659378051758 17.871505737304688
  endloop
endfacet
facet normal 0.0 0.0 0.0
  outer loop
    vertex 10.699999809265137 7.305452346801758 18.456459045410156
    vertex 16.399999618530273 7.692659378051758 17.871505737304688
    vertex 10.699999809265137 7.692659378051758 17.871505737304688
  endloop
endfacet
facet normal 0.0 0.0 0.0
  outer loop
    vertex 10.699999809265137 7.692659378051758 17.871505737304688
    vertex 16.399999618530273 7.692659378051758 17.871505737304688
    vertex 16.399999618530273 8.03312873840332 17.258174896240234
  endloop
endfacet
facet normal 0.0 0.0 0.0
  outer loop
    vertex 10.699999809265137 7.692659378051758 17.871505737304688
    vertex 16.399999618530273 8.03312873840332 17.258174896240234
    vertex 10.699999809265137 8.03312873840332 17.258174896240234
  endloop
endfacet
facet normal 0.0 0.0 0.0
  outer loop
    vertex 10.699999809265137 8.03312873840332 17.258174896240234
    vertex 16.399999618530273 8.03312873840332 17.258174896240234
    vertex 16.399999618530273 8.324800491333008 16.620189666748047
  endloop
endfacet
facet normal 0.0 0.0 0.0
  outer loop
    vertex 10.699999809265137 8.03312873840332 17.258174896240234
    vertex 16.399999618530273 8.324800491333008 16.620189666748047
    vertex 10.699999809265137 8.324800491333008 16.620189666748047
  endloop
endfacet
facet normal 0.0 0.0 0.0
  outer loop
    vertex 10.699999809265137 8.324800491333008 16.620189666748047
    vertex 16.399999618530273 8.324800491333008 16.620189666748047
    vertex 16.399999618530273 8.565893173217773 15.961423873901367
  endloop
endfacet
facet normal 0.0 0.0 0.0
  outer loop
    vertex 10.699999809265137 8.324800491333008 16.620189666748047
    vertex 16.399999618530273 8.565893173217773 15.961423873901367
    vertex 10.699999809265137 8.565893173217773 15.961423873901367
  endloop
endfacet
facet normal 0.0 0.0 0.0
  outer loop
    vertex 10.699999809265137 8.565893173217773 15.961423873901367
    vertex 16.399999618530273 8.565893173217773 15.961423873901367
    vertex 16.399999618530273 8.754945755004883 15.285882949829102
  endloop
endfacet
facet normal 0.0 0.0 0.0
  outer loop
    vertex 10.699999809265137 8.565893173217773 15.961423873901367
    vertex 16.399999618530273 8.754945755004883 15.285882949829102
    vertex 10.699999809265137 8.754945755004883 15.285882949829102
  endloop
endfacet
facet normal 0.0 0.0 0.0
  outer loop
    vertex 10.699999809265137 8.754945755004883 15.285882949829102
    vertex 16.399999618530273 8.754945755004883 15.285882949829102
    vertex 16.399999618530273 8.8908109664917 14.59766960144043
  endloop
endfacet
facet normal 0.0 0.0 0.0
  outer loop
    vertex 10.699999809265137 8.754945755004883 15.285882949829102
    vertex 16.399999618530273 8.8908109664917 14.59766960144043
    vertex 10.699999809265137 8.8908109664917 14.59766960144043
  endloop
endfacet
facet normal 0.0 0.0 0.0
  outer loop
    vertex 10.699999809265137 8.8908109664917 14.59766960144043
    vertex 16.399999618530273 8.8908109664917 14.59766960144043
    vertex 16.399999618530273 8.97265911102295 13.900964736938477
  endloop
endfacet
facet normal 0.0 0.0 0.0
  outer loop
    vertex 10.699999809265137 8.8908109664917 14.59766960144043
    vertex 16.399999618530273 8.97265911102295 13.900964736938477
    vertex 10.699999809265137 8.97265911102295 13.900964736938477
  endloop
endfacet
facet normal 0.0 0.0 0.0
  outer loop
    vertex 10.699999809265137 8.97265911102295 13.900964736938477
    vertex 16.399999618530273 8.97265911102295 13.900964736938477
    vertex 10.699999809265137 8.999999046325684 13.200000762939453
  endloop
endfacet
facet normal 0.0 0.0 0.0
  outer loop
    vertex 10.699999809265137 8.999999046325684 13.200000762939453
    vertex 16.399999618530273 8.97265911102295 13.900964736938477
    vertex 16.399999618530273 8.999999046325684 13.200000762939453
  endloop
endfacet
facet normal 0.0 0.0 0.0
  outer loop
    vertex 16.399999618530273 1.499998688697815 19.00947380065918
    vertex 16.399999618530273 1.4999983310699463 22.074119567871094
    vertex 10.699999809265137 1.499998688697815 19.00947380065918
  endloop
endfacet
facet normal 0.0 0.0 0.0
  outer loop
    vertex 10.699999809265137 1.499998688697815 19.00947380065918
    vertex 16.399999618530273 1.4999983310699463 22.074119567871094
    vertex 10.699999809265137 1.4999983310699463 22.074119567871094
  endloop
endfacet
facet normal 0.0 0.0 0.0
  outer loop
    vertex 16.399999618530273 -1.5000008344650269 19.00947380065918
    vertex 16.399999618530273 -2.042717695236206 18.841567993164062
    vertex 10.699999809265137 -1.5000008344650269 19.00947380065918
  endloop
endfacet
facet normal 0.0 0.0 0.0
  outer loop
    vertex 10.699999809265137 -1.5000008344650269 19.00947380065918
    vertex 16.399999618530273 -2.042717695236206 18.841567993164062
    vertex 10.699999809265137 -2.042717695236206 18.841567993164062
  endloop
endfacet
facet normal 0.0 0.0 0.0
  outer loop
    vertex 10.699999809265137 -2.042717695236206 18.841567993164062
    vertex 16.399999618530273 -2.042717695236206 18.841567993164062
    vertex 16.399999618530273 -2.567124128341675 18.623085021972656
  endloop
endfacet
facet normal 0.0 0.0 0.0
  outer loop
    vertex 10.699999809265137 -2.042717695236206 18.841567993164062
    vertex 16.399999618530273 -2.567124128341675 18.623085021972656
    vertex 10.699999809265137 -2.567124128341675 18.623085021972656
  endloop
endfacet
facet normal 0.0 0.0 0.0
  outer loop
    vertex 10.699999809265137 -2.567124128341675 18.623085021972656
    vertex 16.399999618530273 -2.567124128341675 18.623085021972656
    vertex 16.399999618530273 -3.068516254425049 18.355987548828125
  endloop
endfacet
facet normal 0.0 0.0 0.0
  outer loop
    vertex 10.699999809265137 -2.567124128341675 18.623085021972656
    vertex 16.399999618530273 -3.068516254425049 18.355987548828125
    vertex 10.699999809265137 -3.068516254425049 18.355987548828125
  endloop
endfacet
facet normal 0.0 0.0 0.0
  outer loop
    vertex 10.699999809265137 -3.068516254425049 18.355987548828125
    vertex 16.399999618530273 -3.068516254425049 18.355987548828125
    vertex 16.399999618530273 -3.5423970222473145 18.04266357421875
  endloop
endfacet
facet normal 0.0 0.0 0.0
  outer loop
    vertex 10.699999809265137 -3.068516254425049 18.355987548828125
    vertex 16.399999618530273 -3.5423970222473145 18.04266357421875
    vertex 10.699999809265137 -3.5423970222473145 18.04266357421875
  endloop
endfacet
facet normal 0.0 0.0 0.0
  outer loop
    vertex 10.699999809265137 -3.5423970222473145 18.04266357421875
    vertex 16.399999618530273 -3.5423970222473145 18.04266357421875
    vertex 16.399999618530273 -3.9845242500305176 17.685928344726562
  endloop
endfacet
facet normal 0.0 0.0 0.0
  outer loop
    vertex 10.699999809265137 -3.5423970222473145 18.04266357421875
    vertex 16.399999618530273 -3.9845242500305176 17.685928344726562
    vertex 10.699999809265137 -3.9845242500305176 17.685928344726562
  endloop
endfacet
facet normal 0.0 0.0 0.0
  outer loop
    vertex 10.699999809265137 -3.9845242500305176 17.685928344726562
    vertex 16.399999618530273 -3.9845242500305176 17.685928344726562
    vertex 16.399999618530273 -4.390930652618408 17.288976669311523
  endloop
endfacet
facet normal 0.0 0.0 0.0
  outer loop
    vertex 10.699999809265137 -3.9845242500305176 17.685928344726562
    vertex 16.399999618530273 -4.390930652618408 17.288976669311523
    vertex 10.699999809265137 -4.390930652618408 17.288976669311523
  endloop
endfacet
facet normal 0.0 0.0 0.0
  outer loop
    vertex 10.699999809265137 -4.390930652618408 17.288976669311523
    vertex 16.399999618530273 -4.390930652618408 17.288976669311523
    vertex 16.399999618530273 -4.757969379425049 16.85536766052246
  endloop
endfacet
facet normal 0.0 0.0 0.0
  outer loop
    vertex 10.699999809265137 -4.390930652618408 17.288976669311523
    vertex 16.399999618530273 -4.757969379425049 16.85536766052246
    vertex 10.699999809265137 -4.757969379425049 16.85536766052246
  endloop
endfacet
facet normal 0.0 0.0 0.0
  outer loop
    vertex 10.699999809265137 -4.757969379425049 16.85536766052246
    vertex 16.399999618530273 -4.757969379425049 16.85536766052246
    vertex 16.399999618530273 -5.082355499267578 16.388988494873047
  endloop
endfacet
facet normal 0.0 0.0 0.0
  outer loop
    vertex 10.699999809265137 -4.757969379425049 16.85536766052246
    vertex 16.399999618530273 -5.082355499267578 16.388988494873047
    vertex 10.699999809265137 -5.082355499267578 16.388988494873047
  endloop
endfacet
facet normal 0.0 0.0 0.0
  outer loop
    vertex 10.699999809265137 -5.082355499267578 16.388988494873047
    vertex 16.399999618530273 -5.082355499267578 16.388988494873047
    vertex 16.399999618530273 -5.361179351806641 15.894021987915039
  endloop
endfacet
facet normal 0.0 0.0 0.0
  outer loop
    vertex 10.699999809265137 -5.082355499267578 16.388988494873047
    vertex 16.399999618530273 -5.361179351806641 15.894021987915039
    vertex 10.699999809265137 -5.361179351806641 15.894021987915039
  endloop
endfacet
facet normal 0.0 0.0 0.0
  outer loop
    vertex 10.699999809265137 -5.361179351806641 15.894021987915039
    vertex 16.399999618530273 -5.361179351806641 15.894021987915039
    vertex 16.399999618530273 -5.591941833496094 15.37490177154541
  endloop
endfacet
facet normal 0.0 0.0 0.0
  outer loop
    vertex 10.699999809265137 -5.361179351806641 15.894021987915039
    vertex 16.399999618530273 -5.591941833496094 15.37490177154541
    vertex 10.699999809265137 -5.591941833496094 15.37490177154541
  endloop
endfacet
facet normal 0.0 0.0 0.0
  outer loop
    vertex 10.699999809265137 -5.591941833496094 15.37490177154541
    vertex 16.399999618530273 -5.591941833496094 15.37490177154541
    vertex 16.399999618530273 -5.772571563720703 14.836285591125488
  endloop
endfacet
facet normal 0.0 0.0 0.0
  outer loop
    vertex 10.699999809265137 -5.591941833496094 15.37490177154541
    vertex 16.399999618530273 -5.772571563720703 14.836285591125488
    vertex 10.699999809265137 -5.772571563720703 14.836285591125488
  endloop
endfacet
facet normal 0.0 0.0 0.0
  outer loop
    vertex 10.699999809265137 -5.772571563720703 14.836285591125488
    vertex 16.399999618530273 -5.772571563720703 14.836285591125488
    vertex 16.399999618530273 -5.901451110839844 14.282999038696289
  endloop
endfacet
facet normal 0.0 0.0 0.0
  outer loop
    vertex 10.699999809265137 -5.772571563720703 14.836285591125488
    vertex 16.399999618530273 -5.901451110839844 14.282999038696289
    vertex 10.699999809265137 -5.901451110839844 14.282999038696289
  endloop
endfacet
facet normal 0.0 0.0 0.0
  outer loop
    vertex 10.699999809265137 -5.901451110839844 14.282999038696289
    vertex 16.399999618530273 -5.901451110839844 14.282999038696289
    vertex 16.399999618530273 -5.977424621582031 13.720004081726074
  endloop
endfacet
facet normal 0.0 0.0 0.0
  outer loop
    vertex 10.699999809265137 -5.901451110839844 14.282999038696289
    vertex 16.399999618530273 -5.977424621582031 13.720004081726074
    vertex 10.699999809265137 -5.977424621582031 13.720004081726074
  endloop
endfacet
facet normal 0.0 0.0 0.0
  outer loop
    vertex 10.699999809265137 -5.977424621582031 13.720004081726074
    vertex 16.399999618530273 -5.977424621582031 13.720004081726074
    vertex 16.399999618530273 -5.999809265136719 13.15234661102295
  endloop
endfacet
facet normal 0.0 0.0 0.0
  outer loop
    vertex 10.699999809265137 -5.977424621582031 13.720004081726074
    vertex 16.399999618530273 -5.999809265136719 13.15234661102295
    vertex 10.699999809265137 -5.999809265136719 13.15234661102295
  endloop
endfacet
facet normal 0.0 0.0 0.0
  outer loop
    vertex 10.699999809265137 -5.999809265136719 13.15234661102295
    vertex 16.399999618530273 -5.999809265136719 13.15234661102295
    vertex 16.399999618530273 -5.968410015106201 12.58511734008789
  endloop
endfacet
facet normal 0.0 0.0 0.0
  outer loop
    vertex 10.699999809265137 -5.999809265136719 13.15234661102295
    vertex 16.399999618530273 -5.968410015106201 12.58511734008789
    vertex 10.699999809265137 -5.968410015106201 12.58511734008789
  endloop
endfacet
facet normal 0.0 0.0 0.0
  outer loop
    vertex 10.699999809265137 -5.968410015106201 12.58511734008789
    vertex 16.399999618530273 -5.968410015106201 12.58511734008789
    vertex 16.399999618530273 -5.88350248336792 12.023399353027344
  endloop
endfacet
facet normal 0.0 0.0 0.0
  outer loop
    vertex 10.699999809265137 -5.968410015106201 12.58511734008789
    vertex 16.399999618530273 -5.88350248336792 12.023399353027344
    vertex 10.699999809265137 -5.88350248336792 12.023399353027344
  endloop
endfacet
facet normal 0.0 0.0 0.0
  outer loop
    vertex 10.699999809265137 -5.88350248336792 12.023399353027344
    vertex 16.399999618530273 -5.88350248336792 12.023399353027344
    vertex 16.399999618530273 -5.745852947235107 11.472229957580566
  endloop
endfacet
facet normal 0.0 0.0 0.0
  outer loop
    vertex 10.699999809265137 -5.88350248336792 12.023399353027344
    vertex 16.399999618530273 -5.745852947235107 11.472229957580566
    vertex 10.699999809265137 -5.745852947235107 11.472229957580566
  endloop
endfacet
facet normal 0.0 0.0 0.0
  outer loop
    vertex 10.699999809265137 -5.745852947235107 11.472229957580566
    vertex 16.399999618530273 -5.745852947235107 11.472229957580566
    vertex 16.399999618530273 -5.556689739227295 10.93655014038086
  endloop
endfacet
facet normal 0.0 0.0 0.0
  outer loop
    vertex 10.699999809265137 -5.745852947235107 11.472229957580566
    vertex 16.399999618530273 -5.556689739227295 10.93655014038086
    vertex 10.699999809265137 -5.556689739227295 10.93655014038086
  endloop
endfacet
facet normal 0.0 0.0 0.0
  outer loop
    vertex 10.699999809265137 -5.556689739227295 10.93655014038086
    vertex 16.399999618530273 -5.556689739227295 10.93655014038086
    vertex 16.399999618530273 -5.3177103996276855 10.421161651611328
  endloop
endfacet
facet normal 0.0 0.0 0.0
  outer loop
    vertex 10.699999809265137 -5.556689739227295 10.93655014038086
    vertex 16.399999618530273 -5.3177103996276855 10.421161651611328
    vertex 10.699999809265137 -5.3177103996276855 10.421161651611328
  endloop
endfacet
facet normal 0.0 0.0 0.0
  outer loop
    vertex 10.699999809265137 -5.3177103996276855 10.421161651611328
    vertex 16.399999618530273 -5.3177103996276855 10.421161651611328
    vertex 16.399999618530273 -5.031062602996826 9.930685043334961
  endloop
endfacet
facet normal 0.0 0.0 0.0
  outer loop
    vertex 10.699999809265137 -5.3177103996276855 10.421161651611328
    vertex 16.399999618530273 -5.031062602996826 9.930685043334961
    vertex 10.699999809265137 -5.031062602996826 9.930685043334961
  endloop
endfacet
facet normal 0.0 0.0 0.0
  outer loop
    vertex 10.699999809265137 -5.031062602996826 9.930685043334961
    vertex 16.399999618530273 -5.031062602996826 9.930685043334961
    vertex 16.399999618530273 -4.699309825897217 9.469518661499023
  endloop
endfacet
facet normal 0.0 0.0 0.0
  outer loop
    vertex 10.699999809265137 -5.031062602996826 9.930685043334961
    vertex 16.399999618530273 -4.699309825897217 9.469518661499023
    vertex 10.699999809265137 -4.699309825897217 9.469518661499023
  endloop
endfacet
facet normal 0.0 0.0 0.0
  outer loop
    vertex 10.699999809265137 -4.699309825897217 9.469518661499023
    vertex 16.399999618530273 -4.699309825897217 9.469518661499023
    vertex 16.399999618530273 -4.325427055358887 9.041793823242188
  endloop
endfacet
facet normal 0.0 0.0 0.0
  outer loop
    vertex 10.699999809265137 -4.699309825897217 9.469518661499023
    vertex 16.399999618530273 -4.325427055358887 9.041793823242188
    vertex 10.699999809265137 -4.325427055358887 9.041793823242188
  endloop
endfacet
facet normal 0.0 0.0 0.0
  outer loop
    vertex 10.699999809265137 -4.325427055358887 9.041793823242188
    vertex 16.399999618530273 -4.325427055358887 9.041793823242188
    vertex 16.399999618530273 -3.912768602371216 8.651347160339355
  endloop
endfacet
facet normal 0.0 0.0 0.0
  outer loop
    vertex 10.699999809265137 -4.325427055358887 9.041793823242188
    vertex 16.399999618530273 -3.912768602371216 8.651347160339355
    vertex 10.699999809265137 -3.912768602371216 8.651347160339355
  endloop
endfacet
facet normal 0.0 0.0 0.0
  outer loop
    vertex 10.699999809265137 -3.912768602371216 8.651347160339355
    vertex 16.399999618530273 -3.912768602371216 8.651347160339355
    vertex 16.399999618530273 -3.465033531188965 8.301678657531738
  endloop
endfacet
facet normal 0.0 0.0 0.0
  outer loop
    vertex 10.699999809265137 -3.912768602371216 8.651347160339355
    vertex 16.399999618530273 -3.465033531188965 8.301678657531738
    vertex 10.699999809265137 -3.465033531188965 8.301678657531738
  endloop
endfacet
facet normal 0.0 0.0 0.0
  outer loop
    vertex 10.699999809265137 -3.465033531188965 8.301678657531738
    vertex 16.399999618530273 -3.465033531188965 8.301678657531738
    vertex 16.399999618530273 -2.986232042312622 7.99592399597168
  endloop
endfacet
facet normal 0.0 0.0 0.0
  outer loop
    vertex 10.699999809265137 -3.465033531188965 8.301678657531738
    vertex 16.399999618530273 -2.986232042312622 7.99592399597168
    vertex 10.699999809265137 -2.986232042312622 7.99592399597168
  endloop
endfacet
facet normal 0.0 0.0 0.0
  outer loop
    vertex 10.699999809265137 -2.986232042312622 7.99592399597168
    vertex 16.399999618530273 -2.986232042312622 7.99592399597168
    vertex 16.399999618530273 -2.4806625843048096 7.736822128295898
  endloop
endfacet
facet normal 0.0 0.0 0.0
  outer loop
    vertex 10.699999809265137 -2.986232042312622 7.99592399597168
    vertex 16.399999618530273 -2.4806625843048096 7.736822128295898
    vertex 10.699999809265137 -2.4806625843048096 7.736822128295898
  endloop
endfacet
facet normal 0.0 0.0 0.0
  outer loop
    vertex 10.699999809265137 -2.4806625843048096 7.736822128295898
    vertex 16.399999618530273 -2.4806625843048096 7.736822128295898
    vertex 16.399999618530273 -1.9528534412384033 7.526697158813477
  endloop
endfacet
facet normal 0.0 0.0 0.0
  outer loop
    vertex 10.699999809265137 -2.4806625843048096 7.736822128295898
    vertex 16.399999618530273 -1.9528534412384033 7.526697158813477
    vertex 10.699999809265137 -1.9528534412384033 7.526697158813477
  endloop
endfacet
facet normal 0.0 0.0 0.0
  outer loop
    vertex 10.699999809265137 -1.9528534412384033 7.526697158813477
    vertex 16.399999618530273 -1.9528534412384033 7.526697158813477
    vertex 16.399999618530273 -1.4075349569320679 7.367432594299316
  endloop
endfacet
facet normal 0.0 0.0 0.0
  outer loop
    vertex 10.699999809265137 -1.9528534412384033 7.526697158813477
    vertex 16.399999618530273 -1.4075349569320679 7.367432594299316
    vertex 10.699999809265137 -1.4075349569320679 7.367432594299316
  endloop
endfacet
facet normal 0.0 0.0 0.0
  outer loop
    vertex 10.699999809265137 -1.4075349569320679 7.367432594299316
    vertex 16.399999618530273 -1.4075349569320679 7.367432594299316
    vertex 10.699999809265137 -0.849601149559021 7.260456562042236
  endloop
endfacet
facet normal 0.0 0.0 0.0
  outer loop
    vertex 10.699999809265137 -0.849601149559021 7.260456562042236
    vertex 16.399999618530273 -1.4075349569320679 7.367432594299316
    vertex 16.399999618530273 -0.849601149559021 7.260456562042236
  endloop
endfacet
facet normal 0.0 0.0 0.0
  outer loop
    vertex 10.699999809265137 -0.849601149559021 7.260456562042236
    vertex 16.399999618530273 -0.849601149559021 7.260456562042236
    vertex 10.699999809265137 -0.28404945135116577 7.206727504730225
  endloop
endfacet
facet normal 0.0 0.0 0.0
  outer loop
    vertex 10.699999809265137 -0.28404945135116577 7.206727504730225
    vertex 16.399999618530273 -0.849601149559021 7.260456562042236
    vertex 16.399999618530273 -0.28404945135116577 7.206727504730225
  endloop
endfacet
facet normal 0.0 0.0 0.0
  outer loop
    vertex 10.699999809265137 -0.28404945135116577 7.206727504730225
    vertex 16.399999618530273 -0.28404945135116577 7.206727504730225
    vertex 10.699999809265137 0.28405046463012695 7.206727504730225
  endloop
endfacet
facet normal 0.0 0.0 0.0
  outer loop
    vertex 10.699999809265137 0.28405046463012695 7.206727504730225
    vertex 16.399999618530273 -0.28404945135116577 7.206727504730225
    vertex 16.399999618530273 0.28405046463012695 7.206727504730225
  endloop
endfacet
facet normal 0.0 0.0 0.0
  outer loop
    vertex 10.699999809265137 0.28405046463012695 7.206727504730225
    vertex 16.399999618530273 0.28405046463012695 7.206727504730225
    vertex 10.699999809265137 0.8496021032333374 7.260456562042236
  endloop
endfacet
facet normal 0.0 0.0 0.0
  outer loop
    vertex 10.699999809265137 0.8496021032333374 7.260456562042236
    vertex 16.399999618530273 0.28405046463012695 7.206727504730225
    vertex 16.399999618530273 0.8496021032333374 7.260456562042236
  endloop
endfacet
facet normal 0.0 0.0 0.0
  outer loop
    vertex 10.699999809265137 0.8496021032333374 7.260456562042236
    vertex 16.399999618530273 0.8496021032333374 7.260456562042236
    vertex 10.699999809265137 1.4075359106063843 7.367433547973633
  endloop
endfacet
facet normal 0.0 0.0 0.0
  outer loop
    vertex 10.699999809265137 1.4075359106063843 7.367433547973633
    vertex 16.399999618530273 0.8496021032333374 7.260456562042236
    vertex 16.399999618530273 1.4075359106063843 7.367433547973633
  endloop
endfacet
facet normal 0.0 0.0 0.0
  outer loop
    vertex 10.699999809265137 1.4075359106063843 7.367433547973633
    vertex 16.399999618530273 1.4075359106063843 7.367433547973633
    vertex 16.399999618530273 1.9528543949127197 7.526698112487793
  endloop
endfacet
facet normal 0.0 0.0 0.0
  outer loop
    vertex 10.699999809265137 1.4075359106063843 7.367433547973633
    vertex 16.399999618530273 1.9528543949127197 7.526698112487793
    vertex 10.699999809265137 1.9528543949127197 7.526698112487793
  endloop
endfacet
facet normal 0.0 0.0 0.0
  outer loop
    vertex 10.699999809265137 1.9528543949127197 7.526698112487793
    vertex 16.399999618530273 1.9528543949127197 7.526698112487793
    vertex 16.399999618530273 2.480663537979126 7.736823081970215
  endloop
endfacet
facet normal 0.0 0.0 0.0
  outer loop
    vertex 10.699999809265137 1.9528543949127197 7.526698112487793
    vertex 16.399999618530273 2.480663537979126 7.736823081970215
    vertex 10.699999809265137 2.480663537979126 7.736823081970215
  endloop
endfacet
facet normal 0.0 0.0 0.0
  outer loop
    vertex 10.699999809265137 2.480663537979126 7.736823081970215
    vertex 16.399999618530273 2.480663537979126 7.736823081970215
    vertex 16.399999618530273 2.9862329959869385 7.995924949645996
  endloop
endfacet
facet normal 0.0 0.0 0.0
  outer loop
    vertex 10.699999809265137 2.480663537979126 7.736823081970215
    vertex 16.399999618530273 2.9862329959869385 7.995924949645996
    vertex 10.699999809265137 2.9862329959869385 7.995924949645996
  endloop
endfacet
facet normal 0.0 0.0 0.0
  outer loop
    vertex 10.699999809265137 2.9862329959869385 7.995924949645996
    vertex 16.399999618530273 2.9862329959869385 7.995924949645996
    vertex 16.399999618530273 3.4650344848632812 8.301679611206055
  endloop
endfacet
facet normal 0.0 0.0 0.0
  outer loop
    vertex 10.699999809265137 2.9862329959869385 7.995924949645996
    vertex 16.399999618530273 3.4650344848632812 8.301679611206055
    vertex 10.699999809265137 3.4650344848632812 8.301679611206055
  endloop
endfacet
facet normal 0.0 0.0 0.0
  outer loop
    vertex 10.699999809265137 3.4650344848632812 8.301679611206055
    vertex 16.399999618530273 3.4650344848632812 8.301679611206055
    vertex 16.399999618530273 3.912769079208374 8.651348114013672
  endloop
endfacet
facet normal 0.0 0.0 0.0
  outer loop
    vertex 10.699999809265137 3.4650344848632812 8.301679611206055
    vertex 16.399999618530273 3.912769079208374 8.651348114013672
    vertex 10.699999809265137 3.912769079208374 8.651348114013672
  endloop
endfacet
facet normal 0.0 0.0 0.0
  outer loop
    vertex 10.699999809265137 3.912769079208374 8.651348114013672
    vertex 16.399999618530273 3.912769079208374 8.651348114013672
    vertex 16.399999618530273 4.325428009033203 9.041794776916504
  endloop
endfacet
facet normal 0.0 0.0 0.0
  outer loop
    vertex 10.699999809265137 3.912769079208374 8.651348114013672
    vertex 16.399999618530273 4.325428009033203 9.041794776916504
    vertex 10.699999809265137 4.325428009033203 9.041794776916504
  endloop
endfacet
facet normal 0.0 0.0 0.0
  outer loop
    vertex 10.699999809265137 4.325428009033203 9.041794776916504
    vertex 16.399999618530273 4.325428009033203 9.041794776916504
    vertex 16.399999618530273 4.699309825897217 9.46951961517334
  endloop
endfacet
facet normal 0.0 0.0 0.0
  outer loop
    vertex 10.699999809265137 4.325428009033203 9.041794776916504
    vertex 16.399999618530273 4.699309825897217 9.46951961517334
    vertex 10.699999809265137 4.699309825897217 9.46951961517334
  endloop
endfacet
facet normal 0.0 0.0 0.0
  outer loop
    vertex 10.699999809265137 4.699309825897217 9.46951961517334
    vertex 16.399999618530273 4.699309825897217 9.46951961517334
    vertex 16.399999618530273 5.031062602996826 9.930686950683594
  endloop
endfacet
facet normal 0.0 0.0 0.0
  outer loop
    vertex 10.699999809265137 4.699309825897217 9.46951961517334
    vertex 16.399999618530273 5.031062602996826 9.930686950683594
    vertex 10.699999809265137 5.031062602996826 9.930686950683594
  endloop
endfacet
facet normal 0.0 0.0 0.0
  outer loop
    vertex 10.699999809265137 5.031062602996826 9.930686950683594
    vertex 16.399999618530273 5.031062602996826 9.930686950683594
    vertex 16.399999618530273 5.3177103996276855 10.421163558959961
  endloop
endfacet
facet normal 0.0 0.0 0.0
  outer loop
    vertex 10.699999809265137 5.031062602996826 9.930686950683594
    vertex 16.399999618530273 5.3177103996276855 10.421163558959961
    vertex 10.699999809265137 5.3177103996276855 10.421163558959961
  endloop
endfacet
facet normal 0.0 0.0 0.0
  outer loop
    vertex 10.699999809265137 5.3177103996276855 10.421163558959961
    vertex 16.399999618530273 5.3177103996276855 10.421163558959961
    vertex 16.399999618530273 5.556689739227295 10.936552047729492
  endloop
endfacet
facet normal 0.0 0.0 0.0
  outer loop
    vertex 10.699999809265137 5.3177103996276855 10.421163558959961
    vertex 16.399999618530273 5.556689739227295 10.936552047729492
    vertex 10.699999809265137 5.556689739227295 10.936552047729492
  endloop
endfacet
facet normal 0.0 0.0 0.0
  outer loop
    vertex 10.699999809265137 5.556689739227295 10.936552047729492
    vertex 16.399999618530273 5.556689739227295 10.936552047729492
    vertex 16.399999618530273 5.745852947235107 11.4722318649292
  endloop
endfacet
facet normal 0.0 0.0 0.0
  outer loop
    vertex 10.699999809265137 5.556689739227295 10.936552047729492
    vertex 16.399999618530273 5.745852947235107 11.4722318649292
    vertex 10.699999809265137 5.745852947235107 11.4722318649292
  endloop
endfacet
facet normal 0.0 0.0 0.0
  outer loop
    vertex 10.699999809265137 5.745852947235107 11.4722318649292
    vertex 16.399999618530273 5.745852947235107 11.4722318649292
    vertex 16.399999618530273 5.88350248336792 12.023401260375977
  endloop
endfacet
facet normal 0.0 0.0 0.0
  outer loop
    vertex 10.699999809265137 5.745852947235107 11.4722318649292
    vertex 16.399999618530273 5.88350248336792 12.023401260375977
    vertex 10.699999809265137 5.88350248336792 12.023401260375977
  endloop
endfacet
facet normal 0.0 0.0 0.0
  outer loop
    vertex 10.699999809265137 5.88350248336792 12.023401260375977
    vertex 16.399999618530273 5.88350248336792 12.023401260375977
    vertex 16.399999618530273 5.968410015106201 12.585119247436523
  endloop
endfacet
facet normal 0.0 0.0 0.0
  outer loop
    vertex 10.699999809265137 5.88350248336792 12.023401260375977
    vertex 16.399999618530273 5.968410015106201 12.585119247436523
    vertex 10.699999809265137 5.968410015106201 12.585119247436523
  endloop
endfacet
facet normal 0.0 0.0 0.0
  outer loop
    vertex 10.699999809265137 5.968410015106201 12.585119247436523
    vertex 16.399999618530273 5.968410015106201 12.585119247436523
    vertex 16.399999618530273 5.999808311462402 13.152347564697266
  endloop
endfacet
facet normal 0.0 0.0 0.0
  outer loop
    vertex 10.699999809265137 5.968410015106201 12.585119247436523
    vertex 16.399999618530273 5.999808311462402 13.152347564697266
    vertex 10.699999809265137 5.999808311462402 13.152347564697266
  endloop
endfacet
facet normal 0.0 0.0 0.0
  outer loop
    vertex 10.699999809265137 5.999808311462402 13.152347564697266
    vertex 16.399999618530273 5.999808311462402 13.152347564697266
    vertex 16.399999618530273 5.977423667907715 13.72000503540039
  endloop
endfacet
facet normal 0.0 0.0 0.0
  outer loop
    vertex 10.699999809265137 5.999808311462402 13.152347564697266
    vertex 16.399999618530273 5.977423667907715 13.72000503540039
    vertex 10.699999809265137 5.977423667907715 13.72000503540039
  endloop
endfacet
facet normal 0.0 0.0 0.0
  outer loop
    vertex 10.699999809265137 5.977423667907715 13.72000503540039
    vertex 16.399999618530273 5.977423667907715 13.72000503540039
    vertex 16.399999618530273 5.901450157165527 14.282999992370605
  endloop
endfacet
facet normal 0.0 0.0 0.0
  outer loop
    vertex 10.699999809265137 5.977423667907715 13.72000503540039
    vertex 16.399999618530273 5.901450157165527 14.282999992370605
    vertex 10.699999809265137 5.901450157165527 14.282999992370605
  endloop
endfacet
facet normal 0.0 0.0 0.0
  outer loop
    vertex 10.699999809265137 5.901450157165527 14.282999992370605
    vertex 16.399999618530273 5.901450157165527 14.282999992370605
    vertex 16.399999618530273 5.772570610046387 14.836286544799805
  endloop
endfacet
facet normal 0.0 0.0 0.0
  outer loop
    vertex 10.699999809265137 5.901450157165527 14.282999992370605
    vertex 16.399999618530273 5.772570610046387 14.836286544799805
    vertex 10.699999809265137 5.772570610046387 14.836286544799805
  endloop
endfacet
facet normal 0.0 0.0 0.0
  outer loop
    vertex 10.699999809265137 5.772570610046387 14.836286544799805
    vertex 16.399999618530273 5.772570610046387 14.836286544799805
    vertex 16.399999618530273 5.591940879821777 15.374903678894043
  endloop
endfacet
facet normal 0.0 0.0 0.0
  outer loop
    vertex 10.699999809265137 5.772570610046387 14.836286544799805
    vertex 16.399999618530273 5.591940879821777 15.374903678894043
    vertex 10.699999809265137 5.591940879821777 15.374903678894043
  endloop
endfacet
facet normal 0.0 0.0 0.0
  outer loop
    vertex 10.699999809265137 5.591940879821777 15.374903678894043
    vertex 16.399999618530273 5.591940879821777 15.374903678894043
    vertex 16.399999618530273 5.361178398132324 15.894021987915039
  endloop
endfacet
facet normal 0.0 0.0 0.0
  outer loop
    vertex 10.699999809265137 5.591940879821777 15.374903678894043
    vertex 16.399999618530273 5.361178398132324 15.894021987915039
    vertex 10.699999809265137 5.361178398132324 15.894021987915039
  endloop
endfacet
facet normal 0.0 0.0 0.0
  outer loop
    vertex 10.699999809265137 5.361178398132324 15.894021987915039
    vertex 16.399999618530273 5.361178398132324 15.894021987915039
    vertex 16.399999618530273 5.082354545593262 16.38899040222168
  endloop
endfacet
facet normal 0.0 0.0 0.0
  outer loop
    vertex 10.699999809265137 5.361178398132324 15.894021987915039
    vertex 16.399999618530273 5.082354545593262 16.38899040222168
    vertex 10.699999809265137 5.082354545593262 16.38899040222168
  endloop
endfacet
facet normal 0.0 0.0 0.0
  outer loop
    vertex 10.699999809265137 5.082354545593262 16.38899040222168
    vertex 16.399999618530273 5.082354545593262 16.38899040222168
    vertex 16.399999618530273 4.757967472076416 16.855369567871094
  endloop
endfacet
facet normal 0.0 0.0 0.0
  outer loop
    vertex 10.699999809265137 5.082354545593262 16.38899040222168
    vertex 16.399999618530273 4.757967472076416 16.855369567871094
    vertex 10.699999809265137 4.757967472076416 16.855369567871094
  endloop
endfacet
facet normal 0.0 0.0 0.0
  outer loop
    vertex 10.699999809265137 4.757967472076416 16.855369567871094
    vertex 16.399999618530273 4.757967472076416 16.855369567871094
    vertex 16.399999618530273 4.390928745269775 17.288978576660156
  endloop
endfacet
facet normal 0.0 0.0 0.0
  outer loop
    vertex 10.699999809265137 4.757967472076416 16.855369567871094
    vertex 16.399999618530273 4.390928745269775 17.288978576660156
    vertex 10.699999809265137 4.390928745269775 17.288978576660156
  endloop
endfacet
facet normal 0.0 0.0 0.0
  outer loop
    vertex 10.699999809265137 4.390928745269775 17.288978576660156
    vertex 16.399999618530273 4.390928745269775 17.288978576660156
    vertex 16.399999618530273 3.9845223426818848 17.685928344726562
  endloop
endfacet
facet normal 0.0 0.0 0.0
  outer loop
    vertex 10.699999809265137 4.390928745269775 17.288978576660156
    vertex 16.399999618530273 3.9845223426818848 17.685928344726562
    vertex 10.699999809265137 3.9845223426818848 17.685928344726562
  endloop
endfacet
facet normal 0.0 0.0 0.0
  outer loop
    vertex 10.699999809265137 3.9845223426818848 17.685928344726562
    vertex 16.399999618530273 3.9845223426818848 17.685928344726562
    vertex 16.399999618530273 3.5423951148986816 18.042665481567383
  endloop
endfacet
facet normal 0.0 0.0 0.0
  outer loop
    vertex 10.699999809265137 3.9845223426818848 17.685928344726562
    vertex 16.399999618530273 3.5423951148986816 18.042665481567383
    vertex 10.699999809265137 3.5423951148986816 18.042665481567383
  endloop
endfacet
facet normal 0.0 0.0 0.0
  outer loop
    vertex 10.699999809265137 3.5423951148986816 18.042665481567383
    vertex 16.399999618530273 3.5423951148986816 18.042665481567383
    vertex 16.399999618530273 3.068514347076416 18.355987548828125
  endloop
endfacet
facet normal 0.0 0.0 0.0
  outer loop
    vertex 10.699999809265137 3.5423951148986816 18.042665481567383
    vertex 16.399999618530273 3.068514347076416 18.355987548828125
    vertex 10.699999809265137 3.068514347076416 18.355987548828125
  endloop
endfacet
facet normal 0.0 0.0 0.0
  outer loop
    vertex 10.699999809265137 3.068514347076416 18.355987548828125
    vertex 16.399999618530273 3.068514347076416 18.355987548828125
    vertex 16.399999618530273 2.567122220993042 18.62308692932129
  endloop
endfacet
facet normal 0.0 0.0 0.0
  outer loop
    vertex 10.699999809265137 3.068514347076416 18.355987548828125
    vertex 16.399999618530273 2.567122220993042 18.62308692932129
    vertex 10.699999809265137 2.567122220993042 18.62308692932129
  endloop
endfacet
facet normal 0.0 0.0 0.0
  outer loop
    vertex 10.699999809265137 2.567122220993042 18.62308692932129
    vertex 16.399999618530273 2.567122220993042 18.62308692932129
    vertex 16.399999618530273 2.0427157878875732 18.841567993164062
  endloop
endfacet
facet normal 0.0 0.0 0.0
  outer loop
    vertex 10.699999809265137 2.567122220993042 18.62308692932129
    vertex 16.399999618530273 2.0427157878875732 18.841567993164062
    vertex 10.699999809265137 2.0427157878875732 18.841567993164062
  endloop
endfacet
facet normal 0.0 0.0 0.0
  outer loop
    vertex 10.699999809265137 2.0427157878875732 18.841567993164062
    vertex 16.399999618530273 2.0427157878875732 18.841567993164062
    vertex 16.399999618530273 1.499998688697815 19.00947380065918
  endloop
endfacet
facet normal 0.0 0.0 0.0
  outer loop
    vertex 10.699999809265137 2.0427157878875732 18.841567993164062
    vertex 16.399999618530273 1.499998688697815 19.00947380065918
    vertex 10.699999809265137 1.499998688697815 19.00947380065918
  endloop
endfacet
facet normal 0.0 0.0 0.0
  outer loop
    vertex 16.399999618530273 -1.5000011920928955 22.074119567871094
    vertex 16.399999618530273 -1.5000008344650269 19.00947380065918
    vertex 10.699999809265137 -1.5000011920928955 22.074119567871094
  endloop
endfacet
facet normal 0.0 0.0 0.0
  outer loop
    vertex 10.699999809265137 -1.5000011920928955 22.074119567871094
    vertex 16.399999618530273 -1.5000008344650269 19.00947380065918
    vertex 10.699999809265137 -1.5000008344650269 19.00947380065918
  endloop
endfacet
facet normal 0.0 0.0 0.0
  outer loop
    vertex 16.399999618530273 -8.999999046325684 13.19999885559082
    vertex 16.399999618530273 -8.972661018371582 13.900962829589844
    vertex 10.699999809265137 -8.999999046325684 13.19999885559082
  endloop
endfacet
facet normal 0.0 0.0 0.0
  outer loop
    vertex 10.699999809265137 -8.999999046325684 13.19999885559082
    vertex 16.399999618530273 -8.972661018371582 13.900962829589844
    vertex 10.699999809265137 -8.972661018371582 13.900962829589844
  endloop
endfacet
facet normal 0.0 0.0 0.0
  outer loop
    vertex 10.699999809265137 -8.972661018371582 13.900962829589844
    vertex 16.399999618530273 -8.972661018371582 13.900962829589844
    vertex 16.399999618530273 -8.8908109664917 14.59766674041748
  endloop
endfacet
facet normal 0.0 0.0 0.0
  outer loop
    vertex 10.699999809265137 -8.972661018371582 13.900962829589844
    vertex 16.399999618530273 -8.8908109664917 14.59766674041748
    vertex 10.699999809265137 -8.8908109664917 14.59766674041748
  endloop
endfacet
facet normal 0.0 0.0 0.0
  outer loop
    vertex 10.699999809265137 -8.8908109664917 14.59766674041748
    vertex 16.399999618530273 -8.8908109664917 14.59766674041748
    vertex 16.399999618530273 -8.754947662353516 15.285881042480469
  endloop
endfacet
facet normal 0.0 0.0 0.0
  outer loop
    vertex 10.699999809265137 -8.8908109664917 14.59766674041748
    vertex 16.399999618530273 -8.754947662353516 15.285881042480469
    vertex 10.699999809265137 -8.754947662353516 15.285881042480469
  endloop
endfacet
facet normal 0.0 0.0 0.0
  outer loop
    vertex 10.699999809265137 -8.754947662353516 15.285881042480469
    vertex 16.399999618530273 -8.754947662353516 15.285881042480469
    vertex 16.399999618530273 -8.565893173217773 15.961421966552734
  endloop
endfacet
facet normal 0.0 0.0 0.0
  outer loop
    vertex 10.699999809265137 -8.754947662353516 15.285881042480469
    vertex 16.399999618530273 -8.565893173217773 15.961421966552734
    vertex 10.699999809265137 -8.565893173217773 15.961421966552734
  endloop
endfacet
facet normal 0.0 0.0 0.0
  outer loop
    vertex 10.699999809265137 -8.565893173217773 15.961421966552734
    vertex 16.399999618530273 -8.565893173217773 15.961421966552734
    vertex 16.399999618530273 -8.324800491333008 16.62018585205078
  endloop
endfacet
facet normal 0.0 0.0 0.0
  outer loop
    vertex 10.699999809265137 -8.565893173217773 15.961421966552734
    vertex 16.399999618530273 -8.324800491333008 16.62018585205078
    vertex 10.699999809265137 -8.324800491333008 16.62018585205078
  endloop
endfacet
facet normal 0.0 0.0 0.0
  outer loop
    vertex 10.699999809265137 -8.324800491333008 16.62018585205078
    vertex 16.399999618530273 -8.324800491333008 16.62018585205078
    vertex 16.399999618530273 -8.033132553100586 17.2581729888916
  endloop
endfacet
facet normal 0.0 0.0 0.0
  outer loop
    vertex 10.699999809265137 -8.324800491333008 16.62018585205078
    vertex 16.399999618530273 -8.033132553100586 17.2581729888916
    vertex 10.699999809265137 -8.033132553100586 17.2581729888916
  endloop
endfacet
facet normal 0.0 0.0 0.0
  outer loop
    vertex 10.699999809265137 -8.033132553100586 17.2581729888916
    vertex 16.399999618530273 -8.033132553100586 17.2581729888916
    vertex 16.399999618530273 -7.692659378051758 17.871505737304688
  endloop
endfacet
facet normal 0.0 0.0 0.0
  outer loop
    vertex 10.699999809265137 -8.033132553100586 17.2581729888916
    vertex 16.399999618530273 -7.692659378051758 17.871505737304688
    vertex 10.699999809265137 -7.692659378051758 17.871505737304688
  endloop
endfacet
facet normal 0.0 0.0 0.0
  outer loop
    vertex 10.699999809265137 -7.692659378051758 17.871505737304688
    vertex 16.399999618530273 -7.692659378051758 17.871505737304688
    vertex 16.399999618530273 -7.305452346801758 18.45645523071289
  endloop
endfacet
facet normal 0.0 0.0 0.0
  outer loop
    vertex 10.699999809265137 -7.692659378051758 17.871505737304688
    vertex 16.399999618530273 -7.305452346801758 18.45645523071289
    vertex 10.699999809265137 -7.305452346801758 18.45645523071289
  endloop
endfacet
facet normal 0.0 0.0 0.0
  outer loop
    vertex 10.699999809265137 -7.305452346801758 18.45645523071289
    vertex 16.399999618530273 -7.305452346801758 18.45645523071289
    vertex 16.399999618530273 -6.873863220214844 19.009471893310547
  endloop
endfacet
facet normal 0.0 0.0 0.0
  outer loop
    vertex 10.699999809265137 -7.305452346801758 18.45645523071289
    vertex 16.399999618530273 -6.873863220214844 19.009471893310547
    vertex 10.699999809265137 -6.873863220214844 19.009471893310547
  endloop
endfacet
facet normal 0.0 0.0 0.0
  outer loop
    vertex 10.699999809265137 -6.873863220214844 19.009471893310547
    vertex 16.399999618530273 -6.873863220214844 19.009471893310547
    vertex 16.399999618530273 -6.4005126953125 19.52719497680664
  endloop
endfacet
facet normal 0.0 0.0 0.0
  outer loop
    vertex 10.699999809265137 -6.873863220214844 19.009471893310547
    vertex 16.399999618530273 -6.4005126953125 19.52719497680664
    vertex 10.699999809265137 -6.4005126953125 19.52719497680664
  endloop
endfacet
facet normal 0.0 0.0 0.0
  outer loop
    vertex 10.699999809265137 -6.4005126953125 19.52719497680664
    vertex 16.399999618530273 -6.4005126953125 19.52719497680664
    vertex 16.399999618530273 -5.888279914855957 20.00647735595703
  endloop
endfacet
facet normal 0.0 0.0 0.0
  outer loop
    vertex 10.699999809265137 -6.4005126953125 19.52719497680664
    vertex 16.399999618530273 -5.888279914855957 20.00647735595703
    vertex 10.699999809265137 -5.888279914855957 20.00647735595703
  endloop
endfacet
facet normal 0.0 0.0 0.0
  outer loop
    vertex 10.699999809265137 -5.888279914855957 20.00647735595703
    vertex 16.399999618530273 -5.888279914855957 20.00647735595703
    vertex 16.399999618530273 -5.340271949768066 20.44441032409668
  endloop
endfacet
facet normal 0.0 0.0 0.0
  outer loop
    vertex 10.699999809265137 -5.888279914855957 20.00647735595703
    vertex 16.399999618530273 -5.340271949768066 20.44441032409668
    vertex 10.699999809265137 -5.340271949768066 20.44441032409668
  endloop
endfacet
facet normal 0.0 0.0 0.0
  outer loop
    vertex 10.699999809265137 -5.340271949768066 20.44441032409668
    vertex 16.399999618530273 -5.340271949768066 20.44441032409668
    vertex 16.399999618530273 -4.759819984436035 20.838329315185547
  endloop
endfacet
facet normal 0.0 0.0 0.0
  outer loop
    vertex 10.699999809265137 -5.340271949768066 20.44441032409668
    vertex 16.399999618530273 -4.759819984436035 20.838329315185547
    vertex 10.699999809265137 -4.759819984436035 20.838329315185547
  endloop
endfacet
facet normal 0.0 0.0 0.0
  outer loop
    vertex 10.699999809265137 -4.759819984436035 20.838329315185547
    vertex 16.399999618530273 -4.759819984436035 20.838329315185547
    vertex 16.399999618530273 -4.150448799133301 21.18584632873535
  endloop
endfacet
facet normal 0.0 0.0 0.0
  outer loop
    vertex 10.699999809265137 -4.759819984436035 20.838329315185547
    vertex 16.399999618530273 -4.150448799133301 21.18584632873535
    vertex 10.699999809265137 -4.150448799133301 21.18584632873535
  endloop
endfacet
facet normal 0.0 0.0 0.0
  outer loop
    vertex 10.699999809265137 -4.150448799133301 21.18584632873535
    vertex 16.399999618530273 -4.150448799133301 21.18584632873535
    vertex 16.399999618530273 -3.515866279602051 21.484846115112305
  endloop
endfacet
facet normal 0.0 0.0 0.0
  outer loop
    vertex 10.699999809265137 -4.150448799133301 21.18584632873535
    vertex 16.399999618530273 -3.515866279602051 21.484846115112305
    vertex 10.699999809265137 -3.515866279602051 21.484846115112305
  endloop
endfacet
facet normal 0.0 0.0 0.0
  outer loop
    vertex 10.699999809265137 -3.515866279602051 21.484846115112305
    vertex 16.399999618530273 -3.515866279602051 21.484846115112305
    vertex 16.399999618530273 -2.85992169380188 21.73351287841797
  endloop
endfacet
facet normal 0.0 0.0 0.0
  outer loop
    vertex 10.699999809265137 -3.515866279602051 21.484846115112305
    vertex 16.399999618530273 -2.85992169380188 21.73351287841797
    vertex 10.699999809265137 -2.85992169380188 21.73351287841797
  endloop
endfacet
facet normal 0.0 0.0 0.0
  outer loop
    vertex 10.699999809265137 -2.85992169380188 21.73351287841797
    vertex 16.399999618530273 -2.85992169380188 21.73351287841797
    vertex 16.399999618530273 -2.1866047382354736 21.930335998535156
  endloop
endfacet
facet normal 0.0 0.0 0.0
  outer loop
    vertex 10.699999809265137 -2.85992169380188 21.73351287841797
    vertex 16.399999618530273 -2.1866047382354736 21.930335998535156
    vertex 10.699999809265137 -2.1866047382354736 21.930335998535156
  endloop
endfacet
facet normal 0.0 0.0 0.0
  outer loop
    vertex 10.699999809265137 -2.1866047382354736 21.930335998535156
    vertex 16.399999618530273 -2.1866047382354736 21.930335998535156
    vertex 16.399999618530273 -1.5000011920928955 22.074119567871094
  endloop
endfacet
facet normal 0.0 0.0 0.0
  outer loop
    vertex 10.699999809265137 -2.1866047382354736 21.930335998535156
    vertex 16.399999618530273 -1.5000011920928955 22.074119567871094
    vertex 10.699999809265137 -1.5000011920928955 22.074119567871094
  endloop
endfacet
facet normal 0.0 0.0 0.0
  outer loop
    vertex 10.699999809265137 -8.999999046325684 13.19999885559082
    vertex 10.699999809265137 -5.556689739227295 10.93655014038086
    vertex 10.699999809265137 -8.999998092651367 5.499998092651367
  endloop
endfacet
facet normal 0.0 0.0 0.0
  outer loop
    vertex 10.699999809265137 -8.999998092651367 5.499998092651367
    vertex 10.699999809265137 -5.556689739227295 10.93655014038086
    vertex 10.699999809265137 -5.3177103996276855 10.421161651611328
  endloop
endfacet
facet normal 0.0 0.0 0.0
  outer loop
    vertex 10.699999809265137 -8.999998092651367 5.499998092651367
    vertex 10.699999809265137 -5.3177103996276855 10.421161651611328
    vertex 10.699999809265137 -5.031062602996826 9.930685043334961
  endloop
endfacet
facet normal 0.0 0.0 0.0
  outer loop
    vertex 10.699999809265137 -8.972661018371582 13.900962829589844
    vertex 10.699999809265137 -5.977424621582031 13.720004081726074
    vertex 10.699999809265137 -8.999999046325684 13.19999885559082
  endloop
endfacet
facet normal 0.0 0.0 0.0
  outer loop
    vertex 10.699999809265137 -8.999999046325684 13.19999885559082
    vertex 10.699999809265137 -5.977424621582031 13.720004081726074
    vertex 10.699999809265137 -5.999809265136719 13.15234661102295
  endloop
endfacet
facet normal 0.0 0.0 0.0
  outer loop
    vertex 10.699999809265137 -8.999999046325684 13.19999885559082
    vertex 10.699999809265137 -5.999809265136719 13.15234661102295
    vertex 10.699999809265137 -5.968410015106201 12.58511734008789
  endloop
endfacet
facet normal 0.0 0.0 0.0
  outer loop
    vertex 10.699999809265137 -8.972661018371582 13.900962829589844
    vertex 10.699999809265137 -8.8908109664917 14.59766674041748
    vertex 10.699999809265137 -5.977424621582031 13.720004081726074
  endloop
endfacet
facet normal 0.0 0.0 0.0
  outer loop
    vertex 10.699999809265137 -5.977424621582031 13.720004081726074
    vertex 10.699999809265137 -8.8908109664917 14.59766674041748
    vertex 10.699999809265137 -5.901451110839844 14.282999038696289
  endloop
endfacet
facet normal 0.0 0.0 0.0
  outer loop
    vertex 10.699999809265137 -5.901451110839844 14.282999038696289
    vertex 10.699999809265137 -8.8908109664917 14.59766674041748
    vertex 10.699999809265137 -8.754947662353516 15.285881042480469
  endloop
endfacet
facet normal 0.0 0.0 0.0
  outer loop
    vertex 10.699999809265137 -5.901451110839844 14.282999038696289
    vertex 10.699999809265137 -8.754947662353516 15.285881042480469
    vertex 10.699999809265137 -5.772571563720703 14.836285591125488
  endloop
endfacet
facet normal 0.0 0.0 0.0
  outer loop
    vertex 10.699999809265137 -5.772571563720703 14.836285591125488
    vertex 10.699999809265137 -8.754947662353516 15.285881042480469
    vertex 10.699999809265137 -8.565893173217773 15.961421966552734
  endloop
endfacet
facet normal 0.0 0.0 0.0
  outer loop
    vertex 10.699999809265137 -5.772571563720703 14.836285591125488
    vertex 10.699999809265137 -8.565893173217773 15.961421966552734
    vertex 10.699999809265137 -5.591941833496094 15.37490177154541
  endloop
endfacet
facet normal 0.0 0.0 0.0
  outer loop
    vertex 10.699999809265137 -5.591941833496094 15.37490177154541
    vertex 10.699999809265137 -8.565893173217773 15.961421966552734
    vertex 10.699999809265137 -8.324800491333008 16.62018585205078
  endloop
endfacet
facet normal 0.0 0.0 0.0
  outer loop
    vertex 10.699999809265137 -5.591941833496094 15.37490177154541
    vertex 10.699999809265137 -8.324800491333008 16.62018585205078
    vertex 10.699999809265137 -5.361179351806641 15.894021987915039
  endloop
endfacet
facet normal 0.0 0.0 0.0
  outer loop
    vertex 10.699999809265137 -5.361179351806641 15.894021987915039
    vertex 10.699999809265137 -8.324800491333008 16.62018585205078
    vertex 10.699999809265137 -8.033132553100586 17.2581729888916
  endloop
endfacet
facet normal 0.0 0.0 0.0
  outer loop
    vertex 10.699999809265137 -5.361179351806641 15.894021987915039
    vertex 10.699999809265137 -8.033132553100586 17.2581729888916
    vertex 10.699999809265137 -5.082355499267578 16.388988494873047
  endloop
endfacet
facet normal 0.0 0.0 0.0
  outer loop
    vertex 10.699999809265137 -5.082355499267578 16.388988494873047
    vertex 10.699999809265137 -8.033132553100586 17.2581729888916
    vertex 10.699999809265137 -7.692659378051758 17.871505737304688
  endloop
endfacet
facet normal 0.0 0.0 0.0
  outer loop
    vertex 10.699999809265137 -5.082355499267578 16.388988494873047
    vertex 10.699999809265137 -7.692659378051758 17.871505737304688
    vertex 10.699999809265137 -4.757969379425049 16.85536766052246
  endloop
endfacet
facet normal 0.0 0.0 0.0
  outer loop
    vertex 10.699999809265137 -4.757969379425049 16.85536766052246
    vertex 10.699999809265137 -7.692659378051758 17.871505737304688
    vertex 10.699999809265137 -7.305452346801758 18.45645523071289
  endloop
endfacet
facet normal 0.0 0.0 0.0
  outer loop
    vertex 10.699999809265137 -4.757969379425049 16.85536766052246
    vertex 10.699999809265137 -7.305452346801758 18.45645523071289
    vertex 10.699999809265137 -6.873863220214844 19.009471893310547
  endloop
endfacet
facet normal 0.0 0.0 0.0
  outer loop
    vertex 10.699999809265137 -4.757969379425049 16.85536766052246
    vertex 10.699999809265137 -6.873863220214844 19.009471893310547
    vertex 10.699999809265137 -4.390930652618408 17.288976669311523
  endloop
endfacet
facet normal 0.0 0.0 0.0
  outer loop
    vertex 10.699999809265137 -4.390930652618408 17.288976669311523
    vertex 10.699999809265137 -6.873863220214844 19.009471893310547
    vertex 10.699999809265137 -6.4005126953125 19.52719497680664
  endloop
endfacet
facet normal 0.0 0.0 0.0
  outer loop
    vertex 10.699999809265137 -4.390930652618408 17.288976669311523
    vertex 10.699999809265137 -6.4005126953125 19.52719497680664
    vertex 10.699999809265137 -3.9845242500305176 17.685928344726562
  endloop
endfacet
facet normal 0.0 0.0 0.0
  outer loop
    vertex 10.699999809265137 -3.9845242500305176 17.685928344726562
    vertex 10.699999809265137 -6.4005126953125 19.52719497680664
    vertex 10.699999809265137 -5.888279914855957 20.00647735595703
  endloop
endfacet
facet normal 0.0 0.0 0.0
  outer loop
    vertex 10.699999809265137 -3.9845242500305176 17.685928344726562
    vertex 10.699999809265137 -5.888279914855957 20.00647735595703
    vertex 10.699999809265137 -3.5423970222473145 18.04266357421875
  endloop
endfacet
facet normal 0.0 0.0 0.0
  outer loop
    vertex 10.699999809265137 -3.5423970222473145 18.04266357421875
    vertex 10.699999809265137 -5.888279914855957 20.00647735595703
    vertex 10.699999809265137 -5.340271949768066 20.44441032409668
  endloop
endfacet
facet normal 0.0 0.0 0.0
  outer loop
    vertex 10.699999809265137 -3.5423970222473145 18.04266357421875
    vertex 10.699999809265137 -5.340271949768066 20.44441032409668
    vertex 10.699999809265137 -3.068516254425049 18.355987548828125
  endloop
endfacet
facet normal 0.0 0.0 0.0
  outer loop
    vertex 10.699999809265137 -3.068516254425049 18.355987548828125
    vertex 10.699999809265137 -5.340271949768066 20.44441032409668
    vertex 10.699999809265137 -4.759819984436035 20.838329315185547
  endloop
endfacet
facet normal 0.0 0.0 0.0
  outer loop
    vertex 10.699999809265137 -3.068516254425049 18.355987548828125
    vertex 10.699999809265137 -4.759819984436035 20.838329315185547
    vertex 10.699999809265137 -2.567124128341675 18.623085021972656
  endloop
endfacet
facet normal 0.0 0.0 0.0
  outer loop
    vertex 10.699999809265137 -2.567124128341675 18.623085021972656
    vertex 10.699999809265137 -4.759819984436035 20.838329315185547
    vertex 10.699999809265137 -4.150448799133301 21.18584632873535
  endloop
endfacet
facet normal 0.0 0.0 0.0
  outer loop
    vertex 10.699999809265137 -2.567124128341675 18.623085021972656
    vertex 10.699999809265137 -4.150448799133301 21.18584632873535
    vertex 10.699999809265137 -3.515866279602051 21.484846115112305
  endloop
endfacet
facet normal 0.0 0.0 0.0
  outer loop
    vertex 10.699999809265137 -2.567124128341675 18.623085021972656
    vertex 10.699999809265137 -3.515866279602051 21.484846115112305
    vertex 10.699999809265137 -2.042717695236206 18.841567993164062
  endloop
endfacet
facet normal 0.0 0.0 0.0
  outer loop
    vertex 10.699999809265137 -2.042717695236206 18.841567993164062
    vertex 10.699999809265137 -3.515866279602051 21.484846115112305
    vertex 10.699999809265137 -2.85992169380188 21.73351287841797
  endloop
endfacet
facet normal 0.0 0.0 0.0
  outer loop
    vertex 10.699999809265137 -2.042717695236206 18.841567993164062
    vertex 10.699999809265137 -2.85992169380188 21.73351287841797
    vertex 10.699999809265137 -1.5000008344650269 19.00947380065918
  endloop
endfacet
facet normal 0.0 0.0 0.0
  outer loop
    vertex 10.699999809265137 -1.5000008344650269 19.00947380065918
    vertex 10.699999809265137 -2.85992169380188 21.73351287841797
    vertex 10.699999809265137 -2.1866047382354736 21.930335998535156
  endloop
endfacet
facet normal 0.0 0.0 0.0
  outer loop
    vertex 10.699999809265137 -1.5000008344650269 19.00947380065918
    vertex 10.699999809265137 -2.1866047382354736 21.930335998535156
    vertex 10.699999809265137 -1.5000011920928955 22.074119567871094
  endloop
endfacet
facet normal 0.0 0.0 0.0
  outer loop
    vertex 10.699999809265137 -5.968410015106201 12.58511734008789
    vertex 10.699999809265137 -5.88350248336792 12.023399353027344
    vertex 10.699999809265137 -8.999999046325684 13.19999885559082
  endloop
endfacet
facet normal 0.0 0.0 0.0
  outer loop
    vertex 10.699999809265137 -8.999999046325684 13.19999885559082
    vertex 10.699999809265137 -5.88350248336792 12.023399353027344
    vertex 10.699999809265137 -5.745852947235107 11.472229957580566
  endloop
endfacet
facet normal 0.0 0.0 0.0
  outer loop
    vertex 10.699999809265137 -8.999999046325684 13.19999885559082
    vertex 10.699999809265137 -5.745852947235107 11.472229957580566
    vertex 10.699999809265137 -5.556689739227295 10.93655014038086
  endloop
endfacet
facet normal 0.0 0.0 0.0
  outer loop
    vertex 10.699999809265137 -5.031062602996826 9.930685043334961
    vertex 10.699999809265137 -4.699309825897217 9.469518661499023
    vertex 10.699999809265137 -8.999998092651367 5.499998092651367
  endloop
endfacet
facet normal 0.0 0.0 0.0
  outer loop
    vertex 10.699999809265137 -8.999998092651367 5.499998092651367
    vertex 10.699999809265137 -4.699309825897217 9.469518661499023
    vertex 10.699999809265137 -4.325427055358887 9.041793823242188
  endloop
endfacet
facet normal 0.0 0.0 0.0
  outer loop
    vertex 10.699999809265137 -8.999998092651367 5.499998092651367
    vertex 10.699999809265137 -4.325427055358887 9.041793823242188
    vertex 10.699999809265137 -3.912768602371216 8.651347160339355
  endloop
endfacet
facet normal 0.0 0.0 0.0
  outer loop
    vertex 10.699999809265137 -3.912768602371216 8.651347160339355
    vertex 10.699999809265137 -3.465033531188965 8.301678657531738
    vertex 10.699999809265137 -8.999998092651367 5.499998092651367
  endloop
endfacet
facet normal 0.0 0.0 0.0
  outer loop
    vertex 10.699999809265137 -8.999998092651367 5.499998092651367
    vertex 10.699999809265137 -3.465033531188965 8.301678657531738
    vertex 10.699999809265137 -2.986232042312622 7.99592399597168
  endloop
endfacet
facet normal 0.0 0.0 0.0
  outer loop
    vertex 10.699999809265137 -8.999998092651367 5.499998092651367
    vertex 10.699999809265137 -2.986232042312622 7.99592399597168
    vertex 10.699999809265137 -2.4806625843048096 7.736822128295898
  endloop
endfacet
facet normal 0.0 0.0 0.0
  outer loop
    vertex 10.699999809265137 -2.4806625843048096 7.736822128295898
    vertex 10.699999809265137 -1.9528534412384033 7.526697158813477
    vertex 10.699999809265137 -8.999998092651367 5.499998092651367
  endloop
endfacet
facet normal 0.0 0.0 0.0
  outer loop
    vertex 10.699999809265137 -8.999998092651367 5.499998092651367
    vertex 10.699999809265137 -1.9528534412384033 7.526697158813477
    vertex 10.699999809265137 -1.4075349569320679 7.367432594299316
  endloop
endfacet
facet normal 0.0 0.0 0.0
  outer loop
    vertex 10.699999809265137 -8.999998092651367 5.499998092651367
    vertex 10.699999809265137 -1.4075349569320679 7.367432594299316
    vertex 10.699999809265137 -0.849601149559021 7.260456562042236
  endloop
endfacet
facet normal 0.0 0.0 0.0
  outer loop
    vertex 10.699999809265137 -0.849601149559021 7.260456562042236
    vertex 10.699999809265137 -0.28404945135116577 7.206727504730225
    vertex 10.699999809265137 -8.999998092651367 5.499998092651367
  endloop
endfacet
facet normal 0.0 0.0 0.0
  outer loop
    vertex 10.699999809265137 -8.999998092651367 5.499998092651367
    vertex 10.699999809265137 -0.28404945135116577 7.206727504730225
    vertex 10.699999809265137 0.28405046463012695 7.206727504730225
  endloop
endfacet
facet normal 0.0 0.0 0.0
  outer loop
    vertex 10.699999809265137 -8.999998092651367 5.499998092651367
    vertex 10.699999809265137 0.28405046463012695 7.206727504730225
    vertex 10.699999809265137 9.0 5.500000953674316
  endloop
endfacet
facet normal 0.0 0.0 0.0
  outer loop
    vertex 10.699999809265137 9.0 5.500000953674316
    vertex 10.699999809265137 0.28405046463012695 7.206727504730225
    vertex 10.699999809265137 0.8496021032333374 7.260456562042236
  endloop
endfacet
facet normal 0.0 0.0 0.0
  outer loop
    vertex 10.699999809265137 9.0 5.500000953674316
    vertex 10.699999809265137 0.8496021032333374 7.260456562042236
    vertex 10.699999809265137 1.4075359106063843 7.367433547973633
  endloop
endfacet
facet normal 0.0 0.0 0.0
  outer loop
    vertex 10.699999809265137 1.4075359106063843 7.367433547973633
    vertex 10.699999809265137 1.9528543949127197 7.526698112487793
    vertex 10.699999809265137 9.0 5.500000953674316
  endloop
endfacet
facet normal 0.0 0.0 0.0
  outer loop
    vertex 10.699999809265137 9.0 5.500000953674316
    vertex 10.699999809265137 1.9528543949127197 7.526698112487793
    vertex 10.699999809265137 2.480663537979126 7.736823081970215
  endloop
endfacet
facet normal 0.0 0.0 0.0
  outer loop
    vertex 10.699999809265137 9.0 5.500000953674316
    vertex 10.699999809265137 2.480663537979126 7.736823081970215
    vertex 10.699999809265137 2.9862329959869385 7.995924949645996
  endloop
endfacet
facet normal 0.0 0.0 0.0
  outer loop
    vertex 10.699999809265137 2.9862329959869385 7.995924949645996
    vertex 10.699999809265137 3.4650344848632812 8.301679611206055
    vertex 10.699999809265137 9.0 5.500000953674316
  endloop
endfacet
facet normal 0.0 0.0 0.0
  outer loop
    vertex 10.699999809265137 9.0 5.500000953674316
    vertex 10.699999809265137 3.4650344848632812 8.301679611206055
    vertex 10.699999809265137 3.912769079208374 8.651348114013672
  endloop
endfacet
facet normal 0.0 0.0 0.0
  outer loop
    vertex 10.699999809265137 9.0 5.500000953674316
    vertex 10.699999809265137 3.912769079208374 8.651348114013672
    vertex 10.699999809265137 4.325428009033203 9.041794776916504
  endloop
endfacet
facet normal 0.0 0.0 0.0
  outer loop
    vertex 10.699999809265137 4.325428009033203 9.041794776916504
    vertex 10.699999809265137 4.699309825897217 9.46951961517334
    vertex 10.699999809265137 9.0 5.500000953674316
  endloop
endfacet
facet normal 0.0 0.0 0.0
  outer loop
    vertex 10.699999809265137 9.0 5.500000953674316
    vertex 10.699999809265137 4.699309825897217 9.46951961517334
    vertex 10.699999809265137 5.031062602996826 9.930686950683594
  endloop
endfacet
facet normal 0.0 0.0 0.0
  outer loop
    vertex 10.699999809265137 9.0 5.500000953674316
    vertex 10.699999809265137 5.031062602996826 9.930686950683594
    vertex 10.699999809265137 5.3177103996276855 10.421163558959961
  endloop
endfacet
facet normal 0.0 0.0 0.0
  outer loop
    vertex 10.699999809265137 5.3177103996276855 10.421163558959961
    vertex 10.699999809265137 5.556689739227295 10.936552047729492
    vertex 10.699999809265137 9.0 5.500000953674316
  endloop
endfacet
facet normal 0.0 0.0 0.0
  outer loop
    vertex 10.699999809265137 9.0 5.500000953674316
    vertex 10.699999809265137 5.556689739227295 10.936552047729492
    vertex 10.699999809265137 8.999999046325684 13.200000762939453
  endloop
endfacet
facet normal 0.0 0.0 0.0
  outer loop
    vertex 10.699999809265137 8.999999046325684 13.200000762939453
    vertex 10.699999809265137 5.556689739227295 10.936552047729492
    vertex 10.699999809265137 5.745852947235107 11.4722318649292
  endloop
endfacet
facet normal 0.0 0.0 0.0
  outer loop
    vertex 10.699999809265137 8.999999046325684 13.200000762939453
    vertex 10.699999809265137 5.745852947235107 11.4722318649292
    vertex 10.699999809265137 5.88350248336792 12.023401260375977
  endloop
endfacet
facet normal 0.0 0.0 0.0
  outer loop
    vertex 10.699999809265137 5.88350248336792 12.023401260375977
    vertex 10.699999809265137 5.968410015106201 12.585119247436523
    vertex 10.699999809265137 8.999999046325684 13.200000762939453
  endloop
endfacet
facet normal 0.0 0.0 0.0
  outer loop
    vertex 10.699999809265137 8.999999046325684 13.200000762939453
    vertex 10.699999809265137 5.968410015106201 12.585119247436523
    vertex 10.699999809265137 5.999808311462402 13.152347564697266
  endloop
endfacet
facet normal 0.0 0.0 0.0
  outer loop
    vertex 10.699999809265137 8.999999046325684 13.200000762939453
    vertex 10.699999809265137 5.999808311462402 13.152347564697266
    vertex 10.699999809265137 5.977423667907715 13.72000503540039
  endloop
endfacet
facet normal 0.0 0.0 0.0
  outer loop
    vertex 10.699999809265137 5.901450157165527 14.282999992370605
    vertex 10.699999809265137 8.8908109664917 14.59766960144043
    vertex 10.699999809265137 5.977423667907715 13.72000503540039
  endloop
endfacet
facet normal 0.0 0.0 0.0
  outer loop
    vertex 10.699999809265137 5.977423667907715 13.72000503540039
    vertex 10.699999809265137 8.8908109664917 14.59766960144043
    vertex 10.699999809265137 8.97265911102295 13.900964736938477
  endloop
endfacet
facet normal 0.0 0.0 0.0
  outer loop
    vertex 10.699999809265137 5.977423667907715 13.72000503540039
    vertex 10.699999809265137 8.97265911102295 13.900964736938477
    vertex 10.699999809265137 8.999999046325684 13.200000762939453
  endloop
endfacet
facet normal 0.0 0.0 0.0
  outer loop
    vertex 10.699999809265137 8.8908109664917 14.59766960144043
    vertex 10.699999809265137 5.901450157165527 14.282999992370605
    vertex 10.699999809265137 8.754945755004883 15.285882949829102
  endloop
endfacet
facet normal 0.0 0.0 0.0
  outer loop
    vertex 10.699999809265137 8.754945755004883 15.285882949829102
    vertex 10.699999809265137 5.901450157165527 14.282999992370605
    vertex 10.699999809265137 5.772570610046387 14.836286544799805
  endloop
endfacet
facet normal 0.0 0.0 0.0
  outer loop
    vertex 10.699999809265137 8.754945755004883 15.285882949829102
    vertex 10.699999809265137 5.772570610046387 14.836286544799805
    vertex 10.699999809265137 8.565893173217773 15.961423873901367
  endloop
endfacet
facet normal 0.0 0.0 0.0
  outer loop
    vertex 10.699999809265137 8.565893173217773 15.961423873901367
    vertex 10.699999809265137 5.772570610046387 14.836286544799805
    vertex 10.699999809265137 5.591940879821777 15.374903678894043
  endloop
endfacet
facet normal 0.0 0.0 0.0
  outer loop
    vertex 10.699999809265137 8.565893173217773 15.961423873901367
    vertex 10.699999809265137 5.591940879821777 15.374903678894043
    vertex 10.699999809265137 8.324800491333008 16.620189666748047
  endloop
endfacet
facet normal 0.0 0.0 0.0
  outer loop
    vertex 10.699999809265137 8.324800491333008 16.620189666748047
    vertex 10.699999809265137 5.591940879821777 15.374903678894043
    vertex 10.699999809265137 5.361178398132324 15.894021987915039
  endloop
endfacet
facet normal 0.0 0.0 0.0
  outer loop
    vertex 10.699999809265137 8.324800491333008 16.620189666748047
    vertex 10.699999809265137 5.361178398132324 15.894021987915039
    vertex 10.699999809265137 8.03312873840332 17.258174896240234
  endloop
endfacet
facet normal 0.0 0.0 0.0
  outer loop
    vertex 10.699999809265137 8.03312873840332 17.258174896240234
    vertex 10.699999809265137 5.361178398132324 15.894021987915039
    vertex 10.699999809265137 5.082354545593262 16.38899040222168
  endloop
endfacet
facet normal 0.0 0.0 0.0
  outer loop
    vertex 10.699999809265137 8.03312873840332 17.258174896240234
    vertex 10.699999809265137 5.082354545593262 16.38899040222168
    vertex 10.699999809265137 7.692659378051758 17.871505737304688
  endloop
endfacet
facet normal 0.0 0.0 0.0
  outer loop
    vertex 10.699999809265137 7.692659378051758 17.871505737304688
    vertex 10.699999809265137 5.082354545593262 16.38899040222168
    vertex 10.699999809265137 4.757967472076416 16.855369567871094
  endloop
endfacet
facet normal 0.0 0.0 0.0
  outer loop
    vertex 10.699999809265137 7.692659378051758 17.871505737304688
    vertex 10.699999809265137 4.757967472076416 16.855369567871094
    vertex 10.699999809265137 7.305452346801758 18.456459045410156
  endloop
endfacet
facet normal 0.0 0.0 0.0
  outer loop
    vertex 10.699999809265137 7.305452346801758 18.456459045410156
    vertex 10.699999809265137 4.757967472076416 16.855369567871094
    vertex 10.699999809265137 6.873861312866211 19.009475708007812
  endloop
endfacet
facet normal 0.0 0.0 0.0
  outer loop
    vertex 10.699999809265137 6.873861312866211 19.009475708007812
    vertex 10.699999809265137 4.757967472076416 16.855369567871094
    vertex 10.699999809265137 4.390928745269775 17.288978576660156
  endloop
endfacet
facet normal 0.0 0.0 0.0
  outer loop
    vertex 10.699999809265137 6.873861312866211 19.009475708007812
    vertex 10.699999809265137 4.390928745269775 17.288978576660156
    vertex 10.699999809265137 6.400510787963867 19.527198791503906
  endloop
endfacet
facet normal 0.0 0.0 0.0
  outer loop
    vertex 10.699999809265137 6.400510787963867 19.527198791503906
    vertex 10.699999809265137 4.390928745269775 17.288978576660156
    vertex 10.699999809265137 3.9845223426818848 17.685928344726562
  endloop
endfacet
facet normal 0.0 0.0 0.0
  outer loop
    vertex 10.699999809265137 6.400510787963867 19.527198791503906
    vertex 10.699999809265137 3.9845223426818848 17.685928344726562
    vertex 10.699999809265137 5.888277053833008 20.006481170654297
  endloop
endfacet
facet normal 0.0 0.0 0.0
  outer loop
    vertex 10.699999809265137 5.888277053833008 20.006481170654297
    vertex 10.699999809265137 3.9845223426818848 17.685928344726562
    vertex 10.699999809265137 3.5423951148986816 18.042665481567383
  endloop
endfacet
facet normal 0.0 0.0 0.0
  outer loop
    vertex 10.699999809265137 5.888277053833008 20.006481170654297
    vertex 10.699999809265137 3.5423951148986816 18.042665481567383
    vertex 10.699999809265137 5.340269088745117 20.444412231445312
  endloop
endfacet
facet normal 0.0 0.0 0.0
  outer loop
    vertex 10.699999809265137 5.340269088745117 20.444412231445312
    vertex 10.699999809265137 3.5423951148986816 18.042665481567383
    vertex 10.699999809265137 3.068514347076416 18.355987548828125
  endloop
endfacet
facet normal 0.0 0.0 0.0
  outer loop
    vertex 10.699999809265137 5.340269088745117 20.444412231445312
    vertex 10.699999809265137 3.068514347076416 18.355987548828125
    vertex 10.699999809265137 4.759817123413086 20.838333129882812
  endloop
endfacet
facet normal 0.0 0.0 0.0
  outer loop
    vertex 10.699999809265137 4.759817123413086 20.838333129882812
    vertex 10.699999809265137 3.068514347076416 18.355987548828125
    vertex 10.699999809265137 2.567122220993042 18.62308692932129
  endloop
endfacet
facet normal 0.0 0.0 0.0
  outer loop
    vertex 10.699999809265137 4.759817123413086 20.838333129882812
    vertex 10.699999809265137 2.567122220993042 18.62308692932129
    vertex 10.699999809265137 4.150445938110352 21.185848236083984
  endloop
endfacet
facet normal 0.0 0.0 0.0
  outer loop
    vertex 10.699999809265137 4.150445938110352 21.185848236083984
    vertex 10.699999809265137 2.567122220993042 18.62308692932129
    vertex 10.699999809265137 3.5158634185791016 21.484846115112305
  endloop
endfacet
facet normal 0.0 0.0 0.0
  outer loop
    vertex 10.699999809265137 3.5158634185791016 21.484846115112305
    vertex 10.699999809265137 2.567122220993042 18.62308692932129
    vertex 10.699999809265137 2.0427157878875732 18.841567993164062
  endloop
endfacet
facet normal 0.0 0.0 0.0
  outer loop
    vertex 10.699999809265137 3.5158634185791016 21.484846115112305
    vertex 10.699999809265137 2.0427157878875732 18.841567993164062
    vertex 10.699999809265137 2.8599188327789307 21.73351287841797
  endloop
endfacet
facet normal 0.0 0.0 0.0
  outer loop
    vertex 10.699999809265137 2.8599188327789307 21.73351287841797
    vertex 10.699999809265137 2.0427157878875732 18.841567993164062
    vertex 10.699999809265137 1.499998688697815 19.00947380065918
  endloop
endfacet
facet normal 0.0 0.0 0.0
  outer loop
    vertex 10.699999809265137 2.8599188327789307 21.73351287841797
    vertex 10.699999809265137 1.499998688697815 19.00947380065918
    vertex 10.699999809265137 2.1866018772125244 21.930335998535156
  endloop
endfacet
facet normal 0.0 0.0 0.0
  outer loop
    vertex 10.699999809265137 2.1866018772125244 21.930335998535156
    vertex 10.699999809265137 1.499998688697815 19.00947380065918
    vertex 10.699999809265137 1.4999983310699463 22.074119567871094
  endloop
endfacet
facet normal 0.0 0.0 0.0
  outer loop
    vertex -10.699999809265137 9.0 5.500000953674316
    vertex -10.699999809265137 -8.999998092651367 5.499998092651367
    vertex 10.699999809265137 9.0 5.500000953674316
  endloop
endfacet
facet normal 0.0 0.0 0.0
  outer loop
    vertex 10.699999809265137 9.0 5.500000953674316
    vertex -10.699999809265137 -8.999998092651367 5.499998092651367
    vertex 10.699999809265137 -8.999998092651367 5.499998092651367
  endloop
endfacet
facet normal 0.0 0.0 0.0
  outer loop
    vertex -16.399999618530273 -5.277315616607666 2.240109443664551
    vertex -10.933333396911621 -5.277315616607666 2.240109443664551
    vertex -16.399999618530273 -5.249998569488525 2.4999990463256836
  endloop
endfacet
facet normal 0.0 0.0 0.0
  outer loop
    vertex -16.399999618530273 -5.249998569488525 2.4999990463256836
    vertex -10.933333396911621 -5.277315616607666 2.240109443664551
    vertex -10.933333396911621 -5.249998569488525 2.4999990463256836
  endloop
endfacet
facet normal 0.0 0.0 0.0
  outer loop
    vertex -16.399999618530273 -5.249998569488525 2.4999990463256836
    vertex -10.933333396911621 -5.249998569488525 2.4999990463256836
    vertex -16.399999618530273 -5.277315616607666 2.7598886489868164
  endloop
endfacet
facet normal 0.0 0.0 0.0
  outer loop
    vertex -16.399999618530273 -5.277315616607666 2.7598886489868164
    vertex -10.933333396911621 -5.249998569488525 2.4999990463256836
    vertex -10.933333396911621 -5.277315616607666 2.7598886489868164
  endloop
endfacet
facet normal 0.0 0.0 0.0
  outer loop
    vertex -16.399999618530273 -5.277315616607666 2.7598886489868164
    vertex -10.933333396911621 -5.277315616607666 2.7598886489868164
    vertex -16.399999618530273 -5.358065128326416 3.008419990539551
  endloop
endfacet
facet normal 0.0 0.0 0.0
  outer loop
    vertex -16.399999618530273 -5.358065128326416 3.008419990539551
    vertex -10.933333396911621 -5.277315616607666 2.7598886489868164
    vertex -10.933333396911621 -5.358065128326416 3.008419990539551
  endloop
endfacet
facet normal 0.0 0.0 0.0
  outer loop
    vertex -16.399999618530273 -5.358065128326416 3.008419990539551
    vertex -10.933333396911621 -5.358065128326416 3.008419990539551
    vertex -16.399999618530273 -5.4887261390686035 3.2347307205200195
  endloop
endfacet
facet normal 0.0 0.0 0.0
  outer loop
    vertex -16.399999618530273 -5.4887261390686035 3.2347307205200195
    vertex -10.933333396911621 -5.358065128326416 3.008419990539551
    vertex -10.933333396911621 -5.4887261390686035 3.2347307205200195
  endloop
endfacet
facet normal 0.0 0.0 0.0
  outer loop
    vertex -16.399999618530273 -5.4887261390686035 3.2347307205200195
    vertex -10.933333396911621 -5.4887261390686035 3.2347307205200195
    vertex -16.399999618530273 -5.663584232330322 3.42893123626709
  endloop
endfacet
facet normal 0.0 0.0 0.0
  outer loop
    vertex -16.399999618530273 -5.663584232330322 3.42893123626709
    vertex -10.933333396911621 -5.4887261390686035 3.2347307205200195
    vertex -10.933333396911621 -5.663584232330322 3.42893123626709
  endloop
endfacet
facet normal 0.0 0.0 0.0
  outer loop
    vertex -16.399999618530273 -5.663584232330322 3.42893123626709
    vertex -10.933333396911621 -5.663584232330322 3.42893123626709
    vertex -16.399999618530273 -5.874998569488525 3.5825319290161133
  endloop
endfacet
facet normal 0.0 0.0 0.0
  outer loop
    vertex -16.399999618530273 -5.874998569488525 3.5825319290161133
    vertex -10.933333396911621 -5.663584232330322 3.42893123626709
    vertex -10.933333396911621 -5.874998569488525 3.5825319290161133
  endloop
endfacet
facet normal 0.0 0.0 0.0
  outer loop
    vertex -16.399999618530273 -5.874998569488525 3.5825319290161133
    vertex -10.933333396911621 -5.874998569488525 3.5825319290161133
    vertex -16.399999618530273 -6.113725662231445 3.6888208389282227
  endloop
endfacet
facet normal 0.0 0.0 0.0
  outer loop
    vertex -16.399999618530273 -6.113725662231445 3.6888208389282227
    vertex -10.933333396911621 -5.874998569488525 3.5825319290161133
    vertex -10.933333396911621 -6.113725662231445 3.6888208389282227
  endloop
endfacet
facet normal 0.0 0.0 0.0
  outer loop
    vertex -16.399999618530273 -6.113725662231445 3.6888208389282227
    vertex -10.933333396911621 -6.113725662231445 3.6888208389282227
    vertex -16.399999618530273 -6.36933708190918 3.7431516647338867
  endloop
endfacet
facet normal 0.0 0.0 0.0
  outer loop
    vertex -16.399999618530273 -6.36933708190918 3.7431516647338867
    vertex -10.933333396911621 -6.113725662231445 3.6888208389282227
    vertex -10.933333396911621 -6.36933708190918 3.7431516647338867
  endloop
endfacet
facet normal 0.0 0.0 0.0
  outer loop
    vertex -16.399999618530273 -6.36933708190918 3.7431516647338867
    vertex -10.933333396911621 -6.36933708190918 3.7431516647338867
    vertex -16.399999618530273 -6.630659103393555 3.7431516647338867
  endloop
endfacet
facet normal 0.0 0.0 0.0
  outer loop
    vertex -16.399999618530273 -6.630659103393555 3.7431516647338867
    vertex -10.933333396911621 -6.36933708190918 3.7431516647338867
    vertex -10.933333396911621 -6.630659103393555 3.7431516647338867
  endloop
endfacet
facet normal 0.0 0.0 0.0
  outer loop
    vertex -16.399999618530273 -6.630659103393555 3.7431516647338867
    vertex -10.933333396911621 -6.630659103393555 3.7431516647338867
    vertex -16.399999618530273 -6.886268615722656 3.6888208389282227
  endloop
endfacet
facet normal 0.0 0.0 0.0
  outer loop
    vertex -16.399999618530273 -6.886268615722656 3.6888208389282227
    vertex -10.933333396911621 -6.630659103393555 3.7431516647338867
    vertex -10.933333396911621 -6.886268615722656 3.6888208389282227
  endloop
endfacet
facet normal 0.0 0.0 0.0
  outer loop
    vertex -16.399999618530273 -6.886268615722656 3.6888208389282227
    vertex -10.933333396911621 -6.886268615722656 3.6888208389282227
    vertex -16.399999618530273 -7.124998092651367 3.5825319290161133
  endloop
endfacet
facet normal 0.0 0.0 0.0
  outer loop
    vertex -16.399999618530273 -7.124998092651367 3.5825319290161133
    vertex -10.933333396911621 -6.886268615722656 3.6888208389282227
    vertex -10.933333396911621 -7.124998092651367 3.5825319290161133
  endloop
endfacet
facet normal 0.0 0.0 0.0
  outer loop
    vertex -16.399999618530273 -7.124998092651367 3.5825319290161133
    vertex -10.933333396911621 -7.124998092651367 3.5825319290161133
    vertex -16.399999618530273 -7.3364105224609375 3.42893123626709
  endloop
endfacet
facet normal 0.0 0.0 0.0
  outer loop
    vertex -16.399999618530273 -7.3364105224609375 3.42893123626709
    vertex -10.933333396911621 -7.124998092651367 3.5825319290161133
    vertex -10.933333396911621 -7.3364105224609375 3.42893123626709
  endloop
endfacet
facet normal 0.0 0.0 0.0
  outer loop
    vertex -16.399999618530273 -7.3364105224609375 3.42893123626709
    vertex -10.933333396911621 -7.3364105224609375 3.42893123626709
    vertex -16.399999618530273 -7.511268615722656 3.2347307205200195
  endloop
endfacet
facet normal 0.0 0.0 0.0
  outer loop
    vertex -16.399999618530273 -7.511268615722656 3.2347307205200195
    vertex -10.933333396911621 -7.3364105224609375 3.42893123626709
    vertex -10.933333396911621 -7.511268615722656 3.2347307205200195
  endloop
endfacet
facet normal 0.0 0.0 0.0
  outer loop
    vertex -16.399999618530273 -7.511268615722656 3.2347307205200195
    vertex -10.933333396911621 -7.511268615722656 3.2347307205200195
    vertex -16.399999618530273 -7.641929626464844 3.008419990539551
  endloop
endfacet
facet normal 0.0 0.0 0.0
  outer loop
    vertex -16.399999618530273 -7.641929626464844 3.008419990539551
    vertex -10.933333396911621 -7.511268615722656 3.2347307205200195
    vertex -10.933333396911621 -7.641929626464844 3.008419990539551
  endloop
endfacet
facet normal 0.0 0.0 0.0
  outer loop
    vertex -16.399999618530273 -7.641929626464844 3.008419990539551
    vertex -10.933333396911621 -7.641929626464844 3.008419990539551
    vertex -16.399999618530273 -7.722682952880859 2.7598886489868164
  endloop
endfacet
facet normal 0.0 0.0 0.0
  outer loop
    vertex -16.399999618530273 -7.722682952880859 2.7598886489868164
    vertex -10.933333396911621 -7.641929626464844 3.008419990539551
    vertex -10.933333396911621 -7.722682952880859 2.7598886489868164
  endloop
endfacet
facet normal 0.0 0.0 0.0
  outer loop
    vertex -16.399999618530273 -7.722682952880859 2.7598886489868164
    vertex -10.933333396911621 -7.722682952880859 2.7598886489868164
    vertex -16.399999618530273 -7.749998092651367 2.4999990463256836
  endloop
endfacet
facet normal 0.0 0.0 0.0
  outer loop
    vertex -16.399999618530273 -7.749998092651367 2.4999990463256836
    vertex -10.933333396911621 -7.722682952880859 2.7598886489868164
    vertex -10.933333396911621 -7.749998092651367 2.4999990463256836
  endloop
endfacet
facet normal 0.0 0.0 0.0
  outer loop
    vertex -16.399999618530273 -7.749998092651367 2.4999990463256836
    vertex -10.933333396911621 -7.749998092651367 2.4999990463256836
    vertex -16.399999618530273 -7.722682952880859 2.240109443664551
  endloop
endfacet
facet normal 0.0 0.0 0.0
  outer loop
    vertex -16.399999618530273 -7.722682952880859 2.240109443664551
    vertex -10.933333396911621 -7.749998092651367 2.4999990463256836
    vertex -10.933333396911621 -7.722682952880859 2.240109443664551
  endloop
endfacet
facet normal 0.0 0.0 0.0
  outer loop
    vertex -16.399999618530273 -7.722682952880859 2.240109443664551
    vertex -10.933333396911621 -7.722682952880859 2.240109443664551
    vertex -16.399999618530273 -7.6419291496276855 1.9915781021118164
  endloop
endfacet
facet normal 0.0 0.0 0.0
  outer loop
    vertex -16.399999618530273 -7.6419291496276855 1.9915781021118164
    vertex -10.933333396911621 -7.722682952880859 2.240109443664551
    vertex -10.933333396911621 -7.6419291496276855 1.9915781021118164
  endloop
endfacet
facet normal 0.0 0.0 0.0
  outer loop
    vertex -16.399999618530273 -7.6419291496276855 1.9915781021118164
    vertex -10.933333396911621 -7.6419291496276855 1.9915781021118164
    vertex -16.399999618530273 -7.511268138885498 1.7652673721313477
  endloop
endfacet
facet normal 0.0 0.0 0.0
  outer loop
    vertex -16.399999618530273 -7.511268138885498 1.7652673721313477
    vertex -10.933333396911621 -7.6419291496276855 1.9915781021118164
    vertex -10.933333396911621 -7.511268138885498 1.7652673721313477
  endloop
endfacet
facet normal 0.0 0.0 0.0
  outer loop
    vertex -16.399999618530273 -7.511268138885498 1.7652673721313477
    vertex -10.933333396911621 -7.511268138885498 1.7652673721313477
    vertex -16.399999618530273 -7.336410045623779 1.5710687637329102
  endloop
endfacet
facet normal 0.0 0.0 0.0
  outer loop
    vertex -16.399999618530273 -7.336410045623779 1.5710687637329102
    vertex -10.933333396911621 -7.511268138885498 1.7652673721313477
    vertex -10.933333396911621 -7.336410045623779 1.5710687637329102
  endloop
endfacet
facet normal 0.0 0.0 0.0
  outer loop
    vertex -16.399999618530273 -7.336410045623779 1.5710687637329102
    vertex -10.933333396911621 -7.336410045623779 1.5710687637329102
    vertex -16.399999618530273 -7.124997615814209 1.4174680709838867
  endloop
endfacet
facet normal 0.0 0.0 0.0
  outer loop
    vertex -16.399999618530273 -7.124997615814209 1.4174680709838867
    vertex -10.933333396911621 -7.336410045623779 1.5710687637329102
    vertex -10.933333396911621 -7.124997615814209 1.4174680709838867
  endloop
endfacet
facet normal 0.0 0.0 0.0
  outer loop
    vertex -16.399999618530273 -7.124997615814209 1.4174680709838867
    vertex -10.933333396911621 -7.124997615814209 1.4174680709838867
    vertex -16.399999618530273 -6.886268138885498 1.3111791610717773
  endloop
endfacet
facet normal 0.0 0.0 0.0
  outer loop
    vertex -16.399999618530273 -6.886268138885498 1.3111791610717773
    vertex -10.933333396911621 -7.124997615814209 1.4174680709838867
    vertex -10.933333396911621 -6.886268138885498 1.3111791610717773
  endloop
endfacet
facet normal 0.0 0.0 0.0
  outer loop
    vertex -16.399999618530273 -6.886268138885498 1.3111791610717773
    vertex -10.933333396911621 -6.886268138885498 1.3111791610717773
    vertex -16.399999618530273 -6.6306586265563965 1.2568483352661133
  endloop
endfacet
facet normal 0.0 0.0 0.0
  outer loop
    vertex -16.399999618530273 -6.6306586265563965 1.2568483352661133
    vertex -10.933333396911621 -6.886268138885498 1.3111791610717773
    vertex -10.933333396911621 -6.6306586265563965 1.2568483352661133
  endloop
endfacet
facet normal 0.0 0.0 0.0
  outer loop
    vertex -16.399999618530273 -6.6306586265563965 1.2568483352661133
    vertex -10.933333396911621 -6.6306586265563965 1.2568483352661133
    vertex -16.399999618530273 -6.3693366050720215 1.2568483352661133
  endloop
endfacet
facet normal 0.0 0.0 0.0
  outer loop
    vertex -16.399999618530273 -6.3693366050720215 1.2568483352661133
    vertex -10.933333396911621 -6.6306586265563965 1.2568483352661133
    vertex -10.933333396911621 -6.3693366050720215 1.2568483352661133
  endloop
endfacet
facet normal 0.0 0.0 0.0
  outer loop
    vertex -16.399999618530273 -6.3693366050720215 1.2568483352661133
    vertex -10.933333396911621 -6.3693366050720215 1.2568483352661133
    vertex -16.399999618530273 -6.113725185394287 1.3111791610717773
  endloop
endfacet
facet normal 0.0 0.0 0.0
  outer loop
    vertex -16.399999618530273 -6.113725185394287 1.3111791610717773
    vertex -10.933333396911621 -6.3693366050720215 1.2568483352661133
    vertex -10.933333396911621 -6.113725185394287 1.3111791610717773
  endloop
endfacet
facet normal 0.0 0.0 0.0
  outer loop
    vertex -16.399999618530273 -6.113725185394287 1.3111791610717773
    vertex -10.933333396911621 -6.113725185394287 1.3111791610717773
    vertex -16.399999618530273 -5.874998092651367 1.4174680709838867
  endloop
endfacet
facet normal 0.0 0.0 0.0
  outer loop
    vertex -16.399999618530273 -5.874998092651367 1.4174680709838867
    vertex -10.933333396911621 -6.113725185394287 1.3111791610717773
    vertex -10.933333396911621 -5.874998092651367 1.4174680709838867
  endloop
endfacet
facet normal 0.0 0.0 0.0
  outer loop
    vertex -16.399999618530273 -5.874998092651367 1.4174680709838867
    vertex -10.933333396911621 -5.874998092651367 1.4174680709838867
    vertex -16.399999618530273 -5.663583755493164 1.5710687637329102
  endloop
endfacet
facet normal 0.0 0.0 0.0
  outer loop
    vertex -16.399999618530273 -5.663583755493164 1.5710687637329102
    vertex -10.933333396911621 -5.874998092651367 1.4174680709838867
    vertex -10.933333396911621 -5.663583755493164 1.5710687637329102
  endloop
endfacet
facet normal 0.0 0.0 0.0
  outer loop
    vertex -16.399999618530273 -5.663583755493164 1.5710687637329102
    vertex -10.933333396911621 -5.663583755493164 1.5710687637329102
    vertex -16.399999618530273 -5.488725662231445 1.7652673721313477
  endloop
endfacet
facet normal 0.0 0.0 0.0
  outer loop
    vertex -16.399999618530273 -5.488725662231445 1.7652673721313477
    vertex -10.933333396911621 -5.663583755493164 1.5710687637329102
    vertex -10.933333396911621 -5.488725662231445 1.7652673721313477
  endloop
endfacet
facet normal 0.0 0.0 0.0
  outer loop
    vertex -16.399999618530273 -5.488725662231445 1.7652673721313477
    vertex -10.933333396911621 -5.488725662231445 1.7652673721313477
    vertex -16.399999618530273 -5.358064651489258 1.9915781021118164
  endloop
endfacet
facet normal 0.0 0.0 0.0
  outer loop
    vertex -16.399999618530273 -5.358064651489258 1.9915781021118164
    vertex -10.933333396911621 -5.488725662231445 1.7652673721313477
    vertex -10.933333396911621 -5.358064651489258 1.9915781021118164
  endloop
endfacet
facet normal 0.0 0.0 0.0
  outer loop
    vertex -16.399999618530273 -5.358064651489258 1.9915781021118164
    vertex -10.933333396911621 -5.358064651489258 1.9915781021118164
    vertex -16.399999618530273 -5.277315616607666 2.240109443664551
  endloop
endfacet
facet normal 0.0 0.0 0.0
  outer loop
    vertex -16.399999618530273 -5.277315616607666 2.240109443664551
    vertex -10.933333396911621 -5.358064651489258 1.9915781021118164
    vertex -10.933333396911621 -5.277315616607666 2.240109443664551
  endloop
endfacet
facet normal 0.0 0.0 0.0
  outer loop
    vertex 16.399999618530273 -5.277315616607666 2.7598886489868164
    vertex 10.933333396911621 -5.277315616607666 2.7598886489868164
    vertex 16.399999618530273 -5.249998569488525 2.4999990463256836
  endloop
endfacet
facet normal 0.0 0.0 0.0
  outer loop
    vertex 16.399999618530273 -5.249998569488525 2.4999990463256836
    vertex 10.933333396911621 -5.277315616607666 2.7598886489868164
    vertex 10.933333396911621 -5.249998569488525 2.4999990463256836
  endloop
endfacet
facet normal 0.0 0.0 0.0
  outer loop
    vertex 16.399999618530273 -5.249998569488525 2.4999990463256836
    vertex 10.933333396911621 -5.249998569488525 2.4999990463256836
    vertex 16.399999618530273 -5.277315616607666 2.240109443664551
  endloop
endfacet
facet normal 0.0 0.0 0.0
  outer loop
    vertex 16.399999618530273 -5.277315616607666 2.240109443664551
    vertex 10.933333396911621 -5.249998569488525 2.4999990463256836
    vertex 10.933333396911621 -5.277315616607666 2.240109443664551
  endloop
endfacet
facet normal 0.0 0.0 0.0
  outer loop
    vertex 16.399999618530273 -5.277315616607666 2.240109443664551
    vertex 10.933333396911621 -5.277315616607666 2.240109443664551
    vertex 16.399999618530273 -5.358064651489258 1.9915781021118164
  endloop
endfacet
facet normal 0.0 0.0 0.0
  outer loop
    vertex 16.399999618530273 -5.358064651489258 1.9915781021118164
    vertex 10.933333396911621 -5.277315616607666 2.240109443664551
    vertex 10.933333396911621 -5.358064651489258 1.9915781021118164
  endloop
endfacet
facet normal 0.0 0.0 0.0
  outer loop
    vertex 16.399999618530273 -5.358064651489258 1.9915781021118164
    vertex 10.933333396911621 -5.358064651489258 1.9915781021118164
    vertex 16.399999618530273 -5.488725662231445 1.7652673721313477
  endloop
endfacet
facet normal 0.0 0.0 0.0
  outer loop
    vertex 16.399999618530273 -5.488725662231445 1.7652673721313477
    vertex 10.933333396911621 -5.358064651489258 1.9915781021118164
    vertex 10.933333396911621 -5.488725662231445 1.7652673721313477
  endloop
endfacet
facet normal 0.0 0.0 0.0
  outer loop
    vertex 16.399999618530273 -5.488725662231445 1.7652673721313477
    vertex 10.933333396911621 -5.488725662231445 1.7652673721313477
    vertex 16.399999618530273 -5.663583755493164 1.5710687637329102
  endloop
endfacet
facet normal 0.0 0.0 0.0
  outer loop
    vertex 16.399999618530273 -5.663583755493164 1.5710687637329102
    vertex 10.933333396911621 -5.488725662231445 1.7652673721313477
    vertex 10.933333396911621 -5.663583755493164 1.5710687637329102
  endloop
endfacet
facet normal 0.0 0.0 0.0
  outer loop
    vertex 16.399999618530273 -5.663583755493164 1.5710687637329102
    vertex 10.933333396911621 -5.663583755493164 1.5710687637329102
    vertex 16.399999618530273 -5.874998092651367 1.4174680709838867
  endloop
endfacet
facet normal 0.0 0.0 0.0
  outer loop
    vertex 16.399999618530273 -5.874998092651367 1.4174680709838867
    vertex 10.933333396911621 -5.663583755493164 1.5710687637329102
    vertex 10.933333396911621 -5.874998092651367 1.4174680709838867
  endloop
endfacet
facet normal 0.0 0.0 0.0
  outer loop
    vertex 16.399999618530273 -5.874998092651367 1.4174680709838867
    vertex 10.933333396911621 -5.874998092651367 1.4174680709838867
    vertex 16.399999618530273 -6.113725185394287 1.3111791610717773
  endloop
endfacet
facet normal 0.0 0.0 0.0
  outer loop
    vertex 16.399999618530273 -6.113725185394287 1.3111791610717773
    vertex 10.933333396911621 -5.874998092651367 1.4174680709838867
    vertex 10.933333396911621 -6.113725185394287 1.3111791610717773
  endloop
endfacet
facet normal 0.0 0.0 0.0
  outer loop
    vertex 16.399999618530273 -6.113725185394287 1.3111791610717773
    vertex 10.933333396911621 -6.113725185394287 1.3111791610717773
    vertex 16.399999618530273 -6.3693366050720215 1.2568483352661133
  endloop
endfacet
facet normal 0.0 0.0 0.0
  outer loop
    vertex 16.399999618530273 -6.3693366050720215 1.2568483352661133
    vertex 10.933333396911621 -6.113725185394287 1.3111791610717773
    vertex 10.933333396911621 -6.3693366050720215 1.2568483352661133
  endloop
endfacet
facet normal 0.0 0.0 0.0
  outer loop
    vertex 16.399999618530273 -6.3693366050720215 1.2568483352661133
    vertex 10.933333396911621 -6.3693366050720215 1.2568483352661133
    vertex 16.399999618530273 -6.6306586265563965 1.2568483352661133
  endloop
endfacet
facet normal 0.0 0.0 0.0
  outer loop
    vertex 16.399999618530273 -6.6306586265563965 1.2568483352661133
    vertex 10.933333396911621 -6.3693366050720215 1.2568483352661133
    vertex 10.933333396911621 -6.6306586265563965 1.2568483352661133
  endloop
endfacet
facet normal 0.0 0.0 0.0
  outer loop
    vertex 16.399999618530273 -6.6306586265563965 1.2568483352661133
    vertex 10.933333396911621 -6.6306586265563965 1.2568483352661133
    vertex 16.399999618530273 -6.886268138885498 1.3111791610717773
  endloop
endfacet
facet normal 0.0 0.0 0.0
  outer loop
    vertex 16.399999618530273 -6.886268138885498 1.3111791610717773
    vertex 10.933333396911621 -6.6306586265563965 1.2568483352661133
    vertex 10.933333396911621 -6.886268138885498 1.3111791610717773
  endloop
endfacet
facet normal 0.0 0.0 0.0
  outer loop
    vertex 16.399999618530273 -6.886268138885498 1.3111791610717773
    vertex 10.933333396911621 -6.886268138885498 1.3111791610717773
    vertex 16.399999618530273 -7.124997615814209 1.4174680709838867
  endloop
endfacet
facet normal 0.0 0.0 0.0
  outer loop
    vertex 16.399999618530273 -7.124997615814209 1.4174680709838867
    vertex 10.933333396911621 -6.886268138885498 1.3111791610717773
    vertex 10.933333396911621 -7.124997615814209 1.4174680709838867
  endloop
endfacet
facet normal 0.0 0.0 0.0
  outer loop
    vertex 16.399999618530273 -7.124997615814209 1.4174680709838867
    vertex 10.933333396911621 -7.124997615814209 1.4174680709838867
    vertex 16.399999618530273 -7.336410045623779 1.5710687637329102
  endloop
endfacet
facet normal 0.0 0.0 0.0
  outer loop
    vertex 16.399999618530273 -7.336410045623779 1.5710687637329102
    vertex 10.933333396911621 -7.124997615814209 1.4174680709838867
    vertex 10.933333396911621 -7.336410045623779 1.5710687637329102
  endloop
endfacet
facet normal 0.0 0.0 0.0
  outer loop
    vertex 16.399999618530273 -7.336410045623779 1.5710687637329102
    vertex 10.933333396911621 -7.336410045623779 1.5710687637329102
    vertex 16.399999618530273 -7.511268138885498 1.7652673721313477
  endloop
endfacet
facet normal 0.0 0.0 0.0
  outer loop
    vertex 16.399999618530273 -7.511268138885498 1.7652673721313477
    vertex 10.933333396911621 -7.336410045623779 1.5710687637329102
    vertex 10.933333396911621 -7.511268138885498 1.7652673721313477
  endloop
endfacet
facet normal 0.0 0.0 0.0
  outer loop
    vertex 16.399999618530273 -7.511268138885498 1.7652673721313477
    vertex 10.933333396911621 -7.511268138885498 1.7652673721313477
    vertex 16.399999618530273 -7.6419291496276855 1.9915781021118164
  endloop
endfacet
facet normal 0.0 0.0 0.0
  outer loop
    vertex 16.399999618530273 -7.6419291496276855 1.9915781021118164
    vertex 10.933333396911621 -7.511268138885498 1.7652673721313477
    vertex 10.933333396911621 -7.6419291496276855 1.9915781021118164
  endloop
endfacet
facet normal 0.0 0.0 0.0
  outer loop
    vertex 16.399999618530273 -7.6419291496276855 1.9915781021118164
    vertex 10.933333396911621 -7.6419291496276855 1.9915781021118164
    vertex 16.399999618530273 -7.722682952880859 2.240109443664551
  endloop
endfacet
facet normal 0.0 0.0 0.0
  outer loop
    vertex 16.399999618530273 -7.722682952880859 2.240109443664551
    vertex 10.933333396911621 -7.6419291496276855 1.9915781021118164
    vertex 10.933333396911621 -7.722682952880859 2.240109443664551
  endloop
endfacet
facet normal 0.0 0.0 0.0
  outer loop
    vertex 16.399999618530273 -7.722682952880859 2.240109443664551
    vertex 10.933333396911621 -7.722682952880859 2.240109443664551
    vertex 16.399999618530273 -7.749998092651367 2.4999990463256836
  endloop
endfacet
facet normal 0.0 0.0 0.0
  outer loop
    vertex 16.399999618530273 -7.749998092651367 2.4999990463256836
    vertex 10.933333396911621 -7.722682952880859 2.240109443664551
    vertex 10.933333396911621 -7.749998092651367 2.4999990463256836
  endloop
endfacet
facet normal 0.0 0.0 0.0
  outer loop
    vertex 16.399999618530273 -7.749998092651367 2.4999990463256836
    vertex 10.933333396911621 -7.749998092651367 2.4999990463256836
    vertex 16.399999618530273 -7.722682952880859 2.7598886489868164
  endloop
endfacet
facet normal 0.0 0.0 0.0
  outer loop
    vertex 16.399999618530273 -7.722682952880859 2.7598886489868164
    vertex 10.933333396911621 -7.749998092651367 2.4999990463256836
    vertex 10.933333396911621 -7.722682952880859 2.7598886489868164
  endloop
endfacet
facet normal 0.0 0.0 0.0
  outer loop
    vertex 16.399999618530273 -7.722682952880859 2.7598886489868164
    vertex 10.933333396911621 -7.722682952880859 2.7598886489868164
    vertex 16.399999618530273 -7.641929626464844 3.008419990539551
  endloop
endfacet
facet normal 0.0 0.0 0.0
  outer loop
    vertex 16.399999618530273 -7.641929626464844 3.008419990539551
    vertex 10.933333396911621 -7.722682952880859 2.7598886489868164
    vertex 10.933333396911621 -7.641929626464844 3.008419990539551
  endloop
endfacet
facet normal 0.0 0.0 0.0
  outer loop
    vertex 16.399999618530273 -7.641929626464844 3.008419990539551
    vertex 10.933333396911621 -7.641929626464844 3.008419990539551
    vertex 16.399999618530273 -7.511268615722656 3.2347307205200195
  endloop
endfacet
facet normal 0.0 0.0 0.0
  outer loop
    vertex 16.399999618530273 -7.511268615722656 3.2347307205200195
    vertex 10.933333396911621 -7.641929626464844 3.008419990539551
    vertex 10.933333396911621 -7.511268615722656 3.2347307205200195
  endloop
endfacet
facet normal 0.0 0.0 0.0
  outer loop
    vertex 16.399999618530273 -7.511268615722656 3.2347307205200195
    vertex 10.933333396911621 -7.511268615722656 3.2347307205200195
    vertex 16.399999618530273 -7.3364105224609375 3.42893123626709
  endloop
endfacet
facet normal 0.0 0.0 0.0
  outer loop
    vertex 16.399999618530273 -7.3364105224609375 3.42893123626709
    vertex 10.933333396911621 -7.511268615722656 3.2347307205200195
    vertex 10.933333396911621 -7.3364105224609375 3.42893123626709
  endloop
endfacet
facet normal 0.0 0.0 0.0
  outer loop
    vertex 16.399999618530273 -7.3364105224609375 3.42893123626709
    vertex 10.933333396911621 -7.3364105224609375 3.42893123626709
    vertex 16.399999618530273 -7.124998092651367 3.5825319290161133
  endloop
endfacet
facet normal 0.0 0.0 0.0
  outer loop
    vertex 16.399999618530273 -7.124998092651367 3.5825319290161133
    vertex 10.933333396911621 -7.3364105224609375 3.42893123626709
    vertex 10.933333396911621 -7.124998092651367 3.5825319290161133
  endloop
endfacet
facet normal 0.0 0.0 0.0
  outer loop
    vertex 16.399999618530273 -7.124998092651367 3.5825319290161133
    vertex 10.933333396911621 -7.124998092651367 3.5825319290161133
    vertex 16.399999618530273 -6.886268615722656 3.6888208389282227
  endloop
endfacet
facet normal 0.0 0.0 0.0
  outer loop
    vertex 16.399999618530273 -6.886268615722656 3.6888208389282227
    vertex 10.933333396911621 -7.124998092651367 3.5825319290161133
    vertex 10.933333396911621 -6.886268615722656 3.6888208389282227
  endloop
endfacet
facet normal 0.0 0.0 0.0
  outer loop
    vertex 16.399999618530273 -6.886268615722656 3.6888208389282227
    vertex 10.933333396911621 -6.886268615722656 3.6888208389282227
    vertex 16.399999618530273 -6.630659103393555 3.7431516647338867
  endloop
endfacet
facet normal 0.0 0.0 0.0
  outer loop
    vertex 16.399999618530273 -6.630659103393555 3.7431516647338867
    vertex 10.933333396911621 -6.886268615722656 3.6888208389282227
    vertex 10.933333396911621 -6.630659103393555 3.7431516647338867
  endloop
endfacet
facet normal 0.0 0.0 0.0
  outer loop
    vertex 16.399999618530273 -6.630659103393555 3.7431516647338867
    vertex 10.933333396911621 -6.630659103393555 3.7431516647338867
    vertex 16.399999618530273 -6.36933708190918 3.7431516647338867
  endloop
endfacet
facet normal 0.0 0.0 0.0
  outer loop
    vertex 16.399999618530273 -6.36933708190918 3.7431516647338867
    vertex 10.933333396911621 -6.630659103393555 3.7431516647338867
    vertex 10.933333396911621 -6.36933708190918 3.7431516647338867
  endloop
endfacet
facet normal 0.0 0.0 0.0
  outer loop
    vertex 16.399999618530273 -6.36933708190918 3.7431516647338867
    vertex 10.933333396911621 -6.36933708190918 3.7431516647338867
    vertex 16.399999618530273 -6.113725662231445 3.6888208389282227
  endloop
endfacet
facet normal 0.0 0.0 0.0
  outer loop
    vertex 16.399999618530273 -6.113725662231445 3.6888208389282227
    vertex 10.933333396911621 -6.36933708190918 3.7431516647338867
    vertex 10.933333396911621 -6.113725662231445 3.6888208389282227
  endloop
endfacet
facet normal 0.0 0.0 0.0
  outer loop
    vertex 16.399999618530273 -6.113725662231445 3.6888208389282227
    vertex 10.933333396911621 -6.113725662231445 3.6888208389282227
    vertex 16.399999618530273 -5.874998569488525 3.5825319290161133
  endloop
endfacet
facet normal 0.0 0.0 0.0
  outer loop
    vertex 16.399999618530273 -5.874998569488525 3.5825319290161133
    vertex 10.933333396911621 -6.113725662231445 3.6888208389282227
    vertex 10.933333396911621 -5.874998569488525 3.5825319290161133
  endloop
endfacet
facet normal 0.0 0.0 0.0
  outer loop
    vertex 16.399999618530273 -5.874998569488525 3.5825319290161133
    vertex 10.933333396911621 -5.874998569488525 3.5825319290161133
    vertex 16.399999618530273 -5.663584232330322 3.42893123626709
  endloop
endfacet
facet normal 0.0 0.0 0.0
  outer loop
    vertex 16.399999618530273 -5.663584232330322 3.42893123626709
    vertex 10.933333396911621 -5.874998569488525 3.5825319290161133
    vertex 10.933333396911621 -5.663584232330322 3.42893123626709
  endloop
endfacet
facet normal 0.0 0.0 0.0
  outer loop
    vertex 16.399999618530273 -5.663584232330322 3.42893123626709
    vertex 10.933333396911621 -5.663584232330322 3.42893123626709
    vertex 16.399999618530273 -5.4887261390686035 3.2347307205200195
  endloop
endfacet
facet normal 0.0 0.0 0.0
  outer loop
    vertex 16.399999618530273 -5.4887261390686035 3.2347307205200195
    vertex 10.933333396911621 -5.663584232330322 3.42893123626709
    vertex 10.933333396911621 -5.4887261390686035 3.2347307205200195
  endloop
endfacet
facet normal 0.0 0.0 0.0
  outer loop
    vertex 16.399999618530273 -5.4887261390686035 3.2347307205200195
    vertex 10.933333396911621 -5.4887261390686035 3.2347307205200195
    vertex 16.399999618530273 -5.358065128326416 3.008419990539551
  endloop
endfacet
facet normal 0.0 0.0 0.0
  outer loop
    vertex 16.399999618530273 -5.358065128326416 3.008419990539551
    vertex 10.933333396911621 -5.4887261390686035 3.2347307205200195
    vertex 10.933333396911621 -5.358065128326416 3.008419990539551
  endloop
endfacet
facet normal 0.0 0.0 0.0
  outer loop
    vertex 16.399999618530273 -5.358065128326416 3.008419990539551
    vertex 10.933333396911621 -5.358065128326416 3.008419990539551
    vertex 16.399999618530273 -5.277315616607666 2.7598886489868164
  endloop
endfacet
facet normal 0.0 0.0 0.0
  outer loop
    vertex 16.399999618530273 -5.277315616607666 2.7598886489868164
    vertex 10.933333396911621 -5.358065128326416 3.008419990539551
    vertex 10.933333396911621 -5.277315616607666 2.7598886489868164
  endloop
endfacet
facet normal 0.0 0.0 0.0
  outer loop
    vertex -10.933333396911621 -5.249998569488525 2.4999990463256836
    vertex -5.4666666984558105 -5.249998569488525 2.4999990463256836
    vertex -10.933333396911621 -5.277315616607666 2.7598886489868164
  endloop
endfacet
facet normal 0.0 0.0 0.0
  outer loop
    vertex -10.933333396911621 -5.277315616607666 2.7598886489868164
    vertex -5.4666666984558105 -5.249998569488525 2.4999990463256836
    vertex -5.4666666984558105 -5.277315616607666 2.7598886489868164
  endloop
endfacet
facet normal 0.0 0.0 0.0
  outer loop
    vertex -10.933333396911621 -5.277315616607666 2.7598886489868164
    vertex -5.4666666984558105 -5.277315616607666 2.7598886489868164
    vertex -10.933333396911621 -5.358065128326416 3.008419990539551
  endloop
endfacet
facet normal 0.0 0.0 0.0
  outer loop
    vertex -10.933333396911621 -5.358065128326416 3.008419990539551
    vertex -5.4666666984558105 -5.277315616607666 2.7598886489868164
    vertex -5.4666666984558105 -5.358065128326416 3.008419990539551
  endloop
endfacet
facet normal 0.0 0.0 0.0
  outer loop
    vertex -10.933333396911621 -5.358065128326416 3.008419990539551
    vertex -5.4666666984558105 -5.358065128326416 3.008419990539551
    vertex -10.933333396911621 -5.4887261390686035 3.2347307205200195
  endloop
endfacet
facet normal 0.0 0.0 0.0
  outer loop
    vertex -10.933333396911621 -5.4887261390686035 3.2347307205200195
    vertex -5.4666666984558105 -5.358065128326416 3.008419990539551
    vertex -5.4666666984558105 -5.4887261390686035 3.2347307205200195
  endloop
endfacet
facet normal 0.0 0.0 0.0
  outer loop
    vertex -10.933333396911621 -5.4887261390686035 3.2347307205200195
    vertex -5.4666666984558105 -5.4887261390686035 3.2347307205200195
    vertex -10.933333396911621 -5.663584232330322 3.42893123626709
  endloop
endfacet
facet normal 0.0 0.0 0.0
  outer loop
    vertex -10.933333396911621 -5.663584232330322 3.42893123626709
    vertex -5.4666666984558105 -5.4887261390686035 3.2347307205200195
    vertex -5.4666666984558105 -5.663584232330322 3.42893123626709
  endloop
endfacet
facet normal 0.0 0.0 0.0
  outer loop
    vertex -10.933333396911621 -5.663584232330322 3.42893123626709
    vertex -5.4666666984558105 -5.663584232330322 3.42893123626709
    vertex -10.933333396911621 -5.874998569488525 3.5825319290161133
  endloop
endfacet
facet normal 0.0 0.0 0.0
  outer loop
    vertex -10.933333396911621 -5.874998569488525 3.5825319290161133
    vertex -5.4666666984558105 -5.663584232330322 3.42893123626709
    vertex -5.4666666984558105 -5.874998569488525 3.5825319290161133
  endloop
endfacet
facet normal 0.0 0.0 0.0
  outer loop
    vertex -10.933333396911621 -5.874998569488525 3.5825319290161133
    vertex -5.4666666984558105 -5.874998569488525 3.5825319290161133
    vertex -10.933333396911621 -6.113725662231445 3.6888208389282227
  endloop
endfacet
facet normal 0.0 0.0 0.0
  outer loop
    vertex -10.933333396911621 -6.113725662231445 3.6888208389282227
    vertex -5.4666666984558105 -5.874998569488525 3.5825319290161133
    vertex -5.4666666984558105 -6.113725662231445 3.6888208389282227
  endloop
endfacet
facet normal 0.0 0.0 0.0
  outer loop
    vertex -10.933333396911621 -6.113725662231445 3.6888208389282227
    vertex -5.4666666984558105 -6.113725662231445 3.6888208389282227
    vertex -10.933333396911621 -6.36933708190918 3.7431516647338867
  endloop
endfacet
facet normal 0.0 0.0 0.0
  outer loop
    vertex -10.933333396911621 -6.36933708190918 3.7431516647338867
    vertex -5.4666666984558105 -6.113725662231445 3.6888208389282227
    vertex -5.4666666984558105 -6.36933708190918 3.7431516647338867
  endloop
endfacet
facet normal 0.0 0.0 0.0
  outer loop
    vertex -10.933333396911621 -6.36933708190918 3.7431516647338867
    vertex -5.4666666984558105 -6.36933708190918 3.7431516647338867
    vertex -10.933333396911621 -6.630659103393555 3.7431516647338867
  endloop
endfacet
facet normal 0.0 0.0 0.0
  outer loop
    vertex -10.933333396911621 -6.630659103393555 3.7431516647338867
    vertex -5.4666666984558105 -6.36933708190918 3.7431516647338867
    vertex -5.4666666984558105 -6.630659103393555 3.7431516647338867
  endloop
endfacet
facet normal 0.0 0.0 0.0
  outer loop
    vertex -10.933333396911621 -6.630659103393555 3.7431516647338867
    vertex -5.4666666984558105 -6.630659103393555 3.7431516647338867
    vertex -10.933333396911621 -6.886268615722656 3.6888208389282227
  endloop
endfacet
facet normal 0.0 0.0 0.0
  outer loop
    vertex -10.933333396911621 -6.886268615722656 3.6888208389282227
    vertex -5.4666666984558105 -6.630659103393555 3.7431516647338867
    vertex -5.4666666984558105 -6.886268615722656 3.6888208389282227
  endloop
endfacet
facet normal 0.0 0.0 0.0
  outer loop
    vertex -10.933333396911621 -6.886268615722656 3.6888208389282227
    vertex -5.4666666984558105 -6.886268615722656 3.6888208389282227
    vertex -10.933333396911621 -7.124998092651367 3.5825319290161133
  endloop
endfacet
facet normal 0.0 0.0 0.0
  outer loop
    vertex -10.933333396911621 -7.124998092651367 3.5825319290161133
    vertex -5.4666666984558105 -6.886268615722656 3.6888208389282227
    vertex -5.4666666984558105 -7.124998092651367 3.5825319290161133
  endloop
endfacet
facet normal 0.0 0.0 0.0
  outer loop
    vertex -10.933333396911621 -7.124998092651367 3.5825319290161133
    vertex -5.4666666984558105 -7.124998092651367 3.5825319290161133
    vertex -10.933333396911621 -7.3364105224609375 3.42893123626709
  endloop
endfacet
facet normal 0.0 0.0 0.0
  outer loop
    vertex -10.933333396911621 -7.3364105224609375 3.42893123626709
    vertex -5.4666666984558105 -7.124998092651367 3.5825319290161133
    vertex -5.4666666984558105 -7.3364105224609375 3.42893123626709
  endloop
endfacet
facet normal 0.0 0.0 0.0
  outer loop
    vertex -10.933333396911621 -7.3364105224609375 3.42893123626709
    vertex -5.4666666984558105 -7.3364105224609375 3.42893123626709
    vertex -10.933333396911621 -7.511268615722656 3.2347307205200195
  endloop
endfacet
facet normal 0.0 0.0 0.0
  outer loop
    vertex -10.933333396911621 -7.511268615722656 3.2347307205200195
    vertex -5.4666666984558105 -7.3364105224609375 3.42893123626709
    vertex -5.4666666984558105 -7.511268615722656 3.2347307205200195
  endloop
endfacet
facet normal 0.0 0.0 0.0
  outer loop
    vertex -10.933333396911621 -7.511268615722656 3.2347307205200195
    vertex -5.4666666984558105 -7.511268615722656 3.2347307205200195
    vertex -10.933333396911621 -7.641929626464844 3.008419990539551
  endloop
endfacet
facet normal 0.0 0.0 0.0
  outer loop
    vertex -10.933333396911621 -7.641929626464844 3.008419990539551
    vertex -5.4666666984558105 -7.511268615722656 3.2347307205200195
    vertex -5.4666666984558105 -7.641929626464844 3.008419990539551
  endloop
endfacet
facet normal 0.0 0.0 0.0
  outer loop
    vertex -10.933333396911621 -7.641929626464844 3.008419990539551
    vertex -5.4666666984558105 -7.641929626464844 3.008419990539551
    vertex -10.933333396911621 -7.722682952880859 2.7598886489868164
  endloop
endfacet
facet normal 0.0 0.0 0.0
  outer loop
    vertex -10.933333396911621 -7.722682952880859 2.7598886489868164
    vertex -5.4666666984558105 -7.641929626464844 3.008419990539551
    vertex -5.4666666984558105 -7.722682952880859 2.7598886489868164
  endloop
endfacet
facet normal 0.0 0.0 0.0
  outer loop
    vertex -10.933333396911621 -7.722682952880859 2.7598886489868164
    vertex -5.4666666984558105 -7.722682952880859 2.7598886489868164
    vertex -10.933333396911621 -7.749998092651367 2.4999990463256836
  endloop
endfacet
facet normal 0.0 0.0 0.0
  outer loop
    vertex -10.933333396911621 -7.749998092651367 2.4999990463256836
    vertex -5.4666666984558105 -7.722682952880859 2.7598886489868164
    vertex -5.4666666984558105 -7.749998092651367 2.4999990463256836
  endloop
endfacet
facet normal 0.0 0.0 0.0
  outer loop
    vertex -10.933333396911621 -7.749998092651367 2.4999990463256836
    vertex -5.4666666984558105 -7.749998092651367 2.4999990463256836
    vertex -10.933333396911621 -7.722682952880859 2.240109443664551
  endloop
endfacet
facet normal 0.0 0.0 0.0
  outer loop
    vertex -10.933333396911621 -7.722682952880859 2.240109443664551
    vertex -5.4666666984558105 -7.749998092651367 2.4999990463256836
    vertex -5.4666666984558105 -7.722682952880859 2.240109443664551
  endloop
endfacet
facet normal 0.0 0.0 0.0
  outer loop
    vertex -10.933333396911621 -7.722682952880859 2.240109443664551
    vertex -5.4666666984558105 -7.722682952880859 2.240109443664551
    vertex -10.933333396911621 -7.6419291496276855 1.9915781021118164
  endloop
endfacet
facet normal 0.0 0.0 0.0
  outer loop
    vertex -10.933333396911621 -7.6419291496276855 1.9915781021118164
    vertex -5.4666666984558105 -7.722682952880859 2.240109443664551
    vertex -5.4666666984558105 -7.6419291496276855 1.9915781021118164
  endloop
endfacet
facet normal 0.0 0.0 0.0
  outer loop
    vertex -10.933333396911621 -7.6419291496276855 1.9915781021118164
    vertex -5.4666666984558105 -7.6419291496276855 1.9915781021118164
    vertex -10.933333396911621 -7.511268138885498 1.7652673721313477
  endloop
endfacet
facet normal 0.0 0.0 0.0
  outer loop
    vertex -10.933333396911621 -7.511268138885498 1.7652673721313477
    vertex -5.4666666984558105 -7.6419291496276855 1.9915781021118164
    vertex -5.4666666984558105 -7.511268138885498 1.7652673721313477
  endloop
endfacet
facet normal 0.0 0.0 0.0
  outer loop
    vertex -10.933333396911621 -7.511268138885498 1.7652673721313477
    vertex -5.4666666984558105 -7.511268138885498 1.7652673721313477
    vertex -10.933333396911621 -7.336410045623779 1.5710687637329102
  endloop
endfacet
facet normal 0.0 0.0 0.0
  outer loop
    vertex -10.933333396911621 -7.336410045623779 1.5710687637329102
    vertex -5.4666666984558105 -7.511268138885498 1.7652673721313477
    vertex -5.4666666984558105 -7.336410045623779 1.5710687637329102
  endloop
endfacet
facet normal 0.0 0.0 0.0
  outer loop
    vertex -10.933333396911621 -7.336410045623779 1.5710687637329102
    vertex -5.4666666984558105 -7.336410045623779 1.5710687637329102
    vertex -10.933333396911621 -7.124997615814209 1.4174680709838867
  endloop
endfacet
facet normal 0.0 0.0 0.0
  outer loop
    vertex -10.933333396911621 -7.124997615814209 1.4174680709838867
    vertex -5.4666666984558105 -7.336410045623779 1.5710687637329102
    vertex -5.4666666984558105 -7.124997615814209 1.4174680709838867
  endloop
endfacet
facet normal 0.0 0.0 0.0
  outer loop
    vertex -10.933333396911621 -7.124997615814209 1.4174680709838867
    vertex -5.4666666984558105 -7.124997615814209 1.4174680709838867
    vertex -10.933333396911621 -6.886268138885498 1.3111791610717773
  endloop
endfacet
facet normal 0.0 0.0 0.0
  outer loop
    vertex -10.933333396911621 -6.886268138885498 1.3111791610717773
    vertex -5.4666666984558105 -7.124997615814209 1.4174680709838867
    vertex -5.4666666984558105 -6.886268138885498 1.3111791610717773
  endloop
endfacet
facet normal 0.0 0.0 0.0
  outer loop
    vertex -10.933333396911621 -6.886268138885498 1.3111791610717773
    vertex -5.4666666984558105 -6.886268138885498 1.3111791610717773
    vertex -10.933333396911621 -6.6306586265563965 1.2568483352661133
  endloop
endfacet
facet normal 0.0 0.0 0.0
  outer loop
    vertex -10.933333396911621 -6.6306586265563965 1.2568483352661133
    vertex -5.4666666984558105 -6.886268138885498 1.3111791610717773
    vertex -5.4666666984558105 -6.6306586265563965 1.2568483352661133
  endloop
endfacet
facet normal 0.0 0.0 0.0
  outer loop
    vertex -10.933333396911621 -6.6306586265563965 1.2568483352661133
    vertex -5.4666666984558105 -6.6306586265563965 1.2568483352661133
    vertex -10.933333396911621 -6.3693366050720215 1.2568483352661133
  endloop
endfacet
facet normal 0.0 0.0 0.0
  outer loop
    vertex -10.933333396911621 -6.3693366050720215 1.2568483352661133
    vertex -5.4666666984558105 -6.6306586265563965 1.2568483352661133
    vertex -5.4666666984558105 -6.3693366050720215 1.2568483352661133
  endloop
endfacet
facet normal 0.0 0.0 0.0
  outer loop
    vertex -10.933333396911621 -6.3693366050720215 1.2568483352661133
    vertex -5.4666666984558105 -6.3693366050720215 1.2568483352661133
    vertex -10.933333396911621 -6.113725185394287 1.3111791610717773
  endloop
endfacet
facet normal 0.0 0.0 0.0
  outer loop
    vertex -10.933333396911621 -6.113725185394287 1.3111791610717773
    vertex -5.4666666984558105 -6.3693366050720215 1.2568483352661133
    vertex -5.4666666984558105 -6.113725185394287 1.3111791610717773
  endloop
endfacet
facet normal 0.0 0.0 0.0
  outer loop
    vertex -10.933333396911621 -6.113725185394287 1.3111791610717773
    vertex -5.4666666984558105 -6.113725185394287 1.3111791610717773
    vertex -10.933333396911621 -5.874998092651367 1.4174680709838867
  endloop
endfacet
facet normal 0.0 0.0 0.0
  outer loop
    vertex -10.933333396911621 -5.874998092651367 1.4174680709838867
    vertex -5.4666666984558105 -6.113725185394287 1.3111791610717773
    vertex -5.4666666984558105 -5.874998092651367 1.4174680709838867
  endloop
endfacet
facet normal 0.0 0.0 0.0
  outer loop
    vertex -10.933333396911621 -5.874998092651367 1.4174680709838867
    vertex -5.4666666984558105 -5.874998092651367 1.4174680709838867
    vertex -10.933333396911621 -5.663583755493164 1.5710687637329102
  endloop
endfacet
facet normal 0.0 0.0 0.0
  outer loop
    vertex -10.933333396911621 -5.663583755493164 1.5710687637329102
    vertex -5.4666666984558105 -5.874998092651367 1.4174680709838867
    vertex -5.4666666984558105 -5.663583755493164 1.5710687637329102
  endloop
endfacet
facet normal 0.0 0.0 0.0
  outer loop
    vertex -10.933333396911621 -5.663583755493164 1.5710687637329102
    vertex -5.4666666984558105 -5.663583755493164 1.5710687637329102
    vertex -10.933333396911621 -5.488725662231445 1.7652673721313477
  endloop
endfacet
facet normal 0.0 0.0 0.0
  outer loop
    vertex -10.933333396911621 -5.488725662231445 1.7652673721313477
    vertex -5.4666666984558105 -5.663583755493164 1.5710687637329102
    vertex -5.4666666984558105 -5.488725662231445 1.7652673721313477
  endloop
endfacet
facet normal 0.0 0.0 0.0
  outer loop
    vertex -10.933333396911621 -5.488725662231445 1.7652673721313477
    vertex -5.4666666984558105 -5.488725662231445 1.7652673721313477
    vertex -10.933333396911621 -5.358064651489258 1.9915781021118164
  endloop
endfacet
facet normal 0.0 0.0 0.0
  outer loop
    vertex -10.933333396911621 -5.358064651489258 1.9915781021118164
    vertex -5.4666666984558105 -5.488725662231445 1.7652673721313477
    vertex -5.4666666984558105 -5.358064651489258 1.9915781021118164
  endloop
endfacet
facet normal 0.0 0.0 0.0
  outer loop
    vertex -10.933333396911621 -5.358064651489258 1.9915781021118164
    vertex -5.4666666984558105 -5.358064651489258 1.9915781021118164
    vertex -10.933333396911621 -5.277315616607666 2.240109443664551
  endloop
endfacet
facet normal 0.0 0.0 0.0
  outer loop
    vertex -10.933333396911621 -5.277315616607666 2.240109443664551
    vertex -5.4666666984558105 -5.358064651489258 1.9915781021118164
    vertex -5.4666666984558105 -5.277315616607666 2.240109443664551
  endloop
endfacet
facet normal 0.0 0.0 0.0
  outer loop
    vertex -10.933333396911621 -5.277315616607666 2.240109443664551
    vertex -5.4666666984558105 -5.277315616607666 2.240109443664551
    vertex -10.933333396911621 -5.249998569488525 2.4999990463256836
  endloop
endfacet
facet normal 0.0 0.0 0.0
  outer loop
    vertex -10.933333396911621 -5.249998569488525 2.4999990463256836
    vertex -5.4666666984558105 -5.277315616607666 2.240109443664551
    vertex -5.4666666984558105 -5.249998569488525 2.4999990463256836
  endloop
endfacet
facet normal 0.0 0.0 0.0
  outer loop
    vertex -5.4666666984558105 -5.249998569488525 2.4999990463256836
    vertex 0.0 -5.249998569488525 2.4999990463256836
    vertex -5.4666666984558105 -5.277315616607666 2.7598886489868164
  endloop
endfacet
facet normal 0.0 0.0 0.0
  outer loop
    vertex -5.4666666984558105 -5.277315616607666 2.7598886489868164
    vertex 0.0 -5.249998569488525 2.4999990463256836
    vertex 0.0 -5.277315616607666 2.7598886489868164
  endloop
endfacet
facet normal 0.0 0.0 0.0
  outer loop
    vertex -5.4666666984558105 -5.277315616607666 2.7598886489868164
    vertex 0.0 -5.277315616607666 2.7598886489868164
    vertex -5.4666666984558105 -5.358065128326416 3.008419990539551
  endloop
endfacet
facet normal 0.0 0.0 0.0
  outer loop
    vertex -5.4666666984558105 -5.358065128326416 3.008419990539551
    vertex 0.0 -5.277315616607666 2.7598886489868164
    vertex 0.0 -5.358065128326416 3.008419990539551
  endloop
endfacet
facet normal 0.0 0.0 0.0
  outer loop
    vertex -5.4666666984558105 -5.358065128326416 3.008419990539551
    vertex 0.0 -5.358065128326416 3.008419990539551
    vertex -5.4666666984558105 -5.4887261390686035 3.2347307205200195
  endloop
endfacet
facet normal 0.0 0.0 0.0
  outer loop
    vertex -5.4666666984558105 -5.4887261390686035 3.2347307205200195
    vertex 0.0 -5.358065128326416 3.008419990539551
    vertex 0.0 -5.4887261390686035 3.2347307205200195
  endloop
endfacet
facet normal 0.0 0.0 0.0
  outer loop
    vertex -5.4666666984558105 -5.4887261390686035 3.2347307205200195
    vertex 0.0 -5.4887261390686035 3.2347307205200195
    vertex -5.4666666984558105 -5.663584232330322 3.42893123626709
  endloop
endfacet
facet normal 0.0 0.0 0.0
  outer loop
    vertex -5.4666666984558105 -5.663584232330322 3.42893123626709
    vertex 0.0 -5.4887261390686035 3.2347307205200195
    vertex 0.0 -5.663584232330322 3.42893123626709
  endloop
endfacet
facet normal 0.0 0.0 0.0
  outer loop
    vertex -5.4666666984558105 -5.663584232330322 3.42893123626709
    vertex 0.0 -5.663584232330322 3.42893123626709
    vertex -5.4666666984558105 -5.874998569488525 3.5825319290161133
  endloop
endfacet
facet normal 0.0 0.0 0.0
  outer loop
    vertex -5.4666666984558105 -5.874998569488525 3.5825319290161133
    vertex 0.0 -5.663584232330322 3.42893123626709
    vertex 0.0 -5.874998569488525 3.5825319290161133
  endloop
endfacet
facet normal 0.0 0.0 0.0
  outer loop
    vertex -5.4666666984558105 -5.874998569488525 3.5825319290161133
    vertex 0.0 -5.874998569488525 3.5825319290161133
    vertex -5.4666666984558105 -6.113725662231445 3.6888208389282227
  endloop
endfacet
facet normal 0.0 0.0 0.0
  outer loop
    vertex -5.4666666984558105 -6.113725662231445 3.6888208389282227
    vertex 0.0 -5.874998569488525 3.5825319290161133
    vertex 0.0 -6.113725662231445 3.6888208389282227
  endloop
endfacet
facet normal 0.0 0.0 0.0
  outer loop
    vertex -5.4666666984558105 -6.113725662231445 3.6888208389282227
    vertex 0.0 -6.113725662231445 3.6888208389282227
    vertex -5.4666666984558105 -6.36933708190918 3.7431516647338867
  endloop
endfacet
facet normal 0.0 0.0 0.0
  outer loop
    vertex -5.4666666984558105 -6.36933708190918 3.7431516647338867
    vertex 0.0 -6.113725662231445 3.6888208389282227
    vertex 0.0 -6.36933708190918 3.7431516647338867
  endloop
endfacet
facet normal 0.0 0.0 0.0
  outer loop
    vertex -5.4666666984558105 -6.36933708190918 3.7431516647338867
    vertex 0.0 -6.36933708190918 3.7431516647338867
    vertex -5.4666666984558105 -6.630659103393555 3.7431516647338867
  endloop
endfacet
facet normal 0.0 0.0 0.0
  outer loop
    vertex -5.4666666984558105 -6.630659103393555 3.7431516647338867
    vertex 0.0 -6.36933708190918 3.7431516647338867
    vertex 0.0 -6.630659103393555 3.7431516647338867
  endloop
endfacet
facet normal 0.0 0.0 0.0
  outer loop
    vertex -5.4666666984558105 -6.630659103393555 3.7431516647338867
    vertex 0.0 -6.630659103393555 3.7431516647338867
    vertex -5.4666666984558105 -6.886268615722656 3.6888208389282227
  endloop
endfacet
facet normal 0.0 0.0 0.0
  outer loop
    vertex -5.4666666984558105 -6.886268615722656 3.6888208389282227
    vertex 0.0 -6.630659103393555 3.7431516647338867
    vertex 0.0 -6.886268615722656 3.6888208389282227
  endloop
endfacet
facet normal 0.0 0.0 0.0
  outer loop
    vertex -5.4666666984558105 -6.886268615722656 3.6888208389282227
    vertex 0.0 -6.886268615722656 3.6888208389282227
    vertex -5.4666666984558105 -7.124998092651367 3.5825319290161133
  endloop
endfacet
facet normal 0.0 0.0 0.0
  outer loop
    vertex -5.4666666984558105 -7.124998092651367 3.5825319290161133
    vertex 0.0 -6.886268615722656 3.6888208389282227
    vertex 0.0 -7.124998092651367 3.5825319290161133
  endloop
endfacet
facet normal 0.0 0.0 0.0
  outer loop
    vertex -5.4666666984558105 -7.124998092651367 3.5825319290161133
    vertex 0.0 -7.124998092651367 3.5825319290161133
    vertex -5.4666666984558105 -7.3364105224609375 3.42893123626709
  endloop
endfacet
facet normal 0.0 0.0 0.0
  outer loop
    vertex -5.4666666984558105 -7.3364105224609375 3.42893123626709
    vertex 0.0 -7.124998092651367 3.5825319290161133
    vertex 0.0 -7.3364105224609375 3.42893123626709
  endloop
endfacet
facet normal 0.0 0.0 0.0
  outer loop
    vertex -5.4666666984558105 -7.3364105224609375 3.42893123626709
    vertex 0.0 -7.3364105224609375 3.42893123626709
    vertex -5.4666666984558105 -7.511268615722656 3.2347307205200195
  endloop
endfacet
facet normal 0.0 0.0 0.0
  outer loop
    vertex -5.4666666984558105 -7.511268615722656 3.2347307205200195
    vertex 0.0 -7.3364105224609375 3.42893123626709
    vertex 0.0 -7.511268615722656 3.2347307205200195
  endloop
endfacet
facet normal 0.0 0.0 0.0
  outer loop
    vertex -5.4666666984558105 -7.511268615722656 3.2347307205200195
    vertex 0.0 -7.511268615722656 3.2347307205200195
    vertex -5.4666666984558105 -7.641929626464844 3.008419990539551
  endloop
endfacet
facet normal 0.0 0.0 0.0
  outer loop
    vertex -5.4666666984558105 -7.641929626464844 3.008419990539551
    vertex 0.0 -7.511268615722656 3.2347307205200195
    vertex 0.0 -7.641929626464844 3.008419990539551
  endloop
endfacet
facet normal 0.0 0.0 0.0
  outer loop
    vertex -5.4666666984558105 -7.641929626464844 3.008419990539551
    vertex 0.0 -7.641929626464844 3.008419990539551
    vertex -5.4666666984558105 -7.722682952880859 2.7598886489868164
  endloop
endfacet
facet normal 0.0 0.0 0.0
  outer loop
    vertex -5.4666666984558105 -7.722682952880859 2.7598886489868164
    vertex 0.0 -7.641929626464844 3.008419990539551
    vertex 0.0 -7.722682952880859 2.7598886489868164
  endloop
endfacet
facet normal 0.0 0.0 0.0
  outer loop
    vertex -5.4666666984558105 -7.722682952880859 2.7598886489868164
    vertex 0.0 -7.722682952880859 2.7598886489868164
    vertex -5.4666666984558105 -7.749998092651367 2.4999990463256836
  endloop
endfacet
facet normal 0.0 0.0 0.0
  outer loop
    vertex -5.4666666984558105 -7.749998092651367 2.4999990463256836
    vertex 0.0 -7.722682952880859 2.7598886489868164
    vertex 0.0 -7.749998092651367 2.4999990463256836
  endloop
endfacet
facet normal 0.0 0.0 0.0
  outer loop
    vertex -5.4666666984558105 -7.749998092651367 2.4999990463256836
    vertex 0.0 -7.749998092651367 2.4999990463256836
    vertex -5.4666666984558105 -7.722682952880859 2.240109443664551
  endloop
endfacet
facet normal 0.0 0.0 0.0
  outer loop
    vertex -5.4666666984558105 -7.722682952880859 2.240109443664551
    vertex 0.0 -7.749998092651367 2.4999990463256836
    vertex 0.0 -7.722682952880859 2.240109443664551
  endloop
endfacet
facet normal 0.0 0.0 0.0
  outer loop
    vertex -5.4666666984558105 -7.722682952880859 2.240109443664551
    vertex 0.0 -7.722682952880859 2.240109443664551
    vertex -5.4666666984558105 -7.6419291496276855 1.9915781021118164
  endloop
endfacet
facet normal 0.0 0.0 0.0
  outer loop
    vertex -5.4666666984558105 -7.6419291496276855 1.9915781021118164
    vertex 0.0 -7.722682952880859 2.240109443664551
    vertex 0.0 -7.6419291496276855 1.9915781021118164
  endloop
endfacet
facet normal 0.0 0.0 0.0
  outer loop
    vertex -5.4666666984558105 -7.6419291496276855 1.9915781021118164
    vertex 0.0 -7.6419291496276855 1.9915781021118164
    vertex -5.4666666984558105 -7.511268138885498 1.7652673721313477
  endloop
endfacet
facet normal 0.0 0.0 0.0
  outer loop
    vertex -5.4666666984558105 -7.511268138885498 1.7652673721313477
    vertex 0.0 -7.6419291496276855 1.9915781021118164
    vertex 0.0 -7.511268138885498 1.7652673721313477
  endloop
endfacet
facet normal 0.0 0.0 0.0
  outer loop
    vertex -5.4666666984558105 -7.511268138885498 1.7652673721313477
    vertex 0.0 -7.511268138885498 1.7652673721313477
    vertex -5.4666666984558105 -7.336410045623779 1.5710687637329102
  endloop
endfacet
facet normal 0.0 0.0 0.0
  outer loop
    vertex -5.4666666984558105 -7.336410045623779 1.5710687637329102
    vertex 0.0 -7.511268138885498 1.7652673721313477
    vertex 0.0 -7.336410045623779 1.5710687637329102
  endloop
endfacet
facet normal 0.0 0.0 0.0
  outer loop
    vertex -5.4666666984558105 -7.336410045623779 1.5710687637329102
    vertex 0.0 -7.336410045623779 1.5710687637329102
    vertex -5.4666666984558105 -7.124997615814209 1.4174680709838867
  endloop
endfacet
facet normal 0.0 0.0 0.0
  outer loop
    vertex -5.4666666984558105 -7.124997615814209 1.4174680709838867
    vertex 0.0 -7.336410045623779 1.5710687637329102
    vertex 0.0 -7.124997615814209 1.4174680709838867
  endloop
endfacet
facet normal 0.0 0.0 0.0
  outer loop
    vertex -5.4666666984558105 -7.124997615814209 1.4174680709838867
    vertex 0.0 -7.124997615814209 1.4174680709838867
    vertex -5.4666666984558105 -6.886268138885498 1.3111791610717773
  endloop
endfacet
facet normal 0.0 0.0 0.0
  outer loop
    vertex -5.4666666984558105 -6.886268138885498 1.3111791610717773
    vertex 0.0 -7.124997615814209 1.4174680709838867
    vertex 0.0 -6.886268138885498 1.3111791610717773
  endloop
endfacet
facet normal 0.0 0.0 0.0
  outer loop
    vertex -5.4666666984558105 -6.886268138885498 1.3111791610717773
    vertex 0.0 -6.886268138885498 1.3111791610717773
    vertex -5.4666666984558105 -6.6306586265563965 1.2568483352661133
  endloop
endfacet
facet normal 0.0 0.0 0.0
  outer loop
    vertex -5.4666666984558105 -6.6306586265563965 1.2568483352661133
    vertex 0.0 -6.886268138885498 1.3111791610717773
    vertex 0.0 -6.6306586265563965 1.2568483352661133
  endloop
endfacet
facet normal 0.0 0.0 0.0
  outer loop
    vertex -5.4666666984558105 -6.6306586265563965 1.2568483352661133
    vertex 0.0 -6.6306586265563965 1.2568483352661133
    vertex -5.4666666984558105 -6.3693366050720215 1.2568483352661133
  endloop
endfacet
facet normal 0.0 0.0 0.0
  outer loop
    vertex -5.4666666984558105 -6.3693366050720215 1.2568483352661133
    vertex 0.0 -6.6306586265563965 1.2568483352661133
    vertex 0.0 -6.3693366050720215 1.2568483352661133
  endloop
endfacet
facet normal 0.0 0.0 0.0
  outer loop
    vertex -5.4666666984558105 -6.3693366050720215 1.2568483352661133
    vertex 0.0 -6.3693366050720215 1.2568483352661133
    vertex -5.4666666984558105 -6.113725185394287 1.3111791610717773
  endloop
endfacet
facet normal 0.0 0.0 0.0
  outer loop
    vertex -5.4666666984558105 -6.113725185394287 1.3111791610717773
    vertex 0.0 -6.3693366050720215 1.2568483352661133
    vertex 0.0 -6.113725185394287 1.3111791610717773
  endloop
endfacet
facet normal 0.0 0.0 0.0
  outer loop
    vertex -5.4666666984558105 -6.113725185394287 1.3111791610717773
    vertex 0.0 -6.113725185394287 1.3111791610717773
    vertex -5.4666666984558105 -5.874998092651367 1.4174680709838867
  endloop
endfacet
facet normal 0.0 0.0 0.0
  outer loop
    vertex -5.4666666984558105 -5.874998092651367 1.4174680709838867
    vertex 0.0 -6.113725185394287 1.3111791610717773
    vertex 0.0 -5.874998092651367 1.4174680709838867
  endloop
endfacet
facet normal 0.0 0.0 0.0
  outer loop
    vertex -5.4666666984558105 -5.874998092651367 1.4174680709838867
    vertex 0.0 -5.874998092651367 1.4174680709838867
    vertex -5.4666666984558105 -5.663583755493164 1.5710687637329102
  endloop
endfacet
facet normal 0.0 0.0 0.0
  outer loop
    vertex -5.4666666984558105 -5.663583755493164 1.5710687637329102
    vertex 0.0 -5.874998092651367 1.4174680709838867
    vertex 0.0 -5.663583755493164 1.5710687637329102
  endloop
endfacet
facet normal 0.0 0.0 0.0
  outer loop
    vertex -5.4666666984558105 -5.663583755493164 1.5710687637329102
    vertex 0.0 -5.663583755493164 1.5710687637329102
    vertex -5.4666666984558105 -5.488725662231445 1.7652673721313477
  endloop
endfacet
facet normal 0.0 0.0 0.0
  outer loop
    vertex -5.4666666984558105 -5.488725662231445 1.7652673721313477
    vertex 0.0 -5.663583755493164 1.5710687637329102
    vertex 0.0 -5.488725662231445 1.7652673721313477
  endloop
endfacet
facet normal 0.0 0.0 0.0
  outer loop
    vertex -5.4666666984558105 -5.488725662231445 1.7652673721313477
    vertex 0.0 -5.488725662231445 1.7652673721313477
    vertex -5.4666666984558105 -5.358064651489258 1.9915781021118164
  endloop
endfacet
facet normal 0.0 0.0 0.0
  outer loop
    vertex -5.4666666984558105 -5.358064651489258 1.9915781021118164
    vertex 0.0 -5.488725662231445 1.7652673721313477
    vertex 0.0 -5.358064651489258 1.9915781021118164
  endloop
endfacet
facet normal 0.0 0.0 0.0
  outer loop
    vertex -5.4666666984558105 -5.358064651489258 1.9915781021118164
    vertex 0.0 -5.358064651489258 1.9915781021118164
    vertex -5.4666666984558105 -5.277315616607666 2.240109443664551
  endloop
endfacet
facet normal 0.0 0.0 0.0
  outer loop
    vertex -5.4666666984558105 -5.277315616607666 2.240109443664551
    vertex 0.0 -5.358064651489258 1.9915781021118164
    vertex 0.0 -5.277315616607666 2.240109443664551
  endloop
endfacet
facet normal 0.0 0.0 0.0
  outer loop
    vertex -5.4666666984558105 -5.277315616607666 2.240109443664551
    vertex 0.0 -5.277315616607666 2.240109443664551
    vertex -5.4666666984558105 -5.249998569488525 2.4999990463256836
  endloop
endfacet
facet normal 0.0 0.0 0.0
  outer loop
    vertex -5.4666666984558105 -5.249998569488525 2.4999990463256836
    vertex 0.0 -5.277315616607666 2.240109443664551
    vertex 0.0 -5.249998569488525 2.4999990463256836
  endloop
endfacet
facet normal 0.0 0.0 0.0
  outer loop
    vertex 0.0 -5.249998569488525 2.4999990463256836
    vertex 5.4666666984558105 -5.249998569488525 2.4999990463256836
    vertex 0.0 -5.277315616607666 2.7598886489868164
  endloop
endfacet
facet normal 0.0 0.0 0.0
  outer loop
    vertex 0.0 -5.277315616607666 2.7598886489868164
    vertex 5.4666666984558105 -5.249998569488525 2.4999990463256836
    vertex 5.4666666984558105 -5.277315616607666 2.7598886489868164
  endloop
endfacet
facet normal 0.0 0.0 0.0
  outer loop
    vertex 0.0 -5.277315616607666 2.7598886489868164
    vertex 5.4666666984558105 -5.277315616607666 2.7598886489868164
    vertex 0.0 -5.358065128326416 3.008419990539551
  endloop
endfacet
facet normal 0.0 0.0 0.0
  outer loop
    vertex 0.0 -5.358065128326416 3.008419990539551
    vertex 5.4666666984558105 -5.277315616607666 2.7598886489868164
    vertex 5.4666666984558105 -5.358065128326416 3.008419990539551
  endloop
endfacet
facet normal 0.0 0.0 0.0
  outer loop
    vertex 0.0 -5.358065128326416 3.008419990539551
    vertex 5.4666666984558105 -5.358065128326416 3.008419990539551
    vertex 0.0 -5.4887261390686035 3.2347307205200195
  endloop
endfacet
facet normal 0.0 0.0 0.0
  outer loop
    vertex 0.0 -5.4887261390686035 3.2347307205200195
    vertex 5.4666666984558105 -5.358065128326416 3.008419990539551
    vertex 5.4666666984558105 -5.4887261390686035 3.2347307205200195
  endloop
endfacet
facet normal 0.0 0.0 0.0
  outer loop
    vertex 0.0 -5.4887261390686035 3.2347307205200195
    vertex 5.4666666984558105 -5.4887261390686035 3.2347307205200195
    vertex 0.0 -5.663584232330322 3.42893123626709
  endloop
endfacet
facet normal 0.0 0.0 0.0
  outer loop
    vertex 0.0 -5.663584232330322 3.42893123626709
    vertex 5.4666666984558105 -5.4887261390686035 3.2347307205200195
    vertex 5.4666666984558105 -5.663584232330322 3.42893123626709
  endloop
endfacet
facet normal 0.0 0.0 0.0
  outer loop
    vertex 0.0 -5.663584232330322 3.42893123626709
    vertex 5.4666666984558105 -5.663584232330322 3.42893123626709
    vertex 0.0 -5.874998569488525 3.5825319290161133
  endloop
endfacet
facet normal 0.0 0.0 0.0
  outer loop
    vertex 0.0 -5.874998569488525 3.5825319290161133
    vertex 5.4666666984558105 -5.663584232330322 3.42893123626709
    vertex 5.4666666984558105 -5.874998569488525 3.5825319290161133
  endloop
endfacet
facet normal 0.0 0.0 0.0
  outer loop
    vertex 0.0 -5.874998569488525 3.5825319290161133
    vertex 5.4666666984558105 -5.874998569488525 3.5825319290161133
    vertex 0.0 -6.113725662231445 3.6888208389282227
  endloop
endfacet
facet normal 0.0 0.0 0.0
  outer loop
    vertex 0.0 -6.113725662231445 3.6888208389282227
    vertex 5.4666666984558105 -5.874998569488525 3.5825319290161133
    vertex 5.4666666984558105 -6.113725662231445 3.6888208389282227
  endloop
endfacet
facet normal 0.0 0.0 0.0
  outer loop
    vertex 0.0 -6.113725662231445 3.6888208389282227
    vertex 5.4666666984558105 -6.113725662231445 3.6888208389282227
    vertex 0.0 -6.36933708190918 3.7431516647338867
  endloop
endfacet
facet normal 0.0 0.0 0.0
  outer loop
    vertex 0.0 -6.36933708190918 3.7431516647338867
    vertex 5.4666666984558105 -6.113725662231445 3.6888208389282227
    vertex 5.4666666984558105 -6.36933708190918 3.7431516647338867
  endloop
endfacet
facet normal 0.0 0.0 0.0
  outer loop
    vertex 0.0 -6.36933708190918 3.7431516647338867
    vertex 5.4666666984558105 -6.36933708190918 3.7431516647338867
    vertex 0.0 -6.630659103393555 3.7431516647338867
  endloop
endfacet
facet normal 0.0 0.0 0.0
  outer loop
    vertex 0.0 -6.630659103393555 3.7431516647338867
    vertex 5.4666666984558105 -6.36933708190918 3.7431516647338867
    vertex 5.4666666984558105 -6.630659103393555 3.7431516647338867
  endloop
endfacet
facet normal 0.0 0.0 0.0
  outer loop
    vertex 0.0 -6.630659103393555 3.7431516647338867
    vertex 5.4666666984558105 -6.630659103393555 3.7431516647338867
    vertex 0.0 -6.886268615722656 3.6888208389282227
  endloop
endfacet
facet normal 0.0 0.0 0.0
  outer loop
    vertex 0.0 -6.886268615722656 3.6888208389282227
    vertex 5.4666666984558105 -6.630659103393555 3.7431516647338867
    vertex 5.4666666984558105 -6.886268615722656 3.6888208389282227
  endloop
endfacet
facet normal 0.0 0.0 0.0
  outer loop
    vertex 0.0 -6.886268615722656 3.6888208389282227
    vertex 5.4666666984558105 -6.886268615722656 3.6888208389282227
    vertex 0.0 -7.124998092651367 3.5825319290161133
  endloop
endfacet
facet normal 0.0 0.0 0.0
  outer loop
    vertex 0.0 -7.124998092651367 3.5825319290161133
    vertex 5.4666666984558105 -6.886268615722656 3.6888208389282227
    vertex 5.4666666984558105 -7.124998092651367 3.5825319290161133
  endloop
endfacet
facet normal 0.0 0.0 0.0
  outer loop
    vertex 0.0 -7.124998092651367 3.5825319290161133
    vertex 5.4666666984558105 -7.124998092651367 3.5825319290161133
    vertex 0.0 -7.3364105224609375 3.42893123626709
  endloop
endfacet
facet normal 0.0 0.0 0.0
  outer loop
    vertex 0.0 -7.3364105224609375 3.42893123626709
    vertex 5.4666666984558105 -7.124998092651367 3.5825319290161133
    vertex 5.4666666984558105 -7.3364105224609375 3.42893123626709
  endloop
endfacet
facet normal 0.0 0.0 0.0
  outer loop
    vertex 0.0 -7.3364105224609375 3.42893123626709
    vertex 5.4666666984558105 -7.3364105224609375 3.42893123626709
    vertex 0.0 -7.511268615722656 3.2347307205200195
  endloop
endfacet
facet normal 0.0 0.0 0.0
  outer loop
    vertex 0.0 -7.511268615722656 3.2347307205200195
    vertex 5.4666666984558105 -7.3364105224609375 3.42893123626709
    vertex 5.4666666984558105 -7.511268615722656 3.2347307205200195
  endloop
endfacet
facet normal 0.0 0.0 0.0
  outer loop
    vertex 0.0 -7.511268615722656 3.2347307205200195
    vertex 5.4666666984558105 -7.511268615722656 3.2347307205200195
    vertex 0.0 -7.641929626464844 3.008419990539551
  endloop
endfacet
facet normal 0.0 0.0 0.0
  outer loop
    vertex 0.0 -7.641929626464844 3.008419990539551
    vertex 5.4666666984558105 -7.511268615722656 3.2347307205200195
    vertex 5.4666666984558105 -7.641929626464844 3.008419990539551
  endloop
endfacet
facet normal 0.0 0.0 0.0
  outer loop
    vertex 0.0 -7.641929626464844 3.008419990539551
    vertex 5.4666666984558105 -7.641929626464844 3.008419990539551
    vertex 0.0 -7.722682952880859 2.7598886489868164
  endloop
endfacet
facet normal 0.0 0.0 0.0
  outer loop
    vertex 0.0 -7.722682952880859 2.7598886489868164
    vertex 5.4666666984558105 -7.641929626464844 3.008419990539551
    vertex 5.4666666984558105 -7.722682952880859 2.7598886489868164
  endloop
endfacet
facet normal 0.0 0.0 0.0
  outer loop
    vertex 0.0 -7.722682952880859 2.7598886489868164
    vertex 5.4666666984558105 -7.722682952880859 2.7598886489868164
    vertex 0.0 -7.749998092651367 2.4999990463256836
  endloop
endfacet
facet normal 0.0 0.0 0.0
  outer loop
    vertex 0.0 -7.749998092651367 2.4999990463256836
    vertex 5.4666666984558105 -7.722682952880859 2.7598886489868164
    vertex 5.4666666984558105 -7.749998092651367 2.4999990463256836
  endloop
endfacet
facet normal 0.0 0.0 0.0
  outer loop
    vertex 0.0 -7.749998092651367 2.4999990463256836
    vertex 5.4666666984558105 -7.749998092651367 2.4999990463256836
    vertex 0.0 -7.722682952880859 2.240109443664551
  endloop
endfacet
facet normal 0.0 0.0 0.0
  outer loop
    vertex 0.0 -7.722682952880859 2.240109443664551
    vertex 5.4666666984558105 -7.749998092651367 2.4999990463256836
    vertex 5.4666666984558105 -7.722682952880859 2.240109443664551
  endloop
endfacet
facet normal 0.0 0.0 0.0
  outer loop
    vertex 0.0 -7.722682952880859 2.240109443664551
    vertex 5.4666666984558105 -7.722682952880859 2.240109443664551
    vertex 0.0 -7.6419291496276855 1.9915781021118164
  endloop
endfacet
facet normal 0.0 0.0 0.0
  outer loop
    vertex 0.0 -7.6419291496276855 1.9915781021118164
    vertex 5.4666666984558105 -7.722682952880859 2.240109443664551
    vertex 5.4666666984558105 -7.6419291496276855 1.9915781021118164
  endloop
endfacet
facet normal 0.0 0.0 0.0
  outer loop
    vertex 0.0 -7.6419291496276855 1.9915781021118164
    vertex 5.4666666984558105 -7.6419291496276855 1.9915781021118164
    vertex 0.0 -7.511268138885498 1.7652673721313477
  endloop
endfacet
facet normal 0.0 0.0 0.0
  outer loop
    vertex 0.0 -7.511268138885498 1.7652673721313477
    vertex 5.4666666984558105 -7.6419291496276855 1.9915781021118164
    vertex 5.4666666984558105 -7.511268138885498 1.7652673721313477
  endloop
endfacet
facet normal 0.0 0.0 0.0
  outer loop
    vertex 0.0 -7.511268138885498 1.7652673721313477
    vertex 5.4666666984558105 -7.511268138885498 1.7652673721313477
    vertex 0.0 -7.336410045623779 1.5710687637329102
  endloop
endfacet
facet normal 0.0 0.0 0.0
  outer loop
    vertex 0.0 -7.336410045623779 1.5710687637329102
    vertex 5.4666666984558105 -7.511268138885498 1.7652673721313477
    vertex 5.4666666984558105 -7.336410045623779 1.5710687637329102
  endloop
endfacet
facet normal 0.0 0.0 0.0
  outer loop
    vertex 0.0 -7.336410045623779 1.5710687637329102
    vertex 5.4666666984558105 -7.336410045623779 1.5710687637329102
    vertex 0.0 -7.124997615814209 1.4174680709838867
  endloop
endfacet
facet normal 0.0 0.0 0.0
  outer loop
    vertex 0.0 -7.124997615814209 1.4174680709838867
    vertex 5.4666666984558105 -7.336410045623779 1.5710687637329102
    vertex 5.4666666984558105 -7.124997615814209 1.4174680709838867
  endloop
endfacet
facet normal 0.0 0.0 0.0
  outer loop
    vertex 0.0 -7.124997615814209 1.4174680709838867
    vertex 5.4666666984558105 -7.124997615814209 1.4174680709838867
    vertex 0.0 -6.886268138885498 1.3111791610717773
  endloop
endfacet
facet normal 0.0 0.0 0.0
  outer loop
    vertex 0.0 -6.886268138885498 1.3111791610717773
    vertex 5.4666666984558105 -7.124997615814209 1.4174680709838867
    vertex 5.4666666984558105 -6.886268138885498 1.3111791610717773
  endloop
endfacet
facet normal 0.0 0.0 0.0
  outer loop
    vertex 0.0 -6.886268138885498 1.3111791610717773
    vertex 5.4666666984558105 -6.886268138885498 1.3111791610717773
    vertex 0.0 -6.6306586265563965 1.2568483352661133
  endloop
endfacet
facet normal 0.0 0.0 0.0
  outer loop
    vertex 0.0 -6.6306586265563965 1.2568483352661133
    vertex 5.4666666984558105 -6.886268138885498 1.3111791610717773
    vertex 5.4666666984558105 -6.6306586265563965 1.2568483352661133
  endloop
endfacet
facet normal 0.0 0.0 0.0
  outer loop
    vertex 0.0 -6.6306586265563965 1.2568483352661133
    vertex 5.4666666984558105 -6.6306586265563965 1.2568483352661133
    vertex 0.0 -6.3693366050720215 1.2568483352661133
  endloop
endfacet
facet normal 0.0 0.0 0.0
  outer loop
    vertex 0.0 -6.3693366050720215 1.2568483352661133
    vertex 5.4666666984558105 -6.6306586265563965 1.2568483352661133
    vertex 5.4666666984558105 -6.3693366050720215 1.2568483352661133
  endloop
endfacet
facet normal 0.0 0.0 0.0
  outer loop
    vertex 0.0 -6.3693366050720215 1.2568483352661133
    vertex 5.4666666984558105 -6.3693366050720215 1.2568483352661133
    vertex 0.0 -6.113725185394287 1.3111791610717773
  endloop
endfacet
facet normal 0.0 0.0 0.0
  outer loop
    vertex 0.0 -6.113725185394287 1.3111791610717773
    vertex 5.4666666984558105 -6.3693366050720215 1.2568483352661133
    vertex 5.4666666984558105 -6.113725185394287 1.3111791610717773
  endloop
endfacet
facet normal 0.0 0.0 0.0
  outer loop
    vertex 0.0 -6.113725185394287 1.3111791610717773
    vertex 5.4666666984558105 -6.113725185394287 1.3111791610717773
    vertex 0.0 -5.874998092651367 1.4174680709838867
  endloop
endfacet
facet normal 0.0 0.0 0.0
  outer loop
    vertex 0.0 -5.874998092651367 1.4174680709838867
    vertex 5.4666666984558105 -6.113725185394287 1.3111791610717773
    vertex 5.4666666984558105 -5.874998092651367 1.4174680709838867
  endloop
endfacet
facet normal 0.0 0.0 0.0
  outer loop
    vertex 0.0 -5.874998092651367 1.4174680709838867
    vertex 5.4666666984558105 -5.874998092651367 1.4174680709838867
    vertex 0.0 -5.663583755493164 1.5710687637329102
  endloop
endfacet
facet normal 0.0 0.0 0.0
  outer loop
    vertex 0.0 -5.663583755493164 1.5710687637329102
    vertex 5.4666666984558105 -5.874998092651367 1.4174680709838867
    vertex 5.4666666984558105 -5.663583755493164 1.5710687637329102
  endloop
endfacet
facet normal 0.0 0.0 0.0
  outer loop
    vertex 0.0 -5.663583755493164 1.5710687637329102
    vertex 5.4666666984558105 -5.663583755493164 1.5710687637329102
    vertex 0.0 -5.488725662231445 1.7652673721313477
  endloop
endfacet
facet normal 0.0 0.0 0.0
  outer loop
    vertex 0.0 -5.488725662231445 1.7652673721313477
    vertex 5.4666666984558105 -5.663583755493164 1.5710687637329102
    vertex 5.4666666984558105 -5.488725662231445 1.7652673721313477
  endloop
endfacet
facet normal 0.0 0.0 0.0
  outer loop
    vertex 0.0 -5.488725662231445 1.7652673721313477
    vertex 5.4666666984558105 -5.488725662231445 1.7652673721313477
    vertex 0.0 -5.358064651489258 1.9915781021118164
  endloop
endfacet
facet normal 0.0 0.0 0.0
  outer loop
    vertex 0.0 -5.358064651489258 1.9915781021118164
    vertex 5.4666666984558105 -5.488725662231445 1.7652673721313477
    vertex 5.4666666984558105 -5.358064651489258 1.9915781021118164
  endloop
endfacet
facet normal 0.0 0.0 0.0
  outer loop
    vertex 0.0 -5.358064651489258 1.9915781021118164
    vertex 5.4666666984558105 -5.358064651489258 1.9915781021118164
    vertex 0.0 -5.277315616607666 2.240109443664551
  endloop
endfacet
facet normal 0.0 0.0 0.0
  outer loop
    vertex 0.0 -5.277315616607666 2.240109443664551
    vertex 5.4666666984558105 -5.358064651489258 1.9915781021118164
    vertex 5.4666666984558105 -5.277315616607666 2.240109443664551
  endloop
endfacet
facet normal 0.0 0.0 0.0
  outer loop
    vertex 0.0 -5.277315616607666 2.240109443664551
    vertex 5.4666666984558105 -5.277315616607666 2.240109443664551
    vertex 0.0 -5.249998569488525 2.4999990463256836
  endloop
endfacet
facet normal 0.0 0.0 0.0
  outer loop
    vertex 0.0 -5.249998569488525 2.4999990463256836
    vertex 5.4666666984558105 -5.277315616607666 2.240109443664551
    vertex 5.4666666984558105 -5.249998569488525 2.4999990463256836
  endloop
endfacet
facet normal 0.0 0.0 0.0
  outer loop
    vertex 5.4666666984558105 -5.249998569488525 2.4999990463256836
    vertex 10.933333396911621 -5.249998569488525 2.4999990463256836
    vertex 5.4666666984558105 -5.277315616607666 2.7598886489868164
  endloop
endfacet
facet normal 0.0 0.0 0.0
  outer loop
    vertex 5.4666666984558105 -5.277315616607666 2.7598886489868164
    vertex 10.933333396911621 -5.249998569488525 2.4999990463256836
    vertex 10.933333396911621 -5.277315616607666 2.7598886489868164
  endloop
endfacet
facet normal 0.0 0.0 0.0
  outer loop
    vertex 5.4666666984558105 -5.277315616607666 2.7598886489868164
    vertex 10.933333396911621 -5.277315616607666 2.7598886489868164
    vertex 5.4666666984558105 -5.358065128326416 3.008419990539551
  endloop
endfacet
facet normal 0.0 0.0 0.0
  outer loop
    vertex 5.4666666984558105 -5.358065128326416 3.008419990539551
    vertex 10.933333396911621 -5.277315616607666 2.7598886489868164
    vertex 10.933333396911621 -5.358065128326416 3.008419990539551
  endloop
endfacet
facet normal 0.0 0.0 0.0
  outer loop
    vertex 5.4666666984558105 -5.358065128326416 3.008419990539551
    vertex 10.933333396911621 -5.358065128326416 3.008419990539551
    vertex 5.4666666984558105 -5.4887261390686035 3.2347307205200195
  endloop
endfacet
facet normal 0.0 0.0 0.0
  outer loop
    vertex 5.4666666984558105 -5.4887261390686035 3.2347307205200195
    vertex 10.933333396911621 -5.358065128326416 3.008419990539551
    vertex 10.933333396911621 -5.4887261390686035 3.2347307205200195
  endloop
endfacet
facet normal 0.0 0.0 0.0
  outer loop
    vertex 5.4666666984558105 -5.4887261390686035 3.2347307205200195
    vertex 10.933333396911621 -5.4887261390686035 3.2347307205200195
    vertex 5.4666666984558105 -5.663584232330322 3.42893123626709
  endloop
endfacet
facet normal 0.0 0.0 0.0
  outer loop
    vertex 5.4666666984558105 -5.663584232330322 3.42893123626709
    vertex 10.933333396911621 -5.4887261390686035 3.2347307205200195
    vertex 10.933333396911621 -5.663584232330322 3.42893123626709
  endloop
endfacet
facet normal 0.0 0.0 0.0
  outer loop
    vertex 5.4666666984558105 -5.663584232330322 3.42893123626709
    vertex 10.933333396911621 -5.663584232330322 3.42893123626709
    vertex 5.4666666984558105 -5.874998569488525 3.5825319290161133
  endloop
endfacet
facet normal 0.0 0.0 0.0
  outer loop
    vertex 5.4666666984558105 -5.874998569488525 3.5825319290161133
    vertex 10.933333396911621 -5.663584232330322 3.42893123626709
    vertex 10.933333396911621 -5.874998569488525 3.5825319290161133
  endloop
endfacet
facet normal 0.0 0.0 0.0
  outer loop
    vertex 5.4666666984558105 -5.874998569488525 3.5825319290161133
    vertex 10.933333396911621 -5.874998569488525 3.5825319290161133
    vertex 5.4666666984558105 -6.113725662231445 3.6888208389282227
  endloop
endfacet
facet normal 0.0 0.0 0.0
  outer loop
    vertex 5.4666666984558105 -6.113725662231445 3.6888208389282227
    vertex 10.933333396911621 -5.874998569488525 3.5825319290161133
    vertex 10.933333396911621 -6.113725662231445 3.6888208389282227
  endloop
endfacet
facet normal 0.0 0.0 0.0
  outer loop
    vertex 5.4666666984558105 -6.113725662231445 3.6888208389282227
    vertex 10.933333396911621 -6.113725662231445 3.6888208389282227
    vertex 5.4666666984558105 -6.36933708190918 3.7431516647338867
  endloop
endfacet
facet normal 0.0 0.0 0.0
  outer loop
    vertex 5.4666666984558105 -6.36933708190918 3.7431516647338867
    vertex 10.933333396911621 -6.113725662231445 3.6888208389282227
    vertex 10.933333396911621 -6.36933708190918 3.7431516647338867
  endloop
endfacet
facet normal 0.0 0.0 0.0
  outer loop
    vertex 5.4666666984558105 -6.36933708190918 3.7431516647338867
    vertex 10.933333396911621 -6.36933708190918 3.7431516647338867
    vertex 5.4666666984558105 -6.630659103393555 3.7431516647338867
  endloop
endfacet
facet normal 0.0 0.0 0.0
  outer loop
    vertex 5.4666666984558105 -6.630659103393555 3.7431516647338867
    vertex 10.933333396911621 -6.36933708190918 3.7431516647338867
    vertex 10.933333396911621 -6.630659103393555 3.7431516647338867
  endloop
endfacet
facet normal 0.0 0.0 0.0
  outer loop
    vertex 5.4666666984558105 -6.630659103393555 3.7431516647338867
    vertex 10.933333396911621 -6.630659103393555 3.7431516647338867
    vertex 5.4666666984558105 -6.886268615722656 3.6888208389282227
  endloop
endfacet
facet normal 0.0 0.0 0.0
  outer loop
    vertex 5.4666666984558105 -6.886268615722656 3.6888208389282227
    vertex 10.933333396911621 -6.630659103393555 3.7431516647338867
    vertex 10.933333396911621 -6.886268615722656 3.6888208389282227
  endloop
endfacet
facet normal 0.0 0.0 0.0
  outer loop
    vertex 5.4666666984558105 -6.886268615722656 3.6888208389282227
    vertex 10.933333396911621 -6.886268615722656 3.6888208389282227
    vertex 5.4666666984558105 -7.124998092651367 3.5825319290161133
  endloop
endfacet
facet normal 0.0 0.0 0.0
  outer loop
    vertex 5.4666666984558105 -7.124998092651367 3.5825319290161133
    vertex 10.933333396911621 -6.886268615722656 3.6888208389282227
    vertex 10.933333396911621 -7.124998092651367 3.5825319290161133
  endloop
endfacet
facet normal 0.0 0.0 0.0
  outer loop
    vertex 5.4666666984558105 -7.124998092651367 3.5825319290161133
    vertex 10.933333396911621 -7.124998092651367 3.5825319290161133
    vertex 5.4666666984558105 -7.3364105224609375 3.42893123626709
  endloop
endfacet
facet normal 0.0 0.0 0.0
  outer loop
    vertex 5.4666666984558105 -7.3364105224609375 3.42893123626709
    vertex 10.933333396911621 -7.124998092651367 3.5825319290161133
    vertex 10.933333396911621 -7.3364105224609375 3.42893123626709
  endloop
endfacet
facet normal 0.0 0.0 0.0
  outer loop
    vertex 5.4666666984558105 -7.3364105224609375 3.42893123626709
    vertex 10.933333396911621 -7.3364105224609375 3.42893123626709
    vertex 5.4666666984558105 -7.511268615722656 3.2347307205200195
  endloop
endfacet
facet normal 0.0 0.0 0.0
  outer loop
    vertex 5.4666666984558105 -7.511268615722656 3.2347307205200195
    vertex 10.933333396911621 -7.3364105224609375 3.42893123626709
    vertex 10.933333396911621 -7.511268615722656 3.2347307205200195
  endloop
endfacet
facet normal 0.0 0.0 0.0
  outer loop
    vertex 5.4666666984558105 -7.511268615722656 3.2347307205200195
    vertex 10.933333396911621 -7.511268615722656 3.2347307205200195
    vertex 5.4666666984558105 -7.641929626464844 3.008419990539551
  endloop
endfacet
facet normal 0.0 0.0 0.0
  outer loop
    vertex 5.4666666984558105 -7.641929626464844 3.008419990539551
    vertex 10.933333396911621 -7.511268615722656 3.2347307205200195
    vertex 10.933333396911621 -7.641929626464844 3.008419990539551
  endloop
endfacet
facet normal 0.0 0.0 0.0
  outer loop
    vertex 5.4666666984558105 -7.641929626464844 3.008419990539551
    vertex 10.933333396911621 -7.641929626464844 3.008419990539551
    vertex 5.4666666984558105 -7.722682952880859 2.7598886489868164
  endloop
endfacet
facet normal 0.0 0.0 0.0
  outer loop
    vertex 5.4666666984558105 -7.722682952880859 2.7598886489868164
    vertex 10.933333396911621 -7.641929626464844 3.008419990539551
    vertex 10.933333396911621 -7.722682952880859 2.7598886489868164
  endloop
endfacet
facet normal 0.0 0.0 0.0
  outer loop
    vertex 5.4666666984558105 -7.722682952880859 2.7598886489868164
    vertex 10.933333396911621 -7.722682952880859 2.7598886489868164
    vertex 5.4666666984558105 -7.749998092651367 2.4999990463256836
  endloop
endfacet
facet normal 0.0 0.0 0.0
  outer loop
    vertex 5.4666666984558105 -7.749998092651367 2.4999990463256836
    vertex 10.933333396911621 -7.722682952880859 2.7598886489868164
    vertex 10.933333396911621 -7.749998092651367 2.4999990463256836
  endloop
endfacet
facet normal 0.0 0.0 0.0
  outer loop
    vertex 5.4666666984558105 -7.749998092651367 2.4999990463256836
    vertex 10.933333396911621 -7.749998092651367 2.4999990463256836
    vertex 5.4666666984558105 -7.722682952880859 2.240109443664551
  endloop
endfacet
facet normal 0.0 0.0 0.0
  outer loop
    vertex 5.4666666984558105 -7.722682952880859 2.240109443664551
    vertex 10.933333396911621 -7.749998092651367 2.4999990463256836
    vertex 10.933333396911621 -7.722682952880859 2.240109443664551
  endloop
endfacet
facet normal 0.0 0.0 0.0
  outer loop
    vertex 5.4666666984558105 -7.722682952880859 2.240109443664551
    vertex 10.933333396911621 -7.722682952880859 2.240109443664551
    vertex 5.4666666984558105 -7.6419291496276855 1.9915781021118164
  endloop
endfacet
facet normal 0.0 0.0 0.0
  outer loop
    vertex 5.4666666984558105 -7.6419291496276855 1.9915781021118164
    vertex 10.933333396911621 -7.722682952880859 2.240109443664551
    vertex 10.933333396911621 -7.6419291496276855 1.9915781021118164
  endloop
endfacet
facet normal 0.0 0.0 0.0
  outer loop
    vertex 5.4666666984558105 -7.6419291496276855 1.9915781021118164
    vertex 10.933333396911621 -7.6419291496276855 1.9915781021118164
    vertex 5.4666666984558105 -7.511268138885498 1.7652673721313477
  endloop
endfacet
facet normal 0.0 0.0 0.0
  outer loop
    vertex 5.4666666984558105 -7.511268138885498 1.7652673721313477
    vertex 10.933333396911621 -7.6419291496276855 1.9915781021118164
    vertex 10.933333396911621 -7.511268138885498 1.7652673721313477
  endloop
endfacet
facet normal 0.0 0.0 0.0
  outer loop
    vertex 5.4666666984558105 -7.511268138885498 1.7652673721313477
    vertex 10.933333396911621 -7.511268138885498 1.7652673721313477
    vertex 5.4666666984558105 -7.336410045623779 1.5710687637329102
  endloop
endfacet
facet normal 0.0 0.0 0.0
  outer loop
    vertex 5.4666666984558105 -7.336410045623779 1.5710687637329102
    vertex 10.933333396911621 -7.511268138885498 1.7652673721313477
    vertex 10.933333396911621 -7.336410045623779 1.5710687637329102
  endloop
endfacet
facet normal 0.0 0.0 0.0
  outer loop
    vertex 5.4666666984558105 -7.336410045623779 1.5710687637329102
    vertex 10.933333396911621 -7.336410045623779 1.5710687637329102
    vertex 5.4666666984558105 -7.124997615814209 1.4174680709838867
  endloop
endfacet
facet normal 0.0 0.0 0.0
  outer loop
    vertex 5.4666666984558105 -7.124997615814209 1.4174680709838867
    vertex 10.933333396911621 -7.336410045623779 1.5710687637329102
    vertex 10.933333396911621 -7.124997615814209 1.4174680709838867
  endloop
endfacet
facet normal 0.0 0.0 0.0
  outer loop
    vertex 5.4666666984558105 -7.124997615814209 1.4174680709838867
    vertex 10.933333396911621 -7.124997615814209 1.4174680709838867
    vertex 5.4666666984558105 -6.886268138885498 1.3111791610717773
  endloop
endfacet
facet normal 0.0 0.0 0.0
  outer loop
    vertex 5.4666666984558105 -6.886268138885498 1.3111791610717773
    vertex 10.933333396911621 -7.124997615814209 1.4174680709838867
    vertex 10.933333396911621 -6.886268138885498 1.3111791610717773
  endloop
endfacet
facet normal 0.0 0.0 0.0
  outer loop
    vertex 5.4666666984558105 -6.886268138885498 1.3111791610717773
    vertex 10.933333396911621 -6.886268138885498 1.3111791610717773
    vertex 5.4666666984558105 -6.6306586265563965 1.2568483352661133
  endloop
endfacet
facet normal 0.0 0.0 0.0
  outer loop
    vertex 5.4666666984558105 -6.6306586265563965 1.2568483352661133
    vertex 10.933333396911621 -6.886268138885498 1.3111791610717773
    vertex 10.933333396911621 -6.6306586265563965 1.2568483352661133
  endloop
endfacet
facet normal 0.0 0.0 0.0
  outer loop
    vertex 5.4666666984558105 -6.6306586265563965 1.2568483352661133
    vertex 10.933333396911621 -6.6306586265563965 1.2568483352661133
    vertex 5.4666666984558105 -6.3693366050720215 1.2568483352661133
  endloop
endfacet
facet normal 0.0 0.0 0.0
  outer loop
    vertex 5.4666666984558105 -6.3693366050720215 1.2568483352661133
    vertex 10.933333396911621 -6.6306586265563965 1.2568483352661133
    vertex 10.933333396911621 -6.3693366050720215 1.2568483352661133
  endloop
endfacet
facet normal 0.0 0.0 0.0
  outer loop
    vertex 5.4666666984558105 -6.3693366050720215 1.2568483352661133
    vertex 10.933333396911621 -6.3693366050720215 1.2568483352661133
    vertex 5.4666666984558105 -6.113725185394287 1.3111791610717773
  endloop
endfacet
facet normal 0.0 0.0 0.0
  outer loop
    vertex 5.4666666984558105 -6.113725185394287 1.3111791610717773
    vertex 10.933333396911621 -6.3693366050720215 1.2568483352661133
    vertex 10.933333396911621 -6.113725185394287 1.3111791610717773
  endloop
endfacet
facet normal 0.0 0.0 0.0
  outer loop
    vertex 5.4666666984558105 -6.113725185394287 1.3111791610717773
    vertex 10.933333396911621 -6.113725185394287 1.3111791610717773
    vertex 5.4666666984558105 -5.874998092651367 1.4174680709838867
  endloop
endfacet
facet normal 0.0 0.0 0.0
  outer loop
    vertex 5.4666666984558105 -5.874998092651367 1.4174680709838867
    vertex 10.933333396911621 -6.113725185394287 1.3111791610717773
    vertex 10.933333396911621 -5.874998092651367 1.4174680709838867
  endloop
endfacet
facet normal 0.0 0.0 0.0
  outer loop
    vertex 5.4666666984558105 -5.874998092651367 1.4174680709838867
    vertex 10.933333396911621 -5.874998092651367 1.4174680709838867
    vertex 5.4666666984558105 -5.663583755493164 1.5710687637329102
  endloop
endfacet
facet normal 0.0 0.0 0.0
  outer loop
    vertex 5.4666666984558105 -5.663583755493164 1.5710687637329102
    vertex 10.933333396911621 -5.874998092651367 1.4174680709838867
    vertex 10.933333396911621 -5.663583755493164 1.5710687637329102
  endloop
endfacet
facet normal 0.0 0.0 0.0
  outer loop
    vertex 5.4666666984558105 -5.663583755493164 1.5710687637329102
    vertex 10.933333396911621 -5.663583755493164 1.5710687637329102
    vertex 5.4666666984558105 -5.488725662231445 1.7652673721313477
  endloop
endfacet
facet normal 0.0 0.0 0.0
  outer loop
    vertex 5.4666666984558105 -5.488725662231445 1.7652673721313477
    vertex 10.933333396911621 -5.663583755493164 1.5710687637329102
    vertex 10.933333396911621 -5.488725662231445 1.7652673721313477
  endloop
endfacet
facet normal 0.0 0.0 0.0
  outer loop
    vertex 5.4666666984558105 -5.488725662231445 1.7652673721313477
    vertex 10.933333396911621 -5.488725662231445 1.7652673721313477
    vertex 5.4666666984558105 -5.358064651489258 1.9915781021118164
  endloop
endfacet
facet normal 0.0 0.0 0.0
  outer loop
    vertex 5.4666666984558105 -5.358064651489258 1.9915781021118164
    vertex 10.933333396911621 -5.488725662231445 1.7652673721313477
    vertex 10.933333396911621 -5.358064651489258 1.9915781021118164
  endloop
endfacet
facet normal 0.0 0.0 0.0
  outer loop
    vertex 5.4666666984558105 -5.358064651489258 1.9915781021118164
    vertex 10.933333396911621 -5.358064651489258 1.9915781021118164
    vertex 5.4666666984558105 -5.277315616607666 2.240109443664551
  endloop
endfacet
facet normal 0.0 0.0 0.0
  outer loop
    vertex 5.4666666984558105 -5.277315616607666 2.240109443664551
    vertex 10.933333396911621 -5.358064651489258 1.9915781021118164
    vertex 10.933333396911621 -5.277315616607666 2.240109443664551
  endloop
endfacet
facet normal 0.0 0.0 0.0
  outer loop
    vertex 5.4666666984558105 -5.277315616607666 2.240109443664551
    vertex 10.933333396911621 -5.277315616607666 2.240109443664551
    vertex 5.4666666984558105 -5.249998569488525 2.4999990463256836
  endloop
endfacet
facet normal 0.0 0.0 0.0
  outer loop
    vertex 5.4666666984558105 -5.249998569488525 2.4999990463256836
    vertex 10.933333396911621 -5.277315616607666 2.240109443664551
    vertex 10.933333396911621 -5.249998569488525 2.4999990463256836
  endloop
endfacet
facet normal 0.0 0.0 0.0
  outer loop
    vertex -16.399999618530273 7.722682952880859 2.2401113510131836
    vertex -10.933333396911621 7.722682952880859 2.2401113510131836
    vertex -16.399999618530273 7.75 2.5000009536743164
  endloop
endfacet
facet normal 0.0 0.0 0.0
  outer loop
    vertex -16.399999618530273 7.75 2.5000009536743164
    vertex -10.933333396911621 7.722682952880859 2.2401113510131836
    vertex -10.933333396911621 7.75 2.5000009536743164
  endloop
endfacet
facet normal 0.0 0.0 0.0
  outer loop
    vertex -16.399999618530273 7.75 2.5000009536743164
    vertex -10.933333396911621 7.75 2.5000009536743164
    vertex -16.399999618530273 7.722682952880859 2.759890556335449
  endloop
endfacet
facet normal 0.0 0.0 0.0
  outer loop
    vertex -16.399999618530273 7.722682952880859 2.759890556335449
    vertex -10.933333396911621 7.75 2.5000009536743164
    vertex -10.933333396911621 7.722682952880859 2.759890556335449
  endloop
endfacet
facet normal 0.0 0.0 0.0
  outer loop
    vertex -16.399999618530273 7.722682952880859 2.759890556335449
    vertex -10.933333396911621 7.722682952880859 2.759890556335449
    vertex -16.399999618530273 7.641933441162109 3.0084218978881836
  endloop
endfacet
facet normal 0.0 0.0 0.0
  outer loop
    vertex -16.399999618530273 7.641933441162109 3.0084218978881836
    vertex -10.933333396911621 7.722682952880859 2.759890556335449
    vertex -10.933333396911621 7.641933441162109 3.0084218978881836
  endloop
endfacet
facet normal 0.0 0.0 0.0
  outer loop
    vertex -16.399999618530273 7.641933441162109 3.0084218978881836
    vertex -10.933333396911621 7.641933441162109 3.0084218978881836
    vertex -16.399999618530273 7.511272430419922 3.2347326278686523
  endloop
endfacet
facet normal 0.0 0.0 0.0
  outer loop
    vertex -16.399999618530273 7.511272430419922 3.2347326278686523
    vertex -10.933333396911621 7.641933441162109 3.0084218978881836
    vertex -10.933333396911621 7.511272430419922 3.2347326278686523
  endloop
endfacet
facet normal 0.0 0.0 0.0
  outer loop
    vertex -16.399999618530273 7.511272430419922 3.2347326278686523
    vertex -10.933333396911621 7.511272430419922 3.2347326278686523
    vertex -16.399999618530273 7.336414337158203 3.4289331436157227
  endloop
endfacet
facet normal 0.0 0.0 0.0
  outer loop
    vertex -16.399999618530273 7.336414337158203 3.4289331436157227
    vertex -10.933333396911621 7.511272430419922 3.2347326278686523
    vertex -10.933333396911621 7.336414337158203 3.4289331436157227
  endloop
endfacet
facet normal 0.0 0.0 0.0
  outer loop
    vertex -16.399999618530273 7.336414337158203 3.4289331436157227
    vertex -10.933333396911621 7.336414337158203 3.4289331436157227
    vertex -16.399999618530273 7.125 3.582533836364746
  endloop
endfacet
facet normal 0.0 0.0 0.0
  outer loop
    vertex -16.399999618530273 7.125 3.582533836364746
    vertex -10.933333396911621 7.336414337158203 3.4289331436157227
    vertex -10.933333396911621 7.125 3.582533836364746
  endloop
endfacet
facet normal 0.0 0.0 0.0
  outer loop
    vertex -16.399999618530273 7.125 3.582533836364746
    vertex -10.933333396911621 7.125 3.582533836364746
    vertex -16.399999618530273 6.886272430419922 3.6888227462768555
  endloop
endfacet
facet normal 0.0 0.0 0.0
  outer loop
    vertex -16.399999618530273 6.886272430419922 3.6888227462768555
    vertex -10.933333396911621 7.125 3.582533836364746
    vertex -10.933333396911621 6.886272430419922 3.6888227462768555
  endloop
endfacet
facet normal 0.0 0.0 0.0
  outer loop
    vertex -16.399999618530273 6.886272430419922 3.6888227462768555
    vertex -10.933333396911621 6.886272430419922 3.6888227462768555
    vertex -16.399999618530273 6.6306610107421875 3.7431535720825195
  endloop
endfacet
facet normal 0.0 0.0 0.0
  outer loop
    vertex -16.399999618530273 6.6306610107421875 3.7431535720825195
    vertex -10.933333396911621 6.886272430419922 3.6888227462768555
    vertex -10.933333396911621 6.6306610107421875 3.7431535720825195
  endloop
endfacet
facet normal 0.0 0.0 0.0
  outer loop
    vertex -16.399999618530273 6.6306610107421875 3.7431535720825195
    vertex -10.933333396911621 6.6306610107421875 3.7431535720825195
    vertex -16.399999618530273 6.3693389892578125 3.7431535720825195
  endloop
endfacet
facet normal 0.0 0.0 0.0
  outer loop
    vertex -16.399999618530273 6.3693389892578125 3.7431535720825195
    vertex -10.933333396911621 6.6306610107421875 3.7431535720825195
    vertex -10.933333396911621 6.3693389892578125 3.7431535720825195
  endloop
endfacet
facet normal 0.0 0.0 0.0
  outer loop
    vertex -16.399999618530273 6.3693389892578125 3.7431535720825195
    vertex -10.933333396911621 6.3693389892578125 3.7431535720825195
    vertex -16.399999618530273 6.113727569580078 3.6888227462768555
  endloop
endfacet
facet normal 0.0 0.0 0.0
  outer loop
    vertex -16.399999618530273 6.113727569580078 3.6888227462768555
    vertex -10.933333396911621 6.3693389892578125 3.7431535720825195
    vertex -10.933333396911621 6.113727569580078 3.6888227462768555
  endloop
endfacet
facet normal 0.0 0.0 0.0
  outer loop
    vertex -16.399999618530273 6.113727569580078 3.6888227462768555
    vertex -10.933333396911621 6.113727569580078 3.6888227462768555
    vertex -16.399999618530273 5.875000476837158 3.582533836364746
  endloop
endfacet
facet normal 0.0 0.0 0.0
  outer loop
    vertex -16.399999618530273 5.875000476837158 3.582533836364746
    vertex -10.933333396911621 6.113727569580078 3.6888227462768555
    vertex -10.933333396911621 5.875000476837158 3.582533836364746
  endloop
endfacet
facet normal 0.0 0.0 0.0
  outer loop
    vertex -16.399999618530273 5.875000476837158 3.582533836364746
    vertex -10.933333396911621 5.875000476837158 3.582533836364746
    vertex -16.399999618530273 5.663586139678955 3.4289331436157227
  endloop
endfacet
facet normal 0.0 0.0 0.0
  outer loop
    vertex -16.399999618530273 5.663586139678955 3.4289331436157227
    vertex -10.933333396911621 5.875000476837158 3.582533836364746
    vertex -10.933333396911621 5.663586139678955 3.4289331436157227
  endloop
endfacet
facet normal 0.0 0.0 0.0
  outer loop
    vertex -16.399999618530273 5.663586139678955 3.4289331436157227
    vertex -10.933333396911621 5.663586139678955 3.4289331436157227
    vertex -16.399999618530273 5.488728046417236 3.2347326278686523
  endloop
endfacet
facet normal 0.0 0.0 0.0
  outer loop
    vertex -16.399999618530273 5.488728046417236 3.2347326278686523
    vertex -10.933333396911621 5.663586139678955 3.4289331436157227
    vertex -10.933333396911621 5.488728046417236 3.2347326278686523
  endloop
endfacet
facet normal 0.0 0.0 0.0
  outer loop
    vertex -16.399999618530273 5.488728046417236 3.2347326278686523
    vertex -10.933333396911621 5.488728046417236 3.2347326278686523
    vertex -16.399999618530273 5.358067035675049 3.0084218978881836
  endloop
endfacet
facet normal 0.0 0.0 0.0
  outer loop
    vertex -16.399999618530273 5.358067035675049 3.0084218978881836
    vertex -10.933333396911621 5.488728046417236 3.2347326278686523
    vertex -10.933333396911621 5.358067035675049 3.0084218978881836
  endloop
endfacet
facet normal 0.0 0.0 0.0
  outer loop
    vertex -16.399999618530273 5.358067035675049 3.0084218978881836
    vertex -10.933333396911621 5.358067035675049 3.0084218978881836
    vertex -16.399999618530273 5.277317523956299 2.759890556335449
  endloop
endfacet
facet normal 0.0 0.0 0.0
  outer loop
    vertex -16.399999618530273 5.277317523956299 2.759890556335449
    vertex -10.933333396911621 5.358067035675049 3.0084218978881836
    vertex -10.933333396911621 5.277317523956299 2.759890556335449
  endloop
endfacet
facet normal 0.0 0.0 0.0
  outer loop
    vertex -16.399999618530273 5.277317523956299 2.759890556335449
    vertex -10.933333396911621 5.277317523956299 2.759890556335449
    vertex -16.399999618530273 5.250000476837158 2.5000009536743164
  endloop
endfacet
facet normal 0.0 0.0 0.0
  outer loop
    vertex -16.399999618530273 5.250000476837158 2.5000009536743164
    vertex -10.933333396911621 5.277317523956299 2.759890556335449
    vertex -10.933333396911621 5.250000476837158 2.5000009536743164
  endloop
endfacet
facet normal 0.0 0.0 0.0
  outer loop
    vertex -16.399999618530273 5.250000476837158 2.5000009536743164
    vertex -10.933333396911621 5.250000476837158 2.5000009536743164
    vertex -16.399999618530273 5.277317523956299 2.2401113510131836
  endloop
endfacet
facet normal 0.0 0.0 0.0
  outer loop
    vertex -16.399999618530273 5.277317523956299 2.2401113510131836
    vertex -10.933333396911621 5.250000476837158 2.5000009536743164
    vertex -10.933333396911621 5.277317523956299 2.2401113510131836
  endloop
endfacet
facet normal 0.0 0.0 0.0
  outer loop
    vertex -16.399999618530273 5.277317523956299 2.2401113510131836
    vertex -10.933333396911621 5.277317523956299 2.2401113510131836
    vertex -16.399999618530273 5.358067512512207 1.9915800094604492
  endloop
endfacet
facet normal 0.0 0.0 0.0
  outer loop
    vertex -16.399999618530273 5.358067512512207 1.9915800094604492
    vertex -10.933333396911621 5.277317523956299 2.2401113510131836
    vertex -10.933333396911621 5.358067512512207 1.9915800094604492
  endloop
endfacet
facet normal 0.0 0.0 0.0
  outer loop
    vertex -16.399999618530273 5.358067512512207 1.9915800094604492
    vertex -10.933333396911621 5.358067512512207 1.9915800094604492
    vertex -16.399999618530273 5.4887285232543945 1.7652692794799805
  endloop
endfacet
facet normal 0.0 0.0 0.0
  outer loop
    vertex -16.399999618530273 5.4887285232543945 1.7652692794799805
    vertex -10.933333396911621 5.358067512512207 1.9915800094604492
    vertex -10.933333396911621 5.4887285232543945 1.7652692794799805
  endloop
endfacet
facet normal 0.0 0.0 0.0
  outer loop
    vertex -16.399999618530273 5.4887285232543945 1.7652692794799805
    vertex -10.933333396911621 5.4887285232543945 1.7652692794799805
    vertex -16.399999618530273 5.663586616516113 1.571070671081543
  endloop
endfacet
facet normal 0.0 0.0 0.0
  outer loop
    vertex -16.399999618530273 5.663586616516113 1.571070671081543
    vertex -10.933333396911621 5.4887285232543945 1.7652692794799805
    vertex -10.933333396911621 5.663586616516113 1.571070671081543
  endloop
endfacet
facet normal 0.0 0.0 0.0
  outer loop
    vertex -16.399999618530273 5.663586616516113 1.571070671081543
    vertex -10.933333396911621 5.663586616516113 1.571070671081543
    vertex -16.399999618530273 5.875000953674316 1.4174699783325195
  endloop
endfacet
facet normal 0.0 0.0 0.0
  outer loop
    vertex -16.399999618530273 5.875000953674316 1.4174699783325195
    vertex -10.933333396911621 5.663586616516113 1.571070671081543
    vertex -10.933333396911621 5.875000953674316 1.4174699783325195
  endloop
endfacet
facet normal 0.0 0.0 0.0
  outer loop
    vertex -16.399999618530273 5.875000953674316 1.4174699783325195
    vertex -10.933333396911621 5.875000953674316 1.4174699783325195
    vertex -16.399999618530273 6.113728046417236 1.3111810684204102
  endloop
endfacet
facet normal 0.0 0.0 0.0
  outer loop
    vertex -16.399999618530273 6.113728046417236 1.3111810684204102
    vertex -10.933333396911621 5.875000953674316 1.4174699783325195
    vertex -10.933333396911621 6.113728046417236 1.3111810684204102
  endloop
endfacet
facet normal 0.0 0.0 0.0
  outer loop
    vertex -16.399999618530273 6.113728046417236 1.3111810684204102
    vertex -10.933333396911621 6.113728046417236 1.3111810684204102
    vertex -16.399999618530273 6.369339466094971 1.256850242614746
  endloop
endfacet
facet normal 0.0 0.0 0.0
  outer loop
    vertex -16.399999618530273 6.369339466094971 1.256850242614746
    vertex -10.933333396911621 6.113728046417236 1.3111810684204102
    vertex -10.933333396911621 6.369339466094971 1.256850242614746
  endloop
endfacet
facet normal 0.0 0.0 0.0
  outer loop
    vertex -16.399999618530273 6.369339466094971 1.256850242614746
    vertex -10.933333396911621 6.369339466094971 1.256850242614746
    vertex -16.399999618530273 6.630661487579346 1.256850242614746
  endloop
endfacet
facet normal 0.0 0.0 0.0
  outer loop
    vertex -16.399999618530273 6.630661487579346 1.256850242614746
    vertex -10.933333396911621 6.369339466094971 1.256850242614746
    vertex -10.933333396911621 6.630661487579346 1.256850242614746
  endloop
endfacet
facet normal 0.0 0.0 0.0
  outer loop
    vertex -16.399999618530273 6.630661487579346 1.256850242614746
    vertex -10.933333396911621 6.630661487579346 1.256850242614746
    vertex -16.399999618530273 6.88627290725708 1.3111810684204102
  endloop
endfacet
facet normal 0.0 0.0 0.0
  outer loop
    vertex -16.399999618530273 6.88627290725708 1.3111810684204102
    vertex -10.933333396911621 6.630661487579346 1.256850242614746
    vertex -10.933333396911621 6.88627290725708 1.3111810684204102
  endloop
endfacet
facet normal 0.0 0.0 0.0
  outer loop
    vertex -16.399999618530273 6.88627290725708 1.3111810684204102
    vertex -10.933333396911621 6.88627290725708 1.3111810684204102
    vertex -16.399999618530273 7.125000476837158 1.4174699783325195
  endloop
endfacet
facet normal 0.0 0.0 0.0
  outer loop
    vertex -16.399999618530273 7.125000476837158 1.4174699783325195
    vertex -10.933333396911621 6.88627290725708 1.3111810684204102
    vertex -10.933333396911621 7.125000476837158 1.4174699783325195
  endloop
endfacet
facet normal 0.0 0.0 0.0
  outer loop
    vertex -16.399999618530273 7.125000476837158 1.4174699783325195
    vertex -10.933333396911621 7.125000476837158 1.4174699783325195
    vertex -16.399999618530273 7.336414813995361 1.571070671081543
  endloop
endfacet
facet normal 0.0 0.0 0.0
  outer loop
    vertex -16.399999618530273 7.336414813995361 1.571070671081543
    vertex -10.933333396911621 7.125000476837158 1.4174699783325195
    vertex -10.933333396911621 7.336414813995361 1.571070671081543
  endloop
endfacet
facet normal 0.0 0.0 0.0
  outer loop
    vertex -16.399999618530273 7.336414813995361 1.571070671081543
    vertex -10.933333396911621 7.336414813995361 1.571070671081543
    vertex -16.399999618530273 7.51127290725708 1.7652692794799805
  endloop
endfacet
facet normal 0.0 0.0 0.0
  outer loop
    vertex -16.399999618530273 7.51127290725708 1.7652692794799805
    vertex -10.933333396911621 7.336414813995361 1.571070671081543
    vertex -10.933333396911621 7.51127290725708 1.7652692794799805
  endloop
endfacet
facet normal 0.0 0.0 0.0
  outer loop
    vertex -16.399999618530273 7.51127290725708 1.7652692794799805
    vertex -10.933333396911621 7.51127290725708 1.7652692794799805
    vertex -16.399999618530273 7.641933917999268 1.9915800094604492
  endloop
endfacet
facet normal 0.0 0.0 0.0
  outer loop
    vertex -16.399999618530273 7.641933917999268 1.9915800094604492
    vertex -10.933333396911621 7.51127290725708 1.7652692794799805
    vertex -10.933333396911621 7.641933917999268 1.9915800094604492
  endloop
endfacet
facet normal 0.0 0.0 0.0
  outer loop
    vertex -16.399999618530273 7.641933917999268 1.9915800094604492
    vertex -10.933333396911621 7.641933917999268 1.9915800094604492
    vertex -16.399999618530273 7.722682952880859 2.2401113510131836
  endloop
endfacet
facet normal 0.0 0.0 0.0
  outer loop
    vertex -16.399999618530273 7.722682952880859 2.2401113510131836
    vertex -10.933333396911621 7.641933917999268 1.9915800094604492
    vertex -10.933333396911621 7.722682952880859 2.2401113510131836
  endloop
endfacet
facet normal 0.0 0.0 0.0
  outer loop
    vertex 16.399999618530273 7.722682952880859 2.759890556335449
    vertex 10.933333396911621 7.722682952880859 2.759890556335449
    vertex 16.399999618530273 7.75 2.5000009536743164
  endloop
endfacet
facet normal 0.0 0.0 0.0
  outer loop
    vertex 16.399999618530273 7.75 2.5000009536743164
    vertex 10.933333396911621 7.722682952880859 2.759890556335449
    vertex 10.933333396911621 7.75 2.5000009536743164
  endloop
endfacet
facet normal 0.0 0.0 0.0
  outer loop
    vertex 16.399999618530273 7.75 2.5000009536743164
    vertex 10.933333396911621 7.75 2.5000009536743164
    vertex 16.399999618530273 7.722682952880859 2.2401113510131836
  endloop
endfacet
facet normal 0.0 0.0 0.0
  outer loop
    vertex 16.399999618530273 7.722682952880859 2.2401113510131836
    vertex 10.933333396911621 7.75 2.5000009536743164
    vertex 10.933333396911621 7.722682952880859 2.2401113510131836
  endloop
endfacet
facet normal 0.0 0.0 0.0
  outer loop
    vertex 16.399999618530273 7.722682952880859 2.2401113510131836
    vertex 10.933333396911621 7.722682952880859 2.2401113510131836
    vertex 16.399999618530273 7.641933917999268 1.9915800094604492
  endloop
endfacet
facet normal 0.0 0.0 0.0
  outer loop
    vertex 16.399999618530273 7.641933917999268 1.9915800094604492
    vertex 10.933333396911621 7.722682952880859 2.2401113510131836
    vertex 10.933333396911621 7.641933917999268 1.9915800094604492
  endloop
endfacet
facet normal 0.0 0.0 0.0
  outer loop
    vertex 16.399999618530273 7.641933917999268 1.9915800094604492
    vertex 10.933333396911621 7.641933917999268 1.9915800094604492
    vertex 16.399999618530273 7.51127290725708 1.7652692794799805
  endloop
endfacet
facet normal 0.0 0.0 0.0
  outer loop
    vertex 16.399999618530273 7.51127290725708 1.7652692794799805
    vertex 10.933333396911621 7.641933917999268 1.9915800094604492
    vertex 10.933333396911621 7.51127290725708 1.7652692794799805
  endloop
endfacet
facet normal 0.0 0.0 0.0
  outer loop
    vertex 16.399999618530273 7.51127290725708 1.7652692794799805
    vertex 10.933333396911621 7.51127290725708 1.7652692794799805
    vertex 16.399999618530273 7.336414813995361 1.571070671081543
  endloop
endfacet
facet normal 0.0 0.0 0.0
  outer loop
    vertex 16.399999618530273 7.336414813995361 1.571070671081543
    vertex 10.933333396911621 7.51127290725708 1.7652692794799805
    vertex 10.933333396911621 7.336414813995361 1.571070671081543
  endloop
endfacet
facet normal 0.0 0.0 0.0
  outer loop
    vertex 16.399999618530273 7.336414813995361 1.571070671081543
    vertex 10.933333396911621 7.336414813995361 1.571070671081543
    vertex 16.399999618530273 7.125000476837158 1.4174699783325195
  endloop
endfacet
facet normal 0.0 0.0 0.0
  outer loop
    vertex 16.399999618530273 7.125000476837158 1.4174699783325195
    vertex 10.933333396911621 7.336414813995361 1.571070671081543
    vertex 10.933333396911621 7.125000476837158 1.4174699783325195
  endloop
endfacet
facet normal 0.0 0.0 0.0
  outer loop
    vertex 16.399999618530273 7.125000476837158 1.4174699783325195
    vertex 10.933333396911621 7.125000476837158 1.4174699783325195
    vertex 16.399999618530273 6.88627290725708 1.3111810684204102
  endloop
endfacet
facet normal 0.0 0.0 0.0
  outer loop
    vertex 16.399999618530273 6.88627290725708 1.3111810684204102
    vertex 10.933333396911621 7.125000476837158 1.4174699783325195
    vertex 10.933333396911621 6.88627290725708 1.3111810684204102
  endloop
endfacet
facet normal 0.0 0.0 0.0
  outer loop
    vertex 16.399999618530273 6.88627290725708 1.3111810684204102
    vertex 10.933333396911621 6.88627290725708 1.3111810684204102
    vertex 16.399999618530273 6.630661487579346 1.256850242614746
  endloop
endfacet
facet normal 0.0 0.0 0.0
  outer loop
    vertex 16.399999618530273 6.630661487579346 1.256850242614746
    vertex 10.933333396911621 6.88627290725708 1.3111810684204102
    vertex 10.933333396911621 6.630661487579346 1.256850242614746
  endloop
endfacet
facet normal 0.0 0.0 0.0
  outer loop
    vertex 16.399999618530273 6.630661487579346 1.256850242614746
    vertex 10.933333396911621 6.630661487579346 1.256850242614746
    vertex 16.399999618530273 6.369339466094971 1.256850242614746
  endloop
endfacet
facet normal 0.0 0.0 0.0
  outer loop
    vertex 16.399999618530273 6.369339466094971 1.256850242614746
    vertex 10.933333396911621 6.630661487579346 1.256850242614746
    vertex 10.933333396911621 6.369339466094971 1.256850242614746
  endloop
endfacet
facet normal 0.0 0.0 0.0
  outer loop
    vertex 16.399999618530273 6.369339466094971 1.256850242614746
    vertex 10.933333396911621 6.369339466094971 1.256850242614746
    vertex 16.399999618530273 6.113728046417236 1.3111810684204102
  endloop
endfacet
facet normal 0.0 0.0 0.0
  outer loop
    vertex 16.399999618530273 6.113728046417236 1.3111810684204102
    vertex 10.933333396911621 6.369339466094971 1.256850242614746
    vertex 10.933333396911621 6.113728046417236 1.3111810684204102
  endloop
endfacet
facet normal 0.0 0.0 0.0
  outer loop
    vertex 16.399999618530273 6.113728046417236 1.3111810684204102
    vertex 10.933333396911621 6.113728046417236 1.3111810684204102
    vertex 16.399999618530273 5.875000953674316 1.4174699783325195
  endloop
endfacet
facet normal 0.0 0.0 0.0
  outer loop
    vertex 16.399999618530273 5.875000953674316 1.4174699783325195
    vertex 10.933333396911621 6.113728046417236 1.3111810684204102
    vertex 10.933333396911621 5.875000953674316 1.4174699783325195
  endloop
endfacet
facet normal 0.0 0.0 0.0
  outer loop
    vertex 16.399999618530273 5.875000953674316 1.4174699783325195
    vertex 10.933333396911621 5.875000953674316 1.4174699783325195
    vertex 16.399999618530273 5.663586616516113 1.571070671081543
  endloop
endfacet
facet normal 0.0 0.0 0.0
  outer loop
    vertex 16.399999618530273 5.663586616516113 1.571070671081543
    vertex 10.933333396911621 5.875000953674316 1.4174699783325195
    vertex 10.933333396911621 5.663586616516113 1.571070671081543
  endloop
endfacet
facet normal 0.0 0.0 0.0
  outer loop
    vertex 16.399999618530273 5.663586616516113 1.571070671081543
    vertex 10.933333396911621 5.663586616516113 1.571070671081543
    vertex 16.399999618530273 5.4887285232543945 1.7652692794799805
  endloop
endfacet
facet normal 0.0 0.0 0.0
  outer loop
    vertex 16.399999618530273 5.4887285232543945 1.7652692794799805
    vertex 10.933333396911621 5.663586616516113 1.571070671081543
    vertex 10.933333396911621 5.4887285232543945 1.7652692794799805
  endloop
endfacet
facet normal 0.0 0.0 0.0
  outer loop
    vertex 16.399999618530273 5.4887285232543945 1.7652692794799805
    vertex 10.933333396911621 5.4887285232543945 1.7652692794799805
    vertex 16.399999618530273 5.358067512512207 1.9915800094604492
  endloop
endfacet
facet normal 0.0 0.0 0.0
  outer loop
    vertex 16.399999618530273 5.358067512512207 1.9915800094604492
    vertex 10.933333396911621 5.4887285232543945 1.7652692794799805
    vertex 10.933333396911621 5.358067512512207 1.9915800094604492
  endloop
endfacet
facet normal 0.0 0.0 0.0
  outer loop
    vertex 16.399999618530273 5.358067512512207 1.9915800094604492
    vertex 10.933333396911621 5.358067512512207 1.9915800094604492
    vertex 16.399999618530273 5.277317523956299 2.2401113510131836
  endloop
endfacet
facet normal 0.0 0.0 0.0
  outer loop
    vertex 16.399999618530273 5.277317523956299 2.2401113510131836
    vertex 10.933333396911621 5.358067512512207 1.9915800094604492
    vertex 10.933333396911621 5.277317523956299 2.2401113510131836
  endloop
endfacet
facet normal 0.0 0.0 0.0
  outer loop
    vertex 16.399999618530273 5.277317523956299 2.2401113510131836
    vertex 10.933333396911621 5.277317523956299 2.2401113510131836
    vertex 16.399999618530273 5.250000476837158 2.5000009536743164
  endloop
endfacet
facet normal 0.0 0.0 0.0
  outer loop
    vertex 16.399999618530273 5.250000476837158 2.5000009536743164
    vertex 10.933333396911621 5.277317523956299 2.2401113510131836
    vertex 10.933333396911621 5.250000476837158 2.5000009536743164
  endloop
endfacet
facet normal 0.0 0.0 0.0
  outer loop
    vertex 16.399999618530273 5.250000476837158 2.5000009536743164
    vertex 10.933333396911621 5.250000476837158 2.5000009536743164
    vertex 16.399999618530273 5.277317523956299 2.759890556335449
  endloop
endfacet
facet normal 0.0 0.0 0.0
  outer loop
    vertex 16.399999618530273 5.277317523956299 2.759890556335449
    vertex 10.933333396911621 5.250000476837158 2.5000009536743164
    vertex 10.933333396911621 5.277317523956299 2.759890556335449
  endloop
endfacet
facet normal 0.0 0.0 0.0
  outer loop
    vertex 16.399999618530273 5.277317523956299 2.759890556335449
    vertex 10.933333396911621 5.277317523956299 2.759890556335449
    vertex 16.399999618530273 5.358067035675049 3.0084218978881836
  endloop
endfacet
facet normal 0.0 0.0 0.0
  outer loop
    vertex 16.399999618530273 5.358067035675049 3.0084218978881836
    vertex 10.933333396911621 5.277317523956299 2.759890556335449
    vertex 10.933333396911621 5.358067035675049 3.0084218978881836
  endloop
endfacet
facet normal 0.0 0.0 0.0
  outer loop
    vertex 16.399999618530273 5.358067035675049 3.0084218978881836
    vertex 10.933333396911621 5.358067035675049 3.0084218978881836
    vertex 16.399999618530273 5.488728046417236 3.2347326278686523
  endloop
endfacet
facet normal 0.0 0.0 0.0
  outer loop
    vertex 16.399999618530273 5.488728046417236 3.2347326278686523
    vertex 10.933333396911621 5.358067035675049 3.0084218978881836
    vertex 10.933333396911621 5.488728046417236 3.2347326278686523
  endloop
endfacet
facet normal 0.0 0.0 0.0
  outer loop
    vertex 16.399999618530273 5.488728046417236 3.2347326278686523
    vertex 10.933333396911621 5.488728046417236 3.2347326278686523
    vertex 16.399999618530273 5.663586139678955 3.4289331436157227
  endloop
endfacet
facet normal 0.0 0.0 0.0
  outer loop
    vertex 16.399999618530273 5.663586139678955 3.4289331436157227
    vertex 10.933333396911621 5.488728046417236 3.2347326278686523
    vertex 10.933333396911621 5.663586139678955 3.4289331436157227
  endloop
endfacet
facet normal 0.0 0.0 0.0
  outer loop
    vertex 16.399999618530273 5.663586139678955 3.4289331436157227
    vertex 10.933333396911621 5.663586139678955 3.4289331436157227
    vertex 16.399999618530273 5.875000476837158 3.582533836364746
  endloop
endfacet
facet normal 0.0 0.0 0.0
  outer loop
    vertex 16.399999618530273 5.875000476837158 3.582533836364746
    vertex 10.933333396911621 5.663586139678955 3.4289331436157227
    vertex 10.933333396911621 5.875000476837158 3.582533836364746
  endloop
endfacet
facet normal 0.0 0.0 0.0
  outer loop
    vertex 16.399999618530273 5.875000476837158 3.582533836364746
    vertex 10.933333396911621 5.875000476837158 3.582533836364746
    vertex 16.399999618530273 6.113727569580078 3.6888227462768555
  endloop
endfacet
facet normal 0.0 0.0 0.0
  outer loop
    vertex 16.399999618530273 6.113727569580078 3.6888227462768555
    vertex 10.933333396911621 5.875000476837158 3.582533836364746
    vertex 10.933333396911621 6.113727569580078 3.6888227462768555
  endloop
endfacet
facet normal 0.0 0.0 0.0
  outer loop
    vertex 16.399999618530273 6.113727569580078 3.6888227462768555
    vertex 10.933333396911621 6.113727569580078 3.6888227462768555
    vertex 16.399999618530273 6.3693389892578125 3.7431535720825195
  endloop
endfacet
facet normal 0.0 0.0 0.0
  outer loop
    vertex 16.399999618530273 6.3693389892578125 3.7431535720825195
    vertex 10.933333396911621 6.113727569580078 3.6888227462768555
    vertex 10.933333396911621 6.3693389892578125 3.7431535720825195
  endloop
endfacet
facet normal 0.0 0.0 0.0
  outer loop
    vertex 16.399999618530273 6.3693389892578125 3.7431535720825195
    vertex 10.933333396911621 6.3693389892578125 3.7431535720825195
    vertex 16.399999618530273 6.6306610107421875 3.7431535720825195
  endloop
endfacet
facet normal 0.0 0.0 0.0
  outer loop
    vertex 16.399999618530273 6.6306610107421875 3.7431535720825195
    vertex 10.933333396911621 6.3693389892578125 3.7431535720825195
    vertex 10.933333396911621 6.6306610107421875 3.7431535720825195
  endloop
endfacet
facet normal 0.0 0.0 0.0
  outer loop
    vertex 16.399999618530273 6.6306610107421875 3.7431535720825195
    vertex 10.933333396911621 6.6306610107421875 3.7431535720825195
    vertex 16.399999618530273 6.886272430419922 3.6888227462768555
  endloop
endfacet
facet normal 0.0 0.0 0.0
  outer loop
    vertex 16.399999618530273 6.886272430419922 3.6888227462768555
    vertex 10.933333396911621 6.6306610107421875 3.7431535720825195
    vertex 10.933333396911621 6.886272430419922 3.6888227462768555
  endloop
endfacet
facet normal 0.0 0.0 0.0
  outer loop
    vertex 16.399999618530273 6.886272430419922 3.6888227462768555
    vertex 10.933333396911621 6.886272430419922 3.6888227462768555
    vertex 16.399999618530273 7.125 3.582533836364746
  endloop
endfacet
facet normal 0.0 0.0 0.0
  outer loop
    vertex 16.399999618530273 7.125 3.582533836364746
    vertex 10.933333396911621 6.886272430419922 3.6888227462768555
    vertex 10.933333396911621 7.125 3.582533836364746
  endloop
endfacet
facet normal 0.0 0.0 0.0
  outer loop
    vertex 16.399999618530273 7.125 3.582533836364746
    vertex 10.933333396911621 7.125 3.582533836364746
    vertex 16.399999618530273 7.336414337158203 3.4289331436157227
  endloop
endfacet
facet normal 0.0 0.0 0.0
  outer loop
    vertex 16.399999618530273 7.336414337158203 3.4289331436157227
    vertex 10.933333396911621 7.125 3.582533836364746
    vertex 10.933333396911621 7.336414337158203 3.4289331436157227
  endloop
endfacet
facet normal 0.0 0.0 0.0
  outer loop
    vertex 16.399999618530273 7.336414337158203 3.4289331436157227
    vertex 10.933333396911621 7.336414337158203 3.4289331436157227
    vertex 16.399999618530273 7.511272430419922 3.2347326278686523
  endloop
endfacet
facet normal 0.0 0.0 0.0
  outer loop
    vertex 16.399999618530273 7.511272430419922 3.2347326278686523
    vertex 10.933333396911621 7.336414337158203 3.4289331436157227
    vertex 10.933333396911621 7.511272430419922 3.2347326278686523
  endloop
endfacet
facet normal 0.0 0.0 0.0
  outer loop
    vertex 16.399999618530273 7.511272430419922 3.2347326278686523
    vertex 10.933333396911621 7.511272430419922 3.2347326278686523
    vertex 16.399999618530273 7.641933441162109 3.0084218978881836
  endloop
endfacet
facet normal 0.0 0.0 0.0
  outer loop
    vertex 16.399999618530273 7.641933441162109 3.0084218978881836
    vertex 10.933333396911621 7.511272430419922 3.2347326278686523
    vertex 10.933333396911621 7.641933441162109 3.0084218978881836
  endloop
endfacet
facet normal 0.0 0.0 0.0
  outer loop
    vertex 16.399999618530273 7.641933441162109 3.0084218978881836
    vertex 10.933333396911621 7.641933441162109 3.0084218978881836
    vertex 16.399999618530273 7.722682952880859 2.759890556335449
  endloop
endfacet
facet normal 0.0 0.0 0.0
  outer loop
    vertex 16.399999618530273 7.722682952880859 2.759890556335449
    vertex 10.933333396911621 7.641933441162109 3.0084218978881836
    vertex 10.933333396911621 7.722682952880859 2.759890556335449
  endloop
endfacet
facet normal 0.0 0.0 0.0
  outer loop
    vertex -10.933333396911621 7.75 2.5000009536743164
    vertex -5.4666666984558105 7.75 2.5000009536743164
    vertex -10.933333396911621 7.722682952880859 2.759890556335449
  endloop
endfacet
facet normal 0.0 0.0 0.0
  outer loop
    vertex -10.933333396911621 7.722682952880859 2.759890556335449
    vertex -5.4666666984558105 7.75 2.5000009536743164
    vertex -5.4666666984558105 7.722682952880859 2.759890556335449
  endloop
endfacet
facet normal 0.0 0.0 0.0
  outer loop
    vertex -10.933333396911621 7.722682952880859 2.759890556335449
    vertex -5.4666666984558105 7.722682952880859 2.759890556335449
    vertex -10.933333396911621 7.641933441162109 3.0084218978881836
  endloop
endfacet
facet normal 0.0 0.0 0.0
  outer loop
    vertex -10.933333396911621 7.641933441162109 3.0084218978881836
    vertex -5.4666666984558105 7.722682952880859 2.759890556335449
    vertex -5.4666666984558105 7.641933441162109 3.0084218978881836
  endloop
endfacet
facet normal 0.0 0.0 0.0
  outer loop
    vertex -10.933333396911621 7.641933441162109 3.0084218978881836
    vertex -5.4666666984558105 7.641933441162109 3.0084218978881836
    vertex -10.933333396911621 7.511272430419922 3.2347326278686523
  endloop
endfacet
facet normal 0.0 0.0 0.0
  outer loop
    vertex -10.933333396911621 7.511272430419922 3.2347326278686523
    vertex -5.4666666984558105 7.641933441162109 3.0084218978881836
    vertex -5.4666666984558105 7.511272430419922 3.2347326278686523
  endloop
endfacet
facet normal 0.0 0.0 0.0
  outer loop
    vertex -10.933333396911621 7.511272430419922 3.2347326278686523
    vertex -5.4666666984558105 7.511272430419922 3.2347326278686523
    vertex -10.933333396911621 7.336414337158203 3.4289331436157227
  endloop
endfacet
facet normal 0.0 0.0 0.0
  outer loop
    vertex -10.933333396911621 7.336414337158203 3.4289331436157227
    vertex -5.4666666984558105 7.511272430419922 3.2347326278686523
    vertex -5.4666666984558105 7.336414337158203 3.4289331436157227
  endloop
endfacet
facet normal 0.0 0.0 0.0
  outer loop
    vertex -10.933333396911621 7.336414337158203 3.4289331436157227
    vertex -5.4666666984558105 7.336414337158203 3.4289331436157227
    vertex -10.933333396911621 7.125 3.582533836364746
  endloop
endfacet
facet normal 0.0 0.0 0.0
  outer loop
    vertex -10.933333396911621 7.125 3.582533836364746
    vertex -5.4666666984558105 7.336414337158203 3.4289331436157227
    vertex -5.4666666984558105 7.125 3.582533836364746
  endloop
endfacet
facet normal 0.0 0.0 0.0
  outer loop
    vertex -10.933333396911621 7.125 3.582533836364746
    vertex -5.4666666984558105 7.125 3.582533836364746
    vertex -10.933333396911621 6.886272430419922 3.6888227462768555
  endloop
endfacet
facet normal 0.0 0.0 0.0
  outer loop
    vertex -10.933333396911621 6.886272430419922 3.6888227462768555
    vertex -5.4666666984558105 7.125 3.582533836364746
    vertex -5.4666666984558105 6.886272430419922 3.6888227462768555
  endloop
endfacet
facet normal 0.0 0.0 0.0
  outer loop
    vertex -10.933333396911621 6.886272430419922 3.6888227462768555
    vertex -5.4666666984558105 6.886272430419922 3.6888227462768555
    vertex -10.933333396911621 6.6306610107421875 3.7431535720825195
  endloop
endfacet
facet normal 0.0 0.0 0.0
  outer loop
    vertex -10.933333396911621 6.6306610107421875 3.7431535720825195
    vertex -5.4666666984558105 6.886272430419922 3.6888227462768555
    vertex -5.4666666984558105 6.6306610107421875 3.7431535720825195
  endloop
endfacet
facet normal 0.0 0.0 0.0
  outer loop
    vertex -10.933333396911621 6.6306610107421875 3.7431535720825195
    vertex -5.4666666984558105 6.6306610107421875 3.7431535720825195
    vertex -10.933333396911621 6.3693389892578125 3.7431535720825195
  endloop
endfacet
facet normal 0.0 0.0 0.0
  outer loop
    vertex -10.933333396911621 6.3693389892578125 3.7431535720825195
    vertex -5.4666666984558105 6.6306610107421875 3.7431535720825195
    vertex -5.4666666984558105 6.3693389892578125 3.7431535720825195
  endloop
endfacet
facet normal 0.0 0.0 0.0
  outer loop
    vertex -10.933333396911621 6.3693389892578125 3.7431535720825195
    vertex -5.4666666984558105 6.3693389892578125 3.7431535720825195
    vertex -10.933333396911621 6.113727569580078 3.6888227462768555
  endloop
endfacet
facet normal 0.0 0.0 0.0
  outer loop
    vertex -10.933333396911621 6.113727569580078 3.6888227462768555
    vertex -5.4666666984558105 6.3693389892578125 3.7431535720825195
    vertex -5.4666666984558105 6.113727569580078 3.6888227462768555
  endloop
endfacet
facet normal 0.0 0.0 0.0
  outer loop
    vertex -10.933333396911621 6.113727569580078 3.6888227462768555
    vertex -5.4666666984558105 6.113727569580078 3.6888227462768555
    vertex -10.933333396911621 5.875000476837158 3.582533836364746
  endloop
endfacet
facet normal 0.0 0.0 0.0
  outer loop
    vertex -10.933333396911621 5.875000476837158 3.582533836364746
    vertex -5.4666666984558105 6.113727569580078 3.6888227462768555
    vertex -5.4666666984558105 5.875000476837158 3.582533836364746
  endloop
endfacet
facet normal 0.0 0.0 0.0
  outer loop
    vertex -10.933333396911621 5.875000476837158 3.582533836364746
    vertex -5.4666666984558105 5.875000476837158 3.582533836364746
    vertex -10.933333396911621 5.663586139678955 3.4289331436157227
  endloop
endfacet
facet normal 0.0 0.0 0.0
  outer loop
    vertex -10.933333396911621 5.663586139678955 3.4289331436157227
    vertex -5.4666666984558105 5.875000476837158 3.582533836364746
    vertex -5.4666666984558105 5.663586139678955 3.4289331436157227
  endloop
endfacet
facet normal 0.0 0.0 0.0
  outer loop
    vertex -10.933333396911621 5.663586139678955 3.4289331436157227
    vertex -5.4666666984558105 5.663586139678955 3.4289331436157227
    vertex -10.933333396911621 5.488728046417236 3.2347326278686523
  endloop
endfacet
facet normal 0.0 0.0 0.0
  outer loop
    vertex -10.933333396911621 5.488728046417236 3.2347326278686523
    vertex -5.4666666984558105 5.663586139678955 3.4289331436157227
    vertex -5.4666666984558105 5.488728046417236 3.2347326278686523
  endloop
endfacet
facet normal 0.0 0.0 0.0
  outer loop
    vertex -10.933333396911621 5.488728046417236 3.2347326278686523
    vertex -5.4666666984558105 5.488728046417236 3.2347326278686523
    vertex -10.933333396911621 5.358067035675049 3.0084218978881836
  endloop
endfacet
facet normal 0.0 0.0 0.0
  outer loop
    vertex -10.933333396911621 5.358067035675049 3.0084218978881836
    vertex -5.4666666984558105 5.488728046417236 3.2347326278686523
    vertex -5.4666666984558105 5.358067035675049 3.0084218978881836
  endloop
endfacet
facet normal 0.0 0.0 0.0
  outer loop
    vertex -10.933333396911621 5.358067035675049 3.0084218978881836
    vertex -5.4666666984558105 5.358067035675049 3.0084218978881836
    vertex -10.933333396911621 5.277317523956299 2.759890556335449
  endloop
endfacet
facet normal 0.0 0.0 0.0
  outer loop
    vertex -10.933333396911621 5.277317523956299 2.759890556335449
    vertex -5.4666666984558105 5.358067035675049 3.0084218978881836
    vertex -5.4666666984558105 5.277317523956299 2.759890556335449
  endloop
endfacet
facet normal 0.0 0.0 0.0
  outer loop
    vertex -10.933333396911621 5.277317523956299 2.759890556335449
    vertex -5.4666666984558105 5.277317523956299 2.759890556335449
    vertex -10.933333396911621 5.250000476837158 2.5000009536743164
  endloop
endfacet
facet normal 0.0 0.0 0.0
  outer loop
    vertex -10.933333396911621 5.250000476837158 2.5000009536743164
    vertex -5.4666666984558105 5.277317523956299 2.759890556335449
    vertex -5.4666666984558105 5.250000476837158 2.5000009536743164
  endloop
endfacet
facet normal 0.0 0.0 0.0
  outer loop
    vertex -10.933333396911621 5.250000476837158 2.5000009536743164
    vertex -5.4666666984558105 5.250000476837158 2.5000009536743164
    vertex -10.933333396911621 5.277317523956299 2.2401113510131836
  endloop
endfacet
facet normal 0.0 0.0 0.0
  outer loop
    vertex -10.933333396911621 5.277317523956299 2.2401113510131836
    vertex -5.4666666984558105 5.250000476837158 2.5000009536743164
    vertex -5.4666666984558105 5.277317523956299 2.2401113510131836
  endloop
endfacet
facet normal 0.0 0.0 0.0
  outer loop
    vertex -10.933333396911621 5.277317523956299 2.2401113510131836
    vertex -5.4666666984558105 5.277317523956299 2.2401113510131836
    vertex -10.933333396911621 5.358067512512207 1.9915800094604492
  endloop
endfacet
facet normal 0.0 0.0 0.0
  outer loop
    vertex -10.933333396911621 5.358067512512207 1.9915800094604492
    vertex -5.4666666984558105 5.277317523956299 2.2401113510131836
    vertex -5.4666666984558105 5.358067512512207 1.9915800094604492
  endloop
endfacet
facet normal 0.0 0.0 0.0
  outer loop
    vertex -10.933333396911621 5.358067512512207 1.9915800094604492
    vertex -5.4666666984558105 5.358067512512207 1.9915800094604492
    vertex -10.933333396911621 5.4887285232543945 1.7652692794799805
  endloop
endfacet
facet normal 0.0 0.0 0.0
  outer loop
    vertex -10.933333396911621 5.4887285232543945 1.7652692794799805
    vertex -5.4666666984558105 5.358067512512207 1.9915800094604492
    vertex -5.4666666984558105 5.4887285232543945 1.7652692794799805
  endloop
endfacet
facet normal 0.0 0.0 0.0
  outer loop
    vertex -10.933333396911621 5.4887285232543945 1.7652692794799805
    vertex -5.4666666984558105 5.4887285232543945 1.7652692794799805
    vertex -10.933333396911621 5.663586616516113 1.571070671081543
  endloop
endfacet
facet normal 0.0 0.0 0.0
  outer loop
    vertex -10.933333396911621 5.663586616516113 1.571070671081543
    vertex -5.4666666984558105 5.4887285232543945 1.7652692794799805
    vertex -5.4666666984558105 5.663586616516113 1.571070671081543
  endloop
endfacet
facet normal 0.0 0.0 0.0
  outer loop
    vertex -10.933333396911621 5.663586616516113 1.571070671081543
    vertex -5.4666666984558105 5.663586616516113 1.571070671081543
    vertex -10.933333396911621 5.875000953674316 1.4174699783325195
  endloop
endfacet
facet normal 0.0 0.0 0.0
  outer loop
    vertex -10.933333396911621 5.875000953674316 1.4174699783325195
    vertex -5.4666666984558105 5.663586616516113 1.571070671081543
    vertex -5.4666666984558105 5.875000953674316 1.4174699783325195
  endloop
endfacet
facet normal 0.0 0.0 0.0
  outer loop
    vertex -10.933333396911621 5.875000953674316 1.4174699783325195
    vertex -5.4666666984558105 5.875000953674316 1.4174699783325195
    vertex -10.933333396911621 6.113728046417236 1.3111810684204102
  endloop
endfacet
facet normal 0.0 0.0 0.0
  outer loop
    vertex -10.933333396911621 6.113728046417236 1.3111810684204102
    vertex -5.4666666984558105 5.875000953674316 1.4174699783325195
    vertex -5.4666666984558105 6.113728046417236 1.3111810684204102
  endloop
endfacet
facet normal 0.0 0.0 0.0
  outer loop
    vertex -10.933333396911621 6.113728046417236 1.3111810684204102
    vertex -5.4666666984558105 6.113728046417236 1.3111810684204102
    vertex -10.933333396911621 6.369339466094971 1.256850242614746
  endloop
endfacet
facet normal 0.0 0.0 0.0
  outer loop
    vertex -10.933333396911621 6.369339466094971 1.256850242614746
    vertex -5.4666666984558105 6.113728046417236 1.3111810684204102
    vertex -5.4666666984558105 6.369339466094971 1.256850242614746
  endloop
endfacet
facet normal 0.0 0.0 0.0
  outer loop
    vertex -10.933333396911621 6.369339466094971 1.256850242614746
    vertex -5.4666666984558105 6.369339466094971 1.256850242614746
    vertex -10.933333396911621 6.630661487579346 1.256850242614746
  endloop
endfacet
facet normal 0.0 0.0 0.0
  outer loop
    vertex -10.933333396911621 6.630661487579346 1.256850242614746
    vertex -5.4666666984558105 6.369339466094971 1.256850242614746
    vertex -5.4666666984558105 6.630661487579346 1.256850242614746
  endloop
endfacet
facet normal 0.0 0.0 0.0
  outer loop
    vertex -10.933333396911621 6.630661487579346 1.256850242614746
    vertex -5.4666666984558105 6.630661487579346 1.256850242614746
    vertex -10.933333396911621 6.88627290725708 1.3111810684204102
  endloop
endfacet
facet normal 0.0 0.0 0.0
  outer loop
    vertex -10.933333396911621 6.88627290725708 1.3111810684204102
    vertex -5.4666666984558105 6.630661487579346 1.256850242614746
    vertex -5.4666666984558105 6.88627290725708 1.3111810684204102
  endloop
endfacet
facet normal 0.0 0.0 0.0
  outer loop
    vertex -10.933333396911621 6.88627290725708 1.3111810684204102
    vertex -5.4666666984558105 6.88627290725708 1.3111810684204102
    vertex -10.933333396911621 7.125000476837158 1.4174699783325195
  endloop
endfacet
facet normal 0.0 0.0 0.0
  outer loop
    vertex -10.933333396911621 7.125000476837158 1.4174699783325195
    vertex -5.4666666984558105 6.88627290725708 1.3111810684204102
    vertex -5.4666666984558105 7.125000476837158 1.4174699783325195
  endloop
endfacet
facet normal 0.0 0.0 0.0
  outer loop
    vertex -10.933333396911621 7.125000476837158 1.4174699783325195
    vertex -5.4666666984558105 7.125000476837158 1.4174699783325195
    vertex -10.933333396911621 7.336414813995361 1.571070671081543
  endloop
endfacet
facet normal 0.0 0.0 0.0
  outer loop
    vertex -10.933333396911621 7.336414813995361 1.571070671081543
    vertex -5.4666666984558105 7.125000476837158 1.4174699783325195
    vertex -5.4666666984558105 7.336414813995361 1.571070671081543
  endloop
endfacet
facet normal 0.0 0.0 0.0
  outer loop
    vertex -10.933333396911621 7.336414813995361 1.571070671081543
    vertex -5.4666666984558105 7.336414813995361 1.571070671081543
    vertex -10.933333396911621 7.51127290725708 1.7652692794799805
  endloop
endfacet
facet normal 0.0 0.0 0.0
  outer loop
    vertex -10.933333396911621 7.51127290725708 1.7652692794799805
    vertex -5.4666666984558105 7.336414813995361 1.571070671081543
    vertex -5.4666666984558105 7.51127290725708 1.7652692794799805
  endloop
endfacet
facet normal 0.0 0.0 0.0
  outer loop
    vertex -10.933333396911621 7.51127290725708 1.7652692794799805
    vertex -5.4666666984558105 7.51127290725708 1.7652692794799805
    vertex -10.933333396911621 7.641933917999268 1.9915800094604492
  endloop
endfacet
facet normal 0.0 0.0 0.0
  outer loop
    vertex -10.933333396911621 7.641933917999268 1.9915800094604492
    vertex -5.4666666984558105 7.51127290725708 1.7652692794799805
    vertex -5.4666666984558105 7.641933917999268 1.9915800094604492
  endloop
endfacet
facet normal 0.0 0.0 0.0
  outer loop
    vertex -10.933333396911621 7.641933917999268 1.9915800094604492
    vertex -5.4666666984558105 7.641933917999268 1.9915800094604492
    vertex -10.933333396911621 7.722682952880859 2.2401113510131836
  endloop
endfacet
facet normal 0.0 0.0 0.0
  outer loop
    vertex -10.933333396911621 7.722682952880859 2.2401113510131836
    vertex -5.4666666984558105 7.641933917999268 1.9915800094604492
    vertex -5.4666666984558105 7.722682952880859 2.2401113510131836
  endloop
endfacet
facet normal 0.0 0.0 0.0
  outer loop
    vertex -10.933333396911621 7.722682952880859 2.2401113510131836
    vertex -5.4666666984558105 7.722682952880859 2.2401113510131836
    vertex -10.933333396911621 7.75 2.5000009536743164
  endloop
endfacet
facet normal 0.0 0.0 0.0
  outer loop
    vertex -10.933333396911621 7.75 2.5000009536743164
    vertex -5.4666666984558105 7.722682952880859 2.2401113510131836
    vertex -5.4666666984558105 7.75 2.5000009536743164
  endloop
endfacet
facet normal 0.0 0.0 0.0
  outer loop
    vertex -5.4666666984558105 7.75 2.5000009536743164
    vertex 0.0 7.75 2.5000009536743164
    vertex -5.4666666984558105 7.722682952880859 2.759890556335449
  endloop
endfacet
facet normal 0.0 0.0 0.0
  outer loop
    vertex -5.4666666984558105 7.722682952880859 2.759890556335449
    vertex 0.0 7.75 2.5000009536743164
    vertex 0.0 7.722682952880859 2.759890556335449
  endloop
endfacet
facet normal 0.0 0.0 0.0
  outer loop
    vertex -5.4666666984558105 7.722682952880859 2.759890556335449
    vertex 0.0 7.722682952880859 2.759890556335449
    vertex -5.4666666984558105 7.641933441162109 3.0084218978881836
  endloop
endfacet
facet normal 0.0 0.0 0.0
  outer loop
    vertex -5.4666666984558105 7.641933441162109 3.0084218978881836
    vertex 0.0 7.722682952880859 2.759890556335449
    vertex 0.0 7.641933441162109 3.0084218978881836
  endloop
endfacet
facet normal 0.0 0.0 0.0
  outer loop
    vertex -5.4666666984558105 7.641933441162109 3.0084218978881836
    vertex 0.0 7.641933441162109 3.0084218978881836
    vertex -5.4666666984558105 7.511272430419922 3.2347326278686523
  endloop
endfacet
facet normal 0.0 0.0 0.0
  outer loop
    vertex -5.4666666984558105 7.511272430419922 3.2347326278686523
    vertex 0.0 7.641933441162109 3.0084218978881836
    vertex 0.0 7.511272430419922 3.2347326278686523
  endloop
endfacet
facet normal 0.0 0.0 0.0
  outer loop
    vertex -5.4666666984558105 7.511272430419922 3.2347326278686523
    vertex 0.0 7.511272430419922 3.2347326278686523
    vertex -5.4666666984558105 7.336414337158203 3.4289331436157227
  endloop
endfacet
facet normal 0.0 0.0 0.0
  outer loop
    vertex -5.4666666984558105 7.336414337158203 3.4289331436157227
    vertex 0.0 7.511272430419922 3.2347326278686523
    vertex 0.0 7.336414337158203 3.4289331436157227
  endloop
endfacet
facet normal 0.0 0.0 0.0
  outer loop
    vertex -5.4666666984558105 7.336414337158203 3.4289331436157227
    vertex 0.0 7.336414337158203 3.4289331436157227
    vertex -5.4666666984558105 7.125 3.582533836364746
  endloop
endfacet
facet normal 0.0 0.0 0.0
  outer loop
    vertex -5.4666666984558105 7.125 3.582533836364746
    vertex 0.0 7.336414337158203 3.4289331436157227
    vertex 0.0 7.125 3.582533836364746
  endloop
endfacet
facet normal 0.0 0.0 0.0
  outer loop
    vertex -5.4666666984558105 7.125 3.582533836364746
    vertex 0.0 7.125 3.582533836364746
    vertex -5.4666666984558105 6.886272430419922 3.6888227462768555
  endloop
endfacet
facet normal 0.0 0.0 0.0
  outer loop
    vertex -5.4666666984558105 6.886272430419922 3.6888227462768555
    vertex 0.0 7.125 3.582533836364746
    vertex 0.0 6.886272430419922 3.6888227462768555
  endloop
endfacet
facet normal 0.0 0.0 0.0
  outer loop
    vertex -5.4666666984558105 6.886272430419922 3.6888227462768555
    vertex 0.0 6.886272430419922 3.6888227462768555
    vertex -5.4666666984558105 6.6306610107421875 3.7431535720825195
  endloop
endfacet
facet normal 0.0 0.0 0.0
  outer loop
    vertex -5.4666666984558105 6.6306610107421875 3.7431535720825195
    vertex 0.0 6.886272430419922 3.6888227462768555
    vertex 0.0 6.6306610107421875 3.7431535720825195
  endloop
endfacet
facet normal 0.0 0.0 0.0
  outer loop
    vertex -5.4666666984558105 6.6306610107421875 3.7431535720825195
    vertex 0.0 6.6306610107421875 3.7431535720825195
    vertex -5.4666666984558105 6.3693389892578125 3.7431535720825195
  endloop
endfacet
facet normal 0.0 0.0 0.0
  outer loop
    vertex -5.4666666984558105 6.3693389892578125 3.7431535720825195
    vertex 0.0 6.6306610107421875 3.7431535720825195
    vertex 0.0 6.3693389892578125 3.7431535720825195
  endloop
endfacet
facet normal 0.0 0.0 0.0
  outer loop
    vertex -5.4666666984558105 6.3693389892578125 3.7431535720825195
    vertex 0.0 6.3693389892578125 3.7431535720825195
    vertex -5.4666666984558105 6.113727569580078 3.6888227462768555
  endloop
endfacet
facet normal 0.0 0.0 0.0
  outer loop
    vertex -5.4666666984558105 6.113727569580078 3.6888227462768555
    vertex 0.0 6.3693389892578125 3.7431535720825195
    vertex 0.0 6.113727569580078 3.6888227462768555
  endloop
endfacet
facet normal 0.0 0.0 0.0
  outer loop
    vertex -5.4666666984558105 6.113727569580078 3.6888227462768555
    vertex 0.0 6.113727569580078 3.6888227462768555
    vertex -5.4666666984558105 5.875000476837158 3.582533836364746
  endloop
endfacet
facet normal 0.0 0.0 0.0
  outer loop
    vertex -5.4666666984558105 5.875000476837158 3.582533836364746
    vertex 0.0 6.113727569580078 3.6888227462768555
    vertex 0.0 5.875000476837158 3.582533836364746
  endloop
endfacet
facet normal 0.0 0.0 0.0
  outer loop
    vertex -5.4666666984558105 5.875000476837158 3.582533836364746
    vertex 0.0 5.875000476837158 3.582533836364746
    vertex -5.4666666984558105 5.663586139678955 3.4289331436157227
  endloop
endfacet
facet normal 0.0 0.0 0.0
  outer loop
    vertex -5.4666666984558105 5.663586139678955 3.4289331436157227
    vertex 0.0 5.875000476837158 3.582533836364746
    vertex 0.0 5.663586139678955 3.4289331436157227
  endloop
endfacet
facet normal 0.0 0.0 0.0
  outer loop
    vertex -5.4666666984558105 5.663586139678955 3.4289331436157227
    vertex 0.0 5.663586139678955 3.4289331436157227
    vertex -5.4666666984558105 5.488728046417236 3.2347326278686523
  endloop
endfacet
facet normal 0.0 0.0 0.0
  outer loop
    vertex -5.4666666984558105 5.488728046417236 3.2347326278686523
    vertex 0.0 5.663586139678955 3.4289331436157227
    vertex 0.0 5.488728046417236 3.2347326278686523
  endloop
endfacet
facet normal 0.0 0.0 0.0
  outer loop
    vertex -5.4666666984558105 5.488728046417236 3.2347326278686523
    vertex 0.0 5.488728046417236 3.2347326278686523
    vertex -5.4666666984558105 5.358067035675049 3.0084218978881836
  endloop
endfacet
facet normal 0.0 0.0 0.0
  outer loop
    vertex -5.4666666984558105 5.358067035675049 3.0084218978881836
    vertex 0.0 5.488728046417236 3.2347326278686523
    vertex 0.0 5.358067035675049 3.0084218978881836
  endloop
endfacet
facet normal 0.0 0.0 0.0
  outer loop
    vertex -5.4666666984558105 5.358067035675049 3.0084218978881836
    vertex 0.0 5.358067035675049 3.0084218978881836
    vertex -5.4666666984558105 5.277317523956299 2.759890556335449
  endloop
endfacet
facet normal 0.0 0.0 0.0
  outer loop
    vertex -5.4666666984558105 5.277317523956299 2.759890556335449
    vertex 0.0 5.358067035675049 3.0084218978881836
    vertex 0.0 5.277317523956299 2.759890556335449
  endloop
endfacet
facet normal 0.0 0.0 0.0
  outer loop
    vertex -5.4666666984558105 5.277317523956299 2.759890556335449
    vertex 0.0 5.277317523956299 2.759890556335449
    vertex -5.4666666984558105 5.250000476837158 2.5000009536743164
  endloop
endfacet
facet normal 0.0 0.0 0.0
  outer loop
    vertex -5.4666666984558105 5.250000476837158 2.5000009536743164
    vertex 0.0 5.277317523956299 2.759890556335449
    vertex 0.0 5.250000476837158 2.5000009536743164
  endloop
endfacet
facet normal 0.0 0.0 0.0
  outer loop
    vertex -5.4666666984558105 5.250000476837158 2.5000009536743164
    vertex 0.0 5.250000476837158 2.5000009536743164
    vertex -5.4666666984558105 5.277317523956299 2.2401113510131836
  endloop
endfacet
facet normal 0.0 0.0 0.0
  outer loop
    vertex -5.4666666984558105 5.277317523956299 2.2401113510131836
    vertex 0.0 5.250000476837158 2.5000009536743164
    vertex 0.0 5.277317523956299 2.2401113510131836
  endloop
endfacet
facet normal 0.0 0.0 0.0
  outer loop
    vertex -5.4666666984558105 5.277317523956299 2.2401113510131836
    vertex 0.0 5.277317523956299 2.2401113510131836
    vertex -5.4666666984558105 5.358067512512207 1.9915800094604492
  endloop
endfacet
facet normal 0.0 0.0 0.0
  outer loop
    vertex -5.4666666984558105 5.358067512512207 1.9915800094604492
    vertex 0.0 5.277317523956299 2.2401113510131836
    vertex 0.0 5.358067512512207 1.9915800094604492
  endloop
endfacet
facet normal 0.0 0.0 0.0
  outer loop
    vertex -5.4666666984558105 5.358067512512207 1.9915800094604492
    vertex 0.0 5.358067512512207 1.9915800094604492
    vertex -5.4666666984558105 5.4887285232543945 1.7652692794799805
  endloop
endfacet
facet normal 0.0 0.0 0.0
  outer loop
    vertex -5.4666666984558105 5.4887285232543945 1.7652692794799805
    vertex 0.0 5.358067512512207 1.9915800094604492
    vertex 0.0 5.4887285232543945 1.7652692794799805
  endloop
endfacet
facet normal 0.0 0.0 0.0
  outer loop
    vertex -5.4666666984558105 5.4887285232543945 1.7652692794799805
    vertex 0.0 5.4887285232543945 1.7652692794799805
    vertex -5.4666666984558105 5.663586616516113 1.571070671081543
  endloop
endfacet
facet normal 0.0 0.0 0.0
  outer loop
    vertex -5.4666666984558105 5.663586616516113 1.571070671081543
    vertex 0.0 5.4887285232543945 1.7652692794799805
    vertex 0.0 5.663586616516113 1.571070671081543
  endloop
endfacet
facet normal 0.0 0.0 0.0
  outer loop
    vertex -5.4666666984558105 5.663586616516113 1.571070671081543
    vertex 0.0 5.663586616516113 1.571070671081543
    vertex -5.4666666984558105 5.875000953674316 1.4174699783325195
  endloop
endfacet
facet normal 0.0 0.0 0.0
  outer loop
    vertex -5.4666666984558105 5.875000953674316 1.4174699783325195
    vertex 0.0 5.663586616516113 1.571070671081543
    vertex 0.0 5.875000953674316 1.4174699783325195
  endloop
endfacet
facet normal 0.0 0.0 0.0
  outer loop
    vertex -5.4666666984558105 5.875000953674316 1.4174699783325195
    vertex 0.0 5.875000953674316 1.4174699783325195
    vertex -5.4666666984558105 6.113728046417236 1.3111810684204102
  endloop
endfacet
facet normal 0.0 0.0 0.0
  outer loop
    vertex -5.4666666984558105 6.113728046417236 1.3111810684204102
    vertex 0.0 5.875000953674316 1.4174699783325195
    vertex 0.0 6.113728046417236 1.3111810684204102
  endloop
endfacet
facet normal 0.0 0.0 0.0
  outer loop
    vertex -5.4666666984558105 6.113728046417236 1.3111810684204102
    vertex 0.0 6.113728046417236 1.3111810684204102
    vertex -5.4666666984558105 6.369339466094971 1.256850242614746
  endloop
endfacet
facet normal 0.0 0.0 0.0
  outer loop
    vertex -5.4666666984558105 6.369339466094971 1.256850242614746
    vertex 0.0 6.113728046417236 1.3111810684204102
    vertex 0.0 6.369339466094971 1.256850242614746
  endloop
endfacet
facet normal 0.0 0.0 0.0
  outer loop
    vertex -5.4666666984558105 6.369339466094971 1.256850242614746
    vertex 0.0 6.369339466094971 1.256850242614746
    vertex -5.4666666984558105 6.630661487579346 1.256850242614746
  endloop
endfacet
facet normal 0.0 0.0 0.0
  outer loop
    vertex -5.4666666984558105 6.630661487579346 1.256850242614746
    vertex 0.0 6.369339466094971 1.256850242614746
    vertex 0.0 6.630661487579346 1.256850242614746
  endloop
endfacet
facet normal 0.0 0.0 0.0
  outer loop
    vertex -5.4666666984558105 6.630661487579346 1.256850242614746
    vertex 0.0 6.630661487579346 1.256850242614746
    vertex -5.4666666984558105 6.88627290725708 1.3111810684204102
  endloop
endfacet
facet normal 0.0 0.0 0.0
  outer loop
    vertex -5.4666666984558105 6.88627290725708 1.3111810684204102
    vertex 0.0 6.630661487579346 1.256850242614746
    vertex 0.0 6.88627290725708 1.3111810684204102
  endloop
endfacet
facet normal 0.0 0.0 0.0
  outer loop
    vertex -5.4666666984558105 6.88627290725708 1.3111810684204102
    vertex 0.0 6.88627290725708 1.3111810684204102
    vertex -5.4666666984558105 7.125000476837158 1.4174699783325195
  endloop
endfacet
facet normal 0.0 0.0 0.0
  outer loop
    vertex -5.4666666984558105 7.125000476837158 1.4174699783325195
    vertex 0.0 6.88627290725708 1.3111810684204102
    vertex 0.0 7.125000476837158 1.4174699783325195
  endloop
endfacet
facet normal 0.0 0.0 0.0
  outer loop
    vertex -5.4666666984558105 7.125000476837158 1.4174699783325195
    vertex 0.0 7.125000476837158 1.4174699783325195
    vertex -5.4666666984558105 7.336414813995361 1.571070671081543
  endloop
endfacet
facet normal 0.0 0.0 0.0
  outer loop
    vertex -5.4666666984558105 7.336414813995361 1.571070671081543
    vertex 0.0 7.125000476837158 1.4174699783325195
    vertex 0.0 7.336414813995361 1.571070671081543
  endloop
endfacet
facet normal 0.0 0.0 0.0
  outer loop
    vertex -5.4666666984558105 7.336414813995361 1.571070671081543
    vertex 0.0 7.336414813995361 1.571070671081543
    vertex -5.4666666984558105 7.51127290725708 1.7652692794799805
  endloop
endfacet
facet normal 0.0 0.0 0.0
  outer loop
    vertex -5.4666666984558105 7.51127290725708 1.7652692794799805
    vertex 0.0 7.336414813995361 1.571070671081543
    vertex 0.0 7.51127290725708 1.7652692794799805
  endloop
endfacet
facet normal 0.0 0.0 0.0
  outer loop
    vertex -5.4666666984558105 7.51127290725708 1.7652692794799805
    vertex 0.0 7.51127290725708 1.7652692794799805
    vertex -5.4666666984558105 7.641933917999268 1.9915800094604492
  endloop
endfacet
facet normal 0.0 0.0 0.0
  outer loop
    vertex -5.4666666984558105 7.641933917999268 1.9915800094604492
    vertex 0.0 7.51127290725708 1.7652692794799805
    vertex 0.0 7.641933917999268 1.9915800094604492
  endloop
endfacet
facet normal 0.0 0.0 0.0
  outer loop
    vertex -5.4666666984558105 7.641933917999268 1.9915800094604492
    vertex 0.0 7.641933917999268 1.9915800094604492
    vertex -5.4666666984558105 7.722682952880859 2.2401113510131836
  endloop
endfacet
facet normal 0.0 0.0 0.0
  outer loop
    vertex -5.4666666984558105 7.722682952880859 2.2401113510131836
    vertex 0.0 7.641933917999268 1.9915800094604492
    vertex 0.0 7.722682952880859 2.2401113510131836
  endloop
endfacet
facet normal 0.0 0.0 0.0
  outer loop
    vertex -5.4666666984558105 7.722682952880859 2.2401113510131836
    vertex 0.0 7.722682952880859 2.2401113510131836
    vertex -5.4666666984558105 7.75 2.5000009536743164
  endloop
endfacet
facet normal 0.0 0.0 0.0
  outer loop
    vertex -5.4666666984558105 7.75 2.5000009536743164
    vertex 0.0 7.722682952880859 2.2401113510131836
    vertex 0.0 7.75 2.5000009536743164
  endloop
endfacet
facet normal 0.0 0.0 0.0
  outer loop
    vertex 0.0 7.75 2.5000009536743164
    vertex 5.4666666984558105 7.75 2.5000009536743164
    vertex 0.0 7.722682952880859 2.759890556335449
  endloop
endfacet
facet normal 0.0 0.0 0.0
  outer loop
    vertex 0.0 7.722682952880859 2.759890556335449
    vertex 5.4666666984558105 7.75 2.5000009536743164
    vertex 5.4666666984558105 7.722682952880859 2.759890556335449
  endloop
endfacet
facet normal 0.0 0.0 0.0
  outer loop
    vertex 0.0 7.722682952880859 2.759890556335449
    vertex 5.4666666984558105 7.722682952880859 2.759890556335449
    vertex 0.0 7.641933441162109 3.0084218978881836
  endloop
endfacet
facet normal 0.0 0.0 0.0
  outer loop
    vertex 0.0 7.641933441162109 3.0084218978881836
    vertex 5.4666666984558105 7.722682952880859 2.759890556335449
    vertex 5.4666666984558105 7.641933441162109 3.0084218978881836
  endloop
endfacet
facet normal 0.0 0.0 0.0
  outer loop
    vertex 0.0 7.641933441162109 3.0084218978881836
    vertex 5.4666666984558105 7.641933441162109 3.0084218978881836
    vertex 0.0 7.511272430419922 3.2347326278686523
  endloop
endfacet
facet normal 0.0 0.0 0.0
  outer loop
    vertex 0.0 7.511272430419922 3.2347326278686523
    vertex 5.4666666984558105 7.641933441162109 3.0084218978881836
    vertex 5.4666666984558105 7.511272430419922 3.2347326278686523
  endloop
endfacet
facet normal 0.0 0.0 0.0
  outer loop
    vertex 0.0 7.511272430419922 3.2347326278686523
    vertex 5.4666666984558105 7.511272430419922 3.2347326278686523
    vertex 0.0 7.336414337158203 3.4289331436157227
  endloop
endfacet
facet normal 0.0 0.0 0.0
  outer loop
    vertex 0.0 7.336414337158203 3.4289331436157227
    vertex 5.4666666984558105 7.511272430419922 3.2347326278686523
    vertex 5.4666666984558105 7.336414337158203 3.4289331436157227
  endloop
endfacet
facet normal 0.0 0.0 0.0
  outer loop
    vertex 0.0 7.336414337158203 3.4289331436157227
    vertex 5.4666666984558105 7.336414337158203 3.4289331436157227
    vertex 0.0 7.125 3.582533836364746
  endloop
endfacet
facet normal 0.0 0.0 0.0
  outer loop
    vertex 0.0 7.125 3.582533836364746
    vertex 5.4666666984558105 7.336414337158203 3.4289331436157227
    vertex 5.4666666984558105 7.125 3.582533836364746
  endloop
endfacet
facet normal 0.0 0.0 0.0
  outer loop
    vertex 0.0 7.125 3.582533836364746
    vertex 5.4666666984558105 7.125 3.582533836364746
    vertex 0.0 6.886272430419922 3.6888227462768555
  endloop
endfacet
facet normal 0.0 0.0 0.0
  outer loop
    vertex 0.0 6.886272430419922 3.6888227462768555
    vertex 5.4666666984558105 7.125 3.582533836364746
    vertex 5.4666666984558105 6.886272430419922 3.6888227462768555
  endloop
endfacet
facet normal 0.0 0.0 0.0
  outer loop
    vertex 0.0 6.886272430419922 3.6888227462768555
    vertex 5.4666666984558105 6.886272430419922 3.6888227462768555
    vertex 0.0 6.6306610107421875 3.7431535720825195
  endloop
endfacet
facet normal 0.0 0.0 0.0
  outer loop
    vertex 0.0 6.6306610107421875 3.7431535720825195
    vertex 5.4666666984558105 6.886272430419922 3.6888227462768555
    vertex 5.4666666984558105 6.6306610107421875 3.7431535720825195
  endloop
endfacet
facet normal 0.0 0.0 0.0
  outer loop
    vertex 0.0 6.6306610107421875 3.7431535720825195
    vertex 5.4666666984558105 6.6306610107421875 3.7431535720825195
    vertex 0.0 6.3693389892578125 3.7431535720825195
  endloop
endfacet
facet normal 0.0 0.0 0.0
  outer loop
    vertex 0.0 6.3693389892578125 3.7431535720825195
    vertex 5.4666666984558105 6.6306610107421875 3.7431535720825195
    vertex 5.4666666984558105 6.3693389892578125 3.7431535720825195
  endloop
endfacet
facet normal 0.0 0.0 0.0
  outer loop
    vertex 0.0 6.3693389892578125 3.7431535720825195
    vertex 5.4666666984558105 6.3693389892578125 3.7431535720825195
    vertex 0.0 6.113727569580078 3.6888227462768555
  endloop
endfacet
facet normal 0.0 0.0 0.0
  outer loop
    vertex 0.0 6.113727569580078 3.6888227462768555
    vertex 5.4666666984558105 6.3693389892578125 3.7431535720825195
    vertex 5.4666666984558105 6.113727569580078 3.6888227462768555
  endloop
endfacet
facet normal 0.0 0.0 0.0
  outer loop
    vertex 0.0 6.113727569580078 3.6888227462768555
    vertex 5.4666666984558105 6.113727569580078 3.6888227462768555
    vertex 0.0 5.875000476837158 3.582533836364746
  endloop
endfacet
facet normal 0.0 0.0 0.0
  outer loop
    vertex 0.0 5.875000476837158 3.582533836364746
    vertex 5.4666666984558105 6.113727569580078 3.6888227462768555
    vertex 5.4666666984558105 5.875000476837158 3.582533836364746
  endloop
endfacet
facet normal 0.0 0.0 0.0
  outer loop
    vertex 0.0 5.875000476837158 3.582533836364746
    vertex 5.4666666984558105 5.875000476837158 3.582533836364746
    vertex 0.0 5.663586139678955 3.4289331436157227
  endloop
endfacet
facet normal 0.0 0.0 0.0
  outer loop
    vertex 0.0 5.663586139678955 3.4289331436157227
    vertex 5.4666666984558105 5.875000476837158 3.582533836364746
    vertex 5.4666666984558105 5.663586139678955 3.4289331436157227
  endloop
endfacet
facet normal 0.0 0.0 0.0
  outer loop
    vertex 0.0 5.663586139678955 3.4289331436157227
    vertex 5.4666666984558105 5.663586139678955 3.4289331436157227
    vertex 0.0 5.488728046417236 3.2347326278686523
  endloop
endfacet
facet normal 0.0 0.0 0.0
  outer loop
    vertex 0.0 5.488728046417236 3.2347326278686523
    vertex 5.4666666984558105 5.663586139678955 3.4289331436157227
    vertex 5.4666666984558105 5.488728046417236 3.2347326278686523
  endloop
endfacet
facet normal 0.0 0.0 0.0
  outer loop
    vertex 0.0 5.488728046417236 3.2347326278686523
    vertex 5.4666666984558105 5.488728046417236 3.2347326278686523
    vertex 0.0 5.358067035675049 3.0084218978881836
  endloop
endfacet
facet normal 0.0 0.0 0.0
  outer loop
    vertex 0.0 5.358067035675049 3.0084218978881836
    vertex 5.4666666984558105 5.488728046417236 3.2347326278686523
    vertex 5.4666666984558105 5.358067035675049 3.0084218978881836
  endloop
endfacet
facet normal 0.0 0.0 0.0
  outer loop
    vertex 0.0 5.358067035675049 3.0084218978881836
    vertex 5.4666666984558105 5.358067035675049 3.0084218978881836
    vertex 0.0 5.277317523956299 2.759890556335449
  endloop
endfacet
facet normal 0.0 0.0 0.0
  outer loop
    vertex 0.0 5.277317523956299 2.759890556335449
    vertex 5.4666666984558105 5.358067035675049 3.0084218978881836
    vertex 5.4666666984558105 5.277317523956299 2.759890556335449
  endloop
endfacet
facet normal 0.0 0.0 0.0
  outer loop
    vertex 0.0 5.277317523956299 2.759890556335449
    vertex 5.4666666984558105 5.277317523956299 2.759890556335449
    vertex 0.0 5.250000476837158 2.5000009536743164
  endloop
endfacet
facet normal 0.0 0.0 0.0
  outer loop
    vertex 0.0 5.250000476837158 2.5000009536743164
    vertex 5.4666666984558105 5.277317523956299 2.759890556335449
    vertex 5.4666666984558105 5.250000476837158 2.5000009536743164
  endloop
endfacet
facet normal 0.0 0.0 0.0
  outer loop
    vertex 0.0 5.250000476837158 2.5000009536743164
    vertex 5.4666666984558105 5.250000476837158 2.5000009536743164
    vertex 0.0 5.277317523956299 2.2401113510131836
  endloop
endfacet
facet normal 0.0 0.0 0.0
  outer loop
    vertex 0.0 5.277317523956299 2.2401113510131836
    vertex 5.4666666984558105 5.250000476837158 2.5000009536743164
    vertex 5.4666666984558105 5.277317523956299 2.2401113510131836
  endloop
endfacet
facet normal 0.0 0.0 0.0
  outer loop
    vertex 0.0 5.277317523956299 2.2401113510131836
    vertex 5.4666666984558105 5.277317523956299 2.2401113510131836
    vertex 0.0 5.358067512512207 1.9915800094604492
  endloop
endfacet
facet normal 0.0 0.0 0.0
  outer loop
    vertex 0.0 5.358067512512207 1.9915800094604492
    vertex 5.4666666984558105 5.277317523956299 2.2401113510131836
    vertex 5.4666666984558105 5.358067512512207 1.9915800094604492
  endloop
endfacet
facet normal 0.0 0.0 0.0
  outer loop
    vertex 0.0 5.358067512512207 1.9915800094604492
    vertex 5.4666666984558105 5.358067512512207 1.9915800094604492
    vertex 0.0 5.4887285232543945 1.7652692794799805
  endloop
endfacet
facet normal 0.0 0.0 0.0
  outer loop
    vertex 0.0 5.4887285232543945 1.7652692794799805
    vertex 5.4666666984558105 5.358067512512207 1.9915800094604492
    vertex 5.4666666984558105 5.4887285232543945 1.7652692794799805
  endloop
endfacet
facet normal 0.0 0.0 0.0
  outer loop
    vertex 0.0 5.4887285232543945 1.7652692794799805
    vertex 5.4666666984558105 5.4887285232543945 1.7652692794799805
    vertex 0.0 5.663586616516113 1.571070671081543
  endloop
endfacet
facet normal 0.0 0.0 0.0
  outer loop
    vertex 0.0 5.663586616516113 1.571070671081543
    vertex 5.4666666984558105 5.4887285232543945 1.7652692794799805
    vertex 5.4666666984558105 5.663586616516113 1.571070671081543
  endloop
endfacet
facet normal 0.0 0.0 0.0
  outer loop
    vertex 0.0 5.663586616516113 1.571070671081543
    vertex 5.4666666984558105 5.663586616516113 1.571070671081543
    vertex 0.0 5.875000953674316 1.4174699783325195
  endloop
endfacet
facet normal 0.0 0.0 0.0
  outer loop
    vertex 0.0 5.875000953674316 1.4174699783325195
    vertex 5.4666666984558105 5.663586616516113 1.571070671081543
    vertex 5.4666666984558105 5.875000953674316 1.4174699783325195
  endloop
endfacet
facet normal 0.0 0.0 0.0
  outer loop
    vertex 0.0 5.875000953674316 1.4174699783325195
    vertex 5.4666666984558105 5.875000953674316 1.4174699783325195
    vertex 0.0 6.113728046417236 1.3111810684204102
  endloop
endfacet
facet normal 0.0 0.0 0.0
  outer loop
    vertex 0.0 6.113728046417236 1.3111810684204102
    vertex 5.4666666984558105 5.875000953674316 1.4174699783325195
    vertex 5.4666666984558105 6.113728046417236 1.3111810684204102
  endloop
endfacet
facet normal 0.0 0.0 0.0
  outer loop
    vertex 0.0 6.113728046417236 1.3111810684204102
    vertex 5.4666666984558105 6.113728046417236 1.3111810684204102
    vertex 0.0 6.369339466094971 1.256850242614746
  endloop
endfacet
facet normal 0.0 0.0 0.0
  outer loop
    vertex 0.0 6.369339466094971 1.256850242614746
    vertex 5.4666666984558105 6.113728046417236 1.3111810684204102
    vertex 5.4666666984558105 6.369339466094971 1.256850242614746
  endloop
endfacet
facet normal 0.0 0.0 0.0
  outer loop
    vertex 0.0 6.369339466094971 1.256850242614746
    vertex 5.4666666984558105 6.369339466094971 1.256850242614746
    vertex 0.0 6.630661487579346 1.256850242614746
  endloop
endfacet
facet normal 0.0 0.0 0.0
  outer loop
    vertex 0.0 6.630661487579346 1.256850242614746
    vertex 5.4666666984558105 6.369339466094971 1.256850242614746
    vertex 5.4666666984558105 6.630661487579346 1.256850242614746
  endloop
endfacet
facet normal 0.0 0.0 0.0
  outer loop
    vertex 0.0 6.630661487579346 1.256850242614746
    vertex 5.4666666984558105 6.630661487579346 1.256850242614746
    vertex 0.0 6.88627290725708 1.3111810684204102
  endloop
endfacet
facet normal 0.0 0.0 0.0
  outer loop
    vertex 0.0 6.88627290725708 1.3111810684204102
    vertex 5.4666666984558105 6.630661487579346 1.256850242614746
    vertex 5.4666666984558105 6.88627290725708 1.3111810684204102
  endloop
endfacet
facet normal 0.0 0.0 0.0
  outer loop
    vertex 0.0 6.88627290725708 1.3111810684204102
    vertex 5.4666666984558105 6.88627290725708 1.3111810684204102
    vertex 0.0 7.125000476837158 1.4174699783325195
  endloop
endfacet
facet normal 0.0 0.0 0.0
  outer loop
    vertex 0.0 7.125000476837158 1.4174699783325195
    vertex 5.4666666984558105 6.88627290725708 1.3111810684204102
    vertex 5.4666666984558105 7.125000476837158 1.4174699783325195
  endloop
endfacet
facet normal 0.0 0.0 0.0
  outer loop
    vertex 0.0 7.125000476837158 1.4174699783325195
    vertex 5.4666666984558105 7.125000476837158 1.4174699783325195
    vertex 0.0 7.336414813995361 1.571070671081543
  endloop
endfacet
facet normal 0.0 0.0 0.0
  outer loop
    vertex 0.0 7.336414813995361 1.571070671081543
    vertex 5.4666666984558105 7.125000476837158 1.4174699783325195
    vertex 5.4666666984558105 7.336414813995361 1.571070671081543
  endloop
endfacet
facet normal 0.0 0.0 0.0
  outer loop
    vertex 0.0 7.336414813995361 1.571070671081543
    vertex 5.4666666984558105 7.336414813995361 1.571070671081543
    vertex 0.0 7.51127290725708 1.7652692794799805
  endloop
endfacet
facet normal 0.0 0.0 0.0
  outer loop
    vertex 0.0 7.51127290725708 1.7652692794799805
    vertex 5.4666666984558105 7.336414813995361 1.571070671081543
    vertex 5.4666666984558105 7.51127290725708 1.7652692794799805
  endloop
endfacet
facet normal 0.0 0.0 0.0
  outer loop
    vertex 0.0 7.51127290725708 1.7652692794799805
    vertex 5.4666666984558105 7.51127290725708 1.7652692794799805
    vertex 0.0 7.641933917999268 1.9915800094604492
  endloop
endfacet
facet normal 0.0 0.0 0.0
  outer loop
    vertex 0.0 7.641933917999268 1.9915800094604492
    vertex 5.4666666984558105 7.51127290725708 1.7652692794799805
    vertex 5.4666666984558105 7.641933917999268 1.9915800094604492
  endloop
endfacet
facet normal 0.0 0.0 0.0
  outer loop
    vertex 0.0 7.641933917999268 1.9915800094604492
    vertex 5.4666666984558105 7.641933917999268 1.9915800094604492
    vertex 0.0 7.722682952880859 2.2401113510131836
  endloop
endfacet
facet normal 0.0 0.0 0.0
  outer loop
    vertex 0.0 7.722682952880859 2.2401113510131836
    vertex 5.4666666984558105 7.641933917999268 1.9915800094604492
    vertex 5.4666666984558105 7.722682952880859 2.2401113510131836
  endloop
endfacet
facet normal 0.0 0.0 0.0
  outer loop
    vertex 0.0 7.722682952880859 2.2401113510131836
    vertex 5.4666666984558105 7.722682952880859 2.2401113510131836
    vertex 0.0 7.75 2.5000009536743164
  endloop
endfacet
facet normal 0.0 0.0 0.0
  outer loop
    vertex 0.0 7.75 2.5000009536743164
    vertex 5.4666666984558105 7.722682952880859 2.2401113510131836
    vertex 5.4666666984558105 7.75 2.5000009536743164
  endloop
endfacet
facet normal 0.0 0.0 0.0
  outer loop
    vertex 5.4666666984558105 7.75 2.5000009536743164
    vertex 10.933333396911621 7.75 2.5000009536743164
    vertex 5.4666666984558105 7.722682952880859 2.759890556335449
  endloop
endfacet
facet normal 0.0 0.0 0.0
  outer loop
    vertex 5.4666666984558105 7.722682952880859 2.759890556335449
    vertex 10.933333396911621 7.75 2.5000009536743164
    vertex 10.933333396911621 7.722682952880859 2.759890556335449
  endloop
endfacet
facet normal 0.0 0.0 0.0
  outer loop
    vertex 5.4666666984558105 7.722682952880859 2.759890556335449
    vertex 10.933333396911621 7.722682952880859 2.759890556335449
    vertex 5.4666666984558105 7.641933441162109 3.0084218978881836
  endloop
endfacet
facet normal 0.0 0.0 0.0
  outer loop
    vertex 5.4666666984558105 7.641933441162109 3.0084218978881836
    vertex 10.933333396911621 7.722682952880859 2.759890556335449
    vertex 10.933333396911621 7.641933441162109 3.0084218978881836
  endloop
endfacet
facet normal 0.0 0.0 0.0
  outer loop
    vertex 5.4666666984558105 7.641933441162109 3.0084218978881836
    vertex 10.933333396911621 7.641933441162109 3.0084218978881836
    vertex 5.4666666984558105 7.511272430419922 3.2347326278686523
  endloop
endfacet
facet normal 0.0 0.0 0.0
  outer loop
    vertex 5.4666666984558105 7.511272430419922 3.2347326278686523
    vertex 10.933333396911621 7.641933441162109 3.0084218978881836
    vertex 10.933333396911621 7.511272430419922 3.2347326278686523
  endloop
endfacet
facet normal 0.0 0.0 0.0
  outer loop
    vertex 5.4666666984558105 7.511272430419922 3.2347326278686523
    vertex 10.933333396911621 7.511272430419922 3.2347326278686523
    vertex 5.4666666984558105 7.336414337158203 3.4289331436157227
  endloop
endfacet
facet normal 0.0 0.0 0.0
  outer loop
    vertex 5.4666666984558105 7.336414337158203 3.4289331436157227
    vertex 10.933333396911621 7.511272430419922 3.2347326278686523
    vertex 10.933333396911621 7.336414337158203 3.4289331436157227
  endloop
endfacet
facet normal 0.0 0.0 0.0
  outer loop
    vertex 5.4666666984558105 7.336414337158203 3.4289331436157227
    vertex 10.933333396911621 7.336414337158203 3.4289331436157227
    vertex 5.4666666984558105 7.125 3.582533836364746
  endloop
endfacet
facet normal 0.0 0.0 0.0
  outer loop
    vertex 5.4666666984558105 7.125 3.582533836364746
    vertex 10.933333396911621 7.336414337158203 3.4289331436157227
    vertex 10.933333396911621 7.125 3.582533836364746
  endloop
endfacet
facet normal 0.0 0.0 0.0
  outer loop
    vertex 5.4666666984558105 7.125 3.582533836364746
    vertex 10.933333396911621 7.125 3.582533836364746
    vertex 5.4666666984558105 6.886272430419922 3.6888227462768555
  endloop
endfacet
facet normal 0.0 0.0 0.0
  outer loop
    vertex 5.4666666984558105 6.886272430419922 3.6888227462768555
    vertex 10.933333396911621 7.125 3.582533836364746
    vertex 10.933333396911621 6.886272430419922 3.6888227462768555
  endloop
endfacet
facet normal 0.0 0.0 0.0
  outer loop
    vertex 5.4666666984558105 6.886272430419922 3.6888227462768555
    vertex 10.933333396911621 6.886272430419922 3.6888227462768555
    vertex 5.4666666984558105 6.6306610107421875 3.7431535720825195
  endloop
endfacet
facet normal 0.0 0.0 0.0
  outer loop
    vertex 5.4666666984558105 6.6306610107421875 3.7431535720825195
    vertex 10.933333396911621 6.886272430419922 3.6888227462768555
    vertex 10.933333396911621 6.6306610107421875 3.7431535720825195
  endloop
endfacet
facet normal 0.0 0.0 0.0
  outer loop
    vertex 5.4666666984558105 6.6306610107421875 3.7431535720825195
    vertex 10.933333396911621 6.6306610107421875 3.7431535720825195
    vertex 5.4666666984558105 6.3693389892578125 3.7431535720825195
  endloop
endfacet
facet normal 0.0 0.0 0.0
  outer loop
    vertex 5.4666666984558105 6.3693389892578125 3.7431535720825195
    vertex 10.933333396911621 6.6306610107421875 3.7431535720825195
    vertex 10.933333396911621 6.3693389892578125 3.7431535720825195
  endloop
endfacet
facet normal 0.0 0.0 0.0
  outer loop
    vertex 5.4666666984558105 6.3693389892578125 3.7431535720825195
    vertex 10.933333396911621 6.3693389892578125 3.7431535720825195
    vertex 5.4666666984558105 6.113727569580078 3.6888227462768555
  endloop
endfacet
facet normal 0.0 0.0 0.0
  outer loop
    vertex 5.4666666984558105 6.113727569580078 3.6888227462768555
    vertex 10.933333396911621 6.3693389892578125 3.7431535720825195
    vertex 10.933333396911621 6.113727569580078 3.6888227462768555
  endloop
endfacet
facet normal 0.0 0.0 0.0
  outer loop
    vertex 5.4666666984558105 6.113727569580078 3.6888227462768555
    vertex 10.933333396911621 6.113727569580078 3.6888227462768555
    vertex 5.4666666984558105 5.875000476837158 3.582533836364746
  endloop
endfacet
facet normal 0.0 0.0 0.0
  outer loop
    vertex 5.4666666984558105 5.875000476837158 3.582533836364746
    vertex 10.933333396911621 6.113727569580078 3.6888227462768555
    vertex 10.933333396911621 5.875000476837158 3.582533836364746
  endloop
endfacet
facet normal 0.0 0.0 0.0
  outer loop
    vertex 5.4666666984558105 5.875000476837158 3.582533836364746
    vertex 10.933333396911621 5.875000476837158 3.582533836364746
    vertex 5.4666666984558105 5.663586139678955 3.4289331436157227
  endloop
endfacet
facet normal 0.0 0.0 0.0
  outer loop
    vertex 5.4666666984558105 5.663586139678955 3.4289331436157227
    vertex 10.933333396911621 5.875000476837158 3.582533836364746
    vertex 10.933333396911621 5.663586139678955 3.4289331436157227
  endloop
endfacet
facet normal 0.0 0.0 0.0
  outer loop
    vertex 5.4666666984558105 5.663586139678955 3.4289331436157227
    vertex 10.933333396911621 5.663586139678955 3.4289331436157227
    vertex 5.4666666984558105 5.488728046417236 3.2347326278686523
  endloop
endfacet
facet normal 0.0 0.0 0.0
  outer loop
    vertex 5.4666666984558105 5.488728046417236 3.2347326278686523
    vertex 10.933333396911621 5.663586139678955 3.4289331436157227
    vertex 10.933333396911621 5.488728046417236 3.2347326278686523
  endloop
endfacet
facet normal 0.0 0.0 0.0
  outer loop
    vertex 5.4666666984558105 5.488728046417236 3.2347326278686523
    vertex 10.933333396911621 5.488728046417236 3.2347326278686523
    vertex 5.4666666984558105 5.358067035675049 3.0084218978881836
  endloop
endfacet
facet normal 0.0 0.0 0.0
  outer loop
    vertex 5.4666666984558105 5.358067035675049 3.0084218978881836
    vertex 10.933333396911621 5.488728046417236 3.2347326278686523
    vertex 10.933333396911621 5.358067035675049 3.0084218978881836
  endloop
endfacet
facet normal 0.0 0.0 0.0
  outer loop
    vertex 5.4666666984558105 5.358067035675049 3.0084218978881836
    vertex 10.933333396911621 5.358067035675049 3.0084218978881836
    vertex 5.4666666984558105 5.277317523956299 2.759890556335449
  endloop
endfacet
facet normal 0.0 0.0 0.0
  outer loop
    vertex 5.4666666984558105 5.277317523956299 2.759890556335449
    vertex 10.933333396911621 5.358067035675049 3.0084218978881836
    vertex 10.933333396911621 5.277317523956299 2.759890556335449
  endloop
endfacet
facet normal 0.0 0.0 0.0
  outer loop
    vertex 5.4666666984558105 5.277317523956299 2.759890556335449
    vertex 10.933333396911621 5.277317523956299 2.759890556335449
    vertex 5.4666666984558105 5.250000476837158 2.5000009536743164
  endloop
endfacet
facet normal 0.0 0.0 0.0
  outer loop
    vertex 5.4666666984558105 5.250000476837158 2.5000009536743164
    vertex 10.933333396911621 5.277317523956299 2.759890556335449
    vertex 10.933333396911621 5.250000476837158 2.5000009536743164
  endloop
endfacet
facet normal 0.0 0.0 0.0
  outer loop
    vertex 5.4666666984558105 5.250000476837158 2.5000009536743164
    vertex 10.933333396911621 5.250000476837158 2.5000009536743164
    vertex 5.4666666984558105 5.277317523956299 2.2401113510131836
  endloop
endfacet
facet normal 0.0 0.0 0.0
  outer loop
    vertex 5.4666666984558105 5.277317523956299 2.2401113510131836
    vertex 10.933333396911621 5.250000476837158 2.5000009536743164
    vertex 10.933333396911621 5.277317523956299 2.2401113510131836
  endloop
endfacet
facet normal 0.0 0.0 0.0
  outer loop
    vertex 5.4666666984558105 5.277317523956299 2.2401113510131836
    vertex 10.933333396911621 5.277317523956299 2.2401113510131836
    vertex 5.4666666984558105 5.358067512512207 1.9915800094604492
  endloop
endfacet
facet normal 0.0 0.0 0.0
  outer loop
    vertex 5.4666666984558105 5.358067512512207 1.9915800094604492
    vertex 10.933333396911621 5.277317523956299 2.2401113510131836
    vertex 10.933333396911621 5.358067512512207 1.9915800094604492
  endloop
endfacet
facet normal 0.0 0.0 0.0
  outer loop
    vertex 5.4666666984558105 5.358067512512207 1.9915800094604492
    vertex 10.933333396911621 5.358067512512207 1.9915800094604492
    vertex 5.4666666984558105 5.4887285232543945 1.7652692794799805
  endloop
endfacet
facet normal 0.0 0.0 0.0
  outer loop
    vertex 5.4666666984558105 5.4887285232543945 1.7652692794799805
    vertex 10.933333396911621 5.358067512512207 1.9915800094604492
    vertex 10.933333396911621 5.4887285232543945 1.7652692794799805
  endloop
endfacet
facet normal 0.0 0.0 0.0
  outer loop
    vertex 5.4666666984558105 5.4887285232543945 1.7652692794799805
    vertex 10.933333396911621 5.4887285232543945 1.7652692794799805
    vertex 5.4666666984558105 5.663586616516113 1.571070671081543
  endloop
endfacet
facet normal 0.0 0.0 0.0
  outer loop
    vertex 5.4666666984558105 5.663586616516113 1.571070671081543
    vertex 10.933333396911621 5.4887285232543945 1.7652692794799805
    vertex 10.933333396911621 5.663586616516113 1.571070671081543
  endloop
endfacet
facet normal 0.0 0.0 0.0
  outer loop
    vertex 5.4666666984558105 5.663586616516113 1.571070671081543
    vertex 10.933333396911621 5.663586616516113 1.571070671081543
    vertex 5.4666666984558105 5.875000953674316 1.4174699783325195
  endloop
endfacet
facet normal 0.0 0.0 0.0
  outer loop
    vertex 5.4666666984558105 5.875000953674316 1.4174699783325195
    vertex 10.933333396911621 5.663586616516113 1.571070671081543
    vertex 10.933333396911621 5.875000953674316 1.4174699783325195
  endloop
endfacet
facet normal 0.0 0.0 0.0
  outer loop
    vertex 5.4666666984558105 5.875000953674316 1.4174699783325195
    vertex 10.933333396911621 5.875000953674316 1.4174699783325195
    vertex 5.4666666984558105 6.113728046417236 1.3111810684204102
  endloop
endfacet
facet normal 0.0 0.0 0.0
  outer loop
    vertex 5.4666666984558105 6.113728046417236 1.3111810684204102
    vertex 10.933333396911621 5.875000953674316 1.4174699783325195
    vertex 10.933333396911621 6.113728046417236 1.3111810684204102
  endloop
endfacet
facet normal 0.0 0.0 0.0
  outer loop
    vertex 5.4666666984558105 6.113728046417236 1.3111810684204102
    vertex 10.933333396911621 6.113728046417236 1.3111810684204102
    vertex 5.4666666984558105 6.369339466094971 1.256850242614746
  endloop
endfacet
facet normal 0.0 0.0 0.0
  outer loop
    vertex 5.4666666984558105 6.369339466094971 1.256850242614746
    vertex 10.933333396911621 6.113728046417236 1.3111810684204102
    vertex 10.933333396911621 6.369339466094971 1.256850242614746
  endloop
endfacet
facet normal 0.0 0.0 0.0
  outer loop
    vertex 5.4666666984558105 6.369339466094971 1.256850242614746
    vertex 10.933333396911621 6.369339466094971 1.256850242614746
    vertex 5.4666666984558105 6.630661487579346 1.256850242614746
  endloop
endfacet
facet normal 0.0 0.0 0.0
  outer loop
    vertex 5.4666666984558105 6.630661487579346 1.256850242614746
    vertex 10.933333396911621 6.369339466094971 1.256850242614746
    vertex 10.933333396911621 6.630661487579346 1.256850242614746
  endloop
endfacet
facet normal 0.0 0.0 0.0
  outer loop
    vertex 5.4666666984558105 6.630661487579346 1.256850242614746
    vertex 10.933333396911621 6.630661487579346 1.256850242614746
    vertex 5.4666666984558105 6.88627290725708 1.3111810684204102
  endloop
endfacet
facet normal 0.0 0.0 0.0
  outer loop
    vertex 5.4666666984558105 6.88627290725708 1.3111810684204102
    vertex 10.933333396911621 6.630661487579346 1.256850242614746
    vertex 10.933333396911621 6.88627290725708 1.3111810684204102
  endloop
endfacet
facet normal 0.0 0.0 0.0
  outer loop
    vertex 5.4666666984558105 6.88627290725708 1.3111810684204102
    vertex 10.933333396911621 6.88627290725708 1.3111810684204102
    vertex 5.4666666984558105 7.125000476837158 1.4174699783325195
  endloop
endfacet
facet normal 0.0 0.0 0.0
  outer loop
    vertex 5.4666666984558105 7.125000476837158 1.4174699783325195
    vertex 10.933333396911621 6.88627290725708 1.3111810684204102
    vertex 10.933333396911621 7.125000476837158 1.4174699783325195
  endloop
endfacet
facet normal 0.0 0.0 0.0
  outer loop
    vertex 5.4666666984558105 7.125000476837158 1.4174699783325195
    vertex 10.933333396911621 7.125000476837158 1.4174699783325195
    vertex 5.4666666984558105 7.336414813995361 1.571070671081543
  endloop
endfacet
facet normal 0.0 0.0 0.0
  outer loop
    vertex 5.4666666984558105 7.336414813995361 1.571070671081543
    vertex 10.933333396911621 7.125000476837158 1.4174699783325195
    vertex 10.933333396911621 7.336414813995361 1.571070671081543
  endloop
endfacet
facet normal 0.0 0.0 0.0
  outer loop
    vertex 5.4666666984558105 7.336414813995361 1.571070671081543
    vertex 10.933333396911621 7.336414813995361 1.571070671081543
    vertex 5.4666666984558105 7.51127290725708 1.7652692794799805
  endloop
endfacet
facet normal 0.0 0.0 0.0
  outer loop
    vertex 5.4666666984558105 7.51127290725708 1.7652692794799805
    vertex 10.933333396911621 7.336414813995361 1.571070671081543
    vertex 10.933333396911621 7.51127290725708 1.7652692794799805
  endloop
endfacet
facet normal 0.0 0.0 0.0
  outer loop
    vertex 5.4666666984558105 7.51127290725708 1.7652692794799805
    vertex 10.933333396911621 7.51127290725708 1.7652692794799805
    vertex 5.4666666984558105 7.641933917999268 1.9915800094604492
  endloop
endfacet
facet normal 0.0 0.0 0.0
  outer loop
    vertex 5.4666666984558105 7.641933917999268 1.9915800094604492
    vertex 10.933333396911621 7.51127290725708 1.7652692794799805
    vertex 10.933333396911621 7.641933917999268 1.9915800094604492
  endloop
endfacet
facet normal 0.0 0.0 0.0
  outer loop
    vertex 5.4666666984558105 7.641933917999268 1.9915800094604492
    vertex 10.933333396911621 7.641933917999268 1.9915800094604492
    vertex 5.4666666984558105 7.722682952880859 2.2401113510131836
  endloop
endfacet
facet normal 0.0 0.0 0.0
  outer loop
    vertex 5.4666666984558105 7.722682952880859 2.2401113510131836
    vertex 10.933333396911621 7.641933917999268 1.9915800094604492
    vertex 10.933333396911621 7.722682952880859 2.2401113510131836
  endloop
endfacet
facet normal 0.0 0.0 0.0
  outer loop
    vertex 5.4666666984558105 7.722682952880859 2.2401113510131836
    vertex 10.933333396911621 7.722682952880859 2.2401113510131836
    vertex 5.4666666984558105 7.75 2.5000009536743164
  endloop
endfacet
facet normal 0.0 0.0 0.0
  outer loop
    vertex 5.4666666984558105 7.75 2.5000009536743164
    vertex 10.933333396911621 7.722682952880859 2.2401113510131836
    vertex 10.933333396911621 7.75 2.5000009536743164
  endloop
endfacet
facet normal 0.0 0.0 0.0
  outer loop
    vertex 16.399999618530273 -8.999998092651367 2.9999990463256836
    vertex 10.699999809265137 -8.999998092651367 5.499998092651367
    vertex -16.399999618530273 -8.999998092651367 2.9999990463256836
  endloop
endfacet
facet normal 0.0 0.0 0.0
  outer loop
    vertex -16.399999618530273 -8.999998092651367 2.9999990463256836
    vertex 10.699999809265137 -8.999998092651367 5.499998092651367
    vertex -10.699999809265137 -8.999998092651367 5.499998092651367
  endloop
endfacet
facet normal 0.0 0.0 0.0
  outer loop
    vertex -16.399999618530273 -8.999998092651367 2.9999990463256836
    vertex -10.699999809265137 -8.999998092651367 5.499998092651367
    vertex -16.399999618530273 -8.999999046325684 13.19999885559082
  endloop
endfacet
facet normal 0.0 0.0 0.0
  outer loop
    vertex -16.399999618530273 -8.999999046325684 13.19999885559082
    vertex -10.699999809265137 -8.999998092651367 5.499998092651367
    vertex -10.699999809265137 -8.999999046325684 13.19999885559082
  endloop
endfacet
facet normal 0.0 0.0 0.0
  outer loop
    vertex 16.399999618530273 -8.999998092651367 2.9999990463256836
    vertex 16.399999618530273 -8.999999046325684 13.19999885559082
    vertex 10.699999809265137 -8.999998092651367 5.499998092651367
  endloop
endfacet
facet normal 0.0 0.0 0.0
  outer loop
    vertex 10.699999809265137 -8.999998092651367 5.499998092651367
    vertex 16.399999618530273 -8.999999046325684 13.19999885559082
    vertex 10.699999809265137 -8.999999046325684 13.19999885559082
  endloop
endfacet
facet normal 0.0 0.0 0.0
  outer loop
    vertex 16.399999618530273 -8.974332809448242 2.6084203720092773
    vertex 16.399999618530273 -7.722682952880859 2.7598886489868164
    vertex 16.399999618530273 -8.999998092651367 2.9999990463256836
  endloop
endfacet
facet normal 0.0 0.0 0.0
  outer loop
    vertex 16.399999618530273 -8.999998092651367 2.9999990463256836
    vertex 16.399999618530273 -7.722682952880859 2.7598886489868164
    vertex 16.399999618530273 -7.641929626464844 3.008419990539551
  endloop
endfacet
facet normal 0.0 0.0 0.0
  outer loop
    vertex 16.399999618530273 -8.999998092651367 2.9999990463256836
    vertex 16.399999618530273 -7.641929626464844 3.008419990539551
    vertex 16.399999618530273 -7.511268615722656 3.2347307205200195
  endloop
endfacet
facet normal 0.0 0.0 0.0
  outer loop
    vertex 16.399999618530273 -7.722682952880859 2.7598886489868164
    vertex 16.399999618530273 -8.974332809448242 2.6084203720092773
    vertex 16.399999618530273 -7.749998092651367 2.4999990463256836
  endloop
endfacet
facet normal 0.0 0.0 0.0
  outer loop
    vertex 16.399999618530273 -7.749998092651367 2.4999990463256836
    vertex 16.399999618530273 -8.974332809448242 2.6084203720092773
    vertex 16.399999618530273 -8.897775650024414 2.2235422134399414
  endloop
endfacet
facet normal 0.0 0.0 0.0
  outer loop
    vertex 16.399999618530273 -7.749998092651367 2.4999990463256836
    vertex 16.399999618530273 -8.897775650024414 2.2235422134399414
    vertex 16.399999618530273 -8.771636962890625 1.8519487380981445
  endloop
endfacet
facet normal 0.0 0.0 0.0
  outer loop
    vertex 16.399999618530273 -7.749998092651367 2.4999990463256836
    vertex 16.399999618530273 -8.771636962890625 1.8519487380981445
    vertex 16.399999618530273 -7.722682952880859 2.240109443664551
  endloop
endfacet
facet normal 0.0 0.0 0.0
  outer loop
    vertex 16.399999618530273 -7.722682952880859 2.240109443664551
    vertex 16.399999618530273 -8.771636962890625 1.8519487380981445
    vertex 16.399999618530273 -8.598073959350586 1.4999990463256836
  endloop
endfacet
facet normal 0.0 0.0 0.0
  outer loop
    vertex 16.399999618530273 -7.722682952880859 2.240109443664551
    vertex 16.399999618530273 -8.598073959350586 1.4999990463256836
    vertex 16.399999618530273 -7.6419291496276855 1.9915781021118164
  endloop
endfacet
facet normal 0.0 0.0 0.0
  outer loop
    vertex 16.399999618530273 -7.6419291496276855 1.9915781021118164
    vertex 16.399999618530273 -8.598073959350586 1.4999990463256836
    vertex 16.399999618530273 -8.380058288574219 1.1737146377563477
  endloop
endfacet
facet normal 0.0 0.0 0.0
  outer loop
    vertex 16.399999618530273 -7.6419291496276855 1.9915781021118164
    vertex 16.399999618530273 -8.380058288574219 1.1737146377563477
    vertex 16.399999618530273 -7.511268138885498 1.7652673721313477
  endloop
endfacet
facet normal 0.0 0.0 0.0
  outer loop
    vertex 16.399999618530273 -7.511268138885498 1.7652673721313477
    vertex 16.399999618530273 -8.380058288574219 1.1737146377563477
    vertex 16.399999618530273 -8.121318817138672 0.8786802291870117
  endloop
endfacet
facet normal 0.0 0.0 0.0
  outer loop
    vertex 16.399999618530273 -7.511268138885498 1.7652673721313477
    vertex 16.399999618530273 -8.121318817138672 0.8786802291870117
    vertex 16.399999618530273 -7.336410045623779 1.5710687637329102
  endloop
endfacet
facet normal 0.0 0.0 0.0
  outer loop
    vertex 16.399999618530273 -7.336410045623779 1.5710687637329102
    vertex 16.399999618530273 -8.121318817138672 0.8786802291870117
    vertex 16.399999618530273 -7.826282024383545 0.619938850402832
  endloop
endfacet
facet normal 0.0 0.0 0.0
  outer loop
    vertex 16.399999618530273 -7.336410045623779 1.5710687637329102
    vertex 16.399999618530273 -7.826282024383545 0.619938850402832
    vertex 16.399999618530273 -7.124997615814209 1.4174680709838867
  endloop
endfacet
facet normal 0.0 0.0 0.0
  outer loop
    vertex 16.399999618530273 -7.124997615814209 1.4174680709838867
    vertex 16.399999618530273 -7.826282024383545 0.619938850402832
    vertex 16.399999618530273 -7.499997615814209 0.40192317962646484
  endloop
endfacet
facet normal 0.0 0.0 0.0
  outer loop
    vertex 16.399999618530273 -7.124997615814209 1.4174680709838867
    vertex 16.399999618530273 -7.499997615814209 0.40192317962646484
    vertex 16.399999618530273 -6.886268138885498 1.3111791610717773
  endloop
endfacet
facet normal 0.0 0.0 0.0
  outer loop
    vertex 16.399999618530273 -6.886268138885498 1.3111791610717773
    vertex 16.399999618530273 -7.499997615814209 0.40192317962646484
    vertex 16.399999618530273 -7.148047924041748 0.2283620834350586
  endloop
endfacet
facet normal 0.0 0.0 0.0
  outer loop
    vertex 16.399999618530273 -6.886268138885498 1.3111791610717773
    vertex 16.399999618530273 -7.148047924041748 0.2283620834350586
    vertex 16.399999618530273 -6.776456356048584 0.10222148895263672
  endloop
endfacet
facet normal 0.0 0.0 0.0
  outer loop
    vertex 16.399999618530273 -6.886268138885498 1.3111791610717773
    vertex 16.399999618530273 -6.776456356048584 0.10222148895263672
    vertex 16.399999618530273 -6.6306586265563965 1.2568483352661133
  endloop
endfacet
facet normal 0.0 0.0 0.0
  outer loop
    vertex 16.399999618530273 -6.6306586265563965 1.2568483352661133
    vertex 16.399999618530273 -6.776456356048584 0.10222148895263672
    vertex 16.399999618530273 -6.391576290130615 0.025664329528808594
  endloop
endfacet
facet normal 0.0 0.0 0.0
  outer loop
    vertex 16.399999618530273 -6.6306586265563965 1.2568483352661133
    vertex 16.399999618530273 -6.391576290130615 0.025664329528808594
    vertex 16.399999618530273 -6.3693366050720215 1.2568483352661133
  endloop
endfacet
facet normal 0.0 0.0 0.0
  outer loop
    vertex 16.399999618530273 -6.3693366050720215 1.2568483352661133
    vertex 16.399999618530273 -6.391576290130615 0.025664329528808594
    vertex 16.399999618530273 -5.999997615814209 -9.5367431640625e-07
  endloop
endfacet
facet normal 0.0 0.0 0.0
  outer loop
    vertex 16.399999618530273 -6.3693366050720215 1.2568483352661133
    vertex 16.399999618530273 -5.999997615814209 -9.5367431640625e-07
    vertex 16.399999618530273 -6.113725185394287 1.3111791610717773
  endloop
endfacet
facet normal 0.0 0.0 0.0
  outer loop
    vertex 16.399999618530273 -6.113725185394287 1.3111791610717773
    vertex 16.399999618530273 -5.999997615814209 -9.5367431640625e-07
    vertex 16.399999618530273 -5.874998092651367 1.4174680709838867
  endloop
endfacet
facet normal 0.0 0.0 0.0
  outer loop
    vertex 16.399999618530273 -5.874998092651367 1.4174680709838867
    vertex 16.399999618530273 -5.999997615814209 -9.5367431640625e-07
    vertex 16.399999618530273 -5.663583755493164 1.5710687637329102
  endloop
endfacet
facet normal 0.0 0.0 0.0
  outer loop
    vertex 16.399999618530273 -5.663583755493164 1.5710687637329102
    vertex 16.399999618530273 -5.999997615814209 -9.5367431640625e-07
    vertex 16.399999618530273 -5.488725662231445 1.7652673721313477
  endloop
endfacet
facet normal 0.0 0.0 0.0
  outer loop
    vertex 16.399999618530273 -5.488725662231445 1.7652673721313477
    vertex 16.399999618530273 -5.999997615814209 -9.5367431640625e-07
    vertex 16.399999618530273 -5.358064651489258 1.9915781021118164
  endloop
endfacet
facet normal 0.0 0.0 0.0
  outer loop
    vertex 16.399999618530273 -5.358064651489258 1.9915781021118164
    vertex 16.399999618530273 -5.999997615814209 -9.5367431640625e-07
    vertex 16.399999618530273 6.000000476837158 9.5367431640625e-07
  endloop
endfacet
facet normal 0.0 0.0 0.0
  outer loop
    vertex 16.399999618530273 -5.358064651489258 1.9915781021118164
    vertex 16.399999618530273 6.000000476837158 9.5367431640625e-07
    vertex 16.399999618530273 5.358067512512207 1.9915800094604492
  endloop
endfacet
facet normal 0.0 0.0 0.0
  outer loop
    vertex 16.399999618530273 5.358067512512207 1.9915800094604492
    vertex 16.399999618530273 6.000000476837158 9.5367431640625e-07
    vertex 16.399999618530273 5.4887285232543945 1.7652692794799805
  endloop
endfacet
facet normal 0.0 0.0 0.0
  outer loop
    vertex 16.399999618530273 5.4887285232543945 1.7652692794799805
    vertex 16.399999618530273 6.000000476837158 9.5367431640625e-07
    vertex 16.399999618530273 5.663586616516113 1.571070671081543
  endloop
endfacet
facet normal 0.0 0.0 0.0
  outer loop
    vertex 16.399999618530273 5.663586616516113 1.571070671081543
    vertex 16.399999618530273 6.000000476837158 9.5367431640625e-07
    vertex 16.399999618530273 5.875000953674316 1.4174699783325195
  endloop
endfacet
facet normal 0.0 0.0 0.0
  outer loop
    vertex 16.399999618530273 5.875000953674316 1.4174699783325195
    vertex 16.399999618530273 6.000000476837158 9.5367431640625e-07
    vertex 16.399999618530273 6.113728046417236 1.3111810684204102
  endloop
endfacet
facet normal 0.0 0.0 0.0
  outer loop
    vertex 16.399999618530273 6.113728046417236 1.3111810684204102
    vertex 16.399999618530273 6.000000476837158 9.5367431640625e-07
    vertex 16.399999618530273 6.369339466094971 1.256850242614746
  endloop
endfacet
facet normal 0.0 0.0 0.0
  outer loop
    vertex 16.399999618530273 6.369339466094971 1.256850242614746
    vertex 16.399999618530273 6.000000476837158 9.5367431640625e-07
    vertex 16.399999618530273 6.3915791511535645 0.025666236877441406
  endloop
endfacet
facet normal 0.0 0.0 0.0
  outer loop
    vertex 16.399999618530273 6.369339466094971 1.256850242614746
    vertex 16.399999618530273 6.3915791511535645 0.025666236877441406
    vertex 16.399999618530273 6.630661487579346 1.256850242614746
  endloop
endfacet
facet normal 0.0 0.0 0.0
  outer loop
    vertex 16.399999618530273 6.630661487579346 1.256850242614746
    vertex 16.399999618530273 6.3915791511535645 0.025666236877441406
    vertex 16.399999618530273 6.776459217071533 0.10222339630126953
  endloop
endfacet
facet normal 0.0 0.0 0.0
  outer loop
    vertex 16.399999618530273 6.630661487579346 1.256850242614746
    vertex 16.399999618530273 6.776459217071533 0.10222339630126953
    vertex 16.399999618530273 6.88627290725708 1.3111810684204102
  endloop
endfacet
facet normal 0.0 0.0 0.0
  outer loop
    vertex 16.399999618530273 6.88627290725708 1.3111810684204102
    vertex 16.399999618530273 6.776459217071533 0.10222339630126953
    vertex 16.399999618530273 7.1480488777160645 0.2283639907836914
  endloop
endfacet
facet normal 0.0 0.0 0.0
  outer loop
    vertex 16.399999618530273 6.88627290725708 1.3111810684204102
    vertex 16.399999618530273 7.1480488777160645 0.2283639907836914
    vertex 16.399999618530273 7.500000476837158 0.40192508697509766
  endloop
endfacet
facet normal 0.0 0.0 0.0
  outer loop
    vertex 16.399999618530273 6.88627290725708 1.3111810684204102
    vertex 16.399999618530273 7.500000476837158 0.40192508697509766
    vertex 16.399999618530273 7.125000476837158 1.4174699783325195
  endloop
endfacet
facet normal 0.0 0.0 0.0
  outer loop
    vertex 16.399999618530273 7.125000476837158 1.4174699783325195
    vertex 16.399999618530273 7.500000476837158 0.40192508697509766
    vertex 16.399999618530273 7.826282978057861 0.6199407577514648
  endloop
endfacet
facet normal 0.0 0.0 0.0
  outer loop
    vertex 16.399999618530273 7.125000476837158 1.4174699783325195
    vertex 16.399999618530273 7.826282978057861 0.6199407577514648
    vertex 16.399999618530273 7.336414813995361 1.571070671081543
  endloop
endfacet
facet normal 0.0 0.0 0.0
  outer loop
    vertex 16.399999618530273 7.336414813995361 1.571070671081543
    vertex 16.399999618530273 7.826282978057861 0.6199407577514648
    vertex 16.399999618530273 8.121318817138672 0.8786821365356445
  endloop
endfacet
facet normal 0.0 0.0 0.0
  outer loop
    vertex 16.399999618530273 7.336414813995361 1.571070671081543
    vertex 16.399999618530273 8.121318817138672 0.8786821365356445
    vertex 16.399999618530273 7.51127290725708 1.7652692794799805
  endloop
endfacet
facet normal 0.0 0.0 0.0
  outer loop
    vertex 16.399999618530273 7.51127290725708 1.7652692794799805
    vertex 16.399999618530273 8.121318817138672 0.8786821365356445
    vertex 16.399999618530273 8.380058288574219 1.1737165451049805
  endloop
endfacet
facet normal 0.0 0.0 0.0
  outer loop
    vertex 16.399999618530273 7.51127290725708 1.7652692794799805
    vertex 16.399999618530273 8.380058288574219 1.1737165451049805
    vertex 16.399999618530273 7.641933917999268 1.9915800094604492
  endloop
endfacet
facet normal 0.0 0.0 0.0
  outer loop
    vertex 16.399999618530273 7.641933917999268 1.9915800094604492
    vertex 16.399999618530273 8.380058288574219 1.1737165451049805
    vertex 16.399999618530273 8.598075866699219 1.5000009536743164
  endloop
endfacet
facet normal 0.0 0.0 0.0
  outer loop
    vertex 16.399999618530273 7.641933917999268 1.9915800094604492
    vertex 16.399999618530273 8.598075866699219 1.5000009536743164
    vertex 16.399999618530273 7.722682952880859 2.2401113510131836
  endloop
endfacet
facet normal 0.0 0.0 0.0
  outer loop
    vertex 16.399999618530273 7.722682952880859 2.2401113510131836
    vertex 16.399999618530273 8.598075866699219 1.5000009536743164
    vertex 16.399999618530273 8.771636962890625 1.8519506454467773
  endloop
endfacet
facet normal 0.0 0.0 0.0
  outer loop
    vertex 16.399999618530273 7.722682952880859 2.2401113510131836
    vertex 16.399999618530273 8.771636962890625 1.8519506454467773
    vertex 16.399999618530273 7.75 2.5000009536743164
  endloop
endfacet
facet normal 0.0 0.0 0.0
  outer loop
    vertex 16.399999618530273 7.75 2.5000009536743164
    vertex 16.399999618530273 8.771636962890625 1.8519506454467773
    vertex 16.399999618530273 8.897777557373047 2.223544120788574
  endloop
endfacet
facet normal 0.0 0.0 0.0
  outer loop
    vertex 16.399999618530273 7.75 2.5000009536743164
    vertex 16.399999618530273 8.897777557373047 2.223544120788574
    vertex 16.399999618530273 8.974334716796875 2.60842227935791
  endloop
endfacet
facet normal 0.0 0.0 0.0
  outer loop
    vertex 16.399999618530273 7.75 2.5000009536743164
    vertex 16.399999618530273 8.974334716796875 2.60842227935791
    vertex 16.399999618530273 7.722682952880859 2.759890556335449
  endloop
endfacet
facet normal 0.0 0.0 0.0
  outer loop
    vertex 16.399999618530273 7.722682952880859 2.759890556335449
    vertex 16.399999618530273 8.974334716796875 2.60842227935791
    vertex 16.399999618530273 9.0 3.0000009536743164
  endloop
endfacet
facet normal 0.0 0.0 0.0
  outer loop
    vertex 16.399999618530273 7.722682952880859 2.759890556335449
    vertex 16.399999618530273 9.0 3.0000009536743164
    vertex 16.399999618530273 7.641933441162109 3.0084218978881836
  endloop
endfacet
facet normal 0.0 0.0 0.0
  outer loop
    vertex 16.399999618530273 7.641933441162109 3.0084218978881836
    vertex 16.399999618530273 9.0 3.0000009536743164
    vertex 16.399999618530273 7.511272430419922 3.2347326278686523
  endloop
endfacet
facet normal 0.0 0.0 0.0
  outer loop
    vertex 16.399999618530273 7.511272430419922 3.2347326278686523
    vertex 16.399999618530273 9.0 3.0000009536743164
    vertex 16.399999618530273 7.336414337158203 3.4289331436157227
  endloop
endfacet
facet normal 0.0 0.0 0.0
  outer loop
    vertex 16.399999618530273 7.336414337158203 3.4289331436157227
    vertex 16.399999618530273 9.0 3.0000009536743164
    vertex 16.399999618530273 7.125 3.582533836364746
  endloop
endfacet
facet normal 0.0 0.0 0.0
  outer loop
    vertex 16.399999618530273 7.125 3.582533836364746
    vertex 16.399999618530273 9.0 3.0000009536743164
    vertex 16.399999618530273 8.999999046325684 13.200000762939453
  endloop
endfacet
facet normal 0.0 0.0 0.0
  outer loop
    vertex 16.399999618530273 7.125 3.582533836364746
    vertex 16.399999618530273 8.999999046325684 13.200000762939453
    vertex 16.399999618530273 5.3177103996276855 10.421163558959961
  endloop
endfacet
facet normal 0.0 0.0 0.0
  outer loop
    vertex 16.399999618530273 5.3177103996276855 10.421163558959961
    vertex 16.399999618530273 8.999999046325684 13.200000762939453
    vertex 16.399999618530273 5.556689739227295 10.936552047729492
  endloop
endfacet
facet normal 0.0 0.0 0.0
  outer loop
    vertex 16.399999618530273 5.556689739227295 10.936552047729492
    vertex 16.399999618530273 8.999999046325684 13.200000762939453
    vertex 16.399999618530273 5.745852947235107 11.4722318649292
  endloop
endfacet
facet normal 0.0 0.0 0.0
  outer loop
    vertex 16.399999618530273 5.745852947235107 11.4722318649292
    vertex 16.399999618530273 8.999999046325684 13.200000762939453
    vertex 16.399999618530273 5.88350248336792 12.023401260375977
  endloop
endfacet
facet normal 0.0 0.0 0.0
  outer loop
    vertex 16.399999618530273 5.88350248336792 12.023401260375977
    vertex 16.399999618530273 8.999999046325684 13.200000762939453
    vertex 16.399999618530273 5.968410015106201 12.585119247436523
  endloop
endfacet
facet normal 0.0 0.0 0.0
  outer loop
    vertex 16.399999618530273 5.968410015106201 12.585119247436523
    vertex 16.399999618530273 8.999999046325684 13.200000762939453
    vertex 16.399999618530273 5.999808311462402 13.152347564697266
  endloop
endfacet
facet normal 0.0 0.0 0.0
  outer loop
    vertex 16.399999618530273 5.999808311462402 13.152347564697266
    vertex 16.399999618530273 8.999999046325684 13.200000762939453
    vertex 16.399999618530273 8.97265911102295 13.900964736938477
  endloop
endfacet
facet normal 0.0 0.0 0.0
  outer loop
    vertex 16.399999618530273 5.999808311462402 13.152347564697266
    vertex 16.399999618530273 8.97265911102295 13.900964736938477
    vertex 16.399999618530273 5.977423667907715 13.72000503540039
  endloop
endfacet
facet normal 0.0 0.0 0.0
  outer loop
    vertex 16.399999618530273 5.977423667907715 13.72000503540039
    vertex 16.399999618530273 8.97265911102295 13.900964736938477
    vertex 16.399999618530273 8.8908109664917 14.59766960144043
  endloop
endfacet
facet normal 0.0 0.0 0.0
  outer loop
    vertex 16.399999618530273 5.977423667907715 13.72000503540039
    vertex 16.399999618530273 8.8908109664917 14.59766960144043
    vertex 16.399999618530273 5.901450157165527 14.282999992370605
  endloop
endfacet
facet normal 0.0 0.0 0.0
  outer loop
    vertex 16.399999618530273 5.901450157165527 14.282999992370605
    vertex 16.399999618530273 8.8908109664917 14.59766960144043
    vertex 16.399999618530273 8.754945755004883 15.285882949829102
  endloop
endfacet
facet normal 0.0 0.0 0.0
  outer loop
    vertex 16.399999618530273 5.901450157165527 14.282999992370605
    vertex 16.399999618530273 8.754945755004883 15.285882949829102
    vertex 16.399999618530273 8.565893173217773 15.961423873901367
  endloop
endfacet
facet normal 0.0 0.0 0.0
  outer loop
    vertex 16.399999618530273 5.901450157165527 14.282999992370605
    vertex 16.399999618530273 8.565893173217773 15.961423873901367
    vertex 16.399999618530273 5.772570610046387 14.836286544799805
  endloop
endfacet
facet normal 0.0 0.0 0.0
  outer loop
    vertex 16.399999618530273 5.772570610046387 14.836286544799805
    vertex 16.399999618530273 8.565893173217773 15.961423873901367
    vertex 16.399999618530273 8.324800491333008 16.620189666748047
  endloop
endfacet
facet normal 0.0 0.0 0.0
  outer loop
    vertex 16.399999618530273 5.772570610046387 14.836286544799805
    vertex 16.399999618530273 8.324800491333008 16.620189666748047
    vertex 16.399999618530273 5.591940879821777 15.374903678894043
  endloop
endfacet
facet normal 0.0 0.0 0.0
  outer loop
    vertex 16.399999618530273 5.591940879821777 15.374903678894043
    vertex 16.399999618530273 8.324800491333008 16.620189666748047
    vertex 16.399999618530273 8.03312873840332 17.258174896240234
  endloop
endfacet
facet normal 0.0 0.0 0.0
  outer loop
    vertex 16.399999618530273 5.591940879821777 15.374903678894043
    vertex 16.399999618530273 8.03312873840332 17.258174896240234
    vertex 16.399999618530273 5.361178398132324 15.894021987915039
  endloop
endfacet
facet normal 0.0 0.0 0.0
  outer loop
    vertex 16.399999618530273 5.361178398132324 15.894021987915039
    vertex 16.399999618530273 8.03312873840332 17.258174896240234
    vertex 16.399999618530273 7.692659378051758 17.871505737304688
  endloop
endfacet
facet normal 0.0 0.0 0.0
  outer loop
    vertex 16.399999618530273 5.361178398132324 15.894021987915039
    vertex 16.399999618530273 7.692659378051758 17.871505737304688
    vertex 16.399999618530273 7.305452346801758 18.456459045410156
  endloop
endfacet
facet normal 0.0 0.0 0.0
  outer loop
    vertex 16.399999618530273 5.361178398132324 15.894021987915039
    vertex 16.399999618530273 7.305452346801758 18.456459045410156
    vertex 16.399999618530273 5.082354545593262 16.38899040222168
  endloop
endfacet
facet normal 0.0 0.0 0.0
  outer loop
    vertex 16.399999618530273 5.082354545593262 16.38899040222168
    vertex 16.399999618530273 7.305452346801758 18.456459045410156
    vertex 16.399999618530273 6.873861312866211 19.009475708007812
  endloop
endfacet
facet normal 0.0 0.0 0.0
  outer loop
    vertex 16.399999618530273 5.082354545593262 16.38899040222168
    vertex 16.399999618530273 6.873861312866211 19.009475708007812
    vertex 16.399999618530273 4.757967472076416 16.855369567871094
  endloop
endfacet
facet normal 0.0 0.0 0.0
  outer loop
    vertex 16.399999618530273 4.757967472076416 16.855369567871094
    vertex 16.399999618530273 6.873861312866211 19.009475708007812
    vertex 16.399999618530273 6.400510787963867 19.527198791503906
  endloop
endfacet
facet normal 0.0 0.0 0.0
  outer loop
    vertex 16.399999618530273 4.757967472076416 16.855369567871094
    vertex 16.399999618530273 6.400510787963867 19.527198791503906
    vertex 16.399999618530273 4.390928745269775 17.288978576660156
  endloop
endfacet
facet normal 0.0 0.0 0.0
  outer loop
    vertex 16.399999618530273 4.390928745269775 17.288978576660156
    vertex 16.399999618530273 6.400510787963867 19.527198791503906
    vertex 16.399999618530273 5.888277053833008 20.006481170654297
  endloop
endfacet
facet normal 0.0 0.0 0.0
  outer loop
    vertex 16.399999618530273 4.390928745269775 17.288978576660156
    vertex 16.399999618530273 5.888277053833008 20.006481170654297
    vertex 16.399999618530273 3.9845223426818848 17.685928344726562
  endloop
endfacet
facet normal 0.0 0.0 0.0
  outer loop
    vertex 16.399999618530273 3.9845223426818848 17.685928344726562
    vertex 16.399999618530273 5.888277053833008 20.006481170654297
    vertex 16.399999618530273 5.340269088745117 20.444412231445312
  endloop
endfacet
facet normal 0.0 0.0 0.0
  outer loop
    vertex 16.399999618530273 3.9845223426818848 17.685928344726562
    vertex 16.399999618530273 5.340269088745117 20.444412231445312
    vertex 16.399999618530273 3.5423951148986816 18.042665481567383
  endloop
endfacet
facet normal 0.0 0.0 0.0
  outer loop
    vertex 16.399999618530273 3.5423951148986816 18.042665481567383
    vertex 16.399999618530273 5.340269088745117 20.444412231445312
    vertex 16.399999618530273 4.759817123413086 20.838333129882812
  endloop
endfacet
facet normal 0.0 0.0 0.0
  outer loop
    vertex 16.399999618530273 3.5423951148986816 18.042665481567383
    vertex 16.399999618530273 4.759817123413086 20.838333129882812
    vertex 16.399999618530273 3.068514347076416 18.355987548828125
  endloop
endfacet
facet normal 0.0 0.0 0.0
  outer loop
    vertex 16.399999618530273 3.068514347076416 18.355987548828125
    vertex 16.399999618530273 4.759817123413086 20.838333129882812
    vertex 16.399999618530273 4.150445938110352 21.185848236083984
  endloop
endfacet
facet normal 0.0 0.0 0.0
  outer loop
    vertex 16.399999618530273 3.068514347076416 18.355987548828125
    vertex 16.399999618530273 4.150445938110352 21.185848236083984
    vertex 16.399999618530273 3.5158634185791016 21.484846115112305
  endloop
endfacet
facet normal 0.0 0.0 0.0
  outer loop
    vertex 16.399999618530273 3.068514347076416 18.355987548828125
    vertex 16.399999618530273 3.5158634185791016 21.484846115112305
    vertex 16.399999618530273 2.567122220993042 18.62308692932129
  endloop
endfacet
facet normal 0.0 0.0 0.0
  outer loop
    vertex 16.399999618530273 2.567122220993042 18.62308692932129
    vertex 16.399999618530273 3.5158634185791016 21.484846115112305
    vertex 16.399999618530273 2.8599188327789307 21.73351287841797
  endloop
endfacet
facet normal 0.0 0.0 0.0
  outer loop
    vertex 16.399999618530273 2.567122220993042 18.62308692932129
    vertex 16.399999618530273 2.8599188327789307 21.73351287841797
    vertex 16.399999618530273 2.0427157878875732 18.841567993164062
  endloop
endfacet
facet normal 0.0 0.0 0.0
  outer loop
    vertex 16.399999618530273 2.0427157878875732 18.841567993164062
    vertex 16.399999618530273 2.8599188327789307 21.73351287841797
    vertex 16.399999618530273 2.1866018772125244 21.930335998535156
  endloop
endfacet
facet normal 0.0 0.0 0.0
  outer loop
    vertex 16.399999618530273 2.0427157878875732 18.841567993164062
    vertex 16.399999618530273 2.1866018772125244 21.930335998535156
    vertex 16.399999618530273 1.499998688697815 19.00947380065918
  endloop
endfacet
facet normal 0.0 0.0 0.0
  outer loop
    vertex 16.399999618530273 1.499998688697815 19.00947380065918
    vertex 16.399999618530273 2.1866018772125244 21.930335998535156
    vertex 16.399999618530273 1.4999983310699463 22.074119567871094
  endloop
endfacet
facet normal 0.0 0.0 0.0
  outer loop
    vertex 16.399999618530273 7.125 3.582533836364746
    vertex 16.399999618530273 5.3177103996276855 10.421163558959961
    vertex 16.399999618530273 6.886272430419922 3.6888227462768555
  endloop
endfacet
facet normal 0.0 0.0 0.0
  outer loop
    vertex 16.399999618530273 6.886272430419922 3.6888227462768555
    vertex 16.399999618530273 5.3177103996276855 10.421163558959961
    vertex 16.399999618530273 5.031062602996826 9.930686950683594
  endloop
endfacet
facet normal 0.0 0.0 0.0
  outer loop
    vertex 16.399999618530273 6.886272430419922 3.6888227462768555
    vertex 16.399999618530273 5.031062602996826 9.930686950683594
    vertex 16.399999618530273 6.6306610107421875 3.7431535720825195
  endloop
endfacet
facet normal 0.0 0.0 0.0
  outer loop
    vertex 16.399999618530273 6.6306610107421875 3.7431535720825195
    vertex 16.399999618530273 5.031062602996826 9.930686950683594
    vertex 16.399999618530273 4.699309825897217 9.46951961517334
  endloop
endfacet
facet normal 0.0 0.0 0.0
  outer loop
    vertex 16.399999618530273 6.6306610107421875 3.7431535720825195
    vertex 16.399999618530273 4.699309825897217 9.46951961517334
    vertex 16.399999618530273 6.3693389892578125 3.7431535720825195
  endloop
endfacet
facet normal 0.0 0.0 0.0
  outer loop
    vertex 16.399999618530273 6.3693389892578125 3.7431535720825195
    vertex 16.399999618530273 4.699309825897217 9.46951961517334
    vertex 16.399999618530273 4.325428009033203 9.041794776916504
  endloop
endfacet
facet normal 0.0 0.0 0.0
  outer loop
    vertex 16.399999618530273 6.3693389892578125 3.7431535720825195
    vertex 16.399999618530273 4.325428009033203 9.041794776916504
    vertex 16.399999618530273 6.113727569580078 3.6888227462768555
  endloop
endfacet
facet normal 0.0 0.0 0.0
  outer loop
    vertex 16.399999618530273 6.113727569580078 3.6888227462768555
    vertex 16.399999618530273 4.325428009033203 9.041794776916504
    vertex 16.399999618530273 3.912769079208374 8.651348114013672
  endloop
endfacet
facet normal 0.0 0.0 0.0
  outer loop
    vertex 16.399999618530273 6.113727569580078 3.6888227462768555
    vertex 16.399999618530273 3.912769079208374 8.651348114013672
    vertex 16.399999618530273 5.875000476837158 3.582533836364746
  endloop
endfacet
facet normal 0.0 0.0 0.0
  outer loop
    vertex 16.399999618530273 5.875000476837158 3.582533836364746
    vertex 16.399999618530273 3.912769079208374 8.651348114013672
    vertex 16.399999618530273 3.4650344848632812 8.301679611206055
  endloop
endfacet
facet normal 0.0 0.0 0.0
  outer loop
    vertex 16.399999618530273 5.875000476837158 3.582533836364746
    vertex 16.399999618530273 3.4650344848632812 8.301679611206055
    vertex 16.399999618530273 5.663586139678955 3.4289331436157227
  endloop
endfacet
facet normal 0.0 0.0 0.0
  outer loop
    vertex 16.399999618530273 5.663586139678955 3.4289331436157227
    vertex 16.399999618530273 3.4650344848632812 8.301679611206055
    vertex 16.399999618530273 2.9862329959869385 7.995924949645996
  endloop
endfacet
facet normal 0.0 0.0 0.0
  outer loop
    vertex 16.399999618530273 5.663586139678955 3.4289331436157227
    vertex 16.399999618530273 2.9862329959869385 7.995924949645996
    vertex 16.399999618530273 5.488728046417236 3.2347326278686523
  endloop
endfacet
facet normal 0.0 0.0 0.0
  outer loop
    vertex 16.399999618530273 5.488728046417236 3.2347326278686523
    vertex 16.399999618530273 2.9862329959869385 7.995924949645996
    vertex 16.399999618530273 2.480663537979126 7.736823081970215
  endloop
endfacet
facet normal 0.0 0.0 0.0
  outer loop
    vertex 16.399999618530273 5.488728046417236 3.2347326278686523
    vertex 16.399999618530273 2.480663537979126 7.736823081970215
    vertex 16.399999618530273 5.358067035675049 3.0084218978881836
  endloop
endfacet
facet normal 0.0 0.0 0.0
  outer loop
    vertex 16.399999618530273 5.358067035675049 3.0084218978881836
    vertex 16.399999618530273 2.480663537979126 7.736823081970215
    vertex 16.399999618530273 1.9528543949127197 7.526698112487793
  endloop
endfacet
facet normal 0.0 0.0 0.0
  outer loop
    vertex 16.399999618530273 5.358067035675049 3.0084218978881836
    vertex 16.399999618530273 1.9528543949127197 7.526698112487793
    vertex 16.399999618530273 5.277317523956299 2.759890556335449
  endloop
endfacet
facet normal 0.0 0.0 0.0
  outer loop
    vertex 16.399999618530273 5.277317523956299 2.759890556335449
    vertex 16.399999618530273 1.9528543949127197 7.526698112487793
    vertex 16.399999618530273 1.4075359106063843 7.367433547973633
  endloop
endfacet
facet normal 0.0 0.0 0.0
  outer loop
    vertex 16.399999618530273 5.277317523956299 2.759890556335449
    vertex 16.399999618530273 1.4075359106063843 7.367433547973633
    vertex 16.399999618530273 5.250000476837158 2.5000009536743164
  endloop
endfacet
facet normal 0.0 0.0 0.0
  outer loop
    vertex 16.399999618530273 5.250000476837158 2.5000009536743164
    vertex 16.399999618530273 1.4075359106063843 7.367433547973633
    vertex 16.399999618530273 0.8496021032333374 7.260456562042236
  endloop
endfacet
facet normal 0.0 0.0 0.0
  outer loop
    vertex 16.399999618530273 5.250000476837158 2.5000009536743164
    vertex 16.399999618530273 0.8496021032333374 7.260456562042236
    vertex 16.399999618530273 0.28405046463012695 7.206727504730225
  endloop
endfacet
facet normal 0.0 0.0 0.0
  outer loop
    vertex 16.399999618530273 5.250000476837158 2.5000009536743164
    vertex 16.399999618530273 0.28405046463012695 7.206727504730225
    vertex 16.399999618530273 5.277317523956299 2.2401113510131836
  endloop
endfacet
facet normal 0.0 0.0 0.0
  outer loop
    vertex 16.399999618530273 5.277317523956299 2.2401113510131836
    vertex 16.399999618530273 0.28405046463012695 7.206727504730225
    vertex 16.399999618530273 -0.28404945135116577 7.206727504730225
  endloop
endfacet
facet normal 0.0 0.0 0.0
  outer loop
    vertex 16.399999618530273 5.277317523956299 2.2401113510131836
    vertex 16.399999618530273 -0.28404945135116577 7.206727504730225
    vertex 16.399999618530273 -5.277315616607666 2.240109443664551
  endloop
endfacet
facet normal 0.0 0.0 0.0
  outer loop
    vertex 16.399999618530273 -5.277315616607666 2.240109443664551
    vertex 16.399999618530273 -0.28404945135116577 7.206727504730225
    vertex 16.399999618530273 -5.249998569488525 2.4999990463256836
  endloop
endfacet
facet normal 0.0 0.0 0.0
  outer loop
    vertex 16.399999618530273 -5.249998569488525 2.4999990463256836
    vertex 16.399999618530273 -0.28404945135116577 7.206727504730225
    vertex 16.399999618530273 -0.849601149559021 7.260456562042236
  endloop
endfacet
facet normal 0.0 0.0 0.0
  outer loop
    vertex 16.399999618530273 -5.249998569488525 2.4999990463256836
    vertex 16.399999618530273 -0.849601149559021 7.260456562042236
    vertex 16.399999618530273 -1.4075349569320679 7.367432594299316
  endloop
endfacet
facet normal 0.0 0.0 0.0
  outer loop
    vertex 16.399999618530273 -5.249998569488525 2.4999990463256836
    vertex 16.399999618530273 -1.4075349569320679 7.367432594299316
    vertex 16.399999618530273 -5.277315616607666 2.7598886489868164
  endloop
endfacet
facet normal 0.0 0.0 0.0
  outer loop
    vertex 16.399999618530273 -5.277315616607666 2.7598886489868164
    vertex 16.399999618530273 -1.4075349569320679 7.367432594299316
    vertex 16.399999618530273 -1.9528534412384033 7.526697158813477
  endloop
endfacet
facet normal 0.0 0.0 0.0
  outer loop
    vertex 16.399999618530273 -5.277315616607666 2.7598886489868164
    vertex 16.399999618530273 -1.9528534412384033 7.526697158813477
    vertex 16.399999618530273 -5.358065128326416 3.008419990539551
  endloop
endfacet
facet normal 0.0 0.0 0.0
  outer loop
    vertex 16.399999618530273 -5.358065128326416 3.008419990539551
    vertex 16.399999618530273 -1.9528534412384033 7.526697158813477
    vertex 16.399999618530273 -2.4806625843048096 7.736822128295898
  endloop
endfacet
facet normal 0.0 0.0 0.0
  outer loop
    vertex 16.399999618530273 -5.358065128326416 3.008419990539551
    vertex 16.399999618530273 -2.4806625843048096 7.736822128295898
    vertex 16.399999618530273 -5.4887261390686035 3.2347307205200195
  endloop
endfacet
facet normal 0.0 0.0 0.0
  outer loop
    vertex 16.399999618530273 -5.4887261390686035 3.2347307205200195
    vertex 16.399999618530273 -2.4806625843048096 7.736822128295898
    vertex 16.399999618530273 -2.986232042312622 7.99592399597168
  endloop
endfacet
facet normal 0.0 0.0 0.0
  outer loop
    vertex 16.399999618530273 -5.4887261390686035 3.2347307205200195
    vertex 16.399999618530273 -2.986232042312622 7.99592399597168
    vertex 16.399999618530273 -5.663584232330322 3.42893123626709
  endloop
endfacet
facet normal 0.0 0.0 0.0
  outer loop
    vertex 16.399999618530273 -5.663584232330322 3.42893123626709
    vertex 16.399999618530273 -2.986232042312622 7.99592399597168
    vertex 16.399999618530273 -3.465033531188965 8.301678657531738
  endloop
endfacet
facet normal 0.0 0.0 0.0
  outer loop
    vertex 16.399999618530273 -5.663584232330322 3.42893123626709
    vertex 16.399999618530273 -3.465033531188965 8.301678657531738
    vertex 16.399999618530273 -5.874998569488525 3.5825319290161133
  endloop
endfacet
facet normal 0.0 0.0 0.0
  outer loop
    vertex 16.399999618530273 -5.874998569488525 3.5825319290161133
    vertex 16.399999618530273 -3.465033531188965 8.301678657531738
    vertex 16.399999618530273 -3.912768602371216 8.651347160339355
  endloop
endfacet
facet normal 0.0 0.0 0.0
  outer loop
    vertex 16.399999618530273 -5.874998569488525 3.5825319290161133
    vertex 16.399999618530273 -3.912768602371216 8.651347160339355
    vertex 16.399999618530273 -6.113725662231445 3.6888208389282227
  endloop
endfacet
facet normal 0.0 0.0 0.0
  outer loop
    vertex 16.399999618530273 -6.113725662231445 3.6888208389282227
    vertex 16.399999618530273 -3.912768602371216 8.651347160339355
    vertex 16.399999618530273 -4.325427055358887 9.041793823242188
  endloop
endfacet
facet normal 0.0 0.0 0.0
  outer loop
    vertex 16.399999618530273 -6.113725662231445 3.6888208389282227
    vertex 16.399999618530273 -4.325427055358887 9.041793823242188
    vertex 16.399999618530273 -6.36933708190918 3.7431516647338867
  endloop
endfacet
facet normal 0.0 0.0 0.0
  outer loop
    vertex 16.399999618530273 -6.36933708190918 3.7431516647338867
    vertex 16.399999618530273 -4.325427055358887 9.041793823242188
    vertex 16.399999618530273 -4.699309825897217 9.469518661499023
  endloop
endfacet
facet normal 0.0 0.0 0.0
  outer loop
    vertex 16.399999618530273 -6.36933708190918 3.7431516647338867
    vertex 16.399999618530273 -4.699309825897217 9.469518661499023
    vertex 16.399999618530273 -6.630659103393555 3.7431516647338867
  endloop
endfacet
facet normal 0.0 0.0 0.0
  outer loop
    vertex 16.399999618530273 -6.630659103393555 3.7431516647338867
    vertex 16.399999618530273 -4.699309825897217 9.469518661499023
    vertex 16.399999618530273 -5.031062602996826 9.930685043334961
  endloop
endfacet
facet normal 0.0 0.0 0.0
  outer loop
    vertex 16.399999618530273 -6.630659103393555 3.7431516647338867
    vertex 16.399999618530273 -5.031062602996826 9.930685043334961
    vertex 16.399999618530273 -6.886268615722656 3.6888208389282227
  endloop
endfacet
facet normal 0.0 0.0 0.0
  outer loop
    vertex 16.399999618530273 -6.886268615722656 3.6888208389282227
    vertex 16.399999618530273 -5.031062602996826 9.930685043334961
    vertex 16.399999618530273 -5.3177103996276855 10.421161651611328
  endloop
endfacet
facet normal 0.0 0.0 0.0
  outer loop
    vertex 16.399999618530273 -6.886268615722656 3.6888208389282227
    vertex 16.399999618530273 -5.3177103996276855 10.421161651611328
    vertex 16.399999618530273 -7.124998092651367 3.5825319290161133
  endloop
endfacet
facet normal 0.0 0.0 0.0
  outer loop
    vertex 16.399999618530273 -7.124998092651367 3.5825319290161133
    vertex 16.399999618530273 -5.3177103996276855 10.421161651611328
    vertex 16.399999618530273 -8.999999046325684 13.19999885559082
  endloop
endfacet
facet normal 0.0 0.0 0.0
  outer loop
    vertex 16.399999618530273 -7.124998092651367 3.5825319290161133
    vertex 16.399999618530273 -8.999999046325684 13.19999885559082
    vertex 16.399999618530273 -8.999998092651367 2.9999990463256836
  endloop
endfacet
facet normal 0.0 0.0 0.0
  outer loop
    vertex 16.399999618530273 -5.3177103996276855 10.421161651611328
    vertex 16.399999618530273 -5.556689739227295 10.93655014038086
    vertex 16.399999618530273 -8.999999046325684 13.19999885559082
  endloop
endfacet
facet normal 0.0 0.0 0.0
  outer loop
    vertex 16.399999618530273 -8.999999046325684 13.19999885559082
    vertex 16.399999618530273 -5.556689739227295 10.93655014038086
    vertex 16.399999618530273 -5.745852947235107 11.472229957580566
  endloop
endfacet
facet normal 0.0 0.0 0.0
  outer loop
    vertex 16.399999618530273 -8.999999046325684 13.19999885559082
    vertex 16.399999618530273 -5.745852947235107 11.472229957580566
    vertex 16.399999618530273 -5.88350248336792 12.023399353027344
  endloop
endfacet
facet normal 0.0 0.0 0.0
  outer loop
    vertex 16.399999618530273 -5.88350248336792 12.023399353027344
    vertex 16.399999618530273 -5.968410015106201 12.58511734008789
    vertex 16.399999618530273 -8.999999046325684 13.19999885559082
  endloop
endfacet
facet normal 0.0 0.0 0.0
  outer loop
    vertex 16.399999618530273 -8.999999046325684 13.19999885559082
    vertex 16.399999618530273 -5.968410015106201 12.58511734008789
    vertex 16.399999618530273 -5.999809265136719 13.15234661102295
  endloop
endfacet
facet normal 0.0 0.0 0.0
  outer loop
    vertex 16.399999618530273 -8.999999046325684 13.19999885559082
    vertex 16.399999618530273 -5.999809265136719 13.15234661102295
    vertex 16.399999618530273 -8.972661018371582 13.900962829589844
  endloop
endfacet
facet normal 0.0 0.0 0.0
  outer loop
    vertex 16.399999618530273 -8.972661018371582 13.900962829589844
    vertex 16.399999618530273 -5.999809265136719 13.15234661102295
    vertex 16.399999618530273 -5.977424621582031 13.720004081726074
  endloop
endfacet
facet normal 0.0 0.0 0.0
  outer loop
    vertex 16.399999618530273 -8.972661018371582 13.900962829589844
    vertex 16.399999618530273 -5.977424621582031 13.720004081726074
    vertex 16.399999618530273 -8.8908109664917 14.59766674041748
  endloop
endfacet
facet normal 0.0 0.0 0.0
  outer loop
    vertex 16.399999618530273 -8.8908109664917 14.59766674041748
    vertex 16.399999618530273 -5.977424621582031 13.720004081726074
    vertex 16.399999618530273 -5.901451110839844 14.282999038696289
  endloop
endfacet
facet normal 0.0 0.0 0.0
  outer loop
    vertex 16.399999618530273 -8.8908109664917 14.59766674041748
    vertex 16.399999618530273 -5.901451110839844 14.282999038696289
    vertex 16.399999618530273 -8.754947662353516 15.285881042480469
  endloop
endfacet
facet normal 0.0 0.0 0.0
  outer loop
    vertex 16.399999618530273 -8.754947662353516 15.285881042480469
    vertex 16.399999618530273 -5.901451110839844 14.282999038696289
    vertex 16.399999618530273 -8.565893173217773 15.961421966552734
  endloop
endfacet
facet normal 0.0 0.0 0.0
  outer loop
    vertex 16.399999618530273 -8.565893173217773 15.961421966552734
    vertex 16.399999618530273 -5.901451110839844 14.282999038696289
    vertex 16.399999618530273 -5.772571563720703 14.836285591125488
  endloop
endfacet
facet normal 0.0 0.0 0.0
  outer loop
    vertex 16.399999618530273 -8.565893173217773 15.961421966552734
    vertex 16.399999618530273 -5.772571563720703 14.836285591125488
    vertex 16.399999618530273 -8.324800491333008 16.62018585205078
  endloop
endfacet
facet normal 0.0 0.0 0.0
  outer loop
    vertex 16.399999618530273 -8.324800491333008 16.62018585205078
    vertex 16.399999618530273 -5.772571563720703 14.836285591125488
    vertex 16.399999618530273 -5.591941833496094 15.37490177154541
  endloop
endfacet
facet normal 0.0 0.0 0.0
  outer loop
    vertex 16.399999618530273 -8.324800491333008 16.62018585205078
    vertex 16.399999618530273 -5.591941833496094 15.37490177154541
    vertex 16.399999618530273 -8.033132553100586 17.2581729888916
  endloop
endfacet
facet normal 0.0 0.0 0.0
  outer loop
    vertex 16.399999618530273 -8.033132553100586 17.2581729888916
    vertex 16.399999618530273 -5.591941833496094 15.37490177154541
    vertex 16.399999618530273 -5.361179351806641 15.894021987915039
  endloop
endfacet
facet normal 0.0 0.0 0.0
  outer loop
    vertex 16.399999618530273 -8.033132553100586 17.2581729888916
    vertex 16.399999618530273 -5.361179351806641 15.894021987915039
    vertex 16.399999618530273 -7.692659378051758 17.871505737304688
  endloop
endfacet
facet normal 0.0 0.0 0.0
  outer loop
    vertex 16.399999618530273 -7.692659378051758 17.871505737304688
    vertex 16.399999618530273 -5.361179351806641 15.894021987915039
    vertex 16.399999618530273 -7.305452346801758 18.45645523071289
  endloop
endfacet
facet normal 0.0 0.0 0.0
  outer loop
    vertex 16.399999618530273 -7.305452346801758 18.45645523071289
    vertex 16.399999618530273 -5.361179351806641 15.894021987915039
    vertex 16.399999618530273 -5.082355499267578 16.388988494873047
  endloop
endfacet
facet normal 0.0 0.0 0.0
  outer loop
    vertex 16.399999618530273 -7.305452346801758 18.45645523071289
    vertex 16.399999618530273 -5.082355499267578 16.388988494873047
    vertex 16.399999618530273 -6.873863220214844 19.009471893310547
  endloop
endfacet
facet normal 0.0 0.0 0.0
  outer loop
    vertex 16.399999618530273 -6.873863220214844 19.009471893310547
    vertex 16.399999618530273 -5.082355499267578 16.388988494873047
    vertex 16.399999618530273 -4.757969379425049 16.85536766052246
  endloop
endfacet
facet normal 0.0 0.0 0.0
  outer loop
    vertex 16.399999618530273 -6.873863220214844 19.009471893310547
    vertex 16.399999618530273 -4.757969379425049 16.85536766052246
    vertex 16.399999618530273 -6.4005126953125 19.52719497680664
  endloop
endfacet
facet normal 0.0 0.0 0.0
  outer loop
    vertex 16.399999618530273 -6.4005126953125 19.52719497680664
    vertex 16.399999618530273 -4.757969379425049 16.85536766052246
    vertex 16.399999618530273 -4.390930652618408 17.288976669311523
  endloop
endfacet
facet normal 0.0 0.0 0.0
  outer loop
    vertex 16.399999618530273 -6.4005126953125 19.52719497680664
    vertex 16.399999618530273 -4.390930652618408 17.288976669311523
    vertex 16.399999618530273 -5.888279914855957 20.00647735595703
  endloop
endfacet
facet normal 0.0 0.0 0.0
  outer loop
    vertex 16.399999618530273 -5.888279914855957 20.00647735595703
    vertex 16.399999618530273 -4.390930652618408 17.288976669311523
    vertex 16.399999618530273 -3.9845242500305176 17.685928344726562
  endloop
endfacet
facet normal 0.0 0.0 0.0
  outer loop
    vertex 16.399999618530273 -5.888279914855957 20.00647735595703
    vertex 16.399999618530273 -3.9845242500305176 17.685928344726562
    vertex 16.399999618530273 -5.340271949768066 20.44441032409668
  endloop
endfacet
facet normal 0.0 0.0 0.0
  outer loop
    vertex 16.399999618530273 -5.340271949768066 20.44441032409668
    vertex 16.399999618530273 -3.9845242500305176 17.685928344726562
    vertex 16.399999618530273 -3.5423970222473145 18.04266357421875
  endloop
endfacet
facet normal 0.0 0.0 0.0
  outer loop
    vertex 16.399999618530273 -5.340271949768066 20.44441032409668
    vertex 16.399999618530273 -3.5423970222473145 18.04266357421875
    vertex 16.399999618530273 -4.759819984436035 20.838329315185547
  endloop
endfacet
facet normal 0.0 0.0 0.0
  outer loop
    vertex 16.399999618530273 -4.759819984436035 20.838329315185547
    vertex 16.399999618530273 -3.5423970222473145 18.04266357421875
    vertex 16.399999618530273 -3.068516254425049 18.355987548828125
  endloop
endfacet
facet normal 0.0 0.0 0.0
  outer loop
    vertex 16.399999618530273 -4.759819984436035 20.838329315185547
    vertex 16.399999618530273 -3.068516254425049 18.355987548828125
    vertex 16.399999618530273 -4.150448799133301 21.18584632873535
  endloop
endfacet
facet normal 0.0 0.0 0.0
  outer loop
    vertex 16.399999618530273 -4.150448799133301 21.18584632873535
    vertex 16.399999618530273 -3.068516254425049 18.355987548828125
    vertex 16.399999618530273 -3.515866279602051 21.484846115112305
  endloop
endfacet
facet normal 0.0 0.0 0.0
  outer loop
    vertex 16.399999618530273 -3.515866279602051 21.484846115112305
    vertex 16.399999618530273 -3.068516254425049 18.355987548828125
    vertex 16.399999618530273 -2.567124128341675 18.623085021972656
  endloop
endfacet
facet normal 0.0 0.0 0.0
  outer loop
    vertex 16.399999618530273 -3.515866279602051 21.484846115112305
    vertex 16.399999618530273 -2.567124128341675 18.623085021972656
    vertex 16.399999618530273 -2.85992169380188 21.73351287841797
  endloop
endfacet
facet normal 0.0 0.0 0.0
  outer loop
    vertex 16.399999618530273 -2.85992169380188 21.73351287841797
    vertex 16.399999618530273 -2.567124128341675 18.623085021972656
    vertex 16.399999618530273 -2.042717695236206 18.841567993164062
  endloop
endfacet
facet normal 0.0 0.0 0.0
  outer loop
    vertex 16.399999618530273 -2.85992169380188 21.73351287841797
    vertex 16.399999618530273 -2.042717695236206 18.841567993164062
    vertex 16.399999618530273 -2.1866047382354736 21.930335998535156
  endloop
endfacet
facet normal 0.0 0.0 0.0
  outer loop
    vertex 16.399999618530273 -2.1866047382354736 21.930335998535156
    vertex 16.399999618530273 -2.042717695236206 18.841567993164062
    vertex 16.399999618530273 -1.5000008344650269 19.00947380065918
  endloop
endfacet
facet normal 0.0 0.0 0.0
  outer loop
    vertex 16.399999618530273 -2.1866047382354736 21.930335998535156
    vertex 16.399999618530273 -1.5000008344650269 19.00947380065918
    vertex 16.399999618530273 -1.5000011920928955 22.074119567871094
  endloop
endfacet
facet normal 0.0 0.0 0.0
  outer loop
    vertex 16.399999618530273 -5.358064651489258 1.9915781021118164
    vertex 16.399999618530273 5.358067512512207 1.9915800094604492
    vertex 16.399999618530273 -5.277315616607666 2.240109443664551
  endloop
endfacet
facet normal 0.0 0.0 0.0
  outer loop
    vertex 16.399999618530273 -5.277315616607666 2.240109443664551
    vertex 16.399999618530273 5.358067512512207 1.9915800094604492
    vertex 16.399999618530273 5.277317523956299 2.2401113510131836
  endloop
endfacet
facet normal 0.0 0.0 0.0
  outer loop
    vertex 16.399999618530273 -7.511268615722656 3.2347307205200195
    vertex 16.399999618530273 -7.3364105224609375 3.42893123626709
    vertex 16.399999618530273 -8.999998092651367 2.9999990463256836
  endloop
endfacet
facet normal 0.0 0.0 0.0
  outer loop
    vertex 16.399999618530273 -8.999998092651367 2.9999990463256836
    vertex 16.399999618530273 -7.3364105224609375 3.42893123626709
    vertex 16.399999618530273 -7.124998092651367 3.5825319290161133
  endloop
endfacet
endsolid Uranium STLWriter Tue 21 Aug 2018 10:47:44
