solid Uranium STLWriter Tue 21 Aug 2018 10:43:50
facet normal 0.0 0.0 0.0
  outer loop
    vertex 11.941180229187012 -17.534074783325195 20.000001907348633
    vertex 11.941179275512695 -17.534074783325195 14.875001907348633
    vertex 12.19999885559082 -17.5 20.000001907348633
  endloop
endfacet
facet normal 0.0 0.0 0.0
  outer loop
    vertex 12.19999885559082 -17.5 20.000001907348633
    vertex 11.941179275512695 -17.534074783325195 14.875001907348633
    vertex 11.941179275512695 -17.534074783325195 9.75000286102295
  endloop
endfacet
facet normal 0.0 0.0 0.0
  outer loop
    vertex 12.19999885559082 -17.5 20.000001907348633
    vertex 11.941179275512695 -17.534074783325195 9.75000286102295
    vertex 12.199996948242188 -17.5 3.814697265625e-06
  endloop
endfacet
facet normal 0.0 0.0 0.0
  outer loop
    vertex 12.199996948242188 -17.5 3.814697265625e-06
    vertex 11.941179275512695 -17.534074783325195 9.75000286102295
    vertex 11.941178321838379 -17.534074783325195 4.625003337860107
  endloop
endfacet
facet normal 0.0 0.0 0.0
  outer loop
    vertex 12.199996948242188 -17.5 3.814697265625e-06
    vertex 11.941178321838379 -17.534074783325195 4.625003337860107
    vertex 11.941178321838379 -17.534074783325195 3.814697265625e-06
  endloop
endfacet
facet normal 0.0 0.0 0.0
  outer loop
    vertex 11.941178321838379 -17.534074783325195 3.814697265625e-06
    vertex 11.941178321838379 -17.534074783325195 4.625003337860107
    vertex 11.699997901916504 -17.633974075317383 3.814697265625e-06
  endloop
endfacet
facet normal 0.0 0.0 0.0
  outer loop
    vertex 11.699997901916504 -17.633974075317383 3.814697265625e-06
    vertex 11.941178321838379 -17.534074783325195 4.625003337860107
    vertex 11.699997901916504 -17.633974075317383 4.625003337860107
  endloop
endfacet
facet normal 0.0 0.0 0.0
  outer loop
    vertex 11.699997901916504 -17.633974075317383 3.814697265625e-06
    vertex 11.699997901916504 -17.633974075317383 4.625003337860107
    vertex 11.492890357971191 -17.792892456054688 3.814697265625e-06
  endloop
endfacet
facet normal 0.0 0.0 0.0
  outer loop
    vertex 11.492890357971191 -17.792892456054688 3.814697265625e-06
    vertex 11.699997901916504 -17.633974075317383 4.625003337860107
    vertex 11.492890357971191 -17.792892456054688 4.625003337860107
  endloop
endfacet
facet normal 0.0 0.0 0.0
  outer loop
    vertex 11.492890357971191 -17.792892456054688 3.814697265625e-06
    vertex 11.492890357971191 -17.792892456054688 4.625003337860107
    vertex 11.333971977233887 -18.0 3.814697265625e-06
  endloop
endfacet
facet normal 0.0 0.0 0.0
  outer loop
    vertex 11.333971977233887 -18.0 3.814697265625e-06
    vertex 11.492890357971191 -17.792892456054688 4.625003337860107
    vertex 11.333971977233887 -18.0 4.625003337860107
  endloop
endfacet
facet normal 0.0 0.0 0.0
  outer loop
    vertex 11.333971977233887 -18.0 3.814697265625e-06
    vertex 11.333971977233887 -18.0 4.625003337860107
    vertex 11.234070777893066 -18.241180419921875 3.814697265625e-06
  endloop
endfacet
facet normal 0.0 0.0 0.0
  outer loop
    vertex 11.234070777893066 -18.241180419921875 3.814697265625e-06
    vertex 11.333971977233887 -18.0 4.625003337860107
    vertex 11.234070777893066 -18.241180419921875 4.625003337860107
  endloop
endfacet
facet normal 0.0 0.0 0.0
  outer loop
    vertex 11.234070777893066 -18.241180419921875 3.814697265625e-06
    vertex 11.234070777893066 -18.241180419921875 4.625003337860107
    vertex 11.199997901916504 -18.5 3.814697265625e-06
  endloop
endfacet
facet normal 0.0 0.0 0.0
  outer loop
    vertex 11.199997901916504 -18.5 3.814697265625e-06
    vertex 11.234070777893066 -18.241180419921875 4.625003337860107
    vertex 11.234071731567383 -18.241180419921875 9.75000286102295
  endloop
endfacet
facet normal 0.0 0.0 0.0
  outer loop
    vertex 11.199997901916504 -18.5 3.814697265625e-06
    vertex 11.234071731567383 -18.241180419921875 9.75000286102295
    vertex 11.199999809265137 -18.5 20.000001907348633
  endloop
endfacet
facet normal 0.0 0.0 0.0
  outer loop
    vertex 11.199999809265137 -18.5 20.000001907348633
    vertex 11.234071731567383 -18.241180419921875 9.75000286102295
    vertex 11.234071731567383 -18.241180419921875 14.875001907348633
  endloop
endfacet
facet normal 0.0 0.0 0.0
  outer loop
    vertex 11.199999809265137 -18.5 20.000001907348633
    vertex 11.234071731567383 -18.241180419921875 14.875001907348633
    vertex 11.2340726852417 -18.241180419921875 20.000001907348633
  endloop
endfacet
facet normal 0.0 0.0 0.0
  outer loop
    vertex 11.2340726852417 -18.241180419921875 20.000001907348633
    vertex 11.234071731567383 -18.241180419921875 14.875001907348633
    vertex 11.33397388458252 -18.0 20.000001907348633
  endloop
endfacet
facet normal 0.0 0.0 0.0
  outer loop
    vertex 11.33397388458252 -18.0 20.000001907348633
    vertex 11.234071731567383 -18.241180419921875 14.875001907348633
    vertex 11.333972930908203 -18.0 14.875001907348633
  endloop
endfacet
facet normal 0.0 0.0 0.0
  outer loop
    vertex 11.33397388458252 -18.0 20.000001907348633
    vertex 11.333972930908203 -18.0 14.875001907348633
    vertex 11.492892265319824 -17.792892456054688 20.000001907348633
  endloop
endfacet
facet normal 0.0 0.0 0.0
  outer loop
    vertex 11.492892265319824 -17.792892456054688 20.000001907348633
    vertex 11.333972930908203 -18.0 14.875001907348633
    vertex 11.492891311645508 -17.792892456054688 14.875001907348633
  endloop
endfacet
facet normal 0.0 0.0 0.0
  outer loop
    vertex 11.492892265319824 -17.792892456054688 20.000001907348633
    vertex 11.492891311645508 -17.792892456054688 14.875001907348633
    vertex 11.699999809265137 -17.633974075317383 20.000001907348633
  endloop
endfacet
facet normal 0.0 0.0 0.0
  outer loop
    vertex 11.699999809265137 -17.633974075317383 20.000001907348633
    vertex 11.492891311645508 -17.792892456054688 14.875001907348633
    vertex 11.69999885559082 -17.633974075317383 14.875001907348633
  endloop
endfacet
facet normal 0.0 0.0 0.0
  outer loop
    vertex 11.699999809265137 -17.633974075317383 20.000001907348633
    vertex 11.69999885559082 -17.633974075317383 14.875001907348633
    vertex 11.941180229187012 -17.534074783325195 20.000001907348633
  endloop
endfacet
facet normal 0.0 0.0 0.0
  outer loop
    vertex 11.941180229187012 -17.534074783325195 20.000001907348633
    vertex 11.69999885559082 -17.633974075317383 14.875001907348633
    vertex 11.941179275512695 -17.534074783325195 14.875001907348633
  endloop
endfacet
facet normal 0.0 0.0 0.0
  outer loop
    vertex 11.699997901916504 -17.633974075317383 4.625003337860107
    vertex 11.941178321838379 -17.534074783325195 4.625003337860107
    vertex 11.941179275512695 -17.534074783325195 9.75000286102295
  endloop
endfacet
facet normal 0.0 0.0 0.0
  outer loop
    vertex 11.941179275512695 -17.534074783325195 9.75000286102295
    vertex 11.941179275512695 -17.534074783325195 14.875001907348633
    vertex 11.69999885559082 -17.633974075317383 9.75000286102295
  endloop
endfacet
facet normal 0.0 0.0 0.0
  outer loop
    vertex 11.69999885559082 -17.633974075317383 9.75000286102295
    vertex 11.941179275512695 -17.534074783325195 14.875001907348633
    vertex 11.69999885559082 -17.633974075317383 14.875001907348633
  endloop
endfacet
facet normal 0.0 0.0 0.0
  outer loop
    vertex 11.69999885559082 -17.633974075317383 9.75000286102295
    vertex 11.69999885559082 -17.633974075317383 14.875001907348633
    vertex 11.492891311645508 -17.792892456054688 9.75000286102295
  endloop
endfacet
facet normal 0.0 0.0 0.0
  outer loop
    vertex 11.492891311645508 -17.792892456054688 9.75000286102295
    vertex 11.69999885559082 -17.633974075317383 14.875001907348633
    vertex 11.492891311645508 -17.792892456054688 14.875001907348633
  endloop
endfacet
facet normal 0.0 0.0 0.0
  outer loop
    vertex 11.492891311645508 -17.792892456054688 9.75000286102295
    vertex 11.492891311645508 -17.792892456054688 14.875001907348633
    vertex 11.333972930908203 -18.0 9.75000286102295
  endloop
endfacet
facet normal 0.0 0.0 0.0
  outer loop
    vertex 11.333972930908203 -18.0 9.75000286102295
    vertex 11.492891311645508 -17.792892456054688 14.875001907348633
    vertex 11.333972930908203 -18.0 14.875001907348633
  endloop
endfacet
facet normal 0.0 0.0 0.0
  outer loop
    vertex 11.333972930908203 -18.0 9.75000286102295
    vertex 11.333972930908203 -18.0 14.875001907348633
    vertex 11.234071731567383 -18.241180419921875 9.75000286102295
  endloop
endfacet
facet normal 0.0 0.0 0.0
  outer loop
    vertex 11.234071731567383 -18.241180419921875 9.75000286102295
    vertex 11.333972930908203 -18.0 14.875001907348633
    vertex 11.234071731567383 -18.241180419921875 14.875001907348633
  endloop
endfacet
facet normal 0.0 0.0 0.0
  outer loop
    vertex 11.492890357971191 -17.792892456054688 4.625003337860107
    vertex 11.699997901916504 -17.633974075317383 4.625003337860107
    vertex 11.69999885559082 -17.633974075317383 9.75000286102295
  endloop
endfacet
facet normal 0.0 0.0 0.0
  outer loop
    vertex 11.69999885559082 -17.633974075317383 9.75000286102295
    vertex 11.699997901916504 -17.633974075317383 4.625003337860107
    vertex 11.941179275512695 -17.534074783325195 9.75000286102295
  endloop
endfacet
facet normal 0.0 0.0 0.0
  outer loop
    vertex 11.492890357971191 -17.792892456054688 4.625003337860107
    vertex 11.69999885559082 -17.633974075317383 9.75000286102295
    vertex 11.492891311645508 -17.792892456054688 9.75000286102295
  endloop
endfacet
facet normal 0.0 0.0 0.0
  outer loop
    vertex 11.333971977233887 -18.0 4.625003337860107
    vertex 11.492890357971191 -17.792892456054688 4.625003337860107
    vertex 11.492891311645508 -17.792892456054688 9.75000286102295
  endloop
endfacet
facet normal 0.0 0.0 0.0
  outer loop
    vertex 11.333971977233887 -18.0 4.625003337860107
    vertex 11.492891311645508 -17.792892456054688 9.75000286102295
    vertex 11.333972930908203 -18.0 9.75000286102295
  endloop
endfacet
facet normal 0.0 0.0 0.0
  outer loop
    vertex 11.234070777893066 -18.241180419921875 4.625003337860107
    vertex 11.333971977233887 -18.0 4.625003337860107
    vertex 11.333972930908203 -18.0 9.75000286102295
  endloop
endfacet
facet normal 0.0 0.0 0.0
  outer loop
    vertex 11.234070777893066 -18.241180419921875 4.625003337860107
    vertex 11.333972930908203 -18.0 9.75000286102295
    vertex 11.234071731567383 -18.241180419921875 9.75000286102295
  endloop
endfacet
facet normal 0.0 0.0 0.0
  outer loop
    vertex 11.165925025939941 -18.758819580078125 20.000001907348633
    vertex 11.165925025939941 -18.758819580078125 15.000001907348633
    vertex 11.199999809265137 -18.5 20.000001907348633
  endloop
endfacet
facet normal 0.0 0.0 0.0
  outer loop
    vertex 11.199999809265137 -18.5 20.000001907348633
    vertex 11.165925025939941 -18.758819580078125 15.000001907348633
    vertex 11.165924072265625 -18.758819580078125 10.00000286102295
  endloop
endfacet
facet normal 0.0 0.0 0.0
  outer loop
    vertex 11.199999809265137 -18.5 20.000001907348633
    vertex 11.165924072265625 -18.758819580078125 10.00000286102295
    vertex 11.199997901916504 -18.5 3.814697265625e-06
  endloop
endfacet
facet normal 0.0 0.0 0.0
  outer loop
    vertex 11.199997901916504 -18.5 3.814697265625e-06
    vertex 11.165924072265625 -18.758819580078125 10.00000286102295
    vertex 11.165923118591309 -18.758819580078125 5.000003337860107
  endloop
endfacet
facet normal 0.0 0.0 0.0
  outer loop
    vertex 11.199997901916504 -18.5 3.814697265625e-06
    vertex 11.165923118591309 -18.758819580078125 5.000003337860107
    vertex 11.165923118591309 -18.758819580078125 3.814697265625e-06
  endloop
endfacet
facet normal 0.0 0.0 0.0
  outer loop
    vertex 11.165923118591309 -18.758819580078125 3.814697265625e-06
    vertex 11.165923118591309 -18.758819580078125 5.000003337860107
    vertex 11.066021919250488 -19.0 3.814697265625e-06
  endloop
endfacet
facet normal 0.0 0.0 0.0
  outer loop
    vertex 11.066021919250488 -19.0 3.814697265625e-06
    vertex 11.165923118591309 -18.758819580078125 5.000003337860107
    vertex 11.066021919250488 -19.0 5.000003337860107
  endloop
endfacet
facet normal 0.0 0.0 0.0
  outer loop
    vertex 11.066021919250488 -19.0 3.814697265625e-06
    vertex 11.066021919250488 -19.0 5.000003337860107
    vertex 10.907103538513184 -19.207107543945312 3.814697265625e-06
  endloop
endfacet
facet normal 0.0 0.0 0.0
  outer loop
    vertex 10.907103538513184 -19.207107543945312 3.814697265625e-06
    vertex 11.066021919250488 -19.0 5.000003337860107
    vertex 10.907103538513184 -19.207107543945312 5.000003337860107
  endloop
endfacet
facet normal 0.0 0.0 0.0
  outer loop
    vertex 10.907103538513184 -19.207107543945312 3.814697265625e-06
    vertex 10.907103538513184 -19.207107543945312 5.000003337860107
    vertex 10.699997901916504 -19.366025924682617 3.814697265625e-06
  endloop
endfacet
facet normal 0.0 0.0 0.0
  outer loop
    vertex 10.699997901916504 -19.366025924682617 3.814697265625e-06
    vertex 10.907103538513184 -19.207107543945312 5.000003337860107
    vertex 10.699997901916504 -19.366025924682617 5.000003337860107
  endloop
endfacet
facet normal 0.0 0.0 0.0
  outer loop
    vertex 10.699997901916504 -19.366025924682617 3.814697265625e-06
    vertex 10.699997901916504 -19.366025924682617 5.000003337860107
    vertex 10.458815574645996 -19.465925216674805 3.814697265625e-06
  endloop
endfacet
facet normal 0.0 0.0 0.0
  outer loop
    vertex 10.458815574645996 -19.465925216674805 3.814697265625e-06
    vertex 10.699997901916504 -19.366025924682617 5.000003337860107
    vertex 10.458815574645996 -19.465925216674805 5.000003337860107
  endloop
endfacet
facet normal 0.0 0.0 0.0
  outer loop
    vertex 10.458815574645996 -19.465925216674805 3.814697265625e-06
    vertex 10.458815574645996 -19.465925216674805 5.000003337860107
    vertex 10.199997901916504 -19.5 3.814697265625e-06
  endloop
endfacet
facet normal 0.0 0.0 0.0
  outer loop
    vertex 10.199997901916504 -19.5 3.814697265625e-06
    vertex 10.458815574645996 -19.465925216674805 5.000003337860107
    vertex 10.458816528320312 -19.465925216674805 10.00000286102295
  endloop
endfacet
facet normal 0.0 0.0 0.0
  outer loop
    vertex 10.199997901916504 -19.5 3.814697265625e-06
    vertex 10.458816528320312 -19.465925216674805 10.00000286102295
    vertex 10.199999809265137 -19.5 20.000001907348633
  endloop
endfacet
facet normal 0.0 0.0 0.0
  outer loop
    vertex 10.199999809265137 -19.5 20.000001907348633
    vertex 10.458816528320312 -19.465925216674805 10.00000286102295
    vertex 10.458817481994629 -19.465925216674805 15.000001907348633
  endloop
endfacet
facet normal 0.0 0.0 0.0
  outer loop
    vertex 10.199999809265137 -19.5 20.000001907348633
    vertex 10.458817481994629 -19.465925216674805 15.000001907348633
    vertex 10.458817481994629 -19.465925216674805 20.000001907348633
  endloop
endfacet
facet normal 0.0 0.0 0.0
  outer loop
    vertex 10.458817481994629 -19.465925216674805 20.000001907348633
    vertex 10.458817481994629 -19.465925216674805 15.000001907348633
    vertex 10.699999809265137 -19.366025924682617 20.000001907348633
  endloop
endfacet
facet normal 0.0 0.0 0.0
  outer loop
    vertex 10.699999809265137 -19.366025924682617 20.000001907348633
    vertex 10.458817481994629 -19.465925216674805 15.000001907348633
    vertex 10.699999809265137 -19.366025924682617 15.000001907348633
  endloop
endfacet
facet normal 0.0 0.0 0.0
  outer loop
    vertex 10.699999809265137 -19.366025924682617 20.000001907348633
    vertex 10.699999809265137 -19.366025924682617 15.000001907348633
    vertex 10.907105445861816 -19.207107543945312 20.000001907348633
  endloop
endfacet
facet normal 0.0 0.0 0.0
  outer loop
    vertex 10.907105445861816 -19.207107543945312 20.000001907348633
    vertex 10.699999809265137 -19.366025924682617 15.000001907348633
    vertex 10.907105445861816 -19.207107543945312 15.000001907348633
  endloop
endfacet
facet normal 0.0 0.0 0.0
  outer loop
    vertex 10.907105445861816 -19.207107543945312 20.000001907348633
    vertex 10.907105445861816 -19.207107543945312 15.000001907348633
    vertex 11.066023826599121 -19.0 20.000001907348633
  endloop
endfacet
facet normal 0.0 0.0 0.0
  outer loop
    vertex 11.066023826599121 -19.0 20.000001907348633
    vertex 10.907105445861816 -19.207107543945312 15.000001907348633
    vertex 11.066023826599121 -19.0 15.000001907348633
  endloop
endfacet
facet normal 0.0 0.0 0.0
  outer loop
    vertex 11.066023826599121 -19.0 20.000001907348633
    vertex 11.066023826599121 -19.0 15.000001907348633
    vertex 11.165925025939941 -18.758819580078125 20.000001907348633
  endloop
endfacet
facet normal 0.0 0.0 0.0
  outer loop
    vertex 11.165925025939941 -18.758819580078125 20.000001907348633
    vertex 11.066023826599121 -19.0 15.000001907348633
    vertex 11.165925025939941 -18.758819580078125 15.000001907348633
  endloop
endfacet
facet normal 0.0 0.0 0.0
  outer loop
    vertex 11.066021919250488 -19.0 5.000003337860107
    vertex 11.165923118591309 -18.758819580078125 5.000003337860107
    vertex 11.165924072265625 -18.758819580078125 10.00000286102295
  endloop
endfacet
facet normal 0.0 0.0 0.0
  outer loop
    vertex 11.165924072265625 -18.758819580078125 10.00000286102295
    vertex 11.165925025939941 -18.758819580078125 15.000001907348633
    vertex 11.066022872924805 -19.0 10.00000286102295
  endloop
endfacet
facet normal 0.0 0.0 0.0
  outer loop
    vertex 11.066022872924805 -19.0 10.00000286102295
    vertex 11.165925025939941 -18.758819580078125 15.000001907348633
    vertex 11.066023826599121 -19.0 15.000001907348633
  endloop
endfacet
facet normal 0.0 0.0 0.0
  outer loop
    vertex 11.066022872924805 -19.0 10.00000286102295
    vertex 11.066023826599121 -19.0 15.000001907348633
    vertex 10.9071044921875 -19.207107543945312 10.00000286102295
  endloop
endfacet
facet normal 0.0 0.0 0.0
  outer loop
    vertex 10.9071044921875 -19.207107543945312 10.00000286102295
    vertex 11.066023826599121 -19.0 15.000001907348633
    vertex 10.907105445861816 -19.207107543945312 15.000001907348633
  endloop
endfacet
facet normal 0.0 0.0 0.0
  outer loop
    vertex 10.9071044921875 -19.207107543945312 10.00000286102295
    vertex 10.907105445861816 -19.207107543945312 15.000001907348633
    vertex 10.69999885559082 -19.366025924682617 10.00000286102295
  endloop
endfacet
facet normal 0.0 0.0 0.0
  outer loop
    vertex 10.69999885559082 -19.366025924682617 10.00000286102295
    vertex 10.907105445861816 -19.207107543945312 15.000001907348633
    vertex 10.699999809265137 -19.366025924682617 15.000001907348633
  endloop
endfacet
facet normal 0.0 0.0 0.0
  outer loop
    vertex 10.69999885559082 -19.366025924682617 10.00000286102295
    vertex 10.699999809265137 -19.366025924682617 15.000001907348633
    vertex 10.458816528320312 -19.465925216674805 10.00000286102295
  endloop
endfacet
facet normal 0.0 0.0 0.0
  outer loop
    vertex 10.458816528320312 -19.465925216674805 10.00000286102295
    vertex 10.699999809265137 -19.366025924682617 15.000001907348633
    vertex 10.458817481994629 -19.465925216674805 15.000001907348633
  endloop
endfacet
facet normal 0.0 0.0 0.0
  outer loop
    vertex 10.907103538513184 -19.207107543945312 5.000003337860107
    vertex 11.066021919250488 -19.0 5.000003337860107
    vertex 11.066022872924805 -19.0 10.00000286102295
  endloop
endfacet
facet normal 0.0 0.0 0.0
  outer loop
    vertex 11.066022872924805 -19.0 10.00000286102295
    vertex 11.066021919250488 -19.0 5.000003337860107
    vertex 11.165924072265625 -18.758819580078125 10.00000286102295
  endloop
endfacet
facet normal 0.0 0.0 0.0
  outer loop
    vertex 10.907103538513184 -19.207107543945312 5.000003337860107
    vertex 11.066022872924805 -19.0 10.00000286102295
    vertex 10.9071044921875 -19.207107543945312 10.00000286102295
  endloop
endfacet
facet normal 0.0 0.0 0.0
  outer loop
    vertex 10.699997901916504 -19.366025924682617 5.000003337860107
    vertex 10.907103538513184 -19.207107543945312 5.000003337860107
    vertex 10.9071044921875 -19.207107543945312 10.00000286102295
  endloop
endfacet
facet normal 0.0 0.0 0.0
  outer loop
    vertex 10.699997901916504 -19.366025924682617 5.000003337860107
    vertex 10.9071044921875 -19.207107543945312 10.00000286102295
    vertex 10.69999885559082 -19.366025924682617 10.00000286102295
  endloop
endfacet
facet normal 0.0 0.0 0.0
  outer loop
    vertex 10.458815574645996 -19.465925216674805 5.000003337860107
    vertex 10.699997901916504 -19.366025924682617 5.000003337860107
    vertex 10.69999885559082 -19.366025924682617 10.00000286102295
  endloop
endfacet
facet normal 0.0 0.0 0.0
  outer loop
    vertex 10.458815574645996 -19.465925216674805 5.000003337860107
    vertex 10.69999885559082 -19.366025924682617 10.00000286102295
    vertex 10.458816528320312 -19.465925216674805 10.00000286102295
  endloop
endfacet
facet normal 0.0 0.0 0.0
  outer loop
    vertex -6.000000953674316 10.001018524169922 5.7220458984375e-06
    vertex -5.926305294036865 9.0625 5.7220458984375e-06
    vertex -12.118324279785156 6.75 5.7220458984375e-06
  endloop
endfacet
facet normal 0.0 0.0 0.0
  outer loop
    vertex -12.118324279785156 6.75 5.7220458984375e-06
    vertex -5.926305294036865 9.0625 5.7220458984375e-06
    vertex -5.9098219871521 8.570402145385742 5.7220458984375e-06
  endloop
endfacet
facet normal 0.0 0.0 0.0
  outer loop
    vertex -12.118324279785156 6.75 5.7220458984375e-06
    vertex -5.9098219871521 8.570402145385742 5.7220458984375e-06
    vertex -6.01406192779541 8.089190483093262 5.7220458984375e-06
  endloop
endfacet
facet normal 0.0 0.0 0.0
  outer loop
    vertex -6.01406192779541 8.089190483093262 5.7220458984375e-06
    vertex -6.232712745666504 7.6480278968811035 5.7220458984375e-06
    vertex -12.118324279785156 6.75 5.7220458984375e-06
  endloop
endfacet
facet normal 0.0 0.0 0.0
  outer loop
    vertex -12.118324279785156 6.75 5.7220458984375e-06
    vertex -6.232712745666504 7.6480278968811035 5.7220458984375e-06
    vertex -6.552517890930176 7.273653984069824 5.7220458984375e-06
  endloop
endfacet
facet normal 0.0 0.0 0.0
  outer loop
    vertex -12.118324279785156 6.75 5.7220458984375e-06
    vertex -6.552517890930176 7.273653984069824 5.7220458984375e-06
    vertex -7.901741981506348 6.75 5.7220458984375e-06
  endloop
endfacet
facet normal 0.0 0.0 0.0
  outer loop
    vertex -7.901741981506348 6.75 5.7220458984375e-06
    vertex -6.552517890930176 7.273653984069824 5.7220458984375e-06
    vertex -6.954098701477051 6.988758563995361 5.7220458984375e-06
  endloop
endfacet
facet normal 0.0 0.0 0.0
  outer loop
    vertex -7.901741981506348 6.75 5.7220458984375e-06
    vertex -6.954098701477051 6.988758563995361 5.7220458984375e-06
    vertex -7.413113594055176 6.81060791015625 5.7220458984375e-06
  endloop
endfacet
facet normal 0.0 0.0 0.0
  outer loop
    vertex -12.118324279785156 6.75 5.7220458984375e-06
    vertex -12.635963439941406 6.681851863861084 5.7220458984375e-06
    vertex -6.000000953674316 10.001018524169922 5.7220458984375e-06
  endloop
endfacet
facet normal 0.0 0.0 0.0
  outer loop
    vertex -6.000000953674316 10.001018524169922 5.7220458984375e-06
    vertex -12.635963439941406 6.681851863861084 5.7220458984375e-06
    vertex -5.925988674163818 10.939512252807617 5.7220458984375e-06
  endloop
endfacet
facet normal 0.0 0.0 0.0
  outer loop
    vertex -5.925988674163818 10.939512252807617 5.7220458984375e-06
    vertex -12.635963439941406 6.681851863861084 5.7220458984375e-06
    vertex -38.874996185302734 17.5 8.58306884765625e-06
  endloop
endfacet
facet normal 0.0 0.0 0.0
  outer loop
    vertex -5.925988674163818 10.939512252807617 5.7220458984375e-06
    vertex -38.874996185302734 17.5 8.58306884765625e-06
    vertex -5.706090450286865 11.854877471923828 5.7220458984375e-06
  endloop
endfacet
facet normal 0.0 0.0 0.0
  outer loop
    vertex -5.706090450286865 11.854877471923828 5.7220458984375e-06
    vertex -38.874996185302734 17.5 8.58306884765625e-06
    vertex -12.200000762939453 17.5 5.7220458984375e-06
  endloop
endfacet
facet normal 0.0 0.0 0.0
  outer loop
    vertex -5.706090450286865 11.854877471923828 5.7220458984375e-06
    vertex -12.200000762939453 17.5 5.7220458984375e-06
    vertex -5.3457159996032715 12.724577903747559 5.7220458984375e-06
  endloop
endfacet
facet normal 0.0 0.0 0.0
  outer loop
    vertex -5.3457159996032715 12.724577903747559 5.7220458984375e-06
    vertex -12.200000762939453 17.5 5.7220458984375e-06
    vertex -4.853745937347412 13.527206420898438 4.76837158203125e-06
  endloop
endfacet
facet normal 0.0 0.0 0.0
  outer loop
    vertex -4.853745937347412 13.527206420898438 4.76837158203125e-06
    vertex -12.200000762939453 17.5 5.7220458984375e-06
    vertex -4.24228048324585 14.243000984191895 4.76837158203125e-06
  endloop
endfacet
facet normal 0.0 0.0 0.0
  outer loop
    vertex -4.24228048324585 14.243000984191895 4.76837158203125e-06
    vertex -12.200000762939453 17.5 5.7220458984375e-06
    vertex -9.20000171661377 17.5 5.7220458984375e-06
  endloop
endfacet
facet normal 0.0 0.0 0.0
  outer loop
    vertex -4.24228048324585 14.243000984191895 4.76837158203125e-06
    vertex -9.20000171661377 17.5 5.7220458984375e-06
    vertex -3.526383876800537 14.854341506958008 4.76837158203125e-06
  endloop
endfacet
facet normal 0.0 0.0 0.0
  outer loop
    vertex -3.526383876800537 14.854341506958008 4.76837158203125e-06
    vertex -9.20000171661377 17.5 5.7220458984375e-06
    vertex -2.72367262840271 15.34617805480957 4.76837158203125e-06
  endloop
endfacet
facet normal 0.0 0.0 0.0
  outer loop
    vertex -2.72367262840271 15.34617805480957 4.76837158203125e-06
    vertex -9.20000171661377 17.5 5.7220458984375e-06
    vertex -1.853910207748413 15.706401824951172 4.76837158203125e-06
  endloop
endfacet
facet normal 0.0 0.0 0.0
  outer loop
    vertex -1.853910207748413 15.706401824951172 4.76837158203125e-06
    vertex -9.20000171661377 17.5 5.7220458984375e-06
    vertex -0.9385088682174683 15.926145553588867 4.76837158203125e-06
  endloop
endfacet
facet normal 0.0 0.0 0.0
  outer loop
    vertex -0.9385088682174683 15.926145553588867 4.76837158203125e-06
    vertex -9.20000171661377 17.5 5.7220458984375e-06
    vertex -1.93776895685005e-06 16.0 4.76837158203125e-06
  endloop
endfacet
facet normal 0.0 0.0 0.0
  outer loop
    vertex -1.93776895685005e-06 16.0 4.76837158203125e-06
    vertex -9.20000171661377 17.5 5.7220458984375e-06
    vertex 9.199997901916504 17.5 3.814697265625e-06
  endloop
endfacet
facet normal 0.0 0.0 0.0
  outer loop
    vertex -1.93776895685005e-06 16.0 4.76837158203125e-06
    vertex 9.199997901916504 17.5 3.814697265625e-06
    vertex 0.9385050535202026 15.926145553588867 4.76837158203125e-06
  endloop
endfacet
facet normal 0.0 0.0 0.0
  outer loop
    vertex 0.9385050535202026 15.926145553588867 4.76837158203125e-06
    vertex 9.199997901916504 17.5 3.814697265625e-06
    vertex 1.8539063930511475 15.706401824951172 4.76837158203125e-06
  endloop
endfacet
facet normal 0.0 0.0 0.0
  outer loop
    vertex 1.8539063930511475 15.706401824951172 4.76837158203125e-06
    vertex 9.199997901916504 17.5 3.814697265625e-06
    vertex 2.7236688137054443 15.34617805480957 4.76837158203125e-06
  endloop
endfacet
facet normal 0.0 0.0 0.0
  outer loop
    vertex 2.7236688137054443 15.34617805480957 4.76837158203125e-06
    vertex 9.199997901916504 17.5 3.814697265625e-06
    vertex 3.5263800621032715 14.854341506958008 4.76837158203125e-06
  endloop
endfacet
facet normal 0.0 0.0 0.0
  outer loop
    vertex 3.5263800621032715 14.854341506958008 4.76837158203125e-06
    vertex 9.199997901916504 17.5 3.814697265625e-06
    vertex 4.242276668548584 14.243000984191895 4.76837158203125e-06
  endloop
endfacet
facet normal 0.0 0.0 0.0
  outer loop
    vertex 4.242276668548584 14.243000984191895 4.76837158203125e-06
    vertex 9.199997901916504 17.5 3.814697265625e-06
    vertex 12.199996948242188 17.5 3.814697265625e-06
  endloop
endfacet
facet normal 0.0 0.0 0.0
  outer loop
    vertex 4.242276668548584 14.243000984191895 4.76837158203125e-06
    vertex 12.199996948242188 17.5 3.814697265625e-06
    vertex 4.8537421226501465 13.527206420898438 4.76837158203125e-06
  endloop
endfacet
facet normal 0.0 0.0 0.0
  outer loop
    vertex 4.8537421226501465 13.527206420898438 4.76837158203125e-06
    vertex 12.199996948242188 17.5 3.814697265625e-06
    vertex 18.8749942779541 10.75 2.86102294921875e-06
  endloop
endfacet
facet normal 0.0 0.0 0.0
  outer loop
    vertex 4.8537421226501465 13.527206420898438 4.76837158203125e-06
    vertex 18.8749942779541 10.75 2.86102294921875e-06
    vertex 18.357357025146484 10.681851387023926 2.86102294921875e-06
  endloop
endfacet
facet normal 0.0 0.0 0.0
  outer loop
    vertex -12.635963439941406 6.681851863861084 5.7220458984375e-06
    vertex -13.118324279785156 6.482050895690918 5.7220458984375e-06
    vertex -38.874996185302734 17.5 8.58306884765625e-06
  endloop
endfacet
facet normal 0.0 0.0 0.0
  outer loop
    vertex -38.874996185302734 17.5 8.58306884765625e-06
    vertex -13.118324279785156 6.482050895690918 5.7220458984375e-06
    vertex -49.42109680175781 13.965301513671875 9.5367431640625e-06
  endloop
endfacet
facet normal 0.0 0.0 0.0
  outer loop
    vertex -38.874996185302734 17.5 8.58306884765625e-06
    vertex -49.42109680175781 13.965301513671875 9.5367431640625e-06
    vertex -48.087554931640625 14.878799438476562 9.5367431640625e-06
  endloop
endfacet
facet normal 0.0 0.0 0.0
  outer loop
    vertex -13.532539367675781 6.16421365737915 5.7220458984375e-06
    vertex -51.807647705078125 11.789673805236816 9.5367431640625e-06
    vertex -13.118324279785156 6.482050895690918 5.7220458984375e-06
  endloop
endfacet
facet normal 0.0 0.0 0.0
  outer loop
    vertex -13.118324279785156 6.482050895690918 5.7220458984375e-06
    vertex -51.807647705078125 11.789673805236816 9.5367431640625e-06
    vertex -50.66466522216797 12.932656288146973 9.5367431640625e-06
  endloop
endfacet
facet normal 0.0 0.0 0.0
  outer loop
    vertex -13.118324279785156 6.482050895690918 5.7220458984375e-06
    vertex -50.66466522216797 12.932656288146973 9.5367431640625e-06
    vertex -49.42109680175781 13.965301513671875 9.5367431640625e-06
  endloop
endfacet
facet normal 0.0 0.0 0.0
  outer loop
    vertex -13.85037612915039 5.75 5.7220458984375e-06
    vertex -38.874996185302734 1.5 8.58306884765625e-06
    vertex -13.532539367675781 6.16421365737915 5.7220458984375e-06
  endloop
endfacet
facet normal 0.0 0.0 0.0
  outer loop
    vertex -13.532539367675781 6.16421365737915 5.7220458984375e-06
    vertex -38.874996185302734 1.5 8.58306884765625e-06
    vertex -52.840293884277344 10.546106338500977 9.5367431640625e-06
  endloop
endfacet
facet normal 0.0 0.0 0.0
  outer loop
    vertex -13.532539367675781 6.16421365737915 5.7220458984375e-06
    vertex -52.840293884277344 10.546106338500977 9.5367431640625e-06
    vertex -51.807647705078125 11.789673805236816 9.5367431640625e-06
  endloop
endfacet
facet normal 0.0 0.0 0.0
  outer loop
    vertex -38.874996185302734 1.5 8.58306884765625e-06
    vertex -13.85037612915039 5.75 5.7220458984375e-06
    vertex -38.48676681518555 1.4488887786865234 8.58306884765625e-06
  endloop
endfacet
facet normal 0.0 0.0 0.0
  outer loop
    vertex -38.48676681518555 1.4488887786865234 8.58306884765625e-06
    vertex -13.85037612915039 5.75 5.7220458984375e-06
    vertex -14.050174713134766 5.267638206481934 5.7220458984375e-06
  endloop
endfacet
facet normal 0.0 0.0 0.0
  outer loop
    vertex -38.48676681518555 1.4488887786865234 8.58306884765625e-06
    vertex -14.050174713134766 5.267638206481934 5.7220458984375e-06
    vertex -14.118324279785156 4.75 5.7220458984375e-06
  endloop
endfacet
facet normal 0.0 0.0 0.0
  outer loop
    vertex -14.118324279785156 -4.75 5.7220458984375e-06
    vertex -37.374996185302734 6.375108774214766e-16 8.58306884765625e-06
    vertex -14.118324279785156 4.75 5.7220458984375e-06
  endloop
endfacet
facet normal 0.0 0.0 0.0
  outer loop
    vertex -14.118324279785156 4.75 5.7220458984375e-06
    vertex -37.374996185302734 6.375108774214766e-16 8.58306884765625e-06
    vertex -37.42610549926758 0.38822856545448303 8.58306884765625e-06
  endloop
endfacet
facet normal 0.0 0.0 0.0
  outer loop
    vertex -14.118324279785156 4.75 5.7220458984375e-06
    vertex -37.42610549926758 0.38822856545448303 8.58306884765625e-06
    vertex -37.57595443725586 0.75 8.58306884765625e-06
  endloop
endfacet
facet normal 0.0 0.0 0.0
  outer loop
    vertex -14.050174713134766 -5.267638206481934 5.7220458984375e-06
    vertex -38.48676681518555 -1.4488887786865234 8.58306884765625e-06
    vertex -14.118324279785156 -4.75 5.7220458984375e-06
  endloop
endfacet
facet normal 0.0 0.0 0.0
  outer loop
    vertex -14.118324279785156 -4.75 5.7220458984375e-06
    vertex -38.48676681518555 -1.4488887786865234 8.58306884765625e-06
    vertex -38.124996185302734 -1.299038052558899 8.58306884765625e-06
  endloop
endfacet
facet normal 0.0 0.0 0.0
  outer loop
    vertex -14.118324279785156 -4.75 5.7220458984375e-06
    vertex -38.124996185302734 -1.299038052558899 8.58306884765625e-06
    vertex -37.814334869384766 -1.0606601238250732 8.58306884765625e-06
  endloop
endfacet
facet normal 0.0 0.0 0.0
  outer loop
    vertex -14.050174713134766 -5.267638206481934 5.7220458984375e-06
    vertex -13.85037612915039 -5.75 5.7220458984375e-06
    vertex -38.48676681518555 -1.4488887786865234 8.58306884765625e-06
  endloop
endfacet
facet normal 0.0 0.0 0.0
  outer loop
    vertex -38.48676681518555 -1.4488887786865234 8.58306884765625e-06
    vertex -13.85037612915039 -5.75 5.7220458984375e-06
    vertex -38.874996185302734 -1.5 8.58306884765625e-06
  endloop
endfacet
facet normal 0.0 0.0 0.0
  outer loop
    vertex -38.874996185302734 -1.5 8.58306884765625e-06
    vertex -13.85037612915039 -5.75 5.7220458984375e-06
    vertex -13.532539367675781 -6.16421365737915 5.7220458984375e-06
  endloop
endfacet
facet normal 0.0 0.0 0.0
  outer loop
    vertex -38.874996185302734 -1.5 8.58306884765625e-06
    vertex -13.532539367675781 -6.16421365737915 5.7220458984375e-06
    vertex -52.840293884277344 -10.546106338500977 9.5367431640625e-06
  endloop
endfacet
facet normal 0.0 0.0 0.0
  outer loop
    vertex -52.840293884277344 -10.546106338500977 9.5367431640625e-06
    vertex -13.532539367675781 -6.16421365737915 5.7220458984375e-06
    vertex -51.807647705078125 -11.789673805236816 9.5367431640625e-06
  endloop
endfacet
facet normal 0.0 0.0 0.0
  outer loop
    vertex -51.807647705078125 -11.789673805236816 9.5367431640625e-06
    vertex -13.532539367675781 -6.16421365737915 5.7220458984375e-06
    vertex -13.118324279785156 -6.482050895690918 5.7220458984375e-06
  endloop
endfacet
facet normal 0.0 0.0 0.0
  outer loop
    vertex -51.807647705078125 -11.789673805236816 9.5367431640625e-06
    vertex -13.118324279785156 -6.482050895690918 5.7220458984375e-06
    vertex -50.66466522216797 -12.932656288146973 9.5367431640625e-06
  endloop
endfacet
facet normal 0.0 0.0 0.0
  outer loop
    vertex -50.66466522216797 -12.932656288146973 9.5367431640625e-06
    vertex -13.118324279785156 -6.482050895690918 5.7220458984375e-06
    vertex -49.42109680175781 -13.965301513671875 9.5367431640625e-06
  endloop
endfacet
facet normal 0.0 0.0 0.0
  outer loop
    vertex -49.42109680175781 -13.965301513671875 9.5367431640625e-06
    vertex -13.118324279785156 -6.482050895690918 5.7220458984375e-06
    vertex -38.874996185302734 -17.5 8.58306884765625e-06
  endloop
endfacet
facet normal 0.0 0.0 0.0
  outer loop
    vertex -49.42109680175781 -13.965301513671875 9.5367431640625e-06
    vertex -38.874996185302734 -17.5 8.58306884765625e-06
    vertex -48.087554931640625 -14.878799438476562 9.5367431640625e-06
  endloop
endfacet
facet normal 0.0 0.0 0.0
  outer loop
    vertex -48.087554931640625 -14.878799438476562 9.5367431640625e-06
    vertex -38.874996185302734 -17.5 8.58306884765625e-06
    vertex -46.675418853759766 -15.66535758972168 9.5367431640625e-06
  endloop
endfacet
facet normal 0.0 0.0 0.0
  outer loop
    vertex -46.675418853759766 -15.66535758972168 9.5367431640625e-06
    vertex -38.874996185302734 -17.5 8.58306884765625e-06
    vertex -45.19672775268555 -16.31826400756836 9.5367431640625e-06
  endloop
endfacet
facet normal 0.0 0.0 0.0
  outer loop
    vertex -45.19672775268555 -16.31826400756836 9.5367431640625e-06
    vertex -38.874996185302734 -17.5 8.58306884765625e-06
    vertex -43.66409683227539 -16.83194923400879 8.58306884765625e-06
  endloop
endfacet
facet normal 0.0 0.0 0.0
  outer loop
    vertex -43.66409683227539 -16.83194923400879 8.58306884765625e-06
    vertex -38.874996185302734 -17.5 8.58306884765625e-06
    vertex -42.09061050415039 -17.202030181884766 8.58306884765625e-06
  endloop
endfacet
facet normal 0.0 0.0 0.0
  outer loop
    vertex -42.09061050415039 -17.202030181884766 8.58306884765625e-06
    vertex -38.874996185302734 -17.5 8.58306884765625e-06
    vertex -40.489688873291016 -17.42534828186035 8.58306884765625e-06
  endloop
endfacet
facet normal 0.0 0.0 0.0
  outer loop
    vertex -13.118324279785156 -6.482050895690918 5.7220458984375e-06
    vertex -12.635963439941406 -6.681851863861084 5.7220458984375e-06
    vertex -38.874996185302734 -17.5 8.58306884765625e-06
  endloop
endfacet
facet normal 0.0 0.0 0.0
  outer loop
    vertex -38.874996185302734 -17.5 8.58306884765625e-06
    vertex -12.635963439941406 -6.681851863861084 5.7220458984375e-06
    vertex -12.200000762939453 -17.5 5.7220458984375e-06
  endloop
endfacet
facet normal 0.0 0.0 0.0
  outer loop
    vertex -12.200000762939453 -17.5 5.7220458984375e-06
    vertex -12.635963439941406 -6.681851863861084 5.7220458984375e-06
    vertex -12.118324279785156 -6.75 5.7220458984375e-06
  endloop
endfacet
facet normal 0.0 0.0 0.0
  outer loop
    vertex -12.200000762939453 -17.5 5.7220458984375e-06
    vertex -12.118324279785156 -6.75 5.7220458984375e-06
    vertex -9.20000171661377 -17.5 5.7220458984375e-06
  endloop
endfacet
facet normal 0.0 0.0 0.0
  outer loop
    vertex -9.20000171661377 -17.5 5.7220458984375e-06
    vertex -12.118324279785156 -6.75 5.7220458984375e-06
    vertex 9.87499713897705 -6.75 3.814697265625e-06
  endloop
endfacet
facet normal 0.0 0.0 0.0
  outer loop
    vertex -9.20000171661377 -17.5 5.7220458984375e-06
    vertex 9.87499713897705 -6.75 3.814697265625e-06
    vertex 17.46078109741211 -10.164213180541992 2.86102294921875e-06
  endloop
endfacet
facet normal 0.0 0.0 0.0
  outer loop
    vertex 17.46078109741211 -10.164213180541992 2.86102294921875e-06
    vertex 9.87499713897705 -6.75 3.814697265625e-06
    vertex 17.1429443359375 -9.75 2.86102294921875e-06
  endloop
endfacet
facet normal 0.0 0.0 0.0
  outer loop
    vertex 17.1429443359375 -9.75 2.86102294921875e-06
    vertex 9.87499713897705 -6.75 3.814697265625e-06
    vertex 16.94314193725586 -9.267638206481934 2.86102294921875e-06
  endloop
endfacet
facet normal 0.0 0.0 0.0
  outer loop
    vertex 16.94314193725586 -9.267638206481934 2.86102294921875e-06
    vertex 9.87499713897705 -6.75 3.814697265625e-06
    vertex 16.8749942779541 -8.75 2.86102294921875e-06
  endloop
endfacet
facet normal 0.0 0.0 0.0
  outer loop
    vertex 16.8749942779541 -8.75 2.86102294921875e-06
    vertex 9.87499713897705 -6.75 3.814697265625e-06
    vertex 10.431300163269043 -6.687319755554199 3.814697265625e-06
  endloop
endfacet
facet normal 0.0 0.0 0.0
  outer loop
    vertex 16.8749942779541 -8.75 2.86102294921875e-06
    vertex 10.431300163269043 -6.687319755554199 3.814697265625e-06
    vertex 16.94314193725586 -8.232361793518066 2.86102294921875e-06
  endloop
endfacet
facet normal 0.0 0.0 0.0
  outer loop
    vertex 16.94314193725586 -8.232361793518066 2.86102294921875e-06
    vertex 10.431300163269043 -6.687319755554199 3.814697265625e-06
    vertex 17.1429443359375 -7.75 2.86102294921875e-06
  endloop
endfacet
facet normal 0.0 0.0 0.0
  outer loop
    vertex 17.1429443359375 -7.75 2.86102294921875e-06
    vertex 10.431300163269043 -6.687319755554199 3.814697265625e-06
    vertex 10.95970630645752 -6.502422332763672 3.814697265625e-06
  endloop
endfacet
facet normal 0.0 0.0 0.0
  outer loop
    vertex 17.1429443359375 -7.75 2.86102294921875e-06
    vertex 10.95970630645752 -6.502422332763672 3.814697265625e-06
    vertex 17.46078109741211 -7.33578634262085 2.86102294921875e-06
  endloop
endfacet
facet normal 0.0 0.0 0.0
  outer loop
    vertex 17.46078109741211 -7.33578634262085 2.86102294921875e-06
    vertex 10.95970630645752 -6.502422332763672 3.814697265625e-06
    vertex 11.433722496032715 -6.204578876495361 3.814697265625e-06
  endloop
endfacet
facet normal 0.0 0.0 0.0
  outer loop
    vertex 17.46078109741211 -7.33578634262085 2.86102294921875e-06
    vertex 11.433722496032715 -6.204578876495361 3.814697265625e-06
    vertex 17.8749942779541 -7.017949104309082 2.86102294921875e-06
  endloop
endfacet
facet normal 0.0 0.0 0.0
  outer loop
    vertex 17.8749942779541 -7.017949104309082 2.86102294921875e-06
    vertex 11.433722496032715 -6.204578876495361 3.814697265625e-06
    vertex 11.829575538635254 -5.808724403381348 3.814697265625e-06
  endloop
endfacet
facet normal 0.0 0.0 0.0
  outer loop
    vertex 17.8749942779541 -7.017949104309082 2.86102294921875e-06
    vertex 11.829575538635254 -5.808724403381348 3.814697265625e-06
    vertex 18.357357025146484 -6.818148136138916 2.86102294921875e-06
  endloop
endfacet
facet normal 0.0 0.0 0.0
  outer loop
    vertex 18.357357025146484 -6.818148136138916 2.86102294921875e-06
    vertex 11.829575538635254 -5.808724403381348 3.814697265625e-06
    vertex 12.127418518066406 -5.334709167480469 3.814697265625e-06
  endloop
endfacet
facet normal 0.0 0.0 0.0
  outer loop
    vertex 18.357357025146484 -6.818148136138916 2.86102294921875e-06
    vertex 12.127418518066406 -5.334709167480469 3.814697265625e-06
    vertex 12.31231689453125 -4.806302547454834 3.814697265625e-06
  endloop
endfacet
facet normal 0.0 0.0 0.0
  outer loop
    vertex 18.357357025146484 -6.818148136138916 2.86102294921875e-06
    vertex 12.31231689453125 -4.806302547454834 3.814697265625e-06
    vertex 18.8749942779541 -6.75 2.86102294921875e-06
  endloop
endfacet
facet normal 0.0 0.0 0.0
  outer loop
    vertex 18.8749942779541 -6.75 2.86102294921875e-06
    vertex 12.31231689453125 -4.806302547454834 3.814697265625e-06
    vertex 12.374996185302734 -4.25 3.814697265625e-06
  endloop
endfacet
facet normal 0.0 0.0 0.0
  outer loop
    vertex 18.8749942779541 -6.75 2.86102294921875e-06
    vertex 12.374996185302734 -4.25 3.814697265625e-06
    vertex 33.78362274169922 -2.6721582412719727 1.9073486328125e-06
  endloop
endfacet
facet normal 0.0 0.0 0.0
  outer loop
    vertex 33.78362274169922 -2.6721582412719727 1.9073486328125e-06
    vertex 12.374996185302734 -4.25 3.814697265625e-06
    vertex 33.4209098815918 -1.8208409547805786 1.9073486328125e-06
  endloop
endfacet
facet normal 0.0 0.0 0.0
  outer loop
    vertex 33.4209098815918 -1.8208409547805786 1.9073486328125e-06
    vertex 12.374996185302734 -4.25 3.814697265625e-06
    vertex 33.199459075927734 -0.9223648905754089 1.9073486328125e-06
  endloop
endfacet
facet normal 0.0 0.0 0.0
  outer loop
    vertex 33.199459075927734 -0.9223648905754089 1.9073486328125e-06
    vertex 12.374996185302734 -4.25 3.814697265625e-06
    vertex 33.124996185302734 -5.551115123125783e-16 1.9073486328125e-06
  endloop
endfacet
facet normal 0.0 0.0 0.0
  outer loop
    vertex 33.124996185302734 -5.551115123125783e-16 1.9073486328125e-06
    vertex 12.374996185302734 -4.25 3.814697265625e-06
    vertex 12.374996185302734 4.25 3.814697265625e-06
  endloop
endfacet
facet normal 0.0 0.0 0.0
  outer loop
    vertex 33.124996185302734 -5.551115123125783e-16 1.9073486328125e-06
    vertex 12.374996185302734 4.25 3.814697265625e-06
    vertex 33.199459075927734 0.9223648905754089 1.9073486328125e-06
  endloop
endfacet
facet normal 0.0 0.0 0.0
  outer loop
    vertex 33.199459075927734 0.9223648905754089 1.9073486328125e-06
    vertex 12.374996185302734 4.25 3.814697265625e-06
    vertex 33.4209098815918 1.8208409547805786 1.9073486328125e-06
  endloop
endfacet
facet normal 0.0 0.0 0.0
  outer loop
    vertex 33.4209098815918 1.8208409547805786 1.9073486328125e-06
    vertex 12.374996185302734 4.25 3.814697265625e-06
    vertex 33.78362274169922 2.6721582412719727 1.9073486328125e-06
  endloop
endfacet
facet normal 0.0 0.0 0.0
  outer loop
    vertex 33.78362274169922 2.6721582412719727 1.9073486328125e-06
    vertex 12.374996185302734 4.25 3.814697265625e-06
    vertex 18.8749942779541 6.75 2.86102294921875e-06
  endloop
endfacet
facet normal 0.0 0.0 0.0
  outer loop
    vertex 33.78362274169922 2.6721582412719727 1.9073486328125e-06
    vertex 18.8749942779541 6.75 2.86102294921875e-06
    vertex 19.39263153076172 6.818148136138916 2.86102294921875e-06
  endloop
endfacet
facet normal 0.0 0.0 0.0
  outer loop
    vertex 12.374996185302734 4.25 3.814697265625e-06
    vertex 12.31231689453125 4.806302547454834 3.814697265625e-06
    vertex 18.8749942779541 6.75 2.86102294921875e-06
  endloop
endfacet
facet normal 0.0 0.0 0.0
  outer loop
    vertex 18.8749942779541 6.75 2.86102294921875e-06
    vertex 12.31231689453125 4.806302547454834 3.814697265625e-06
    vertex 18.357357025146484 6.818148136138916 2.86102294921875e-06
  endloop
endfacet
facet normal 0.0 0.0 0.0
  outer loop
    vertex 18.357357025146484 6.818148136138916 2.86102294921875e-06
    vertex 12.31231689453125 4.806302547454834 3.814697265625e-06
    vertex 12.127418518066406 5.334709167480469 3.814697265625e-06
  endloop
endfacet
facet normal 0.0 0.0 0.0
  outer loop
    vertex 18.357357025146484 6.818148136138916 2.86102294921875e-06
    vertex 12.127418518066406 5.334709167480469 3.814697265625e-06
    vertex 11.829575538635254 5.808724403381348 3.814697265625e-06
  endloop
endfacet
facet normal 0.0 0.0 0.0
  outer loop
    vertex 18.357357025146484 6.818148136138916 2.86102294921875e-06
    vertex 11.829575538635254 5.808724403381348 3.814697265625e-06
    vertex 17.8749942779541 7.017949104309082 2.86102294921875e-06
  endloop
endfacet
facet normal 0.0 0.0 0.0
  outer loop
    vertex 17.8749942779541 7.017949104309082 2.86102294921875e-06
    vertex 11.829575538635254 5.808724403381348 3.814697265625e-06
    vertex 11.433722496032715 6.204578876495361 3.814697265625e-06
  endloop
endfacet
facet normal 0.0 0.0 0.0
  outer loop
    vertex 17.8749942779541 7.017949104309082 2.86102294921875e-06
    vertex 11.433722496032715 6.204578876495361 3.814697265625e-06
    vertex 17.46078109741211 7.33578634262085 2.86102294921875e-06
  endloop
endfacet
facet normal 0.0 0.0 0.0
  outer loop
    vertex 17.46078109741211 7.33578634262085 2.86102294921875e-06
    vertex 11.433722496032715 6.204578876495361 3.814697265625e-06
    vertex 10.95970630645752 6.502422332763672 3.814697265625e-06
  endloop
endfacet
facet normal 0.0 0.0 0.0
  outer loop
    vertex 17.46078109741211 7.33578634262085 2.86102294921875e-06
    vertex 10.95970630645752 6.502422332763672 3.814697265625e-06
    vertex 17.1429443359375 7.75 2.86102294921875e-06
  endloop
endfacet
facet normal 0.0 0.0 0.0
  outer loop
    vertex 17.1429443359375 7.75 2.86102294921875e-06
    vertex 10.95970630645752 6.502422332763672 3.814697265625e-06
    vertex 10.431300163269043 6.687319755554199 3.814697265625e-06
  endloop
endfacet
facet normal 0.0 0.0 0.0
  outer loop
    vertex 17.1429443359375 7.75 2.86102294921875e-06
    vertex 10.431300163269043 6.687319755554199 3.814697265625e-06
    vertex 16.94314193725586 8.232361793518066 2.86102294921875e-06
  endloop
endfacet
facet normal 0.0 0.0 0.0
  outer loop
    vertex 16.94314193725586 8.232361793518066 2.86102294921875e-06
    vertex 10.431300163269043 6.687319755554199 3.814697265625e-06
    vertex 16.8749942779541 8.75 2.86102294921875e-06
  endloop
endfacet
facet normal 0.0 0.0 0.0
  outer loop
    vertex 16.8749942779541 8.75 2.86102294921875e-06
    vertex 10.431300163269043 6.687319755554199 3.814697265625e-06
    vertex 9.87499713897705 6.75 3.814697265625e-06
  endloop
endfacet
facet normal 0.0 0.0 0.0
  outer loop
    vertex 16.8749942779541 8.75 2.86102294921875e-06
    vertex 9.87499713897705 6.75 3.814697265625e-06
    vertex 5.909818172454834 8.570402145385742 3.814697265625e-06
  endloop
endfacet
facet normal 0.0 0.0 0.0
  outer loop
    vertex 5.909818172454834 8.570402145385742 3.814697265625e-06
    vertex 9.87499713897705 6.75 3.814697265625e-06
    vertex 6.0140581130981445 8.089190483093262 3.814697265625e-06
  endloop
endfacet
facet normal 0.0 0.0 0.0
  outer loop
    vertex 6.0140581130981445 8.089190483093262 3.814697265625e-06
    vertex 9.87499713897705 6.75 3.814697265625e-06
    vertex 6.232708930969238 7.6480278968811035 3.814697265625e-06
  endloop
endfacet
facet normal 0.0 0.0 0.0
  outer loop
    vertex 6.232708930969238 7.6480278968811035 3.814697265625e-06
    vertex 9.87499713897705 6.75 3.814697265625e-06
    vertex 6.55251407623291 7.273653984069824 3.814697265625e-06
  endloop
endfacet
facet normal 0.0 0.0 0.0
  outer loop
    vertex 6.55251407623291 7.273653984069824 3.814697265625e-06
    vertex 9.87499713897705 6.75 3.814697265625e-06
    vertex 6.954094886779785 6.988758563995361 3.814697265625e-06
  endloop
endfacet
facet normal 0.0 0.0 0.0
  outer loop
    vertex 6.954094886779785 6.988758563995361 3.814697265625e-06
    vertex 9.87499713897705 6.75 3.814697265625e-06
    vertex 7.901738166809082 6.75 3.814697265625e-06
  endloop
endfacet
facet normal 0.0 0.0 0.0
  outer loop
    vertex 6.954094886779785 6.988758563995361 3.814697265625e-06
    vertex 7.901738166809082 6.75 3.814697265625e-06
    vertex 7.413107872009277 6.81060791015625 3.814697265625e-06
  endloop
endfacet
facet normal 0.0 0.0 0.0
  outer loop
    vertex 5.909818172454834 8.570402145385742 3.814697265625e-06
    vertex 5.9263014793396 9.0625 3.814697265625e-06
    vertex 16.8749942779541 8.75 2.86102294921875e-06
  endloop
endfacet
facet normal 0.0 0.0 0.0
  outer loop
    vertex 16.8749942779541 8.75 2.86102294921875e-06
    vertex 5.9263014793396 9.0625 3.814697265625e-06
    vertex 16.94314193725586 9.267638206481934 2.86102294921875e-06
  endloop
endfacet
facet normal 0.0 0.0 0.0
  outer loop
    vertex 16.94314193725586 9.267638206481934 2.86102294921875e-06
    vertex 5.9263014793396 9.0625 3.814697265625e-06
    vertex 5.999997138977051 10.001018524169922 3.814697265625e-06
  endloop
endfacet
facet normal 0.0 0.0 0.0
  outer loop
    vertex 16.94314193725586 9.267638206481934 2.86102294921875e-06
    vertex 5.999997138977051 10.001018524169922 3.814697265625e-06
    vertex 17.1429443359375 9.75 2.86102294921875e-06
  endloop
endfacet
facet normal 0.0 0.0 0.0
  outer loop
    vertex 17.1429443359375 9.75 2.86102294921875e-06
    vertex 5.999997138977051 10.001018524169922 3.814697265625e-06
    vertex 17.46078109741211 10.164213180541992 2.86102294921875e-06
  endloop
endfacet
facet normal 0.0 0.0 0.0
  outer loop
    vertex 17.46078109741211 10.164213180541992 2.86102294921875e-06
    vertex 5.999997138977051 10.001018524169922 3.814697265625e-06
    vertex 5.925984859466553 10.939512252807617 3.814697265625e-06
  endloop
endfacet
facet normal 0.0 0.0 0.0
  outer loop
    vertex 17.46078109741211 10.164213180541992 2.86102294921875e-06
    vertex 5.925984859466553 10.939512252807617 3.814697265625e-06
    vertex 17.8749942779541 10.482050895690918 2.86102294921875e-06
  endloop
endfacet
facet normal 0.0 0.0 0.0
  outer loop
    vertex 17.8749942779541 10.482050895690918 2.86102294921875e-06
    vertex 5.925984859466553 10.939512252807617 3.814697265625e-06
    vertex 5.7060866355896 11.854877471923828 3.814697265625e-06
  endloop
endfacet
facet normal 0.0 0.0 0.0
  outer loop
    vertex 17.8749942779541 10.482050895690918 2.86102294921875e-06
    vertex 5.7060866355896 11.854877471923828 3.814697265625e-06
    vertex 18.357357025146484 10.681851387023926 2.86102294921875e-06
  endloop
endfacet
facet normal 0.0 0.0 0.0
  outer loop
    vertex 18.357357025146484 10.681851387023926 2.86102294921875e-06
    vertex 5.7060866355896 11.854877471923828 3.814697265625e-06
    vertex 5.345712184906006 12.724577903747559 3.814697265625e-06
  endloop
endfacet
facet normal 0.0 0.0 0.0
  outer loop
    vertex 18.357357025146484 10.681851387023926 2.86102294921875e-06
    vertex 5.345712184906006 12.724577903747559 3.814697265625e-06
    vertex 4.8537421226501465 13.527206420898438 4.76837158203125e-06
  endloop
endfacet
facet normal 0.0 0.0 0.0
  outer loop
    vertex -40.32388687133789 0.38822856545448303 8.58306884765625e-06
    vertex -40.374996185302734 5.551115123125783e-16 8.58306884765625e-06
    vertex -56.37499237060547 6.2659402033573165e-15 1.049041748046875e-05
  endloop
endfacet
facet normal 0.0 0.0 0.0
  outer loop
    vertex -56.37499237060547 6.2659402033573165e-15 1.049041748046875e-05
    vertex -40.374996185302734 5.551115123125783e-16 8.58306884765625e-06
    vertex -40.32388687133789 -0.38822856545448303 8.58306884765625e-06
  endloop
endfacet
facet normal 0.0 0.0 0.0
  outer loop
    vertex -56.37499237060547 6.2659402033573165e-15 1.049041748046875e-05
    vertex -40.32388687133789 -0.38822856545448303 8.58306884765625e-06
    vertex -56.30033874511719 -1.6146962642669678 1.049041748046875e-05
  endloop
endfacet
facet normal 0.0 0.0 0.0
  outer loop
    vertex -56.30033874511719 -1.6146962642669678 1.049041748046875e-05
    vertex -40.32388687133789 -0.38822856545448303 8.58306884765625e-06
    vertex -40.17403793334961 -0.75 8.58306884765625e-06
  endloop
endfacet
facet normal 0.0 0.0 0.0
  outer loop
    vertex -56.30033874511719 -1.6146962642669678 1.049041748046875e-05
    vertex -40.17403793334961 -0.75 8.58306884765625e-06
    vertex -39.9356575012207 -1.0606601238250732 8.58306884765625e-06
  endloop
endfacet
facet normal 0.0 0.0 0.0
  outer loop
    vertex -56.30033874511719 -1.6146962642669678 1.049041748046875e-05
    vertex -39.9356575012207 -1.0606601238250732 8.58306884765625e-06
    vertex -56.07701873779297 -3.215616464614868 1.049041748046875e-05
  endloop
endfacet
facet normal 0.0 0.0 0.0
  outer loop
    vertex -56.07701873779297 -3.215616464614868 1.049041748046875e-05
    vertex -39.9356575012207 -1.0606601238250732 8.58306884765625e-06
    vertex -39.624996185302734 -1.299038052558899 8.58306884765625e-06
  endloop
endfacet
facet normal 0.0 0.0 0.0
  outer loop
    vertex -56.07701873779297 -3.215616464614868 1.049041748046875e-05
    vertex -39.624996185302734 -1.299038052558899 8.58306884765625e-06
    vertex -39.26322555541992 -1.4488887786865234 8.58306884765625e-06
  endloop
endfacet
facet normal 0.0 0.0 0.0
  outer loop
    vertex -38.874996185302734 -1.5 8.58306884765625e-06
    vertex -55.193260192871094 -6.3217291831970215 1.049041748046875e-05
    vertex -39.26322555541992 -1.4488887786865234 8.58306884765625e-06
  endloop
endfacet
facet normal 0.0 0.0 0.0
  outer loop
    vertex -39.26322555541992 -1.4488887786865234 8.58306884765625e-06
    vertex -55.193260192871094 -6.3217291831970215 1.049041748046875e-05
    vertex -55.706939697265625 -4.789102554321289 1.049041748046875e-05
  endloop
endfacet
facet normal 0.0 0.0 0.0
  outer loop
    vertex -39.26322555541992 -1.4488887786865234 8.58306884765625e-06
    vertex -55.706939697265625 -4.789102554321289 1.049041748046875e-05
    vertex -56.07701873779297 -3.215616464614868 1.049041748046875e-05
  endloop
endfacet
facet normal 0.0 0.0 0.0
  outer loop
    vertex -37.814334869384766 -1.0606601238250732 8.58306884765625e-06
    vertex -37.57595443725586 -0.75 8.58306884765625e-06
    vertex -14.118324279785156 -4.75 5.7220458984375e-06
  endloop
endfacet
facet normal 0.0 0.0 0.0
  outer loop
    vertex -14.118324279785156 -4.75 5.7220458984375e-06
    vertex -37.57595443725586 -0.75 8.58306884765625e-06
    vertex -37.42610549926758 -0.38822856545448303 8.58306884765625e-06
  endloop
endfacet
facet normal 0.0 0.0 0.0
  outer loop
    vertex -14.118324279785156 -4.75 5.7220458984375e-06
    vertex -37.42610549926758 -0.38822856545448303 8.58306884765625e-06
    vertex -37.374996185302734 6.375108774214766e-16 8.58306884765625e-06
  endloop
endfacet
facet normal 0.0 0.0 0.0
  outer loop
    vertex -37.57595443725586 0.75 8.58306884765625e-06
    vertex -37.814334869384766 1.0606601238250732 8.58306884765625e-06
    vertex -14.118324279785156 4.75 5.7220458984375e-06
  endloop
endfacet
facet normal 0.0 0.0 0.0
  outer loop
    vertex -14.118324279785156 4.75 5.7220458984375e-06
    vertex -37.814334869384766 1.0606601238250732 8.58306884765625e-06
    vertex -38.124996185302734 1.299038052558899 8.58306884765625e-06
  endloop
endfacet
facet normal 0.0 0.0 0.0
  outer loop
    vertex -14.118324279785156 4.75 5.7220458984375e-06
    vertex -38.124996185302734 1.299038052558899 8.58306884765625e-06
    vertex -38.48676681518555 1.4488887786865234 8.58306884765625e-06
  endloop
endfacet
facet normal 0.0 0.0 0.0
  outer loop
    vertex -39.26322555541992 1.4488887786865234 8.58306884765625e-06
    vertex -55.193260192871094 6.3217291831970215 1.049041748046875e-05
    vertex -38.874996185302734 1.5 8.58306884765625e-06
  endloop
endfacet
facet normal 0.0 0.0 0.0
  outer loop
    vertex -38.874996185302734 1.5 8.58306884765625e-06
    vertex -55.193260192871094 6.3217291831970215 1.049041748046875e-05
    vertex -54.54035186767578 7.800421237945557 1.049041748046875e-05
  endloop
endfacet
facet normal 0.0 0.0 0.0
  outer loop
    vertex -38.874996185302734 1.5 8.58306884765625e-06
    vertex -54.54035186767578 7.800421237945557 1.049041748046875e-05
    vertex -53.75379180908203 9.212562561035156 9.5367431640625e-06
  endloop
endfacet
facet normal 0.0 0.0 0.0
  outer loop
    vertex -39.624996185302734 1.299038052558899 8.58306884765625e-06
    vertex -56.07701873779297 3.215616464614868 1.049041748046875e-05
    vertex -39.26322555541992 1.4488887786865234 8.58306884765625e-06
  endloop
endfacet
facet normal 0.0 0.0 0.0
  outer loop
    vertex -39.26322555541992 1.4488887786865234 8.58306884765625e-06
    vertex -56.07701873779297 3.215616464614868 1.049041748046875e-05
    vertex -55.706939697265625 4.789102554321289 1.049041748046875e-05
  endloop
endfacet
facet normal 0.0 0.0 0.0
  outer loop
    vertex -39.26322555541992 1.4488887786865234 8.58306884765625e-06
    vertex -55.706939697265625 4.789102554321289 1.049041748046875e-05
    vertex -55.193260192871094 6.3217291831970215 1.049041748046875e-05
  endloop
endfacet
facet normal 0.0 0.0 0.0
  outer loop
    vertex -39.624996185302734 1.299038052558899 8.58306884765625e-06
    vertex -39.9356575012207 1.0606601238250732 8.58306884765625e-06
    vertex -56.07701873779297 3.215616464614868 1.049041748046875e-05
  endloop
endfacet
facet normal 0.0 0.0 0.0
  outer loop
    vertex -56.07701873779297 3.215616464614868 1.049041748046875e-05
    vertex -39.9356575012207 1.0606601238250732 8.58306884765625e-06
    vertex -56.30033874511719 1.6146962642669678 1.049041748046875e-05
  endloop
endfacet
facet normal 0.0 0.0 0.0
  outer loop
    vertex -56.30033874511719 1.6146962642669678 1.049041748046875e-05
    vertex -39.9356575012207 1.0606601238250732 8.58306884765625e-06
    vertex -40.17403793334961 0.75 8.58306884765625e-06
  endloop
endfacet
facet normal 0.0 0.0 0.0
  outer loop
    vertex -56.30033874511719 1.6146962642669678 1.049041748046875e-05
    vertex -40.17403793334961 0.75 8.58306884765625e-06
    vertex -40.32388687133789 0.38822856545448303 8.58306884765625e-06
  endloop
endfacet
facet normal 0.0 0.0 0.0
  outer loop
    vertex -56.30033874511719 1.6146962642669678 1.049041748046875e-05
    vertex -40.32388687133789 0.38822856545448303 8.58306884765625e-06
    vertex -56.37499237060547 6.2659402033573165e-15 1.049041748046875e-05
  endloop
endfacet
facet normal 0.0 0.0 0.0
  outer loop
    vertex 18.8749942779541 -6.75 2.86102294921875e-06
    vertex 33.78362274169922 -2.6721582412719727 1.9073486328125e-06
    vertex 19.39263153076172 -6.818148136138916 2.86102294921875e-06
  endloop
endfacet
facet normal 0.0 0.0 0.0
  outer loop
    vertex 19.39263153076172 -6.818148136138916 2.86102294921875e-06
    vertex 33.78362274169922 -2.6721582412719727 1.9073486328125e-06
    vertex 34.278202056884766 -3.454267978668213 1.9073486328125e-06
  endloop
endfacet
facet normal 0.0 0.0 0.0
  outer loop
    vertex 19.39263153076172 -6.818148136138916 2.86102294921875e-06
    vertex 34.278202056884766 -3.454267978668213 1.9073486328125e-06
    vertex 34.89183044433594 -4.146914005279541 9.5367431640625e-07
  endloop
endfacet
facet normal 0.0 0.0 0.0
  outer loop
    vertex 19.39263153076172 -6.818148136138916 2.86102294921875e-06
    vertex 34.89183044433594 -4.146914005279541 9.5367431640625e-07
    vertex 19.8749942779541 -7.017949104309082 2.86102294921875e-06
  endloop
endfacet
facet normal 0.0 0.0 0.0
  outer loop
    vertex 19.8749942779541 -7.017949104309082 2.86102294921875e-06
    vertex 34.89183044433594 -4.146914005279541 9.5367431640625e-07
    vertex 35.60862350463867 -4.732157230377197 9.5367431640625e-07
  endloop
endfacet
facet normal 0.0 0.0 0.0
  outer loop
    vertex 19.8749942779541 -7.017949104309082 2.86102294921875e-06
    vertex 35.60862350463867 -4.732157230377197 9.5367431640625e-07
    vertex 20.289207458496094 -7.33578634262085 2.86102294921875e-06
  endloop
endfacet
facet normal 0.0 0.0 0.0
  outer loop
    vertex 20.289207458496094 -7.33578634262085 2.86102294921875e-06
    vertex 35.60862350463867 -4.732157230377197 9.5367431640625e-07
    vertex 36.41001510620117 -5.194839954376221 9.5367431640625e-07
  endloop
endfacet
facet normal 0.0 0.0 0.0
  outer loop
    vertex 20.289207458496094 -7.33578634262085 2.86102294921875e-06
    vertex 36.41001510620117 -5.194839954376221 9.5367431640625e-07
    vertex 20.607044219970703 -7.75 2.86102294921875e-06
  endloop
endfacet
facet normal 0.0 0.0 0.0
  outer loop
    vertex 20.607044219970703 -7.75 2.86102294921875e-06
    vertex 36.41001510620117 -5.194839954376221 9.5367431640625e-07
    vertex 20.806846618652344 -8.232361793518066 2.86102294921875e-06
  endloop
endfacet
facet normal 0.0 0.0 0.0
  outer loop
    vertex 20.806846618652344 -8.232361793518066 2.86102294921875e-06
    vertex 36.41001510620117 -5.194839954376221 9.5367431640625e-07
    vertex 37.275245666503906 -5.522979259490967 9.5367431640625e-07
  endloop
endfacet
facet normal 0.0 0.0 0.0
  outer loop
    vertex 20.806846618652344 -8.232361793518066 2.86102294921875e-06
    vertex 37.275245666503906 -5.522979259490967 9.5367431640625e-07
    vertex 20.8749942779541 -8.75 2.86102294921875e-06
  endloop
endfacet
facet normal 0.0 0.0 0.0
  outer loop
    vertex 20.8749942779541 -8.75 2.86102294921875e-06
    vertex 37.275245666503906 -5.522979259490967 9.5367431640625e-07
    vertex 38.18191146850586 -5.708076000213623 9.5367431640625e-07
  endloop
endfacet
facet normal 0.0 0.0 0.0
  outer loop
    vertex 20.8749942779541 -8.75 2.86102294921875e-06
    vertex 38.18191146850586 -5.708076000213623 9.5367431640625e-07
    vertex 20.806846618652344 -9.267638206481934 2.86102294921875e-06
  endloop
endfacet
facet normal 0.0 0.0 0.0
  outer loop
    vertex 20.806846618652344 -9.267638206481934 2.86102294921875e-06
    vertex 38.18191146850586 -5.708076000213623 9.5367431640625e-07
    vertex 20.607044219970703 -9.75 2.86102294921875e-06
  endloop
endfacet
facet normal 0.0 0.0 0.0
  outer loop
    vertex 20.607044219970703 -9.75 2.86102294921875e-06
    vertex 38.18191146850586 -5.708076000213623 9.5367431640625e-07
    vertex 50.66466522216797 -12.932656288146973 0.0
  endloop
endfacet
facet normal 0.0 0.0 0.0
  outer loop
    vertex 20.607044219970703 -9.75 2.86102294921875e-06
    vertex 50.66466522216797 -12.932656288146973 0.0
    vertex 20.289207458496094 -10.164213180541992 2.86102294921875e-06
  endloop
endfacet
facet normal 0.0 0.0 0.0
  outer loop
    vertex 20.289207458496094 -10.164213180541992 2.86102294921875e-06
    vertex 50.66466522216797 -12.932656288146973 0.0
    vertex 49.42109680175781 -13.965301513671875 0.0
  endloop
endfacet
facet normal 0.0 0.0 0.0
  outer loop
    vertex 20.289207458496094 -10.164213180541992 2.86102294921875e-06
    vertex 49.42109680175781 -13.965301513671875 0.0
    vertex 48.087554931640625 -14.878799438476562 0.0
  endloop
endfacet
facet normal 0.0 0.0 0.0
  outer loop
    vertex 38.18191146850586 -5.708076000213623 9.5367431640625e-07
    vertex 39.10652542114258 -5.745336532592773 9.5367431640625e-07
    vertex 50.66466522216797 -12.932656288146973 0.0
  endloop
endfacet
facet normal 0.0 0.0 0.0
  outer loop
    vertex 50.66466522216797 -12.932656288146973 0.0
    vertex 39.10652542114258 -5.745336532592773 9.5367431640625e-07
    vertex 51.807647705078125 -11.789673805236816 0.0
  endloop
endfacet
facet normal 0.0 0.0 0.0
  outer loop
    vertex 51.807647705078125 -11.789673805236816 0.0
    vertex 39.10652542114258 -5.745336532592773 9.5367431640625e-07
    vertex 52.840293884277344 -10.546106338500977 0.0
  endloop
endfacet
facet normal 0.0 0.0 0.0
  outer loop
    vertex 52.840293884277344 -10.546106338500977 0.0
    vertex 39.10652542114258 -5.745336532592773 9.5367431640625e-07
    vertex 40.025142669677734 -5.633796215057373 9.5367431640625e-07
  endloop
endfacet
facet normal 0.0 0.0 0.0
  outer loop
    vertex 52.840293884277344 -10.546106338500977 0.0
    vertex 40.025142669677734 -5.633796215057373 9.5367431640625e-07
    vertex 53.75379180908203 -9.212562561035156 0.0
  endloop
endfacet
facet normal 0.0 0.0 0.0
  outer loop
    vertex 53.75379180908203 -9.212562561035156 0.0
    vertex 40.025142669677734 -5.633796215057373 9.5367431640625e-07
    vertex 54.54035186767578 -7.800421237945557 -9.5367431640625e-07
  endloop
endfacet
facet normal 0.0 0.0 0.0
  outer loop
    vertex 54.54035186767578 -7.800421237945557 -9.5367431640625e-07
    vertex 40.025142669677734 -5.633796215057373 9.5367431640625e-07
    vertex 40.91397476196289 -5.376343250274658 9.5367431640625e-07
  endloop
endfacet
facet normal 0.0 0.0 0.0
  outer loop
    vertex 54.54035186767578 -7.800421237945557 -9.5367431640625e-07
    vertex 40.91397476196289 -5.376343250274658 9.5367431640625e-07
    vertex 41.749996185302734 -4.9796462059021 9.5367431640625e-07
  endloop
endfacet
facet normal 0.0 0.0 0.0
  outer loop
    vertex 54.54035186767578 -7.800421237945557 -9.5367431640625e-07
    vertex 41.749996185302734 -4.9796462059021 9.5367431640625e-07
    vertex 55.19325637817383 -6.3217291831970215 -9.5367431640625e-07
  endloop
endfacet
facet normal 0.0 0.0 0.0
  outer loop
    vertex 55.19325637817383 -6.3217291831970215 -9.5367431640625e-07
    vertex 41.749996185302734 -4.9796462059021 9.5367431640625e-07
    vertex 42.511558532714844 -4.453978538513184 9.5367431640625e-07
  endloop
endfacet
facet normal 0.0 0.0 0.0
  outer loop
    vertex 55.19325637817383 -6.3217291831970215 -9.5367431640625e-07
    vertex 42.511558532714844 -4.453978538513184 9.5367431640625e-07
    vertex 55.706939697265625 -4.789102554321289 -9.5367431640625e-07
  endloop
endfacet
facet normal 0.0 0.0 0.0
  outer loop
    vertex 55.706939697265625 -4.789102554321289 -9.5367431640625e-07
    vertex 42.511558532714844 -4.453978538513184 9.5367431640625e-07
    vertex 43.178932189941406 -3.812955379486084 9.5367431640625e-07
  endloop
endfacet
facet normal 0.0 0.0 0.0
  outer loop
    vertex 55.706939697265625 -4.789102554321289 -9.5367431640625e-07
    vertex 43.178932189941406 -3.812955379486084 9.5367431640625e-07
    vertex 43.734840393066406 -3.07317852973938 9.5367431640625e-07
  endloop
endfacet
facet normal 0.0 0.0 0.0
  outer loop
    vertex 55.706939697265625 -4.789102554321289 -9.5367431640625e-07
    vertex 43.734840393066406 -3.07317852973938 9.5367431640625e-07
    vertex 56.077022552490234 -3.215616464614868 -9.5367431640625e-07
  endloop
endfacet
facet normal 0.0 0.0 0.0
  outer loop
    vertex 56.077022552490234 -3.215616464614868 -9.5367431640625e-07
    vertex 43.734840393066406 -3.07317852973938 9.5367431640625e-07
    vertex 44.164878845214844 -2.25380802154541 9.5367431640625e-07
  endloop
endfacet
facet normal 0.0 0.0 0.0
  outer loop
    vertex 56.077022552490234 -3.215616464614868 -9.5367431640625e-07
    vertex 44.164878845214844 -2.25380802154541 9.5367431640625e-07
    vertex 56.30033874511719 -1.6146962642669678 -9.5367431640625e-07
  endloop
endfacet
facet normal 0.0 0.0 0.0
  outer loop
    vertex 56.30033874511719 -1.6146962642669678 -9.5367431640625e-07
    vertex 44.164878845214844 -2.25380802154541 9.5367431640625e-07
    vertex 44.45791244506836 -1.3760650157928467 0.0
  endloop
endfacet
facet normal 0.0 0.0 0.0
  outer loop
    vertex 56.30033874511719 -1.6146962642669678 -9.5367431640625e-07
    vertex 44.45791244506836 -1.3760650157928467 0.0
    vertex 44.60634994506836 -0.4626827836036682 0.0
  endloop
endfacet
facet normal 0.0 0.0 0.0
  outer loop
    vertex 56.30033874511719 -1.6146962642669678 -9.5367431640625e-07
    vertex 44.60634994506836 -0.4626827836036682 0.0
    vertex 56.37499237060547 -8.881784197001252e-15 -9.5367431640625e-07
  endloop
endfacet
facet normal 0.0 0.0 0.0
  outer loop
    vertex 56.37499237060547 -8.881784197001252e-15 -9.5367431640625e-07
    vertex 44.60634994506836 -0.4626827836036682 0.0
    vertex 44.60634994506836 0.4626827836036682 0.0
  endloop
endfacet
facet normal 0.0 0.0 0.0
  outer loop
    vertex 56.37499237060547 -8.881784197001252e-15 -9.5367431640625e-07
    vertex 44.60634994506836 0.4626827836036682 0.0
    vertex 56.30033874511719 1.6146962642669678 -9.5367431640625e-07
  endloop
endfacet
facet normal 0.0 0.0 0.0
  outer loop
    vertex 56.30033874511719 1.6146962642669678 -9.5367431640625e-07
    vertex 44.60634994506836 0.4626827836036682 0.0
    vertex 44.45791244506836 1.3760650157928467 0.0
  endloop
endfacet
facet normal 0.0 0.0 0.0
  outer loop
    vertex 56.30033874511719 1.6146962642669678 -9.5367431640625e-07
    vertex 44.45791244506836 1.3760650157928467 0.0
    vertex 44.164878845214844 2.25380802154541 9.5367431640625e-07
  endloop
endfacet
facet normal 0.0 0.0 0.0
  outer loop
    vertex 56.30033874511719 1.6146962642669678 -9.5367431640625e-07
    vertex 44.164878845214844 2.25380802154541 9.5367431640625e-07
    vertex 56.077022552490234 3.215616464614868 -9.5367431640625e-07
  endloop
endfacet
facet normal 0.0 0.0 0.0
  outer loop
    vertex 56.077022552490234 3.215616464614868 -9.5367431640625e-07
    vertex 44.164878845214844 2.25380802154541 9.5367431640625e-07
    vertex 43.734840393066406 3.07317852973938 9.5367431640625e-07
  endloop
endfacet
facet normal 0.0 0.0 0.0
  outer loop
    vertex 56.077022552490234 3.215616464614868 -9.5367431640625e-07
    vertex 43.734840393066406 3.07317852973938 9.5367431640625e-07
    vertex 55.706939697265625 4.789102554321289 -9.5367431640625e-07
  endloop
endfacet
facet normal 0.0 0.0 0.0
  outer loop
    vertex 55.706939697265625 4.789102554321289 -9.5367431640625e-07
    vertex 43.734840393066406 3.07317852973938 9.5367431640625e-07
    vertex 43.178932189941406 3.812955379486084 9.5367431640625e-07
  endloop
endfacet
facet normal 0.0 0.0 0.0
  outer loop
    vertex 55.706939697265625 4.789102554321289 -9.5367431640625e-07
    vertex 43.178932189941406 3.812955379486084 9.5367431640625e-07
    vertex 42.511558532714844 4.453978538513184 9.5367431640625e-07
  endloop
endfacet
facet normal 0.0 0.0 0.0
  outer loop
    vertex 55.706939697265625 4.789102554321289 -9.5367431640625e-07
    vertex 42.511558532714844 4.453978538513184 9.5367431640625e-07
    vertex 55.19325637817383 6.3217291831970215 -9.5367431640625e-07
  endloop
endfacet
facet normal 0.0 0.0 0.0
  outer loop
    vertex 55.19325637817383 6.3217291831970215 -9.5367431640625e-07
    vertex 42.511558532714844 4.453978538513184 9.5367431640625e-07
    vertex 41.749996185302734 4.9796462059021 9.5367431640625e-07
  endloop
endfacet
facet normal 0.0 0.0 0.0
  outer loop
    vertex 55.19325637817383 6.3217291831970215 -9.5367431640625e-07
    vertex 41.749996185302734 4.9796462059021 9.5367431640625e-07
    vertex 54.54035186767578 7.800421237945557 -9.5367431640625e-07
  endloop
endfacet
facet normal 0.0 0.0 0.0
  outer loop
    vertex 54.54035186767578 7.800421237945557 -9.5367431640625e-07
    vertex 41.749996185302734 4.9796462059021 9.5367431640625e-07
    vertex 40.91397476196289 5.376343250274658 9.5367431640625e-07
  endloop
endfacet
facet normal 0.0 0.0 0.0
  outer loop
    vertex 54.54035186767578 7.800421237945557 -9.5367431640625e-07
    vertex 40.91397476196289 5.376343250274658 9.5367431640625e-07
    vertex 40.025142669677734 5.633796215057373 9.5367431640625e-07
  endloop
endfacet
facet normal 0.0 0.0 0.0
  outer loop
    vertex 39.10652542114258 5.745336532592773 9.5367431640625e-07
    vertex 52.840293884277344 10.546106338500977 0.0
    vertex 40.025142669677734 5.633796215057373 9.5367431640625e-07
  endloop
endfacet
facet normal 0.0 0.0 0.0
  outer loop
    vertex 40.025142669677734 5.633796215057373 9.5367431640625e-07
    vertex 52.840293884277344 10.546106338500977 0.0
    vertex 53.75379180908203 9.212562561035156 0.0
  endloop
endfacet
facet normal 0.0 0.0 0.0
  outer loop
    vertex 40.025142669677734 5.633796215057373 9.5367431640625e-07
    vertex 53.75379180908203 9.212562561035156 0.0
    vertex 54.54035186767578 7.800421237945557 -9.5367431640625e-07
  endloop
endfacet
facet normal 0.0 0.0 0.0
  outer loop
    vertex 38.18191146850586 5.708076000213623 9.5367431640625e-07
    vertex 50.66466522216797 12.932656288146973 0.0
    vertex 39.10652542114258 5.745336532592773 9.5367431640625e-07
  endloop
endfacet
facet normal 0.0 0.0 0.0
  outer loop
    vertex 39.10652542114258 5.745336532592773 9.5367431640625e-07
    vertex 50.66466522216797 12.932656288146973 0.0
    vertex 51.807647705078125 11.789673805236816 0.0
  endloop
endfacet
facet normal 0.0 0.0 0.0
  outer loop
    vertex 39.10652542114258 5.745336532592773 9.5367431640625e-07
    vertex 51.807647705078125 11.789673805236816 0.0
    vertex 52.840293884277344 10.546106338500977 0.0
  endloop
endfacet
facet normal 0.0 0.0 0.0
  outer loop
    vertex 37.275245666503906 5.522979259490967 9.5367431640625e-07
    vertex 20.8749942779541 8.75 2.86102294921875e-06
    vertex 38.18191146850586 5.708076000213623 9.5367431640625e-07
  endloop
endfacet
facet normal 0.0 0.0 0.0
  outer loop
    vertex 38.18191146850586 5.708076000213623 9.5367431640625e-07
    vertex 20.8749942779541 8.75 2.86102294921875e-06
    vertex 20.806846618652344 9.267638206481934 2.86102294921875e-06
  endloop
endfacet
facet normal 0.0 0.0 0.0
  outer loop
    vertex 38.18191146850586 5.708076000213623 9.5367431640625e-07
    vertex 20.806846618652344 9.267638206481934 2.86102294921875e-06
    vertex 20.607044219970703 9.75 2.86102294921875e-06
  endloop
endfacet
facet normal 0.0 0.0 0.0
  outer loop
    vertex 20.8749942779541 8.75 2.86102294921875e-06
    vertex 37.275245666503906 5.522979259490967 9.5367431640625e-07
    vertex 20.806846618652344 8.232361793518066 2.86102294921875e-06
  endloop
endfacet
facet normal 0.0 0.0 0.0
  outer loop
    vertex 20.806846618652344 8.232361793518066 2.86102294921875e-06
    vertex 37.275245666503906 5.522979259490967 9.5367431640625e-07
    vertex 36.41001510620117 5.194839954376221 9.5367431640625e-07
  endloop
endfacet
facet normal 0.0 0.0 0.0
  outer loop
    vertex 20.806846618652344 8.232361793518066 2.86102294921875e-06
    vertex 36.41001510620117 5.194839954376221 9.5367431640625e-07
    vertex 20.607044219970703 7.75 2.86102294921875e-06
  endloop
endfacet
facet normal 0.0 0.0 0.0
  outer loop
    vertex 20.607044219970703 7.75 2.86102294921875e-06
    vertex 36.41001510620117 5.194839954376221 9.5367431640625e-07
    vertex 20.289207458496094 7.33578634262085 2.86102294921875e-06
  endloop
endfacet
facet normal 0.0 0.0 0.0
  outer loop
    vertex 20.289207458496094 7.33578634262085 2.86102294921875e-06
    vertex 36.41001510620117 5.194839954376221 9.5367431640625e-07
    vertex 35.60862350463867 4.732157230377197 9.5367431640625e-07
  endloop
endfacet
facet normal 0.0 0.0 0.0
  outer loop
    vertex 20.289207458496094 7.33578634262085 2.86102294921875e-06
    vertex 35.60862350463867 4.732157230377197 9.5367431640625e-07
    vertex 19.8749942779541 7.017949104309082 2.86102294921875e-06
  endloop
endfacet
facet normal 0.0 0.0 0.0
  outer loop
    vertex 19.8749942779541 7.017949104309082 2.86102294921875e-06
    vertex 35.60862350463867 4.732157230377197 9.5367431640625e-07
    vertex 34.89183044433594 4.146914005279541 9.5367431640625e-07
  endloop
endfacet
facet normal 0.0 0.0 0.0
  outer loop
    vertex 19.8749942779541 7.017949104309082 2.86102294921875e-06
    vertex 34.89183044433594 4.146914005279541 9.5367431640625e-07
    vertex 19.39263153076172 6.818148136138916 2.86102294921875e-06
  endloop
endfacet
facet normal 0.0 0.0 0.0
  outer loop
    vertex 19.39263153076172 6.818148136138916 2.86102294921875e-06
    vertex 34.89183044433594 4.146914005279541 9.5367431640625e-07
    vertex 34.278202056884766 3.454267978668213 1.9073486328125e-06
  endloop
endfacet
facet normal 0.0 0.0 0.0
  outer loop
    vertex 19.39263153076172 6.818148136138916 2.86102294921875e-06
    vertex 34.278202056884766 3.454267978668213 1.9073486328125e-06
    vertex 33.78362274169922 2.6721582412719727 1.9073486328125e-06
  endloop
endfacet
facet normal 0.0 0.0 0.0
  outer loop
    vertex 38.18191146850586 5.708076000213623 9.5367431640625e-07
    vertex 20.607044219970703 9.75 2.86102294921875e-06
    vertex 50.66466522216797 12.932656288146973 0.0
  endloop
endfacet
facet normal 0.0 0.0 0.0
  outer loop
    vertex 50.66466522216797 12.932656288146973 0.0
    vertex 20.607044219970703 9.75 2.86102294921875e-06
    vertex 20.289207458496094 10.164213180541992 2.86102294921875e-06
  endloop
endfacet
facet normal 0.0 0.0 0.0
  outer loop
    vertex 50.66466522216797 12.932656288146973 0.0
    vertex 20.289207458496094 10.164213180541992 2.86102294921875e-06
    vertex 49.42109680175781 13.965301513671875 0.0
  endloop
endfacet
facet normal 0.0 0.0 0.0
  outer loop
    vertex 49.42109680175781 13.965301513671875 0.0
    vertex 20.289207458496094 10.164213180541992 2.86102294921875e-06
    vertex 48.087554931640625 14.878799438476562 0.0
  endloop
endfacet
facet normal 0.0 0.0 0.0
  outer loop
    vertex 48.087554931640625 14.878799438476562 0.0
    vertex 20.289207458496094 10.164213180541992 2.86102294921875e-06
    vertex 46.675418853759766 15.66535758972168 0.0
  endloop
endfacet
facet normal 0.0 0.0 0.0
  outer loop
    vertex 46.675418853759766 15.66535758972168 0.0
    vertex 20.289207458496094 10.164213180541992 2.86102294921875e-06
    vertex 38.874996185302734 17.5 9.5367431640625e-07
  endloop
endfacet
facet normal 0.0 0.0 0.0
  outer loop
    vertex 46.675418853759766 15.66535758972168 0.0
    vertex 38.874996185302734 17.5 9.5367431640625e-07
    vertex 45.19672393798828 16.31826400756836 0.0
  endloop
endfacet
facet normal 0.0 0.0 0.0
  outer loop
    vertex 45.19672393798828 16.31826400756836 0.0
    vertex 38.874996185302734 17.5 9.5367431640625e-07
    vertex 43.66409683227539 16.83194923400879 9.5367431640625e-07
  endloop
endfacet
facet normal 0.0 0.0 0.0
  outer loop
    vertex 43.66409683227539 16.83194923400879 9.5367431640625e-07
    vertex 38.874996185302734 17.5 9.5367431640625e-07
    vertex 42.090614318847656 17.202030181884766 9.5367431640625e-07
  endloop
endfacet
facet normal 0.0 0.0 0.0
  outer loop
    vertex 42.090614318847656 17.202030181884766 9.5367431640625e-07
    vertex 38.874996185302734 17.5 9.5367431640625e-07
    vertex 40.48969268798828 17.42534828186035 9.5367431640625e-07
  endloop
endfacet
facet normal 0.0 0.0 0.0
  outer loop
    vertex 20.289207458496094 10.164213180541992 2.86102294921875e-06
    vertex 19.8749942779541 10.482050895690918 2.86102294921875e-06
    vertex 38.874996185302734 17.5 9.5367431640625e-07
  endloop
endfacet
facet normal 0.0 0.0 0.0
  outer loop
    vertex 38.874996185302734 17.5 9.5367431640625e-07
    vertex 19.8749942779541 10.482050895690918 2.86102294921875e-06
    vertex 19.39263153076172 10.681851387023926 2.86102294921875e-06
  endloop
endfacet
facet normal 0.0 0.0 0.0
  outer loop
    vertex 38.874996185302734 17.5 9.5367431640625e-07
    vertex 19.39263153076172 10.681851387023926 2.86102294921875e-06
    vertex 12.199996948242188 17.5 3.814697265625e-06
  endloop
endfacet
facet normal 0.0 0.0 0.0
  outer loop
    vertex 12.199996948242188 17.5 3.814697265625e-06
    vertex 19.39263153076172 10.681851387023926 2.86102294921875e-06
    vertex 18.8749942779541 10.75 2.86102294921875e-06
  endloop
endfacet
facet normal 0.0 0.0 0.0
  outer loop
    vertex -9.20000171661377 -17.5 5.7220458984375e-06
    vertex 17.46078109741211 -10.164213180541992 2.86102294921875e-06
    vertex 9.199997901916504 -17.5 3.814697265625e-06
  endloop
endfacet
facet normal 0.0 0.0 0.0
  outer loop
    vertex 9.199997901916504 -17.5 3.814697265625e-06
    vertex 17.46078109741211 -10.164213180541992 2.86102294921875e-06
    vertex 17.8749942779541 -10.482050895690918 2.86102294921875e-06
  endloop
endfacet
facet normal 0.0 0.0 0.0
  outer loop
    vertex 9.199997901916504 -17.5 3.814697265625e-06
    vertex 17.8749942779541 -10.482050895690918 2.86102294921875e-06
    vertex 18.357357025146484 -10.681851387023926 2.86102294921875e-06
  endloop
endfacet
facet normal 0.0 0.0 0.0
  outer loop
    vertex 9.199997901916504 -17.5 3.814697265625e-06
    vertex 18.357357025146484 -10.681851387023926 2.86102294921875e-06
    vertex 12.199996948242188 -17.5 3.814697265625e-06
  endloop
endfacet
facet normal 0.0 0.0 0.0
  outer loop
    vertex 12.199996948242188 -17.5 3.814697265625e-06
    vertex 18.357357025146484 -10.681851387023926 2.86102294921875e-06
    vertex 18.8749942779541 -10.75 2.86102294921875e-06
  endloop
endfacet
facet normal 0.0 0.0 0.0
  outer loop
    vertex 12.199996948242188 -17.5 3.814697265625e-06
    vertex 18.8749942779541 -10.75 2.86102294921875e-06
    vertex 19.39263153076172 -10.681851387023926 2.86102294921875e-06
  endloop
endfacet
facet normal 0.0 0.0 0.0
  outer loop
    vertex 12.199996948242188 -17.5 3.814697265625e-06
    vertex 19.39263153076172 -10.681851387023926 2.86102294921875e-06
    vertex 38.874996185302734 -17.5 9.5367431640625e-07
  endloop
endfacet
facet normal 0.0 0.0 0.0
  outer loop
    vertex 38.874996185302734 -17.5 9.5367431640625e-07
    vertex 19.39263153076172 -10.681851387023926 2.86102294921875e-06
    vertex 19.8749942779541 -10.482050895690918 2.86102294921875e-06
  endloop
endfacet
facet normal 0.0 0.0 0.0
  outer loop
    vertex 38.874996185302734 -17.5 9.5367431640625e-07
    vertex 19.8749942779541 -10.482050895690918 2.86102294921875e-06
    vertex 20.289207458496094 -10.164213180541992 2.86102294921875e-06
  endloop
endfacet
facet normal 0.0 0.0 0.0
  outer loop
    vertex 11.165923118591309 -18.758819580078125 3.814697265625e-06
    vertex 9.199997901916504 -19.5 3.814697265625e-06
    vertex 11.199997901916504 -18.5 3.814697265625e-06
  endloop
endfacet
facet normal 0.0 0.0 0.0
  outer loop
    vertex 11.199997901916504 -18.5 3.814697265625e-06
    vertex 9.199997901916504 -19.5 3.814697265625e-06
    vertex 9.199997901916504 -17.5 3.814697265625e-06
  endloop
endfacet
facet normal 0.0 0.0 0.0
  outer loop
    vertex 11.199997901916504 -18.5 3.814697265625e-06
    vertex 9.199997901916504 -17.5 3.814697265625e-06
    vertex 11.234070777893066 -18.241180419921875 3.814697265625e-06
  endloop
endfacet
facet normal 0.0 0.0 0.0
  outer loop
    vertex 11.234070777893066 -18.241180419921875 3.814697265625e-06
    vertex 9.199997901916504 -17.5 3.814697265625e-06
    vertex 11.333971977233887 -18.0 3.814697265625e-06
  endloop
endfacet
facet normal 0.0 0.0 0.0
  outer loop
    vertex 11.333971977233887 -18.0 3.814697265625e-06
    vertex 9.199997901916504 -17.5 3.814697265625e-06
    vertex 11.492890357971191 -17.792892456054688 3.814697265625e-06
  endloop
endfacet
facet normal 0.0 0.0 0.0
  outer loop
    vertex 11.492890357971191 -17.792892456054688 3.814697265625e-06
    vertex 9.199997901916504 -17.5 3.814697265625e-06
    vertex 11.699997901916504 -17.633974075317383 3.814697265625e-06
  endloop
endfacet
facet normal 0.0 0.0 0.0
  outer loop
    vertex 11.699997901916504 -17.633974075317383 3.814697265625e-06
    vertex 9.199997901916504 -17.5 3.814697265625e-06
    vertex 11.941178321838379 -17.534074783325195 3.814697265625e-06
  endloop
endfacet
facet normal 0.0 0.0 0.0
  outer loop
    vertex 11.941178321838379 -17.534074783325195 3.814697265625e-06
    vertex 9.199997901916504 -17.5 3.814697265625e-06
    vertex 12.199996948242188 -17.5 3.814697265625e-06
  endloop
endfacet
facet normal 0.0 0.0 0.0
  outer loop
    vertex 11.165923118591309 -18.758819580078125 3.814697265625e-06
    vertex 11.066021919250488 -19.0 3.814697265625e-06
    vertex 9.199997901916504 -19.5 3.814697265625e-06
  endloop
endfacet
facet normal 0.0 0.0 0.0
  outer loop
    vertex 9.199997901916504 -19.5 3.814697265625e-06
    vertex 11.066021919250488 -19.0 3.814697265625e-06
    vertex 10.907103538513184 -19.207107543945312 3.814697265625e-06
  endloop
endfacet
facet normal 0.0 0.0 0.0
  outer loop
    vertex 9.199997901916504 -19.5 3.814697265625e-06
    vertex 10.907103538513184 -19.207107543945312 3.814697265625e-06
    vertex 10.699997901916504 -19.366025924682617 3.814697265625e-06
  endloop
endfacet
facet normal 0.0 0.0 0.0
  outer loop
    vertex 10.458815574645996 -19.465925216674805 3.814697265625e-06
    vertex 10.199997901916504 -19.5 3.814697265625e-06
    vertex 10.699997901916504 -19.366025924682617 3.814697265625e-06
  endloop
endfacet
facet normal 0.0 0.0 0.0
  outer loop
    vertex 10.699997901916504 -19.366025924682617 3.814697265625e-06
    vertex 10.199997901916504 -19.5 3.814697265625e-06
    vertex 9.199997901916504 -19.5 3.814697265625e-06
  endloop
endfacet
facet normal 0.0 0.0 0.0
  outer loop
    vertex -9.20000171661377 -19.5 5.7220458984375e-06
    vertex -11.20000171661377 -18.5 5.7220458984375e-06
    vertex -9.20000171661377 -17.5 5.7220458984375e-06
  endloop
endfacet
facet normal 0.0 0.0 0.0
  outer loop
    vertex -9.20000171661377 -17.5 5.7220458984375e-06
    vertex -11.20000171661377 -18.5 5.7220458984375e-06
    vertex -11.234074592590332 -18.241180419921875 5.7220458984375e-06
  endloop
endfacet
facet normal 0.0 0.0 0.0
  outer loop
    vertex -9.20000171661377 -17.5 5.7220458984375e-06
    vertex -11.234074592590332 -18.241180419921875 5.7220458984375e-06
    vertex -11.33397388458252 -18.0 5.7220458984375e-06
  endloop
endfacet
facet normal 0.0 0.0 0.0
  outer loop
    vertex -10.20000171661377 -19.5 5.7220458984375e-06
    vertex -10.70000171661377 -19.366025924682617 5.7220458984375e-06
    vertex -9.20000171661377 -19.5 5.7220458984375e-06
  endloop
endfacet
facet normal 0.0 0.0 0.0
  outer loop
    vertex -9.20000171661377 -19.5 5.7220458984375e-06
    vertex -10.70000171661377 -19.366025924682617 5.7220458984375e-06
    vertex -10.907109260559082 -19.207107543945312 5.7220458984375e-06
  endloop
endfacet
facet normal 0.0 0.0 0.0
  outer loop
    vertex -9.20000171661377 -19.5 5.7220458984375e-06
    vertex -10.907109260559082 -19.207107543945312 5.7220458984375e-06
    vertex -11.066025733947754 -19.0 5.7220458984375e-06
  endloop
endfacet
facet normal 0.0 0.0 0.0
  outer loop
    vertex -10.20000171661377 -19.5 5.7220458984375e-06
    vertex -10.458821296691895 -19.465925216674805 5.7220458984375e-06
    vertex -10.70000171661377 -19.366025924682617 5.7220458984375e-06
  endloop
endfacet
facet normal 0.0 0.0 0.0
  outer loop
    vertex -11.066025733947754 -19.0 5.7220458984375e-06
    vertex -11.165925025939941 -18.758819580078125 5.7220458984375e-06
    vertex -9.20000171661377 -19.5 5.7220458984375e-06
  endloop
endfacet
facet normal 0.0 0.0 0.0
  outer loop
    vertex -9.20000171661377 -19.5 5.7220458984375e-06
    vertex -11.165925025939941 -18.758819580078125 5.7220458984375e-06
    vertex -11.20000171661377 -18.5 5.7220458984375e-06
  endloop
endfacet
facet normal 0.0 0.0 0.0
  outer loop
    vertex -11.33397388458252 -18.0 5.7220458984375e-06
    vertex -11.492894172668457 -17.792892456054688 5.7220458984375e-06
    vertex -9.20000171661377 -17.5 5.7220458984375e-06
  endloop
endfacet
facet normal 0.0 0.0 0.0
  outer loop
    vertex -9.20000171661377 -17.5 5.7220458984375e-06
    vertex -11.492894172668457 -17.792892456054688 5.7220458984375e-06
    vertex -11.70000171661377 -17.633974075317383 5.7220458984375e-06
  endloop
endfacet
facet normal 0.0 0.0 0.0
  outer loop
    vertex -9.20000171661377 -17.5 5.7220458984375e-06
    vertex -11.70000171661377 -17.633974075317383 5.7220458984375e-06
    vertex -11.941182136535645 -17.534074783325195 5.7220458984375e-06
  endloop
endfacet
facet normal 0.0 0.0 0.0
  outer loop
    vertex -11.941182136535645 -17.534074783325195 5.7220458984375e-06
    vertex -12.200000762939453 -17.5 5.7220458984375e-06
    vertex -9.20000171661377 -17.5 5.7220458984375e-06
  endloop
endfacet
facet normal 0.0 0.0 0.0
  outer loop
    vertex -52.840293884277344 -10.546106338500977 9.5367431640625e-06
    vertex -53.75379180908203 -9.212562561035156 9.5367431640625e-06
    vertex -38.874996185302734 -1.5 8.58306884765625e-06
  endloop
endfacet
facet normal 0.0 0.0 0.0
  outer loop
    vertex -38.874996185302734 -1.5 8.58306884765625e-06
    vertex -53.75379180908203 -9.212562561035156 9.5367431640625e-06
    vertex -54.54035186767578 -7.800421237945557 1.049041748046875e-05
  endloop
endfacet
facet normal 0.0 0.0 0.0
  outer loop
    vertex -38.874996185302734 -1.5 8.58306884765625e-06
    vertex -54.54035186767578 -7.800421237945557 1.049041748046875e-05
    vertex -55.193260192871094 -6.3217291831970215 1.049041748046875e-05
  endloop
endfacet
facet normal 0.0 0.0 0.0
  outer loop
    vertex -53.75379180908203 9.212562561035156 9.5367431640625e-06
    vertex -52.840293884277344 10.546106338500977 9.5367431640625e-06
    vertex -38.874996185302734 1.5 8.58306884765625e-06
  endloop
endfacet
facet normal 0.0 0.0 0.0
  outer loop
    vertex -48.087554931640625 14.878799438476562 9.5367431640625e-06
    vertex -46.675418853759766 15.66535758972168 9.5367431640625e-06
    vertex -38.874996185302734 17.5 8.58306884765625e-06
  endloop
endfacet
facet normal 0.0 0.0 0.0
  outer loop
    vertex -38.874996185302734 17.5 8.58306884765625e-06
    vertex -46.675418853759766 15.66535758972168 9.5367431640625e-06
    vertex -45.19672775268555 16.31826400756836 9.5367431640625e-06
  endloop
endfacet
facet normal 0.0 0.0 0.0
  outer loop
    vertex -38.874996185302734 17.5 8.58306884765625e-06
    vertex -45.19672775268555 16.31826400756836 9.5367431640625e-06
    vertex -43.66409683227539 16.83194923400879 8.58306884765625e-06
  endloop
endfacet
facet normal 0.0 0.0 0.0
  outer loop
    vertex -43.66409683227539 16.83194923400879 8.58306884765625e-06
    vertex -42.09061050415039 17.202030181884766 8.58306884765625e-06
    vertex -38.874996185302734 17.5 8.58306884765625e-06
  endloop
endfacet
facet normal 0.0 0.0 0.0
  outer loop
    vertex -38.874996185302734 17.5 8.58306884765625e-06
    vertex -42.09061050415039 17.202030181884766 8.58306884765625e-06
    vertex -40.489688873291016 17.42534828186035 8.58306884765625e-06
  endloop
endfacet
facet normal 0.0 0.0 0.0
  outer loop
    vertex -12.200000762939453 17.5 5.7220458984375e-06
    vertex -11.941182136535645 17.534074783325195 5.7220458984375e-06
    vertex -9.20000171661377 17.5 5.7220458984375e-06
  endloop
endfacet
facet normal 0.0 0.0 0.0
  outer loop
    vertex -9.20000171661377 17.5 5.7220458984375e-06
    vertex -11.941182136535645 17.534074783325195 5.7220458984375e-06
    vertex -11.70000171661377 17.633974075317383 5.7220458984375e-06
  endloop
endfacet
facet normal 0.0 0.0 0.0
  outer loop
    vertex -9.20000171661377 17.5 5.7220458984375e-06
    vertex -11.70000171661377 17.633974075317383 5.7220458984375e-06
    vertex -11.492894172668457 17.792892456054688 5.7220458984375e-06
  endloop
endfacet
facet normal 0.0 0.0 0.0
  outer loop
    vertex -11.492894172668457 17.792892456054688 5.7220458984375e-06
    vertex -11.33397388458252 18.0 5.7220458984375e-06
    vertex -9.20000171661377 17.5 5.7220458984375e-06
  endloop
endfacet
facet normal 0.0 0.0 0.0
  outer loop
    vertex -9.20000171661377 17.5 5.7220458984375e-06
    vertex -11.33397388458252 18.0 5.7220458984375e-06
    vertex -11.234074592590332 18.241180419921875 5.7220458984375e-06
  endloop
endfacet
facet normal 0.0 0.0 0.0
  outer loop
    vertex -9.20000171661377 17.5 5.7220458984375e-06
    vertex -11.234074592590332 18.241180419921875 5.7220458984375e-06
    vertex -11.20000171661377 18.5 5.7220458984375e-06
  endloop
endfacet
facet normal 0.0 0.0 0.0
  outer loop
    vertex -9.20000171661377 17.5 5.7220458984375e-06
    vertex -11.20000171661377 18.5 5.7220458984375e-06
    vertex -9.20000171661377 19.5 5.7220458984375e-06
  endloop
endfacet
facet normal 0.0 0.0 0.0
  outer loop
    vertex -9.20000171661377 19.5 5.7220458984375e-06
    vertex -11.20000171661377 18.5 5.7220458984375e-06
    vertex -11.165925025939941 18.758819580078125 5.7220458984375e-06
  endloop
endfacet
facet normal 0.0 0.0 0.0
  outer loop
    vertex -9.20000171661377 19.5 5.7220458984375e-06
    vertex -11.165925025939941 18.758819580078125 5.7220458984375e-06
    vertex -11.066025733947754 19.0 5.7220458984375e-06
  endloop
endfacet
facet normal 0.0 0.0 0.0
  outer loop
    vertex -11.066025733947754 19.0 5.7220458984375e-06
    vertex -10.907109260559082 19.207107543945312 5.7220458984375e-06
    vertex -9.20000171661377 19.5 5.7220458984375e-06
  endloop
endfacet
facet normal 0.0 0.0 0.0
  outer loop
    vertex -9.20000171661377 19.5 5.7220458984375e-06
    vertex -10.907109260559082 19.207107543945312 5.7220458984375e-06
    vertex -10.70000171661377 19.366025924682617 5.7220458984375e-06
  endloop
endfacet
facet normal 0.0 0.0 0.0
  outer loop
    vertex -9.20000171661377 19.5 5.7220458984375e-06
    vertex -10.70000171661377 19.366025924682617 5.7220458984375e-06
    vertex -10.20000171661377 19.5 5.7220458984375e-06
  endloop
endfacet
facet normal 0.0 0.0 0.0
  outer loop
    vertex -10.20000171661377 19.5 5.7220458984375e-06
    vertex -10.70000171661377 19.366025924682617 5.7220458984375e-06
    vertex -10.458821296691895 19.465925216674805 5.7220458984375e-06
  endloop
endfacet
facet normal 0.0 0.0 0.0
  outer loop
    vertex 9.199997901916504 19.5 3.814697265625e-06
    vertex 11.199997901916504 18.5 3.814697265625e-06
    vertex 9.199997901916504 17.5 3.814697265625e-06
  endloop
endfacet
facet normal 0.0 0.0 0.0
  outer loop
    vertex 9.199997901916504 17.5 3.814697265625e-06
    vertex 11.199997901916504 18.5 3.814697265625e-06
    vertex 11.234070777893066 18.241180419921875 3.814697265625e-06
  endloop
endfacet
facet normal 0.0 0.0 0.0
  outer loop
    vertex 9.199997901916504 17.5 3.814697265625e-06
    vertex 11.234070777893066 18.241180419921875 3.814697265625e-06
    vertex 11.333971977233887 18.0 3.814697265625e-06
  endloop
endfacet
facet normal 0.0 0.0 0.0
  outer loop
    vertex 10.199997901916504 19.5 3.814697265625e-06
    vertex 10.699997901916504 19.366025924682617 3.814697265625e-06
    vertex 9.199997901916504 19.5 3.814697265625e-06
  endloop
endfacet
facet normal 0.0 0.0 0.0
  outer loop
    vertex 9.199997901916504 19.5 3.814697265625e-06
    vertex 10.699997901916504 19.366025924682617 3.814697265625e-06
    vertex 10.907103538513184 19.207107543945312 3.814697265625e-06
  endloop
endfacet
facet normal 0.0 0.0 0.0
  outer loop
    vertex 9.199997901916504 19.5 3.814697265625e-06
    vertex 10.907103538513184 19.207107543945312 3.814697265625e-06
    vertex 11.066021919250488 19.0 3.814697265625e-06
  endloop
endfacet
facet normal 0.0 0.0 0.0
  outer loop
    vertex 10.199997901916504 19.5 3.814697265625e-06
    vertex 10.458815574645996 19.465925216674805 3.814697265625e-06
    vertex 10.699997901916504 19.366025924682617 3.814697265625e-06
  endloop
endfacet
facet normal 0.0 0.0 0.0
  outer loop
    vertex 11.066021919250488 19.0 3.814697265625e-06
    vertex 11.165923118591309 18.758819580078125 3.814697265625e-06
    vertex 9.199997901916504 19.5 3.814697265625e-06
  endloop
endfacet
facet normal 0.0 0.0 0.0
  outer loop
    vertex 9.199997901916504 19.5 3.814697265625e-06
    vertex 11.165923118591309 18.758819580078125 3.814697265625e-06
    vertex 11.199997901916504 18.5 3.814697265625e-06
  endloop
endfacet
facet normal 0.0 0.0 0.0
  outer loop
    vertex 11.333971977233887 18.0 3.814697265625e-06
    vertex 11.492890357971191 17.792892456054688 3.814697265625e-06
    vertex 9.199997901916504 17.5 3.814697265625e-06
  endloop
endfacet
facet normal 0.0 0.0 0.0
  outer loop
    vertex 9.199997901916504 17.5 3.814697265625e-06
    vertex 11.492890357971191 17.792892456054688 3.814697265625e-06
    vertex 11.699997901916504 17.633974075317383 3.814697265625e-06
  endloop
endfacet
facet normal 0.0 0.0 0.0
  outer loop
    vertex 9.199997901916504 17.5 3.814697265625e-06
    vertex 11.699997901916504 17.633974075317383 3.814697265625e-06
    vertex 11.941178321838379 17.534074783325195 3.814697265625e-06
  endloop
endfacet
facet normal 0.0 0.0 0.0
  outer loop
    vertex 11.941178321838379 17.534074783325195 3.814697265625e-06
    vertex 12.199996948242188 17.5 3.814697265625e-06
    vertex 9.199997901916504 17.5 3.814697265625e-06
  endloop
endfacet
facet normal 0.0 0.0 0.0
  outer loop
    vertex 48.087554931640625 -14.878799438476562 0.0
    vertex 46.675418853759766 -15.66535758972168 0.0
    vertex 20.289207458496094 -10.164213180541992 2.86102294921875e-06
  endloop
endfacet
facet normal 0.0 0.0 0.0
  outer loop
    vertex 20.289207458496094 -10.164213180541992 2.86102294921875e-06
    vertex 46.675418853759766 -15.66535758972168 0.0
    vertex 38.874996185302734 -17.5 9.5367431640625e-07
  endloop
endfacet
facet normal 0.0 0.0 0.0
  outer loop
    vertex 46.675418853759766 -15.66535758972168 0.0
    vertex 45.19672393798828 -16.31826400756836 0.0
    vertex 38.874996185302734 -17.5 9.5367431640625e-07
  endloop
endfacet
facet normal 0.0 0.0 0.0
  outer loop
    vertex 38.874996185302734 -17.5 9.5367431640625e-07
    vertex 45.19672393798828 -16.31826400756836 0.0
    vertex 43.66409683227539 -16.83194923400879 9.5367431640625e-07
  endloop
endfacet
facet normal 0.0 0.0 0.0
  outer loop
    vertex 38.874996185302734 -17.5 9.5367431640625e-07
    vertex 43.66409683227539 -16.83194923400879 9.5367431640625e-07
    vertex 42.090614318847656 -17.202030181884766 9.5367431640625e-07
  endloop
endfacet
facet normal 0.0 0.0 0.0
  outer loop
    vertex 42.090614318847656 -17.202030181884766 9.5367431640625e-07
    vertex 40.48969268798828 -17.42534828186035 9.5367431640625e-07
    vertex 38.874996185302734 -17.5 9.5367431640625e-07
  endloop
endfacet
facet normal 0.0 0.0 0.0
  outer loop
    vertex -10.458819389343262 -19.465925216674805 20.000003814697266
    vertex -10.458819389343262 -19.465925216674805 15.000003814697266
    vertex -10.199999809265137 -19.5 20.000003814697266
  endloop
endfacet
facet normal 0.0 0.0 0.0
  outer loop
    vertex -10.199999809265137 -19.5 20.000003814697266
    vertex -10.458819389343262 -19.465925216674805 15.000003814697266
    vertex -10.458820343017578 -19.465925216674805 10.000004768371582
  endloop
endfacet
facet normal 0.0 0.0 0.0
  outer loop
    vertex -10.199999809265137 -19.5 20.000003814697266
    vertex -10.458820343017578 -19.465925216674805 10.000004768371582
    vertex -10.20000171661377 -19.5 5.7220458984375e-06
  endloop
endfacet
facet normal 0.0 0.0 0.0
  outer loop
    vertex -10.20000171661377 -19.5 5.7220458984375e-06
    vertex -10.458820343017578 -19.465925216674805 10.000004768371582
    vertex -10.458821296691895 -19.465925216674805 5.00000524520874
  endloop
endfacet
facet normal 0.0 0.0 0.0
  outer loop
    vertex -10.20000171661377 -19.5 5.7220458984375e-06
    vertex -10.458821296691895 -19.465925216674805 5.00000524520874
    vertex -10.458821296691895 -19.465925216674805 5.7220458984375e-06
  endloop
endfacet
facet normal 0.0 0.0 0.0
  outer loop
    vertex -10.458821296691895 -19.465925216674805 5.7220458984375e-06
    vertex -10.458821296691895 -19.465925216674805 5.00000524520874
    vertex -10.70000171661377 -19.366025924682617 5.7220458984375e-06
  endloop
endfacet
facet normal 0.0 0.0 0.0
  outer loop
    vertex -10.70000171661377 -19.366025924682617 5.7220458984375e-06
    vertex -10.458821296691895 -19.465925216674805 5.00000524520874
    vertex -10.70000171661377 -19.366025924682617 5.00000524520874
  endloop
endfacet
facet normal 0.0 0.0 0.0
  outer loop
    vertex -10.70000171661377 -19.366025924682617 5.7220458984375e-06
    vertex -10.70000171661377 -19.366025924682617 5.00000524520874
    vertex -10.907109260559082 -19.207107543945312 5.7220458984375e-06
  endloop
endfacet
facet normal 0.0 0.0 0.0
  outer loop
    vertex -10.907109260559082 -19.207107543945312 5.7220458984375e-06
    vertex -10.70000171661377 -19.366025924682617 5.00000524520874
    vertex -10.907109260559082 -19.207107543945312 5.00000524520874
  endloop
endfacet
facet normal 0.0 0.0 0.0
  outer loop
    vertex -10.907109260559082 -19.207107543945312 5.7220458984375e-06
    vertex -10.907109260559082 -19.207107543945312 5.00000524520874
    vertex -11.066025733947754 -19.0 5.7220458984375e-06
  endloop
endfacet
facet normal 0.0 0.0 0.0
  outer loop
    vertex -11.066025733947754 -19.0 5.7220458984375e-06
    vertex -10.907109260559082 -19.207107543945312 5.00000524520874
    vertex -11.066025733947754 -19.0 5.00000524520874
  endloop
endfacet
facet normal 0.0 0.0 0.0
  outer loop
    vertex -11.066025733947754 -19.0 5.7220458984375e-06
    vertex -11.066025733947754 -19.0 5.00000524520874
    vertex -11.165925025939941 -18.758819580078125 5.7220458984375e-06
  endloop
endfacet
facet normal 0.0 0.0 0.0
  outer loop
    vertex -11.165925025939941 -18.758819580078125 5.7220458984375e-06
    vertex -11.066025733947754 -19.0 5.00000524520874
    vertex -11.165925025939941 -18.758819580078125 5.00000524520874
  endloop
endfacet
facet normal 0.0 0.0 0.0
  outer loop
    vertex -11.165925025939941 -18.758819580078125 5.7220458984375e-06
    vertex -11.165925025939941 -18.758819580078125 5.00000524520874
    vertex -11.20000171661377 -18.5 5.7220458984375e-06
  endloop
endfacet
facet normal 0.0 0.0 0.0
  outer loop
    vertex -11.20000171661377 -18.5 5.7220458984375e-06
    vertex -11.165925025939941 -18.758819580078125 5.00000524520874
    vertex -11.165924072265625 -18.758819580078125 10.000004768371582
  endloop
endfacet
facet normal 0.0 0.0 0.0
  outer loop
    vertex -11.20000171661377 -18.5 5.7220458984375e-06
    vertex -11.165924072265625 -18.758819580078125 10.000004768371582
    vertex -11.199999809265137 -18.5 20.000003814697266
  endloop
endfacet
facet normal 0.0 0.0 0.0
  outer loop
    vertex -11.199999809265137 -18.5 20.000003814697266
    vertex -11.165924072265625 -18.758819580078125 10.000004768371582
    vertex -11.165923118591309 -18.758819580078125 15.000003814697266
  endloop
endfacet
facet normal 0.0 0.0 0.0
  outer loop
    vertex -11.199999809265137 -18.5 20.000003814697266
    vertex -11.165923118591309 -18.758819580078125 15.000003814697266
    vertex -11.165923118591309 -18.758819580078125 20.000003814697266
  endloop
endfacet
facet normal 0.0 0.0 0.0
  outer loop
    vertex -11.165923118591309 -18.758819580078125 20.000003814697266
    vertex -11.165923118591309 -18.758819580078125 15.000003814697266
    vertex -11.066023826599121 -19.0 20.000003814697266
  endloop
endfacet
facet normal 0.0 0.0 0.0
  outer loop
    vertex -11.066023826599121 -19.0 20.000003814697266
    vertex -11.165923118591309 -18.758819580078125 15.000003814697266
    vertex -11.066023826599121 -19.0 15.000003814697266
  endloop
endfacet
facet normal 0.0 0.0 0.0
  outer loop
    vertex -11.066023826599121 -19.0 20.000003814697266
    vertex -11.066023826599121 -19.0 15.000003814697266
    vertex -10.90710735321045 -19.207107543945312 20.000003814697266
  endloop
endfacet
facet normal 0.0 0.0 0.0
  outer loop
    vertex -10.90710735321045 -19.207107543945312 20.000003814697266
    vertex -11.066023826599121 -19.0 15.000003814697266
    vertex -10.90710735321045 -19.207107543945312 15.000003814697266
  endloop
endfacet
facet normal 0.0 0.0 0.0
  outer loop
    vertex -10.90710735321045 -19.207107543945312 20.000003814697266
    vertex -10.90710735321045 -19.207107543945312 15.000003814697266
    vertex -10.699999809265137 -19.366025924682617 20.000003814697266
  endloop
endfacet
facet normal 0.0 0.0 0.0
  outer loop
    vertex -10.699999809265137 -19.366025924682617 20.000003814697266
    vertex -10.90710735321045 -19.207107543945312 15.000003814697266
    vertex -10.699999809265137 -19.366025924682617 15.000003814697266
  endloop
endfacet
facet normal 0.0 0.0 0.0
  outer loop
    vertex -10.699999809265137 -19.366025924682617 20.000003814697266
    vertex -10.699999809265137 -19.366025924682617 15.000003814697266
    vertex -10.458819389343262 -19.465925216674805 20.000003814697266
  endloop
endfacet
facet normal 0.0 0.0 0.0
  outer loop
    vertex -10.458819389343262 -19.465925216674805 20.000003814697266
    vertex -10.699999809265137 -19.366025924682617 15.000003814697266
    vertex -10.458819389343262 -19.465925216674805 15.000003814697266
  endloop
endfacet
facet normal 0.0 0.0 0.0
  outer loop
    vertex -10.70000171661377 -19.366025924682617 5.00000524520874
    vertex -10.458821296691895 -19.465925216674805 5.00000524520874
    vertex -10.458820343017578 -19.465925216674805 10.000004768371582
  endloop
endfacet
facet normal 0.0 0.0 0.0
  outer loop
    vertex -10.458820343017578 -19.465925216674805 10.000004768371582
    vertex -10.458819389343262 -19.465925216674805 15.000003814697266
    vertex -10.700000762939453 -19.366025924682617 10.000004768371582
  endloop
endfacet
facet normal 0.0 0.0 0.0
  outer loop
    vertex -10.700000762939453 -19.366025924682617 10.000004768371582
    vertex -10.458819389343262 -19.465925216674805 15.000003814697266
    vertex -10.699999809265137 -19.366025924682617 15.000003814697266
  endloop
endfacet
facet normal 0.0 0.0 0.0
  outer loop
    vertex -10.700000762939453 -19.366025924682617 10.000004768371582
    vertex -10.699999809265137 -19.366025924682617 15.000003814697266
    vertex -10.907108306884766 -19.207107543945312 10.000004768371582
  endloop
endfacet
facet normal 0.0 0.0 0.0
  outer loop
    vertex -10.907108306884766 -19.207107543945312 10.000004768371582
    vertex -10.699999809265137 -19.366025924682617 15.000003814697266
    vertex -10.90710735321045 -19.207107543945312 15.000003814697266
  endloop
endfacet
facet normal 0.0 0.0 0.0
  outer loop
    vertex -10.907108306884766 -19.207107543945312 10.000004768371582
    vertex -10.90710735321045 -19.207107543945312 15.000003814697266
    vertex -11.066024780273438 -19.0 10.000004768371582
  endloop
endfacet
facet normal 0.0 0.0 0.0
  outer loop
    vertex -11.066024780273438 -19.0 10.000004768371582
    vertex -10.90710735321045 -19.207107543945312 15.000003814697266
    vertex -11.066023826599121 -19.0 15.000003814697266
  endloop
endfacet
facet normal 0.0 0.0 0.0
  outer loop
    vertex -11.066024780273438 -19.0 10.000004768371582
    vertex -11.066023826599121 -19.0 15.000003814697266
    vertex -11.165924072265625 -18.758819580078125 10.000004768371582
  endloop
endfacet
facet normal 0.0 0.0 0.0
  outer loop
    vertex -11.165924072265625 -18.758819580078125 10.000004768371582
    vertex -11.066023826599121 -19.0 15.000003814697266
    vertex -11.165923118591309 -18.758819580078125 15.000003814697266
  endloop
endfacet
facet normal 0.0 0.0 0.0
  outer loop
    vertex -10.907109260559082 -19.207107543945312 5.00000524520874
    vertex -10.70000171661377 -19.366025924682617 5.00000524520874
    vertex -10.700000762939453 -19.366025924682617 10.000004768371582
  endloop
endfacet
facet normal 0.0 0.0 0.0
  outer loop
    vertex -10.700000762939453 -19.366025924682617 10.000004768371582
    vertex -10.70000171661377 -19.366025924682617 5.00000524520874
    vertex -10.458820343017578 -19.465925216674805 10.000004768371582
  endloop
endfacet
facet normal 0.0 0.0 0.0
  outer loop
    vertex -10.907109260559082 -19.207107543945312 5.00000524520874
    vertex -10.700000762939453 -19.366025924682617 10.000004768371582
    vertex -10.907108306884766 -19.207107543945312 10.000004768371582
  endloop
endfacet
facet normal 0.0 0.0 0.0
  outer loop
    vertex -11.066025733947754 -19.0 5.00000524520874
    vertex -10.907109260559082 -19.207107543945312 5.00000524520874
    vertex -10.907108306884766 -19.207107543945312 10.000004768371582
  endloop
endfacet
facet normal 0.0 0.0 0.0
  outer loop
    vertex -11.066025733947754 -19.0 5.00000524520874
    vertex -10.907108306884766 -19.207107543945312 10.000004768371582
    vertex -11.066024780273438 -19.0 10.000004768371582
  endloop
endfacet
facet normal 0.0 0.0 0.0
  outer loop
    vertex -11.165925025939941 -18.758819580078125 5.00000524520874
    vertex -11.066025733947754 -19.0 5.00000524520874
    vertex -11.066024780273438 -19.0 10.000004768371582
  endloop
endfacet
facet normal 0.0 0.0 0.0
  outer loop
    vertex -11.165925025939941 -18.758819580078125 5.00000524520874
    vertex -11.066024780273438 -19.0 10.000004768371582
    vertex -11.165924072265625 -18.758819580078125 10.000004768371582
  endloop
endfacet
facet normal 0.0 0.0 0.0
  outer loop
    vertex -11.941182136535645 -17.534074783325195 5.7220458984375e-06
    vertex -11.941182136535645 -17.534074783325195 5.00000524520874
    vertex -12.200000762939453 -17.5 5.7220458984375e-06
  endloop
endfacet
facet normal 0.0 0.0 0.0
  outer loop
    vertex -12.200000762939453 -17.5 5.7220458984375e-06
    vertex -11.941182136535645 -17.534074783325195 5.00000524520874
    vertex -11.941181182861328 -17.534074783325195 10.000004768371582
  endloop
endfacet
facet normal 0.0 0.0 0.0
  outer loop
    vertex -12.200000762939453 -17.5 5.7220458984375e-06
    vertex -11.941181182861328 -17.534074783325195 10.000004768371582
    vertex -12.19999885559082 -17.5 20.000003814697266
  endloop
endfacet
facet normal 0.0 0.0 0.0
  outer loop
    vertex -12.19999885559082 -17.5 20.000003814697266
    vertex -11.941181182861328 -17.534074783325195 10.000004768371582
    vertex -11.941180229187012 -17.534074783325195 15.000003814697266
  endloop
endfacet
facet normal 0.0 0.0 0.0
  outer loop
    vertex -12.19999885559082 -17.5 20.000003814697266
    vertex -11.941180229187012 -17.534074783325195 15.000003814697266
    vertex -11.941180229187012 -17.534074783325195 20.000003814697266
  endloop
endfacet
facet normal 0.0 0.0 0.0
  outer loop
    vertex -11.941180229187012 -17.534074783325195 20.000003814697266
    vertex -11.941180229187012 -17.534074783325195 15.000003814697266
    vertex -11.699999809265137 -17.633974075317383 20.000003814697266
  endloop
endfacet
facet normal 0.0 0.0 0.0
  outer loop
    vertex -11.699999809265137 -17.633974075317383 20.000003814697266
    vertex -11.941180229187012 -17.534074783325195 15.000003814697266
    vertex -11.699999809265137 -17.633974075317383 15.000003814697266
  endloop
endfacet
facet normal 0.0 0.0 0.0
  outer loop
    vertex -11.699999809265137 -17.633974075317383 20.000003814697266
    vertex -11.699999809265137 -17.633974075317383 15.000003814697266
    vertex -11.492892265319824 -17.792892456054688 20.000003814697266
  endloop
endfacet
facet normal 0.0 0.0 0.0
  outer loop
    vertex -11.492892265319824 -17.792892456054688 20.000003814697266
    vertex -11.699999809265137 -17.633974075317383 15.000003814697266
    vertex -11.492892265319824 -17.792892456054688 15.000003814697266
  endloop
endfacet
facet normal 0.0 0.0 0.0
  outer loop
    vertex -11.492892265319824 -17.792892456054688 20.000003814697266
    vertex -11.492892265319824 -17.792892456054688 15.000003814697266
    vertex -11.333971977233887 -18.0 20.000003814697266
  endloop
endfacet
facet normal 0.0 0.0 0.0
  outer loop
    vertex -11.333971977233887 -18.0 20.000003814697266
    vertex -11.492892265319824 -17.792892456054688 15.000003814697266
    vertex -11.333971977233887 -18.0 15.000003814697266
  endloop
endfacet
facet normal 0.0 0.0 0.0
  outer loop
    vertex -11.333971977233887 -18.0 20.000003814697266
    vertex -11.333971977233887 -18.0 15.000003814697266
    vertex -11.2340726852417 -18.241180419921875 20.000003814697266
  endloop
endfacet
facet normal 0.0 0.0 0.0
  outer loop
    vertex -11.2340726852417 -18.241180419921875 20.000003814697266
    vertex -11.333971977233887 -18.0 15.000003814697266
    vertex -11.2340726852417 -18.241180419921875 15.000003814697266
  endloop
endfacet
facet normal 0.0 0.0 0.0
  outer loop
    vertex -11.2340726852417 -18.241180419921875 20.000003814697266
    vertex -11.2340726852417 -18.241180419921875 15.000003814697266
    vertex -11.199999809265137 -18.5 20.000003814697266
  endloop
endfacet
facet normal 0.0 0.0 0.0
  outer loop
    vertex -11.199999809265137 -18.5 20.000003814697266
    vertex -11.2340726852417 -18.241180419921875 15.000003814697266
    vertex -11.234073638916016 -18.241180419921875 10.000004768371582
  endloop
endfacet
facet normal 0.0 0.0 0.0
  outer loop
    vertex -11.199999809265137 -18.5 20.000003814697266
    vertex -11.234073638916016 -18.241180419921875 10.000004768371582
    vertex -11.20000171661377 -18.5 5.7220458984375e-06
  endloop
endfacet
facet normal 0.0 0.0 0.0
  outer loop
    vertex -11.20000171661377 -18.5 5.7220458984375e-06
    vertex -11.234073638916016 -18.241180419921875 10.000004768371582
    vertex -11.234074592590332 -18.241180419921875 5.00000524520874
  endloop
endfacet
facet normal 0.0 0.0 0.0
  outer loop
    vertex -11.20000171661377 -18.5 5.7220458984375e-06
    vertex -11.234074592590332 -18.241180419921875 5.00000524520874
    vertex -11.234074592590332 -18.241180419921875 5.7220458984375e-06
  endloop
endfacet
facet normal 0.0 0.0 0.0
  outer loop
    vertex -11.234074592590332 -18.241180419921875 5.7220458984375e-06
    vertex -11.234074592590332 -18.241180419921875 5.00000524520874
    vertex -11.33397388458252 -18.0 5.7220458984375e-06
  endloop
endfacet
facet normal 0.0 0.0 0.0
  outer loop
    vertex -11.33397388458252 -18.0 5.7220458984375e-06
    vertex -11.234074592590332 -18.241180419921875 5.00000524520874
    vertex -11.33397388458252 -18.0 5.00000524520874
  endloop
endfacet
facet normal 0.0 0.0 0.0
  outer loop
    vertex -11.33397388458252 -18.0 5.7220458984375e-06
    vertex -11.33397388458252 -18.0 5.00000524520874
    vertex -11.492894172668457 -17.792892456054688 5.7220458984375e-06
  endloop
endfacet
facet normal 0.0 0.0 0.0
  outer loop
    vertex -11.492894172668457 -17.792892456054688 5.7220458984375e-06
    vertex -11.33397388458252 -18.0 5.00000524520874
    vertex -11.492894172668457 -17.792892456054688 5.00000524520874
  endloop
endfacet
facet normal 0.0 0.0 0.0
  outer loop
    vertex -11.492894172668457 -17.792892456054688 5.7220458984375e-06
    vertex -11.492894172668457 -17.792892456054688 5.00000524520874
    vertex -11.70000171661377 -17.633974075317383 5.7220458984375e-06
  endloop
endfacet
facet normal 0.0 0.0 0.0
  outer loop
    vertex -11.70000171661377 -17.633974075317383 5.7220458984375e-06
    vertex -11.492894172668457 -17.792892456054688 5.00000524520874
    vertex -11.70000171661377 -17.633974075317383 5.00000524520874
  endloop
endfacet
facet normal 0.0 0.0 0.0
  outer loop
    vertex -11.70000171661377 -17.633974075317383 5.7220458984375e-06
    vertex -11.70000171661377 -17.633974075317383 5.00000524520874
    vertex -11.941182136535645 -17.534074783325195 5.7220458984375e-06
  endloop
endfacet
facet normal 0.0 0.0 0.0
  outer loop
    vertex -11.941182136535645 -17.534074783325195 5.7220458984375e-06
    vertex -11.70000171661377 -17.633974075317383 5.00000524520874
    vertex -11.941182136535645 -17.534074783325195 5.00000524520874
  endloop
endfacet
facet normal 0.0 0.0 0.0
  outer loop
    vertex -11.699999809265137 -17.633974075317383 15.000003814697266
    vertex -11.941180229187012 -17.534074783325195 15.000003814697266
    vertex -11.941181182861328 -17.534074783325195 10.000004768371582
  endloop
endfacet
facet normal 0.0 0.0 0.0
  outer loop
    vertex -11.941181182861328 -17.534074783325195 10.000004768371582
    vertex -11.941182136535645 -17.534074783325195 5.00000524520874
    vertex -11.700000762939453 -17.633974075317383 10.000004768371582
  endloop
endfacet
facet normal 0.0 0.0 0.0
  outer loop
    vertex -11.700000762939453 -17.633974075317383 10.000004768371582
    vertex -11.941182136535645 -17.534074783325195 5.00000524520874
    vertex -11.70000171661377 -17.633974075317383 5.00000524520874
  endloop
endfacet
facet normal 0.0 0.0 0.0
  outer loop
    vertex -11.700000762939453 -17.633974075317383 10.000004768371582
    vertex -11.70000171661377 -17.633974075317383 5.00000524520874
    vertex -11.49289321899414 -17.792892456054688 10.000004768371582
  endloop
endfacet
facet normal 0.0 0.0 0.0
  outer loop
    vertex -11.49289321899414 -17.792892456054688 10.000004768371582
    vertex -11.70000171661377 -17.633974075317383 5.00000524520874
    vertex -11.492894172668457 -17.792892456054688 5.00000524520874
  endloop
endfacet
facet normal 0.0 0.0 0.0
  outer loop
    vertex -11.49289321899414 -17.792892456054688 10.000004768371582
    vertex -11.492894172668457 -17.792892456054688 5.00000524520874
    vertex -11.333972930908203 -18.0 10.000004768371582
  endloop
endfacet
facet normal 0.0 0.0 0.0
  outer loop
    vertex -11.333972930908203 -18.0 10.000004768371582
    vertex -11.492894172668457 -17.792892456054688 5.00000524520874
    vertex -11.33397388458252 -18.0 5.00000524520874
  endloop
endfacet
facet normal 0.0 0.0 0.0
  outer loop
    vertex -11.333972930908203 -18.0 10.000004768371582
    vertex -11.33397388458252 -18.0 5.00000524520874
    vertex -11.234073638916016 -18.241180419921875 10.000004768371582
  endloop
endfacet
facet normal 0.0 0.0 0.0
  outer loop
    vertex -11.234073638916016 -18.241180419921875 10.000004768371582
    vertex -11.33397388458252 -18.0 5.00000524520874
    vertex -11.234074592590332 -18.241180419921875 5.00000524520874
  endloop
endfacet
facet normal 0.0 0.0 0.0
  outer loop
    vertex -11.492892265319824 -17.792892456054688 15.000003814697266
    vertex -11.699999809265137 -17.633974075317383 15.000003814697266
    vertex -11.700000762939453 -17.633974075317383 10.000004768371582
  endloop
endfacet
facet normal 0.0 0.0 0.0
  outer loop
    vertex -11.700000762939453 -17.633974075317383 10.000004768371582
    vertex -11.699999809265137 -17.633974075317383 15.000003814697266
    vertex -11.941181182861328 -17.534074783325195 10.000004768371582
  endloop
endfacet
facet normal 0.0 0.0 0.0
  outer loop
    vertex -11.492892265319824 -17.792892456054688 15.000003814697266
    vertex -11.700000762939453 -17.633974075317383 10.000004768371582
    vertex -11.49289321899414 -17.792892456054688 10.000004768371582
  endloop
endfacet
facet normal 0.0 0.0 0.0
  outer loop
    vertex -11.333971977233887 -18.0 15.000003814697266
    vertex -11.492892265319824 -17.792892456054688 15.000003814697266
    vertex -11.49289321899414 -17.792892456054688 10.000004768371582
  endloop
endfacet
facet normal 0.0 0.0 0.0
  outer loop
    vertex -11.333971977233887 -18.0 15.000003814697266
    vertex -11.49289321899414 -17.792892456054688 10.000004768371582
    vertex -11.333972930908203 -18.0 10.000004768371582
  endloop
endfacet
facet normal 0.0 0.0 0.0
  outer loop
    vertex -11.2340726852417 -18.241180419921875 15.000003814697266
    vertex -11.333971977233887 -18.0 15.000003814697266
    vertex -11.333972930908203 -18.0 10.000004768371582
  endloop
endfacet
facet normal 0.0 0.0 0.0
  outer loop
    vertex -11.2340726852417 -18.241180419921875 15.000003814697266
    vertex -11.333972930908203 -18.0 10.000004768371582
    vertex -11.234073638916016 -18.241180419921875 10.000004768371582
  endloop
endfacet
facet normal 0.0 0.0 0.0
  outer loop
    vertex 11.941178321838379 17.534074783325195 3.814697265625e-06
    vertex 11.941178321838379 17.534074783325195 5.000003337860107
    vertex 12.199996948242188 17.5 3.814697265625e-06
  endloop
endfacet
facet normal 0.0 0.0 0.0
  outer loop
    vertex 12.199996948242188 17.5 3.814697265625e-06
    vertex 11.941178321838379 17.534074783325195 5.000003337860107
    vertex 11.941179275512695 17.534074783325195 10.00000286102295
  endloop
endfacet
facet normal 0.0 0.0 0.0
  outer loop
    vertex 12.199996948242188 17.5 3.814697265625e-06
    vertex 11.941179275512695 17.534074783325195 10.00000286102295
    vertex 12.19999885559082 17.5 20.000001907348633
  endloop
endfacet
facet normal 0.0 0.0 0.0
  outer loop
    vertex 12.19999885559082 17.5 20.000001907348633
    vertex 11.941179275512695 17.534074783325195 10.00000286102295
    vertex 11.941180229187012 17.534074783325195 15.000001907348633
  endloop
endfacet
facet normal 0.0 0.0 0.0
  outer loop
    vertex 12.19999885559082 17.5 20.000001907348633
    vertex 11.941180229187012 17.534074783325195 15.000001907348633
    vertex 11.941180229187012 17.534074783325195 20.000001907348633
  endloop
endfacet
facet normal 0.0 0.0 0.0
  outer loop
    vertex 11.941180229187012 17.534074783325195 20.000001907348633
    vertex 11.941180229187012 17.534074783325195 15.000001907348633
    vertex 11.699999809265137 17.633974075317383 20.000001907348633
  endloop
endfacet
facet normal 0.0 0.0 0.0
  outer loop
    vertex 11.699999809265137 17.633974075317383 20.000001907348633
    vertex 11.941180229187012 17.534074783325195 15.000001907348633
    vertex 11.699999809265137 17.633974075317383 15.000001907348633
  endloop
endfacet
facet normal 0.0 0.0 0.0
  outer loop
    vertex 11.699999809265137 17.633974075317383 20.000001907348633
    vertex 11.699999809265137 17.633974075317383 15.000001907348633
    vertex 11.492892265319824 17.792892456054688 20.000001907348633
  endloop
endfacet
facet normal 0.0 0.0 0.0
  outer loop
    vertex 11.492892265319824 17.792892456054688 20.000001907348633
    vertex 11.699999809265137 17.633974075317383 15.000001907348633
    vertex 11.492892265319824 17.792892456054688 15.000001907348633
  endloop
endfacet
facet normal 0.0 0.0 0.0
  outer loop
    vertex 11.492892265319824 17.792892456054688 20.000001907348633
    vertex 11.492892265319824 17.792892456054688 15.000001907348633
    vertex 11.33397388458252 18.0 20.000001907348633
  endloop
endfacet
facet normal 0.0 0.0 0.0
  outer loop
    vertex 11.33397388458252 18.0 20.000001907348633
    vertex 11.492892265319824 17.792892456054688 15.000001907348633
    vertex 11.33397388458252 18.0 15.000001907348633
  endloop
endfacet
facet normal 0.0 0.0 0.0
  outer loop
    vertex 11.33397388458252 18.0 20.000001907348633
    vertex 11.33397388458252 18.0 15.000001907348633
    vertex 11.2340726852417 18.241180419921875 20.000001907348633
  endloop
endfacet
facet normal 0.0 0.0 0.0
  outer loop
    vertex 11.2340726852417 18.241180419921875 20.000001907348633
    vertex 11.33397388458252 18.0 15.000001907348633
    vertex 11.2340726852417 18.241180419921875 15.000001907348633
  endloop
endfacet
facet normal 0.0 0.0 0.0
  outer loop
    vertex 11.2340726852417 18.241180419921875 20.000001907348633
    vertex 11.2340726852417 18.241180419921875 15.000001907348633
    vertex 11.199999809265137 18.5 20.000001907348633
  endloop
endfacet
facet normal 0.0 0.0 0.0
  outer loop
    vertex 11.199999809265137 18.5 20.000001907348633
    vertex 11.2340726852417 18.241180419921875 15.000001907348633
    vertex 11.234071731567383 18.241180419921875 10.00000286102295
  endloop
endfacet
facet normal 0.0 0.0 0.0
  outer loop
    vertex 11.199999809265137 18.5 20.000001907348633
    vertex 11.234071731567383 18.241180419921875 10.00000286102295
    vertex 11.199997901916504 18.5 3.814697265625e-06
  endloop
endfacet
facet normal 0.0 0.0 0.0
  outer loop
    vertex 11.199997901916504 18.5 3.814697265625e-06
    vertex 11.234071731567383 18.241180419921875 10.00000286102295
    vertex 11.234070777893066 18.241180419921875 5.000003337860107
  endloop
endfacet
facet normal 0.0 0.0 0.0
  outer loop
    vertex 11.199997901916504 18.5 3.814697265625e-06
    vertex 11.234070777893066 18.241180419921875 5.000003337860107
    vertex 11.234070777893066 18.241180419921875 3.814697265625e-06
  endloop
endfacet
facet normal 0.0 0.0 0.0
  outer loop
    vertex 11.234070777893066 18.241180419921875 3.814697265625e-06
    vertex 11.234070777893066 18.241180419921875 5.000003337860107
    vertex 11.333971977233887 18.0 3.814697265625e-06
  endloop
endfacet
facet normal 0.0 0.0 0.0
  outer loop
    vertex 11.333971977233887 18.0 3.814697265625e-06
    vertex 11.234070777893066 18.241180419921875 5.000003337860107
    vertex 11.333971977233887 18.0 5.000003337860107
  endloop
endfacet
facet normal 0.0 0.0 0.0
  outer loop
    vertex 11.333971977233887 18.0 3.814697265625e-06
    vertex 11.333971977233887 18.0 5.000003337860107
    vertex 11.492890357971191 17.792892456054688 3.814697265625e-06
  endloop
endfacet
facet normal 0.0 0.0 0.0
  outer loop
    vertex 11.492890357971191 17.792892456054688 3.814697265625e-06
    vertex 11.333971977233887 18.0 5.000003337860107
    vertex 11.492890357971191 17.792892456054688 5.000003337860107
  endloop
endfacet
facet normal 0.0 0.0 0.0
  outer loop
    vertex 11.492890357971191 17.792892456054688 3.814697265625e-06
    vertex 11.492890357971191 17.792892456054688 5.000003337860107
    vertex 11.699997901916504 17.633974075317383 3.814697265625e-06
  endloop
endfacet
facet normal 0.0 0.0 0.0
  outer loop
    vertex 11.699997901916504 17.633974075317383 3.814697265625e-06
    vertex 11.492890357971191 17.792892456054688 5.000003337860107
    vertex 11.699997901916504 17.633974075317383 5.000003337860107
  endloop
endfacet
facet normal 0.0 0.0 0.0
  outer loop
    vertex 11.699997901916504 17.633974075317383 3.814697265625e-06
    vertex 11.699997901916504 17.633974075317383 5.000003337860107
    vertex 11.941178321838379 17.534074783325195 3.814697265625e-06
  endloop
endfacet
facet normal 0.0 0.0 0.0
  outer loop
    vertex 11.941178321838379 17.534074783325195 3.814697265625e-06
    vertex 11.699997901916504 17.633974075317383 5.000003337860107
    vertex 11.941178321838379 17.534074783325195 5.000003337860107
  endloop
endfacet
facet normal 0.0 0.0 0.0
  outer loop
    vertex 11.699999809265137 17.633974075317383 15.000001907348633
    vertex 11.941180229187012 17.534074783325195 15.000001907348633
    vertex 11.941179275512695 17.534074783325195 10.00000286102295
  endloop
endfacet
facet normal 0.0 0.0 0.0
  outer loop
    vertex 11.941179275512695 17.534074783325195 10.00000286102295
    vertex 11.941178321838379 17.534074783325195 5.000003337860107
    vertex 11.69999885559082 17.633974075317383 10.00000286102295
  endloop
endfacet
facet normal 0.0 0.0 0.0
  outer loop
    vertex 11.69999885559082 17.633974075317383 10.00000286102295
    vertex 11.941178321838379 17.534074783325195 5.000003337860107
    vertex 11.699997901916504 17.633974075317383 5.000003337860107
  endloop
endfacet
facet normal 0.0 0.0 0.0
  outer loop
    vertex 11.69999885559082 17.633974075317383 10.00000286102295
    vertex 11.699997901916504 17.633974075317383 5.000003337860107
    vertex 11.492891311645508 17.792892456054688 10.00000286102295
  endloop
endfacet
facet normal 0.0 0.0 0.0
  outer loop
    vertex 11.492891311645508 17.792892456054688 10.00000286102295
    vertex 11.699997901916504 17.633974075317383 5.000003337860107
    vertex 11.492890357971191 17.792892456054688 5.000003337860107
  endloop
endfacet
facet normal 0.0 0.0 0.0
  outer loop
    vertex 11.492891311645508 17.792892456054688 10.00000286102295
    vertex 11.492890357971191 17.792892456054688 5.000003337860107
    vertex 11.333972930908203 18.0 10.00000286102295
  endloop
endfacet
facet normal 0.0 0.0 0.0
  outer loop
    vertex 11.333972930908203 18.0 10.00000286102295
    vertex 11.492890357971191 17.792892456054688 5.000003337860107
    vertex 11.333971977233887 18.0 5.000003337860107
  endloop
endfacet
facet normal 0.0 0.0 0.0
  outer loop
    vertex 11.333972930908203 18.0 10.00000286102295
    vertex 11.333971977233887 18.0 5.000003337860107
    vertex 11.234071731567383 18.241180419921875 10.00000286102295
  endloop
endfacet
facet normal 0.0 0.0 0.0
  outer loop
    vertex 11.234071731567383 18.241180419921875 10.00000286102295
    vertex 11.333971977233887 18.0 5.000003337860107
    vertex 11.234070777893066 18.241180419921875 5.000003337860107
  endloop
endfacet
facet normal 0.0 0.0 0.0
  outer loop
    vertex 11.492892265319824 17.792892456054688 15.000001907348633
    vertex 11.699999809265137 17.633974075317383 15.000001907348633
    vertex 11.69999885559082 17.633974075317383 10.00000286102295
  endloop
endfacet
facet normal 0.0 0.0 0.0
  outer loop
    vertex 11.69999885559082 17.633974075317383 10.00000286102295
    vertex 11.699999809265137 17.633974075317383 15.000001907348633
    vertex 11.941179275512695 17.534074783325195 10.00000286102295
  endloop
endfacet
facet normal 0.0 0.0 0.0
  outer loop
    vertex 11.492892265319824 17.792892456054688 15.000001907348633
    vertex 11.69999885559082 17.633974075317383 10.00000286102295
    vertex 11.492891311645508 17.792892456054688 10.00000286102295
  endloop
endfacet
facet normal 0.0 0.0 0.0
  outer loop
    vertex 11.33397388458252 18.0 15.000001907348633
    vertex 11.492892265319824 17.792892456054688 15.000001907348633
    vertex 11.492891311645508 17.792892456054688 10.00000286102295
  endloop
endfacet
facet normal 0.0 0.0 0.0
  outer loop
    vertex 11.33397388458252 18.0 15.000001907348633
    vertex 11.492891311645508 17.792892456054688 10.00000286102295
    vertex 11.333972930908203 18.0 10.00000286102295
  endloop
endfacet
facet normal 0.0 0.0 0.0
  outer loop
    vertex 11.2340726852417 18.241180419921875 15.000001907348633
    vertex 11.33397388458252 18.0 15.000001907348633
    vertex 11.333972930908203 18.0 10.00000286102295
  endloop
endfacet
facet normal 0.0 0.0 0.0
  outer loop
    vertex 11.2340726852417 18.241180419921875 15.000001907348633
    vertex 11.333972930908203 18.0 10.00000286102295
    vertex 11.234071731567383 18.241180419921875 10.00000286102295
  endloop
endfacet
facet normal 0.0 0.0 0.0
  outer loop
    vertex 10.458817481994629 19.465925216674805 20.000001907348633
    vertex 10.458817481994629 19.465925216674805 15.000001907348633
    vertex 10.199999809265137 19.5 20.000001907348633
  endloop
endfacet
facet normal 0.0 0.0 0.0
  outer loop
    vertex 10.199999809265137 19.5 20.000001907348633
    vertex 10.458817481994629 19.465925216674805 15.000001907348633
    vertex 10.458816528320312 19.465925216674805 10.00000286102295
  endloop
endfacet
facet normal 0.0 0.0 0.0
  outer loop
    vertex 10.199999809265137 19.5 20.000001907348633
    vertex 10.458816528320312 19.465925216674805 10.00000286102295
    vertex 10.199997901916504 19.5 3.814697265625e-06
  endloop
endfacet
facet normal 0.0 0.0 0.0
  outer loop
    vertex 10.199997901916504 19.5 3.814697265625e-06
    vertex 10.458816528320312 19.465925216674805 10.00000286102295
    vertex 10.458815574645996 19.465925216674805 5.000003337860107
  endloop
endfacet
facet normal 0.0 0.0 0.0
  outer loop
    vertex 10.199997901916504 19.5 3.814697265625e-06
    vertex 10.458815574645996 19.465925216674805 5.000003337860107
    vertex 10.458815574645996 19.465925216674805 3.814697265625e-06
  endloop
endfacet
facet normal 0.0 0.0 0.0
  outer loop
    vertex 10.458815574645996 19.465925216674805 3.814697265625e-06
    vertex 10.458815574645996 19.465925216674805 5.000003337860107
    vertex 10.699997901916504 19.366025924682617 3.814697265625e-06
  endloop
endfacet
facet normal 0.0 0.0 0.0
  outer loop
    vertex 10.699997901916504 19.366025924682617 3.814697265625e-06
    vertex 10.458815574645996 19.465925216674805 5.000003337860107
    vertex 10.699997901916504 19.366025924682617 5.000003337860107
  endloop
endfacet
facet normal 0.0 0.0 0.0
  outer loop
    vertex 10.699997901916504 19.366025924682617 3.814697265625e-06
    vertex 10.699997901916504 19.366025924682617 5.000003337860107
    vertex 10.907103538513184 19.207107543945312 3.814697265625e-06
  endloop
endfacet
facet normal 0.0 0.0 0.0
  outer loop
    vertex 10.907103538513184 19.207107543945312 3.814697265625e-06
    vertex 10.699997901916504 19.366025924682617 5.000003337860107
    vertex 10.907103538513184 19.207107543945312 5.000003337860107
  endloop
endfacet
facet normal 0.0 0.0 0.0
  outer loop
    vertex 10.907103538513184 19.207107543945312 3.814697265625e-06
    vertex 10.907103538513184 19.207107543945312 5.000003337860107
    vertex 11.066021919250488 19.0 3.814697265625e-06
  endloop
endfacet
facet normal 0.0 0.0 0.0
  outer loop
    vertex 11.066021919250488 19.0 3.814697265625e-06
    vertex 10.907103538513184 19.207107543945312 5.000003337860107
    vertex 11.066021919250488 19.0 5.000003337860107
  endloop
endfacet
facet normal 0.0 0.0 0.0
  outer loop
    vertex 11.066021919250488 19.0 3.814697265625e-06
    vertex 11.066021919250488 19.0 5.000003337860107
    vertex 11.165923118591309 18.758819580078125 3.814697265625e-06
  endloop
endfacet
facet normal 0.0 0.0 0.0
  outer loop
    vertex 11.165923118591309 18.758819580078125 3.814697265625e-06
    vertex 11.066021919250488 19.0 5.000003337860107
    vertex 11.165923118591309 18.758819580078125 5.000003337860107
  endloop
endfacet
facet normal 0.0 0.0 0.0
  outer loop
    vertex 11.165923118591309 18.758819580078125 3.814697265625e-06
    vertex 11.165923118591309 18.758819580078125 5.000003337860107
    vertex 11.199997901916504 18.5 3.814697265625e-06
  endloop
endfacet
facet normal 0.0 0.0 0.0
  outer loop
    vertex 11.199997901916504 18.5 3.814697265625e-06
    vertex 11.165923118591309 18.758819580078125 5.000003337860107
    vertex 11.165924072265625 18.758819580078125 10.00000286102295
  endloop
endfacet
facet normal 0.0 0.0 0.0
  outer loop
    vertex 11.199997901916504 18.5 3.814697265625e-06
    vertex 11.165924072265625 18.758819580078125 10.00000286102295
    vertex 11.199999809265137 18.5 20.000001907348633
  endloop
endfacet
facet normal 0.0 0.0 0.0
  outer loop
    vertex 11.199999809265137 18.5 20.000001907348633
    vertex 11.165924072265625 18.758819580078125 10.00000286102295
    vertex 11.165925025939941 18.758819580078125 15.000001907348633
  endloop
endfacet
facet normal 0.0 0.0 0.0
  outer loop
    vertex 11.199999809265137 18.5 20.000001907348633
    vertex 11.165925025939941 18.758819580078125 15.000001907348633
    vertex 11.165925025939941 18.758819580078125 20.000001907348633
  endloop
endfacet
facet normal 0.0 0.0 0.0
  outer loop
    vertex 11.165925025939941 18.758819580078125 20.000001907348633
    vertex 11.165925025939941 18.758819580078125 15.000001907348633
    vertex 11.066023826599121 19.0 20.000001907348633
  endloop
endfacet
facet normal 0.0 0.0 0.0
  outer loop
    vertex 11.066023826599121 19.0 20.000001907348633
    vertex 11.165925025939941 18.758819580078125 15.000001907348633
    vertex 11.066023826599121 19.0 15.000001907348633
  endloop
endfacet
facet normal 0.0 0.0 0.0
  outer loop
    vertex 11.066023826599121 19.0 20.000001907348633
    vertex 11.066023826599121 19.0 15.000001907348633
    vertex 10.907105445861816 19.207107543945312 20.000001907348633
  endloop
endfacet
facet normal 0.0 0.0 0.0
  outer loop
    vertex 10.907105445861816 19.207107543945312 20.000001907348633
    vertex 11.066023826599121 19.0 15.000001907348633
    vertex 10.907105445861816 19.207107543945312 15.000001907348633
  endloop
endfacet
facet normal 0.0 0.0 0.0
  outer loop
    vertex 10.907105445861816 19.207107543945312 20.000001907348633
    vertex 10.907105445861816 19.207107543945312 15.000001907348633
    vertex 10.699999809265137 19.366025924682617 20.000001907348633
  endloop
endfacet
facet normal 0.0 0.0 0.0
  outer loop
    vertex 10.699999809265137 19.366025924682617 20.000001907348633
    vertex 10.907105445861816 19.207107543945312 15.000001907348633
    vertex 10.699999809265137 19.366025924682617 15.000001907348633
  endloop
endfacet
facet normal 0.0 0.0 0.0
  outer loop
    vertex 10.699999809265137 19.366025924682617 20.000001907348633
    vertex 10.699999809265137 19.366025924682617 15.000001907348633
    vertex 10.458817481994629 19.465925216674805 20.000001907348633
  endloop
endfacet
facet normal 0.0 0.0 0.0
  outer loop
    vertex 10.458817481994629 19.465925216674805 20.000001907348633
    vertex 10.699999809265137 19.366025924682617 15.000001907348633
    vertex 10.458817481994629 19.465925216674805 15.000001907348633
  endloop
endfacet
facet normal 0.0 0.0 0.0
  outer loop
    vertex 10.699997901916504 19.366025924682617 5.000003337860107
    vertex 10.458815574645996 19.465925216674805 5.000003337860107
    vertex 10.458816528320312 19.465925216674805 10.00000286102295
  endloop
endfacet
facet normal 0.0 0.0 0.0
  outer loop
    vertex 10.458816528320312 19.465925216674805 10.00000286102295
    vertex 10.458817481994629 19.465925216674805 15.000001907348633
    vertex 10.69999885559082 19.366025924682617 10.00000286102295
  endloop
endfacet
facet normal 0.0 0.0 0.0
  outer loop
    vertex 10.69999885559082 19.366025924682617 10.00000286102295
    vertex 10.458817481994629 19.465925216674805 15.000001907348633
    vertex 10.699999809265137 19.366025924682617 15.000001907348633
  endloop
endfacet
facet normal 0.0 0.0 0.0
  outer loop
    vertex 10.69999885559082 19.366025924682617 10.00000286102295
    vertex 10.699999809265137 19.366025924682617 15.000001907348633
    vertex 10.9071044921875 19.207107543945312 10.00000286102295
  endloop
endfacet
facet normal 0.0 0.0 0.0
  outer loop
    vertex 10.9071044921875 19.207107543945312 10.00000286102295
    vertex 10.699999809265137 19.366025924682617 15.000001907348633
    vertex 10.907105445861816 19.207107543945312 15.000001907348633
  endloop
endfacet
facet normal 0.0 0.0 0.0
  outer loop
    vertex 10.9071044921875 19.207107543945312 10.00000286102295
    vertex 10.907105445861816 19.207107543945312 15.000001907348633
    vertex 11.066022872924805 19.0 10.00000286102295
  endloop
endfacet
facet normal 0.0 0.0 0.0
  outer loop
    vertex 11.066022872924805 19.0 10.00000286102295
    vertex 10.907105445861816 19.207107543945312 15.000001907348633
    vertex 11.066023826599121 19.0 15.000001907348633
  endloop
endfacet
facet normal 0.0 0.0 0.0
  outer loop
    vertex 11.066022872924805 19.0 10.00000286102295
    vertex 11.066023826599121 19.0 15.000001907348633
    vertex 11.165924072265625 18.758819580078125 10.00000286102295
  endloop
endfacet
facet normal 0.0 0.0 0.0
  outer loop
    vertex 11.165924072265625 18.758819580078125 10.00000286102295
    vertex 11.066023826599121 19.0 15.000001907348633
    vertex 11.165925025939941 18.758819580078125 15.000001907348633
  endloop
endfacet
facet normal 0.0 0.0 0.0
  outer loop
    vertex 10.907103538513184 19.207107543945312 5.000003337860107
    vertex 10.699997901916504 19.366025924682617 5.000003337860107
    vertex 10.69999885559082 19.366025924682617 10.00000286102295
  endloop
endfacet
facet normal 0.0 0.0 0.0
  outer loop
    vertex 10.69999885559082 19.366025924682617 10.00000286102295
    vertex 10.699997901916504 19.366025924682617 5.000003337860107
    vertex 10.458816528320312 19.465925216674805 10.00000286102295
  endloop
endfacet
facet normal 0.0 0.0 0.0
  outer loop
    vertex 10.907103538513184 19.207107543945312 5.000003337860107
    vertex 10.69999885559082 19.366025924682617 10.00000286102295
    vertex 10.9071044921875 19.207107543945312 10.00000286102295
  endloop
endfacet
facet normal 0.0 0.0 0.0
  outer loop
    vertex 11.066021919250488 19.0 5.000003337860107
    vertex 10.907103538513184 19.207107543945312 5.000003337860107
    vertex 10.9071044921875 19.207107543945312 10.00000286102295
  endloop
endfacet
facet normal 0.0 0.0 0.0
  outer loop
    vertex 11.066021919250488 19.0 5.000003337860107
    vertex 10.9071044921875 19.207107543945312 10.00000286102295
    vertex 11.066022872924805 19.0 10.00000286102295
  endloop
endfacet
facet normal 0.0 0.0 0.0
  outer loop
    vertex 11.165923118591309 18.758819580078125 5.000003337860107
    vertex 11.066021919250488 19.0 5.000003337860107
    vertex 11.066022872924805 19.0 10.00000286102295
  endloop
endfacet
facet normal 0.0 0.0 0.0
  outer loop
    vertex 11.165923118591309 18.758819580078125 5.000003337860107
    vertex 11.066022872924805 19.0 10.00000286102295
    vertex 11.165924072265625 18.758819580078125 10.00000286102295
  endloop
endfacet
facet normal 0.0 0.0 0.0
  outer loop
    vertex 10.199997901916504 19.5 3.814697265625e-06
    vertex 9.199997901916504 19.5 3.814697265625e-06
    vertex 10.199999809265137 19.5 20.000001907348633
  endloop
endfacet
facet normal 0.0 0.0 0.0
  outer loop
    vertex 10.199999809265137 19.5 20.000001907348633
    vertex 9.199997901916504 19.5 3.814697265625e-06
    vertex 9.199999809265137 19.5 20.000001907348633
  endloop
endfacet
facet normal 0.0 0.0 0.0
  outer loop
    vertex -11.941180229187012 17.534074783325195 20.000003814697266
    vertex -11.941181182861328 17.534074783325195 14.875003814697266
    vertex -12.19999885559082 17.5 20.000003814697266
  endloop
endfacet
facet normal 0.0 0.0 0.0
  outer loop
    vertex -12.19999885559082 17.5 20.000003814697266
    vertex -11.941181182861328 17.534074783325195 14.875003814697266
    vertex -11.941181182861328 17.534074783325195 9.750004768371582
  endloop
endfacet
facet normal 0.0 0.0 0.0
  outer loop
    vertex -12.19999885559082 17.5 20.000003814697266
    vertex -11.941181182861328 17.534074783325195 9.750004768371582
    vertex -12.200000762939453 17.5 5.7220458984375e-06
  endloop
endfacet
facet normal 0.0 0.0 0.0
  outer loop
    vertex -12.200000762939453 17.5 5.7220458984375e-06
    vertex -11.941181182861328 17.534074783325195 9.750004768371582
    vertex -11.941182136535645 17.534074783325195 4.62500524520874
  endloop
endfacet
facet normal 0.0 0.0 0.0
  outer loop
    vertex -12.200000762939453 17.5 5.7220458984375e-06
    vertex -11.941182136535645 17.534074783325195 4.62500524520874
    vertex -11.941182136535645 17.534074783325195 5.7220458984375e-06
  endloop
endfacet
facet normal 0.0 0.0 0.0
  outer loop
    vertex -11.941182136535645 17.534074783325195 5.7220458984375e-06
    vertex -11.941182136535645 17.534074783325195 4.62500524520874
    vertex -11.70000171661377 17.633974075317383 5.7220458984375e-06
  endloop
endfacet
facet normal 0.0 0.0 0.0
  outer loop
    vertex -11.70000171661377 17.633974075317383 5.7220458984375e-06
    vertex -11.941182136535645 17.534074783325195 4.62500524520874
    vertex -11.70000171661377 17.633974075317383 4.62500524520874
  endloop
endfacet
facet normal 0.0 0.0 0.0
  outer loop
    vertex -11.70000171661377 17.633974075317383 5.7220458984375e-06
    vertex -11.70000171661377 17.633974075317383 4.62500524520874
    vertex -11.492894172668457 17.792892456054688 5.7220458984375e-06
  endloop
endfacet
facet normal 0.0 0.0 0.0
  outer loop
    vertex -11.492894172668457 17.792892456054688 5.7220458984375e-06
    vertex -11.70000171661377 17.633974075317383 4.62500524520874
    vertex -11.492894172668457 17.792892456054688 4.62500524520874
  endloop
endfacet
facet normal 0.0 0.0 0.0
  outer loop
    vertex -11.492894172668457 17.792892456054688 5.7220458984375e-06
    vertex -11.492894172668457 17.792892456054688 4.62500524520874
    vertex -11.33397388458252 18.0 5.7220458984375e-06
  endloop
endfacet
facet normal 0.0 0.0 0.0
  outer loop
    vertex -11.33397388458252 18.0 5.7220458984375e-06
    vertex -11.492894172668457 17.792892456054688 4.62500524520874
    vertex -11.33397388458252 18.0 4.62500524520874
  endloop
endfacet
facet normal 0.0 0.0 0.0
  outer loop
    vertex -11.33397388458252 18.0 5.7220458984375e-06
    vertex -11.33397388458252 18.0 4.62500524520874
    vertex -11.234074592590332 18.241180419921875 5.7220458984375e-06
  endloop
endfacet
facet normal 0.0 0.0 0.0
  outer loop
    vertex -11.234074592590332 18.241180419921875 5.7220458984375e-06
    vertex -11.33397388458252 18.0 4.62500524520874
    vertex -11.234074592590332 18.241180419921875 4.62500524520874
  endloop
endfacet
facet normal 0.0 0.0 0.0
  outer loop
    vertex -11.234074592590332 18.241180419921875 5.7220458984375e-06
    vertex -11.234074592590332 18.241180419921875 4.62500524520874
    vertex -11.20000171661377 18.5 5.7220458984375e-06
  endloop
endfacet
facet normal 0.0 0.0 0.0
  outer loop
    vertex -11.20000171661377 18.5 5.7220458984375e-06
    vertex -11.234074592590332 18.241180419921875 4.62500524520874
    vertex -11.234073638916016 18.241180419921875 9.750004768371582
  endloop
endfacet
facet normal 0.0 0.0 0.0
  outer loop
    vertex -11.20000171661377 18.5 5.7220458984375e-06
    vertex -11.234073638916016 18.241180419921875 9.750004768371582
    vertex -11.199999809265137 18.5 20.000003814697266
  endloop
endfacet
facet normal 0.0 0.0 0.0
  outer loop
    vertex -11.199999809265137 18.5 20.000003814697266
    vertex -11.234073638916016 18.241180419921875 9.750004768371582
    vertex -11.234073638916016 18.241180419921875 14.875003814697266
  endloop
endfacet
facet normal 0.0 0.0 0.0
  outer loop
    vertex -11.199999809265137 18.5 20.000003814697266
    vertex -11.234073638916016 18.241180419921875 14.875003814697266
    vertex -11.2340726852417 18.241180419921875 20.000003814697266
  endloop
endfacet
facet normal 0.0 0.0 0.0
  outer loop
    vertex -11.2340726852417 18.241180419921875 20.000003814697266
    vertex -11.234073638916016 18.241180419921875 14.875003814697266
    vertex -11.333971977233887 18.0 20.000003814697266
  endloop
endfacet
facet normal 0.0 0.0 0.0
  outer loop
    vertex -11.333971977233887 18.0 20.000003814697266
    vertex -11.234073638916016 18.241180419921875 14.875003814697266
    vertex -11.333972930908203 18.0 14.875003814697266
  endloop
endfacet
facet normal 0.0 0.0 0.0
  outer loop
    vertex -11.333971977233887 18.0 20.000003814697266
    vertex -11.333972930908203 18.0 14.875003814697266
    vertex -11.492892265319824 17.792892456054688 20.000003814697266
  endloop
endfacet
facet normal 0.0 0.0 0.0
  outer loop
    vertex -11.492892265319824 17.792892456054688 20.000003814697266
    vertex -11.333972930908203 18.0 14.875003814697266
    vertex -11.49289321899414 17.792892456054688 14.875003814697266
  endloop
endfacet
facet normal 0.0 0.0 0.0
  outer loop
    vertex -11.492892265319824 17.792892456054688 20.000003814697266
    vertex -11.49289321899414 17.792892456054688 14.875003814697266
    vertex -11.699999809265137 17.633974075317383 20.000003814697266
  endloop
endfacet
facet normal 0.0 0.0 0.0
  outer loop
    vertex -11.699999809265137 17.633974075317383 20.000003814697266
    vertex -11.49289321899414 17.792892456054688 14.875003814697266
    vertex -11.700000762939453 17.633974075317383 14.875003814697266
  endloop
endfacet
facet normal 0.0 0.0 0.0
  outer loop
    vertex -11.699999809265137 17.633974075317383 20.000003814697266
    vertex -11.700000762939453 17.633974075317383 14.875003814697266
    vertex -11.941180229187012 17.534074783325195 20.000003814697266
  endloop
endfacet
facet normal 0.0 0.0 0.0
  outer loop
    vertex -11.941180229187012 17.534074783325195 20.000003814697266
    vertex -11.700000762939453 17.633974075317383 14.875003814697266
    vertex -11.941181182861328 17.534074783325195 14.875003814697266
  endloop
endfacet
facet normal 0.0 0.0 0.0
  outer loop
    vertex -11.70000171661377 17.633974075317383 4.62500524520874
    vertex -11.941182136535645 17.534074783325195 4.62500524520874
    vertex -11.941181182861328 17.534074783325195 9.750004768371582
  endloop
endfacet
facet normal 0.0 0.0 0.0
  outer loop
    vertex -11.941181182861328 17.534074783325195 9.750004768371582
    vertex -11.941181182861328 17.534074783325195 14.875003814697266
    vertex -11.700000762939453 17.633974075317383 9.750004768371582
  endloop
endfacet
facet normal 0.0 0.0 0.0
  outer loop
    vertex -11.700000762939453 17.633974075317383 9.750004768371582
    vertex -11.941181182861328 17.534074783325195 14.875003814697266
    vertex -11.700000762939453 17.633974075317383 14.875003814697266
  endloop
endfacet
facet normal 0.0 0.0 0.0
  outer loop
    vertex -11.700000762939453 17.633974075317383 9.750004768371582
    vertex -11.700000762939453 17.633974075317383 14.875003814697266
    vertex -11.49289321899414 17.792892456054688 9.750004768371582
  endloop
endfacet
facet normal 0.0 0.0 0.0
  outer loop
    vertex -11.49289321899414 17.792892456054688 9.750004768371582
    vertex -11.700000762939453 17.633974075317383 14.875003814697266
    vertex -11.49289321899414 17.792892456054688 14.875003814697266
  endloop
endfacet
facet normal 0.0 0.0 0.0
  outer loop
    vertex -11.49289321899414 17.792892456054688 9.750004768371582
    vertex -11.49289321899414 17.792892456054688 14.875003814697266
    vertex -11.333972930908203 18.0 9.750004768371582
  endloop
endfacet
facet normal 0.0 0.0 0.0
  outer loop
    vertex -11.333972930908203 18.0 9.750004768371582
    vertex -11.49289321899414 17.792892456054688 14.875003814697266
    vertex -11.333972930908203 18.0 14.875003814697266
  endloop
endfacet
facet normal 0.0 0.0 0.0
  outer loop
    vertex -11.333972930908203 18.0 9.750004768371582
    vertex -11.333972930908203 18.0 14.875003814697266
    vertex -11.234073638916016 18.241180419921875 9.750004768371582
  endloop
endfacet
facet normal 0.0 0.0 0.0
  outer loop
    vertex -11.234073638916016 18.241180419921875 9.750004768371582
    vertex -11.333972930908203 18.0 14.875003814697266
    vertex -11.234073638916016 18.241180419921875 14.875003814697266
  endloop
endfacet
facet normal 0.0 0.0 0.0
  outer loop
    vertex -11.492894172668457 17.792892456054688 4.62500524520874
    vertex -11.70000171661377 17.633974075317383 4.62500524520874
    vertex -11.700000762939453 17.633974075317383 9.750004768371582
  endloop
endfacet
facet normal 0.0 0.0 0.0
  outer loop
    vertex -11.700000762939453 17.633974075317383 9.750004768371582
    vertex -11.70000171661377 17.633974075317383 4.62500524520874
    vertex -11.941181182861328 17.534074783325195 9.750004768371582
  endloop
endfacet
facet normal 0.0 0.0 0.0
  outer loop
    vertex -11.492894172668457 17.792892456054688 4.62500524520874
    vertex -11.700000762939453 17.633974075317383 9.750004768371582
    vertex -11.49289321899414 17.792892456054688 9.750004768371582
  endloop
endfacet
facet normal 0.0 0.0 0.0
  outer loop
    vertex -11.33397388458252 18.0 4.62500524520874
    vertex -11.492894172668457 17.792892456054688 4.62500524520874
    vertex -11.49289321899414 17.792892456054688 9.750004768371582
  endloop
endfacet
facet normal 0.0 0.0 0.0
  outer loop
    vertex -11.33397388458252 18.0 4.62500524520874
    vertex -11.49289321899414 17.792892456054688 9.750004768371582
    vertex -11.333972930908203 18.0 9.750004768371582
  endloop
endfacet
facet normal 0.0 0.0 0.0
  outer loop
    vertex -11.234074592590332 18.241180419921875 4.62500524520874
    vertex -11.33397388458252 18.0 4.62500524520874
    vertex -11.333972930908203 18.0 9.750004768371582
  endloop
endfacet
facet normal 0.0 0.0 0.0
  outer loop
    vertex -11.234074592590332 18.241180419921875 4.62500524520874
    vertex -11.333972930908203 18.0 9.750004768371582
    vertex -11.234073638916016 18.241180419921875 9.750004768371582
  endloop
endfacet
facet normal 0.0 0.0 0.0
  outer loop
    vertex -11.165923118591309 18.758819580078125 20.000003814697266
    vertex -11.165923118591309 18.758819580078125 15.000003814697266
    vertex -11.199999809265137 18.5 20.000003814697266
  endloop
endfacet
facet normal 0.0 0.0 0.0
  outer loop
    vertex -11.199999809265137 18.5 20.000003814697266
    vertex -11.165923118591309 18.758819580078125 15.000003814697266
    vertex -11.165924072265625 18.758819580078125 10.000004768371582
  endloop
endfacet
facet normal 0.0 0.0 0.0
  outer loop
    vertex -11.199999809265137 18.5 20.000003814697266
    vertex -11.165924072265625 18.758819580078125 10.000004768371582
    vertex -11.20000171661377 18.5 5.7220458984375e-06
  endloop
endfacet
facet normal 0.0 0.0 0.0
  outer loop
    vertex -11.20000171661377 18.5 5.7220458984375e-06
    vertex -11.165924072265625 18.758819580078125 10.000004768371582
    vertex -11.165925025939941 18.758819580078125 5.00000524520874
  endloop
endfacet
facet normal 0.0 0.0 0.0
  outer loop
    vertex -11.20000171661377 18.5 5.7220458984375e-06
    vertex -11.165925025939941 18.758819580078125 5.00000524520874
    vertex -11.165925025939941 18.758819580078125 5.7220458984375e-06
  endloop
endfacet
facet normal 0.0 0.0 0.0
  outer loop
    vertex -11.165925025939941 18.758819580078125 5.7220458984375e-06
    vertex -11.165925025939941 18.758819580078125 5.00000524520874
    vertex -11.066025733947754 19.0 5.7220458984375e-06
  endloop
endfacet
facet normal 0.0 0.0 0.0
  outer loop
    vertex -11.066025733947754 19.0 5.7220458984375e-06
    vertex -11.165925025939941 18.758819580078125 5.00000524520874
    vertex -11.066025733947754 19.0 5.00000524520874
  endloop
endfacet
facet normal 0.0 0.0 0.0
  outer loop
    vertex -11.066025733947754 19.0 5.7220458984375e-06
    vertex -11.066025733947754 19.0 5.00000524520874
    vertex -10.907109260559082 19.207107543945312 5.7220458984375e-06
  endloop
endfacet
facet normal 0.0 0.0 0.0
  outer loop
    vertex -10.907109260559082 19.207107543945312 5.7220458984375e-06
    vertex -11.066025733947754 19.0 5.00000524520874
    vertex -10.907109260559082 19.207107543945312 5.00000524520874
  endloop
endfacet
facet normal 0.0 0.0 0.0
  outer loop
    vertex -10.907109260559082 19.207107543945312 5.7220458984375e-06
    vertex -10.907109260559082 19.207107543945312 5.00000524520874
    vertex -10.70000171661377 19.366025924682617 5.7220458984375e-06
  endloop
endfacet
facet normal 0.0 0.0 0.0
  outer loop
    vertex -10.70000171661377 19.366025924682617 5.7220458984375e-06
    vertex -10.907109260559082 19.207107543945312 5.00000524520874
    vertex -10.70000171661377 19.366025924682617 5.00000524520874
  endloop
endfacet
facet normal 0.0 0.0 0.0
  outer loop
    vertex -10.70000171661377 19.366025924682617 5.7220458984375e-06
    vertex -10.70000171661377 19.366025924682617 5.00000524520874
    vertex -10.458821296691895 19.465925216674805 5.7220458984375e-06
  endloop
endfacet
facet normal 0.0 0.0 0.0
  outer loop
    vertex -10.458821296691895 19.465925216674805 5.7220458984375e-06
    vertex -10.70000171661377 19.366025924682617 5.00000524520874
    vertex -10.458821296691895 19.465925216674805 5.00000524520874
  endloop
endfacet
facet normal 0.0 0.0 0.0
  outer loop
    vertex -10.458821296691895 19.465925216674805 5.7220458984375e-06
    vertex -10.458821296691895 19.465925216674805 5.00000524520874
    vertex -10.20000171661377 19.5 5.7220458984375e-06
  endloop
endfacet
facet normal 0.0 0.0 0.0
  outer loop
    vertex -10.20000171661377 19.5 5.7220458984375e-06
    vertex -10.458821296691895 19.465925216674805 5.00000524520874
    vertex -10.458820343017578 19.465925216674805 10.000004768371582
  endloop
endfacet
facet normal 0.0 0.0 0.0
  outer loop
    vertex -10.20000171661377 19.5 5.7220458984375e-06
    vertex -10.458820343017578 19.465925216674805 10.000004768371582
    vertex -10.199999809265137 19.5 20.000003814697266
  endloop
endfacet
facet normal 0.0 0.0 0.0
  outer loop
    vertex -10.199999809265137 19.5 20.000003814697266
    vertex -10.458820343017578 19.465925216674805 10.000004768371582
    vertex -10.458819389343262 19.465925216674805 15.000003814697266
  endloop
endfacet
facet normal 0.0 0.0 0.0
  outer loop
    vertex -10.199999809265137 19.5 20.000003814697266
    vertex -10.458819389343262 19.465925216674805 15.000003814697266
    vertex -10.458819389343262 19.465925216674805 20.000003814697266
  endloop
endfacet
facet normal 0.0 0.0 0.0
  outer loop
    vertex -10.458819389343262 19.465925216674805 20.000003814697266
    vertex -10.458819389343262 19.465925216674805 15.000003814697266
    vertex -10.699999809265137 19.366025924682617 20.000003814697266
  endloop
endfacet
facet normal 0.0 0.0 0.0
  outer loop
    vertex -10.699999809265137 19.366025924682617 20.000003814697266
    vertex -10.458819389343262 19.465925216674805 15.000003814697266
    vertex -10.699999809265137 19.366025924682617 15.000003814697266
  endloop
endfacet
facet normal 0.0 0.0 0.0
  outer loop
    vertex -10.699999809265137 19.366025924682617 20.000003814697266
    vertex -10.699999809265137 19.366025924682617 15.000003814697266
    vertex -10.90710735321045 19.207107543945312 20.000003814697266
  endloop
endfacet
facet normal 0.0 0.0 0.0
  outer loop
    vertex -10.90710735321045 19.207107543945312 20.000003814697266
    vertex -10.699999809265137 19.366025924682617 15.000003814697266
    vertex -10.90710735321045 19.207107543945312 15.000003814697266
  endloop
endfacet
facet normal 0.0 0.0 0.0
  outer loop
    vertex -10.90710735321045 19.207107543945312 20.000003814697266
    vertex -10.90710735321045 19.207107543945312 15.000003814697266
    vertex -11.066023826599121 19.0 20.000003814697266
  endloop
endfacet
facet normal 0.0 0.0 0.0
  outer loop
    vertex -11.066023826599121 19.0 20.000003814697266
    vertex -10.90710735321045 19.207107543945312 15.000003814697266
    vertex -11.066023826599121 19.0 15.000003814697266
  endloop
endfacet
facet normal 0.0 0.0 0.0
  outer loop
    vertex -11.066023826599121 19.0 20.000003814697266
    vertex -11.066023826599121 19.0 15.000003814697266
    vertex -11.165923118591309 18.758819580078125 20.000003814697266
  endloop
endfacet
facet normal 0.0 0.0 0.0
  outer loop
    vertex -11.165923118591309 18.758819580078125 20.000003814697266
    vertex -11.066023826599121 19.0 15.000003814697266
    vertex -11.165923118591309 18.758819580078125 15.000003814697266
  endloop
endfacet
facet normal 0.0 0.0 0.0
  outer loop
    vertex -11.066025733947754 19.0 5.00000524520874
    vertex -11.165925025939941 18.758819580078125 5.00000524520874
    vertex -11.165924072265625 18.758819580078125 10.000004768371582
  endloop
endfacet
facet normal 0.0 0.0 0.0
  outer loop
    vertex -11.165924072265625 18.758819580078125 10.000004768371582
    vertex -11.165923118591309 18.758819580078125 15.000003814697266
    vertex -11.066024780273438 19.0 10.000004768371582
  endloop
endfacet
facet normal 0.0 0.0 0.0
  outer loop
    vertex -11.066024780273438 19.0 10.000004768371582
    vertex -11.165923118591309 18.758819580078125 15.000003814697266
    vertex -11.066023826599121 19.0 15.000003814697266
  endloop
endfacet
facet normal 0.0 0.0 0.0
  outer loop
    vertex -11.066024780273438 19.0 10.000004768371582
    vertex -11.066023826599121 19.0 15.000003814697266
    vertex -10.907108306884766 19.207107543945312 10.000004768371582
  endloop
endfacet
facet normal 0.0 0.0 0.0
  outer loop
    vertex -10.907108306884766 19.207107543945312 10.000004768371582
    vertex -11.066023826599121 19.0 15.000003814697266
    vertex -10.90710735321045 19.207107543945312 15.000003814697266
  endloop
endfacet
facet normal 0.0 0.0 0.0
  outer loop
    vertex -10.907108306884766 19.207107543945312 10.000004768371582
    vertex -10.90710735321045 19.207107543945312 15.000003814697266
    vertex -10.700000762939453 19.366025924682617 10.000004768371582
  endloop
endfacet
facet normal 0.0 0.0 0.0
  outer loop
    vertex -10.700000762939453 19.366025924682617 10.000004768371582
    vertex -10.90710735321045 19.207107543945312 15.000003814697266
    vertex -10.699999809265137 19.366025924682617 15.000003814697266
  endloop
endfacet
facet normal 0.0 0.0 0.0
  outer loop
    vertex -10.700000762939453 19.366025924682617 10.000004768371582
    vertex -10.699999809265137 19.366025924682617 15.000003814697266
    vertex -10.458820343017578 19.465925216674805 10.000004768371582
  endloop
endfacet
facet normal 0.0 0.0 0.0
  outer loop
    vertex -10.458820343017578 19.465925216674805 10.000004768371582
    vertex -10.699999809265137 19.366025924682617 15.000003814697266
    vertex -10.458819389343262 19.465925216674805 15.000003814697266
  endloop
endfacet
facet normal 0.0 0.0 0.0
  outer loop
    vertex -10.907109260559082 19.207107543945312 5.00000524520874
    vertex -11.066025733947754 19.0 5.00000524520874
    vertex -11.066024780273438 19.0 10.000004768371582
  endloop
endfacet
facet normal 0.0 0.0 0.0
  outer loop
    vertex -11.066024780273438 19.0 10.000004768371582
    vertex -11.066025733947754 19.0 5.00000524520874
    vertex -11.165924072265625 18.758819580078125 10.000004768371582
  endloop
endfacet
facet normal 0.0 0.0 0.0
  outer loop
    vertex -10.907109260559082 19.207107543945312 5.00000524520874
    vertex -11.066024780273438 19.0 10.000004768371582
    vertex -10.907108306884766 19.207107543945312 10.000004768371582
  endloop
endfacet
facet normal 0.0 0.0 0.0
  outer loop
    vertex -10.70000171661377 19.366025924682617 5.00000524520874
    vertex -10.907109260559082 19.207107543945312 5.00000524520874
    vertex -10.907108306884766 19.207107543945312 10.000004768371582
  endloop
endfacet
facet normal 0.0 0.0 0.0
  outer loop
    vertex -10.70000171661377 19.366025924682617 5.00000524520874
    vertex -10.907108306884766 19.207107543945312 10.000004768371582
    vertex -10.700000762939453 19.366025924682617 10.000004768371582
  endloop
endfacet
facet normal 0.0 0.0 0.0
  outer loop
    vertex -10.458821296691895 19.465925216674805 5.00000524520874
    vertex -10.70000171661377 19.366025924682617 5.00000524520874
    vertex -10.700000762939453 19.366025924682617 10.000004768371582
  endloop
endfacet
facet normal 0.0 0.0 0.0
  outer loop
    vertex -10.458821296691895 19.465925216674805 5.00000524520874
    vertex -10.700000762939453 19.366025924682617 10.000004768371582
    vertex -10.458820343017578 19.465925216674805 10.000004768371582
  endloop
endfacet
facet normal 0.0 0.0 0.0
  outer loop
    vertex -10.199999809265137 19.5 20.000003814697266
    vertex -9.199999809265137 19.5 20.000003814697266
    vertex -10.20000171661377 19.5 5.7220458984375e-06
  endloop
endfacet
facet normal 0.0 0.0 0.0
  outer loop
    vertex -10.20000171661377 19.5 5.7220458984375e-06
    vertex -9.199999809265137 19.5 20.000003814697266
    vertex -9.20000171661377 19.5 5.7220458984375e-06
  endloop
endfacet
facet normal 0.0 0.0 0.0
  outer loop
    vertex -9.20000171661377 -19.5 5.7220458984375e-06
    vertex -9.20000171661377 -17.5 5.7220458984375e-06
    vertex -9.199999809265137 -19.5 20.000003814697266
  endloop
endfacet
facet normal 0.0 0.0 0.0
  outer loop
    vertex -9.199999809265137 -19.5 20.000003814697266
    vertex -9.20000171661377 -17.5 5.7220458984375e-06
    vertex -9.199999809265137 -17.5 20.000003814697266
  endloop
endfacet
facet normal 0.0 0.0 0.0
  outer loop
    vertex -10.20000171661377 -19.5 5.7220458984375e-06
    vertex -9.20000171661377 -19.5 5.7220458984375e-06
    vertex -10.199999809265137 -19.5 20.000003814697266
  endloop
endfacet
facet normal 0.0 0.0 0.0
  outer loop
    vertex -10.199999809265137 -19.5 20.000003814697266
    vertex -9.20000171661377 -19.5 5.7220458984375e-06
    vertex -9.199999809265137 -19.5 20.000003814697266
  endloop
endfacet
facet normal 0.0 0.0 0.0
  outer loop
    vertex -12.19999885559082 -17.5 20.000003814697266
    vertex -38.874996185302734 -17.5 20.00000762939453
    vertex -12.200000762939453 -17.5 5.7220458984375e-06
  endloop
endfacet
facet normal 0.0 0.0 0.0
  outer loop
    vertex -12.200000762939453 -17.5 5.7220458984375e-06
    vertex -38.874996185302734 -17.5 20.00000762939453
    vertex -38.874996185302734 -17.5 8.58306884765625e-06
  endloop
endfacet
facet normal 0.0 0.0 0.0
  outer loop
    vertex -9.20000171661377 -17.5 5.7220458984375e-06
    vertex 9.199997901916504 -17.5 3.814697265625e-06
    vertex -9.199999809265137 -17.5 20.000003814697266
  endloop
endfacet
facet normal 0.0 0.0 0.0
  outer loop
    vertex -9.199999809265137 -17.5 20.000003814697266
    vertex 9.199997901916504 -17.5 3.814697265625e-06
    vertex 9.199999809265137 -17.5 20.000001907348633
  endloop
endfacet
facet normal 0.0 0.0 0.0
  outer loop
    vertex 9.199997901916504 19.5 3.814697265625e-06
    vertex 9.199997901916504 17.5 3.814697265625e-06
    vertex 9.199999809265137 19.5 20.000001907348633
  endloop
endfacet
facet normal 0.0 0.0 0.0
  outer loop
    vertex 9.199999809265137 19.5 20.000001907348633
    vertex 9.199997901916504 17.5 3.814697265625e-06
    vertex 9.199999809265137 17.5 20.000001907348633
  endloop
endfacet
facet normal 0.0 0.0 0.0
  outer loop
    vertex 12.19999885559082 17.5 20.000001907348633
    vertex 38.874996185302734 17.5 20.0
    vertex 12.199996948242188 17.5 3.814697265625e-06
  endloop
endfacet
facet normal 0.0 0.0 0.0
  outer loop
    vertex 12.199996948242188 17.5 3.814697265625e-06
    vertex 38.874996185302734 17.5 20.0
    vertex 38.874996185302734 17.5 9.5367431640625e-07
  endloop
endfacet
facet normal 0.0 0.0 0.0
  outer loop
    vertex 9.199997901916504 17.5 3.814697265625e-06
    vertex -9.20000171661377 17.5 5.7220458984375e-06
    vertex 9.199999809265137 17.5 20.000001907348633
  endloop
endfacet
facet normal 0.0 0.0 0.0
  outer loop
    vertex 9.199999809265137 17.5 20.000001907348633
    vertex -9.20000171661377 17.5 5.7220458984375e-06
    vertex -9.199999809265137 17.5 20.000003814697266
  endloop
endfacet
facet normal 0.0 0.0 0.0
  outer loop
    vertex 9.199997901916504 -17.5 3.814697265625e-06
    vertex 9.199997901916504 -19.5 3.814697265625e-06
    vertex 9.199999809265137 -17.5 20.000001907348633
  endloop
endfacet
facet normal 0.0 0.0 0.0
  outer loop
    vertex 9.199999809265137 -17.5 20.000001907348633
    vertex 9.199997901916504 -19.5 3.814697265625e-06
    vertex 9.199999809265137 -19.5 20.000001907348633
  endloop
endfacet
facet normal 0.0 0.0 0.0
  outer loop
    vertex 10.199999809265137 -19.5 20.000001907348633
    vertex 9.199999809265137 -19.5 20.000001907348633
    vertex 10.199997901916504 -19.5 3.814697265625e-06
  endloop
endfacet
facet normal 0.0 0.0 0.0
  outer loop
    vertex 10.199997901916504 -19.5 3.814697265625e-06
    vertex 9.199999809265137 -19.5 20.000001907348633
    vertex 9.199997901916504 -19.5 3.814697265625e-06
  endloop
endfacet
facet normal 0.0 0.0 0.0
  outer loop
    vertex 12.199996948242188 -17.5 3.814697265625e-06
    vertex 38.874996185302734 -17.5 9.5367431640625e-07
    vertex 12.19999885559082 -17.5 20.000001907348633
  endloop
endfacet
facet normal 0.0 0.0 0.0
  outer loop
    vertex 12.19999885559082 -17.5 20.000001907348633
    vertex 38.874996185302734 -17.5 9.5367431640625e-07
    vertex 38.874996185302734 -17.5 20.0
  endloop
endfacet
facet normal 0.0 0.0 0.0
  outer loop
    vertex -9.20000171661377 17.5 5.7220458984375e-06
    vertex -9.20000171661377 19.5 5.7220458984375e-06
    vertex -9.199999809265137 17.5 20.000003814697266
  endloop
endfacet
facet normal 0.0 0.0 0.0
  outer loop
    vertex -9.199999809265137 17.5 20.000003814697266
    vertex -9.20000171661377 19.5 5.7220458984375e-06
    vertex -9.199999809265137 19.5 20.000003814697266
  endloop
endfacet
facet normal 0.0 0.0 0.0
  outer loop
    vertex -12.200000762939453 17.5 5.7220458984375e-06
    vertex -38.874996185302734 17.5 8.58306884765625e-06
    vertex -12.19999885559082 17.5 20.000003814697266
  endloop
endfacet
facet normal 0.0 0.0 0.0
  outer loop
    vertex -12.19999885559082 17.5 20.000003814697266
    vertex -38.874996185302734 17.5 8.58306884765625e-06
    vertex -38.874996185302734 17.5 20.00000762939453
  endloop
endfacet
facet normal 0.0 0.0 0.0
  outer loop
    vertex -54.56663513183594 -4.411618232727051 15.500008583068848
    vertex -55.43602752685547 -4.644571781158447 15.500008583068848
    vertex -54.56663513183594 -4.411618232727051 17.00000762939453
  endloop
endfacet
facet normal 0.0 0.0 0.0
  outer loop
    vertex -54.56663513183594 -4.411618232727051 17.00000762939453
    vertex -55.43602752685547 -4.644571781158447 15.500008583068848
    vertex -55.43602752685547 -4.644571781158447 17.00000762939453
  endloop
endfacet
facet normal 0.0 0.0 0.0
  outer loop
    vertex -54.56663513183594 4.411618232727051 17.00000762939453
    vertex -54.90367126464844 2.9616801738739014 17.00000762939453
    vertex -55.43602752685547 4.644571781158447 17.00000762939453
  endloop
endfacet
facet normal 0.0 0.0 0.0
  outer loop
    vertex -55.43602752685547 4.644571781158447 17.00000762939453
    vertex -54.90367126464844 2.9616801738739014 17.00000762939453
    vertex -55.107017517089844 1.4870412349700928 17.00000762939453
  endloop
endfacet
facet normal 0.0 0.0 0.0
  outer loop
    vertex -55.43602752685547 4.644571781158447 17.00000762939453
    vertex -55.107017517089844 1.4870412349700928 17.00000762939453
    vertex -55.79002380371094 3.1179683208465576 17.00000762939453
  endloop
endfacet
facet normal 0.0 0.0 0.0
  outer loop
    vertex -55.79002380371094 3.1179683208465576 17.00000762939453
    vertex -55.107017517089844 1.4870412349700928 17.00000762939453
    vertex -56.00360107421875 1.5654817819595337 17.00000762939453
  endloop
endfacet
facet normal 0.0 0.0 0.0
  outer loop
    vertex -56.00360107421875 1.5654817819595337 17.00000762939453
    vertex -55.107017517089844 1.4870412349700928 17.00000762939453
    vertex -55.17499542236328 1.2322068278919351e-12 17.00000762939453
  endloop
endfacet
facet normal 0.0 0.0 0.0
  outer loop
    vertex -56.00360107421875 1.5654817819595337 17.00000762939453
    vertex -55.17499542236328 1.2322068278919351e-12 17.00000762939453
    vertex -56.074989318847656 -2.381428387820961e-13 17.00000762939453
  endloop
endfacet
facet normal 0.0 0.0 0.0
  outer loop
    vertex -56.074989318847656 -2.381428387820961e-13 17.00000762939453
    vertex -55.17499542236328 1.2322068278919351e-12 17.00000762939453
    vertex -56.00360107421875 -1.5654817819595337 17.00000762939453
  endloop
endfacet
facet normal 0.0 0.0 0.0
  outer loop
    vertex -56.00360107421875 -1.5654817819595337 17.00000762939453
    vertex -55.17499542236328 1.2322068278919351e-12 17.00000762939453
    vertex -55.107017517089844 -1.4870412349700928 17.00000762939453
  endloop
endfacet
facet normal 0.0 0.0 0.0
  outer loop
    vertex -56.00360107421875 -1.5654817819595337 17.00000762939453
    vertex -55.107017517089844 -1.4870412349700928 17.00000762939453
    vertex -55.79002380371094 -3.1179683208465576 17.00000762939453
  endloop
endfacet
facet normal 0.0 0.0 0.0
  outer loop
    vertex -55.79002380371094 -3.1179683208465576 17.00000762939453
    vertex -55.107017517089844 -1.4870412349700928 17.00000762939453
    vertex -55.43602752685547 -4.644571781158447 17.00000762939453
  endloop
endfacet
facet normal 0.0 0.0 0.0
  outer loop
    vertex -55.43602752685547 -4.644571781158447 17.00000762939453
    vertex -55.107017517089844 -1.4870412349700928 17.00000762939453
    vertex -54.90367126464844 -2.9616801738739014 17.00000762939453
  endloop
endfacet
facet normal 0.0 0.0 0.0
  outer loop
    vertex -55.43602752685547 -4.644571781158447 17.00000762939453
    vertex -54.90367126464844 -2.9616801738739014 17.00000762939453
    vertex -54.56663513183594 -4.411618232727051 17.00000762939453
  endloop
endfacet
facet normal 0.0 0.0 0.0
  outer loop
    vertex -55.43602752685547 -4.644571781158447 15.500008583068848
    vertex -55.79002380371094 -3.1179683208465576 15.500008583068848
    vertex -55.43602752685547 -4.644571781158447 17.00000762939453
  endloop
endfacet
facet normal 0.0 0.0 0.0
  outer loop
    vertex -55.43602752685547 -4.644571781158447 17.00000762939453
    vertex -55.79002380371094 -3.1179683208465576 15.500008583068848
    vertex -55.79002380371094 -3.1179683208465576 17.00000762939453
  endloop
endfacet
facet normal 0.0 0.0 0.0
  outer loop
    vertex -55.79002380371094 -3.1179683208465576 17.00000762939453
    vertex -55.79002380371094 -3.1179683208465576 15.500008583068848
    vertex -56.00360107421875 -1.5654817819595337 15.500008583068848
  endloop
endfacet
facet normal 0.0 0.0 0.0
  outer loop
    vertex -55.79002380371094 -3.1179683208465576 17.00000762939453
    vertex -56.00360107421875 -1.5654817819595337 15.500008583068848
    vertex -56.00360107421875 -1.5654817819595337 17.00000762939453
  endloop
endfacet
facet normal 0.0 0.0 0.0
  outer loop
    vertex -56.00360107421875 -1.5654817819595337 17.00000762939453
    vertex -56.00360107421875 -1.5654817819595337 15.500008583068848
    vertex -56.074989318847656 -2.381428387820961e-13 15.500008583068848
  endloop
endfacet
facet normal 0.0 0.0 0.0
  outer loop
    vertex -56.00360107421875 -1.5654817819595337 17.00000762939453
    vertex -56.074989318847656 -2.381428387820961e-13 15.500008583068848
    vertex -56.074989318847656 -2.381428387820961e-13 17.00000762939453
  endloop
endfacet
facet normal 0.0 0.0 0.0
  outer loop
    vertex -56.074989318847656 -2.381428387820961e-13 17.00000762939453
    vertex -56.074989318847656 -2.381428387820961e-13 15.500008583068848
    vertex -56.00360107421875 1.5654817819595337 15.500008583068848
  endloop
endfacet
facet normal 0.0 0.0 0.0
  outer loop
    vertex -56.074989318847656 -2.381428387820961e-13 17.00000762939453
    vertex -56.00360107421875 1.5654817819595337 15.500008583068848
    vertex -56.00360107421875 1.5654817819595337 17.00000762939453
  endloop
endfacet
facet normal 0.0 0.0 0.0
  outer loop
    vertex -56.00360107421875 1.5654817819595337 17.00000762939453
    vertex -56.00360107421875 1.5654817819595337 15.500008583068848
    vertex -55.79002380371094 3.1179683208465576 15.500008583068848
  endloop
endfacet
facet normal 0.0 0.0 0.0
  outer loop
    vertex -56.00360107421875 1.5654817819595337 17.00000762939453
    vertex -55.79002380371094 3.1179683208465576 15.500008583068848
    vertex -55.79002380371094 3.1179683208465576 17.00000762939453
  endloop
endfacet
facet normal 0.0 0.0 0.0
  outer loop
    vertex -55.79002380371094 3.1179683208465576 17.00000762939453
    vertex -55.79002380371094 3.1179683208465576 15.500008583068848
    vertex -55.43602752685547 4.644571781158447 15.500008583068848
  endloop
endfacet
facet normal 0.0 0.0 0.0
  outer loop
    vertex -55.79002380371094 3.1179683208465576 17.00000762939453
    vertex -55.43602752685547 4.644571781158447 15.500008583068848
    vertex -55.43602752685547 4.644571781158447 17.00000762939453
  endloop
endfacet
facet normal 0.0 0.0 0.0
  outer loop
    vertex -54.56663513183594 4.411618232727051 17.00000762939453
    vertex -55.43602752685547 4.644571781158447 17.00000762939453
    vertex -54.56663513183594 4.411618232727051 15.500008583068848
  endloop
endfacet
facet normal 0.0 0.0 0.0
  outer loop
    vertex -54.56663513183594 4.411618232727051 15.500008583068848
    vertex -55.43602752685547 4.644571781158447 17.00000762939453
    vertex -55.43602752685547 4.644571781158447 15.500008583068848
  endloop
endfacet
facet normal 0.0 0.0 0.0
  outer loop
    vertex -54.56663513183594 -4.411618232727051 15.500008583068848
    vertex -54.90367126464844 -2.9616801738739014 15.500008583068848
    vertex -55.43602752685547 -4.644571781158447 15.500008583068848
  endloop
endfacet
facet normal 0.0 0.0 0.0
  outer loop
    vertex -55.43602752685547 -4.644571781158447 15.500008583068848
    vertex -54.90367126464844 -2.9616801738739014 15.500008583068848
    vertex -55.107017517089844 -1.4870412349700928 15.500008583068848
  endloop
endfacet
facet normal 0.0 0.0 0.0
  outer loop
    vertex -55.43602752685547 -4.644571781158447 15.500008583068848
    vertex -55.107017517089844 -1.4870412349700928 15.500008583068848
    vertex -55.79002380371094 -3.1179683208465576 15.500008583068848
  endloop
endfacet
facet normal 0.0 0.0 0.0
  outer loop
    vertex -55.79002380371094 -3.1179683208465576 15.500008583068848
    vertex -55.107017517089844 -1.4870412349700928 15.500008583068848
    vertex -56.00360107421875 -1.5654817819595337 15.500008583068848
  endloop
endfacet
facet normal 0.0 0.0 0.0
  outer loop
    vertex -56.00360107421875 -1.5654817819595337 15.500008583068848
    vertex -55.107017517089844 -1.4870412349700928 15.500008583068848
    vertex -55.17499542236328 1.2322068278919351e-12 15.500008583068848
  endloop
endfacet
facet normal 0.0 0.0 0.0
  outer loop
    vertex -56.00360107421875 -1.5654817819595337 15.500008583068848
    vertex -55.17499542236328 1.2322068278919351e-12 15.500008583068848
    vertex -56.074989318847656 -2.381428387820961e-13 15.500008583068848
  endloop
endfacet
facet normal 0.0 0.0 0.0
  outer loop
    vertex -56.074989318847656 -2.381428387820961e-13 15.500008583068848
    vertex -55.17499542236328 1.2322068278919351e-12 15.500008583068848
    vertex -56.00360107421875 1.5654817819595337 15.500008583068848
  endloop
endfacet
facet normal 0.0 0.0 0.0
  outer loop
    vertex -56.00360107421875 1.5654817819595337 15.500008583068848
    vertex -55.17499542236328 1.2322068278919351e-12 15.500008583068848
    vertex -55.107017517089844 1.4870412349700928 15.500008583068848
  endloop
endfacet
facet normal 0.0 0.0 0.0
  outer loop
    vertex -56.00360107421875 1.5654817819595337 15.500008583068848
    vertex -55.107017517089844 1.4870412349700928 15.500008583068848
    vertex -55.79002380371094 3.1179683208465576 15.500008583068848
  endloop
endfacet
facet normal 0.0 0.0 0.0
  outer loop
    vertex -55.79002380371094 3.1179683208465576 15.500008583068848
    vertex -55.107017517089844 1.4870412349700928 15.500008583068848
    vertex -55.43602752685547 4.644571781158447 15.500008583068848
  endloop
endfacet
facet normal 0.0 0.0 0.0
  outer loop
    vertex -55.43602752685547 4.644571781158447 15.500008583068848
    vertex -55.107017517089844 1.4870412349700928 15.500008583068848
    vertex -54.90367126464844 2.9616801738739014 15.500008583068848
  endloop
endfacet
facet normal 0.0 0.0 0.0
  outer loop
    vertex -55.43602752685547 4.644571781158447 15.500008583068848
    vertex -54.90367126464844 2.9616801738739014 15.500008583068848
    vertex -54.56663513183594 4.411618232727051 15.500008583068848
  endloop
endfacet
facet normal 0.0 0.0 0.0
  outer loop
    vertex 54.56663513183594 -4.411618232727051 16.999998092651367
    vertex 55.43602752685547 -4.644571781158447 16.999998092651367
    vertex 54.56663513183594 -4.411618232727051 15.499998092651367
  endloop
endfacet
facet normal 0.0 0.0 0.0
  outer loop
    vertex 54.56663513183594 -4.411618232727051 15.499998092651367
    vertex 55.43602752685547 -4.644571781158447 16.999998092651367
    vertex 55.43602752685547 -4.644571781158447 15.499998092651367
  endloop
endfacet
facet normal 0.0 0.0 0.0
  outer loop
    vertex 54.56663513183594 4.411618232727051 15.499998092651367
    vertex 54.90366744995117 2.9616801738739014 15.499998092651367
    vertex 55.43602752685547 4.644571781158447 15.499998092651367
  endloop
endfacet
facet normal 0.0 0.0 0.0
  outer loop
    vertex 55.43602752685547 4.644571781158447 15.499998092651367
    vertex 54.90366744995117 2.9616801738739014 15.499998092651367
    vertex 55.107017517089844 1.4870412349700928 15.499998092651367
  endloop
endfacet
facet normal 0.0 0.0 0.0
  outer loop
    vertex 55.43602752685547 4.644571781158447 15.499998092651367
    vertex 55.107017517089844 1.4870412349700928 15.499998092651367
    vertex 55.79002380371094 3.1179683208465576 15.499998092651367
  endloop
endfacet
facet normal 0.0 0.0 0.0
  outer loop
    vertex 55.79002380371094 3.1179683208465576 15.499998092651367
    vertex 55.107017517089844 1.4870412349700928 15.499998092651367
    vertex 56.00360107421875 1.5654817819595337 15.499998092651367
  endloop
endfacet
facet normal 0.0 0.0 0.0
  outer loop
    vertex 56.00360107421875 1.5654817819595337 15.499998092651367
    vertex 55.107017517089844 1.4870412349700928 15.499998092651367
    vertex 55.174991607666016 1.2058162628114655e-12 15.499998092651367
  endloop
endfacet
facet normal 0.0 0.0 0.0
  outer loop
    vertex 56.00360107421875 1.5654817819595337 15.499998092651367
    vertex 55.174991607666016 1.2058162628114655e-12 15.499998092651367
    vertex 56.07499313354492 -2.681188604469753e-13 15.499998092651367
  endloop
endfacet
facet normal 0.0 0.0 0.0
  outer loop
    vertex 56.07499313354492 -2.681188604469753e-13 15.499998092651367
    vertex 55.174991607666016 1.2058162628114655e-12 15.499998092651367
    vertex 56.00360107421875 -1.5654817819595337 15.499998092651367
  endloop
endfacet
facet normal 0.0 0.0 0.0
  outer loop
    vertex 56.00360107421875 -1.5654817819595337 15.499998092651367
    vertex 55.174991607666016 1.2058162628114655e-12 15.499998092651367
    vertex 55.107017517089844 -1.4870412349700928 15.499998092651367
  endloop
endfacet
facet normal 0.0 0.0 0.0
  outer loop
    vertex 56.00360107421875 -1.5654817819595337 15.499998092651367
    vertex 55.107017517089844 -1.4870412349700928 15.499998092651367
    vertex 55.79002380371094 -3.1179683208465576 15.499998092651367
  endloop
endfacet
facet normal 0.0 0.0 0.0
  outer loop
    vertex 55.79002380371094 -3.1179683208465576 15.499998092651367
    vertex 55.107017517089844 -1.4870412349700928 15.499998092651367
    vertex 55.43602752685547 -4.644571781158447 15.499998092651367
  endloop
endfacet
facet normal 0.0 0.0 0.0
  outer loop
    vertex 55.43602752685547 -4.644571781158447 15.499998092651367
    vertex 55.107017517089844 -1.4870412349700928 15.499998092651367
    vertex 54.90366744995117 -2.9616801738739014 15.499998092651367
  endloop
endfacet
facet normal 0.0 0.0 0.0
  outer loop
    vertex 55.43602752685547 -4.644571781158447 15.499998092651367
    vertex 54.90366744995117 -2.9616801738739014 15.499998092651367
    vertex 54.56663513183594 -4.411618232727051 15.499998092651367
  endloop
endfacet
facet normal 0.0 0.0 0.0
  outer loop
    vertex 55.43602752685547 4.644571781158447 15.499998092651367
    vertex 55.79002380371094 3.1179683208465576 15.499998092651367
    vertex 55.43602752685547 4.644571781158447 16.999998092651367
  endloop
endfacet
facet normal 0.0 0.0 0.0
  outer loop
    vertex 55.43602752685547 4.644571781158447 16.999998092651367
    vertex 55.79002380371094 3.1179683208465576 15.499998092651367
    vertex 55.79002380371094 3.1179683208465576 16.999998092651367
  endloop
endfacet
facet normal 0.0 0.0 0.0
  outer loop
    vertex 55.79002380371094 3.1179683208465576 16.999998092651367
    vertex 55.79002380371094 3.1179683208465576 15.499998092651367
    vertex 56.00360107421875 1.5654817819595337 15.499998092651367
  endloop
endfacet
facet normal 0.0 0.0 0.0
  outer loop
    vertex 55.79002380371094 3.1179683208465576 16.999998092651367
    vertex 56.00360107421875 1.5654817819595337 15.499998092651367
    vertex 56.00360107421875 1.5654817819595337 16.999998092651367
  endloop
endfacet
facet normal 0.0 0.0 0.0
  outer loop
    vertex 56.00360107421875 1.5654817819595337 16.999998092651367
    vertex 56.00360107421875 1.5654817819595337 15.499998092651367
    vertex 56.07499313354492 -2.681188604469753e-13 15.499998092651367
  endloop
endfacet
facet normal 0.0 0.0 0.0
  outer loop
    vertex 56.00360107421875 1.5654817819595337 16.999998092651367
    vertex 56.07499313354492 -2.681188604469753e-13 15.499998092651367
    vertex 56.07499313354492 -2.681188604469753e-13 16.999998092651367
  endloop
endfacet
facet normal 0.0 0.0 0.0
  outer loop
    vertex 56.07499313354492 -2.681188604469753e-13 16.999998092651367
    vertex 56.07499313354492 -2.681188604469753e-13 15.499998092651367
    vertex 56.00360107421875 -1.5654817819595337 15.499998092651367
  endloop
endfacet
facet normal 0.0 0.0 0.0
  outer loop
    vertex 56.07499313354492 -2.681188604469753e-13 16.999998092651367
    vertex 56.00360107421875 -1.5654817819595337 15.499998092651367
    vertex 56.00360107421875 -1.5654817819595337 16.999998092651367
  endloop
endfacet
facet normal 0.0 0.0 0.0
  outer loop
    vertex 56.00360107421875 -1.5654817819595337 16.999998092651367
    vertex 56.00360107421875 -1.5654817819595337 15.499998092651367
    vertex 55.79002380371094 -3.1179683208465576 15.499998092651367
  endloop
endfacet
facet normal 0.0 0.0 0.0
  outer loop
    vertex 56.00360107421875 -1.5654817819595337 16.999998092651367
    vertex 55.79002380371094 -3.1179683208465576 15.499998092651367
    vertex 55.79002380371094 -3.1179683208465576 16.999998092651367
  endloop
endfacet
facet normal 0.0 0.0 0.0
  outer loop
    vertex 55.79002380371094 -3.1179683208465576 16.999998092651367
    vertex 55.79002380371094 -3.1179683208465576 15.499998092651367
    vertex 55.43602752685547 -4.644571781158447 15.499998092651367
  endloop
endfacet
facet normal 0.0 0.0 0.0
  outer loop
    vertex 55.79002380371094 -3.1179683208465576 16.999998092651367
    vertex 55.43602752685547 -4.644571781158447 15.499998092651367
    vertex 55.43602752685547 -4.644571781158447 16.999998092651367
  endloop
endfacet
facet normal 0.0 0.0 0.0
  outer loop
    vertex 54.56663513183594 4.411618232727051 15.499998092651367
    vertex 55.43602752685547 4.644571781158447 15.499998092651367
    vertex 54.56663513183594 4.411618232727051 16.999998092651367
  endloop
endfacet
facet normal 0.0 0.0 0.0
  outer loop
    vertex 54.56663513183594 4.411618232727051 16.999998092651367
    vertex 55.43602752685547 4.644571781158447 15.499998092651367
    vertex 55.43602752685547 4.644571781158447 16.999998092651367
  endloop
endfacet
facet normal 0.0 0.0 0.0
  outer loop
    vertex 54.56663513183594 -4.411618232727051 16.999998092651367
    vertex 54.90366744995117 -2.9616801738739014 16.999998092651367
    vertex 55.43602752685547 -4.644571781158447 16.999998092651367
  endloop
endfacet
facet normal 0.0 0.0 0.0
  outer loop
    vertex 55.43602752685547 -4.644571781158447 16.999998092651367
    vertex 54.90366744995117 -2.9616801738739014 16.999998092651367
    vertex 55.107017517089844 -1.4870412349700928 16.999998092651367
  endloop
endfacet
facet normal 0.0 0.0 0.0
  outer loop
    vertex 55.43602752685547 -4.644571781158447 16.999998092651367
    vertex 55.107017517089844 -1.4870412349700928 16.999998092651367
    vertex 55.79002380371094 -3.1179683208465576 16.999998092651367
  endloop
endfacet
facet normal 0.0 0.0 0.0
  outer loop
    vertex 55.79002380371094 -3.1179683208465576 16.999998092651367
    vertex 55.107017517089844 -1.4870412349700928 16.999998092651367
    vertex 56.00360107421875 -1.5654817819595337 16.999998092651367
  endloop
endfacet
facet normal 0.0 0.0 0.0
  outer loop
    vertex 56.00360107421875 -1.5654817819595337 16.999998092651367
    vertex 55.107017517089844 -1.4870412349700928 16.999998092651367
    vertex 55.174991607666016 1.2058162628114655e-12 16.999998092651367
  endloop
endfacet
facet normal 0.0 0.0 0.0
  outer loop
    vertex 56.00360107421875 -1.5654817819595337 16.999998092651367
    vertex 55.174991607666016 1.2058162628114655e-12 16.999998092651367
    vertex 56.07499313354492 -2.681188604469753e-13 16.999998092651367
  endloop
endfacet
facet normal 0.0 0.0 0.0
  outer loop
    vertex 56.07499313354492 -2.681188604469753e-13 16.999998092651367
    vertex 55.174991607666016 1.2058162628114655e-12 16.999998092651367
    vertex 56.00360107421875 1.5654817819595337 16.999998092651367
  endloop
endfacet
facet normal 0.0 0.0 0.0
  outer loop
    vertex 56.00360107421875 1.5654817819595337 16.999998092651367
    vertex 55.174991607666016 1.2058162628114655e-12 16.999998092651367
    vertex 55.107017517089844 1.4870412349700928 16.999998092651367
  endloop
endfacet
facet normal 0.0 0.0 0.0
  outer loop
    vertex 56.00360107421875 1.5654817819595337 16.999998092651367
    vertex 55.107017517089844 1.4870412349700928 16.999998092651367
    vertex 55.79002380371094 3.1179683208465576 16.999998092651367
  endloop
endfacet
facet normal 0.0 0.0 0.0
  outer loop
    vertex 55.79002380371094 3.1179683208465576 16.999998092651367
    vertex 55.107017517089844 1.4870412349700928 16.999998092651367
    vertex 55.43602752685547 4.644571781158447 16.999998092651367
  endloop
endfacet
facet normal 0.0 0.0 0.0
  outer loop
    vertex 55.43602752685547 4.644571781158447 16.999998092651367
    vertex 55.107017517089844 1.4870412349700928 16.999998092651367
    vertex 54.90366744995117 2.9616801738739014 16.999998092651367
  endloop
endfacet
facet normal 0.0 0.0 0.0
  outer loop
    vertex 55.43602752685547 4.644571781158447 16.999998092651367
    vertex 54.90366744995117 2.9616801738739014 16.999998092651367
    vertex 54.56663513183594 4.411618232727051 16.999998092651367
  endloop
endfacet
facet normal 0.0 0.0 0.0
  outer loop
    vertex 38.874996185302734 -16.299999237060547 1.0000009536743164
    vertex -38.874996185302734 -16.299999237060547 1.0000085830688477
    vertex 38.874996185302734 -16.299999237060547 20.0
  endloop
endfacet
facet normal 0.0 0.0 0.0
  outer loop
    vertex 38.874996185302734 -16.299999237060547 20.0
    vertex -38.874996185302734 -16.299999237060547 1.0000085830688477
    vertex -38.874996185302734 -16.299999237060547 20.00000762939453
  endloop
endfacet
facet normal 0.0 0.0 0.0
  outer loop
    vertex 54.56663513183594 4.411618232727051 16.999998092651367
    vertex 54.27850341796875 5.331207752227783 19.999996185302734
    vertex 54.56663513183594 4.411618232727051 15.499998092651367
  endloop
endfacet
facet normal 0.0 0.0 0.0
  outer loop
    vertex 54.56663513183594 4.411618232727051 15.499998092651367
    vertex 54.27850341796875 5.331207752227783 19.999996185302734
    vertex 54.27850341796875 5.331207752227783 0.9999990463256836
  endloop
endfacet
facet normal 0.0 0.0 0.0
  outer loop
    vertex 54.56663513183594 4.411618232727051 15.499998092651367
    vertex 54.27850341796875 5.331207752227783 0.9999990463256836
    vertex 54.71552276611328 3.8428707122802734 0.9999990463256836
  endloop
endfacet
facet normal 0.0 0.0 0.0
  outer loop
    vertex 54.27850341796875 5.331207752227783 19.999996185302734
    vertex 54.56663513183594 4.411618232727051 16.999998092651367
    vertex 54.71552276611328 3.8428707122802734 19.999996185302734
  endloop
endfacet
facet normal 0.0 0.0 0.0
  outer loop
    vertex 54.71552276611328 3.8428707122802734 19.999996185302734
    vertex 54.56663513183594 4.411618232727051 16.999998092651367
    vertex 54.90366744995117 2.9616801738739014 16.999998092651367
  endloop
endfacet
facet normal 0.0 0.0 0.0
  outer loop
    vertex 54.71552276611328 3.8428707122802734 19.999996185302734
    vertex 54.90366744995117 2.9616801738739014 16.999998092651367
    vertex 55.00908279418945 2.3197319507598877 19.999996185302734
  endloop
endfacet
facet normal 0.0 0.0 0.0
  outer loop
    vertex 55.00908279418945 2.3197319507598877 19.999996185302734
    vertex 54.90366744995117 2.9616801738739014 16.999998092651367
    vertex 55.107017517089844 1.4870412349700928 16.999998092651367
  endloop
endfacet
facet normal 0.0 0.0 0.0
  outer loop
    vertex 55.00908279418945 2.3197319507598877 19.999996185302734
    vertex 55.107017517089844 1.4870412349700928 16.999998092651367
    vertex 55.156532287597656 0.7755852341651917 19.999996185302734
  endloop
endfacet
facet normal 0.0 0.0 0.0
  outer loop
    vertex 55.156532287597656 0.7755852341651917 19.999996185302734
    vertex 55.107017517089844 1.4870412349700928 16.999998092651367
    vertex 55.174991607666016 1.2058162628114655e-12 16.999998092651367
  endloop
endfacet
facet normal 0.0 0.0 0.0
  outer loop
    vertex 55.156532287597656 0.7755852341651917 19.999996185302734
    vertex 55.174991607666016 1.2058162628114655e-12 16.999998092651367
    vertex 55.156532287597656 -0.7755852341651917 19.999996185302734
  endloop
endfacet
facet normal 0.0 0.0 0.0
  outer loop
    vertex 55.156532287597656 -0.7755852341651917 19.999996185302734
    vertex 55.174991607666016 1.2058162628114655e-12 16.999998092651367
    vertex 55.107017517089844 -1.4870412349700928 16.999998092651367
  endloop
endfacet
facet normal 0.0 0.0 0.0
  outer loop
    vertex 55.156532287597656 -0.7755852341651917 19.999996185302734
    vertex 55.107017517089844 -1.4870412349700928 16.999998092651367
    vertex 55.00908279418945 -2.3197319507598877 19.999996185302734
  endloop
endfacet
facet normal 0.0 0.0 0.0
  outer loop
    vertex 55.00908279418945 -2.3197319507598877 19.999996185302734
    vertex 55.107017517089844 -1.4870412349700928 16.999998092651367
    vertex 54.90366744995117 -2.9616801738739014 16.999998092651367
  endloop
endfacet
facet normal 0.0 0.0 0.0
  outer loop
    vertex 55.00908279418945 -2.3197319507598877 19.999996185302734
    vertex 54.90366744995117 -2.9616801738739014 16.999998092651367
    vertex 54.71552276611328 -3.8428707122802734 19.999996185302734
  endloop
endfacet
facet normal 0.0 0.0 0.0
  outer loop
    vertex 54.71552276611328 -3.8428707122802734 19.999996185302734
    vertex 54.90366744995117 -2.9616801738739014 16.999998092651367
    vertex 54.56663513183594 -4.411618232727051 16.999998092651367
  endloop
endfacet
facet normal 0.0 0.0 0.0
  outer loop
    vertex 54.71552276611328 -3.8428707122802734 19.999996185302734
    vertex 54.56663513183594 -4.411618232727051 16.999998092651367
    vertex 54.27850341796875 -5.331207752227783 19.999996185302734
  endloop
endfacet
facet normal 0.0 0.0 0.0
  outer loop
    vertex 54.27850341796875 -5.331207752227783 19.999996185302734
    vertex 54.56663513183594 -4.411618232727051 16.999998092651367
    vertex 54.56663513183594 -4.411618232727051 15.499998092651367
  endloop
endfacet
facet normal 0.0 0.0 0.0
  outer loop
    vertex 54.27850341796875 -5.331207752227783 19.999996185302734
    vertex 54.56663513183594 -4.411618232727051 15.499998092651367
    vertex 54.27850341796875 -5.331207752227783 0.9999990463256836
  endloop
endfacet
facet normal 0.0 0.0 0.0
  outer loop
    vertex 54.27850341796875 -5.331207752227783 0.9999990463256836
    vertex 54.56663513183594 -4.411618232727051 15.499998092651367
    vertex 54.71552276611328 -3.8428707122802734 0.9999990463256836
  endloop
endfacet
facet normal 0.0 0.0 0.0
  outer loop
    vertex 54.71552276611328 -3.8428707122802734 0.9999990463256836
    vertex 54.56663513183594 -4.411618232727051 15.499998092651367
    vertex 54.90366744995117 -2.9616801738739014 15.499998092651367
  endloop
endfacet
facet normal 0.0 0.0 0.0
  outer loop
    vertex 54.71552276611328 -3.8428707122802734 0.9999990463256836
    vertex 54.90366744995117 -2.9616801738739014 15.499998092651367
    vertex 55.00908279418945 -2.3197319507598877 0.9999990463256836
  endloop
endfacet
facet normal 0.0 0.0 0.0
  outer loop
    vertex 55.00908279418945 -2.3197319507598877 0.9999990463256836
    vertex 54.90366744995117 -2.9616801738739014 15.499998092651367
    vertex 55.107017517089844 -1.4870412349700928 15.499998092651367
  endloop
endfacet
facet normal 0.0 0.0 0.0
  outer loop
    vertex 55.00908279418945 -2.3197319507598877 0.9999990463256836
    vertex 55.107017517089844 -1.4870412349700928 15.499998092651367
    vertex 55.156532287597656 -0.7755852341651917 0.9999990463256836
  endloop
endfacet
facet normal 0.0 0.0 0.0
  outer loop
    vertex 55.156532287597656 -0.7755852341651917 0.9999990463256836
    vertex 55.107017517089844 -1.4870412349700928 15.499998092651367
    vertex 55.174991607666016 1.2058162628114655e-12 15.499998092651367
  endloop
endfacet
facet normal 0.0 0.0 0.0
  outer loop
    vertex 55.156532287597656 -0.7755852341651917 0.9999990463256836
    vertex 55.174991607666016 1.2058162628114655e-12 15.499998092651367
    vertex 55.156532287597656 0.7755852341651917 0.9999990463256836
  endloop
endfacet
facet normal 0.0 0.0 0.0
  outer loop
    vertex 55.156532287597656 0.7755852341651917 0.9999990463256836
    vertex 55.174991607666016 1.2058162628114655e-12 15.499998092651367
    vertex 55.107017517089844 1.4870412349700928 15.499998092651367
  endloop
endfacet
facet normal 0.0 0.0 0.0
  outer loop
    vertex 55.156532287597656 0.7755852341651917 0.9999990463256836
    vertex 55.107017517089844 1.4870412349700928 15.499998092651367
    vertex 55.00908279418945 2.3197319507598877 0.9999990463256836
  endloop
endfacet
facet normal 0.0 0.0 0.0
  outer loop
    vertex 55.00908279418945 2.3197319507598877 0.9999990463256836
    vertex 55.107017517089844 1.4870412349700928 15.499998092651367
    vertex 54.90366744995117 2.9616801738739014 15.499998092651367
  endloop
endfacet
facet normal 0.0 0.0 0.0
  outer loop
    vertex 55.00908279418945 2.3197319507598877 0.9999990463256836
    vertex 54.90366744995117 2.9616801738739014 15.499998092651367
    vertex 54.71552276611328 3.8428707122802734 0.9999990463256836
  endloop
endfacet
facet normal 0.0 0.0 0.0
  outer loop
    vertex 54.71552276611328 3.8428707122802734 0.9999990463256836
    vertex 54.90366744995117 2.9616801738739014 15.499998092651367
    vertex 54.56663513183594 4.411618232727051 15.499998092651367
  endloop
endfacet
facet normal 0.0 0.0 0.0
  outer loop
    vertex 38.874996185302734 16.299999237060547 20.0
    vertex 38.874996185302734 16.299999237060547 1.0000009536743164
    vertex 40.424407958984375 16.226192474365234 20.0
  endloop
endfacet
facet normal 0.0 0.0 0.0
  outer loop
    vertex 40.424407958984375 16.226192474365234 20.0
    vertex 38.874996185302734 16.299999237060547 1.0000009536743164
    vertex 40.424407958984375 16.226192474365234 1.0000009536743164
  endloop
endfacet
facet normal 0.0 0.0 0.0
  outer loop
    vertex 40.424407958984375 16.226192474365234 20.0
    vertex 40.424407958984375 16.226192474365234 1.0000009536743164
    vertex 41.95979309082031 16.00543785095215 1.0000009536743164
  endloop
endfacet
facet normal 0.0 0.0 0.0
  outer loop
    vertex 40.424407958984375 16.226192474365234 20.0
    vertex 41.95979309082031 16.00543785095215 1.0000009536743164
    vertex 41.95979309082031 16.00543785095215 20.0
  endloop
endfacet
facet normal 0.0 0.0 0.0
  outer loop
    vertex 41.95979309082031 16.00543785095215 20.0
    vertex 41.95979309082031 16.00543785095215 1.0000009536743164
    vertex 43.46723556518555 15.639735221862793 1.0000009536743164
  endloop
endfacet
facet normal 0.0 0.0 0.0
  outer loop
    vertex 41.95979309082031 16.00543785095215 20.0
    vertex 43.46723556518555 15.639735221862793 1.0000009536743164
    vertex 43.46723556518555 15.639735221862793 20.0
  endloop
endfacet
facet normal 0.0 0.0 0.0
  outer loop
    vertex 43.46723556518555 15.639735221862793 20.0
    vertex 43.46723556518555 15.639735221862793 1.0000009536743164
    vertex 44.9330940246582 15.132397651672363 1.0
  endloop
endfacet
facet normal 0.0 0.0 0.0
  outer loop
    vertex 43.46723556518555 15.639735221862793 20.0
    vertex 44.9330940246582 15.132397651672363 1.0
    vertex 44.9330940246582 15.132397651672363 19.999998092651367
  endloop
endfacet
facet normal 0.0 0.0 0.0
  outer loop
    vertex 44.9330940246582 15.132397651672363 19.999998092651367
    vertex 44.9330940246582 15.132397651672363 1.0
    vertex 46.34408950805664 14.488018035888672 1.0
  endloop
endfacet
facet normal 0.0 0.0 0.0
  outer loop
    vertex 44.9330940246582 15.132397651672363 19.999998092651367
    vertex 46.34408950805664 14.488018035888672 1.0
    vertex 46.34408950805664 14.488018035888672 19.999998092651367
  endloop
endfacet
facet normal 0.0 0.0 0.0
  outer loop
    vertex 46.34408950805664 14.488018035888672 19.999998092651367
    vertex 46.34408950805664 14.488018035888672 1.0
    vertex 47.687442779541016 13.712432861328125 1.0
  endloop
endfacet
facet normal 0.0 0.0 0.0
  outer loop
    vertex 46.34408950805664 14.488018035888672 19.999998092651367
    vertex 47.687442779541016 13.712432861328125 1.0
    vertex 47.687442779541016 13.712432861328125 19.999998092651367
  endloop
endfacet
facet normal 0.0 0.0 0.0
  outer loop
    vertex 47.687442779541016 13.712432861328125 19.999998092651367
    vertex 47.687442779541016 13.712432861328125 1.0
    vertex 48.950984954833984 12.812664985656738 1.0
  endloop
endfacet
facet normal 0.0 0.0 0.0
  outer loop
    vertex 47.687442779541016 13.712432861328125 19.999998092651367
    vertex 48.950984954833984 12.812664985656738 1.0
    vertex 48.950984954833984 12.812664985656738 19.999998092651367
  endloop
endfacet
facet normal 0.0 0.0 0.0
  outer loop
    vertex 48.950984954833984 12.812664985656738 19.999998092651367
    vertex 48.950984954833984 12.812664985656738 1.0
    vertex 50.1232795715332 11.79686450958252 1.0
  endloop
endfacet
facet normal 0.0 0.0 0.0
  outer loop
    vertex 48.950984954833984 12.812664985656738 19.999998092651367
    vertex 50.1232795715332 11.79686450958252 1.0
    vertex 50.1232795715332 11.79686450958252 19.999998092651367
  endloop
endfacet
facet normal 0.0 0.0 0.0
  outer loop
    vertex 50.1232795715332 11.79686450958252 19.999998092651367
    vertex 50.1232795715332 11.79686450958252 1.0
    vertex 51.19371032714844 10.674229621887207 1.0
  endloop
endfacet
facet normal 0.0 0.0 0.0
  outer loop
    vertex 50.1232795715332 11.79686450958252 19.999998092651367
    vertex 51.19371032714844 10.674229621887207 1.0
    vertex 51.19371032714844 10.674229621887207 19.999998092651367
  endloop
endfacet
facet normal 0.0 0.0 0.0
  outer loop
    vertex 51.19371032714844 10.674229621887207 19.999998092651367
    vertex 51.19371032714844 10.674229621887207 1.0
    vertex 52.15258026123047 9.454927444458008 1.0
  endloop
endfacet
facet normal 0.0 0.0 0.0
  outer loop
    vertex 51.19371032714844 10.674229621887207 19.999998092651367
    vertex 52.15258026123047 9.454927444458008 1.0
    vertex 52.15258026123047 9.454927444458008 19.999998092651367
  endloop
endfacet
facet normal 0.0 0.0 0.0
  outer loop
    vertex 52.15258026123047 9.454927444458008 19.999998092651367
    vertex 52.15258026123047 9.454927444458008 1.0
    vertex 52.991207122802734 8.149999618530273 1.0
  endloop
endfacet
facet normal 0.0 0.0 0.0
  outer loop
    vertex 52.15258026123047 9.454927444458008 19.999998092651367
    vertex 52.991207122802734 8.149999618530273 1.0
    vertex 52.991207122802734 8.149999618530273 19.999998092651367
  endloop
endfacet
facet normal 0.0 0.0 0.0
  outer loop
    vertex 52.991207122802734 8.149999618530273 19.999998092651367
    vertex 52.991207122802734 8.149999618530273 1.0
    vertex 53.701995849609375 6.771264553070068 1.0
  endloop
endfacet
facet normal 0.0 0.0 0.0
  outer loop
    vertex 52.991207122802734 8.149999618530273 19.999998092651367
    vertex 53.701995849609375 6.771264553070068 1.0
    vertex 53.701995849609375 6.771264553070068 19.999998092651367
  endloop
endfacet
facet normal 0.0 0.0 0.0
  outer loop
    vertex 53.701995849609375 6.771264553070068 19.999998092651367
    vertex 53.701995849609375 6.771264553070068 1.0
    vertex 54.27850341796875 5.331207752227783 0.9999990463256836
  endloop
endfacet
facet normal 0.0 0.0 0.0
  outer loop
    vertex 53.701995849609375 6.771264553070068 19.999998092651367
    vertex 54.27850341796875 5.331207752227783 0.9999990463256836
    vertex 54.27850341796875 5.331207752227783 19.999996185302734
  endloop
endfacet
facet normal 0.0 0.0 0.0
  outer loop
    vertex 54.27850341796875 -5.331207752227783 0.9999990463256836
    vertex 53.701995849609375 -6.771264553070068 1.0
    vertex 54.27850341796875 -5.331207752227783 19.999996185302734
  endloop
endfacet
facet normal 0.0 0.0 0.0
  outer loop
    vertex 54.27850341796875 -5.331207752227783 19.999996185302734
    vertex 53.701995849609375 -6.771264553070068 1.0
    vertex 53.701995849609375 -6.771264553070068 19.999998092651367
  endloop
endfacet
facet normal 0.0 0.0 0.0
  outer loop
    vertex 53.701995849609375 -6.771264553070068 19.999998092651367
    vertex 53.701995849609375 -6.771264553070068 1.0
    vertex 52.991207122802734 -8.149999618530273 1.0
  endloop
endfacet
facet normal 0.0 0.0 0.0
  outer loop
    vertex 53.701995849609375 -6.771264553070068 19.999998092651367
    vertex 52.991207122802734 -8.149999618530273 1.0
    vertex 52.991207122802734 -8.149999618530273 19.999998092651367
  endloop
endfacet
facet normal 0.0 0.0 0.0
  outer loop
    vertex 52.991207122802734 -8.149999618530273 19.999998092651367
    vertex 52.991207122802734 -8.149999618530273 1.0
    vertex 52.15258026123047 -9.454927444458008 1.0
  endloop
endfacet
facet normal 0.0 0.0 0.0
  outer loop
    vertex 52.991207122802734 -8.149999618530273 19.999998092651367
    vertex 52.15258026123047 -9.454927444458008 1.0
    vertex 52.15258026123047 -9.454927444458008 19.999998092651367
  endloop
endfacet
facet normal 0.0 0.0 0.0
  outer loop
    vertex 52.15258026123047 -9.454927444458008 19.999998092651367
    vertex 52.15258026123047 -9.454927444458008 1.0
    vertex 51.19371032714844 -10.674229621887207 1.0
  endloop
endfacet
facet normal 0.0 0.0 0.0
  outer loop
    vertex 52.15258026123047 -9.454927444458008 19.999998092651367
    vertex 51.19371032714844 -10.674229621887207 1.0
    vertex 51.19371032714844 -10.674229621887207 19.999998092651367
  endloop
endfacet
facet normal 0.0 0.0 0.0
  outer loop
    vertex 51.19371032714844 -10.674229621887207 19.999998092651367
    vertex 51.19371032714844 -10.674229621887207 1.0
    vertex 50.1232795715332 -11.79686450958252 1.0
  endloop
endfacet
facet normal 0.0 0.0 0.0
  outer loop
    vertex 51.19371032714844 -10.674229621887207 19.999998092651367
    vertex 50.1232795715332 -11.79686450958252 1.0
    vertex 50.1232795715332 -11.79686450958252 19.999998092651367
  endloop
endfacet
facet normal 0.0 0.0 0.0
  outer loop
    vertex 50.1232795715332 -11.79686450958252 19.999998092651367
    vertex 50.1232795715332 -11.79686450958252 1.0
    vertex 48.950984954833984 -12.812664985656738 1.0
  endloop
endfacet
facet normal 0.0 0.0 0.0
  outer loop
    vertex 50.1232795715332 -11.79686450958252 19.999998092651367
    vertex 48.950984954833984 -12.812664985656738 1.0
    vertex 48.950984954833984 -12.812664985656738 19.999998092651367
  endloop
endfacet
facet normal 0.0 0.0 0.0
  outer loop
    vertex 48.950984954833984 -12.812664985656738 19.999998092651367
    vertex 48.950984954833984 -12.812664985656738 1.0
    vertex 47.687442779541016 -13.712432861328125 1.0
  endloop
endfacet
facet normal 0.0 0.0 0.0
  outer loop
    vertex 48.950984954833984 -12.812664985656738 19.999998092651367
    vertex 47.687442779541016 -13.712432861328125 1.0
    vertex 47.687442779541016 -13.712432861328125 19.999998092651367
  endloop
endfacet
facet normal 0.0 0.0 0.0
  outer loop
    vertex 47.687442779541016 -13.712432861328125 19.999998092651367
    vertex 47.687442779541016 -13.712432861328125 1.0
    vertex 46.34408950805664 -14.488018035888672 1.0
  endloop
endfacet
facet normal 0.0 0.0 0.0
  outer loop
    vertex 47.687442779541016 -13.712432861328125 19.999998092651367
    vertex 46.34408950805664 -14.488018035888672 1.0
    vertex 46.34408950805664 -14.488018035888672 19.999998092651367
  endloop
endfacet
facet normal 0.0 0.0 0.0
  outer loop
    vertex 46.34408950805664 -14.488018035888672 19.999998092651367
    vertex 46.34408950805664 -14.488018035888672 1.0
    vertex 44.9330940246582 -15.132397651672363 1.0
  endloop
endfacet
facet normal 0.0 0.0 0.0
  outer loop
    vertex 46.34408950805664 -14.488018035888672 19.999998092651367
    vertex 44.9330940246582 -15.132397651672363 1.0
    vertex 44.9330940246582 -15.132397651672363 19.999998092651367
  endloop
endfacet
facet normal 0.0 0.0 0.0
  outer loop
    vertex 44.9330940246582 -15.132397651672363 19.999998092651367
    vertex 44.9330940246582 -15.132397651672363 1.0
    vertex 43.46723556518555 -15.639735221862793 1.0000009536743164
  endloop
endfacet
facet normal 0.0 0.0 0.0
  outer loop
    vertex 44.9330940246582 -15.132397651672363 19.999998092651367
    vertex 43.46723556518555 -15.639735221862793 1.0000009536743164
    vertex 43.46723556518555 -15.639735221862793 20.0
  endloop
endfacet
facet normal 0.0 0.0 0.0
  outer loop
    vertex 43.46723556518555 -15.639735221862793 20.0
    vertex 43.46723556518555 -15.639735221862793 1.0000009536743164
    vertex 41.95979309082031 -16.00543785095215 1.0000009536743164
  endloop
endfacet
facet normal 0.0 0.0 0.0
  outer loop
    vertex 43.46723556518555 -15.639735221862793 20.0
    vertex 41.95979309082031 -16.00543785095215 1.0000009536743164
    vertex 41.95979309082031 -16.00543785095215 20.0
  endloop
endfacet
facet normal 0.0 0.0 0.0
  outer loop
    vertex 41.95979309082031 -16.00543785095215 20.0
    vertex 41.95979309082031 -16.00543785095215 1.0000009536743164
    vertex 40.424407958984375 -16.226192474365234 1.0000009536743164
  endloop
endfacet
facet normal 0.0 0.0 0.0
  outer loop
    vertex 41.95979309082031 -16.00543785095215 20.0
    vertex 40.424407958984375 -16.226192474365234 1.0000009536743164
    vertex 40.424407958984375 -16.226192474365234 20.0
  endloop
endfacet
facet normal 0.0 0.0 0.0
  outer loop
    vertex 40.424407958984375 -16.226192474365234 20.0
    vertex 40.424407958984375 -16.226192474365234 1.0000009536743164
    vertex 38.874996185302734 -16.299999237060547 1.0000009536743164
  endloop
endfacet
facet normal 0.0 0.0 0.0
  outer loop
    vertex 40.424407958984375 -16.226192474365234 20.0
    vertex 38.874996185302734 -16.299999237060547 1.0000009536743164
    vertex 38.874996185302734 -16.299999237060547 20.0
  endloop
endfacet
facet normal 0.0 0.0 0.0
  outer loop
    vertex -38.874996185302734 16.299999237060547 1.0000085830688477
    vertex 38.874996185302734 16.299999237060547 1.0000009536743164
    vertex -38.874996185302734 16.299999237060547 20.00000762939453
  endloop
endfacet
facet normal 0.0 0.0 0.0
  outer loop
    vertex -38.874996185302734 16.299999237060547 20.00000762939453
    vertex 38.874996185302734 16.299999237060547 1.0000009536743164
    vertex 38.874996185302734 16.299999237060547 20.0
  endloop
endfacet
facet normal 0.0 0.0 0.0
  outer loop
    vertex -54.56663513183594 4.411618232727051 15.500008583068848
    vertex -54.27850341796875 5.331207752227783 20.00000762939453
    vertex -54.56663513183594 4.411618232727051 17.00000762939453
  endloop
endfacet
facet normal 0.0 0.0 0.0
  outer loop
    vertex -54.56663513183594 4.411618232727051 17.00000762939453
    vertex -54.27850341796875 5.331207752227783 20.00000762939453
    vertex -54.71552276611328 3.8428707122802734 20.00000762939453
  endloop
endfacet
facet normal 0.0 0.0 0.0
  outer loop
    vertex -54.56663513183594 4.411618232727051 17.00000762939453
    vertex -54.71552276611328 3.8428707122802734 20.00000762939453
    vertex -54.90367126464844 2.9616801738739014 17.00000762939453
  endloop
endfacet
facet normal 0.0 0.0 0.0
  outer loop
    vertex -54.90367126464844 2.9616801738739014 17.00000762939453
    vertex -54.71552276611328 3.8428707122802734 20.00000762939453
    vertex -55.00907897949219 2.3197319507598877 20.00000762939453
  endloop
endfacet
facet normal 0.0 0.0 0.0
  outer loop
    vertex -54.90367126464844 2.9616801738739014 17.00000762939453
    vertex -55.00907897949219 2.3197319507598877 20.00000762939453
    vertex -55.107017517089844 1.4870412349700928 17.00000762939453
  endloop
endfacet
facet normal 0.0 0.0 0.0
  outer loop
    vertex -55.107017517089844 1.4870412349700928 17.00000762939453
    vertex -55.00907897949219 2.3197319507598877 20.00000762939453
    vertex -55.156532287597656 0.7755852341651917 20.00000762939453
  endloop
endfacet
facet normal 0.0 0.0 0.0
  outer loop
    vertex -55.107017517089844 1.4870412349700928 17.00000762939453
    vertex -55.156532287597656 0.7755852341651917 20.00000762939453
    vertex -55.17499542236328 1.2322068278919351e-12 17.00000762939453
  endloop
endfacet
facet normal 0.0 0.0 0.0
  outer loop
    vertex -55.17499542236328 1.2322068278919351e-12 17.00000762939453
    vertex -55.156532287597656 0.7755852341651917 20.00000762939453
    vertex -55.156532287597656 -0.7755852341651917 20.00000762939453
  endloop
endfacet
facet normal 0.0 0.0 0.0
  outer loop
    vertex -55.17499542236328 1.2322068278919351e-12 17.00000762939453
    vertex -55.156532287597656 -0.7755852341651917 20.00000762939453
    vertex -55.107017517089844 -1.4870412349700928 17.00000762939453
  endloop
endfacet
facet normal 0.0 0.0 0.0
  outer loop
    vertex -55.107017517089844 -1.4870412349700928 17.00000762939453
    vertex -55.156532287597656 -0.7755852341651917 20.00000762939453
    vertex -55.00907897949219 -2.3197319507598877 20.00000762939453
  endloop
endfacet
facet normal 0.0 0.0 0.0
  outer loop
    vertex -55.107017517089844 -1.4870412349700928 17.00000762939453
    vertex -55.00907897949219 -2.3197319507598877 20.00000762939453
    vertex -54.90367126464844 -2.9616801738739014 17.00000762939453
  endloop
endfacet
facet normal 0.0 0.0 0.0
  outer loop
    vertex -54.90367126464844 -2.9616801738739014 17.00000762939453
    vertex -55.00907897949219 -2.3197319507598877 20.00000762939453
    vertex -54.71552276611328 -3.8428707122802734 20.00000762939453
  endloop
endfacet
facet normal 0.0 0.0 0.0
  outer loop
    vertex -54.90367126464844 -2.9616801738739014 17.00000762939453
    vertex -54.71552276611328 -3.8428707122802734 20.00000762939453
    vertex -54.56663513183594 -4.411618232727051 17.00000762939453
  endloop
endfacet
facet normal 0.0 0.0 0.0
  outer loop
    vertex -54.56663513183594 -4.411618232727051 17.00000762939453
    vertex -54.71552276611328 -3.8428707122802734 20.00000762939453
    vertex -54.27850341796875 -5.331207752227783 20.00000762939453
  endloop
endfacet
facet normal 0.0 0.0 0.0
  outer loop
    vertex -54.56663513183594 -4.411618232727051 17.00000762939453
    vertex -54.27850341796875 -5.331207752227783 20.00000762939453
    vertex -54.56663513183594 -4.411618232727051 15.500008583068848
  endloop
endfacet
facet normal 0.0 0.0 0.0
  outer loop
    vertex -54.56663513183594 -4.411618232727051 15.500008583068848
    vertex -54.27850341796875 -5.331207752227783 20.00000762939453
    vertex -54.27850341796875 -5.331207752227783 1.0000104904174805
  endloop
endfacet
facet normal 0.0 0.0 0.0
  outer loop
    vertex -54.56663513183594 -4.411618232727051 15.500008583068848
    vertex -54.27850341796875 -5.331207752227783 1.0000104904174805
    vertex -54.71552276611328 -3.8428707122802734 1.0000104904174805
  endloop
endfacet
facet normal 0.0 0.0 0.0
  outer loop
    vertex -54.90367126464844 2.9616801738739014 15.500008583068848
    vertex -54.71552276611328 3.8428707122802734 1.0000104904174805
    vertex -54.56663513183594 4.411618232727051 15.500008583068848
  endloop
endfacet
facet normal 0.0 0.0 0.0
  outer loop
    vertex -54.56663513183594 4.411618232727051 15.500008583068848
    vertex -54.71552276611328 3.8428707122802734 1.0000104904174805
    vertex -54.27850341796875 5.331207752227783 1.0000104904174805
  endloop
endfacet
facet normal 0.0 0.0 0.0
  outer loop
    vertex -54.56663513183594 4.411618232727051 15.500008583068848
    vertex -54.27850341796875 5.331207752227783 1.0000104904174805
    vertex -54.27850341796875 5.331207752227783 20.00000762939453
  endloop
endfacet
facet normal 0.0 0.0 0.0
  outer loop
    vertex -54.27850341796875 5.331207752227783 20.00000762939453
    vertex -54.27850341796875 5.331207752227783 1.0000104904174805
    vertex -53.701995849609375 6.771264553070068 1.000009536743164
  endloop
endfacet
facet normal 0.0 0.0 0.0
  outer loop
    vertex -54.27850341796875 5.331207752227783 20.00000762939453
    vertex -53.701995849609375 6.771264553070068 1.000009536743164
    vertex -53.701995849609375 6.771264553070068 20.00000762939453
  endloop
endfacet
facet normal 0.0 0.0 0.0
  outer loop
    vertex -53.701995849609375 6.771264553070068 20.00000762939453
    vertex -53.701995849609375 6.771264553070068 1.000009536743164
    vertex -52.99120330810547 8.149999618530273 1.000009536743164
  endloop
endfacet
facet normal 0.0 0.0 0.0
  outer loop
    vertex -53.701995849609375 6.771264553070068 20.00000762939453
    vertex -52.99120330810547 8.149999618530273 1.000009536743164
    vertex -52.99120330810547 8.149999618530273 20.00000762939453
  endloop
endfacet
facet normal 0.0 0.0 0.0
  outer loop
    vertex -52.99120330810547 8.149999618530273 20.00000762939453
    vertex -52.99120330810547 8.149999618530273 1.000009536743164
    vertex -52.15258026123047 9.454927444458008 1.000009536743164
  endloop
endfacet
facet normal 0.0 0.0 0.0
  outer loop
    vertex -52.99120330810547 8.149999618530273 20.00000762939453
    vertex -52.15258026123047 9.454927444458008 1.000009536743164
    vertex -52.15258026123047 9.454927444458008 20.00000762939453
  endloop
endfacet
facet normal 0.0 0.0 0.0
  outer loop
    vertex -52.15258026123047 9.454927444458008 20.00000762939453
    vertex -52.15258026123047 9.454927444458008 1.000009536743164
    vertex -51.19371032714844 10.674229621887207 1.000009536743164
  endloop
endfacet
facet normal 0.0 0.0 0.0
  outer loop
    vertex -52.15258026123047 9.454927444458008 20.00000762939453
    vertex -51.19371032714844 10.674229621887207 1.000009536743164
    vertex -51.19371032714844 10.674229621887207 20.00000762939453
  endloop
endfacet
facet normal 0.0 0.0 0.0
  outer loop
    vertex -51.19371032714844 10.674229621887207 20.00000762939453
    vertex -51.19371032714844 10.674229621887207 1.000009536743164
    vertex -50.12328338623047 11.79686450958252 1.000009536743164
  endloop
endfacet
facet normal 0.0 0.0 0.0
  outer loop
    vertex -51.19371032714844 10.674229621887207 20.00000762939453
    vertex -50.12328338623047 11.79686450958252 1.000009536743164
    vertex -50.12328338623047 11.79686450958252 20.00000762939453
  endloop
endfacet
facet normal 0.0 0.0 0.0
  outer loop
    vertex -50.12328338623047 11.79686450958252 20.00000762939453
    vertex -50.12328338623047 11.79686450958252 1.000009536743164
    vertex -48.95098114013672 12.812664985656738 1.000009536743164
  endloop
endfacet
facet normal 0.0 0.0 0.0
  outer loop
    vertex -50.12328338623047 11.79686450958252 20.00000762939453
    vertex -48.95098114013672 12.812664985656738 1.000009536743164
    vertex -48.95098114013672 12.812664985656738 20.00000762939453
  endloop
endfacet
facet normal 0.0 0.0 0.0
  outer loop
    vertex -48.95098114013672 12.812664985656738 20.00000762939453
    vertex -48.95098114013672 12.812664985656738 1.000009536743164
    vertex -47.687442779541016 13.712432861328125 1.000009536743164
  endloop
endfacet
facet normal 0.0 0.0 0.0
  outer loop
    vertex -48.95098114013672 12.812664985656738 20.00000762939453
    vertex -47.687442779541016 13.712432861328125 1.000009536743164
    vertex -47.687442779541016 13.712432861328125 20.00000762939453
  endloop
endfacet
facet normal 0.0 0.0 0.0
  outer loop
    vertex -47.687442779541016 13.712432861328125 20.00000762939453
    vertex -47.687442779541016 13.712432861328125 1.000009536743164
    vertex -46.34408950805664 14.488018035888672 1.000009536743164
  endloop
endfacet
facet normal 0.0 0.0 0.0
  outer loop
    vertex -47.687442779541016 13.712432861328125 20.00000762939453
    vertex -46.34408950805664 14.488018035888672 1.000009536743164
    vertex -46.34408950805664 14.488018035888672 20.00000762939453
  endloop
endfacet
facet normal 0.0 0.0 0.0
  outer loop
    vertex -46.34408950805664 14.488018035888672 20.00000762939453
    vertex -46.34408950805664 14.488018035888672 1.000009536743164
    vertex -44.9330940246582 15.132397651672363 1.000009536743164
  endloop
endfacet
facet normal 0.0 0.0 0.0
  outer loop
    vertex -46.34408950805664 14.488018035888672 20.00000762939453
    vertex -44.9330940246582 15.132397651672363 1.000009536743164
    vertex -44.9330940246582 15.132397651672363 20.00000762939453
  endloop
endfacet
facet normal 0.0 0.0 0.0
  outer loop
    vertex -44.9330940246582 15.132397651672363 20.00000762939453
    vertex -44.9330940246582 15.132397651672363 1.000009536743164
    vertex -43.46723556518555 15.639735221862793 1.0000085830688477
  endloop
endfacet
facet normal 0.0 0.0 0.0
  outer loop
    vertex -44.9330940246582 15.132397651672363 20.00000762939453
    vertex -43.46723556518555 15.639735221862793 1.0000085830688477
    vertex -43.46723556518555 15.639735221862793 20.00000762939453
  endloop
endfacet
facet normal 0.0 0.0 0.0
  outer loop
    vertex -43.46723556518555 15.639735221862793 20.00000762939453
    vertex -43.46723556518555 15.639735221862793 1.0000085830688477
    vertex -41.95978927612305 16.00543785095215 1.0000085830688477
  endloop
endfacet
facet normal 0.0 0.0 0.0
  outer loop
    vertex -43.46723556518555 15.639735221862793 20.00000762939453
    vertex -41.95978927612305 16.00543785095215 1.0000085830688477
    vertex -41.95978927612305 16.00543785095215 20.00000762939453
  endloop
endfacet
facet normal 0.0 0.0 0.0
  outer loop
    vertex -41.95978927612305 16.00543785095215 20.00000762939453
    vertex -41.95978927612305 16.00543785095215 1.0000085830688477
    vertex -40.42441177368164 16.226192474365234 1.0000085830688477
  endloop
endfacet
facet normal 0.0 0.0 0.0
  outer loop
    vertex -41.95978927612305 16.00543785095215 20.00000762939453
    vertex -40.42441177368164 16.226192474365234 1.0000085830688477
    vertex -40.42441177368164 16.226192474365234 20.00000762939453
  endloop
endfacet
facet normal 0.0 0.0 0.0
  outer loop
    vertex -40.42441177368164 16.226192474365234 20.00000762939453
    vertex -40.42441177368164 16.226192474365234 1.0000085830688477
    vertex -38.874996185302734 16.299999237060547 1.0000085830688477
  endloop
endfacet
facet normal 0.0 0.0 0.0
  outer loop
    vertex -40.42441177368164 16.226192474365234 20.00000762939453
    vertex -38.874996185302734 16.299999237060547 1.0000085830688477
    vertex -38.874996185302734 16.299999237060547 20.00000762939453
  endloop
endfacet
facet normal 0.0 0.0 0.0
  outer loop
    vertex -54.71552276611328 3.8428707122802734 1.0000104904174805
    vertex -54.90367126464844 2.9616801738739014 15.500008583068848
    vertex -55.00907897949219 2.3197319507598877 1.0000104904174805
  endloop
endfacet
facet normal 0.0 0.0 0.0
  outer loop
    vertex -55.00907897949219 2.3197319507598877 1.0000104904174805
    vertex -54.90367126464844 2.9616801738739014 15.500008583068848
    vertex -55.107017517089844 1.4870412349700928 15.500008583068848
  endloop
endfacet
facet normal 0.0 0.0 0.0
  outer loop
    vertex -55.00907897949219 2.3197319507598877 1.0000104904174805
    vertex -55.107017517089844 1.4870412349700928 15.500008583068848
    vertex -55.156532287597656 0.7755852341651917 1.0000104904174805
  endloop
endfacet
facet normal 0.0 0.0 0.0
  outer loop
    vertex -55.156532287597656 0.7755852341651917 1.0000104904174805
    vertex -55.107017517089844 1.4870412349700928 15.500008583068848
    vertex -55.17499542236328 1.2322068278919351e-12 15.500008583068848
  endloop
endfacet
facet normal 0.0 0.0 0.0
  outer loop
    vertex -55.156532287597656 0.7755852341651917 1.0000104904174805
    vertex -55.17499542236328 1.2322068278919351e-12 15.500008583068848
    vertex -55.156532287597656 -0.7755852341651917 1.0000104904174805
  endloop
endfacet
facet normal 0.0 0.0 0.0
  outer loop
    vertex -55.156532287597656 -0.7755852341651917 1.0000104904174805
    vertex -55.17499542236328 1.2322068278919351e-12 15.500008583068848
    vertex -55.107017517089844 -1.4870412349700928 15.500008583068848
  endloop
endfacet
facet normal 0.0 0.0 0.0
  outer loop
    vertex -55.156532287597656 -0.7755852341651917 1.0000104904174805
    vertex -55.107017517089844 -1.4870412349700928 15.500008583068848
    vertex -55.00907897949219 -2.3197319507598877 1.0000104904174805
  endloop
endfacet
facet normal 0.0 0.0 0.0
  outer loop
    vertex -55.00907897949219 -2.3197319507598877 1.0000104904174805
    vertex -55.107017517089844 -1.4870412349700928 15.500008583068848
    vertex -54.90367126464844 -2.9616801738739014 15.500008583068848
  endloop
endfacet
facet normal 0.0 0.0 0.0
  outer loop
    vertex -55.00907897949219 -2.3197319507598877 1.0000104904174805
    vertex -54.90367126464844 -2.9616801738739014 15.500008583068848
    vertex -54.71552276611328 -3.8428707122802734 1.0000104904174805
  endloop
endfacet
facet normal 0.0 0.0 0.0
  outer loop
    vertex -54.71552276611328 -3.8428707122802734 1.0000104904174805
    vertex -54.90367126464844 -2.9616801738739014 15.500008583068848
    vertex -54.56663513183594 -4.411618232727051 15.500008583068848
  endloop
endfacet
facet normal 0.0 0.0 0.0
  outer loop
    vertex -38.874996185302734 -16.299999237060547 20.00000762939453
    vertex -38.874996185302734 -16.299999237060547 1.0000085830688477
    vertex -40.42441177368164 -16.226192474365234 20.00000762939453
  endloop
endfacet
facet normal 0.0 0.0 0.0
  outer loop
    vertex -40.42441177368164 -16.226192474365234 20.00000762939453
    vertex -38.874996185302734 -16.299999237060547 1.0000085830688477
    vertex -40.42441177368164 -16.226192474365234 1.0000085830688477
  endloop
endfacet
facet normal 0.0 0.0 0.0
  outer loop
    vertex -40.42441177368164 -16.226192474365234 20.00000762939453
    vertex -40.42441177368164 -16.226192474365234 1.0000085830688477
    vertex -41.95978927612305 -16.00543785095215 1.0000085830688477
  endloop
endfacet
facet normal 0.0 0.0 0.0
  outer loop
    vertex -40.42441177368164 -16.226192474365234 20.00000762939453
    vertex -41.95978927612305 -16.00543785095215 1.0000085830688477
    vertex -41.95978927612305 -16.00543785095215 20.00000762939453
  endloop
endfacet
facet normal 0.0 0.0 0.0
  outer loop
    vertex -41.95978927612305 -16.00543785095215 20.00000762939453
    vertex -41.95978927612305 -16.00543785095215 1.0000085830688477
    vertex -43.46723556518555 -15.639735221862793 1.0000085830688477
  endloop
endfacet
facet normal 0.0 0.0 0.0
  outer loop
    vertex -41.95978927612305 -16.00543785095215 20.00000762939453
    vertex -43.46723556518555 -15.639735221862793 1.0000085830688477
    vertex -43.46723556518555 -15.639735221862793 20.00000762939453
  endloop
endfacet
facet normal 0.0 0.0 0.0
  outer loop
    vertex -43.46723556518555 -15.639735221862793 20.00000762939453
    vertex -43.46723556518555 -15.639735221862793 1.0000085830688477
    vertex -44.9330940246582 -15.132397651672363 1.000009536743164
  endloop
endfacet
facet normal 0.0 0.0 0.0
  outer loop
    vertex -43.46723556518555 -15.639735221862793 20.00000762939453
    vertex -44.9330940246582 -15.132397651672363 1.000009536743164
    vertex -44.9330940246582 -15.132397651672363 20.00000762939453
  endloop
endfacet
facet normal 0.0 0.0 0.0
  outer loop
    vertex -44.9330940246582 -15.132397651672363 20.00000762939453
    vertex -44.9330940246582 -15.132397651672363 1.000009536743164
    vertex -46.34408950805664 -14.488018035888672 1.000009536743164
  endloop
endfacet
facet normal 0.0 0.0 0.0
  outer loop
    vertex -44.9330940246582 -15.132397651672363 20.00000762939453
    vertex -46.34408950805664 -14.488018035888672 1.000009536743164
    vertex -46.34408950805664 -14.488018035888672 20.00000762939453
  endloop
endfacet
facet normal 0.0 0.0 0.0
  outer loop
    vertex -46.34408950805664 -14.488018035888672 20.00000762939453
    vertex -46.34408950805664 -14.488018035888672 1.000009536743164
    vertex -47.687442779541016 -13.712432861328125 1.000009536743164
  endloop
endfacet
facet normal 0.0 0.0 0.0
  outer loop
    vertex -46.34408950805664 -14.488018035888672 20.00000762939453
    vertex -47.687442779541016 -13.712432861328125 1.000009536743164
    vertex -47.687442779541016 -13.712432861328125 20.00000762939453
  endloop
endfacet
facet normal 0.0 0.0 0.0
  outer loop
    vertex -47.687442779541016 -13.712432861328125 20.00000762939453
    vertex -47.687442779541016 -13.712432861328125 1.000009536743164
    vertex -48.95098114013672 -12.812664985656738 1.000009536743164
  endloop
endfacet
facet normal 0.0 0.0 0.0
  outer loop
    vertex -47.687442779541016 -13.712432861328125 20.00000762939453
    vertex -48.95098114013672 -12.812664985656738 1.000009536743164
    vertex -48.95098114013672 -12.812664985656738 20.00000762939453
  endloop
endfacet
facet normal 0.0 0.0 0.0
  outer loop
    vertex -48.95098114013672 -12.812664985656738 20.00000762939453
    vertex -48.95098114013672 -12.812664985656738 1.000009536743164
    vertex -50.12328338623047 -11.79686450958252 1.000009536743164
  endloop
endfacet
facet normal 0.0 0.0 0.0
  outer loop
    vertex -48.95098114013672 -12.812664985656738 20.00000762939453
    vertex -50.12328338623047 -11.79686450958252 1.000009536743164
    vertex -50.12328338623047 -11.79686450958252 20.00000762939453
  endloop
endfacet
facet normal 0.0 0.0 0.0
  outer loop
    vertex -50.12328338623047 -11.79686450958252 20.00000762939453
    vertex -50.12328338623047 -11.79686450958252 1.000009536743164
    vertex -51.19371032714844 -10.674229621887207 1.000009536743164
  endloop
endfacet
facet normal 0.0 0.0 0.0
  outer loop
    vertex -50.12328338623047 -11.79686450958252 20.00000762939453
    vertex -51.19371032714844 -10.674229621887207 1.000009536743164
    vertex -51.19371032714844 -10.674229621887207 20.00000762939453
  endloop
endfacet
facet normal 0.0 0.0 0.0
  outer loop
    vertex -51.19371032714844 -10.674229621887207 20.00000762939453
    vertex -51.19371032714844 -10.674229621887207 1.000009536743164
    vertex -52.15258026123047 -9.454927444458008 1.000009536743164
  endloop
endfacet
facet normal 0.0 0.0 0.0
  outer loop
    vertex -51.19371032714844 -10.674229621887207 20.00000762939453
    vertex -52.15258026123047 -9.454927444458008 1.000009536743164
    vertex -52.15258026123047 -9.454927444458008 20.00000762939453
  endloop
endfacet
facet normal 0.0 0.0 0.0
  outer loop
    vertex -52.15258026123047 -9.454927444458008 20.00000762939453
    vertex -52.15258026123047 -9.454927444458008 1.000009536743164
    vertex -52.99120330810547 -8.149999618530273 1.000009536743164
  endloop
endfacet
facet normal 0.0 0.0 0.0
  outer loop
    vertex -52.15258026123047 -9.454927444458008 20.00000762939453
    vertex -52.99120330810547 -8.149999618530273 1.000009536743164
    vertex -52.99120330810547 -8.149999618530273 20.00000762939453
  endloop
endfacet
facet normal 0.0 0.0 0.0
  outer loop
    vertex -52.99120330810547 -8.149999618530273 20.00000762939453
    vertex -52.99120330810547 -8.149999618530273 1.000009536743164
    vertex -53.701995849609375 -6.771264553070068 1.000009536743164
  endloop
endfacet
facet normal 0.0 0.0 0.0
  outer loop
    vertex -52.99120330810547 -8.149999618530273 20.00000762939453
    vertex -53.701995849609375 -6.771264553070068 1.000009536743164
    vertex -53.701995849609375 -6.771264553070068 20.00000762939453
  endloop
endfacet
facet normal 0.0 0.0 0.0
  outer loop
    vertex -53.701995849609375 -6.771264553070068 20.00000762939453
    vertex -53.701995849609375 -6.771264553070068 1.000009536743164
    vertex -54.27850341796875 -5.331207752227783 1.0000104904174805
  endloop
endfacet
facet normal 0.0 0.0 0.0
  outer loop
    vertex -53.701995849609375 -6.771264553070068 20.00000762939453
    vertex -54.27850341796875 -5.331207752227783 1.0000104904174805
    vertex -54.27850341796875 -5.331207752227783 20.00000762939453
  endloop
endfacet
facet normal 0.0 0.0 0.0
  outer loop
    vertex 10.458817481994629 -19.465925216674805 20.000001907348633
    vertex 10.699999809265137 -19.366025924682617 20.000001907348633
    vertex 10.199999809265137 -19.5 20.000001907348633
  endloop
endfacet
facet normal 0.0 0.0 0.0
  outer loop
    vertex 10.199999809265137 -19.5 20.000001907348633
    vertex 10.699999809265137 -19.366025924682617 20.000001907348633
    vertex 9.199999809265137 -19.5 20.000001907348633
  endloop
endfacet
facet normal 0.0 0.0 0.0
  outer loop
    vertex 9.199999809265137 -19.5 20.000001907348633
    vertex 10.699999809265137 -19.366025924682617 20.000001907348633
    vertex 10.907105445861816 -19.207107543945312 20.000001907348633
  endloop
endfacet
facet normal 0.0 0.0 0.0
  outer loop
    vertex 9.199999809265137 -19.5 20.000001907348633
    vertex 10.907105445861816 -19.207107543945312 20.000001907348633
    vertex 11.066023826599121 -19.0 20.000001907348633
  endloop
endfacet
facet normal 0.0 0.0 0.0
  outer loop
    vertex 11.066023826599121 -19.0 20.000001907348633
    vertex 11.165925025939941 -18.758819580078125 20.000001907348633
    vertex 9.199999809265137 -19.5 20.000001907348633
  endloop
endfacet
facet normal 0.0 0.0 0.0
  outer loop
    vertex 9.199999809265137 -19.5 20.000001907348633
    vertex 11.165925025939941 -18.758819580078125 20.000001907348633
    vertex 11.199999809265137 -18.5 20.000001907348633
  endloop
endfacet
facet normal 0.0 0.0 0.0
  outer loop
    vertex 9.199999809265137 -19.5 20.000001907348633
    vertex 11.199999809265137 -18.5 20.000001907348633
    vertex 9.199999809265137 -17.5 20.000001907348633
  endloop
endfacet
facet normal 0.0 0.0 0.0
  outer loop
    vertex 9.199999809265137 -17.5 20.000001907348633
    vertex 11.199999809265137 -18.5 20.000001907348633
    vertex 11.2340726852417 -18.241180419921875 20.000001907348633
  endloop
endfacet
facet normal 0.0 0.0 0.0
  outer loop
    vertex 9.199999809265137 -17.5 20.000001907348633
    vertex 11.2340726852417 -18.241180419921875 20.000001907348633
    vertex 11.33397388458252 -18.0 20.000001907348633
  endloop
endfacet
facet normal 0.0 0.0 0.0
  outer loop
    vertex 11.33397388458252 -18.0 20.000001907348633
    vertex 11.492892265319824 -17.792892456054688 20.000001907348633
    vertex 9.199999809265137 -17.5 20.000001907348633
  endloop
endfacet
facet normal 0.0 0.0 0.0
  outer loop
    vertex 9.199999809265137 -17.5 20.000001907348633
    vertex 11.492892265319824 -17.792892456054688 20.000001907348633
    vertex 11.699999809265137 -17.633974075317383 20.000001907348633
  endloop
endfacet
facet normal 0.0 0.0 0.0
  outer loop
    vertex 9.199999809265137 -17.5 20.000001907348633
    vertex 11.699999809265137 -17.633974075317383 20.000001907348633
    vertex 11.941180229187012 -17.534074783325195 20.000001907348633
  endloop
endfacet
facet normal 0.0 0.0 0.0
  outer loop
    vertex 11.941180229187012 -17.534074783325195 20.000001907348633
    vertex 12.19999885559082 -17.5 20.000001907348633
    vertex 9.199999809265137 -17.5 20.000001907348633
  endloop
endfacet
facet normal 0.0 0.0 0.0
  outer loop
    vertex 9.199999809265137 -17.5 20.000001907348633
    vertex 12.19999885559082 -17.5 20.000001907348633
    vertex 38.874996185302734 -16.299999237060547 20.0
  endloop
endfacet
facet normal 0.0 0.0 0.0
  outer loop
    vertex 9.199999809265137 -17.5 20.000001907348633
    vertex 38.874996185302734 -16.299999237060547 20.0
    vertex -38.874996185302734 -16.299999237060547 20.00000762939453
  endloop
endfacet
facet normal 0.0 0.0 0.0
  outer loop
    vertex 12.19999885559082 -17.5 20.000001907348633
    vertex 38.874996185302734 -17.5 20.0
    vertex 38.874996185302734 -16.299999237060547 20.0
  endloop
endfacet
facet normal 0.0 0.0 0.0
  outer loop
    vertex 38.874996185302734 -16.299999237060547 20.0
    vertex 38.874996185302734 -17.5 20.0
    vertex 40.48969268798828 -17.42534828186035 20.0
  endloop
endfacet
facet normal 0.0 0.0 0.0
  outer loop
    vertex 38.874996185302734 -16.299999237060547 20.0
    vertex 40.48969268798828 -17.42534828186035 20.0
    vertex 40.424407958984375 -16.226192474365234 20.0
  endloop
endfacet
facet normal 0.0 0.0 0.0
  outer loop
    vertex 40.424407958984375 -16.226192474365234 20.0
    vertex 40.48969268798828 -17.42534828186035 20.0
    vertex 42.090614318847656 -17.202030181884766 20.0
  endloop
endfacet
facet normal 0.0 0.0 0.0
  outer loop
    vertex 40.424407958984375 -16.226192474365234 20.0
    vertex 42.090614318847656 -17.202030181884766 20.0
    vertex 41.95979309082031 -16.00543785095215 20.0
  endloop
endfacet
facet normal 0.0 0.0 0.0
  outer loop
    vertex 41.95979309082031 -16.00543785095215 20.0
    vertex 42.090614318847656 -17.202030181884766 20.0
    vertex 43.66409683227539 -16.83194923400879 20.0
  endloop
endfacet
facet normal 0.0 0.0 0.0
  outer loop
    vertex 41.95979309082031 -16.00543785095215 20.0
    vertex 43.66409683227539 -16.83194923400879 20.0
    vertex 43.46723556518555 -15.639735221862793 20.0
  endloop
endfacet
facet normal 0.0 0.0 0.0
  outer loop
    vertex 43.46723556518555 -15.639735221862793 20.0
    vertex 43.66409683227539 -16.83194923400879 20.0
    vertex 45.19672393798828 -16.31826400756836 19.999998092651367
  endloop
endfacet
facet normal 0.0 0.0 0.0
  outer loop
    vertex 43.46723556518555 -15.639735221862793 20.0
    vertex 45.19672393798828 -16.31826400756836 19.999998092651367
    vertex 46.675418853759766 -15.66535758972168 19.999998092651367
  endloop
endfacet
facet normal 0.0 0.0 0.0
  outer loop
    vertex 48.087554931640625 -14.878799438476562 19.999998092651367
    vertex 46.34408950805664 -14.488018035888672 19.999998092651367
    vertex 46.675418853759766 -15.66535758972168 19.999998092651367
  endloop
endfacet
facet normal 0.0 0.0 0.0
  outer loop
    vertex 46.675418853759766 -15.66535758972168 19.999998092651367
    vertex 46.34408950805664 -14.488018035888672 19.999998092651367
    vertex 44.9330940246582 -15.132397651672363 19.999998092651367
  endloop
endfacet
facet normal 0.0 0.0 0.0
  outer loop
    vertex 46.675418853759766 -15.66535758972168 19.999998092651367
    vertex 44.9330940246582 -15.132397651672363 19.999998092651367
    vertex 43.46723556518555 -15.639735221862793 20.0
  endloop
endfacet
facet normal 0.0 0.0 0.0
  outer loop
    vertex 46.34408950805664 -14.488018035888672 19.999998092651367
    vertex 48.087554931640625 -14.878799438476562 19.999998092651367
    vertex 47.687442779541016 -13.712432861328125 19.999998092651367
  endloop
endfacet
facet normal 0.0 0.0 0.0
  outer loop
    vertex 47.687442779541016 -13.712432861328125 19.999998092651367
    vertex 48.087554931640625 -14.878799438476562 19.999998092651367
    vertex 49.42109680175781 -13.965301513671875 19.999998092651367
  endloop
endfacet
facet normal 0.0 0.0 0.0
  outer loop
    vertex 47.687442779541016 -13.712432861328125 19.999998092651367
    vertex 49.42109680175781 -13.965301513671875 19.999998092651367
    vertex 48.950984954833984 -12.812664985656738 19.999998092651367
  endloop
endfacet
facet normal 0.0 0.0 0.0
  outer loop
    vertex 48.950984954833984 -12.812664985656738 19.999998092651367
    vertex 49.42109680175781 -13.965301513671875 19.999998092651367
    vertex 50.66466522216797 -12.932656288146973 19.999998092651367
  endloop
endfacet
facet normal 0.0 0.0 0.0
  outer loop
    vertex 48.950984954833984 -12.812664985656738 19.999998092651367
    vertex 50.66466522216797 -12.932656288146973 19.999998092651367
    vertex 50.1232795715332 -11.79686450958252 19.999998092651367
  endloop
endfacet
facet normal 0.0 0.0 0.0
  outer loop
    vertex 50.1232795715332 -11.79686450958252 19.999998092651367
    vertex 50.66466522216797 -12.932656288146973 19.999998092651367
    vertex 51.807647705078125 -11.789673805236816 19.999998092651367
  endloop
endfacet
facet normal 0.0 0.0 0.0
  outer loop
    vertex 50.1232795715332 -11.79686450958252 19.999998092651367
    vertex 51.807647705078125 -11.789673805236816 19.999998092651367
    vertex 51.19371032714844 -10.674229621887207 19.999998092651367
  endloop
endfacet
facet normal 0.0 0.0 0.0
  outer loop
    vertex 51.19371032714844 -10.674229621887207 19.999998092651367
    vertex 51.807647705078125 -11.789673805236816 19.999998092651367
    vertex 52.840293884277344 -10.546106338500977 19.999998092651367
  endloop
endfacet
facet normal 0.0 0.0 0.0
  outer loop
    vertex 51.19371032714844 -10.674229621887207 19.999998092651367
    vertex 52.840293884277344 -10.546106338500977 19.999998092651367
    vertex 52.15258026123047 -9.454927444458008 19.999998092651367
  endloop
endfacet
facet normal 0.0 0.0 0.0
  outer loop
    vertex 52.15258026123047 -9.454927444458008 19.999998092651367
    vertex 52.840293884277344 -10.546106338500977 19.999998092651367
    vertex 53.75379180908203 -9.212562561035156 19.999998092651367
  endloop
endfacet
facet normal 0.0 0.0 0.0
  outer loop
    vertex 52.15258026123047 -9.454927444458008 19.999998092651367
    vertex 53.75379180908203 -9.212562561035156 19.999998092651367
    vertex 52.991207122802734 -8.149999618530273 19.999998092651367
  endloop
endfacet
facet normal 0.0 0.0 0.0
  outer loop
    vertex 52.991207122802734 -8.149999618530273 19.999998092651367
    vertex 53.75379180908203 -9.212562561035156 19.999998092651367
    vertex 54.54035186767578 -7.800421237945557 19.999996185302734
  endloop
endfacet
facet normal 0.0 0.0 0.0
  outer loop
    vertex 52.991207122802734 -8.149999618530273 19.999998092651367
    vertex 54.54035186767578 -7.800421237945557 19.999996185302734
    vertex 53.701995849609375 -6.771264553070068 19.999998092651367
  endloop
endfacet
facet normal 0.0 0.0 0.0
  outer loop
    vertex 53.701995849609375 -6.771264553070068 19.999998092651367
    vertex 54.54035186767578 -7.800421237945557 19.999996185302734
    vertex 55.19325637817383 -6.3217291831970215 19.999996185302734
  endloop
endfacet
facet normal 0.0 0.0 0.0
  outer loop
    vertex 53.701995849609375 -6.771264553070068 19.999998092651367
    vertex 55.19325637817383 -6.3217291831970215 19.999996185302734
    vertex 54.27850341796875 -5.331207752227783 19.999996185302734
  endloop
endfacet
facet normal 0.0 0.0 0.0
  outer loop
    vertex 54.27850341796875 -5.331207752227783 19.999996185302734
    vertex 55.19325637817383 -6.3217291831970215 19.999996185302734
    vertex 55.706939697265625 -4.789102554321289 19.999996185302734
  endloop
endfacet
facet normal 0.0 0.0 0.0
  outer loop
    vertex 54.27850341796875 -5.331207752227783 19.999996185302734
    vertex 55.706939697265625 -4.789102554321289 19.999996185302734
    vertex 54.71552276611328 -3.8428707122802734 19.999996185302734
  endloop
endfacet
facet normal 0.0 0.0 0.0
  outer loop
    vertex 54.71552276611328 -3.8428707122802734 19.999996185302734
    vertex 55.706939697265625 -4.789102554321289 19.999996185302734
    vertex 56.077022552490234 -3.215616464614868 19.999996185302734
  endloop
endfacet
facet normal 0.0 0.0 0.0
  outer loop
    vertex 54.71552276611328 -3.8428707122802734 19.999996185302734
    vertex 56.077022552490234 -3.215616464614868 19.999996185302734
    vertex 55.00908279418945 -2.3197319507598877 19.999996185302734
  endloop
endfacet
facet normal 0.0 0.0 0.0
  outer loop
    vertex 55.00908279418945 -2.3197319507598877 19.999996185302734
    vertex 56.077022552490234 -3.215616464614868 19.999996185302734
    vertex 56.30033874511719 -1.6146962642669678 19.999996185302734
  endloop
endfacet
facet normal 0.0 0.0 0.0
  outer loop
    vertex 55.00908279418945 -2.3197319507598877 19.999996185302734
    vertex 56.30033874511719 -1.6146962642669678 19.999996185302734
    vertex 55.156532287597656 -0.7755852341651917 19.999996185302734
  endloop
endfacet
facet normal 0.0 0.0 0.0
  outer loop
    vertex 55.156532287597656 -0.7755852341651917 19.999996185302734
    vertex 56.30033874511719 -1.6146962642669678 19.999996185302734
    vertex 56.37499237060547 -3.215280528328095e-15 19.999996185302734
  endloop
endfacet
facet normal 0.0 0.0 0.0
  outer loop
    vertex 55.156532287597656 -0.7755852341651917 19.999996185302734
    vertex 56.37499237060547 -3.215280528328095e-15 19.999996185302734
    vertex 55.156532287597656 0.7755852341651917 19.999996185302734
  endloop
endfacet
facet normal 0.0 0.0 0.0
  outer loop
    vertex 55.156532287597656 0.7755852341651917 19.999996185302734
    vertex 56.37499237060547 -3.215280528328095e-15 19.999996185302734
    vertex 56.30033874511719 1.6146962642669678 19.999996185302734
  endloop
endfacet
facet normal 0.0 0.0 0.0
  outer loop
    vertex 55.156532287597656 0.7755852341651917 19.999996185302734
    vertex 56.30033874511719 1.6146962642669678 19.999996185302734
    vertex 55.00908279418945 2.3197319507598877 19.999996185302734
  endloop
endfacet
facet normal 0.0 0.0 0.0
  outer loop
    vertex 55.00908279418945 2.3197319507598877 19.999996185302734
    vertex 56.30033874511719 1.6146962642669678 19.999996185302734
    vertex 56.077022552490234 3.215616464614868 19.999996185302734
  endloop
endfacet
facet normal 0.0 0.0 0.0
  outer loop
    vertex 55.00908279418945 2.3197319507598877 19.999996185302734
    vertex 56.077022552490234 3.215616464614868 19.999996185302734
    vertex 54.71552276611328 3.8428707122802734 19.999996185302734
  endloop
endfacet
facet normal 0.0 0.0 0.0
  outer loop
    vertex 54.71552276611328 3.8428707122802734 19.999996185302734
    vertex 56.077022552490234 3.215616464614868 19.999996185302734
    vertex 55.706939697265625 4.789102554321289 19.999996185302734
  endloop
endfacet
facet normal 0.0 0.0 0.0
  outer loop
    vertex 54.71552276611328 3.8428707122802734 19.999996185302734
    vertex 55.706939697265625 4.789102554321289 19.999996185302734
    vertex 54.27850341796875 5.331207752227783 19.999996185302734
  endloop
endfacet
facet normal 0.0 0.0 0.0
  outer loop
    vertex 54.27850341796875 5.331207752227783 19.999996185302734
    vertex 55.706939697265625 4.789102554321289 19.999996185302734
    vertex 55.19325637817383 6.3217291831970215 19.999996185302734
  endloop
endfacet
facet normal 0.0 0.0 0.0
  outer loop
    vertex 54.27850341796875 5.331207752227783 19.999996185302734
    vertex 55.19325637817383 6.3217291831970215 19.999996185302734
    vertex 53.701995849609375 6.771264553070068 19.999998092651367
  endloop
endfacet
facet normal 0.0 0.0 0.0
  outer loop
    vertex 53.701995849609375 6.771264553070068 19.999998092651367
    vertex 55.19325637817383 6.3217291831970215 19.999996185302734
    vertex 54.54035186767578 7.800421237945557 19.999996185302734
  endloop
endfacet
facet normal 0.0 0.0 0.0
  outer loop
    vertex 53.701995849609375 6.771264553070068 19.999998092651367
    vertex 54.54035186767578 7.800421237945557 19.999996185302734
    vertex 52.991207122802734 8.149999618530273 19.999998092651367
  endloop
endfacet
facet normal 0.0 0.0 0.0
  outer loop
    vertex 52.991207122802734 8.149999618530273 19.999998092651367
    vertex 54.54035186767578 7.800421237945557 19.999996185302734
    vertex 53.75379180908203 9.212562561035156 19.999998092651367
  endloop
endfacet
facet normal 0.0 0.0 0.0
  outer loop
    vertex 52.991207122802734 8.149999618530273 19.999998092651367
    vertex 53.75379180908203 9.212562561035156 19.999998092651367
    vertex 52.15258026123047 9.454927444458008 19.999998092651367
  endloop
endfacet
facet normal 0.0 0.0 0.0
  outer loop
    vertex 52.15258026123047 9.454927444458008 19.999998092651367
    vertex 53.75379180908203 9.212562561035156 19.999998092651367
    vertex 52.840293884277344 10.546106338500977 19.999998092651367
  endloop
endfacet
facet normal 0.0 0.0 0.0
  outer loop
    vertex 52.15258026123047 9.454927444458008 19.999998092651367
    vertex 52.840293884277344 10.546106338500977 19.999998092651367
    vertex 51.19371032714844 10.674229621887207 19.999998092651367
  endloop
endfacet
facet normal 0.0 0.0 0.0
  outer loop
    vertex 51.19371032714844 10.674229621887207 19.999998092651367
    vertex 52.840293884277344 10.546106338500977 19.999998092651367
    vertex 51.807647705078125 11.789673805236816 19.999998092651367
  endloop
endfacet
facet normal 0.0 0.0 0.0
  outer loop
    vertex 51.19371032714844 10.674229621887207 19.999998092651367
    vertex 51.807647705078125 11.789673805236816 19.999998092651367
    vertex 50.1232795715332 11.79686450958252 19.999998092651367
  endloop
endfacet
facet normal 0.0 0.0 0.0
  outer loop
    vertex 50.1232795715332 11.79686450958252 19.999998092651367
    vertex 51.807647705078125 11.789673805236816 19.999998092651367
    vertex 50.66466522216797 12.932656288146973 19.999998092651367
  endloop
endfacet
facet normal 0.0 0.0 0.0
  outer loop
    vertex 50.1232795715332 11.79686450958252 19.999998092651367
    vertex 50.66466522216797 12.932656288146973 19.999998092651367
    vertex 48.950984954833984 12.812664985656738 19.999998092651367
  endloop
endfacet
facet normal 0.0 0.0 0.0
  outer loop
    vertex 48.950984954833984 12.812664985656738 19.999998092651367
    vertex 50.66466522216797 12.932656288146973 19.999998092651367
    vertex 49.42109680175781 13.965301513671875 19.999998092651367
  endloop
endfacet
facet normal 0.0 0.0 0.0
  outer loop
    vertex 48.950984954833984 12.812664985656738 19.999998092651367
    vertex 49.42109680175781 13.965301513671875 19.999998092651367
    vertex 47.687442779541016 13.712432861328125 19.999998092651367
  endloop
endfacet
facet normal 0.0 0.0 0.0
  outer loop
    vertex 47.687442779541016 13.712432861328125 19.999998092651367
    vertex 49.42109680175781 13.965301513671875 19.999998092651367
    vertex 48.087554931640625 14.878799438476562 19.999998092651367
  endloop
endfacet
facet normal 0.0 0.0 0.0
  outer loop
    vertex 47.687442779541016 13.712432861328125 19.999998092651367
    vertex 48.087554931640625 14.878799438476562 19.999998092651367
    vertex 46.34408950805664 14.488018035888672 19.999998092651367
  endloop
endfacet
facet normal 0.0 0.0 0.0
  outer loop
    vertex 46.34408950805664 14.488018035888672 19.999998092651367
    vertex 48.087554931640625 14.878799438476562 19.999998092651367
    vertex 46.675418853759766 15.66535758972168 19.999998092651367
  endloop
endfacet
facet normal 0.0 0.0 0.0
  outer loop
    vertex 46.34408950805664 14.488018035888672 19.999998092651367
    vertex 46.675418853759766 15.66535758972168 19.999998092651367
    vertex 44.9330940246582 15.132397651672363 19.999998092651367
  endloop
endfacet
facet normal 0.0 0.0 0.0
  outer loop
    vertex 44.9330940246582 15.132397651672363 19.999998092651367
    vertex 46.675418853759766 15.66535758972168 19.999998092651367
    vertex 43.46723556518555 15.639735221862793 20.0
  endloop
endfacet
facet normal 0.0 0.0 0.0
  outer loop
    vertex 43.46723556518555 15.639735221862793 20.0
    vertex 46.675418853759766 15.66535758972168 19.999998092651367
    vertex 45.19672393798828 16.31826400756836 19.999998092651367
  endloop
endfacet
facet normal 0.0 0.0 0.0
  outer loop
    vertex 43.46723556518555 15.639735221862793 20.0
    vertex 45.19672393798828 16.31826400756836 19.999998092651367
    vertex 43.66409683227539 16.83194923400879 20.0
  endloop
endfacet
facet normal 0.0 0.0 0.0
  outer loop
    vertex 43.46723556518555 15.639735221862793 20.0
    vertex 43.66409683227539 16.83194923400879 20.0
    vertex 41.95979309082031 16.00543785095215 20.0
  endloop
endfacet
facet normal 0.0 0.0 0.0
  outer loop
    vertex 41.95979309082031 16.00543785095215 20.0
    vertex 43.66409683227539 16.83194923400879 20.0
    vertex 42.090614318847656 17.202030181884766 20.0
  endloop
endfacet
facet normal 0.0 0.0 0.0
  outer loop
    vertex 41.95979309082031 16.00543785095215 20.0
    vertex 42.090614318847656 17.202030181884766 20.0
    vertex 40.424407958984375 16.226192474365234 20.0
  endloop
endfacet
facet normal 0.0 0.0 0.0
  outer loop
    vertex 40.424407958984375 16.226192474365234 20.0
    vertex 42.090614318847656 17.202030181884766 20.0
    vertex 40.48969268798828 17.42534828186035 20.0
  endloop
endfacet
facet normal 0.0 0.0 0.0
  outer loop
    vertex 40.424407958984375 16.226192474365234 20.0
    vertex 40.48969268798828 17.42534828186035 20.0
    vertex 38.874996185302734 16.299999237060547 20.0
  endloop
endfacet
facet normal 0.0 0.0 0.0
  outer loop
    vertex 38.874996185302734 16.299999237060547 20.0
    vertex 40.48969268798828 17.42534828186035 20.0
    vertex 38.874996185302734 17.5 20.0
  endloop
endfacet
facet normal 0.0 0.0 0.0
  outer loop
    vertex 38.874996185302734 16.299999237060547 20.0
    vertex 38.874996185302734 17.5 20.0
    vertex 12.19999885559082 17.5 20.000001907348633
  endloop
endfacet
facet normal 0.0 0.0 0.0
  outer loop
    vertex 38.874996185302734 16.299999237060547 20.0
    vertex 12.19999885559082 17.5 20.000001907348633
    vertex 9.199999809265137 17.5 20.000001907348633
  endloop
endfacet
facet normal 0.0 0.0 0.0
  outer loop
    vertex 9.199999809265137 17.5 20.000001907348633
    vertex 12.19999885559082 17.5 20.000001907348633
    vertex 11.941180229187012 17.534074783325195 20.000001907348633
  endloop
endfacet
facet normal 0.0 0.0 0.0
  outer loop
    vertex 9.199999809265137 17.5 20.000001907348633
    vertex 11.941180229187012 17.534074783325195 20.000001907348633
    vertex 11.699999809265137 17.633974075317383 20.000001907348633
  endloop
endfacet
facet normal 0.0 0.0 0.0
  outer loop
    vertex 11.699999809265137 17.633974075317383 20.000001907348633
    vertex 11.492892265319824 17.792892456054688 20.000001907348633
    vertex 9.199999809265137 17.5 20.000001907348633
  endloop
endfacet
facet normal 0.0 0.0 0.0
  outer loop
    vertex 9.199999809265137 17.5 20.000001907348633
    vertex 11.492892265319824 17.792892456054688 20.000001907348633
    vertex 11.33397388458252 18.0 20.000001907348633
  endloop
endfacet
facet normal 0.0 0.0 0.0
  outer loop
    vertex 9.199999809265137 17.5 20.000001907348633
    vertex 11.33397388458252 18.0 20.000001907348633
    vertex 11.2340726852417 18.241180419921875 20.000001907348633
  endloop
endfacet
facet normal 0.0 0.0 0.0
  outer loop
    vertex 11.2340726852417 18.241180419921875 20.000001907348633
    vertex 11.199999809265137 18.5 20.000001907348633
    vertex 9.199999809265137 17.5 20.000001907348633
  endloop
endfacet
facet normal 0.0 0.0 0.0
  outer loop
    vertex 9.199999809265137 17.5 20.000001907348633
    vertex 11.199999809265137 18.5 20.000001907348633
    vertex 9.199999809265137 19.5 20.000001907348633
  endloop
endfacet
facet normal 0.0 0.0 0.0
  outer loop
    vertex 9.199999809265137 19.5 20.000001907348633
    vertex 11.199999809265137 18.5 20.000001907348633
    vertex 11.165925025939941 18.758819580078125 20.000001907348633
  endloop
endfacet
facet normal 0.0 0.0 0.0
  outer loop
    vertex 9.199999809265137 19.5 20.000001907348633
    vertex 11.165925025939941 18.758819580078125 20.000001907348633
    vertex 11.066023826599121 19.0 20.000001907348633
  endloop
endfacet
facet normal 0.0 0.0 0.0
  outer loop
    vertex 11.066023826599121 19.0 20.000001907348633
    vertex 10.907105445861816 19.207107543945312 20.000001907348633
    vertex 9.199999809265137 19.5 20.000001907348633
  endloop
endfacet
facet normal 0.0 0.0 0.0
  outer loop
    vertex 9.199999809265137 19.5 20.000001907348633
    vertex 10.907105445861816 19.207107543945312 20.000001907348633
    vertex 10.699999809265137 19.366025924682617 20.000001907348633
  endloop
endfacet
facet normal 0.0 0.0 0.0
  outer loop
    vertex 9.199999809265137 19.5 20.000001907348633
    vertex 10.699999809265137 19.366025924682617 20.000001907348633
    vertex 10.199999809265137 19.5 20.000001907348633
  endloop
endfacet
facet normal 0.0 0.0 0.0
  outer loop
    vertex 10.199999809265137 19.5 20.000001907348633
    vertex 10.699999809265137 19.366025924682617 20.000001907348633
    vertex 10.458817481994629 19.465925216674805 20.000001907348633
  endloop
endfacet
facet normal 0.0 0.0 0.0
  outer loop
    vertex 9.199999809265137 17.5 20.000001907348633
    vertex -9.199999809265137 17.5 20.000003814697266
    vertex 38.874996185302734 16.299999237060547 20.0
  endloop
endfacet
facet normal 0.0 0.0 0.0
  outer loop
    vertex 38.874996185302734 16.299999237060547 20.0
    vertex -9.199999809265137 17.5 20.000003814697266
    vertex -38.874996185302734 16.299999237060547 20.00000762939453
  endloop
endfacet
facet normal 0.0 0.0 0.0
  outer loop
    vertex -38.874996185302734 16.299999237060547 20.00000762939453
    vertex -9.199999809265137 17.5 20.000003814697266
    vertex -12.19999885559082 17.5 20.000003814697266
  endloop
endfacet
facet normal 0.0 0.0 0.0
  outer loop
    vertex -38.874996185302734 16.299999237060547 20.00000762939453
    vertex -12.19999885559082 17.5 20.000003814697266
    vertex -38.874996185302734 17.5 20.00000762939453
  endloop
endfacet
facet normal 0.0 0.0 0.0
  outer loop
    vertex -9.199999809265137 19.5 20.000003814697266
    vertex -11.199999809265137 18.5 20.000003814697266
    vertex -9.199999809265137 17.5 20.000003814697266
  endloop
endfacet
facet normal 0.0 0.0 0.0
  outer loop
    vertex -9.199999809265137 17.5 20.000003814697266
    vertex -11.199999809265137 18.5 20.000003814697266
    vertex -11.2340726852417 18.241180419921875 20.000003814697266
  endloop
endfacet
facet normal 0.0 0.0 0.0
  outer loop
    vertex -9.199999809265137 17.5 20.000003814697266
    vertex -11.2340726852417 18.241180419921875 20.000003814697266
    vertex -11.333971977233887 18.0 20.000003814697266
  endloop
endfacet
facet normal 0.0 0.0 0.0
  outer loop
    vertex -10.199999809265137 19.5 20.000003814697266
    vertex -10.699999809265137 19.366025924682617 20.000003814697266
    vertex -9.199999809265137 19.5 20.000003814697266
  endloop
endfacet
facet normal 0.0 0.0 0.0
  outer loop
    vertex -9.199999809265137 19.5 20.000003814697266
    vertex -10.699999809265137 19.366025924682617 20.000003814697266
    vertex -10.90710735321045 19.207107543945312 20.000003814697266
  endloop
endfacet
facet normal 0.0 0.0 0.0
  outer loop
    vertex -9.199999809265137 19.5 20.000003814697266
    vertex -10.90710735321045 19.207107543945312 20.000003814697266
    vertex -11.066023826599121 19.0 20.000003814697266
  endloop
endfacet
facet normal 0.0 0.0 0.0
  outer loop
    vertex -10.199999809265137 19.5 20.000003814697266
    vertex -10.458819389343262 19.465925216674805 20.000003814697266
    vertex -10.699999809265137 19.366025924682617 20.000003814697266
  endloop
endfacet
facet normal 0.0 0.0 0.0
  outer loop
    vertex -11.066023826599121 19.0 20.000003814697266
    vertex -11.165923118591309 18.758819580078125 20.000003814697266
    vertex -9.199999809265137 19.5 20.000003814697266
  endloop
endfacet
facet normal 0.0 0.0 0.0
  outer loop
    vertex -9.199999809265137 19.5 20.000003814697266
    vertex -11.165923118591309 18.758819580078125 20.000003814697266
    vertex -11.199999809265137 18.5 20.000003814697266
  endloop
endfacet
facet normal 0.0 0.0 0.0
  outer loop
    vertex -11.333971977233887 18.0 20.000003814697266
    vertex -11.492892265319824 17.792892456054688 20.000003814697266
    vertex -9.199999809265137 17.5 20.000003814697266
  endloop
endfacet
facet normal 0.0 0.0 0.0
  outer loop
    vertex -9.199999809265137 17.5 20.000003814697266
    vertex -11.492892265319824 17.792892456054688 20.000003814697266
    vertex -11.699999809265137 17.633974075317383 20.000003814697266
  endloop
endfacet
facet normal 0.0 0.0 0.0
  outer loop
    vertex -9.199999809265137 17.5 20.000003814697266
    vertex -11.699999809265137 17.633974075317383 20.000003814697266
    vertex -11.941180229187012 17.534074783325195 20.000003814697266
  endloop
endfacet
facet normal 0.0 0.0 0.0
  outer loop
    vertex -11.941180229187012 17.534074783325195 20.000003814697266
    vertex -12.19999885559082 17.5 20.000003814697266
    vertex -9.199999809265137 17.5 20.000003814697266
  endloop
endfacet
facet normal 0.0 0.0 0.0
  outer loop
    vertex -38.874996185302734 17.5 20.00000762939453
    vertex -40.489688873291016 17.42534828186035 20.00000762939453
    vertex -38.874996185302734 16.299999237060547 20.00000762939453
  endloop
endfacet
facet normal 0.0 0.0 0.0
  outer loop
    vertex -38.874996185302734 16.299999237060547 20.00000762939453
    vertex -40.489688873291016 17.42534828186035 20.00000762939453
    vertex -40.42441177368164 16.226192474365234 20.00000762939453
  endloop
endfacet
facet normal 0.0 0.0 0.0
  outer loop
    vertex -40.42441177368164 16.226192474365234 20.00000762939453
    vertex -40.489688873291016 17.42534828186035 20.00000762939453
    vertex -42.09061050415039 17.202030181884766 20.00000762939453
  endloop
endfacet
facet normal 0.0 0.0 0.0
  outer loop
    vertex -40.42441177368164 16.226192474365234 20.00000762939453
    vertex -42.09061050415039 17.202030181884766 20.00000762939453
    vertex -41.95978927612305 16.00543785095215 20.00000762939453
  endloop
endfacet
facet normal 0.0 0.0 0.0
  outer loop
    vertex -41.95978927612305 16.00543785095215 20.00000762939453
    vertex -42.09061050415039 17.202030181884766 20.00000762939453
    vertex -43.66409683227539 16.83194923400879 20.00000762939453
  endloop
endfacet
facet normal 0.0 0.0 0.0
  outer loop
    vertex -41.95978927612305 16.00543785095215 20.00000762939453
    vertex -43.66409683227539 16.83194923400879 20.00000762939453
    vertex -43.46723556518555 15.639735221862793 20.00000762939453
  endloop
endfacet
facet normal 0.0 0.0 0.0
  outer loop
    vertex -43.46723556518555 15.639735221862793 20.00000762939453
    vertex -43.66409683227539 16.83194923400879 20.00000762939453
    vertex -45.19672775268555 16.31826400756836 20.00000762939453
  endloop
endfacet
facet normal 0.0 0.0 0.0
  outer loop
    vertex -43.46723556518555 15.639735221862793 20.00000762939453
    vertex -45.19672775268555 16.31826400756836 20.00000762939453
    vertex -46.675418853759766 15.66535758972168 20.00000762939453
  endloop
endfacet
facet normal 0.0 0.0 0.0
  outer loop
    vertex -48.087554931640625 14.878799438476562 20.00000762939453
    vertex -46.34408950805664 14.488018035888672 20.00000762939453
    vertex -46.675418853759766 15.66535758972168 20.00000762939453
  endloop
endfacet
facet normal 0.0 0.0 0.0
  outer loop
    vertex -46.675418853759766 15.66535758972168 20.00000762939453
    vertex -46.34408950805664 14.488018035888672 20.00000762939453
    vertex -44.9330940246582 15.132397651672363 20.00000762939453
  endloop
endfacet
facet normal 0.0 0.0 0.0
  outer loop
    vertex -46.675418853759766 15.66535758972168 20.00000762939453
    vertex -44.9330940246582 15.132397651672363 20.00000762939453
    vertex -43.46723556518555 15.639735221862793 20.00000762939453
  endloop
endfacet
facet normal 0.0 0.0 0.0
  outer loop
    vertex -46.34408950805664 14.488018035888672 20.00000762939453
    vertex -48.087554931640625 14.878799438476562 20.00000762939453
    vertex -47.687442779541016 13.712432861328125 20.00000762939453
  endloop
endfacet
facet normal 0.0 0.0 0.0
  outer loop
    vertex -47.687442779541016 13.712432861328125 20.00000762939453
    vertex -48.087554931640625 14.878799438476562 20.00000762939453
    vertex -49.42109680175781 13.965301513671875 20.00000762939453
  endloop
endfacet
facet normal 0.0 0.0 0.0
  outer loop
    vertex -47.687442779541016 13.712432861328125 20.00000762939453
    vertex -49.42109680175781 13.965301513671875 20.00000762939453
    vertex -48.95098114013672 12.812664985656738 20.00000762939453
  endloop
endfacet
facet normal 0.0 0.0 0.0
  outer loop
    vertex -48.95098114013672 12.812664985656738 20.00000762939453
    vertex -49.42109680175781 13.965301513671875 20.00000762939453
    vertex -50.66466522216797 12.932656288146973 20.00000762939453
  endloop
endfacet
facet normal 0.0 0.0 0.0
  outer loop
    vertex -48.95098114013672 12.812664985656738 20.00000762939453
    vertex -50.66466522216797 12.932656288146973 20.00000762939453
    vertex -50.12328338623047 11.79686450958252 20.00000762939453
  endloop
endfacet
facet normal 0.0 0.0 0.0
  outer loop
    vertex -50.12328338623047 11.79686450958252 20.00000762939453
    vertex -50.66466522216797 12.932656288146973 20.00000762939453
    vertex -51.807647705078125 11.789673805236816 20.00000762939453
  endloop
endfacet
facet normal 0.0 0.0 0.0
  outer loop
    vertex -50.12328338623047 11.79686450958252 20.00000762939453
    vertex -51.807647705078125 11.789673805236816 20.00000762939453
    vertex -51.19371032714844 10.674229621887207 20.00000762939453
  endloop
endfacet
facet normal 0.0 0.0 0.0
  outer loop
    vertex -51.19371032714844 10.674229621887207 20.00000762939453
    vertex -51.807647705078125 11.789673805236816 20.00000762939453
    vertex -52.840293884277344 10.546106338500977 20.00000762939453
  endloop
endfacet
facet normal 0.0 0.0 0.0
  outer loop
    vertex -51.19371032714844 10.674229621887207 20.00000762939453
    vertex -52.840293884277344 10.546106338500977 20.00000762939453
    vertex -52.15258026123047 9.454927444458008 20.00000762939453
  endloop
endfacet
facet normal 0.0 0.0 0.0
  outer loop
    vertex -52.15258026123047 9.454927444458008 20.00000762939453
    vertex -52.840293884277344 10.546106338500977 20.00000762939453
    vertex -53.75379180908203 9.212562561035156 20.00000762939453
  endloop
endfacet
facet normal 0.0 0.0 0.0
  outer loop
    vertex -52.15258026123047 9.454927444458008 20.00000762939453
    vertex -53.75379180908203 9.212562561035156 20.00000762939453
    vertex -52.99120330810547 8.149999618530273 20.00000762939453
  endloop
endfacet
facet normal 0.0 0.0 0.0
  outer loop
    vertex -52.99120330810547 8.149999618530273 20.00000762939453
    vertex -53.75379180908203 9.212562561035156 20.00000762939453
    vertex -54.54035186767578 7.800421237945557 20.00000762939453
  endloop
endfacet
facet normal 0.0 0.0 0.0
  outer loop
    vertex -52.99120330810547 8.149999618530273 20.00000762939453
    vertex -54.54035186767578 7.800421237945557 20.00000762939453
    vertex -53.701995849609375 6.771264553070068 20.00000762939453
  endloop
endfacet
facet normal 0.0 0.0 0.0
  outer loop
    vertex -53.701995849609375 6.771264553070068 20.00000762939453
    vertex -54.54035186767578 7.800421237945557 20.00000762939453
    vertex -55.193260192871094 6.3217291831970215 20.00000762939453
  endloop
endfacet
facet normal 0.0 0.0 0.0
  outer loop
    vertex -53.701995849609375 6.771264553070068 20.00000762939453
    vertex -55.193260192871094 6.3217291831970215 20.00000762939453
    vertex -54.27850341796875 5.331207752227783 20.00000762939453
  endloop
endfacet
facet normal 0.0 0.0 0.0
  outer loop
    vertex -54.27850341796875 5.331207752227783 20.00000762939453
    vertex -55.193260192871094 6.3217291831970215 20.00000762939453
    vertex -55.706939697265625 4.789102554321289 20.00000762939453
  endloop
endfacet
facet normal 0.0 0.0 0.0
  outer loop
    vertex -54.27850341796875 5.331207752227783 20.00000762939453
    vertex -55.706939697265625 4.789102554321289 20.00000762939453
    vertex -54.71552276611328 3.8428707122802734 20.00000762939453
  endloop
endfacet
facet normal 0.0 0.0 0.0
  outer loop
    vertex -54.71552276611328 3.8428707122802734 20.00000762939453
    vertex -55.706939697265625 4.789102554321289 20.00000762939453
    vertex -56.07701873779297 3.215616464614868 20.00000762939453
  endloop
endfacet
facet normal 0.0 0.0 0.0
  outer loop
    vertex -54.71552276611328 3.8428707122802734 20.00000762939453
    vertex -56.07701873779297 3.215616464614868 20.00000762939453
    vertex -55.00907897949219 2.3197319507598877 20.00000762939453
  endloop
endfacet
facet normal 0.0 0.0 0.0
  outer loop
    vertex -55.00907897949219 2.3197319507598877 20.00000762939453
    vertex -56.07701873779297 3.215616464614868 20.00000762939453
    vertex -56.30033874511719 1.6146962642669678 20.00000762939453
  endloop
endfacet
facet normal 0.0 0.0 0.0
  outer loop
    vertex -55.00907897949219 2.3197319507598877 20.00000762939453
    vertex -56.30033874511719 1.6146962642669678 20.00000762939453
    vertex -55.156532287597656 0.7755852341651917 20.00000762939453
  endloop
endfacet
facet normal 0.0 0.0 0.0
  outer loop
    vertex -55.156532287597656 0.7755852341651917 20.00000762939453
    vertex -56.30033874511719 1.6146962642669678 20.00000762939453
    vertex -56.37499237060547 1.7090768006416046e-15 20.00000762939453
  endloop
endfacet
facet normal 0.0 0.0 0.0
  outer loop
    vertex -55.156532287597656 0.7755852341651917 20.00000762939453
    vertex -56.37499237060547 1.7090768006416046e-15 20.00000762939453
    vertex -55.156532287597656 -0.7755852341651917 20.00000762939453
  endloop
endfacet
facet normal 0.0 0.0 0.0
  outer loop
    vertex -55.156532287597656 -0.7755852341651917 20.00000762939453
    vertex -56.37499237060547 1.7090768006416046e-15 20.00000762939453
    vertex -56.30033874511719 -1.6146962642669678 20.00000762939453
  endloop
endfacet
facet normal 0.0 0.0 0.0
  outer loop
    vertex -55.156532287597656 -0.7755852341651917 20.00000762939453
    vertex -56.30033874511719 -1.6146962642669678 20.00000762939453
    vertex -55.00907897949219 -2.3197319507598877 20.00000762939453
  endloop
endfacet
facet normal 0.0 0.0 0.0
  outer loop
    vertex -55.00907897949219 -2.3197319507598877 20.00000762939453
    vertex -56.30033874511719 -1.6146962642669678 20.00000762939453
    vertex -56.07701873779297 -3.215616464614868 20.00000762939453
  endloop
endfacet
facet normal 0.0 0.0 0.0
  outer loop
    vertex -55.00907897949219 -2.3197319507598877 20.00000762939453
    vertex -56.07701873779297 -3.215616464614868 20.00000762939453
    vertex -54.71552276611328 -3.8428707122802734 20.00000762939453
  endloop
endfacet
facet normal 0.0 0.0 0.0
  outer loop
    vertex -54.71552276611328 -3.8428707122802734 20.00000762939453
    vertex -56.07701873779297 -3.215616464614868 20.00000762939453
    vertex -55.706939697265625 -4.789102554321289 20.00000762939453
  endloop
endfacet
facet normal 0.0 0.0 0.0
  outer loop
    vertex -54.71552276611328 -3.8428707122802734 20.00000762939453
    vertex -55.706939697265625 -4.789102554321289 20.00000762939453
    vertex -54.27850341796875 -5.331207752227783 20.00000762939453
  endloop
endfacet
facet normal 0.0 0.0 0.0
  outer loop
    vertex -54.27850341796875 -5.331207752227783 20.00000762939453
    vertex -55.706939697265625 -4.789102554321289 20.00000762939453
    vertex -55.193260192871094 -6.3217291831970215 20.00000762939453
  endloop
endfacet
facet normal 0.0 0.0 0.0
  outer loop
    vertex -54.27850341796875 -5.331207752227783 20.00000762939453
    vertex -55.193260192871094 -6.3217291831970215 20.00000762939453
    vertex -53.701995849609375 -6.771264553070068 20.00000762939453
  endloop
endfacet
facet normal 0.0 0.0 0.0
  outer loop
    vertex -53.701995849609375 -6.771264553070068 20.00000762939453
    vertex -55.193260192871094 -6.3217291831970215 20.00000762939453
    vertex -54.54035186767578 -7.800421237945557 20.00000762939453
  endloop
endfacet
facet normal 0.0 0.0 0.0
  outer loop
    vertex -53.701995849609375 -6.771264553070068 20.00000762939453
    vertex -54.54035186767578 -7.800421237945557 20.00000762939453
    vertex -52.99120330810547 -8.149999618530273 20.00000762939453
  endloop
endfacet
facet normal 0.0 0.0 0.0
  outer loop
    vertex -52.99120330810547 -8.149999618530273 20.00000762939453
    vertex -54.54035186767578 -7.800421237945557 20.00000762939453
    vertex -53.75379180908203 -9.212562561035156 20.00000762939453
  endloop
endfacet
facet normal 0.0 0.0 0.0
  outer loop
    vertex -52.99120330810547 -8.149999618530273 20.00000762939453
    vertex -53.75379180908203 -9.212562561035156 20.00000762939453
    vertex -52.15258026123047 -9.454927444458008 20.00000762939453
  endloop
endfacet
facet normal 0.0 0.0 0.0
  outer loop
    vertex -52.15258026123047 -9.454927444458008 20.00000762939453
    vertex -53.75379180908203 -9.212562561035156 20.00000762939453
    vertex -52.840293884277344 -10.546106338500977 20.00000762939453
  endloop
endfacet
facet normal 0.0 0.0 0.0
  outer loop
    vertex -52.15258026123047 -9.454927444458008 20.00000762939453
    vertex -52.840293884277344 -10.546106338500977 20.00000762939453
    vertex -51.19371032714844 -10.674229621887207 20.00000762939453
  endloop
endfacet
facet normal 0.0 0.0 0.0
  outer loop
    vertex -51.19371032714844 -10.674229621887207 20.00000762939453
    vertex -52.840293884277344 -10.546106338500977 20.00000762939453
    vertex -51.807647705078125 -11.789673805236816 20.00000762939453
  endloop
endfacet
facet normal 0.0 0.0 0.0
  outer loop
    vertex -51.19371032714844 -10.674229621887207 20.00000762939453
    vertex -51.807647705078125 -11.789673805236816 20.00000762939453
    vertex -50.12328338623047 -11.79686450958252 20.00000762939453
  endloop
endfacet
facet normal 0.0 0.0 0.0
  outer loop
    vertex -50.12328338623047 -11.79686450958252 20.00000762939453
    vertex -51.807647705078125 -11.789673805236816 20.00000762939453
    vertex -50.66466522216797 -12.932656288146973 20.00000762939453
  endloop
endfacet
facet normal 0.0 0.0 0.0
  outer loop
    vertex -50.12328338623047 -11.79686450958252 20.00000762939453
    vertex -50.66466522216797 -12.932656288146973 20.00000762939453
    vertex -48.95098114013672 -12.812664985656738 20.00000762939453
  endloop
endfacet
facet normal 0.0 0.0 0.0
  outer loop
    vertex -48.95098114013672 -12.812664985656738 20.00000762939453
    vertex -50.66466522216797 -12.932656288146973 20.00000762939453
    vertex -49.42109680175781 -13.965301513671875 20.00000762939453
  endloop
endfacet
facet normal 0.0 0.0 0.0
  outer loop
    vertex -48.95098114013672 -12.812664985656738 20.00000762939453
    vertex -49.42109680175781 -13.965301513671875 20.00000762939453
    vertex -47.687442779541016 -13.712432861328125 20.00000762939453
  endloop
endfacet
facet normal 0.0 0.0 0.0
  outer loop
    vertex -47.687442779541016 -13.712432861328125 20.00000762939453
    vertex -49.42109680175781 -13.965301513671875 20.00000762939453
    vertex -48.087554931640625 -14.878799438476562 20.00000762939453
  endloop
endfacet
facet normal 0.0 0.0 0.0
  outer loop
    vertex -47.687442779541016 -13.712432861328125 20.00000762939453
    vertex -48.087554931640625 -14.878799438476562 20.00000762939453
    vertex -46.34408950805664 -14.488018035888672 20.00000762939453
  endloop
endfacet
facet normal 0.0 0.0 0.0
  outer loop
    vertex -46.34408950805664 -14.488018035888672 20.00000762939453
    vertex -48.087554931640625 -14.878799438476562 20.00000762939453
    vertex -46.675418853759766 -15.66535758972168 20.00000762939453
  endloop
endfacet
facet normal 0.0 0.0 0.0
  outer loop
    vertex -46.34408950805664 -14.488018035888672 20.00000762939453
    vertex -46.675418853759766 -15.66535758972168 20.00000762939453
    vertex -44.9330940246582 -15.132397651672363 20.00000762939453
  endloop
endfacet
facet normal 0.0 0.0 0.0
  outer loop
    vertex -44.9330940246582 -15.132397651672363 20.00000762939453
    vertex -46.675418853759766 -15.66535758972168 20.00000762939453
    vertex -43.46723556518555 -15.639735221862793 20.00000762939453
  endloop
endfacet
facet normal 0.0 0.0 0.0
  outer loop
    vertex -43.46723556518555 -15.639735221862793 20.00000762939453
    vertex -46.675418853759766 -15.66535758972168 20.00000762939453
    vertex -45.19672775268555 -16.31826400756836 20.00000762939453
  endloop
endfacet
facet normal 0.0 0.0 0.0
  outer loop
    vertex -43.46723556518555 -15.639735221862793 20.00000762939453
    vertex -45.19672775268555 -16.31826400756836 20.00000762939453
    vertex -43.66409683227539 -16.83194923400879 20.00000762939453
  endloop
endfacet
facet normal 0.0 0.0 0.0
  outer loop
    vertex -43.46723556518555 -15.639735221862793 20.00000762939453
    vertex -43.66409683227539 -16.83194923400879 20.00000762939453
    vertex -41.95978927612305 -16.00543785095215 20.00000762939453
  endloop
endfacet
facet normal 0.0 0.0 0.0
  outer loop
    vertex -41.95978927612305 -16.00543785095215 20.00000762939453
    vertex -43.66409683227539 -16.83194923400879 20.00000762939453
    vertex -42.09061050415039 -17.202030181884766 20.00000762939453
  endloop
endfacet
facet normal 0.0 0.0 0.0
  outer loop
    vertex -41.95978927612305 -16.00543785095215 20.00000762939453
    vertex -42.09061050415039 -17.202030181884766 20.00000762939453
    vertex -40.42441177368164 -16.226192474365234 20.00000762939453
  endloop
endfacet
facet normal 0.0 0.0 0.0
  outer loop
    vertex -40.42441177368164 -16.226192474365234 20.00000762939453
    vertex -42.09061050415039 -17.202030181884766 20.00000762939453
    vertex -40.489688873291016 -17.42534828186035 20.00000762939453
  endloop
endfacet
facet normal 0.0 0.0 0.0
  outer loop
    vertex -40.42441177368164 -16.226192474365234 20.00000762939453
    vertex -40.489688873291016 -17.42534828186035 20.00000762939453
    vertex -38.874996185302734 -16.299999237060547 20.00000762939453
  endloop
endfacet
facet normal 0.0 0.0 0.0
  outer loop
    vertex -38.874996185302734 -16.299999237060547 20.00000762939453
    vertex -40.489688873291016 -17.42534828186035 20.00000762939453
    vertex -38.874996185302734 -17.5 20.00000762939453
  endloop
endfacet
facet normal 0.0 0.0 0.0
  outer loop
    vertex -38.874996185302734 -16.299999237060547 20.00000762939453
    vertex -38.874996185302734 -17.5 20.00000762939453
    vertex -12.19999885559082 -17.5 20.000003814697266
  endloop
endfacet
facet normal 0.0 0.0 0.0
  outer loop
    vertex -38.874996185302734 -16.299999237060547 20.00000762939453
    vertex -12.19999885559082 -17.5 20.000003814697266
    vertex -9.199999809265137 -17.5 20.000003814697266
  endloop
endfacet
facet normal 0.0 0.0 0.0
  outer loop
    vertex -9.199999809265137 -17.5 20.000003814697266
    vertex -12.19999885559082 -17.5 20.000003814697266
    vertex -11.941180229187012 -17.534074783325195 20.000003814697266
  endloop
endfacet
facet normal 0.0 0.0 0.0
  outer loop
    vertex -9.199999809265137 -17.5 20.000003814697266
    vertex -11.941180229187012 -17.534074783325195 20.000003814697266
    vertex -11.699999809265137 -17.633974075317383 20.000003814697266
  endloop
endfacet
facet normal 0.0 0.0 0.0
  outer loop
    vertex -11.699999809265137 -17.633974075317383 20.000003814697266
    vertex -11.492892265319824 -17.792892456054688 20.000003814697266
    vertex -9.199999809265137 -17.5 20.000003814697266
  endloop
endfacet
facet normal 0.0 0.0 0.0
  outer loop
    vertex -9.199999809265137 -17.5 20.000003814697266
    vertex -11.492892265319824 -17.792892456054688 20.000003814697266
    vertex -11.333971977233887 -18.0 20.000003814697266
  endloop
endfacet
facet normal 0.0 0.0 0.0
  outer loop
    vertex -9.199999809265137 -17.5 20.000003814697266
    vertex -11.333971977233887 -18.0 20.000003814697266
    vertex -11.2340726852417 -18.241180419921875 20.000003814697266
  endloop
endfacet
facet normal 0.0 0.0 0.0
  outer loop
    vertex -11.2340726852417 -18.241180419921875 20.000003814697266
    vertex -11.199999809265137 -18.5 20.000003814697266
    vertex -9.199999809265137 -17.5 20.000003814697266
  endloop
endfacet
facet normal 0.0 0.0 0.0
  outer loop
    vertex -9.199999809265137 -17.5 20.000003814697266
    vertex -11.199999809265137 -18.5 20.000003814697266
    vertex -9.199999809265137 -19.5 20.000003814697266
  endloop
endfacet
facet normal 0.0 0.0 0.0
  outer loop
    vertex -9.199999809265137 -19.5 20.000003814697266
    vertex -11.199999809265137 -18.5 20.000003814697266
    vertex -11.165923118591309 -18.758819580078125 20.000003814697266
  endloop
endfacet
facet normal 0.0 0.0 0.0
  outer loop
    vertex -9.199999809265137 -19.5 20.000003814697266
    vertex -11.165923118591309 -18.758819580078125 20.000003814697266
    vertex -11.066023826599121 -19.0 20.000003814697266
  endloop
endfacet
facet normal 0.0 0.0 0.0
  outer loop
    vertex -11.066023826599121 -19.0 20.000003814697266
    vertex -10.90710735321045 -19.207107543945312 20.000003814697266
    vertex -9.199999809265137 -19.5 20.000003814697266
  endloop
endfacet
facet normal 0.0 0.0 0.0
  outer loop
    vertex -9.199999809265137 -19.5 20.000003814697266
    vertex -10.90710735321045 -19.207107543945312 20.000003814697266
    vertex -10.699999809265137 -19.366025924682617 20.000003814697266
  endloop
endfacet
facet normal 0.0 0.0 0.0
  outer loop
    vertex -9.199999809265137 -19.5 20.000003814697266
    vertex -10.699999809265137 -19.366025924682617 20.000003814697266
    vertex -10.199999809265137 -19.5 20.000003814697266
  endloop
endfacet
facet normal 0.0 0.0 0.0
  outer loop
    vertex -10.199999809265137 -19.5 20.000003814697266
    vertex -10.699999809265137 -19.366025924682617 20.000003814697266
    vertex -10.458819389343262 -19.465925216674805 20.000003814697266
  endloop
endfacet
facet normal 0.0 0.0 0.0
  outer loop
    vertex -9.199999809265137 -17.5 20.000003814697266
    vertex 9.199999809265137 -17.5 20.000001907348633
    vertex -38.874996185302734 -16.299999237060547 20.00000762939453
  endloop
endfacet
facet normal 0.0 0.0 0.0
  outer loop
    vertex -14.118324279785156 -4.75 5.7220458984375e-06
    vertex -14.118324279785156 -4.75 1.0000057220458984
    vertex -14.050174713134766 -5.267638206481934 5.7220458984375e-06
  endloop
endfacet
facet normal 0.0 0.0 0.0
  outer loop
    vertex -14.050174713134766 -5.267638206481934 5.7220458984375e-06
    vertex -14.118324279785156 -4.75 1.0000057220458984
    vertex -14.050174713134766 -5.267638206481934 1.0000057220458984
  endloop
endfacet
facet normal 0.0 0.0 0.0
  outer loop
    vertex -14.050174713134766 -5.267638206481934 5.7220458984375e-06
    vertex -14.050174713134766 -5.267638206481934 1.0000057220458984
    vertex -13.85037612915039 -5.75 5.7220458984375e-06
  endloop
endfacet
facet normal 0.0 0.0 0.0
  outer loop
    vertex -13.85037612915039 -5.75 5.7220458984375e-06
    vertex -14.050174713134766 -5.267638206481934 1.0000057220458984
    vertex -13.85037612915039 -5.75 1.0000057220458984
  endloop
endfacet
facet normal 0.0 0.0 0.0
  outer loop
    vertex -13.85037612915039 -5.75 5.7220458984375e-06
    vertex -13.85037612915039 -5.75 1.0000057220458984
    vertex -13.532539367675781 -6.16421365737915 5.7220458984375e-06
  endloop
endfacet
facet normal 0.0 0.0 0.0
  outer loop
    vertex -13.532539367675781 -6.16421365737915 5.7220458984375e-06
    vertex -13.85037612915039 -5.75 1.0000057220458984
    vertex -13.532539367675781 -6.16421365737915 1.0000057220458984
  endloop
endfacet
facet normal 0.0 0.0 0.0
  outer loop
    vertex -13.532539367675781 -6.16421365737915 5.7220458984375e-06
    vertex -13.532539367675781 -6.16421365737915 1.0000057220458984
    vertex -13.118324279785156 -6.482050895690918 5.7220458984375e-06
  endloop
endfacet
facet normal 0.0 0.0 0.0
  outer loop
    vertex -13.118324279785156 -6.482050895690918 5.7220458984375e-06
    vertex -13.532539367675781 -6.16421365737915 1.0000057220458984
    vertex -13.118324279785156 -6.482050895690918 1.0000057220458984
  endloop
endfacet
facet normal 0.0 0.0 0.0
  outer loop
    vertex -13.118324279785156 -6.482050895690918 5.7220458984375e-06
    vertex -13.118324279785156 -6.482050895690918 1.0000057220458984
    vertex -12.635963439941406 -6.681851863861084 5.7220458984375e-06
  endloop
endfacet
facet normal 0.0 0.0 0.0
  outer loop
    vertex -12.635963439941406 -6.681851863861084 5.7220458984375e-06
    vertex -13.118324279785156 -6.482050895690918 1.0000057220458984
    vertex -12.635963439941406 -6.681851863861084 1.0000057220458984
  endloop
endfacet
facet normal 0.0 0.0 0.0
  outer loop
    vertex -12.635963439941406 -6.681851863861084 5.7220458984375e-06
    vertex -12.635963439941406 -6.681851863861084 1.0000057220458984
    vertex -12.118324279785156 -6.75 5.7220458984375e-06
  endloop
endfacet
facet normal 0.0 0.0 0.0
  outer loop
    vertex -12.118324279785156 -6.75 5.7220458984375e-06
    vertex -12.635963439941406 -6.681851863861084 1.0000057220458984
    vertex -12.118324279785156 -6.75 1.0000057220458984
  endloop
endfacet
facet normal 0.0 0.0 0.0
  outer loop
    vertex -12.118324279785156 -6.75 1.0000057220458984
    vertex 9.87499713897705 -6.75 1.0000038146972656
    vertex -12.118324279785156 -6.75 5.7220458984375e-06
  endloop
endfacet
facet normal 0.0 0.0 0.0
  outer loop
    vertex -12.118324279785156 -6.75 5.7220458984375e-06
    vertex 9.87499713897705 -6.75 1.0000038146972656
    vertex 9.87499713897705 -6.75 3.814697265625e-06
  endloop
endfacet
facet normal 0.0 0.0 0.0
  outer loop
    vertex -12.118324279785156 6.75 5.7220458984375e-06
    vertex -12.118324279785156 6.75 1.0000057220458984
    vertex -12.635963439941406 6.681851863861084 5.7220458984375e-06
  endloop
endfacet
facet normal 0.0 0.0 0.0
  outer loop
    vertex -12.635963439941406 6.681851863861084 5.7220458984375e-06
    vertex -12.118324279785156 6.75 1.0000057220458984
    vertex -12.635963439941406 6.681851863861084 1.0000057220458984
  endloop
endfacet
facet normal 0.0 0.0 0.0
  outer loop
    vertex -12.635963439941406 6.681851863861084 5.7220458984375e-06
    vertex -12.635963439941406 6.681851863861084 1.0000057220458984
    vertex -13.118324279785156 6.482050895690918 5.7220458984375e-06
  endloop
endfacet
facet normal 0.0 0.0 0.0
  outer loop
    vertex -13.118324279785156 6.482050895690918 5.7220458984375e-06
    vertex -12.635963439941406 6.681851863861084 1.0000057220458984
    vertex -13.118324279785156 6.482050895690918 1.0000057220458984
  endloop
endfacet
facet normal 0.0 0.0 0.0
  outer loop
    vertex -13.118324279785156 6.482050895690918 5.7220458984375e-06
    vertex -13.118324279785156 6.482050895690918 1.0000057220458984
    vertex -13.532539367675781 6.16421365737915 5.7220458984375e-06
  endloop
endfacet
facet normal 0.0 0.0 0.0
  outer loop
    vertex -13.532539367675781 6.16421365737915 5.7220458984375e-06
    vertex -13.118324279785156 6.482050895690918 1.0000057220458984
    vertex -13.532539367675781 6.16421365737915 1.0000057220458984
  endloop
endfacet
facet normal 0.0 0.0 0.0
  outer loop
    vertex -13.532539367675781 6.16421365737915 5.7220458984375e-06
    vertex -13.532539367675781 6.16421365737915 1.0000057220458984
    vertex -13.85037612915039 5.75 5.7220458984375e-06
  endloop
endfacet
facet normal 0.0 0.0 0.0
  outer loop
    vertex -13.85037612915039 5.75 5.7220458984375e-06
    vertex -13.532539367675781 6.16421365737915 1.0000057220458984
    vertex -13.85037612915039 5.75 1.0000057220458984
  endloop
endfacet
facet normal 0.0 0.0 0.0
  outer loop
    vertex -13.85037612915039 5.75 5.7220458984375e-06
    vertex -13.85037612915039 5.75 1.0000057220458984
    vertex -14.050174713134766 5.267638206481934 5.7220458984375e-06
  endloop
endfacet
facet normal 0.0 0.0 0.0
  outer loop
    vertex -14.050174713134766 5.267638206481934 5.7220458984375e-06
    vertex -13.85037612915039 5.75 1.0000057220458984
    vertex -14.050174713134766 5.267638206481934 1.0000057220458984
  endloop
endfacet
facet normal 0.0 0.0 0.0
  outer loop
    vertex -14.050174713134766 5.267638206481934 5.7220458984375e-06
    vertex -14.050174713134766 5.267638206481934 1.0000057220458984
    vertex -14.118324279785156 4.75 5.7220458984375e-06
  endloop
endfacet
facet normal 0.0 0.0 0.0
  outer loop
    vertex -14.118324279785156 4.75 5.7220458984375e-06
    vertex -14.050174713134766 5.267638206481934 1.0000057220458984
    vertex -14.118324279785156 4.75 1.0000057220458984
  endloop
endfacet
facet normal 0.0 0.0 0.0
  outer loop
    vertex -14.118324279785156 -4.75 5.7220458984375e-06
    vertex -14.118324279785156 4.75 5.7220458984375e-06
    vertex -14.118324279785156 -4.75 1.0000057220458984
  endloop
endfacet
facet normal 0.0 0.0 0.0
  outer loop
    vertex -14.118324279785156 -4.75 1.0000057220458984
    vertex -14.118324279785156 4.75 5.7220458984375e-06
    vertex -14.118324279785156 4.75 1.0000057220458984
  endloop
endfacet
facet normal 0.0 0.0 0.0
  outer loop
    vertex -7.901741981506348 6.75 5.7220458984375e-06
    vertex -7.413113594055176 6.81060791015625 5.7220458984375e-06
    vertex -7.901741981506348 6.75 1.0000057220458984
  endloop
endfacet
facet normal 0.0 0.0 0.0
  outer loop
    vertex -7.901741981506348 6.75 1.0000057220458984
    vertex -7.413113594055176 6.81060791015625 5.7220458984375e-06
    vertex -7.413113594055176 6.81060791015625 1.0000057220458984
  endloop
endfacet
facet normal 0.0 0.0 0.0
  outer loop
    vertex -7.413113594055176 6.81060791015625 1.0000057220458984
    vertex -7.413113594055176 6.81060791015625 5.7220458984375e-06
    vertex -6.954098701477051 6.988758563995361 5.7220458984375e-06
  endloop
endfacet
facet normal 0.0 0.0 0.0
  outer loop
    vertex -7.413113594055176 6.81060791015625 1.0000057220458984
    vertex -6.954098701477051 6.988758563995361 5.7220458984375e-06
    vertex -6.954098701477051 6.988758563995361 1.0000057220458984
  endloop
endfacet
facet normal 0.0 0.0 0.0
  outer loop
    vertex -6.954098701477051 6.988758563995361 1.0000057220458984
    vertex -6.954098701477051 6.988758563995361 5.7220458984375e-06
    vertex -6.552517890930176 7.273653984069824 5.7220458984375e-06
  endloop
endfacet
facet normal 0.0 0.0 0.0
  outer loop
    vertex -6.954098701477051 6.988758563995361 1.0000057220458984
    vertex -6.552517890930176 7.273653984069824 5.7220458984375e-06
    vertex -6.552517890930176 7.273653984069824 1.0000057220458984
  endloop
endfacet
facet normal 0.0 0.0 0.0
  outer loop
    vertex -6.552517890930176 7.273653984069824 1.0000057220458984
    vertex -6.552517890930176 7.273653984069824 5.7220458984375e-06
    vertex -6.232712745666504 7.6480278968811035 5.7220458984375e-06
  endloop
endfacet
facet normal 0.0 0.0 0.0
  outer loop
    vertex -6.552517890930176 7.273653984069824 1.0000057220458984
    vertex -6.232712745666504 7.6480278968811035 5.7220458984375e-06
    vertex -6.232712745666504 7.6480278968811035 1.0000057220458984
  endloop
endfacet
facet normal 0.0 0.0 0.0
  outer loop
    vertex -6.232712745666504 7.6480278968811035 1.0000057220458984
    vertex -6.232712745666504 7.6480278968811035 5.7220458984375e-06
    vertex -6.01406192779541 8.089190483093262 5.7220458984375e-06
  endloop
endfacet
facet normal 0.0 0.0 0.0
  outer loop
    vertex -6.232712745666504 7.6480278968811035 1.0000057220458984
    vertex -6.01406192779541 8.089190483093262 5.7220458984375e-06
    vertex -6.01406192779541 8.089190483093262 1.0000057220458984
  endloop
endfacet
facet normal 0.0 0.0 0.0
  outer loop
    vertex -6.01406192779541 8.089190483093262 1.0000057220458984
    vertex -6.01406192779541 8.089190483093262 5.7220458984375e-06
    vertex -5.9098219871521 8.570402145385742 5.7220458984375e-06
  endloop
endfacet
facet normal 0.0 0.0 0.0
  outer loop
    vertex -6.01406192779541 8.089190483093262 1.0000057220458984
    vertex -5.9098219871521 8.570402145385742 5.7220458984375e-06
    vertex -5.9098219871521 8.570402145385742 1.0000057220458984
  endloop
endfacet
facet normal 0.0 0.0 0.0
  outer loop
    vertex -5.9098219871521 8.570402145385742 1.0000057220458984
    vertex -5.9098219871521 8.570402145385742 5.7220458984375e-06
    vertex -5.926305294036865 9.0625 5.7220458984375e-06
  endloop
endfacet
facet normal 0.0 0.0 0.0
  outer loop
    vertex -5.9098219871521 8.570402145385742 1.0000057220458984
    vertex -5.926305294036865 9.0625 5.7220458984375e-06
    vertex -5.926305294036865 9.0625 1.0000057220458984
  endloop
endfacet
facet normal 0.0 0.0 0.0
  outer loop
    vertex -5.926305294036865 9.0625 1.0000057220458984
    vertex -5.926305294036865 9.0625 5.7220458984375e-06
    vertex -6.000000953674316 10.001018524169922 1.0000057220458984
  endloop
endfacet
facet normal 0.0 0.0 0.0
  outer loop
    vertex -6.000000953674316 10.001018524169922 1.0000057220458984
    vertex -5.926305294036865 9.0625 5.7220458984375e-06
    vertex -6.000000953674316 10.001018524169922 5.7220458984375e-06
  endloop
endfacet
facet normal 0.0 0.0 0.0
  outer loop
    vertex -6.000000953674316 10.001018524169922 1.0000057220458984
    vertex -6.000000953674316 10.001018524169922 5.7220458984375e-06
    vertex -5.925988674163818 10.939512252807617 1.0000057220458984
  endloop
endfacet
facet normal 0.0 0.0 0.0
  outer loop
    vertex -5.925988674163818 10.939512252807617 1.0000057220458984
    vertex -6.000000953674316 10.001018524169922 5.7220458984375e-06
    vertex -5.925988674163818 10.939512252807617 5.7220458984375e-06
  endloop
endfacet
facet normal 0.0 0.0 0.0
  outer loop
    vertex -5.925988674163818 10.939512252807617 1.0000057220458984
    vertex -5.925988674163818 10.939512252807617 5.7220458984375e-06
    vertex -5.706090450286865 11.854877471923828 1.0000057220458984
  endloop
endfacet
facet normal 0.0 0.0 0.0
  outer loop
    vertex -5.706090450286865 11.854877471923828 1.0000057220458984
    vertex -5.925988674163818 10.939512252807617 5.7220458984375e-06
    vertex -5.706090450286865 11.854877471923828 5.7220458984375e-06
  endloop
endfacet
facet normal 0.0 0.0 0.0
  outer loop
    vertex -5.706090450286865 11.854877471923828 1.0000057220458984
    vertex -5.706090450286865 11.854877471923828 5.7220458984375e-06
    vertex -5.3457159996032715 12.724577903747559 1.0000057220458984
  endloop
endfacet
facet normal 0.0 0.0 0.0
  outer loop
    vertex -5.3457159996032715 12.724577903747559 1.0000057220458984
    vertex -5.706090450286865 11.854877471923828 5.7220458984375e-06
    vertex -5.3457159996032715 12.724577903747559 5.7220458984375e-06
  endloop
endfacet
facet normal 0.0 0.0 0.0
  outer loop
    vertex -5.3457159996032715 12.724577903747559 1.0000057220458984
    vertex -5.3457159996032715 12.724577903747559 5.7220458984375e-06
    vertex -4.853745937347412 13.527206420898438 1.000004768371582
  endloop
endfacet
facet normal 0.0 0.0 0.0
  outer loop
    vertex -4.853745937347412 13.527206420898438 1.000004768371582
    vertex -5.3457159996032715 12.724577903747559 5.7220458984375e-06
    vertex -4.853745937347412 13.527206420898438 4.76837158203125e-06
  endloop
endfacet
facet normal 0.0 0.0 0.0
  outer loop
    vertex -4.853745937347412 13.527206420898438 1.000004768371582
    vertex -4.853745937347412 13.527206420898438 4.76837158203125e-06
    vertex -4.24228048324585 14.243000984191895 1.000004768371582
  endloop
endfacet
facet normal 0.0 0.0 0.0
  outer loop
    vertex -4.24228048324585 14.243000984191895 1.000004768371582
    vertex -4.853745937347412 13.527206420898438 4.76837158203125e-06
    vertex -4.24228048324585 14.243000984191895 4.76837158203125e-06
  endloop
endfacet
facet normal 0.0 0.0 0.0
  outer loop
    vertex -4.24228048324585 14.243000984191895 1.000004768371582
    vertex -4.24228048324585 14.243000984191895 4.76837158203125e-06
    vertex -3.526383876800537 14.854341506958008 1.000004768371582
  endloop
endfacet
facet normal 0.0 0.0 0.0
  outer loop
    vertex -3.526383876800537 14.854341506958008 1.000004768371582
    vertex -4.24228048324585 14.243000984191895 4.76837158203125e-06
    vertex -3.526383876800537 14.854341506958008 4.76837158203125e-06
  endloop
endfacet
facet normal 0.0 0.0 0.0
  outer loop
    vertex -3.526383876800537 14.854341506958008 1.000004768371582
    vertex -3.526383876800537 14.854341506958008 4.76837158203125e-06
    vertex -2.72367262840271 15.34617805480957 1.000004768371582
  endloop
endfacet
facet normal 0.0 0.0 0.0
  outer loop
    vertex -2.72367262840271 15.34617805480957 1.000004768371582
    vertex -3.526383876800537 14.854341506958008 4.76837158203125e-06
    vertex -2.72367262840271 15.34617805480957 4.76837158203125e-06
  endloop
endfacet
facet normal 0.0 0.0 0.0
  outer loop
    vertex -2.72367262840271 15.34617805480957 1.000004768371582
    vertex -2.72367262840271 15.34617805480957 4.76837158203125e-06
    vertex -1.8539100885391235 15.706401824951172 1.000004768371582
  endloop
endfacet
facet normal 0.0 0.0 0.0
  outer loop
    vertex -1.8539100885391235 15.706401824951172 1.000004768371582
    vertex -2.72367262840271 15.34617805480957 4.76837158203125e-06
    vertex -1.853910207748413 15.706401824951172 4.76837158203125e-06
  endloop
endfacet
facet normal 0.0 0.0 0.0
  outer loop
    vertex -1.8539100885391235 15.706401824951172 1.000004768371582
    vertex -1.853910207748413 15.706401824951172 4.76837158203125e-06
    vertex -0.9385088086128235 15.926145553588867 1.000004768371582
  endloop
endfacet
facet normal 0.0 0.0 0.0
  outer loop
    vertex -0.9385088086128235 15.926145553588867 1.000004768371582
    vertex -1.853910207748413 15.706401824951172 4.76837158203125e-06
    vertex -0.9385088682174683 15.926145553588867 4.76837158203125e-06
  endloop
endfacet
facet normal 0.0 0.0 0.0
  outer loop
    vertex -0.9385088086128235 15.926145553588867 1.000004768371582
    vertex -0.9385088682174683 15.926145553588867 4.76837158203125e-06
    vertex -1.8409823496767785e-06 16.0 1.000004768371582
  endloop
endfacet
facet normal 0.0 0.0 0.0
  outer loop
    vertex -1.8409823496767785e-06 16.0 1.000004768371582
    vertex -0.9385088682174683 15.926145553588867 4.76837158203125e-06
    vertex -1.93776895685005e-06 16.0 4.76837158203125e-06
  endloop
endfacet
facet normal 0.0 0.0 0.0
  outer loop
    vertex -1.8409823496767785e-06 16.0 1.000004768371582
    vertex -1.93776895685005e-06 16.0 4.76837158203125e-06
    vertex 0.9385051131248474 15.926145553588867 1.000004768371582
  endloop
endfacet
facet normal 0.0 0.0 0.0
  outer loop
    vertex 0.9385051131248474 15.926145553588867 1.000004768371582
    vertex -1.93776895685005e-06 16.0 4.76837158203125e-06
    vertex 0.9385050535202026 15.926145553588867 4.76837158203125e-06
  endloop
endfacet
facet normal 0.0 0.0 0.0
  outer loop
    vertex 0.9385051131248474 15.926145553588867 1.000004768371582
    vertex 0.9385050535202026 15.926145553588867 4.76837158203125e-06
    vertex 1.853906512260437 15.706401824951172 1.000004768371582
  endloop
endfacet
facet normal 0.0 0.0 0.0
  outer loop
    vertex 1.853906512260437 15.706401824951172 1.000004768371582
    vertex 0.9385050535202026 15.926145553588867 4.76837158203125e-06
    vertex 1.8539063930511475 15.706401824951172 4.76837158203125e-06
  endloop
endfacet
facet normal 0.0 0.0 0.0
  outer loop
    vertex 1.853906512260437 15.706401824951172 1.000004768371582
    vertex 1.8539063930511475 15.706401824951172 4.76837158203125e-06
    vertex 2.7236688137054443 15.34617805480957 1.000004768371582
  endloop
endfacet
facet normal 0.0 0.0 0.0
  outer loop
    vertex 2.7236688137054443 15.34617805480957 1.000004768371582
    vertex 1.8539063930511475 15.706401824951172 4.76837158203125e-06
    vertex 2.7236688137054443 15.34617805480957 4.76837158203125e-06
  endloop
endfacet
facet normal 0.0 0.0 0.0
  outer loop
    vertex 2.7236688137054443 15.34617805480957 1.000004768371582
    vertex 2.7236688137054443 15.34617805480957 4.76837158203125e-06
    vertex 3.5263800621032715 14.854341506958008 1.000004768371582
  endloop
endfacet
facet normal 0.0 0.0 0.0
  outer loop
    vertex 3.5263800621032715 14.854341506958008 1.000004768371582
    vertex 2.7236688137054443 15.34617805480957 4.76837158203125e-06
    vertex 3.5263800621032715 14.854341506958008 4.76837158203125e-06
  endloop
endfacet
facet normal 0.0 0.0 0.0
  outer loop
    vertex 3.5263800621032715 14.854341506958008 1.000004768371582
    vertex 3.5263800621032715 14.854341506958008 4.76837158203125e-06
    vertex 4.242276668548584 14.243000984191895 1.000004768371582
  endloop
endfacet
facet normal 0.0 0.0 0.0
  outer loop
    vertex 4.242276668548584 14.243000984191895 1.000004768371582
    vertex 3.5263800621032715 14.854341506958008 4.76837158203125e-06
    vertex 4.242276668548584 14.243000984191895 4.76837158203125e-06
  endloop
endfacet
facet normal 0.0 0.0 0.0
  outer loop
    vertex 4.242276668548584 14.243000984191895 1.000004768371582
    vertex 4.242276668548584 14.243000984191895 4.76837158203125e-06
    vertex 4.8537421226501465 13.527206420898438 1.000004768371582
  endloop
endfacet
facet normal 0.0 0.0 0.0
  outer loop
    vertex 4.8537421226501465 13.527206420898438 1.000004768371582
    vertex 4.242276668548584 14.243000984191895 4.76837158203125e-06
    vertex 4.8537421226501465 13.527206420898438 4.76837158203125e-06
  endloop
endfacet
facet normal 0.0 0.0 0.0
  outer loop
    vertex 4.8537421226501465 13.527206420898438 1.000004768371582
    vertex 4.8537421226501465 13.527206420898438 4.76837158203125e-06
    vertex 5.345712184906006 12.724577903747559 1.0000038146972656
  endloop
endfacet
facet normal 0.0 0.0 0.0
  outer loop
    vertex 5.345712184906006 12.724577903747559 1.0000038146972656
    vertex 4.8537421226501465 13.527206420898438 4.76837158203125e-06
    vertex 5.345712184906006 12.724577903747559 3.814697265625e-06
  endloop
endfacet
facet normal 0.0 0.0 0.0
  outer loop
    vertex 5.345712184906006 12.724577903747559 1.0000038146972656
    vertex 5.345712184906006 12.724577903747559 3.814697265625e-06
    vertex 5.7060866355896 11.854877471923828 1.0000038146972656
  endloop
endfacet
facet normal 0.0 0.0 0.0
  outer loop
    vertex 5.7060866355896 11.854877471923828 1.0000038146972656
    vertex 5.345712184906006 12.724577903747559 3.814697265625e-06
    vertex 5.7060866355896 11.854877471923828 3.814697265625e-06
  endloop
endfacet
facet normal 0.0 0.0 0.0
  outer loop
    vertex 5.7060866355896 11.854877471923828 1.0000038146972656
    vertex 5.7060866355896 11.854877471923828 3.814697265625e-06
    vertex 5.925984859466553 10.939512252807617 1.0000038146972656
  endloop
endfacet
facet normal 0.0 0.0 0.0
  outer loop
    vertex 5.925984859466553 10.939512252807617 1.0000038146972656
    vertex 5.7060866355896 11.854877471923828 3.814697265625e-06
    vertex 5.925984859466553 10.939512252807617 3.814697265625e-06
  endloop
endfacet
facet normal 0.0 0.0 0.0
  outer loop
    vertex 5.925984859466553 10.939512252807617 1.0000038146972656
    vertex 5.925984859466553 10.939512252807617 3.814697265625e-06
    vertex 5.999997138977051 10.001018524169922 1.0000038146972656
  endloop
endfacet
facet normal 0.0 0.0 0.0
  outer loop
    vertex 5.999997138977051 10.001018524169922 1.0000038146972656
    vertex 5.925984859466553 10.939512252807617 3.814697265625e-06
    vertex 5.999997138977051 10.001018524169922 3.814697265625e-06
  endloop
endfacet
facet normal 0.0 0.0 0.0
  outer loop
    vertex 5.999997138977051 10.001018524169922 1.0000038146972656
    vertex 5.999997138977051 10.001018524169922 3.814697265625e-06
    vertex 5.9263014793396 9.0625 3.814697265625e-06
  endloop
endfacet
facet normal 0.0 0.0 0.0
  outer loop
    vertex 5.9263014793396 9.0625 3.814697265625e-06
    vertex 5.9263014793396 9.0625 1.0000038146972656
    vertex 5.999997138977051 10.001018524169922 1.0000038146972656
  endloop
endfacet
facet normal 0.0 0.0 0.0
  outer loop
    vertex 5.9263014793396 9.0625 3.814697265625e-06
    vertex 5.909818172454834 8.570402145385742 3.814697265625e-06
    vertex 5.9263014793396 9.0625 1.0000038146972656
  endloop
endfacet
facet normal 0.0 0.0 0.0
  outer loop
    vertex 5.9263014793396 9.0625 1.0000038146972656
    vertex 5.909818172454834 8.570402145385742 3.814697265625e-06
    vertex 5.909818172454834 8.570402145385742 1.0000038146972656
  endloop
endfacet
facet normal 0.0 0.0 0.0
  outer loop
    vertex 5.909818172454834 8.570402145385742 1.0000038146972656
    vertex 5.909818172454834 8.570402145385742 3.814697265625e-06
    vertex 6.0140581130981445 8.089190483093262 3.814697265625e-06
  endloop
endfacet
facet normal 0.0 0.0 0.0
  outer loop
    vertex 5.909818172454834 8.570402145385742 1.0000038146972656
    vertex 6.0140581130981445 8.089190483093262 3.814697265625e-06
    vertex 6.0140581130981445 8.089190483093262 1.0000038146972656
  endloop
endfacet
facet normal 0.0 0.0 0.0
  outer loop
    vertex 6.0140581130981445 8.089190483093262 1.0000038146972656
    vertex 6.0140581130981445 8.089190483093262 3.814697265625e-06
    vertex 6.232708930969238 7.6480278968811035 3.814697265625e-06
  endloop
endfacet
facet normal 0.0 0.0 0.0
  outer loop
    vertex 6.0140581130981445 8.089190483093262 1.0000038146972656
    vertex 6.232708930969238 7.6480278968811035 3.814697265625e-06
    vertex 6.232708930969238 7.6480278968811035 1.0000038146972656
  endloop
endfacet
facet normal 0.0 0.0 0.0
  outer loop
    vertex 6.232708930969238 7.6480278968811035 1.0000038146972656
    vertex 6.232708930969238 7.6480278968811035 3.814697265625e-06
    vertex 6.55251407623291 7.273653984069824 3.814697265625e-06
  endloop
endfacet
facet normal 0.0 0.0 0.0
  outer loop
    vertex 6.232708930969238 7.6480278968811035 1.0000038146972656
    vertex 6.55251407623291 7.273653984069824 3.814697265625e-06
    vertex 6.55251407623291 7.273653984069824 1.0000038146972656
  endloop
endfacet
facet normal 0.0 0.0 0.0
  outer loop
    vertex 6.55251407623291 7.273653984069824 1.0000038146972656
    vertex 6.55251407623291 7.273653984069824 3.814697265625e-06
    vertex 6.954094886779785 6.988758563995361 3.814697265625e-06
  endloop
endfacet
facet normal 0.0 0.0 0.0
  outer loop
    vertex 6.55251407623291 7.273653984069824 1.0000038146972656
    vertex 6.954094886779785 6.988758563995361 3.814697265625e-06
    vertex 6.954094886779785 6.988758563995361 1.0000038146972656
  endloop
endfacet
facet normal 0.0 0.0 0.0
  outer loop
    vertex 6.954094886779785 6.988758563995361 1.0000038146972656
    vertex 6.954094886779785 6.988758563995361 3.814697265625e-06
    vertex 7.413107872009277 6.81060791015625 3.814697265625e-06
  endloop
endfacet
facet normal 0.0 0.0 0.0
  outer loop
    vertex 6.954094886779785 6.988758563995361 1.0000038146972656
    vertex 7.413107872009277 6.81060791015625 3.814697265625e-06
    vertex 7.413107872009277 6.81060791015625 1.0000038146972656
  endloop
endfacet
facet normal 0.0 0.0 0.0
  outer loop
    vertex 7.413107872009277 6.81060791015625 1.0000038146972656
    vertex 7.413107872009277 6.81060791015625 3.814697265625e-06
    vertex 7.901738166809082 6.75 3.814697265625e-06
  endloop
endfacet
facet normal 0.0 0.0 0.0
  outer loop
    vertex 7.413107872009277 6.81060791015625 1.0000038146972656
    vertex 7.901738166809082 6.75 3.814697265625e-06
    vertex 7.901738166809082 6.75 1.0000038146972656
  endloop
endfacet
facet normal 0.0 0.0 0.0
  outer loop
    vertex 9.87499713897705 -6.75 1.0000038146972656
    vertex 10.431300163269043 -6.687319755554199 1.0000038146972656
    vertex 9.87499713897705 -6.75 3.814697265625e-06
  endloop
endfacet
facet normal 0.0 0.0 0.0
  outer loop
    vertex 9.87499713897705 -6.75 3.814697265625e-06
    vertex 10.431300163269043 -6.687319755554199 1.0000038146972656
    vertex 10.431300163269043 -6.687319755554199 3.814697265625e-06
  endloop
endfacet
facet normal 0.0 0.0 0.0
  outer loop
    vertex 10.431300163269043 -6.687319755554199 3.814697265625e-06
    vertex 10.431300163269043 -6.687319755554199 1.0000038146972656
    vertex 10.95970630645752 -6.502422332763672 1.0000038146972656
  endloop
endfacet
facet normal 0.0 0.0 0.0
  outer loop
    vertex 10.431300163269043 -6.687319755554199 3.814697265625e-06
    vertex 10.95970630645752 -6.502422332763672 1.0000038146972656
    vertex 10.95970630645752 -6.502422332763672 3.814697265625e-06
  endloop
endfacet
facet normal 0.0 0.0 0.0
  outer loop
    vertex 10.95970630645752 -6.502422332763672 3.814697265625e-06
    vertex 10.95970630645752 -6.502422332763672 1.0000038146972656
    vertex 11.433722496032715 -6.204578876495361 1.0000038146972656
  endloop
endfacet
facet normal 0.0 0.0 0.0
  outer loop
    vertex 10.95970630645752 -6.502422332763672 3.814697265625e-06
    vertex 11.433722496032715 -6.204578876495361 1.0000038146972656
    vertex 11.433722496032715 -6.204578876495361 3.814697265625e-06
  endloop
endfacet
facet normal 0.0 0.0 0.0
  outer loop
    vertex 11.433722496032715 -6.204578876495361 3.814697265625e-06
    vertex 11.433722496032715 -6.204578876495361 1.0000038146972656
    vertex 11.829575538635254 -5.808724403381348 1.0000038146972656
  endloop
endfacet
facet normal 0.0 0.0 0.0
  outer loop
    vertex 11.433722496032715 -6.204578876495361 3.814697265625e-06
    vertex 11.829575538635254 -5.808724403381348 1.0000038146972656
    vertex 11.829575538635254 -5.808724403381348 3.814697265625e-06
  endloop
endfacet
facet normal 0.0 0.0 0.0
  outer loop
    vertex 11.829575538635254 -5.808724403381348 3.814697265625e-06
    vertex 11.829575538635254 -5.808724403381348 1.0000038146972656
    vertex 12.127418518066406 -5.334709167480469 1.0000038146972656
  endloop
endfacet
facet normal 0.0 0.0 0.0
  outer loop
    vertex 11.829575538635254 -5.808724403381348 3.814697265625e-06
    vertex 12.127418518066406 -5.334709167480469 1.0000038146972656
    vertex 12.127418518066406 -5.334709167480469 3.814697265625e-06
  endloop
endfacet
facet normal 0.0 0.0 0.0
  outer loop
    vertex 12.127418518066406 -5.334709167480469 3.814697265625e-06
    vertex 12.127418518066406 -5.334709167480469 1.0000038146972656
    vertex 12.31231689453125 -4.806302547454834 1.0000038146972656
  endloop
endfacet
facet normal 0.0 0.0 0.0
  outer loop
    vertex 12.127418518066406 -5.334709167480469 3.814697265625e-06
    vertex 12.31231689453125 -4.806302547454834 1.0000038146972656
    vertex 12.31231689453125 -4.806302547454834 3.814697265625e-06
  endloop
endfacet
facet normal 0.0 0.0 0.0
  outer loop
    vertex 12.31231689453125 -4.806302547454834 3.814697265625e-06
    vertex 12.31231689453125 -4.806302547454834 1.0000038146972656
    vertex 12.374996185302734 -4.25 3.814697265625e-06
  endloop
endfacet
facet normal 0.0 0.0 0.0
  outer loop
    vertex 12.374996185302734 -4.25 3.814697265625e-06
    vertex 12.31231689453125 -4.806302547454834 1.0000038146972656
    vertex 12.374996185302734 -4.25 1.0000038146972656
  endloop
endfacet
facet normal 0.0 0.0 0.0
  outer loop
    vertex 12.374996185302734 -4.25 1.0000038146972656
    vertex 12.374996185302734 4.25 1.0000038146972656
    vertex 12.374996185302734 -4.25 3.814697265625e-06
  endloop
endfacet
facet normal 0.0 0.0 0.0
  outer loop
    vertex 12.374996185302734 -4.25 3.814697265625e-06
    vertex 12.374996185302734 4.25 1.0000038146972656
    vertex 12.374996185302734 4.25 3.814697265625e-06
  endloop
endfacet
facet normal 0.0 0.0 0.0
  outer loop
    vertex 12.374996185302734 4.25 1.0000038146972656
    vertex 12.31231689453125 4.806302547454834 1.0000038146972656
    vertex 12.374996185302734 4.25 3.814697265625e-06
  endloop
endfacet
facet normal 0.0 0.0 0.0
  outer loop
    vertex 12.374996185302734 4.25 3.814697265625e-06
    vertex 12.31231689453125 4.806302547454834 1.0000038146972656
    vertex 12.31231689453125 4.806302547454834 3.814697265625e-06
  endloop
endfacet
facet normal 0.0 0.0 0.0
  outer loop
    vertex 12.31231689453125 4.806302547454834 3.814697265625e-06
    vertex 12.31231689453125 4.806302547454834 1.0000038146972656
    vertex 12.127418518066406 5.334709167480469 1.0000038146972656
  endloop
endfacet
facet normal 0.0 0.0 0.0
  outer loop
    vertex 12.31231689453125 4.806302547454834 3.814697265625e-06
    vertex 12.127418518066406 5.334709167480469 1.0000038146972656
    vertex 12.127418518066406 5.334709167480469 3.814697265625e-06
  endloop
endfacet
facet normal 0.0 0.0 0.0
  outer loop
    vertex 12.127418518066406 5.334709167480469 3.814697265625e-06
    vertex 12.127418518066406 5.334709167480469 1.0000038146972656
    vertex 11.829575538635254 5.808724403381348 1.0000038146972656
  endloop
endfacet
facet normal 0.0 0.0 0.0
  outer loop
    vertex 12.127418518066406 5.334709167480469 3.814697265625e-06
    vertex 11.829575538635254 5.808724403381348 1.0000038146972656
    vertex 11.829575538635254 5.808724403381348 3.814697265625e-06
  endloop
endfacet
facet normal 0.0 0.0 0.0
  outer loop
    vertex 11.829575538635254 5.808724403381348 3.814697265625e-06
    vertex 11.829575538635254 5.808724403381348 1.0000038146972656
    vertex 11.433722496032715 6.204578876495361 1.0000038146972656
  endloop
endfacet
facet normal 0.0 0.0 0.0
  outer loop
    vertex 11.829575538635254 5.808724403381348 3.814697265625e-06
    vertex 11.433722496032715 6.204578876495361 1.0000038146972656
    vertex 11.433722496032715 6.204578876495361 3.814697265625e-06
  endloop
endfacet
facet normal 0.0 0.0 0.0
  outer loop
    vertex 11.433722496032715 6.204578876495361 3.814697265625e-06
    vertex 11.433722496032715 6.204578876495361 1.0000038146972656
    vertex 10.95970630645752 6.502422332763672 1.0000038146972656
  endloop
endfacet
facet normal 0.0 0.0 0.0
  outer loop
    vertex 11.433722496032715 6.204578876495361 3.814697265625e-06
    vertex 10.95970630645752 6.502422332763672 1.0000038146972656
    vertex 10.95970630645752 6.502422332763672 3.814697265625e-06
  endloop
endfacet
facet normal 0.0 0.0 0.0
  outer loop
    vertex 10.95970630645752 6.502422332763672 3.814697265625e-06
    vertex 10.95970630645752 6.502422332763672 1.0000038146972656
    vertex 10.431300163269043 6.687319755554199 1.0000038146972656
  endloop
endfacet
facet normal 0.0 0.0 0.0
  outer loop
    vertex 10.95970630645752 6.502422332763672 3.814697265625e-06
    vertex 10.431300163269043 6.687319755554199 1.0000038146972656
    vertex 10.431300163269043 6.687319755554199 3.814697265625e-06
  endloop
endfacet
facet normal 0.0 0.0 0.0
  outer loop
    vertex 10.431300163269043 6.687319755554199 3.814697265625e-06
    vertex 10.431300163269043 6.687319755554199 1.0000038146972656
    vertex 9.87499713897705 6.75 3.814697265625e-06
  endloop
endfacet
facet normal 0.0 0.0 0.0
  outer loop
    vertex 9.87499713897705 6.75 3.814697265625e-06
    vertex 10.431300163269043 6.687319755554199 1.0000038146972656
    vertex 9.87499713897705 6.75 1.0000038146972656
  endloop
endfacet
facet normal 0.0 0.0 0.0
  outer loop
    vertex 7.901738166809082 6.75 3.814697265625e-06
    vertex 9.87499713897705 6.75 3.814697265625e-06
    vertex 7.901738166809082 6.75 1.0000038146972656
  endloop
endfacet
facet normal 0.0 0.0 0.0
  outer loop
    vertex 7.901738166809082 6.75 1.0000038146972656
    vertex 9.87499713897705 6.75 3.814697265625e-06
    vertex 9.87499713897705 6.75 1.0000038146972656
  endloop
endfacet
facet normal 0.0 0.0 0.0
  outer loop
    vertex -12.118324279785156 6.75 5.7220458984375e-06
    vertex -7.901741981506348 6.75 5.7220458984375e-06
    vertex -12.118324279785156 6.75 1.0000057220458984
  endloop
endfacet
facet normal 0.0 0.0 0.0
  outer loop
    vertex -12.118324279785156 6.75 1.0000057220458984
    vertex -7.901741981506348 6.75 5.7220458984375e-06
    vertex -7.901741981506348 6.75 1.0000057220458984
  endloop
endfacet
facet normal 0.0 0.0 0.0
  outer loop
    vertex -42.80270767211914 0.757004976272583 10.500007629394531
    vertex -42.80270767211914 0.757004976272583 1.0000085830688477
    vertex -42.874996185302734 1.4765216285718907e-16 10.500007629394531
  endloop
endfacet
facet normal 0.0 0.0 0.0
  outer loop
    vertex -42.874996185302734 1.4765216285718907e-16 10.500007629394531
    vertex -42.80270767211914 0.757004976272583 1.0000085830688477
    vertex -42.874996185302734 1.4765216285718907e-16 1.0000085830688477
  endloop
endfacet
facet normal 0.0 0.0 0.0
  outer loop
    vertex -42.874996185302734 1.4765216285718907e-16 10.500007629394531
    vertex -42.874996185302734 1.4765216285718907e-16 1.0000085830688477
    vertex -42.80270767211914 -0.757004976272583 10.500007629394531
  endloop
endfacet
facet normal 0.0 0.0 0.0
  outer loop
    vertex -42.80270767211914 -0.757004976272583 10.500007629394531
    vertex -42.874996185302734 1.4765216285718907e-16 1.0000085830688477
    vertex -42.80270767211914 -0.757004976272583 1.0000085830688477
  endloop
endfacet
facet normal 0.0 0.0 0.0
  outer loop
    vertex -42.80270767211914 -0.757004976272583 10.500007629394531
    vertex -42.80270767211914 -0.757004976272583 1.0000085830688477
    vertex -42.58846664428711 -1.4866498708724976 1.0000085830688477
  endloop
endfacet
facet normal 0.0 0.0 0.0
  outer loop
    vertex -42.80270767211914 0.757004976272583 10.500007629394531
    vertex -42.58846664428711 1.4866498708724976 10.500007629394531
    vertex -42.80270767211914 0.757004976272583 1.0000085830688477
  endloop
endfacet
facet normal 0.0 0.0 0.0
  outer loop
    vertex -42.80270767211914 0.757004976272583 1.0000085830688477
    vertex -42.58846664428711 1.4866498708724976 10.500007629394531
    vertex -42.58846664428711 1.4866498708724976 1.0000085830688477
  endloop
endfacet
facet normal 0.0 0.0 0.0
  outer loop
    vertex -42.58846664428711 1.4866498708724976 1.0000085830688477
    vertex -42.58846664428711 1.4866498708724976 10.500007629394531
    vertex -42.24000930786133 2.1625633239746094 10.500007629394531
  endloop
endfacet
facet normal 0.0 0.0 0.0
  outer loop
    vertex -42.58846664428711 1.4866498708724976 1.0000085830688477
    vertex -42.24000930786133 2.1625633239746094 10.500007629394531
    vertex -42.24000930786133 2.1625633239746094 1.0000085830688477
  endloop
endfacet
facet normal 0.0 0.0 0.0
  outer loop
    vertex -42.24000930786133 2.1625633239746094 1.0000085830688477
    vertex -42.24000930786133 2.1625633239746094 10.500007629394531
    vertex -41.76993179321289 2.7603161334991455 10.500007629394531
  endloop
endfacet
facet normal 0.0 0.0 0.0
  outer loop
    vertex -42.24000930786133 2.1625633239746094 1.0000085830688477
    vertex -41.76993179321289 2.7603161334991455 10.500007629394531
    vertex -41.76993179321289 2.7603161334991455 1.0000085830688477
  endloop
endfacet
facet normal 0.0 0.0 0.0
  outer loop
    vertex -41.76993179321289 2.7603161334991455 1.0000085830688477
    vertex -41.76993179321289 2.7603161334991455 10.500007629394531
    vertex -41.19522476196289 3.2583038806915283 10.500007629394531
  endloop
endfacet
facet normal 0.0 0.0 0.0
  outer loop
    vertex -41.76993179321289 2.7603161334991455 1.0000085830688477
    vertex -41.19522476196289 3.2583038806915283 10.500007629394531
    vertex -41.19522476196289 3.2583038806915283 1.0000085830688477
  endloop
endfacet
facet normal 0.0 0.0 0.0
  outer loop
    vertex -41.19522476196289 3.2583038806915283 1.0000085830688477
    vertex -41.19522476196289 3.2583038806915283 10.500007629394531
    vertex -40.53665542602539 3.6385278701782227 10.500007629394531
  endloop
endfacet
facet normal 0.0 0.0 0.0
  outer loop
    vertex -41.19522476196289 3.2583038806915283 1.0000085830688477
    vertex -40.53665542602539 3.6385278701782227 10.500007629394531
    vertex -40.53665542602539 3.6385278701782227 1.0000085830688477
  endloop
endfacet
facet normal 0.0 0.0 0.0
  outer loop
    vertex -40.53665542602539 3.6385278701782227 1.0000085830688477
    vertex -40.53665542602539 3.6385278701782227 10.500007629394531
    vertex -39.81803512573242 3.8872463703155518 10.500007629394531
  endloop
endfacet
facet normal 0.0 0.0 0.0
  outer loop
    vertex -40.53665542602539 3.6385278701782227 1.0000085830688477
    vertex -39.81803512573242 3.8872463703155518 10.500007629394531
    vertex -39.81803512573242 3.8872463703155518 1.0000085830688477
  endloop
endfacet
facet normal 0.0 0.0 0.0
  outer loop
    vertex -39.81803512573242 3.8872463703155518 1.0000085830688477
    vertex -39.81803512573242 3.8872463703155518 10.500007629394531
    vertex -39.06532669067383 3.995469331741333 10.500007629394531
  endloop
endfacet
facet normal 0.0 0.0 0.0
  outer loop
    vertex -39.81803512573242 3.8872463703155518 1.0000085830688477
    vertex -39.06532669067383 3.995469331741333 10.500007629394531
    vertex -39.06532669067383 3.995469331741333 1.0000085830688477
  endloop
endfacet
facet normal 0.0 0.0 0.0
  outer loop
    vertex -39.06532669067383 3.995469331741333 1.0000085830688477
    vertex -39.06532669067383 3.995469331741333 10.500007629394531
    vertex -38.30573654174805 3.9592857360839844 10.500007629394531
  endloop
endfacet
facet normal 0.0 0.0 0.0
  outer loop
    vertex -39.06532669067383 3.995469331741333 1.0000085830688477
    vertex -38.30573654174805 3.9592857360839844 10.500007629394531
    vertex -38.30573654174805 3.9592857360839844 1.0000085830688477
  endloop
endfacet
facet normal 0.0 0.0 0.0
  outer loop
    vertex -38.30573654174805 3.9592857360839844 1.0000085830688477
    vertex -38.30573654174805 3.9592857360839844 10.500007629394531
    vertex -37.56672286987305 3.780003309249878 10.500007629394531
  endloop
endfacet
facet normal 0.0 0.0 0.0
  outer loop
    vertex -38.30573654174805 3.9592857360839844 1.0000085830688477
    vertex -37.56672286987305 3.780003309249878 10.500007629394531
    vertex -37.56672286987305 3.780003309249878 1.0000085830688477
  endloop
endfacet
facet normal 0.0 0.0 0.0
  outer loop
    vertex -37.56672286987305 3.780003309249878 1.0000085830688477
    vertex -37.56672286987305 3.780003309249878 10.500007629394531
    vertex -36.874996185302734 3.464101552963257 10.500007629394531
  endloop
endfacet
facet normal 0.0 0.0 0.0
  outer loop
    vertex -37.56672286987305 3.780003309249878 1.0000085830688477
    vertex -36.874996185302734 3.464101552963257 10.500007629394531
    vertex -36.874996185302734 3.464101552963257 1.0000085830688477
  endloop
endfacet
facet normal 0.0 0.0 0.0
  outer loop
    vertex -36.874996185302734 3.464101552963257 1.0000085830688477
    vertex -36.874996185302734 3.464101552963257 10.500007629394531
    vertex -36.255550384521484 3.022998332977295 10.500007629394531
  endloop
endfacet
facet normal 0.0 0.0 0.0
  outer loop
    vertex -36.874996185302734 3.464101552963257 1.0000085830688477
    vertex -36.255550384521484 3.022998332977295 10.500007629394531
    vertex -36.255550384521484 3.022998332977295 1.0000085830688477
  endloop
endfacet
facet normal 0.0 0.0 0.0
  outer loop
    vertex -36.255550384521484 3.022998332977295 1.0000085830688477
    vertex -36.255550384521484 3.022998332977295 10.500007629394531
    vertex -35.73078536987305 2.4726359844207764 10.500007629394531
  endloop
endfacet
facet normal 0.0 0.0 0.0
  outer loop
    vertex -36.255550384521484 3.022998332977295 1.0000085830688477
    vertex -35.73078536987305 2.4726359844207764 10.500007629394531
    vertex -35.73078536987305 2.4726359844207764 1.0000085830688477
  endloop
endfacet
facet normal 0.0 0.0 0.0
  outer loop
    vertex -35.73078536987305 2.4726359844207764 1.0000085830688477
    vertex -35.73078536987305 2.4726359844207764 10.500007629394531
    vertex -35.31965255737305 1.8329061269760132 10.500007629394531
  endloop
endfacet
facet normal 0.0 0.0 0.0
  outer loop
    vertex -35.73078536987305 2.4726359844207764 1.0000085830688477
    vertex -35.31965255737305 1.8329061269760132 10.500007629394531
    vertex -35.31965255737305 1.8329061269760132 1.0000085830688477
  endloop
endfacet
facet normal 0.0 0.0 0.0
  outer loop
    vertex -35.31965255737305 1.8329061269760132 1.0000085830688477
    vertex -35.31965255737305 1.8329061269760132 10.500007629394531
    vertex -35.03702163696289 1.1269302368164062 10.500007629394531
  endloop
endfacet
facet normal 0.0 0.0 0.0
  outer loop
    vertex -35.31965255737305 1.8329061269760132 1.0000085830688477
    vertex -35.03702163696289 1.1269302368164062 10.500007629394531
    vertex -35.03702163696289 1.1269302368164062 1.0000085830688477
  endloop
endfacet
facet normal 0.0 0.0 0.0
  outer loop
    vertex -35.03702163696289 1.1269302368164062 1.0000085830688477
    vertex -35.03702163696289 1.1269302368164062 10.500007629394531
    vertex -34.89310836791992 0.38022416830062866 10.500007629394531
  endloop
endfacet
facet normal 0.0 0.0 0.0
  outer loop
    vertex -35.03702163696289 1.1269302368164062 1.0000085830688477
    vertex -34.89310836791992 0.38022416830062866 10.500007629394531
    vertex -34.89310836791992 0.38022416830062866 1.0000085830688477
  endloop
endfacet
facet normal 0.0 0.0 0.0
  outer loop
    vertex -34.89310836791992 0.38022416830062866 1.0000085830688477
    vertex -34.89310836791992 0.38022416830062866 10.500007629394531
    vertex -34.89310836791992 -0.38022416830062866 10.500007629394531
  endloop
endfacet
facet normal 0.0 0.0 0.0
  outer loop
    vertex -34.89310836791992 0.38022416830062866 1.0000085830688477
    vertex -34.89310836791992 -0.38022416830062866 10.500007629394531
    vertex -34.89310836791992 -0.38022416830062866 1.0000085830688477
  endloop
endfacet
facet normal 0.0 0.0 0.0
  outer loop
    vertex -34.89310836791992 -0.38022416830062866 1.0000085830688477
    vertex -34.89310836791992 -0.38022416830062866 10.500007629394531
    vertex -35.03702163696289 -1.1269302368164062 10.500007629394531
  endloop
endfacet
facet normal 0.0 0.0 0.0
  outer loop
    vertex -34.89310836791992 -0.38022416830062866 1.0000085830688477
    vertex -35.03702163696289 -1.1269302368164062 10.500007629394531
    vertex -35.03702163696289 -1.1269302368164062 1.0000085830688477
  endloop
endfacet
facet normal 0.0 0.0 0.0
  outer loop
    vertex -35.03702163696289 -1.1269302368164062 1.0000085830688477
    vertex -35.03702163696289 -1.1269302368164062 10.500007629394531
    vertex -35.31965255737305 -1.8329061269760132 10.500007629394531
  endloop
endfacet
facet normal 0.0 0.0 0.0
  outer loop
    vertex -35.03702163696289 -1.1269302368164062 1.0000085830688477
    vertex -35.31965255737305 -1.8329061269760132 10.500007629394531
    vertex -35.31965255737305 -1.8329061269760132 1.0000085830688477
  endloop
endfacet
facet normal 0.0 0.0 0.0
  outer loop
    vertex -35.31965255737305 -1.8329061269760132 1.0000085830688477
    vertex -35.31965255737305 -1.8329061269760132 10.500007629394531
    vertex -35.73078536987305 -2.4726359844207764 10.500007629394531
  endloop
endfacet
facet normal 0.0 0.0 0.0
  outer loop
    vertex -35.31965255737305 -1.8329061269760132 1.0000085830688477
    vertex -35.73078536987305 -2.4726359844207764 10.500007629394531
    vertex -35.73078536987305 -2.4726359844207764 1.0000085830688477
  endloop
endfacet
facet normal 0.0 0.0 0.0
  outer loop
    vertex -35.73078536987305 -2.4726359844207764 1.0000085830688477
    vertex -35.73078536987305 -2.4726359844207764 10.500007629394531
    vertex -36.255550384521484 -3.022998332977295 10.500007629394531
  endloop
endfacet
facet normal 0.0 0.0 0.0
  outer loop
    vertex -35.73078536987305 -2.4726359844207764 1.0000085830688477
    vertex -36.255550384521484 -3.022998332977295 10.500007629394531
    vertex -36.255550384521484 -3.022998332977295 1.0000085830688477
  endloop
endfacet
facet normal 0.0 0.0 0.0
  outer loop
    vertex -36.255550384521484 -3.022998332977295 1.0000085830688477
    vertex -36.255550384521484 -3.022998332977295 10.500007629394531
    vertex -36.874996185302734 -3.464101552963257 10.500007629394531
  endloop
endfacet
facet normal 0.0 0.0 0.0
  outer loop
    vertex -36.255550384521484 -3.022998332977295 1.0000085830688477
    vertex -36.874996185302734 -3.464101552963257 10.500007629394531
    vertex -36.874996185302734 -3.464101552963257 1.0000085830688477
  endloop
endfacet
facet normal 0.0 0.0 0.0
  outer loop
    vertex -36.874996185302734 -3.464101552963257 1.0000085830688477
    vertex -36.874996185302734 -3.464101552963257 10.500007629394531
    vertex -37.56672286987305 -3.780003309249878 10.500007629394531
  endloop
endfacet
facet normal 0.0 0.0 0.0
  outer loop
    vertex -36.874996185302734 -3.464101552963257 1.0000085830688477
    vertex -37.56672286987305 -3.780003309249878 10.500007629394531
    vertex -37.56672286987305 -3.780003309249878 1.0000085830688477
  endloop
endfacet
facet normal 0.0 0.0 0.0
  outer loop
    vertex -37.56672286987305 -3.780003309249878 1.0000085830688477
    vertex -37.56672286987305 -3.780003309249878 10.500007629394531
    vertex -38.30573654174805 -3.9592857360839844 10.500007629394531
  endloop
endfacet
facet normal 0.0 0.0 0.0
  outer loop
    vertex -37.56672286987305 -3.780003309249878 1.0000085830688477
    vertex -38.30573654174805 -3.9592857360839844 10.500007629394531
    vertex -38.30573654174805 -3.9592857360839844 1.0000085830688477
  endloop
endfacet
facet normal 0.0 0.0 0.0
  outer loop
    vertex -38.30573654174805 -3.9592857360839844 1.0000085830688477
    vertex -38.30573654174805 -3.9592857360839844 10.500007629394531
    vertex -39.06532669067383 -3.995469331741333 10.500007629394531
  endloop
endfacet
facet normal 0.0 0.0 0.0
  outer loop
    vertex -38.30573654174805 -3.9592857360839844 1.0000085830688477
    vertex -39.06532669067383 -3.995469331741333 10.500007629394531
    vertex -39.06532669067383 -3.995469331741333 1.0000085830688477
  endloop
endfacet
facet normal 0.0 0.0 0.0
  outer loop
    vertex -39.06532669067383 -3.995469331741333 1.0000085830688477
    vertex -39.06532669067383 -3.995469331741333 10.500007629394531
    vertex -39.81803512573242 -3.8872463703155518 10.500007629394531
  endloop
endfacet
facet normal 0.0 0.0 0.0
  outer loop
    vertex -39.06532669067383 -3.995469331741333 1.0000085830688477
    vertex -39.81803512573242 -3.8872463703155518 10.500007629394531
    vertex -39.81803512573242 -3.8872463703155518 1.0000085830688477
  endloop
endfacet
facet normal 0.0 0.0 0.0
  outer loop
    vertex -39.81803512573242 -3.8872463703155518 1.0000085830688477
    vertex -39.81803512573242 -3.8872463703155518 10.500007629394531
    vertex -40.53665542602539 -3.6385278701782227 10.500007629394531
  endloop
endfacet
facet normal 0.0 0.0 0.0
  outer loop
    vertex -39.81803512573242 -3.8872463703155518 1.0000085830688477
    vertex -40.53665542602539 -3.6385278701782227 10.500007629394531
    vertex -40.53665542602539 -3.6385278701782227 1.0000085830688477
  endloop
endfacet
facet normal 0.0 0.0 0.0
  outer loop
    vertex -40.53665542602539 -3.6385278701782227 1.0000085830688477
    vertex -40.53665542602539 -3.6385278701782227 10.500007629394531
    vertex -41.19522476196289 -3.2583038806915283 10.500007629394531
  endloop
endfacet
facet normal 0.0 0.0 0.0
  outer loop
    vertex -40.53665542602539 -3.6385278701782227 1.0000085830688477
    vertex -41.19522476196289 -3.2583038806915283 10.500007629394531
    vertex -41.19522476196289 -3.2583038806915283 1.0000085830688477
  endloop
endfacet
facet normal 0.0 0.0 0.0
  outer loop
    vertex -41.19522476196289 -3.2583038806915283 1.0000085830688477
    vertex -41.19522476196289 -3.2583038806915283 10.500007629394531
    vertex -41.76993179321289 -2.7603161334991455 10.500007629394531
  endloop
endfacet
facet normal 0.0 0.0 0.0
  outer loop
    vertex -41.19522476196289 -3.2583038806915283 1.0000085830688477
    vertex -41.76993179321289 -2.7603161334991455 10.500007629394531
    vertex -41.76993179321289 -2.7603161334991455 1.0000085830688477
  endloop
endfacet
facet normal 0.0 0.0 0.0
  outer loop
    vertex -41.76993179321289 -2.7603161334991455 1.0000085830688477
    vertex -41.76993179321289 -2.7603161334991455 10.500007629394531
    vertex -42.24000930786133 -2.1625633239746094 10.500007629394531
  endloop
endfacet
facet normal 0.0 0.0 0.0
  outer loop
    vertex -41.76993179321289 -2.7603161334991455 1.0000085830688477
    vertex -42.24000930786133 -2.1625633239746094 10.500007629394531
    vertex -42.24000930786133 -2.1625633239746094 1.0000085830688477
  endloop
endfacet
facet normal 0.0 0.0 0.0
  outer loop
    vertex -42.24000930786133 -2.1625633239746094 1.0000085830688477
    vertex -42.24000930786133 -2.1625633239746094 10.500007629394531
    vertex -42.58846664428711 -1.4866498708724976 10.500007629394531
  endloop
endfacet
facet normal 0.0 0.0 0.0
  outer loop
    vertex -42.24000930786133 -2.1625633239746094 1.0000085830688477
    vertex -42.58846664428711 -1.4866498708724976 10.500007629394531
    vertex -42.58846664428711 -1.4866498708724976 1.0000085830688477
  endloop
endfacet
facet normal 0.0 0.0 0.0
  outer loop
    vertex -42.58846664428711 -1.4866498708724976 1.0000085830688477
    vertex -42.58846664428711 -1.4866498708724976 10.500007629394531
    vertex -42.80270767211914 -0.757004976272583 10.500007629394531
  endloop
endfacet
facet normal 0.0 0.0 0.0
  outer loop
    vertex -40.32388687133789 0.38822856545448303 10.500007629394531
    vertex -42.80270767211914 0.757004976272583 10.500007629394531
    vertex -40.374996185302734 8.212079185441416e-16 10.500007629394531
  endloop
endfacet
facet normal 0.0 0.0 0.0
  outer loop
    vertex -40.374996185302734 8.212079185441416e-16 10.500007629394531
    vertex -42.80270767211914 0.757004976272583 10.500007629394531
    vertex -42.874996185302734 1.4765216285718907e-16 10.500007629394531
  endloop
endfacet
facet normal 0.0 0.0 0.0
  outer loop
    vertex -40.374996185302734 8.212079185441416e-16 10.500007629394531
    vertex -42.874996185302734 1.4765216285718907e-16 10.500007629394531
    vertex -42.80270767211914 -0.757004976272583 10.500007629394531
  endloop
endfacet
facet normal 0.0 0.0 0.0
  outer loop
    vertex -42.80270767211914 0.757004976272583 10.500007629394531
    vertex -40.32388687133789 0.38822856545448303 10.500007629394531
    vertex -42.58846664428711 1.4866498708724976 10.500007629394531
  endloop
endfacet
facet normal 0.0 0.0 0.0
  outer loop
    vertex -42.58846664428711 1.4866498708724976 10.500007629394531
    vertex -40.32388687133789 0.38822856545448303 10.500007629394531
    vertex -40.17403793334961 0.75 10.500007629394531
  endloop
endfacet
facet normal 0.0 0.0 0.0
  outer loop
    vertex -42.58846664428711 1.4866498708724976 10.500007629394531
    vertex -40.17403793334961 0.75 10.500007629394531
    vertex -42.24000930786133 2.1625633239746094 10.500007629394531
  endloop
endfacet
facet normal 0.0 0.0 0.0
  outer loop
    vertex -42.24000930786133 2.1625633239746094 10.500007629394531
    vertex -40.17403793334961 0.75 10.500007629394531
    vertex -39.9356575012207 1.0606601238250732 10.500007629394531
  endloop
endfacet
facet normal 0.0 0.0 0.0
  outer loop
    vertex -42.24000930786133 2.1625633239746094 10.500007629394531
    vertex -39.9356575012207 1.0606601238250732 10.500007629394531
    vertex -41.76993179321289 2.7603161334991455 10.500007629394531
  endloop
endfacet
facet normal 0.0 0.0 0.0
  outer loop
    vertex -41.76993179321289 2.7603161334991455 10.500007629394531
    vertex -39.9356575012207 1.0606601238250732 10.500007629394531
    vertex -41.19522476196289 3.2583038806915283 10.500007629394531
  endloop
endfacet
facet normal 0.0 0.0 0.0
  outer loop
    vertex -41.19522476196289 3.2583038806915283 10.500007629394531
    vertex -39.9356575012207 1.0606601238250732 10.500007629394531
    vertex -39.624996185302734 1.299038052558899 10.500007629394531
  endloop
endfacet
facet normal 0.0 0.0 0.0
  outer loop
    vertex -41.19522476196289 3.2583038806915283 10.500007629394531
    vertex -39.624996185302734 1.299038052558899 10.500007629394531
    vertex -40.53665542602539 3.6385278701782227 10.500007629394531
  endloop
endfacet
facet normal 0.0 0.0 0.0
  outer loop
    vertex -40.53665542602539 3.6385278701782227 10.500007629394531
    vertex -39.624996185302734 1.299038052558899 10.500007629394531
    vertex -39.26322555541992 1.4488887786865234 10.500007629394531
  endloop
endfacet
facet normal 0.0 0.0 0.0
  outer loop
    vertex -40.53665542602539 3.6385278701782227 10.500007629394531
    vertex -39.26322555541992 1.4488887786865234 10.500007629394531
    vertex -39.81803512573242 3.8872463703155518 10.500007629394531
  endloop
endfacet
facet normal 0.0 0.0 0.0
  outer loop
    vertex -39.81803512573242 3.8872463703155518 10.500007629394531
    vertex -39.26322555541992 1.4488887786865234 10.500007629394531
    vertex -39.06532669067383 3.995469331741333 10.500007629394531
  endloop
endfacet
facet normal 0.0 0.0 0.0
  outer loop
    vertex -39.06532669067383 3.995469331741333 10.500007629394531
    vertex -39.26322555541992 1.4488887786865234 10.500007629394531
    vertex -38.874996185302734 1.5 10.500007629394531
  endloop
endfacet
facet normal 0.0 0.0 0.0
  outer loop
    vertex -39.06532669067383 3.995469331741333 10.500007629394531
    vertex -38.874996185302734 1.5 10.500007629394531
    vertex -38.30573654174805 3.9592857360839844 10.500007629394531
  endloop
endfacet
facet normal 0.0 0.0 0.0
  outer loop
    vertex -38.30573654174805 3.9592857360839844 10.500007629394531
    vertex -38.874996185302734 1.5 10.500007629394531
    vertex -38.48676681518555 1.4488887786865234 10.500007629394531
  endloop
endfacet
facet normal 0.0 0.0 0.0
  outer loop
    vertex -38.30573654174805 3.9592857360839844 10.500007629394531
    vertex -38.48676681518555 1.4488887786865234 10.500007629394531
    vertex -37.56672286987305 3.780003309249878 10.500007629394531
  endloop
endfacet
facet normal 0.0 0.0 0.0
  outer loop
    vertex -37.56672286987305 3.780003309249878 10.500007629394531
    vertex -38.48676681518555 1.4488887786865234 10.500007629394531
    vertex -38.124996185302734 1.299038052558899 10.500007629394531
  endloop
endfacet
facet normal 0.0 0.0 0.0
  outer loop
    vertex -37.56672286987305 3.780003309249878 10.500007629394531
    vertex -38.124996185302734 1.299038052558899 10.500007629394531
    vertex -36.874996185302734 3.464101552963257 10.500007629394531
  endloop
endfacet
facet normal 0.0 0.0 0.0
  outer loop
    vertex -36.874996185302734 3.464101552963257 10.500007629394531
    vertex -38.124996185302734 1.299038052558899 10.500007629394531
    vertex -36.255550384521484 3.022998332977295 10.500007629394531
  endloop
endfacet
facet normal 0.0 0.0 0.0
  outer loop
    vertex -36.255550384521484 3.022998332977295 10.500007629394531
    vertex -38.124996185302734 1.299038052558899 10.500007629394531
    vertex -37.814334869384766 1.0606601238250732 10.500007629394531
  endloop
endfacet
facet normal 0.0 0.0 0.0
  outer loop
    vertex -36.255550384521484 3.022998332977295 10.500007629394531
    vertex -37.814334869384766 1.0606601238250732 10.500007629394531
    vertex -35.73078536987305 2.4726359844207764 10.500007629394531
  endloop
endfacet
facet normal 0.0 0.0 0.0
  outer loop
    vertex -35.73078536987305 2.4726359844207764 10.500007629394531
    vertex -37.814334869384766 1.0606601238250732 10.500007629394531
    vertex -37.57595443725586 0.75 10.500007629394531
  endloop
endfacet
facet normal 0.0 0.0 0.0
  outer loop
    vertex -35.73078536987305 2.4726359844207764 10.500007629394531
    vertex -37.57595443725586 0.75 10.500007629394531
    vertex -35.31965255737305 1.8329061269760132 10.500007629394531
  endloop
endfacet
facet normal 0.0 0.0 0.0
  outer loop
    vertex -35.31965255737305 1.8329061269760132 10.500007629394531
    vertex -37.57595443725586 0.75 10.500007629394531
    vertex -37.42610549926758 0.38822856545448303 10.500007629394531
  endloop
endfacet
facet normal 0.0 0.0 0.0
  outer loop
    vertex -35.31965255737305 1.8329061269760132 10.500007629394531
    vertex -37.42610549926758 0.38822856545448303 10.500007629394531
    vertex -35.03702163696289 1.1269302368164062 10.500007629394531
  endloop
endfacet
facet normal 0.0 0.0 0.0
  outer loop
    vertex -35.03702163696289 1.1269302368164062 10.500007629394531
    vertex -37.42610549926758 0.38822856545448303 10.500007629394531
    vertex -34.89310836791992 0.38022416830062866 10.500007629394531
  endloop
endfacet
facet normal 0.0 0.0 0.0
  outer loop
    vertex -34.89310836791992 0.38022416830062866 10.500007629394531
    vertex -37.42610549926758 0.38822856545448303 10.500007629394531
    vertex -37.374996185302734 6.375108774214766e-16 10.500007629394531
  endloop
endfacet
facet normal 0.0 0.0 0.0
  outer loop
    vertex -34.89310836791992 0.38022416830062866 10.500007629394531
    vertex -37.374996185302734 6.375108774214766e-16 10.500007629394531
    vertex -34.89310836791992 -0.38022416830062866 10.500007629394531
  endloop
endfacet
facet normal 0.0 0.0 0.0
  outer loop
    vertex -34.89310836791992 -0.38022416830062866 10.500007629394531
    vertex -37.374996185302734 6.375108774214766e-16 10.500007629394531
    vertex -37.42610549926758 -0.38822856545448303 10.500007629394531
  endloop
endfacet
facet normal 0.0 0.0 0.0
  outer loop
    vertex -34.89310836791992 -0.38022416830062866 10.500007629394531
    vertex -37.42610549926758 -0.38822856545448303 10.500007629394531
    vertex -35.03702163696289 -1.1269302368164062 10.500007629394531
  endloop
endfacet
facet normal 0.0 0.0 0.0
  outer loop
    vertex -35.03702163696289 -1.1269302368164062 10.500007629394531
    vertex -37.42610549926758 -0.38822856545448303 10.500007629394531
    vertex -35.31965255737305 -1.8329061269760132 10.500007629394531
  endloop
endfacet
facet normal 0.0 0.0 0.0
  outer loop
    vertex -35.31965255737305 -1.8329061269760132 10.500007629394531
    vertex -37.42610549926758 -0.38822856545448303 10.500007629394531
    vertex -37.57595443725586 -0.75 10.500007629394531
  endloop
endfacet
facet normal 0.0 0.0 0.0
  outer loop
    vertex -35.31965255737305 -1.8329061269760132 10.500007629394531
    vertex -37.57595443725586 -0.75 10.500007629394531
    vertex -35.73078536987305 -2.4726359844207764 10.500007629394531
  endloop
endfacet
facet normal 0.0 0.0 0.0
  outer loop
    vertex -35.73078536987305 -2.4726359844207764 10.500007629394531
    vertex -37.57595443725586 -0.75 10.500007629394531
    vertex -37.814334869384766 -1.0606601238250732 10.500007629394531
  endloop
endfacet
facet normal 0.0 0.0 0.0
  outer loop
    vertex -35.73078536987305 -2.4726359844207764 10.500007629394531
    vertex -37.814334869384766 -1.0606601238250732 10.500007629394531
    vertex -36.255550384521484 -3.022998332977295 10.500007629394531
  endloop
endfacet
facet normal 0.0 0.0 0.0
  outer loop
    vertex -36.255550384521484 -3.022998332977295 10.500007629394531
    vertex -37.814334869384766 -1.0606601238250732 10.500007629394531
    vertex -38.124996185302734 -1.299038052558899 10.500007629394531
  endloop
endfacet
facet normal 0.0 0.0 0.0
  outer loop
    vertex -36.255550384521484 -3.022998332977295 10.500007629394531
    vertex -38.124996185302734 -1.299038052558899 10.500007629394531
    vertex -36.874996185302734 -3.464101552963257 10.500007629394531
  endloop
endfacet
facet normal 0.0 0.0 0.0
  outer loop
    vertex -36.874996185302734 -3.464101552963257 10.500007629394531
    vertex -38.124996185302734 -1.299038052558899 10.500007629394531
    vertex -37.56672286987305 -3.780003309249878 10.500007629394531
  endloop
endfacet
facet normal 0.0 0.0 0.0
  outer loop
    vertex -37.56672286987305 -3.780003309249878 10.500007629394531
    vertex -38.124996185302734 -1.299038052558899 10.500007629394531
    vertex -38.48676681518555 -1.4488887786865234 10.500007629394531
  endloop
endfacet
facet normal 0.0 0.0 0.0
  outer loop
    vertex -37.56672286987305 -3.780003309249878 10.500007629394531
    vertex -38.48676681518555 -1.4488887786865234 10.500007629394531
    vertex -38.30573654174805 -3.9592857360839844 10.500007629394531
  endloop
endfacet
facet normal 0.0 0.0 0.0
  outer loop
    vertex -38.30573654174805 -3.9592857360839844 10.500007629394531
    vertex -38.48676681518555 -1.4488887786865234 10.500007629394531
    vertex -38.874996185302734 -1.5 10.500007629394531
  endloop
endfacet
facet normal 0.0 0.0 0.0
  outer loop
    vertex -38.30573654174805 -3.9592857360839844 10.500007629394531
    vertex -38.874996185302734 -1.5 10.500007629394531
    vertex -39.06532669067383 -3.995469331741333 10.500007629394531
  endloop
endfacet
facet normal 0.0 0.0 0.0
  outer loop
    vertex -39.06532669067383 -3.995469331741333 10.500007629394531
    vertex -38.874996185302734 -1.5 10.500007629394531
    vertex -39.26322555541992 -1.4488887786865234 10.500007629394531
  endloop
endfacet
facet normal 0.0 0.0 0.0
  outer loop
    vertex -39.06532669067383 -3.995469331741333 10.500007629394531
    vertex -39.26322555541992 -1.4488887786865234 10.500007629394531
    vertex -39.81803512573242 -3.8872463703155518 10.500007629394531
  endloop
endfacet
facet normal 0.0 0.0 0.0
  outer loop
    vertex -39.81803512573242 -3.8872463703155518 10.500007629394531
    vertex -39.26322555541992 -1.4488887786865234 10.500007629394531
    vertex -40.53665542602539 -3.6385278701782227 10.500007629394531
  endloop
endfacet
facet normal 0.0 0.0 0.0
  outer loop
    vertex -40.53665542602539 -3.6385278701782227 10.500007629394531
    vertex -39.26322555541992 -1.4488887786865234 10.500007629394531
    vertex -39.624996185302734 -1.299038052558899 10.500007629394531
  endloop
endfacet
facet normal 0.0 0.0 0.0
  outer loop
    vertex -40.53665542602539 -3.6385278701782227 10.500007629394531
    vertex -39.624996185302734 -1.299038052558899 10.500007629394531
    vertex -41.19522476196289 -3.2583038806915283 10.500007629394531
  endloop
endfacet
facet normal 0.0 0.0 0.0
  outer loop
    vertex -41.19522476196289 -3.2583038806915283 10.500007629394531
    vertex -39.624996185302734 -1.299038052558899 10.500007629394531
    vertex -39.9356575012207 -1.0606601238250732 10.500007629394531
  endloop
endfacet
facet normal 0.0 0.0 0.0
  outer loop
    vertex -41.19522476196289 -3.2583038806915283 10.500007629394531
    vertex -39.9356575012207 -1.0606601238250732 10.500007629394531
    vertex -41.76993179321289 -2.7603161334991455 10.500007629394531
  endloop
endfacet
facet normal 0.0 0.0 0.0
  outer loop
    vertex -41.76993179321289 -2.7603161334991455 10.500007629394531
    vertex -39.9356575012207 -1.0606601238250732 10.500007629394531
    vertex -42.24000930786133 -2.1625633239746094 10.500007629394531
  endloop
endfacet
facet normal 0.0 0.0 0.0
  outer loop
    vertex -42.24000930786133 -2.1625633239746094 10.500007629394531
    vertex -39.9356575012207 -1.0606601238250732 10.500007629394531
    vertex -40.17403793334961 -0.75 10.500007629394531
  endloop
endfacet
facet normal 0.0 0.0 0.0
  outer loop
    vertex -42.24000930786133 -2.1625633239746094 10.500007629394531
    vertex -40.17403793334961 -0.75 10.500007629394531
    vertex -42.58846664428711 -1.4866498708724976 10.500007629394531
  endloop
endfacet
facet normal 0.0 0.0 0.0
  outer loop
    vertex -42.58846664428711 -1.4866498708724976 10.500007629394531
    vertex -40.17403793334961 -0.75 10.500007629394531
    vertex -40.32388687133789 -0.38822856545448303 10.500007629394531
  endloop
endfacet
facet normal 0.0 0.0 0.0
  outer loop
    vertex -42.58846664428711 -1.4866498708724976 10.500007629394531
    vertex -40.32388687133789 -0.38822856545448303 10.500007629394531
    vertex -42.80270767211914 -0.757004976272583 10.500007629394531
  endloop
endfacet
facet normal 0.0 0.0 0.0
  outer loop
    vertex -42.80270767211914 -0.757004976272583 10.500007629394531
    vertex -40.32388687133789 -0.38822856545448303 10.500007629394531
    vertex -40.374996185302734 8.212079185441416e-16 10.500007629394531
  endloop
endfacet
facet normal 0.0 0.0 0.0
  outer loop
    vertex 51.87499237060547 7.25 6.999999046325684
    vertex 51.87499237060547 7.25 1.0
    vertex 51.80727767944336 8.110389709472656 6.999999046325684
  endloop
endfacet
facet normal 0.0 0.0 0.0
  outer loop
    vertex 51.80727767944336 8.110389709472656 6.999999046325684
    vertex 51.87499237060547 7.25 1.0
    vertex 51.80727767944336 8.110389709472656 1.0
  endloop
endfacet
facet normal 0.0 0.0 0.0
  outer loop
    vertex 51.80727767944336 8.110389709472656 6.999999046325684
    vertex 51.80727767944336 8.110389709472656 1.0
    vertex 51.605804443359375 8.949593544006348 1.0
  endloop
endfacet
facet normal 0.0 0.0 0.0
  outer loop
    vertex 51.80727767944336 8.110389709472656 6.999999046325684
    vertex 51.605804443359375 8.949593544006348 1.0
    vertex 51.605804443359375 8.949593544006348 6.999999046325684
  endloop
endfacet
facet normal 0.0 0.0 0.0
  outer loop
    vertex 51.605804443359375 8.949593544006348 6.999999046325684
    vertex 51.605804443359375 8.949593544006348 1.0
    vertex 51.27552795410156 9.746947288513184 1.0
  endloop
endfacet
facet normal 0.0 0.0 0.0
  outer loop
    vertex 51.605804443359375 8.949593544006348 6.999999046325684
    vertex 51.27552795410156 9.746947288513184 1.0
    vertex 51.27552795410156 9.746947288513184 6.999999046325684
  endloop
endfacet
facet normal 0.0 0.0 0.0
  outer loop
    vertex 51.27552795410156 9.746947288513184 6.999999046325684
    vertex 51.27552795410156 9.746947288513184 1.0
    vertex 50.8245849609375 10.482818603515625 1.0
  endloop
endfacet
facet normal 0.0 0.0 0.0
  outer loop
    vertex 51.27552795410156 9.746947288513184 6.999999046325684
    vertex 50.8245849609375 10.482818603515625 1.0
    vertex 50.8245849609375 10.482818603515625 6.999999046325684
  endloop
endfacet
facet normal 0.0 0.0 0.0
  outer loop
    vertex 50.8245849609375 10.482818603515625 6.999999046325684
    vertex 50.8245849609375 10.482818603515625 1.0
    vertex 50.26408004760742 11.139087677001953 1.0
  endloop
endfacet
facet normal 0.0 0.0 0.0
  outer loop
    vertex 50.8245849609375 10.482818603515625 6.999999046325684
    vertex 50.26408004760742 11.139087677001953 1.0
    vertex 50.26408004760742 11.139087677001953 6.999999523162842
  endloop
endfacet
facet normal 0.0 0.0 0.0
  outer loop
    vertex 50.26408004760742 11.139087677001953 6.999999523162842
    vertex 50.26408004760742 11.139087677001953 1.0
    vertex 49.607810974121094 11.699593544006348 1.0
  endloop
endfacet
facet normal 0.0 0.0 0.0
  outer loop
    vertex 50.26408004760742 11.139087677001953 6.999999523162842
    vertex 49.607810974121094 11.699593544006348 1.0
    vertex 49.607810974121094 11.699593544006348 6.999999523162842
  endloop
endfacet
facet normal 0.0 0.0 0.0
  outer loop
    vertex 49.607810974121094 11.699593544006348 6.999999523162842
    vertex 49.607810974121094 11.699593544006348 1.0
    vertex 48.87194061279297 12.150535583496094 1.0
  endloop
endfacet
facet normal 0.0 0.0 0.0
  outer loop
    vertex 49.607810974121094 11.699593544006348 6.999999523162842
    vertex 48.87194061279297 12.150535583496094 1.0
    vertex 48.87194061279297 12.150535583496094 6.999999523162842
  endloop
endfacet
facet normal 0.0 0.0 0.0
  outer loop
    vertex 48.87194061279297 12.150535583496094 6.999999523162842
    vertex 48.87194061279297 12.150535583496094 1.0
    vertex 48.0745849609375 12.48081111907959 1.0
  endloop
endfacet
facet normal 0.0 0.0 0.0
  outer loop
    vertex 48.87194061279297 12.150535583496094 6.999999523162842
    vertex 48.0745849609375 12.48081111907959 1.0
    vertex 48.0745849609375 12.48081111907959 6.999999523162842
  endloop
endfacet
facet normal 0.0 0.0 0.0
  outer loop
    vertex 48.0745849609375 12.48081111907959 6.999999523162842
    vertex 48.0745849609375 12.48081111907959 1.0
    vertex 47.23538589477539 12.682286262512207 1.0
  endloop
endfacet
facet normal 0.0 0.0 0.0
  outer loop
    vertex 48.0745849609375 12.48081111907959 6.999999523162842
    vertex 47.23538589477539 12.682286262512207 1.0
    vertex 47.23538589477539 12.682286262512207 7.0
  endloop
endfacet
facet normal 0.0 0.0 0.0
  outer loop
    vertex 47.23538589477539 12.682286262512207 7.0
    vertex 47.23538589477539 12.682286262512207 1.0
    vertex 46.374996185302734 12.75 1.0
  endloop
endfacet
facet normal 0.0 0.0 0.0
  outer loop
    vertex 47.23538589477539 12.682286262512207 7.0
    vertex 46.374996185302734 12.75 1.0
    vertex 46.374996185302734 12.75 7.0
  endloop
endfacet
facet normal 0.0 0.0 0.0
  outer loop
    vertex 46.374996185302734 12.75 1.0
    vertex 13.874996185302734 12.75 1.0000038146972656
    vertex 46.374996185302734 12.75 7.0
  endloop
endfacet
facet normal 0.0 0.0 0.0
  outer loop
    vertex 46.374996185302734 12.75 7.0
    vertex 13.874996185302734 12.75 1.0000038146972656
    vertex 13.87499713897705 12.75 7.000002861022949
  endloop
endfacet
facet normal 0.0 0.0 0.0
  outer loop
    vertex 13.874996185302734 12.75 1.0000038146972656
    vertex 13.874996185302734 11.75 1.0000038146972656
    vertex 13.87499713897705 12.75 7.000002861022949
  endloop
endfacet
facet normal 0.0 0.0 0.0
  outer loop
    vertex 13.87499713897705 12.75 7.000002861022949
    vertex 13.874996185302734 11.75 1.0000038146972656
    vertex 13.87499713897705 11.75 7.000002861022949
  endloop
endfacet
facet normal 0.0 0.0 0.0
  outer loop
    vertex 13.874996185302734 11.75 1.0000038146972656
    vertex 46.374996185302734 11.75 1.0
    vertex 13.87499713897705 11.75 7.000002861022949
  endloop
endfacet
facet normal 0.0 0.0 0.0
  outer loop
    vertex 13.87499713897705 11.75 7.000002861022949
    vertex 46.374996185302734 11.75 1.0
    vertex 46.374996185302734 11.75 7.0
  endloop
endfacet
facet normal 0.0 0.0 0.0
  outer loop
    vertex 46.374996185302734 11.75 1.0
    vertex 47.15641403198242 11.681634902954102 1.0
    vertex 46.374996185302734 11.75 7.0
  endloop
endfacet
facet normal 0.0 0.0 0.0
  outer loop
    vertex 46.374996185302734 11.75 7.0
    vertex 47.15641403198242 11.681634902954102 1.0
    vertex 47.15641403198242 11.681634902954102 7.0
  endloop
endfacet
facet normal 0.0 0.0 0.0
  outer loop
    vertex 47.15641403198242 11.681634902954102 7.0
    vertex 47.15641403198242 11.681634902954102 1.0
    vertex 47.91408920288086 11.478616714477539 1.0
  endloop
endfacet
facet normal 0.0 0.0 0.0
  outer loop
    vertex 47.15641403198242 11.681634902954102 7.0
    vertex 47.91408920288086 11.478616714477539 1.0
    vertex 47.91408920288086 11.478616714477539 7.0
  endloop
endfacet
facet normal 0.0 0.0 0.0
  outer loop
    vertex 47.91408920288086 11.478616714477539 7.0
    vertex 47.91408920288086 11.478616714477539 1.0
    vertex 48.62499237060547 11.147114753723145 1.0
  endloop
endfacet
facet normal 0.0 0.0 0.0
  outer loop
    vertex 47.91408920288086 11.478616714477539 7.0
    vertex 48.62499237060547 11.147114753723145 1.0
    vertex 48.62499237060547 11.147114753723145 6.999999523162842
  endloop
endfacet
facet normal 0.0 0.0 0.0
  outer loop
    vertex 48.62499237060547 11.147114753723145 6.999999523162842
    vertex 48.62499237060547 11.147114753723145 1.0
    vertex 49.26753616333008 10.697199821472168 1.0
  endloop
endfacet
facet normal 0.0 0.0 0.0
  outer loop
    vertex 48.62499237060547 11.147114753723145 6.999999523162842
    vertex 49.26753616333008 10.697199821472168 1.0
    vertex 49.26753616333008 10.697199821472168 6.999999523162842
  endloop
endfacet
facet normal 0.0 0.0 0.0
  outer loop
    vertex 49.26753616333008 10.697199821472168 6.999999523162842
    vertex 49.26753616333008 10.697199821472168 1.0
    vertex 49.82219314575195 10.14254379272461 1.0
  endloop
endfacet
facet normal 0.0 0.0 0.0
  outer loop
    vertex 49.26753616333008 10.697199821472168 6.999999523162842
    vertex 49.82219314575195 10.14254379272461 1.0
    vertex 49.82219314575195 10.14254379272461 6.999999523162842
  endloop
endfacet
facet normal 0.0 0.0 0.0
  outer loop
    vertex 49.82219314575195 10.14254379272461 6.999999523162842
    vertex 49.82219314575195 10.14254379272461 1.0
    vertex 50.2721061706543 9.5 1.0
  endloop
endfacet
facet normal 0.0 0.0 0.0
  outer loop
    vertex 49.82219314575195 10.14254379272461 6.999999523162842
    vertex 50.2721061706543 9.5 1.0
    vertex 50.2721061706543 9.5 6.999999523162842
  endloop
endfacet
facet normal 0.0 0.0 0.0
  outer loop
    vertex 50.2721061706543 9.5 6.999999523162842
    vertex 50.2721061706543 9.5 1.0
    vertex 50.603607177734375 8.789091110229492 1.0
  endloop
endfacet
facet normal 0.0 0.0 0.0
  outer loop
    vertex 50.2721061706543 9.5 6.999999523162842
    vertex 50.603607177734375 8.789091110229492 1.0
    vertex 50.603607177734375 8.789091110229492 6.999999046325684
  endloop
endfacet
facet normal 0.0 0.0 0.0
  outer loop
    vertex 50.603607177734375 8.789091110229492 6.999999046325684
    vertex 50.603607177734375 8.789091110229492 1.0
    vertex 50.80662536621094 8.031416893005371 1.0
  endloop
endfacet
facet normal 0.0 0.0 0.0
  outer loop
    vertex 50.603607177734375 8.789091110229492 6.999999046325684
    vertex 50.80662536621094 8.031416893005371 1.0
    vertex 50.80662536621094 8.031416893005371 6.999999046325684
  endloop
endfacet
facet normal 0.0 0.0 0.0
  outer loop
    vertex 50.80662536621094 8.031416893005371 6.999999046325684
    vertex 50.80662536621094 8.031416893005371 1.0
    vertex 50.87499237060547 7.25 6.999999046325684
  endloop
endfacet
facet normal 0.0 0.0 0.0
  outer loop
    vertex 50.87499237060547 7.25 6.999999046325684
    vertex 50.80662536621094 8.031416893005371 1.0
    vertex 50.87499237060547 7.25 1.0
  endloop
endfacet
facet normal 0.0 0.0 0.0
  outer loop
    vertex 50.87499237060547 7.25 1.0
    vertex 50.87499237060547 -7.25 1.0
    vertex 50.87499237060547 7.25 6.999999046325684
  endloop
endfacet
facet normal 0.0 0.0 0.0
  outer loop
    vertex 50.87499237060547 7.25 6.999999046325684
    vertex 50.87499237060547 -7.25 1.0
    vertex 50.87499237060547 -7.25 6.999999046325684
  endloop
endfacet
facet normal 0.0 0.0 0.0
  outer loop
    vertex 50.87499237060547 -7.25 1.0
    vertex 50.80662536621094 -8.031416893005371 1.0
    vertex 50.87499237060547 -7.25 6.999999046325684
  endloop
endfacet
facet normal 0.0 0.0 0.0
  outer loop
    vertex 50.87499237060547 -7.25 6.999999046325684
    vertex 50.80662536621094 -8.031416893005371 1.0
    vertex 50.80662536621094 -8.031416893005371 6.999999046325684
  endloop
endfacet
facet normal 0.0 0.0 0.0
  outer loop
    vertex 50.80662536621094 -8.031416893005371 6.999999046325684
    vertex 50.80662536621094 -8.031416893005371 1.0
    vertex 50.603607177734375 -8.789091110229492 1.0
  endloop
endfacet
facet normal 0.0 0.0 0.0
  outer loop
    vertex 50.80662536621094 -8.031416893005371 6.999999046325684
    vertex 50.603607177734375 -8.789091110229492 1.0
    vertex 50.603607177734375 -8.789091110229492 6.999999046325684
  endloop
endfacet
facet normal 0.0 0.0 0.0
  outer loop
    vertex 50.603607177734375 -8.789091110229492 6.999999046325684
    vertex 50.603607177734375 -8.789091110229492 1.0
    vertex 50.2721061706543 -9.5 1.0
  endloop
endfacet
facet normal 0.0 0.0 0.0
  outer loop
    vertex 50.603607177734375 -8.789091110229492 6.999999046325684
    vertex 50.2721061706543 -9.5 1.0
    vertex 50.2721061706543 -9.5 6.999999523162842
  endloop
endfacet
facet normal 0.0 0.0 0.0
  outer loop
    vertex 50.2721061706543 -9.5 6.999999523162842
    vertex 50.2721061706543 -9.5 1.0
    vertex 49.82219314575195 -10.14254379272461 1.0
  endloop
endfacet
facet normal 0.0 0.0 0.0
  outer loop
    vertex 50.2721061706543 -9.5 6.999999523162842
    vertex 49.82219314575195 -10.14254379272461 1.0
    vertex 49.82219314575195 -10.14254379272461 6.999999523162842
  endloop
endfacet
facet normal 0.0 0.0 0.0
  outer loop
    vertex 49.82219314575195 -10.14254379272461 6.999999523162842
    vertex 49.82219314575195 -10.14254379272461 1.0
    vertex 49.26753616333008 -10.697199821472168 1.0
  endloop
endfacet
facet normal 0.0 0.0 0.0
  outer loop
    vertex 49.82219314575195 -10.14254379272461 6.999999523162842
    vertex 49.26753616333008 -10.697199821472168 1.0
    vertex 49.26753616333008 -10.697199821472168 6.999999523162842
  endloop
endfacet
facet normal 0.0 0.0 0.0
  outer loop
    vertex 49.26753616333008 -10.697199821472168 6.999999523162842
    vertex 49.26753616333008 -10.697199821472168 1.0
    vertex 48.62499237060547 -11.147114753723145 1.0
  endloop
endfacet
facet normal 0.0 0.0 0.0
  outer loop
    vertex 49.26753616333008 -10.697199821472168 6.999999523162842
    vertex 48.62499237060547 -11.147114753723145 1.0
    vertex 48.62499237060547 -11.147114753723145 6.999999523162842
  endloop
endfacet
facet normal 0.0 0.0 0.0
  outer loop
    vertex 48.62499237060547 -11.147114753723145 6.999999523162842
    vertex 48.62499237060547 -11.147114753723145 1.0
    vertex 47.91408920288086 -11.478616714477539 1.0
  endloop
endfacet
facet normal 0.0 0.0 0.0
  outer loop
    vertex 48.62499237060547 -11.147114753723145 6.999999523162842
    vertex 47.91408920288086 -11.478616714477539 1.0
    vertex 47.91408920288086 -11.478616714477539 7.0
  endloop
endfacet
facet normal 0.0 0.0 0.0
  outer loop
    vertex 47.91408920288086 -11.478616714477539 7.0
    vertex 47.91408920288086 -11.478616714477539 1.0
    vertex 47.15641403198242 -11.681634902954102 1.0
  endloop
endfacet
facet normal 0.0 0.0 0.0
  outer loop
    vertex 47.91408920288086 -11.478616714477539 7.0
    vertex 47.15641403198242 -11.681634902954102 1.0
    vertex 47.15641403198242 -11.681634902954102 7.0
  endloop
endfacet
facet normal 0.0 0.0 0.0
  outer loop
    vertex 47.15641403198242 -11.681634902954102 7.0
    vertex 47.15641403198242 -11.681634902954102 1.0
    vertex 46.374996185302734 -11.75 7.0
  endloop
endfacet
facet normal 0.0 0.0 0.0
  outer loop
    vertex 46.374996185302734 -11.75 7.0
    vertex 47.15641403198242 -11.681634902954102 1.0
    vertex 46.374996185302734 -11.75 1.0
  endloop
endfacet
facet normal 0.0 0.0 0.0
  outer loop
    vertex 46.374996185302734 -11.75 1.0
    vertex 13.874996185302734 -11.75 1.0000038146972656
    vertex 46.374996185302734 -11.75 7.0
  endloop
endfacet
facet normal 0.0 0.0 0.0
  outer loop
    vertex 46.374996185302734 -11.75 7.0
    vertex 13.874996185302734 -11.75 1.0000038146972656
    vertex 13.87499713897705 -11.75 7.000002861022949
  endloop
endfacet
facet normal 0.0 0.0 0.0
  outer loop
    vertex 13.874996185302734 -11.75 1.0000038146972656
    vertex 13.874996185302734 -12.75 1.0000038146972656
    vertex 13.87499713897705 -11.75 7.000002861022949
  endloop
endfacet
facet normal 0.0 0.0 0.0
  outer loop
    vertex 13.87499713897705 -11.75 7.000002861022949
    vertex 13.874996185302734 -12.75 1.0000038146972656
    vertex 13.87499713897705 -12.75 7.000002861022949
  endloop
endfacet
facet normal 0.0 0.0 0.0
  outer loop
    vertex 13.874996185302734 -12.75 1.0000038146972656
    vertex 46.374996185302734 -12.75 1.0
    vertex 13.87499713897705 -12.75 7.000002861022949
  endloop
endfacet
facet normal 0.0 0.0 0.0
  outer loop
    vertex 13.87499713897705 -12.75 7.000002861022949
    vertex 46.374996185302734 -12.75 1.0
    vertex 46.374996185302734 -12.75 7.0
  endloop
endfacet
facet normal 0.0 0.0 0.0
  outer loop
    vertex 46.374996185302734 -12.75 7.0
    vertex 46.374996185302734 -12.75 1.0
    vertex 47.23538589477539 -12.682286262512207 7.0
  endloop
endfacet
facet normal 0.0 0.0 0.0
  outer loop
    vertex 47.23538589477539 -12.682286262512207 7.0
    vertex 46.374996185302734 -12.75 1.0
    vertex 47.23538589477539 -12.682286262512207 1.0
  endloop
endfacet
facet normal 0.0 0.0 0.0
  outer loop
    vertex 47.23538589477539 -12.682286262512207 7.0
    vertex 47.23538589477539 -12.682286262512207 1.0
    vertex 48.0745849609375 -12.48081111907959 1.0
  endloop
endfacet
facet normal 0.0 0.0 0.0
  outer loop
    vertex 47.23538589477539 -12.682286262512207 7.0
    vertex 48.0745849609375 -12.48081111907959 1.0
    vertex 48.0745849609375 -12.48081111907959 6.999999523162842
  endloop
endfacet
facet normal 0.0 0.0 0.0
  outer loop
    vertex 48.0745849609375 -12.48081111907959 6.999999523162842
    vertex 48.0745849609375 -12.48081111907959 1.0
    vertex 48.87194061279297 -12.150535583496094 1.0
  endloop
endfacet
facet normal 0.0 0.0 0.0
  outer loop
    vertex 48.0745849609375 -12.48081111907959 6.999999523162842
    vertex 48.87194061279297 -12.150535583496094 1.0
    vertex 48.87194061279297 -12.150535583496094 6.999999523162842
  endloop
endfacet
facet normal 0.0 0.0 0.0
  outer loop
    vertex 48.87194061279297 -12.150535583496094 6.999999523162842
    vertex 48.87194061279297 -12.150535583496094 1.0
    vertex 49.607810974121094 -11.699593544006348 1.0
  endloop
endfacet
facet normal 0.0 0.0 0.0
  outer loop
    vertex 48.87194061279297 -12.150535583496094 6.999999523162842
    vertex 49.607810974121094 -11.699593544006348 1.0
    vertex 49.607810974121094 -11.699593544006348 6.999999523162842
  endloop
endfacet
facet normal 0.0 0.0 0.0
  outer loop
    vertex 49.607810974121094 -11.699593544006348 6.999999523162842
    vertex 49.607810974121094 -11.699593544006348 1.0
    vertex 50.26408004760742 -11.139087677001953 1.0
  endloop
endfacet
facet normal 0.0 0.0 0.0
  outer loop
    vertex 49.607810974121094 -11.699593544006348 6.999999523162842
    vertex 50.26408004760742 -11.139087677001953 1.0
    vertex 50.26408004760742 -11.139087677001953 6.999999523162842
  endloop
endfacet
facet normal 0.0 0.0 0.0
  outer loop
    vertex 50.26408004760742 -11.139087677001953 6.999999523162842
    vertex 50.26408004760742 -11.139087677001953 1.0
    vertex 50.8245849609375 -10.482818603515625 1.0
  endloop
endfacet
facet normal 0.0 0.0 0.0
  outer loop
    vertex 50.26408004760742 -11.139087677001953 6.999999523162842
    vertex 50.8245849609375 -10.482818603515625 1.0
    vertex 50.8245849609375 -10.482818603515625 6.999999046325684
  endloop
endfacet
facet normal 0.0 0.0 0.0
  outer loop
    vertex 50.8245849609375 -10.482818603515625 6.999999046325684
    vertex 50.8245849609375 -10.482818603515625 1.0
    vertex 51.27552795410156 -9.746947288513184 1.0
  endloop
endfacet
facet normal 0.0 0.0 0.0
  outer loop
    vertex 50.8245849609375 -10.482818603515625 6.999999046325684
    vertex 51.27552795410156 -9.746947288513184 1.0
    vertex 51.27552795410156 -9.746947288513184 6.999999046325684
  endloop
endfacet
facet normal 0.0 0.0 0.0
  outer loop
    vertex 51.27552795410156 -9.746947288513184 6.999999046325684
    vertex 51.27552795410156 -9.746947288513184 1.0
    vertex 51.605804443359375 -8.949593544006348 1.0
  endloop
endfacet
facet normal 0.0 0.0 0.0
  outer loop
    vertex 51.27552795410156 -9.746947288513184 6.999999046325684
    vertex 51.605804443359375 -8.949593544006348 1.0
    vertex 51.605804443359375 -8.949593544006348 6.999999046325684
  endloop
endfacet
facet normal 0.0 0.0 0.0
  outer loop
    vertex 51.605804443359375 -8.949593544006348 6.999999046325684
    vertex 51.605804443359375 -8.949593544006348 1.0
    vertex 51.80727767944336 -8.110389709472656 1.0
  endloop
endfacet
facet normal 0.0 0.0 0.0
  outer loop
    vertex 51.605804443359375 -8.949593544006348 6.999999046325684
    vertex 51.80727767944336 -8.110389709472656 1.0
    vertex 51.80727767944336 -8.110389709472656 6.999999046325684
  endloop
endfacet
facet normal 0.0 0.0 0.0
  outer loop
    vertex 51.80727767944336 -8.110389709472656 6.999999046325684
    vertex 51.80727767944336 -8.110389709472656 1.0
    vertex 51.87499237060547 -7.25 1.0
  endloop
endfacet
facet normal 0.0 0.0 0.0
  outer loop
    vertex 51.80727767944336 -8.110389709472656 6.999999046325684
    vertex 51.87499237060547 -7.25 1.0
    vertex 51.87499237060547 -7.25 6.999999046325684
  endloop
endfacet
facet normal 0.0 0.0 0.0
  outer loop
    vertex 51.87499237060547 -7.25 1.0
    vertex 51.87499237060547 7.25 1.0
    vertex 51.87499237060547 -7.25 6.999999046325684
  endloop
endfacet
facet normal 0.0 0.0 0.0
  outer loop
    vertex 51.87499237060547 -7.25 6.999999046325684
    vertex 51.87499237060547 7.25 1.0
    vertex 51.87499237060547 7.25 6.999999046325684
  endloop
endfacet
facet normal 0.0 0.0 0.0
  outer loop
    vertex 51.87499237060547 7.25 6.999999046325684
    vertex 50.87499237060547 7.25 6.999999046325684
    vertex 51.87499237060547 -7.25 6.999999046325684
  endloop
endfacet
facet normal 0.0 0.0 0.0
  outer loop
    vertex 51.87499237060547 -7.25 6.999999046325684
    vertex 50.87499237060547 7.25 6.999999046325684
    vertex 50.87499237060547 -7.25 6.999999046325684
  endloop
endfacet
facet normal 0.0 0.0 0.0
  outer loop
    vertex 51.87499237060547 -7.25 6.999999046325684
    vertex 50.87499237060547 -7.25 6.999999046325684
    vertex 51.80727767944336 -8.110389709472656 6.999999046325684
  endloop
endfacet
facet normal 0.0 0.0 0.0
  outer loop
    vertex 51.80727767944336 -8.110389709472656 6.999999046325684
    vertex 50.87499237060547 -7.25 6.999999046325684
    vertex 50.80662536621094 -8.031416893005371 6.999999046325684
  endloop
endfacet
facet normal 0.0 0.0 0.0
  outer loop
    vertex 51.80727767944336 -8.110389709472656 6.999999046325684
    vertex 50.80662536621094 -8.031416893005371 6.999999046325684
    vertex 51.605804443359375 -8.949593544006348 6.999999046325684
  endloop
endfacet
facet normal 0.0 0.0 0.0
  outer loop
    vertex 51.605804443359375 -8.949593544006348 6.999999046325684
    vertex 50.80662536621094 -8.031416893005371 6.999999046325684
    vertex 50.603607177734375 -8.789091110229492 6.999999046325684
  endloop
endfacet
facet normal 0.0 0.0 0.0
  outer loop
    vertex 51.605804443359375 -8.949593544006348 6.999999046325684
    vertex 50.603607177734375 -8.789091110229492 6.999999046325684
    vertex 51.27552795410156 -9.746947288513184 6.999999046325684
  endloop
endfacet
facet normal 0.0 0.0 0.0
  outer loop
    vertex 51.27552795410156 -9.746947288513184 6.999999046325684
    vertex 50.603607177734375 -8.789091110229492 6.999999046325684
    vertex 50.2721061706543 -9.5 6.999999523162842
  endloop
endfacet
facet normal 0.0 0.0 0.0
  outer loop
    vertex 51.27552795410156 -9.746947288513184 6.999999046325684
    vertex 50.2721061706543 -9.5 6.999999523162842
    vertex 50.8245849609375 -10.482818603515625 6.999999046325684
  endloop
endfacet
facet normal 0.0 0.0 0.0
  outer loop
    vertex 50.8245849609375 -10.482818603515625 6.999999046325684
    vertex 50.2721061706543 -9.5 6.999999523162842
    vertex 49.82219314575195 -10.14254379272461 6.999999523162842
  endloop
endfacet
facet normal 0.0 0.0 0.0
  outer loop
    vertex 50.8245849609375 -10.482818603515625 6.999999046325684
    vertex 49.82219314575195 -10.14254379272461 6.999999523162842
    vertex 50.26408004760742 -11.139087677001953 6.999999523162842
  endloop
endfacet
facet normal 0.0 0.0 0.0
  outer loop
    vertex 50.26408004760742 -11.139087677001953 6.999999523162842
    vertex 49.82219314575195 -10.14254379272461 6.999999523162842
    vertex 49.26753616333008 -10.697199821472168 6.999999523162842
  endloop
endfacet
facet normal 0.0 0.0 0.0
  outer loop
    vertex 50.26408004760742 -11.139087677001953 6.999999523162842
    vertex 49.26753616333008 -10.697199821472168 6.999999523162842
    vertex 49.607810974121094 -11.699593544006348 6.999999523162842
  endloop
endfacet
facet normal 0.0 0.0 0.0
  outer loop
    vertex 49.607810974121094 -11.699593544006348 6.999999523162842
    vertex 49.26753616333008 -10.697199821472168 6.999999523162842
    vertex 48.62499237060547 -11.147114753723145 6.999999523162842
  endloop
endfacet
facet normal 0.0 0.0 0.0
  outer loop
    vertex 49.607810974121094 -11.699593544006348 6.999999523162842
    vertex 48.62499237060547 -11.147114753723145 6.999999523162842
    vertex 48.87194061279297 -12.150535583496094 6.999999523162842
  endloop
endfacet
facet normal 0.0 0.0 0.0
  outer loop
    vertex 48.87194061279297 -12.150535583496094 6.999999523162842
    vertex 48.62499237060547 -11.147114753723145 6.999999523162842
    vertex 47.91408920288086 -11.478616714477539 7.0
  endloop
endfacet
facet normal 0.0 0.0 0.0
  outer loop
    vertex 48.87194061279297 -12.150535583496094 6.999999523162842
    vertex 47.91408920288086 -11.478616714477539 7.0
    vertex 48.0745849609375 -12.48081111907959 6.999999523162842
  endloop
endfacet
facet normal 0.0 0.0 0.0
  outer loop
    vertex 48.0745849609375 -12.48081111907959 6.999999523162842
    vertex 47.91408920288086 -11.478616714477539 7.0
    vertex 47.15641403198242 -11.681634902954102 7.0
  endloop
endfacet
facet normal 0.0 0.0 0.0
  outer loop
    vertex 48.0745849609375 -12.48081111907959 6.999999523162842
    vertex 47.15641403198242 -11.681634902954102 7.0
    vertex 47.23538589477539 -12.682286262512207 7.0
  endloop
endfacet
facet normal 0.0 0.0 0.0
  outer loop
    vertex 47.23538589477539 -12.682286262512207 7.0
    vertex 47.15641403198242 -11.681634902954102 7.0
    vertex 46.374996185302734 -11.75 7.0
  endloop
endfacet
facet normal 0.0 0.0 0.0
  outer loop
    vertex 47.23538589477539 -12.682286262512207 7.0
    vertex 46.374996185302734 -11.75 7.0
    vertex 46.374996185302734 -12.75 7.0
  endloop
endfacet
facet normal 0.0 0.0 0.0
  outer loop
    vertex 46.374996185302734 -12.75 7.0
    vertex 46.374996185302734 -11.75 7.0
    vertex 13.87499713897705 -12.75 7.000002861022949
  endloop
endfacet
facet normal 0.0 0.0 0.0
  outer loop
    vertex 13.87499713897705 -12.75 7.000002861022949
    vertex 46.374996185302734 -11.75 7.0
    vertex 13.87499713897705 -11.75 7.000002861022949
  endloop
endfacet
facet normal 0.0 0.0 0.0
  outer loop
    vertex 51.87499237060547 7.25 6.999999046325684
    vertex 51.80727767944336 8.110389709472656 6.999999046325684
    vertex 50.87499237060547 7.25 6.999999046325684
  endloop
endfacet
facet normal 0.0 0.0 0.0
  outer loop
    vertex 50.87499237060547 7.25 6.999999046325684
    vertex 51.80727767944336 8.110389709472656 6.999999046325684
    vertex 50.80662536621094 8.031416893005371 6.999999046325684
  endloop
endfacet
facet normal 0.0 0.0 0.0
  outer loop
    vertex 50.80662536621094 8.031416893005371 6.999999046325684
    vertex 51.80727767944336 8.110389709472656 6.999999046325684
    vertex 51.605804443359375 8.949593544006348 6.999999046325684
  endloop
endfacet
facet normal 0.0 0.0 0.0
  outer loop
    vertex 50.80662536621094 8.031416893005371 6.999999046325684
    vertex 51.605804443359375 8.949593544006348 6.999999046325684
    vertex 50.603607177734375 8.789091110229492 6.999999046325684
  endloop
endfacet
facet normal 0.0 0.0 0.0
  outer loop
    vertex 50.603607177734375 8.789091110229492 6.999999046325684
    vertex 51.605804443359375 8.949593544006348 6.999999046325684
    vertex 51.27552795410156 9.746947288513184 6.999999046325684
  endloop
endfacet
facet normal 0.0 0.0 0.0
  outer loop
    vertex 50.603607177734375 8.789091110229492 6.999999046325684
    vertex 51.27552795410156 9.746947288513184 6.999999046325684
    vertex 50.2721061706543 9.5 6.999999523162842
  endloop
endfacet
facet normal 0.0 0.0 0.0
  outer loop
    vertex 50.2721061706543 9.5 6.999999523162842
    vertex 51.27552795410156 9.746947288513184 6.999999046325684
    vertex 50.8245849609375 10.482818603515625 6.999999046325684
  endloop
endfacet
facet normal 0.0 0.0 0.0
  outer loop
    vertex 50.2721061706543 9.5 6.999999523162842
    vertex 50.8245849609375 10.482818603515625 6.999999046325684
    vertex 49.82219314575195 10.14254379272461 6.999999523162842
  endloop
endfacet
facet normal 0.0 0.0 0.0
  outer loop
    vertex 49.82219314575195 10.14254379272461 6.999999523162842
    vertex 50.8245849609375 10.482818603515625 6.999999046325684
    vertex 50.26408004760742 11.139087677001953 6.999999523162842
  endloop
endfacet
facet normal 0.0 0.0 0.0
  outer loop
    vertex 49.82219314575195 10.14254379272461 6.999999523162842
    vertex 50.26408004760742 11.139087677001953 6.999999523162842
    vertex 49.26753616333008 10.697199821472168 6.999999523162842
  endloop
endfacet
facet normal 0.0 0.0 0.0
  outer loop
    vertex 49.26753616333008 10.697199821472168 6.999999523162842
    vertex 50.26408004760742 11.139087677001953 6.999999523162842
    vertex 49.607810974121094 11.699593544006348 6.999999523162842
  endloop
endfacet
facet normal 0.0 0.0 0.0
  outer loop
    vertex 49.26753616333008 10.697199821472168 6.999999523162842
    vertex 49.607810974121094 11.699593544006348 6.999999523162842
    vertex 48.62499237060547 11.147114753723145 6.999999523162842
  endloop
endfacet
facet normal 0.0 0.0 0.0
  outer loop
    vertex 48.62499237060547 11.147114753723145 6.999999523162842
    vertex 49.607810974121094 11.699593544006348 6.999999523162842
    vertex 48.87194061279297 12.150535583496094 6.999999523162842
  endloop
endfacet
facet normal 0.0 0.0 0.0
  outer loop
    vertex 48.62499237060547 11.147114753723145 6.999999523162842
    vertex 48.87194061279297 12.150535583496094 6.999999523162842
    vertex 47.91408920288086 11.478616714477539 7.0
  endloop
endfacet
facet normal 0.0 0.0 0.0
  outer loop
    vertex 47.91408920288086 11.478616714477539 7.0
    vertex 48.87194061279297 12.150535583496094 6.999999523162842
    vertex 48.0745849609375 12.48081111907959 6.999999523162842
  endloop
endfacet
facet normal 0.0 0.0 0.0
  outer loop
    vertex 47.91408920288086 11.478616714477539 7.0
    vertex 48.0745849609375 12.48081111907959 6.999999523162842
    vertex 47.15641403198242 11.681634902954102 7.0
  endloop
endfacet
facet normal 0.0 0.0 0.0
  outer loop
    vertex 47.15641403198242 11.681634902954102 7.0
    vertex 48.0745849609375 12.48081111907959 6.999999523162842
    vertex 47.23538589477539 12.682286262512207 7.0
  endloop
endfacet
facet normal 0.0 0.0 0.0
  outer loop
    vertex 47.15641403198242 11.681634902954102 7.0
    vertex 47.23538589477539 12.682286262512207 7.0
    vertex 46.374996185302734 11.75 7.0
  endloop
endfacet
facet normal 0.0 0.0 0.0
  outer loop
    vertex 46.374996185302734 11.75 7.0
    vertex 47.23538589477539 12.682286262512207 7.0
    vertex 46.374996185302734 12.75 7.0
  endloop
endfacet
facet normal 0.0 0.0 0.0
  outer loop
    vertex 46.374996185302734 11.75 7.0
    vertex 46.374996185302734 12.75 7.0
    vertex 13.87499713897705 11.75 7.000002861022949
  endloop
endfacet
facet normal 0.0 0.0 0.0
  outer loop
    vertex 13.87499713897705 11.75 7.000002861022949
    vertex 46.374996185302734 12.75 7.0
    vertex 13.87499713897705 12.75 7.000002861022949
  endloop
endfacet
facet normal 0.0 0.0 0.0
  outer loop
    vertex 16.94314193725586 -8.232361793518066 2.86102294921875e-06
    vertex 16.943143844604492 -8.232361793518066 1.0000028610229492
    vertex 16.8749942779541 -8.75 2.86102294921875e-06
  endloop
endfacet
facet normal 0.0 0.0 0.0
  outer loop
    vertex 16.8749942779541 -8.75 2.86102294921875e-06
    vertex 16.943143844604492 -8.232361793518066 1.0000028610229492
    vertex 16.874996185302734 -8.75 1.0000028610229492
  endloop
endfacet
facet normal 0.0 0.0 0.0
  outer loop
    vertex 16.8749942779541 -8.75 2.86102294921875e-06
    vertex 16.874996185302734 -8.75 1.0000028610229492
    vertex 16.94314193725586 -9.267638206481934 2.86102294921875e-06
  endloop
endfacet
facet normal 0.0 0.0 0.0
  outer loop
    vertex 16.94314193725586 -9.267638206481934 2.86102294921875e-06
    vertex 16.874996185302734 -8.75 1.0000028610229492
    vertex 16.943143844604492 -9.267638206481934 1.0000028610229492
  endloop
endfacet
facet normal 0.0 0.0 0.0
  outer loop
    vertex 16.94314193725586 -9.267638206481934 2.86102294921875e-06
    vertex 16.943143844604492 -9.267638206481934 1.0000028610229492
    vertex 17.1429443359375 -9.75 2.86102294921875e-06
  endloop
endfacet
facet normal 0.0 0.0 0.0
  outer loop
    vertex 17.1429443359375 -9.75 2.86102294921875e-06
    vertex 16.943143844604492 -9.267638206481934 1.0000028610229492
    vertex 17.142946243286133 -9.75 1.0000028610229492
  endloop
endfacet
facet normal 0.0 0.0 0.0
  outer loop
    vertex 17.1429443359375 -9.75 2.86102294921875e-06
    vertex 17.142946243286133 -9.75 1.0000028610229492
    vertex 17.46078109741211 -10.164213180541992 2.86102294921875e-06
  endloop
endfacet
facet normal 0.0 0.0 0.0
  outer loop
    vertex 17.46078109741211 -10.164213180541992 2.86102294921875e-06
    vertex 17.142946243286133 -9.75 1.0000028610229492
    vertex 17.460783004760742 -10.164213180541992 1.0000028610229492
  endloop
endfacet
facet normal 0.0 0.0 0.0
  outer loop
    vertex 17.46078109741211 -10.164213180541992 2.86102294921875e-06
    vertex 17.460783004760742 -10.164213180541992 1.0000028610229492
    vertex 17.8749942779541 -10.482050895690918 2.86102294921875e-06
  endloop
endfacet
facet normal 0.0 0.0 0.0
  outer loop
    vertex 17.8749942779541 -10.482050895690918 2.86102294921875e-06
    vertex 17.460783004760742 -10.164213180541992 1.0000028610229492
    vertex 17.874996185302734 -10.482050895690918 1.0000028610229492
  endloop
endfacet
facet normal 0.0 0.0 0.0
  outer loop
    vertex 17.8749942779541 -10.482050895690918 2.86102294921875e-06
    vertex 17.874996185302734 -10.482050895690918 1.0000028610229492
    vertex 18.357357025146484 -10.681851387023926 2.86102294921875e-06
  endloop
endfacet
facet normal 0.0 0.0 0.0
  outer loop
    vertex 18.357357025146484 -10.681851387023926 2.86102294921875e-06
    vertex 17.874996185302734 -10.482050895690918 1.0000028610229492
    vertex 18.357358932495117 -10.681851387023926 1.0000028610229492
  endloop
endfacet
facet normal 0.0 0.0 0.0
  outer loop
    vertex 18.357357025146484 -10.681851387023926 2.86102294921875e-06
    vertex 18.357358932495117 -10.681851387023926 1.0000028610229492
    vertex 18.8749942779541 -10.75 2.86102294921875e-06
  endloop
endfacet
facet normal 0.0 0.0 0.0
  outer loop
    vertex 18.8749942779541 -10.75 2.86102294921875e-06
    vertex 18.357358932495117 -10.681851387023926 1.0000028610229492
    vertex 18.874996185302734 -10.75 1.0000028610229492
  endloop
endfacet
facet normal 0.0 0.0 0.0
  outer loop
    vertex 18.8749942779541 -10.75 2.86102294921875e-06
    vertex 18.874996185302734 -10.75 1.0000028610229492
    vertex 19.39263153076172 -10.681851387023926 2.86102294921875e-06
  endloop
endfacet
facet normal 0.0 0.0 0.0
  outer loop
    vertex 19.39263153076172 -10.681851387023926 2.86102294921875e-06
    vertex 18.874996185302734 -10.75 1.0000028610229492
    vertex 19.39263343811035 -10.681851387023926 1.0000028610229492
  endloop
endfacet
facet normal 0.0 0.0 0.0
  outer loop
    vertex 19.39263153076172 -10.681851387023926 2.86102294921875e-06
    vertex 19.39263343811035 -10.681851387023926 1.0000028610229492
    vertex 19.8749942779541 -10.482050895690918 2.86102294921875e-06
  endloop
endfacet
facet normal 0.0 0.0 0.0
  outer loop
    vertex 19.8749942779541 -10.482050895690918 2.86102294921875e-06
    vertex 19.39263343811035 -10.681851387023926 1.0000028610229492
    vertex 19.874996185302734 -10.482050895690918 1.0000028610229492
  endloop
endfacet
facet normal 0.0 0.0 0.0
  outer loop
    vertex 19.8749942779541 -10.482050895690918 2.86102294921875e-06
    vertex 19.874996185302734 -10.482050895690918 1.0000028610229492
    vertex 20.289207458496094 -10.164213180541992 2.86102294921875e-06
  endloop
endfacet
facet normal 0.0 0.0 0.0
  outer loop
    vertex 20.289207458496094 -10.164213180541992 2.86102294921875e-06
    vertex 19.874996185302734 -10.482050895690918 1.0000028610229492
    vertex 20.289209365844727 -10.164213180541992 1.0000028610229492
  endloop
endfacet
facet normal 0.0 0.0 0.0
  outer loop
    vertex 20.289207458496094 -10.164213180541992 2.86102294921875e-06
    vertex 20.289209365844727 -10.164213180541992 1.0000028610229492
    vertex 20.607044219970703 -9.75 2.86102294921875e-06
  endloop
endfacet
facet normal 0.0 0.0 0.0
  outer loop
    vertex 20.607044219970703 -9.75 2.86102294921875e-06
    vertex 20.289209365844727 -10.164213180541992 1.0000028610229492
    vertex 20.607046127319336 -9.75 1.0000028610229492
  endloop
endfacet
facet normal 0.0 0.0 0.0
  outer loop
    vertex 20.607044219970703 -9.75 2.86102294921875e-06
    vertex 20.607046127319336 -9.75 1.0000028610229492
    vertex 20.806846618652344 -9.267638206481934 2.86102294921875e-06
  endloop
endfacet
facet normal 0.0 0.0 0.0
  outer loop
    vertex 20.806846618652344 -9.267638206481934 2.86102294921875e-06
    vertex 20.607046127319336 -9.75 1.0000028610229492
    vertex 20.806848526000977 -9.267638206481934 1.0000028610229492
  endloop
endfacet
facet normal 0.0 0.0 0.0
  outer loop
    vertex 20.806846618652344 -9.267638206481934 2.86102294921875e-06
    vertex 20.806848526000977 -9.267638206481934 1.0000028610229492
    vertex 20.8749942779541 -8.75 2.86102294921875e-06
  endloop
endfacet
facet normal 0.0 0.0 0.0
  outer loop
    vertex 20.8749942779541 -8.75 2.86102294921875e-06
    vertex 20.806848526000977 -9.267638206481934 1.0000028610229492
    vertex 20.874996185302734 -8.75 1.0000028610229492
  endloop
endfacet
facet normal 0.0 0.0 0.0
  outer loop
    vertex 20.8749942779541 -8.75 2.86102294921875e-06
    vertex 20.874996185302734 -8.75 1.0000028610229492
    vertex 20.806846618652344 -8.232361793518066 2.86102294921875e-06
  endloop
endfacet
facet normal 0.0 0.0 0.0
  outer loop
    vertex 20.806846618652344 -8.232361793518066 2.86102294921875e-06
    vertex 20.874996185302734 -8.75 1.0000028610229492
    vertex 20.806848526000977 -8.232361793518066 1.0000028610229492
  endloop
endfacet
facet normal 0.0 0.0 0.0
  outer loop
    vertex 20.806846618652344 -8.232361793518066 2.86102294921875e-06
    vertex 20.806848526000977 -8.232361793518066 1.0000028610229492
    vertex 20.607044219970703 -7.75 2.86102294921875e-06
  endloop
endfacet
facet normal 0.0 0.0 0.0
  outer loop
    vertex 20.607044219970703 -7.75 2.86102294921875e-06
    vertex 20.806848526000977 -8.232361793518066 1.0000028610229492
    vertex 20.607046127319336 -7.75 1.0000028610229492
  endloop
endfacet
facet normal 0.0 0.0 0.0
  outer loop
    vertex 20.607044219970703 -7.75 2.86102294921875e-06
    vertex 20.607046127319336 -7.75 1.0000028610229492
    vertex 20.289207458496094 -7.33578634262085 2.86102294921875e-06
  endloop
endfacet
facet normal 0.0 0.0 0.0
  outer loop
    vertex 20.289207458496094 -7.33578634262085 2.86102294921875e-06
    vertex 20.607046127319336 -7.75 1.0000028610229492
    vertex 20.289209365844727 -7.33578634262085 1.0000028610229492
  endloop
endfacet
facet normal 0.0 0.0 0.0
  outer loop
    vertex 20.289207458496094 -7.33578634262085 2.86102294921875e-06
    vertex 20.289209365844727 -7.33578634262085 1.0000028610229492
    vertex 19.8749942779541 -7.017949104309082 2.86102294921875e-06
  endloop
endfacet
facet normal 0.0 0.0 0.0
  outer loop
    vertex 19.8749942779541 -7.017949104309082 2.86102294921875e-06
    vertex 20.289209365844727 -7.33578634262085 1.0000028610229492
    vertex 19.874996185302734 -7.017949104309082 1.0000028610229492
  endloop
endfacet
facet normal 0.0 0.0 0.0
  outer loop
    vertex 19.8749942779541 -7.017949104309082 2.86102294921875e-06
    vertex 19.874996185302734 -7.017949104309082 1.0000028610229492
    vertex 19.39263153076172 -6.818148136138916 2.86102294921875e-06
  endloop
endfacet
facet normal 0.0 0.0 0.0
  outer loop
    vertex 19.39263153076172 -6.818148136138916 2.86102294921875e-06
    vertex 19.874996185302734 -7.017949104309082 1.0000028610229492
    vertex 19.39263343811035 -6.818148136138916 1.0000028610229492
  endloop
endfacet
facet normal 0.0 0.0 0.0
  outer loop
    vertex 19.39263153076172 -6.818148136138916 2.86102294921875e-06
    vertex 19.39263343811035 -6.818148136138916 1.0000028610229492
    vertex 18.8749942779541 -6.75 2.86102294921875e-06
  endloop
endfacet
facet normal 0.0 0.0 0.0
  outer loop
    vertex 18.8749942779541 -6.75 2.86102294921875e-06
    vertex 19.39263343811035 -6.818148136138916 1.0000028610229492
    vertex 18.874996185302734 -6.75 1.0000028610229492
  endloop
endfacet
facet normal 0.0 0.0 0.0
  outer loop
    vertex 18.8749942779541 -6.75 2.86102294921875e-06
    vertex 18.874996185302734 -6.75 1.0000028610229492
    vertex 18.357357025146484 -6.818148136138916 2.86102294921875e-06
  endloop
endfacet
facet normal 0.0 0.0 0.0
  outer loop
    vertex 18.357357025146484 -6.818148136138916 2.86102294921875e-06
    vertex 18.874996185302734 -6.75 1.0000028610229492
    vertex 18.357358932495117 -6.818148136138916 1.0000028610229492
  endloop
endfacet
facet normal 0.0 0.0 0.0
  outer loop
    vertex 18.357357025146484 -6.818148136138916 2.86102294921875e-06
    vertex 18.357358932495117 -6.818148136138916 1.0000028610229492
    vertex 17.8749942779541 -7.017949104309082 2.86102294921875e-06
  endloop
endfacet
facet normal 0.0 0.0 0.0
  outer loop
    vertex 17.8749942779541 -7.017949104309082 2.86102294921875e-06
    vertex 18.357358932495117 -6.818148136138916 1.0000028610229492
    vertex 17.874996185302734 -7.017949104309082 1.0000028610229492
  endloop
endfacet
facet normal 0.0 0.0 0.0
  outer loop
    vertex 17.8749942779541 -7.017949104309082 2.86102294921875e-06
    vertex 17.874996185302734 -7.017949104309082 1.0000028610229492
    vertex 17.46078109741211 -7.33578634262085 2.86102294921875e-06
  endloop
endfacet
facet normal 0.0 0.0 0.0
  outer loop
    vertex 17.46078109741211 -7.33578634262085 2.86102294921875e-06
    vertex 17.874996185302734 -7.017949104309082 1.0000028610229492
    vertex 17.460783004760742 -7.33578634262085 1.0000028610229492
  endloop
endfacet
facet normal 0.0 0.0 0.0
  outer loop
    vertex 17.46078109741211 -7.33578634262085 2.86102294921875e-06
    vertex 17.460783004760742 -7.33578634262085 1.0000028610229492
    vertex 17.1429443359375 -7.75 2.86102294921875e-06
  endloop
endfacet
facet normal 0.0 0.0 0.0
  outer loop
    vertex 17.1429443359375 -7.75 2.86102294921875e-06
    vertex 17.460783004760742 -7.33578634262085 1.0000028610229492
    vertex 17.142946243286133 -7.75 1.0000028610229492
  endloop
endfacet
facet normal 0.0 0.0 0.0
  outer loop
    vertex 17.1429443359375 -7.75 2.86102294921875e-06
    vertex 17.142946243286133 -7.75 1.0000028610229492
    vertex 16.94314193725586 -8.232361793518066 2.86102294921875e-06
  endloop
endfacet
facet normal 0.0 0.0 0.0
  outer loop
    vertex 16.94314193725586 -8.232361793518066 2.86102294921875e-06
    vertex 17.142946243286133 -7.75 1.0000028610229492
    vertex 16.943143844604492 -8.232361793518066 1.0000028610229492
  endloop
endfacet
facet normal 0.0 0.0 0.0
  outer loop
    vertex 16.94314193725586 9.267638206481934 2.86102294921875e-06
    vertex 16.943143844604492 9.267638206481934 1.0000028610229492
    vertex 16.8749942779541 8.75 2.86102294921875e-06
  endloop
endfacet
facet normal 0.0 0.0 0.0
  outer loop
    vertex 16.8749942779541 8.75 2.86102294921875e-06
    vertex 16.943143844604492 9.267638206481934 1.0000028610229492
    vertex 16.874996185302734 8.75 1.0000028610229492
  endloop
endfacet
facet normal 0.0 0.0 0.0
  outer loop
    vertex 16.8749942779541 8.75 2.86102294921875e-06
    vertex 16.874996185302734 8.75 1.0000028610229492
    vertex 16.94314193725586 8.232361793518066 2.86102294921875e-06
  endloop
endfacet
facet normal 0.0 0.0 0.0
  outer loop
    vertex 16.94314193725586 8.232361793518066 2.86102294921875e-06
    vertex 16.874996185302734 8.75 1.0000028610229492
    vertex 16.943143844604492 8.232361793518066 1.0000028610229492
  endloop
endfacet
facet normal 0.0 0.0 0.0
  outer loop
    vertex 16.94314193725586 8.232361793518066 2.86102294921875e-06
    vertex 16.943143844604492 8.232361793518066 1.0000028610229492
    vertex 17.1429443359375 7.75 2.86102294921875e-06
  endloop
endfacet
facet normal 0.0 0.0 0.0
  outer loop
    vertex 17.1429443359375 7.75 2.86102294921875e-06
    vertex 16.943143844604492 8.232361793518066 1.0000028610229492
    vertex 17.142946243286133 7.75 1.0000028610229492
  endloop
endfacet
facet normal 0.0 0.0 0.0
  outer loop
    vertex 17.1429443359375 7.75 2.86102294921875e-06
    vertex 17.142946243286133 7.75 1.0000028610229492
    vertex 17.46078109741211 7.33578634262085 2.86102294921875e-06
  endloop
endfacet
facet normal 0.0 0.0 0.0
  outer loop
    vertex 17.46078109741211 7.33578634262085 2.86102294921875e-06
    vertex 17.142946243286133 7.75 1.0000028610229492
    vertex 17.460783004760742 7.33578634262085 1.0000028610229492
  endloop
endfacet
facet normal 0.0 0.0 0.0
  outer loop
    vertex 17.46078109741211 7.33578634262085 2.86102294921875e-06
    vertex 17.460783004760742 7.33578634262085 1.0000028610229492
    vertex 17.8749942779541 7.017949104309082 2.86102294921875e-06
  endloop
endfacet
facet normal 0.0 0.0 0.0
  outer loop
    vertex 17.8749942779541 7.017949104309082 2.86102294921875e-06
    vertex 17.460783004760742 7.33578634262085 1.0000028610229492
    vertex 17.874996185302734 7.017949104309082 1.0000028610229492
  endloop
endfacet
facet normal 0.0 0.0 0.0
  outer loop
    vertex 17.8749942779541 7.017949104309082 2.86102294921875e-06
    vertex 17.874996185302734 7.017949104309082 1.0000028610229492
    vertex 18.357357025146484 6.818148136138916 2.86102294921875e-06
  endloop
endfacet
facet normal 0.0 0.0 0.0
  outer loop
    vertex 18.357357025146484 6.818148136138916 2.86102294921875e-06
    vertex 17.874996185302734 7.017949104309082 1.0000028610229492
    vertex 18.357358932495117 6.818148136138916 1.0000028610229492
  endloop
endfacet
facet normal 0.0 0.0 0.0
  outer loop
    vertex 18.357357025146484 6.818148136138916 2.86102294921875e-06
    vertex 18.357358932495117 6.818148136138916 1.0000028610229492
    vertex 18.8749942779541 6.75 2.86102294921875e-06
  endloop
endfacet
facet normal 0.0 0.0 0.0
  outer loop
    vertex 18.8749942779541 6.75 2.86102294921875e-06
    vertex 18.357358932495117 6.818148136138916 1.0000028610229492
    vertex 18.874996185302734 6.75 1.0000028610229492
  endloop
endfacet
facet normal 0.0 0.0 0.0
  outer loop
    vertex 18.8749942779541 6.75 2.86102294921875e-06
    vertex 18.874996185302734 6.75 1.0000028610229492
    vertex 19.39263153076172 6.818148136138916 2.86102294921875e-06
  endloop
endfacet
facet normal 0.0 0.0 0.0
  outer loop
    vertex 19.39263153076172 6.818148136138916 2.86102294921875e-06
    vertex 18.874996185302734 6.75 1.0000028610229492
    vertex 19.39263343811035 6.818148136138916 1.0000028610229492
  endloop
endfacet
facet normal 0.0 0.0 0.0
  outer loop
    vertex 19.39263153076172 6.818148136138916 2.86102294921875e-06
    vertex 19.39263343811035 6.818148136138916 1.0000028610229492
    vertex 19.8749942779541 7.017949104309082 2.86102294921875e-06
  endloop
endfacet
facet normal 0.0 0.0 0.0
  outer loop
    vertex 19.8749942779541 7.017949104309082 2.86102294921875e-06
    vertex 19.39263343811035 6.818148136138916 1.0000028610229492
    vertex 19.874996185302734 7.017949104309082 1.0000028610229492
  endloop
endfacet
facet normal 0.0 0.0 0.0
  outer loop
    vertex 19.8749942779541 7.017949104309082 2.86102294921875e-06
    vertex 19.874996185302734 7.017949104309082 1.0000028610229492
    vertex 20.289207458496094 7.33578634262085 2.86102294921875e-06
  endloop
endfacet
facet normal 0.0 0.0 0.0
  outer loop
    vertex 20.289207458496094 7.33578634262085 2.86102294921875e-06
    vertex 19.874996185302734 7.017949104309082 1.0000028610229492
    vertex 20.289209365844727 7.33578634262085 1.0000028610229492
  endloop
endfacet
facet normal 0.0 0.0 0.0
  outer loop
    vertex 20.289207458496094 7.33578634262085 2.86102294921875e-06
    vertex 20.289209365844727 7.33578634262085 1.0000028610229492
    vertex 20.607044219970703 7.75 2.86102294921875e-06
  endloop
endfacet
facet normal 0.0 0.0 0.0
  outer loop
    vertex 20.607044219970703 7.75 2.86102294921875e-06
    vertex 20.289209365844727 7.33578634262085 1.0000028610229492
    vertex 20.607046127319336 7.75 1.0000028610229492
  endloop
endfacet
facet normal 0.0 0.0 0.0
  outer loop
    vertex 20.607044219970703 7.75 2.86102294921875e-06
    vertex 20.607046127319336 7.75 1.0000028610229492
    vertex 20.806846618652344 8.232361793518066 2.86102294921875e-06
  endloop
endfacet
facet normal 0.0 0.0 0.0
  outer loop
    vertex 20.806846618652344 8.232361793518066 2.86102294921875e-06
    vertex 20.607046127319336 7.75 1.0000028610229492
    vertex 20.806848526000977 8.232361793518066 1.0000028610229492
  endloop
endfacet
facet normal 0.0 0.0 0.0
  outer loop
    vertex 20.806846618652344 8.232361793518066 2.86102294921875e-06
    vertex 20.806848526000977 8.232361793518066 1.0000028610229492
    vertex 20.8749942779541 8.75 2.86102294921875e-06
  endloop
endfacet
facet normal 0.0 0.0 0.0
  outer loop
    vertex 20.8749942779541 8.75 2.86102294921875e-06
    vertex 20.806848526000977 8.232361793518066 1.0000028610229492
    vertex 20.874996185302734 8.75 1.0000028610229492
  endloop
endfacet
facet normal 0.0 0.0 0.0
  outer loop
    vertex 20.8749942779541 8.75 2.86102294921875e-06
    vertex 20.874996185302734 8.75 1.0000028610229492
    vertex 20.806846618652344 9.267638206481934 2.86102294921875e-06
  endloop
endfacet
facet normal 0.0 0.0 0.0
  outer loop
    vertex 20.806846618652344 9.267638206481934 2.86102294921875e-06
    vertex 20.874996185302734 8.75 1.0000028610229492
    vertex 20.806848526000977 9.267638206481934 1.0000028610229492
  endloop
endfacet
facet normal 0.0 0.0 0.0
  outer loop
    vertex 20.806846618652344 9.267638206481934 2.86102294921875e-06
    vertex 20.806848526000977 9.267638206481934 1.0000028610229492
    vertex 20.607044219970703 9.75 2.86102294921875e-06
  endloop
endfacet
facet normal 0.0 0.0 0.0
  outer loop
    vertex 20.607044219970703 9.75 2.86102294921875e-06
    vertex 20.806848526000977 9.267638206481934 1.0000028610229492
    vertex 20.607046127319336 9.75 1.0000028610229492
  endloop
endfacet
facet normal 0.0 0.0 0.0
  outer loop
    vertex 20.607044219970703 9.75 2.86102294921875e-06
    vertex 20.607046127319336 9.75 1.0000028610229492
    vertex 20.289207458496094 10.164213180541992 2.86102294921875e-06
  endloop
endfacet
facet normal 0.0 0.0 0.0
  outer loop
    vertex 20.289207458496094 10.164213180541992 2.86102294921875e-06
    vertex 20.607046127319336 9.75 1.0000028610229492
    vertex 20.289209365844727 10.164213180541992 1.0000028610229492
  endloop
endfacet
facet normal 0.0 0.0 0.0
  outer loop
    vertex 20.289207458496094 10.164213180541992 2.86102294921875e-06
    vertex 20.289209365844727 10.164213180541992 1.0000028610229492
    vertex 19.8749942779541 10.482050895690918 2.86102294921875e-06
  endloop
endfacet
facet normal 0.0 0.0 0.0
  outer loop
    vertex 19.8749942779541 10.482050895690918 2.86102294921875e-06
    vertex 20.289209365844727 10.164213180541992 1.0000028610229492
    vertex 19.874996185302734 10.482050895690918 1.0000028610229492
  endloop
endfacet
facet normal 0.0 0.0 0.0
  outer loop
    vertex 19.8749942779541 10.482050895690918 2.86102294921875e-06
    vertex 19.874996185302734 10.482050895690918 1.0000028610229492
    vertex 19.39263153076172 10.681851387023926 2.86102294921875e-06
  endloop
endfacet
facet normal 0.0 0.0 0.0
  outer loop
    vertex 19.39263153076172 10.681851387023926 2.86102294921875e-06
    vertex 19.874996185302734 10.482050895690918 1.0000028610229492
    vertex 19.39263343811035 10.681851387023926 1.0000028610229492
  endloop
endfacet
facet normal 0.0 0.0 0.0
  outer loop
    vertex 19.39263153076172 10.681851387023926 2.86102294921875e-06
    vertex 19.39263343811035 10.681851387023926 1.0000028610229492
    vertex 18.8749942779541 10.75 2.86102294921875e-06
  endloop
endfacet
facet normal 0.0 0.0 0.0
  outer loop
    vertex 18.8749942779541 10.75 2.86102294921875e-06
    vertex 19.39263343811035 10.681851387023926 1.0000028610229492
    vertex 18.874996185302734 10.75 1.0000028610229492
  endloop
endfacet
facet normal 0.0 0.0 0.0
  outer loop
    vertex 18.8749942779541 10.75 2.86102294921875e-06
    vertex 18.874996185302734 10.75 1.0000028610229492
    vertex 18.357357025146484 10.681851387023926 2.86102294921875e-06
  endloop
endfacet
facet normal 0.0 0.0 0.0
  outer loop
    vertex 18.357357025146484 10.681851387023926 2.86102294921875e-06
    vertex 18.874996185302734 10.75 1.0000028610229492
    vertex 18.357358932495117 10.681851387023926 1.0000028610229492
  endloop
endfacet
facet normal 0.0 0.0 0.0
  outer loop
    vertex 18.357357025146484 10.681851387023926 2.86102294921875e-06
    vertex 18.357358932495117 10.681851387023926 1.0000028610229492
    vertex 17.8749942779541 10.482050895690918 2.86102294921875e-06
  endloop
endfacet
facet normal 0.0 0.0 0.0
  outer loop
    vertex 17.8749942779541 10.482050895690918 2.86102294921875e-06
    vertex 18.357358932495117 10.681851387023926 1.0000028610229492
    vertex 17.874996185302734 10.482050895690918 1.0000028610229492
  endloop
endfacet
facet normal 0.0 0.0 0.0
  outer loop
    vertex 17.8749942779541 10.482050895690918 2.86102294921875e-06
    vertex 17.874996185302734 10.482050895690918 1.0000028610229492
    vertex 17.46078109741211 10.164213180541992 2.86102294921875e-06
  endloop
endfacet
facet normal 0.0 0.0 0.0
  outer loop
    vertex 17.46078109741211 10.164213180541992 2.86102294921875e-06
    vertex 17.874996185302734 10.482050895690918 1.0000028610229492
    vertex 17.460783004760742 10.164213180541992 1.0000028610229492
  endloop
endfacet
facet normal 0.0 0.0 0.0
  outer loop
    vertex 17.46078109741211 10.164213180541992 2.86102294921875e-06
    vertex 17.460783004760742 10.164213180541992 1.0000028610229492
    vertex 17.1429443359375 9.75 2.86102294921875e-06
  endloop
endfacet
facet normal 0.0 0.0 0.0
  outer loop
    vertex 17.1429443359375 9.75 2.86102294921875e-06
    vertex 17.460783004760742 10.164213180541992 1.0000028610229492
    vertex 17.142946243286133 9.75 1.0000028610229492
  endloop
endfacet
facet normal 0.0 0.0 0.0
  outer loop
    vertex 17.1429443359375 9.75 2.86102294921875e-06
    vertex 17.142946243286133 9.75 1.0000028610229492
    vertex 16.94314193725586 9.267638206481934 2.86102294921875e-06
  endloop
endfacet
facet normal 0.0 0.0 0.0
  outer loop
    vertex 16.94314193725586 9.267638206481934 2.86102294921875e-06
    vertex 17.142946243286133 9.75 1.0000028610229492
    vertex 16.943143844604492 9.267638206481934 1.0000028610229492
  endloop
endfacet
facet normal 0.0 0.0 0.0
  outer loop
    vertex 33.199459075927734 0.9223648905754089 1.9073486328125e-06
    vertex 33.199459075927734 0.9223648905754089 1.0000019073486328
    vertex 33.124996185302734 -5.551115123125783e-16 1.9073486328125e-06
  endloop
endfacet
facet normal 0.0 0.0 0.0
  outer loop
    vertex 33.124996185302734 -5.551115123125783e-16 1.9073486328125e-06
    vertex 33.199459075927734 0.9223648905754089 1.0000019073486328
    vertex 33.124996185302734 -7.041718939143572e-16 1.0000019073486328
  endloop
endfacet
facet normal 0.0 0.0 0.0
  outer loop
    vertex 33.124996185302734 -5.551115123125783e-16 1.9073486328125e-06
    vertex 33.124996185302734 -7.041718939143572e-16 1.0000019073486328
    vertex 33.199459075927734 -0.9223648905754089 1.9073486328125e-06
  endloop
endfacet
facet normal 0.0 0.0 0.0
  outer loop
    vertex 33.199459075927734 -0.9223648905754089 1.9073486328125e-06
    vertex 33.124996185302734 -7.041718939143572e-16 1.0000019073486328
    vertex 33.199459075927734 -0.9223648905754089 1.0000019073486328
  endloop
endfacet
facet normal 0.0 0.0 0.0
  outer loop
    vertex 33.199459075927734 -0.9223648905754089 1.9073486328125e-06
    vertex 33.199459075927734 -0.9223648905754089 1.0000019073486328
    vertex 33.4209098815918 -1.8208409547805786 1.9073486328125e-06
  endloop
endfacet
facet normal 0.0 0.0 0.0
  outer loop
    vertex 33.4209098815918 -1.8208409547805786 1.9073486328125e-06
    vertex 33.199459075927734 -0.9223648905754089 1.0000019073486328
    vertex 33.4209098815918 -1.8208409547805786 1.0000019073486328
  endloop
endfacet
facet normal 0.0 0.0 0.0
  outer loop
    vertex 33.4209098815918 -1.8208409547805786 1.9073486328125e-06
    vertex 33.4209098815918 -1.8208409547805786 1.0000019073486328
    vertex 33.78362274169922 -2.6721582412719727 1.9073486328125e-06
  endloop
endfacet
facet normal 0.0 0.0 0.0
  outer loop
    vertex 33.78362274169922 -2.6721582412719727 1.9073486328125e-06
    vertex 33.4209098815918 -1.8208409547805786 1.0000019073486328
    vertex 33.78362274169922 -2.6721582412719727 1.0000019073486328
  endloop
endfacet
facet normal 0.0 0.0 0.0
  outer loop
    vertex 33.78362274169922 -2.6721582412719727 1.9073486328125e-06
    vertex 33.78362274169922 -2.6721582412719727 1.0000019073486328
    vertex 34.278202056884766 -3.454267978668213 1.9073486328125e-06
  endloop
endfacet
facet normal 0.0 0.0 0.0
  outer loop
    vertex 34.278202056884766 -3.454267978668213 1.9073486328125e-06
    vertex 33.78362274169922 -2.6721582412719727 1.0000019073486328
    vertex 34.278202056884766 -3.454267978668213 1.0000019073486328
  endloop
endfacet
facet normal 0.0 0.0 0.0
  outer loop
    vertex 34.278202056884766 -3.454267978668213 1.9073486328125e-06
    vertex 34.278202056884766 -3.454267978668213 1.0000019073486328
    vertex 34.89183044433594 -4.146914005279541 9.5367431640625e-07
  endloop
endfacet
facet normal 0.0 0.0 0.0
  outer loop
    vertex 34.89183044433594 -4.146914005279541 9.5367431640625e-07
    vertex 34.278202056884766 -3.454267978668213 1.0000019073486328
    vertex 34.89183044433594 -4.146914005279541 1.0000009536743164
  endloop
endfacet
facet normal 0.0 0.0 0.0
  outer loop
    vertex 34.89183044433594 -4.146914005279541 9.5367431640625e-07
    vertex 34.89183044433594 -4.146914005279541 1.0000009536743164
    vertex 35.60862350463867 -4.732157230377197 9.5367431640625e-07
  endloop
endfacet
facet normal 0.0 0.0 0.0
  outer loop
    vertex 35.60862350463867 -4.732157230377197 9.5367431640625e-07
    vertex 34.89183044433594 -4.146914005279541 1.0000009536743164
    vertex 35.60862350463867 -4.732157230377197 1.0000009536743164
  endloop
endfacet
facet normal 0.0 0.0 0.0
  outer loop
    vertex 35.60862350463867 -4.732157230377197 9.5367431640625e-07
    vertex 35.60862350463867 -4.732157230377197 1.0000009536743164
    vertex 36.41001510620117 -5.194839954376221 9.5367431640625e-07
  endloop
endfacet
facet normal 0.0 0.0 0.0
  outer loop
    vertex 36.41001510620117 -5.194839954376221 9.5367431640625e-07
    vertex 35.60862350463867 -4.732157230377197 1.0000009536743164
    vertex 36.41001510620117 -5.194839954376221 1.0000009536743164
  endloop
endfacet
facet normal 0.0 0.0 0.0
  outer loop
    vertex 36.41001510620117 -5.194839954376221 9.5367431640625e-07
    vertex 36.41001510620117 -5.194839954376221 1.0000009536743164
    vertex 37.275245666503906 -5.522979259490967 9.5367431640625e-07
  endloop
endfacet
facet normal 0.0 0.0 0.0
  outer loop
    vertex 37.275245666503906 -5.522979259490967 9.5367431640625e-07
    vertex 36.41001510620117 -5.194839954376221 1.0000009536743164
    vertex 37.275245666503906 -5.522979259490967 1.0000009536743164
  endloop
endfacet
facet normal 0.0 0.0 0.0
  outer loop
    vertex 37.275245666503906 -5.522979259490967 9.5367431640625e-07
    vertex 37.275245666503906 -5.522979259490967 1.0000009536743164
    vertex 38.18191146850586 -5.708076000213623 9.5367431640625e-07
  endloop
endfacet
facet normal 0.0 0.0 0.0
  outer loop
    vertex 38.18191146850586 -5.708076000213623 9.5367431640625e-07
    vertex 37.275245666503906 -5.522979259490967 1.0000009536743164
    vertex 38.18191146850586 -5.708076000213623 1.0000009536743164
  endloop
endfacet
facet normal 0.0 0.0 0.0
  outer loop
    vertex 38.18191146850586 -5.708076000213623 9.5367431640625e-07
    vertex 38.18191146850586 -5.708076000213623 1.0000009536743164
    vertex 39.10652542114258 -5.745336532592773 9.5367431640625e-07
  endloop
endfacet
facet normal 0.0 0.0 0.0
  outer loop
    vertex 39.10652542114258 -5.745336532592773 9.5367431640625e-07
    vertex 38.18191146850586 -5.708076000213623 1.0000009536743164
    vertex 39.10652542114258 -5.745336532592773 1.0000009536743164
  endloop
endfacet
facet normal 0.0 0.0 0.0
  outer loop
    vertex 39.10652542114258 -5.745336532592773 9.5367431640625e-07
    vertex 39.10652542114258 -5.745336532592773 1.0000009536743164
    vertex 40.025142669677734 -5.633796215057373 9.5367431640625e-07
  endloop
endfacet
facet normal 0.0 0.0 0.0
  outer loop
    vertex 40.025142669677734 -5.633796215057373 9.5367431640625e-07
    vertex 39.10652542114258 -5.745336532592773 1.0000009536743164
    vertex 40.025142669677734 -5.633796215057373 1.0000009536743164
  endloop
endfacet
facet normal 0.0 0.0 0.0
  outer loop
    vertex 40.025142669677734 -5.633796215057373 9.5367431640625e-07
    vertex 40.025142669677734 -5.633796215057373 1.0000009536743164
    vertex 40.91397476196289 -5.376343250274658 9.5367431640625e-07
  endloop
endfacet
facet normal 0.0 0.0 0.0
  outer loop
    vertex 40.91397476196289 -5.376343250274658 9.5367431640625e-07
    vertex 40.025142669677734 -5.633796215057373 1.0000009536743164
    vertex 40.91397476196289 -5.376343250274658 1.0000009536743164
  endloop
endfacet
facet normal 0.0 0.0 0.0
  outer loop
    vertex 40.91397476196289 -5.376343250274658 9.5367431640625e-07
    vertex 40.91397476196289 -5.376343250274658 1.0000009536743164
    vertex 41.749996185302734 -4.9796462059021 9.5367431640625e-07
  endloop
endfacet
facet normal 0.0 0.0 0.0
  outer loop
    vertex 41.749996185302734 -4.9796462059021 9.5367431640625e-07
    vertex 40.91397476196289 -5.376343250274658 1.0000009536743164
    vertex 41.749996185302734 -4.9796462059021 1.0000009536743164
  endloop
endfacet
facet normal 0.0 0.0 0.0
  outer loop
    vertex 41.749996185302734 -4.9796462059021 9.5367431640625e-07
    vertex 41.749996185302734 -4.9796462059021 1.0000009536743164
    vertex 42.511558532714844 -4.453978538513184 9.5367431640625e-07
  endloop
endfacet
facet normal 0.0 0.0 0.0
  outer loop
    vertex 42.511558532714844 -4.453978538513184 9.5367431640625e-07
    vertex 41.749996185302734 -4.9796462059021 1.0000009536743164
    vertex 42.511558532714844 -4.453978538513184 1.0000009536743164
  endloop
endfacet
facet normal 0.0 0.0 0.0
  outer loop
    vertex 42.511558532714844 -4.453978538513184 9.5367431640625e-07
    vertex 42.511558532714844 -4.453978538513184 1.0000009536743164
    vertex 43.178932189941406 -3.812955379486084 9.5367431640625e-07
  endloop
endfacet
facet normal 0.0 0.0 0.0
  outer loop
    vertex 43.178932189941406 -3.812955379486084 9.5367431640625e-07
    vertex 42.511558532714844 -4.453978538513184 1.0000009536743164
    vertex 43.178932189941406 -3.812955379486084 1.0000009536743164
  endloop
endfacet
facet normal 0.0 0.0 0.0
  outer loop
    vertex 43.178932189941406 -3.812955379486084 9.5367431640625e-07
    vertex 43.178932189941406 -3.812955379486084 1.0000009536743164
    vertex 43.734840393066406 -3.07317852973938 9.5367431640625e-07
  endloop
endfacet
facet normal 0.0 0.0 0.0
  outer loop
    vertex 43.734840393066406 -3.07317852973938 9.5367431640625e-07
    vertex 43.178932189941406 -3.812955379486084 1.0000009536743164
    vertex 43.734840393066406 -3.07317852973938 1.0000009536743164
  endloop
endfacet
facet normal 0.0 0.0 0.0
  outer loop
    vertex 43.734840393066406 -3.07317852973938 9.5367431640625e-07
    vertex 43.734840393066406 -3.07317852973938 1.0000009536743164
    vertex 44.164878845214844 -2.25380802154541 9.5367431640625e-07
  endloop
endfacet
facet normal 0.0 0.0 0.0
  outer loop
    vertex 44.164878845214844 -2.25380802154541 9.5367431640625e-07
    vertex 43.734840393066406 -3.07317852973938 1.0000009536743164
    vertex 44.164878845214844 -2.25380802154541 1.0000009536743164
  endloop
endfacet
facet normal 0.0 0.0 0.0
  outer loop
    vertex 44.164878845214844 -2.25380802154541 9.5367431640625e-07
    vertex 44.164878845214844 -2.25380802154541 1.0000009536743164
    vertex 44.45791244506836 -1.3760650157928467 0.0
  endloop
endfacet
facet normal 0.0 0.0 0.0
  outer loop
    vertex 44.45791244506836 -1.3760650157928467 0.0
    vertex 44.164878845214844 -2.25380802154541 1.0000009536743164
    vertex 44.45791244506836 -1.3760650157928467 1.0
  endloop
endfacet
facet normal 0.0 0.0 0.0
  outer loop
    vertex 44.45791244506836 -1.3760650157928467 0.0
    vertex 44.45791244506836 -1.3760650157928467 1.0
    vertex 44.60634994506836 -0.4626827836036682 0.0
  endloop
endfacet
facet normal 0.0 0.0 0.0
  outer loop
    vertex 44.60634994506836 -0.4626827836036682 0.0
    vertex 44.45791244506836 -1.3760650157928467 1.0
    vertex 44.60634994506836 -0.4626827836036682 1.0
  endloop
endfacet
facet normal 0.0 0.0 0.0
  outer loop
    vertex 44.60634994506836 -0.4626827836036682 0.0
    vertex 44.60634994506836 -0.4626827836036682 1.0
    vertex 44.60634994506836 0.4626827836036682 0.0
  endloop
endfacet
facet normal 0.0 0.0 0.0
  outer loop
    vertex 44.60634994506836 0.4626827836036682 0.0
    vertex 44.60634994506836 -0.4626827836036682 1.0
    vertex 44.60634994506836 0.4626827836036682 1.0
  endloop
endfacet
facet normal 0.0 0.0 0.0
  outer loop
    vertex 44.60634994506836 0.4626827836036682 0.0
    vertex 44.60634994506836 0.4626827836036682 1.0
    vertex 44.45791244506836 1.3760650157928467 0.0
  endloop
endfacet
facet normal 0.0 0.0 0.0
  outer loop
    vertex 44.45791244506836 1.3760650157928467 0.0
    vertex 44.60634994506836 0.4626827836036682 1.0
    vertex 44.45791244506836 1.3760650157928467 1.0
  endloop
endfacet
facet normal 0.0 0.0 0.0
  outer loop
    vertex 44.45791244506836 1.3760650157928467 0.0
    vertex 44.45791244506836 1.3760650157928467 1.0
    vertex 44.164878845214844 2.25380802154541 9.5367431640625e-07
  endloop
endfacet
facet normal 0.0 0.0 0.0
  outer loop
    vertex 44.164878845214844 2.25380802154541 9.5367431640625e-07
    vertex 44.45791244506836 1.3760650157928467 1.0
    vertex 44.164878845214844 2.25380802154541 1.0000009536743164
  endloop
endfacet
facet normal 0.0 0.0 0.0
  outer loop
    vertex 44.164878845214844 2.25380802154541 9.5367431640625e-07
    vertex 44.164878845214844 2.25380802154541 1.0000009536743164
    vertex 43.734840393066406 3.07317852973938 9.5367431640625e-07
  endloop
endfacet
facet normal 0.0 0.0 0.0
  outer loop
    vertex 43.734840393066406 3.07317852973938 9.5367431640625e-07
    vertex 44.164878845214844 2.25380802154541 1.0000009536743164
    vertex 43.734840393066406 3.07317852973938 1.0000009536743164
  endloop
endfacet
facet normal 0.0 0.0 0.0
  outer loop
    vertex 43.734840393066406 3.07317852973938 9.5367431640625e-07
    vertex 43.734840393066406 3.07317852973938 1.0000009536743164
    vertex 43.178932189941406 3.812955379486084 9.5367431640625e-07
  endloop
endfacet
facet normal 0.0 0.0 0.0
  outer loop
    vertex 43.178932189941406 3.812955379486084 9.5367431640625e-07
    vertex 43.734840393066406 3.07317852973938 1.0000009536743164
    vertex 43.178932189941406 3.812955379486084 1.0000009536743164
  endloop
endfacet
facet normal 0.0 0.0 0.0
  outer loop
    vertex 43.178932189941406 3.812955379486084 9.5367431640625e-07
    vertex 43.178932189941406 3.812955379486084 1.0000009536743164
    vertex 42.511558532714844 4.453978538513184 9.5367431640625e-07
  endloop
endfacet
facet normal 0.0 0.0 0.0
  outer loop
    vertex 42.511558532714844 4.453978538513184 9.5367431640625e-07
    vertex 43.178932189941406 3.812955379486084 1.0000009536743164
    vertex 42.511558532714844 4.453978538513184 1.0000009536743164
  endloop
endfacet
facet normal 0.0 0.0 0.0
  outer loop
    vertex 42.511558532714844 4.453978538513184 9.5367431640625e-07
    vertex 42.511558532714844 4.453978538513184 1.0000009536743164
    vertex 41.749996185302734 4.9796462059021 9.5367431640625e-07
  endloop
endfacet
facet normal 0.0 0.0 0.0
  outer loop
    vertex 41.749996185302734 4.9796462059021 9.5367431640625e-07
    vertex 42.511558532714844 4.453978538513184 1.0000009536743164
    vertex 41.749996185302734 4.9796462059021 1.0000009536743164
  endloop
endfacet
facet normal 0.0 0.0 0.0
  outer loop
    vertex 41.749996185302734 4.9796462059021 9.5367431640625e-07
    vertex 41.749996185302734 4.9796462059021 1.0000009536743164
    vertex 40.91397476196289 5.376343250274658 9.5367431640625e-07
  endloop
endfacet
facet normal 0.0 0.0 0.0
  outer loop
    vertex 40.91397476196289 5.376343250274658 9.5367431640625e-07
    vertex 41.749996185302734 4.9796462059021 1.0000009536743164
    vertex 40.91397476196289 5.376343250274658 1.0000009536743164
  endloop
endfacet
facet normal 0.0 0.0 0.0
  outer loop
    vertex 40.91397476196289 5.376343250274658 9.5367431640625e-07
    vertex 40.91397476196289 5.376343250274658 1.0000009536743164
    vertex 40.025142669677734 5.633796215057373 9.5367431640625e-07
  endloop
endfacet
facet normal 0.0 0.0 0.0
  outer loop
    vertex 40.025142669677734 5.633796215057373 9.5367431640625e-07
    vertex 40.91397476196289 5.376343250274658 1.0000009536743164
    vertex 40.025142669677734 5.633796215057373 1.0000009536743164
  endloop
endfacet
facet normal 0.0 0.0 0.0
  outer loop
    vertex 40.025142669677734 5.633796215057373 9.5367431640625e-07
    vertex 40.025142669677734 5.633796215057373 1.0000009536743164
    vertex 39.10652542114258 5.745336532592773 9.5367431640625e-07
  endloop
endfacet
facet normal 0.0 0.0 0.0
  outer loop
    vertex 39.10652542114258 5.745336532592773 9.5367431640625e-07
    vertex 40.025142669677734 5.633796215057373 1.0000009536743164
    vertex 39.10652542114258 5.745336532592773 1.0000009536743164
  endloop
endfacet
facet normal 0.0 0.0 0.0
  outer loop
    vertex 39.10652542114258 5.745336532592773 9.5367431640625e-07
    vertex 39.10652542114258 5.745336532592773 1.0000009536743164
    vertex 38.18191146850586 5.708076000213623 9.5367431640625e-07
  endloop
endfacet
facet normal 0.0 0.0 0.0
  outer loop
    vertex 38.18191146850586 5.708076000213623 9.5367431640625e-07
    vertex 39.10652542114258 5.745336532592773 1.0000009536743164
    vertex 38.18191146850586 5.708076000213623 1.0000009536743164
  endloop
endfacet
facet normal 0.0 0.0 0.0
  outer loop
    vertex 38.18191146850586 5.708076000213623 9.5367431640625e-07
    vertex 38.18191146850586 5.708076000213623 1.0000009536743164
    vertex 37.275245666503906 5.522979259490967 9.5367431640625e-07
  endloop
endfacet
facet normal 0.0 0.0 0.0
  outer loop
    vertex 37.275245666503906 5.522979259490967 9.5367431640625e-07
    vertex 38.18191146850586 5.708076000213623 1.0000009536743164
    vertex 37.275245666503906 5.522979259490967 1.0000009536743164
  endloop
endfacet
facet normal 0.0 0.0 0.0
  outer loop
    vertex 37.275245666503906 5.522979259490967 9.5367431640625e-07
    vertex 37.275245666503906 5.522979259490967 1.0000009536743164
    vertex 36.41001510620117 5.194839954376221 9.5367431640625e-07
  endloop
endfacet
facet normal 0.0 0.0 0.0
  outer loop
    vertex 36.41001510620117 5.194839954376221 9.5367431640625e-07
    vertex 37.275245666503906 5.522979259490967 1.0000009536743164
    vertex 36.41001510620117 5.194839954376221 1.0000009536743164
  endloop
endfacet
facet normal 0.0 0.0 0.0
  outer loop
    vertex 36.41001510620117 5.194839954376221 9.5367431640625e-07
    vertex 36.41001510620117 5.194839954376221 1.0000009536743164
    vertex 35.60862350463867 4.732157230377197 9.5367431640625e-07
  endloop
endfacet
facet normal 0.0 0.0 0.0
  outer loop
    vertex 35.60862350463867 4.732157230377197 9.5367431640625e-07
    vertex 36.41001510620117 5.194839954376221 1.0000009536743164
    vertex 35.60862350463867 4.732157230377197 1.0000009536743164
  endloop
endfacet
facet normal 0.0 0.0 0.0
  outer loop
    vertex 35.60862350463867 4.732157230377197 9.5367431640625e-07
    vertex 35.60862350463867 4.732157230377197 1.0000009536743164
    vertex 34.89183044433594 4.146914005279541 9.5367431640625e-07
  endloop
endfacet
facet normal 0.0 0.0 0.0
  outer loop
    vertex 34.89183044433594 4.146914005279541 9.5367431640625e-07
    vertex 35.60862350463867 4.732157230377197 1.0000009536743164
    vertex 34.89183044433594 4.146914005279541 1.0000009536743164
  endloop
endfacet
facet normal 0.0 0.0 0.0
  outer loop
    vertex 34.89183044433594 4.146914005279541 9.5367431640625e-07
    vertex 34.89183044433594 4.146914005279541 1.0000009536743164
    vertex 34.278202056884766 3.454267978668213 1.9073486328125e-06
  endloop
endfacet
facet normal 0.0 0.0 0.0
  outer loop
    vertex 34.278202056884766 3.454267978668213 1.9073486328125e-06
    vertex 34.89183044433594 4.146914005279541 1.0000009536743164
    vertex 34.278202056884766 3.454267978668213 1.0000019073486328
  endloop
endfacet
facet normal 0.0 0.0 0.0
  outer loop
    vertex 34.278202056884766 3.454267978668213 1.9073486328125e-06
    vertex 34.278202056884766 3.454267978668213 1.0000019073486328
    vertex 33.78362274169922 2.6721582412719727 1.9073486328125e-06
  endloop
endfacet
facet normal 0.0 0.0 0.0
  outer loop
    vertex 33.78362274169922 2.6721582412719727 1.9073486328125e-06
    vertex 34.278202056884766 3.454267978668213 1.0000019073486328
    vertex 33.78362274169922 2.6721582412719727 1.0000019073486328
  endloop
endfacet
facet normal 0.0 0.0 0.0
  outer loop
    vertex 33.78362274169922 2.6721582412719727 1.9073486328125e-06
    vertex 33.78362274169922 2.6721582412719727 1.0000019073486328
    vertex 33.4209098815918 1.8208409547805786 1.9073486328125e-06
  endloop
endfacet
facet normal 0.0 0.0 0.0
  outer loop
    vertex 33.4209098815918 1.8208409547805786 1.9073486328125e-06
    vertex 33.78362274169922 2.6721582412719727 1.0000019073486328
    vertex 33.4209098815918 1.8208409547805786 1.0000019073486328
  endloop
endfacet
facet normal 0.0 0.0 0.0
  outer loop
    vertex 33.4209098815918 1.8208409547805786 1.9073486328125e-06
    vertex 33.4209098815918 1.8208409547805786 1.0000019073486328
    vertex 33.199459075927734 0.9223648905754089 1.9073486328125e-06
  endloop
endfacet
facet normal 0.0 0.0 0.0
  outer loop
    vertex 33.199459075927734 0.9223648905754089 1.9073486328125e-06
    vertex 33.4209098815918 1.8208409547805786 1.0000019073486328
    vertex 33.199459075927734 0.9223648905754089 1.0000019073486328
  endloop
endfacet
facet normal 0.0 0.0 0.0
  outer loop
    vertex -40.32388687133789 -0.38822856545448303 10.500007629394531
    vertex -40.32388687133789 -0.38822856545448303 5.0000081062316895
    vertex -40.374996185302734 8.212079185441416e-16 10.500007629394531
  endloop
endfacet
facet normal 0.0 0.0 0.0
  outer loop
    vertex -40.374996185302734 8.212079185441416e-16 10.500007629394531
    vertex -40.32388687133789 -0.38822856545448303 5.0000081062316895
    vertex -40.374996185302734 8.212079185441416e-16 5.0000081062316895
  endloop
endfacet
facet normal 0.0 0.0 0.0
  outer loop
    vertex -40.374996185302734 8.212079185441416e-16 10.500007629394531
    vertex -40.374996185302734 8.212079185441416e-16 5.0000081062316895
    vertex -40.32388687133789 0.38822856545448303 10.500007629394531
  endloop
endfacet
facet normal 0.0 0.0 0.0
  outer loop
    vertex -40.32388687133789 0.38822856545448303 10.500007629394531
    vertex -40.374996185302734 8.212079185441416e-16 5.0000081062316895
    vertex -40.32388687133789 0.38822856545448303 5.0000081062316895
  endloop
endfacet
facet normal 0.0 0.0 0.0
  outer loop
    vertex -40.32388687133789 0.38822856545448303 10.500007629394531
    vertex -40.32388687133789 0.38822856545448303 5.0000081062316895
    vertex -40.17403793334961 0.75 10.500007629394531
  endloop
endfacet
facet normal 0.0 0.0 0.0
  outer loop
    vertex -40.17403793334961 0.75 10.500007629394531
    vertex -40.32388687133789 0.38822856545448303 5.0000081062316895
    vertex -40.17403793334961 0.75 5.0000081062316895
  endloop
endfacet
facet normal 0.0 0.0 0.0
  outer loop
    vertex -40.17403793334961 0.75 10.500007629394531
    vertex -40.17403793334961 0.75 5.0000081062316895
    vertex -39.9356575012207 1.0606601238250732 10.500007629394531
  endloop
endfacet
facet normal 0.0 0.0 0.0
  outer loop
    vertex -39.9356575012207 1.0606601238250732 10.500007629394531
    vertex -40.17403793334961 0.75 5.0000081062316895
    vertex -39.9356575012207 1.0606601238250732 5.0000081062316895
  endloop
endfacet
facet normal 0.0 0.0 0.0
  outer loop
    vertex -39.9356575012207 1.0606601238250732 10.500007629394531
    vertex -39.9356575012207 1.0606601238250732 5.0000081062316895
    vertex -39.624996185302734 1.299038052558899 10.500007629394531
  endloop
endfacet
facet normal 0.0 0.0 0.0
  outer loop
    vertex -39.624996185302734 1.299038052558899 10.500007629394531
    vertex -39.9356575012207 1.0606601238250732 5.0000081062316895
    vertex -39.624996185302734 1.299038052558899 5.0000081062316895
  endloop
endfacet
facet normal 0.0 0.0 0.0
  outer loop
    vertex -39.624996185302734 1.299038052558899 10.500007629394531
    vertex -39.624996185302734 1.299038052558899 5.0000081062316895
    vertex -39.26322555541992 1.4488887786865234 10.500007629394531
  endloop
endfacet
facet normal 0.0 0.0 0.0
  outer loop
    vertex -39.26322555541992 1.4488887786865234 10.500007629394531
    vertex -39.624996185302734 1.299038052558899 5.0000081062316895
    vertex -39.26322555541992 1.4488887786865234 5.0000081062316895
  endloop
endfacet
facet normal 0.0 0.0 0.0
  outer loop
    vertex -39.26322555541992 1.4488887786865234 10.500007629394531
    vertex -39.26322555541992 1.4488887786865234 5.0000081062316895
    vertex -38.874996185302734 1.5 10.500007629394531
  endloop
endfacet
facet normal 0.0 0.0 0.0
  outer loop
    vertex -38.874996185302734 1.5 10.500007629394531
    vertex -39.26322555541992 1.4488887786865234 5.0000081062316895
    vertex -38.874996185302734 1.5 5.0000081062316895
  endloop
endfacet
facet normal 0.0 0.0 0.0
  outer loop
    vertex -38.874996185302734 1.5 10.500007629394531
    vertex -38.874996185302734 1.5 5.0000081062316895
    vertex -38.48676681518555 1.4488887786865234 10.500007629394531
  endloop
endfacet
facet normal 0.0 0.0 0.0
  outer loop
    vertex -38.48676681518555 1.4488887786865234 10.500007629394531
    vertex -38.874996185302734 1.5 5.0000081062316895
    vertex -38.48676681518555 1.4488887786865234 5.0000081062316895
  endloop
endfacet
facet normal 0.0 0.0 0.0
  outer loop
    vertex -38.48676681518555 1.4488887786865234 10.500007629394531
    vertex -38.48676681518555 1.4488887786865234 5.0000081062316895
    vertex -38.124996185302734 1.299038052558899 10.500007629394531
  endloop
endfacet
facet normal 0.0 0.0 0.0
  outer loop
    vertex -38.124996185302734 1.299038052558899 10.500007629394531
    vertex -38.48676681518555 1.4488887786865234 5.0000081062316895
    vertex -38.124996185302734 1.299038052558899 5.0000081062316895
  endloop
endfacet
facet normal 0.0 0.0 0.0
  outer loop
    vertex -38.124996185302734 1.299038052558899 10.500007629394531
    vertex -38.124996185302734 1.299038052558899 5.0000081062316895
    vertex -37.814334869384766 1.0606601238250732 10.500007629394531
  endloop
endfacet
facet normal 0.0 0.0 0.0
  outer loop
    vertex -37.814334869384766 1.0606601238250732 10.500007629394531
    vertex -38.124996185302734 1.299038052558899 5.0000081062316895
    vertex -37.814334869384766 1.0606601238250732 5.0000081062316895
  endloop
endfacet
facet normal 0.0 0.0 0.0
  outer loop
    vertex -37.814334869384766 1.0606601238250732 10.500007629394531
    vertex -37.814334869384766 1.0606601238250732 5.0000081062316895
    vertex -37.57595443725586 0.75 10.500007629394531
  endloop
endfacet
facet normal 0.0 0.0 0.0
  outer loop
    vertex -37.57595443725586 0.75 10.500007629394531
    vertex -37.814334869384766 1.0606601238250732 5.0000081062316895
    vertex -37.57595443725586 0.75 5.0000081062316895
  endloop
endfacet
facet normal 0.0 0.0 0.0
  outer loop
    vertex -37.57595443725586 0.75 10.500007629394531
    vertex -37.57595443725586 0.75 5.0000081062316895
    vertex -37.42610549926758 0.38822856545448303 10.500007629394531
  endloop
endfacet
facet normal 0.0 0.0 0.0
  outer loop
    vertex -37.42610549926758 0.38822856545448303 10.500007629394531
    vertex -37.57595443725586 0.75 5.0000081062316895
    vertex -37.42610549926758 0.38822856545448303 5.0000081062316895
  endloop
endfacet
facet normal 0.0 0.0 0.0
  outer loop
    vertex -37.42610549926758 0.38822856545448303 10.500007629394531
    vertex -37.42610549926758 0.38822856545448303 5.0000081062316895
    vertex -37.374996185302734 6.375108774214766e-16 10.500007629394531
  endloop
endfacet
facet normal 0.0 0.0 0.0
  outer loop
    vertex -37.374996185302734 6.375108774214766e-16 10.500007629394531
    vertex -37.42610549926758 0.38822856545448303 5.0000081062316895
    vertex -37.374996185302734 6.375108774214766e-16 5.0000081062316895
  endloop
endfacet
facet normal 0.0 0.0 0.0
  outer loop
    vertex -37.374996185302734 6.375108774214766e-16 10.500007629394531
    vertex -37.374996185302734 6.375108774214766e-16 5.0000081062316895
    vertex -37.42610549926758 -0.38822856545448303 10.500007629394531
  endloop
endfacet
facet normal 0.0 0.0 0.0
  outer loop
    vertex -37.42610549926758 -0.38822856545448303 10.500007629394531
    vertex -37.374996185302734 6.375108774214766e-16 5.0000081062316895
    vertex -37.42610549926758 -0.38822856545448303 5.0000081062316895
  endloop
endfacet
facet normal 0.0 0.0 0.0
  outer loop
    vertex -37.42610549926758 -0.38822856545448303 10.500007629394531
    vertex -37.42610549926758 -0.38822856545448303 5.0000081062316895
    vertex -37.57595443725586 -0.75 10.500007629394531
  endloop
endfacet
facet normal 0.0 0.0 0.0
  outer loop
    vertex -37.57595443725586 -0.75 10.500007629394531
    vertex -37.42610549926758 -0.38822856545448303 5.0000081062316895
    vertex -37.57595443725586 -0.75 5.0000081062316895
  endloop
endfacet
facet normal 0.0 0.0 0.0
  outer loop
    vertex -37.57595443725586 -0.75 10.500007629394531
    vertex -37.57595443725586 -0.75 5.0000081062316895
    vertex -37.814334869384766 -1.0606601238250732 10.500007629394531
  endloop
endfacet
facet normal 0.0 0.0 0.0
  outer loop
    vertex -37.814334869384766 -1.0606601238250732 10.500007629394531
    vertex -37.57595443725586 -0.75 5.0000081062316895
    vertex -37.814334869384766 -1.0606601238250732 5.0000081062316895
  endloop
endfacet
facet normal 0.0 0.0 0.0
  outer loop
    vertex -37.814334869384766 -1.0606601238250732 10.500007629394531
    vertex -37.814334869384766 -1.0606601238250732 5.0000081062316895
    vertex -38.124996185302734 -1.299038052558899 10.500007629394531
  endloop
endfacet
facet normal 0.0 0.0 0.0
  outer loop
    vertex -38.124996185302734 -1.299038052558899 10.500007629394531
    vertex -37.814334869384766 -1.0606601238250732 5.0000081062316895
    vertex -38.124996185302734 -1.299038052558899 5.0000081062316895
  endloop
endfacet
facet normal 0.0 0.0 0.0
  outer loop
    vertex -38.124996185302734 -1.299038052558899 10.500007629394531
    vertex -38.124996185302734 -1.299038052558899 5.0000081062316895
    vertex -38.48676681518555 -1.4488887786865234 10.500007629394531
  endloop
endfacet
facet normal 0.0 0.0 0.0
  outer loop
    vertex -38.48676681518555 -1.4488887786865234 10.500007629394531
    vertex -38.124996185302734 -1.299038052558899 5.0000081062316895
    vertex -38.48676681518555 -1.4488887786865234 5.0000081062316895
  endloop
endfacet
facet normal 0.0 0.0 0.0
  outer loop
    vertex -38.48676681518555 -1.4488887786865234 10.500007629394531
    vertex -38.48676681518555 -1.4488887786865234 5.0000081062316895
    vertex -38.874996185302734 -1.5 10.500007629394531
  endloop
endfacet
facet normal 0.0 0.0 0.0
  outer loop
    vertex -38.874996185302734 -1.5 10.500007629394531
    vertex -38.48676681518555 -1.4488887786865234 5.0000081062316895
    vertex -38.874996185302734 -1.5 5.0000081062316895
  endloop
endfacet
facet normal 0.0 0.0 0.0
  outer loop
    vertex -38.874996185302734 -1.5 10.500007629394531
    vertex -38.874996185302734 -1.5 5.0000081062316895
    vertex -39.26322555541992 -1.4488887786865234 10.500007629394531
  endloop
endfacet
facet normal 0.0 0.0 0.0
  outer loop
    vertex -39.26322555541992 -1.4488887786865234 10.500007629394531
    vertex -38.874996185302734 -1.5 5.0000081062316895
    vertex -39.26322555541992 -1.4488887786865234 5.0000081062316895
  endloop
endfacet
facet normal 0.0 0.0 0.0
  outer loop
    vertex -39.26322555541992 -1.4488887786865234 10.500007629394531
    vertex -39.26322555541992 -1.4488887786865234 5.0000081062316895
    vertex -39.624996185302734 -1.299038052558899 10.500007629394531
  endloop
endfacet
facet normal 0.0 0.0 0.0
  outer loop
    vertex -39.624996185302734 -1.299038052558899 10.500007629394531
    vertex -39.26322555541992 -1.4488887786865234 5.0000081062316895
    vertex -39.624996185302734 -1.299038052558899 5.0000081062316895
  endloop
endfacet
facet normal 0.0 0.0 0.0
  outer loop
    vertex -39.624996185302734 -1.299038052558899 10.500007629394531
    vertex -39.624996185302734 -1.299038052558899 5.0000081062316895
    vertex -39.9356575012207 -1.0606601238250732 10.500007629394531
  endloop
endfacet
facet normal 0.0 0.0 0.0
  outer loop
    vertex -39.9356575012207 -1.0606601238250732 10.500007629394531
    vertex -39.624996185302734 -1.299038052558899 5.0000081062316895
    vertex -39.9356575012207 -1.0606601238250732 5.0000081062316895
  endloop
endfacet
facet normal 0.0 0.0 0.0
  outer loop
    vertex -39.9356575012207 -1.0606601238250732 10.500007629394531
    vertex -39.9356575012207 -1.0606601238250732 5.0000081062316895
    vertex -40.17403793334961 -0.75 10.500007629394531
  endloop
endfacet
facet normal 0.0 0.0 0.0
  outer loop
    vertex -40.17403793334961 -0.75 10.500007629394531
    vertex -39.9356575012207 -1.0606601238250732 5.0000081062316895
    vertex -40.17403793334961 -0.75 5.0000081062316895
  endloop
endfacet
facet normal 0.0 0.0 0.0
  outer loop
    vertex -40.17403793334961 -0.75 10.500007629394531
    vertex -40.17403793334961 -0.75 5.0000081062316895
    vertex -40.32388687133789 -0.38822856545448303 10.500007629394531
  endloop
endfacet
facet normal 0.0 0.0 0.0
  outer loop
    vertex -40.32388687133789 -0.38822856545448303 10.500007629394531
    vertex -40.17403793334961 -0.75 5.0000081062316895
    vertex -40.32388687133789 -0.38822856545448303 5.0000081062316895
  endloop
endfacet
facet normal 0.0 0.0 0.0
  outer loop
    vertex -40.32388687133789 0.38822856545448303 8.58306884765625e-06
    vertex -40.32388687133789 0.38822856545448303 5.0000081062316895
    vertex -40.374996185302734 5.551115123125783e-16 8.58306884765625e-06
  endloop
endfacet
facet normal 0.0 0.0 0.0
  outer loop
    vertex -40.374996185302734 5.551115123125783e-16 8.58306884765625e-06
    vertex -40.32388687133789 0.38822856545448303 5.0000081062316895
    vertex -40.374996185302734 8.212079185441416e-16 5.0000081062316895
  endloop
endfacet
facet normal 0.0 0.0 0.0
  outer loop
    vertex -40.374996185302734 5.551115123125783e-16 8.58306884765625e-06
    vertex -40.374996185302734 8.212079185441416e-16 5.0000081062316895
    vertex -40.32388687133789 -0.38822856545448303 8.58306884765625e-06
  endloop
endfacet
facet normal 0.0 0.0 0.0
  outer loop
    vertex -40.32388687133789 -0.38822856545448303 8.58306884765625e-06
    vertex -40.374996185302734 8.212079185441416e-16 5.0000081062316895
    vertex -40.32388687133789 -0.38822856545448303 5.0000081062316895
  endloop
endfacet
facet normal 0.0 0.0 0.0
  outer loop
    vertex -40.32388687133789 -0.38822856545448303 8.58306884765625e-06
    vertex -40.32388687133789 -0.38822856545448303 5.0000081062316895
    vertex -40.17403793334961 -0.75 8.58306884765625e-06
  endloop
endfacet
facet normal 0.0 0.0 0.0
  outer loop
    vertex -40.17403793334961 -0.75 8.58306884765625e-06
    vertex -40.32388687133789 -0.38822856545448303 5.0000081062316895
    vertex -40.17403793334961 -0.75 5.0000081062316895
  endloop
endfacet
facet normal 0.0 0.0 0.0
  outer loop
    vertex -40.17403793334961 -0.75 8.58306884765625e-06
    vertex -40.17403793334961 -0.75 5.0000081062316895
    vertex -39.9356575012207 -1.0606601238250732 8.58306884765625e-06
  endloop
endfacet
facet normal 0.0 0.0 0.0
  outer loop
    vertex -39.9356575012207 -1.0606601238250732 8.58306884765625e-06
    vertex -40.17403793334961 -0.75 5.0000081062316895
    vertex -39.9356575012207 -1.0606601238250732 5.0000081062316895
  endloop
endfacet
facet normal 0.0 0.0 0.0
  outer loop
    vertex -39.9356575012207 -1.0606601238250732 8.58306884765625e-06
    vertex -39.9356575012207 -1.0606601238250732 5.0000081062316895
    vertex -39.624996185302734 -1.299038052558899 8.58306884765625e-06
  endloop
endfacet
facet normal 0.0 0.0 0.0
  outer loop
    vertex -39.624996185302734 -1.299038052558899 8.58306884765625e-06
    vertex -39.9356575012207 -1.0606601238250732 5.0000081062316895
    vertex -39.624996185302734 -1.299038052558899 5.0000081062316895
  endloop
endfacet
facet normal 0.0 0.0 0.0
  outer loop
    vertex -39.624996185302734 -1.299038052558899 8.58306884765625e-06
    vertex -39.624996185302734 -1.299038052558899 5.0000081062316895
    vertex -39.26322555541992 -1.4488887786865234 8.58306884765625e-06
  endloop
endfacet
facet normal 0.0 0.0 0.0
  outer loop
    vertex -39.26322555541992 -1.4488887786865234 8.58306884765625e-06
    vertex -39.624996185302734 -1.299038052558899 5.0000081062316895
    vertex -39.26322555541992 -1.4488887786865234 5.0000081062316895
  endloop
endfacet
facet normal 0.0 0.0 0.0
  outer loop
    vertex -39.26322555541992 -1.4488887786865234 8.58306884765625e-06
    vertex -39.26322555541992 -1.4488887786865234 5.0000081062316895
    vertex -38.874996185302734 -1.5 8.58306884765625e-06
  endloop
endfacet
facet normal 0.0 0.0 0.0
  outer loop
    vertex -38.874996185302734 -1.5 8.58306884765625e-06
    vertex -39.26322555541992 -1.4488887786865234 5.0000081062316895
    vertex -38.874996185302734 -1.5 5.0000081062316895
  endloop
endfacet
facet normal 0.0 0.0 0.0
  outer loop
    vertex -38.874996185302734 -1.5 8.58306884765625e-06
    vertex -38.874996185302734 -1.5 5.0000081062316895
    vertex -38.48676681518555 -1.4488887786865234 8.58306884765625e-06
  endloop
endfacet
facet normal 0.0 0.0 0.0
  outer loop
    vertex -38.48676681518555 -1.4488887786865234 8.58306884765625e-06
    vertex -38.874996185302734 -1.5 5.0000081062316895
    vertex -38.48676681518555 -1.4488887786865234 5.0000081062316895
  endloop
endfacet
facet normal 0.0 0.0 0.0
  outer loop
    vertex -38.48676681518555 -1.4488887786865234 8.58306884765625e-06
    vertex -38.48676681518555 -1.4488887786865234 5.0000081062316895
    vertex -38.124996185302734 -1.299038052558899 8.58306884765625e-06
  endloop
endfacet
facet normal 0.0 0.0 0.0
  outer loop
    vertex -38.124996185302734 -1.299038052558899 8.58306884765625e-06
    vertex -38.48676681518555 -1.4488887786865234 5.0000081062316895
    vertex -38.124996185302734 -1.299038052558899 5.0000081062316895
  endloop
endfacet
facet normal 0.0 0.0 0.0
  outer loop
    vertex -38.124996185302734 -1.299038052558899 8.58306884765625e-06
    vertex -38.124996185302734 -1.299038052558899 5.0000081062316895
    vertex -37.814334869384766 -1.0606601238250732 8.58306884765625e-06
  endloop
endfacet
facet normal 0.0 0.0 0.0
  outer loop
    vertex -37.814334869384766 -1.0606601238250732 8.58306884765625e-06
    vertex -38.124996185302734 -1.299038052558899 5.0000081062316895
    vertex -37.814334869384766 -1.0606601238250732 5.0000081062316895
  endloop
endfacet
facet normal 0.0 0.0 0.0
  outer loop
    vertex -37.814334869384766 -1.0606601238250732 8.58306884765625e-06
    vertex -37.814334869384766 -1.0606601238250732 5.0000081062316895
    vertex -37.57595443725586 -0.75 8.58306884765625e-06
  endloop
endfacet
facet normal 0.0 0.0 0.0
  outer loop
    vertex -37.57595443725586 -0.75 8.58306884765625e-06
    vertex -37.814334869384766 -1.0606601238250732 5.0000081062316895
    vertex -37.57595443725586 -0.75 5.0000081062316895
  endloop
endfacet
facet normal 0.0 0.0 0.0
  outer loop
    vertex -37.57595443725586 -0.75 8.58306884765625e-06
    vertex -37.57595443725586 -0.75 5.0000081062316895
    vertex -37.42610549926758 -0.38822856545448303 8.58306884765625e-06
  endloop
endfacet
facet normal 0.0 0.0 0.0
  outer loop
    vertex -37.42610549926758 -0.38822856545448303 8.58306884765625e-06
    vertex -37.57595443725586 -0.75 5.0000081062316895
    vertex -37.42610549926758 -0.38822856545448303 5.0000081062316895
  endloop
endfacet
facet normal 0.0 0.0 0.0
  outer loop
    vertex -37.42610549926758 -0.38822856545448303 8.58306884765625e-06
    vertex -37.42610549926758 -0.38822856545448303 5.0000081062316895
    vertex -37.374996185302734 6.375108774214766e-16 8.58306884765625e-06
  endloop
endfacet
facet normal 0.0 0.0 0.0
  outer loop
    vertex -37.374996185302734 6.375108774214766e-16 8.58306884765625e-06
    vertex -37.42610549926758 -0.38822856545448303 5.0000081062316895
    vertex -37.374996185302734 6.375108774214766e-16 5.0000081062316895
  endloop
endfacet
facet normal 0.0 0.0 0.0
  outer loop
    vertex -37.374996185302734 6.375108774214766e-16 8.58306884765625e-06
    vertex -37.374996185302734 6.375108774214766e-16 5.0000081062316895
    vertex -37.42610549926758 0.38822856545448303 8.58306884765625e-06
  endloop
endfacet
facet normal 0.0 0.0 0.0
  outer loop
    vertex -37.42610549926758 0.38822856545448303 8.58306884765625e-06
    vertex -37.374996185302734 6.375108774214766e-16 5.0000081062316895
    vertex -37.42610549926758 0.38822856545448303 5.0000081062316895
  endloop
endfacet
facet normal 0.0 0.0 0.0
  outer loop
    vertex -37.42610549926758 0.38822856545448303 8.58306884765625e-06
    vertex -37.42610549926758 0.38822856545448303 5.0000081062316895
    vertex -37.57595443725586 0.75 8.58306884765625e-06
  endloop
endfacet
facet normal 0.0 0.0 0.0
  outer loop
    vertex -37.57595443725586 0.75 8.58306884765625e-06
    vertex -37.42610549926758 0.38822856545448303 5.0000081062316895
    vertex -37.57595443725586 0.75 5.0000081062316895
  endloop
endfacet
facet normal 0.0 0.0 0.0
  outer loop
    vertex -37.57595443725586 0.75 8.58306884765625e-06
    vertex -37.57595443725586 0.75 5.0000081062316895
    vertex -37.814334869384766 1.0606601238250732 8.58306884765625e-06
  endloop
endfacet
facet normal 0.0 0.0 0.0
  outer loop
    vertex -37.814334869384766 1.0606601238250732 8.58306884765625e-06
    vertex -37.57595443725586 0.75 5.0000081062316895
    vertex -37.814334869384766 1.0606601238250732 5.0000081062316895
  endloop
endfacet
facet normal 0.0 0.0 0.0
  outer loop
    vertex -37.814334869384766 1.0606601238250732 8.58306884765625e-06
    vertex -37.814334869384766 1.0606601238250732 5.0000081062316895
    vertex -38.124996185302734 1.299038052558899 8.58306884765625e-06
  endloop
endfacet
facet normal 0.0 0.0 0.0
  outer loop
    vertex -38.124996185302734 1.299038052558899 8.58306884765625e-06
    vertex -37.814334869384766 1.0606601238250732 5.0000081062316895
    vertex -38.124996185302734 1.299038052558899 5.0000081062316895
  endloop
endfacet
facet normal 0.0 0.0 0.0
  outer loop
    vertex -38.124996185302734 1.299038052558899 8.58306884765625e-06
    vertex -38.124996185302734 1.299038052558899 5.0000081062316895
    vertex -38.48676681518555 1.4488887786865234 8.58306884765625e-06
  endloop
endfacet
facet normal 0.0 0.0 0.0
  outer loop
    vertex -38.48676681518555 1.4488887786865234 8.58306884765625e-06
    vertex -38.124996185302734 1.299038052558899 5.0000081062316895
    vertex -38.48676681518555 1.4488887786865234 5.0000081062316895
  endloop
endfacet
facet normal 0.0 0.0 0.0
  outer loop
    vertex -38.48676681518555 1.4488887786865234 8.58306884765625e-06
    vertex -38.48676681518555 1.4488887786865234 5.0000081062316895
    vertex -38.874996185302734 1.5 8.58306884765625e-06
  endloop
endfacet
facet normal 0.0 0.0 0.0
  outer loop
    vertex -38.874996185302734 1.5 8.58306884765625e-06
    vertex -38.48676681518555 1.4488887786865234 5.0000081062316895
    vertex -38.874996185302734 1.5 5.0000081062316895
  endloop
endfacet
facet normal 0.0 0.0 0.0
  outer loop
    vertex -38.874996185302734 1.5 8.58306884765625e-06
    vertex -38.874996185302734 1.5 5.0000081062316895
    vertex -39.26322555541992 1.4488887786865234 8.58306884765625e-06
  endloop
endfacet
facet normal 0.0 0.0 0.0
  outer loop
    vertex -39.26322555541992 1.4488887786865234 8.58306884765625e-06
    vertex -38.874996185302734 1.5 5.0000081062316895
    vertex -39.26322555541992 1.4488887786865234 5.0000081062316895
  endloop
endfacet
facet normal 0.0 0.0 0.0
  outer loop
    vertex -39.26322555541992 1.4488887786865234 8.58306884765625e-06
    vertex -39.26322555541992 1.4488887786865234 5.0000081062316895
    vertex -39.624996185302734 1.299038052558899 8.58306884765625e-06
  endloop
endfacet
facet normal 0.0 0.0 0.0
  outer loop
    vertex -39.624996185302734 1.299038052558899 8.58306884765625e-06
    vertex -39.26322555541992 1.4488887786865234 5.0000081062316895
    vertex -39.624996185302734 1.299038052558899 5.0000081062316895
  endloop
endfacet
facet normal 0.0 0.0 0.0
  outer loop
    vertex -39.624996185302734 1.299038052558899 8.58306884765625e-06
    vertex -39.624996185302734 1.299038052558899 5.0000081062316895
    vertex -39.9356575012207 1.0606601238250732 8.58306884765625e-06
  endloop
endfacet
facet normal 0.0 0.0 0.0
  outer loop
    vertex -39.9356575012207 1.0606601238250732 8.58306884765625e-06
    vertex -39.624996185302734 1.299038052558899 5.0000081062316895
    vertex -39.9356575012207 1.0606601238250732 5.0000081062316895
  endloop
endfacet
facet normal 0.0 0.0 0.0
  outer loop
    vertex -39.9356575012207 1.0606601238250732 8.58306884765625e-06
    vertex -39.9356575012207 1.0606601238250732 5.0000081062316895
    vertex -40.17403793334961 0.75 8.58306884765625e-06
  endloop
endfacet
facet normal 0.0 0.0 0.0
  outer loop
    vertex -40.17403793334961 0.75 8.58306884765625e-06
    vertex -39.9356575012207 1.0606601238250732 5.0000081062316895
    vertex -40.17403793334961 0.75 5.0000081062316895
  endloop
endfacet
facet normal 0.0 0.0 0.0
  outer loop
    vertex -40.17403793334961 0.75 8.58306884765625e-06
    vertex -40.17403793334961 0.75 5.0000081062316895
    vertex -40.32388687133789 0.38822856545448303 8.58306884765625e-06
  endloop
endfacet
facet normal 0.0 0.0 0.0
  outer loop
    vertex -40.32388687133789 0.38822856545448303 8.58306884765625e-06
    vertex -40.17403793334961 0.75 5.0000081062316895
    vertex -40.32388687133789 0.38822856545448303 5.0000081062316895
  endloop
endfacet
facet normal 0.0 0.0 0.0
  outer loop
    vertex 38.874996185302734 -17.5 20.0
    vertex 38.874996185302734 -17.5 9.5367431640625e-07
    vertex 40.48969268798828 -17.42534828186035 20.0
  endloop
endfacet
facet normal 0.0 0.0 0.0
  outer loop
    vertex 40.48969268798828 -17.42534828186035 20.0
    vertex 38.874996185302734 -17.5 9.5367431640625e-07
    vertex 40.48969268798828 -17.42534828186035 9.5367431640625e-07
  endloop
endfacet
facet normal 0.0 0.0 0.0
  outer loop
    vertex 40.48969268798828 -17.42534828186035 20.0
    vertex 40.48969268798828 -17.42534828186035 9.5367431640625e-07
    vertex 42.090614318847656 -17.202030181884766 20.0
  endloop
endfacet
facet normal 0.0 0.0 0.0
  outer loop
    vertex 42.090614318847656 -17.202030181884766 20.0
    vertex 40.48969268798828 -17.42534828186035 9.5367431640625e-07
    vertex 42.090614318847656 -17.202030181884766 9.5367431640625e-07
  endloop
endfacet
facet normal 0.0 0.0 0.0
  outer loop
    vertex 42.090614318847656 -17.202030181884766 20.0
    vertex 42.090614318847656 -17.202030181884766 9.5367431640625e-07
    vertex 43.66409683227539 -16.83194923400879 20.0
  endloop
endfacet
facet normal 0.0 0.0 0.0
  outer loop
    vertex 43.66409683227539 -16.83194923400879 20.0
    vertex 42.090614318847656 -17.202030181884766 9.5367431640625e-07
    vertex 43.66409683227539 -16.83194923400879 9.5367431640625e-07
  endloop
endfacet
facet normal 0.0 0.0 0.0
  outer loop
    vertex 43.66409683227539 -16.83194923400879 20.0
    vertex 43.66409683227539 -16.83194923400879 9.5367431640625e-07
    vertex 45.19672393798828 -16.31826400756836 19.999998092651367
  endloop
endfacet
facet normal 0.0 0.0 0.0
  outer loop
    vertex 45.19672393798828 -16.31826400756836 19.999998092651367
    vertex 43.66409683227539 -16.83194923400879 9.5367431640625e-07
    vertex 45.19672393798828 -16.31826400756836 0.0
  endloop
endfacet
facet normal 0.0 0.0 0.0
  outer loop
    vertex 45.19672393798828 -16.31826400756836 19.999998092651367
    vertex 45.19672393798828 -16.31826400756836 0.0
    vertex 46.675418853759766 -15.66535758972168 19.999998092651367
  endloop
endfacet
facet normal 0.0 0.0 0.0
  outer loop
    vertex 46.675418853759766 -15.66535758972168 19.999998092651367
    vertex 45.19672393798828 -16.31826400756836 0.0
    vertex 46.675418853759766 -15.66535758972168 0.0
  endloop
endfacet
facet normal 0.0 0.0 0.0
  outer loop
    vertex 46.675418853759766 -15.66535758972168 19.999998092651367
    vertex 46.675418853759766 -15.66535758972168 0.0
    vertex 48.087554931640625 -14.878799438476562 19.999998092651367
  endloop
endfacet
facet normal 0.0 0.0 0.0
  outer loop
    vertex 48.087554931640625 -14.878799438476562 19.999998092651367
    vertex 46.675418853759766 -15.66535758972168 0.0
    vertex 48.087554931640625 -14.878799438476562 0.0
  endloop
endfacet
facet normal 0.0 0.0 0.0
  outer loop
    vertex 48.087554931640625 -14.878799438476562 19.999998092651367
    vertex 48.087554931640625 -14.878799438476562 0.0
    vertex 49.42109680175781 -13.965301513671875 19.999998092651367
  endloop
endfacet
facet normal 0.0 0.0 0.0
  outer loop
    vertex 49.42109680175781 -13.965301513671875 19.999998092651367
    vertex 48.087554931640625 -14.878799438476562 0.0
    vertex 49.42109680175781 -13.965301513671875 0.0
  endloop
endfacet
facet normal 0.0 0.0 0.0
  outer loop
    vertex 49.42109680175781 -13.965301513671875 19.999998092651367
    vertex 49.42109680175781 -13.965301513671875 0.0
    vertex 50.66466522216797 -12.932656288146973 19.999998092651367
  endloop
endfacet
facet normal 0.0 0.0 0.0
  outer loop
    vertex 50.66466522216797 -12.932656288146973 19.999998092651367
    vertex 49.42109680175781 -13.965301513671875 0.0
    vertex 50.66466522216797 -12.932656288146973 0.0
  endloop
endfacet
facet normal 0.0 0.0 0.0
  outer loop
    vertex 50.66466522216797 -12.932656288146973 19.999998092651367
    vertex 50.66466522216797 -12.932656288146973 0.0
    vertex 51.807647705078125 -11.789673805236816 19.999998092651367
  endloop
endfacet
facet normal 0.0 0.0 0.0
  outer loop
    vertex 51.807647705078125 -11.789673805236816 19.999998092651367
    vertex 50.66466522216797 -12.932656288146973 0.0
    vertex 51.807647705078125 -11.789673805236816 0.0
  endloop
endfacet
facet normal 0.0 0.0 0.0
  outer loop
    vertex 51.807647705078125 -11.789673805236816 19.999998092651367
    vertex 51.807647705078125 -11.789673805236816 0.0
    vertex 52.840293884277344 -10.546106338500977 19.999998092651367
  endloop
endfacet
facet normal 0.0 0.0 0.0
  outer loop
    vertex 52.840293884277344 -10.546106338500977 19.999998092651367
    vertex 51.807647705078125 -11.789673805236816 0.0
    vertex 52.840293884277344 -10.546106338500977 0.0
  endloop
endfacet
facet normal 0.0 0.0 0.0
  outer loop
    vertex 52.840293884277344 -10.546106338500977 19.999998092651367
    vertex 52.840293884277344 -10.546106338500977 0.0
    vertex 53.75379180908203 -9.212562561035156 19.999998092651367
  endloop
endfacet
facet normal 0.0 0.0 0.0
  outer loop
    vertex 53.75379180908203 -9.212562561035156 19.999998092651367
    vertex 52.840293884277344 -10.546106338500977 0.0
    vertex 53.75379180908203 -9.212562561035156 0.0
  endloop
endfacet
facet normal 0.0 0.0 0.0
  outer loop
    vertex 53.75379180908203 -9.212562561035156 19.999998092651367
    vertex 53.75379180908203 -9.212562561035156 0.0
    vertex 54.54035186767578 -7.800421237945557 19.999996185302734
  endloop
endfacet
facet normal 0.0 0.0 0.0
  outer loop
    vertex 54.54035186767578 -7.800421237945557 19.999996185302734
    vertex 53.75379180908203 -9.212562561035156 0.0
    vertex 54.54035186767578 -7.800421237945557 -9.5367431640625e-07
  endloop
endfacet
facet normal 0.0 0.0 0.0
  outer loop
    vertex 54.54035186767578 -7.800421237945557 19.999996185302734
    vertex 54.54035186767578 -7.800421237945557 -9.5367431640625e-07
    vertex 55.19325637817383 -6.3217291831970215 19.999996185302734
  endloop
endfacet
facet normal 0.0 0.0 0.0
  outer loop
    vertex 55.19325637817383 -6.3217291831970215 19.999996185302734
    vertex 54.54035186767578 -7.800421237945557 -9.5367431640625e-07
    vertex 55.19325637817383 -6.3217291831970215 -9.5367431640625e-07
  endloop
endfacet
facet normal 0.0 0.0 0.0
  outer loop
    vertex 55.19325637817383 -6.3217291831970215 19.999996185302734
    vertex 55.19325637817383 -6.3217291831970215 -9.5367431640625e-07
    vertex 55.706939697265625 -4.789102554321289 19.999996185302734
  endloop
endfacet
facet normal 0.0 0.0 0.0
  outer loop
    vertex 55.706939697265625 -4.789102554321289 19.999996185302734
    vertex 55.19325637817383 -6.3217291831970215 -9.5367431640625e-07
    vertex 55.706939697265625 -4.789102554321289 -9.5367431640625e-07
  endloop
endfacet
facet normal 0.0 0.0 0.0
  outer loop
    vertex 55.706939697265625 -4.789102554321289 19.999996185302734
    vertex 55.706939697265625 -4.789102554321289 -9.5367431640625e-07
    vertex 56.077022552490234 -3.215616464614868 19.999996185302734
  endloop
endfacet
facet normal 0.0 0.0 0.0
  outer loop
    vertex 56.077022552490234 -3.215616464614868 19.999996185302734
    vertex 55.706939697265625 -4.789102554321289 -9.5367431640625e-07
    vertex 56.077022552490234 -3.215616464614868 -9.5367431640625e-07
  endloop
endfacet
facet normal 0.0 0.0 0.0
  outer loop
    vertex 56.077022552490234 -3.215616464614868 19.999996185302734
    vertex 56.077022552490234 -3.215616464614868 -9.5367431640625e-07
    vertex 56.30033874511719 -1.6146962642669678 19.999996185302734
  endloop
endfacet
facet normal 0.0 0.0 0.0
  outer loop
    vertex 56.30033874511719 -1.6146962642669678 19.999996185302734
    vertex 56.077022552490234 -3.215616464614868 -9.5367431640625e-07
    vertex 56.30033874511719 -1.6146962642669678 -9.5367431640625e-07
  endloop
endfacet
facet normal 0.0 0.0 0.0
  outer loop
    vertex 56.30033874511719 -1.6146962642669678 19.999996185302734
    vertex 56.30033874511719 -1.6146962642669678 -9.5367431640625e-07
    vertex 56.37499237060547 -3.215280528328095e-15 19.999996185302734
  endloop
endfacet
facet normal 0.0 0.0 0.0
  outer loop
    vertex 56.37499237060547 -3.215280528328095e-15 19.999996185302734
    vertex 56.30033874511719 -1.6146962642669678 -9.5367431640625e-07
    vertex 56.37499237060547 -8.881784197001252e-15 -9.5367431640625e-07
  endloop
endfacet
facet normal 0.0 0.0 0.0
  outer loop
    vertex 56.37499237060547 -3.215280528328095e-15 19.999996185302734
    vertex 56.37499237060547 -8.881784197001252e-15 -9.5367431640625e-07
    vertex 56.30033874511719 1.6146962642669678 19.999996185302734
  endloop
endfacet
facet normal 0.0 0.0 0.0
  outer loop
    vertex 56.30033874511719 1.6146962642669678 19.999996185302734
    vertex 56.37499237060547 -8.881784197001252e-15 -9.5367431640625e-07
    vertex 56.30033874511719 1.6146962642669678 -9.5367431640625e-07
  endloop
endfacet
facet normal 0.0 0.0 0.0
  outer loop
    vertex 56.30033874511719 1.6146962642669678 19.999996185302734
    vertex 56.30033874511719 1.6146962642669678 -9.5367431640625e-07
    vertex 56.077022552490234 3.215616464614868 19.999996185302734
  endloop
endfacet
facet normal 0.0 0.0 0.0
  outer loop
    vertex 56.077022552490234 3.215616464614868 19.999996185302734
    vertex 56.30033874511719 1.6146962642669678 -9.5367431640625e-07
    vertex 56.077022552490234 3.215616464614868 -9.5367431640625e-07
  endloop
endfacet
facet normal 0.0 0.0 0.0
  outer loop
    vertex 56.077022552490234 3.215616464614868 19.999996185302734
    vertex 56.077022552490234 3.215616464614868 -9.5367431640625e-07
    vertex 55.706939697265625 4.789102554321289 19.999996185302734
  endloop
endfacet
facet normal 0.0 0.0 0.0
  outer loop
    vertex 55.706939697265625 4.789102554321289 19.999996185302734
    vertex 56.077022552490234 3.215616464614868 -9.5367431640625e-07
    vertex 55.706939697265625 4.789102554321289 -9.5367431640625e-07
  endloop
endfacet
facet normal 0.0 0.0 0.0
  outer loop
    vertex 55.706939697265625 4.789102554321289 19.999996185302734
    vertex 55.706939697265625 4.789102554321289 -9.5367431640625e-07
    vertex 55.19325637817383 6.3217291831970215 19.999996185302734
  endloop
endfacet
facet normal 0.0 0.0 0.0
  outer loop
    vertex 55.19325637817383 6.3217291831970215 19.999996185302734
    vertex 55.706939697265625 4.789102554321289 -9.5367431640625e-07
    vertex 55.19325637817383 6.3217291831970215 -9.5367431640625e-07
  endloop
endfacet
facet normal 0.0 0.0 0.0
  outer loop
    vertex 55.19325637817383 6.3217291831970215 19.999996185302734
    vertex 55.19325637817383 6.3217291831970215 -9.5367431640625e-07
    vertex 54.54035186767578 7.800421237945557 19.999996185302734
  endloop
endfacet
facet normal 0.0 0.0 0.0
  outer loop
    vertex 54.54035186767578 7.800421237945557 19.999996185302734
    vertex 55.19325637817383 6.3217291831970215 -9.5367431640625e-07
    vertex 54.54035186767578 7.800421237945557 -9.5367431640625e-07
  endloop
endfacet
facet normal 0.0 0.0 0.0
  outer loop
    vertex 54.54035186767578 7.800421237945557 19.999996185302734
    vertex 54.54035186767578 7.800421237945557 -9.5367431640625e-07
    vertex 53.75379180908203 9.212562561035156 19.999998092651367
  endloop
endfacet
facet normal 0.0 0.0 0.0
  outer loop
    vertex 53.75379180908203 9.212562561035156 19.999998092651367
    vertex 54.54035186767578 7.800421237945557 -9.5367431640625e-07
    vertex 53.75379180908203 9.212562561035156 0.0
  endloop
endfacet
facet normal 0.0 0.0 0.0
  outer loop
    vertex 53.75379180908203 9.212562561035156 19.999998092651367
    vertex 53.75379180908203 9.212562561035156 0.0
    vertex 52.840293884277344 10.546106338500977 19.999998092651367
  endloop
endfacet
facet normal 0.0 0.0 0.0
  outer loop
    vertex 52.840293884277344 10.546106338500977 19.999998092651367
    vertex 53.75379180908203 9.212562561035156 0.0
    vertex 52.840293884277344 10.546106338500977 0.0
  endloop
endfacet
facet normal 0.0 0.0 0.0
  outer loop
    vertex 52.840293884277344 10.546106338500977 19.999998092651367
    vertex 52.840293884277344 10.546106338500977 0.0
    vertex 51.807647705078125 11.789673805236816 19.999998092651367
  endloop
endfacet
facet normal 0.0 0.0 0.0
  outer loop
    vertex 51.807647705078125 11.789673805236816 19.999998092651367
    vertex 52.840293884277344 10.546106338500977 0.0
    vertex 51.807647705078125 11.789673805236816 0.0
  endloop
endfacet
facet normal 0.0 0.0 0.0
  outer loop
    vertex 51.807647705078125 11.789673805236816 19.999998092651367
    vertex 51.807647705078125 11.789673805236816 0.0
    vertex 50.66466522216797 12.932656288146973 19.999998092651367
  endloop
endfacet
facet normal 0.0 0.0 0.0
  outer loop
    vertex 50.66466522216797 12.932656288146973 19.999998092651367
    vertex 51.807647705078125 11.789673805236816 0.0
    vertex 50.66466522216797 12.932656288146973 0.0
  endloop
endfacet
facet normal 0.0 0.0 0.0
  outer loop
    vertex 50.66466522216797 12.932656288146973 19.999998092651367
    vertex 50.66466522216797 12.932656288146973 0.0
    vertex 49.42109680175781 13.965301513671875 19.999998092651367
  endloop
endfacet
facet normal 0.0 0.0 0.0
  outer loop
    vertex 49.42109680175781 13.965301513671875 19.999998092651367
    vertex 50.66466522216797 12.932656288146973 0.0
    vertex 49.42109680175781 13.965301513671875 0.0
  endloop
endfacet
facet normal 0.0 0.0 0.0
  outer loop
    vertex 49.42109680175781 13.965301513671875 19.999998092651367
    vertex 49.42109680175781 13.965301513671875 0.0
    vertex 48.087554931640625 14.878799438476562 19.999998092651367
  endloop
endfacet
facet normal 0.0 0.0 0.0
  outer loop
    vertex 48.087554931640625 14.878799438476562 19.999998092651367
    vertex 49.42109680175781 13.965301513671875 0.0
    vertex 48.087554931640625 14.878799438476562 0.0
  endloop
endfacet
facet normal 0.0 0.0 0.0
  outer loop
    vertex 48.087554931640625 14.878799438476562 19.999998092651367
    vertex 48.087554931640625 14.878799438476562 0.0
    vertex 46.675418853759766 15.66535758972168 19.999998092651367
  endloop
endfacet
facet normal 0.0 0.0 0.0
  outer loop
    vertex 46.675418853759766 15.66535758972168 19.999998092651367
    vertex 48.087554931640625 14.878799438476562 0.0
    vertex 46.675418853759766 15.66535758972168 0.0
  endloop
endfacet
facet normal 0.0 0.0 0.0
  outer loop
    vertex 46.675418853759766 15.66535758972168 19.999998092651367
    vertex 46.675418853759766 15.66535758972168 0.0
    vertex 45.19672393798828 16.31826400756836 19.999998092651367
  endloop
endfacet
facet normal 0.0 0.0 0.0
  outer loop
    vertex 45.19672393798828 16.31826400756836 19.999998092651367
    vertex 46.675418853759766 15.66535758972168 0.0
    vertex 45.19672393798828 16.31826400756836 0.0
  endloop
endfacet
facet normal 0.0 0.0 0.0
  outer loop
    vertex 45.19672393798828 16.31826400756836 19.999998092651367
    vertex 45.19672393798828 16.31826400756836 0.0
    vertex 43.66409683227539 16.83194923400879 20.0
  endloop
endfacet
facet normal 0.0 0.0 0.0
  outer loop
    vertex 43.66409683227539 16.83194923400879 20.0
    vertex 45.19672393798828 16.31826400756836 0.0
    vertex 43.66409683227539 16.83194923400879 9.5367431640625e-07
  endloop
endfacet
facet normal 0.0 0.0 0.0
  outer loop
    vertex 43.66409683227539 16.83194923400879 20.0
    vertex 43.66409683227539 16.83194923400879 9.5367431640625e-07
    vertex 42.090614318847656 17.202030181884766 20.0
  endloop
endfacet
facet normal 0.0 0.0 0.0
  outer loop
    vertex 42.090614318847656 17.202030181884766 20.0
    vertex 43.66409683227539 16.83194923400879 9.5367431640625e-07
    vertex 42.090614318847656 17.202030181884766 9.5367431640625e-07
  endloop
endfacet
facet normal 0.0 0.0 0.0
  outer loop
    vertex 42.090614318847656 17.202030181884766 20.0
    vertex 42.090614318847656 17.202030181884766 9.5367431640625e-07
    vertex 40.48969268798828 17.42534828186035 20.0
  endloop
endfacet
facet normal 0.0 0.0 0.0
  outer loop
    vertex 40.48969268798828 17.42534828186035 20.0
    vertex 42.090614318847656 17.202030181884766 9.5367431640625e-07
    vertex 40.48969268798828 17.42534828186035 9.5367431640625e-07
  endloop
endfacet
facet normal 0.0 0.0 0.0
  outer loop
    vertex 40.48969268798828 17.42534828186035 20.0
    vertex 40.48969268798828 17.42534828186035 9.5367431640625e-07
    vertex 38.874996185302734 17.5 20.0
  endloop
endfacet
facet normal 0.0 0.0 0.0
  outer loop
    vertex 38.874996185302734 17.5 20.0
    vertex 40.48969268798828 17.42534828186035 9.5367431640625e-07
    vertex 38.874996185302734 17.5 9.5367431640625e-07
  endloop
endfacet
facet normal 0.0 0.0 0.0
  outer loop
    vertex -38.874996185302734 17.5 20.00000762939453
    vertex -38.874996185302734 17.5 8.58306884765625e-06
    vertex -40.489688873291016 17.42534828186035 20.00000762939453
  endloop
endfacet
facet normal 0.0 0.0 0.0
  outer loop
    vertex -40.489688873291016 17.42534828186035 20.00000762939453
    vertex -38.874996185302734 17.5 8.58306884765625e-06
    vertex -40.489688873291016 17.42534828186035 8.58306884765625e-06
  endloop
endfacet
facet normal 0.0 0.0 0.0
  outer loop
    vertex -40.489688873291016 17.42534828186035 20.00000762939453
    vertex -40.489688873291016 17.42534828186035 8.58306884765625e-06
    vertex -42.09061050415039 17.202030181884766 20.00000762939453
  endloop
endfacet
facet normal 0.0 0.0 0.0
  outer loop
    vertex -42.09061050415039 17.202030181884766 20.00000762939453
    vertex -40.489688873291016 17.42534828186035 8.58306884765625e-06
    vertex -42.09061050415039 17.202030181884766 8.58306884765625e-06
  endloop
endfacet
facet normal 0.0 0.0 0.0
  outer loop
    vertex -42.09061050415039 17.202030181884766 20.00000762939453
    vertex -42.09061050415039 17.202030181884766 8.58306884765625e-06
    vertex -43.66409683227539 16.83194923400879 20.00000762939453
  endloop
endfacet
facet normal 0.0 0.0 0.0
  outer loop
    vertex -43.66409683227539 16.83194923400879 20.00000762939453
    vertex -42.09061050415039 17.202030181884766 8.58306884765625e-06
    vertex -43.66409683227539 16.83194923400879 8.58306884765625e-06
  endloop
endfacet
facet normal 0.0 0.0 0.0
  outer loop
    vertex -43.66409683227539 16.83194923400879 20.00000762939453
    vertex -43.66409683227539 16.83194923400879 8.58306884765625e-06
    vertex -45.19672775268555 16.31826400756836 20.00000762939453
  endloop
endfacet
facet normal 0.0 0.0 0.0
  outer loop
    vertex -45.19672775268555 16.31826400756836 20.00000762939453
    vertex -43.66409683227539 16.83194923400879 8.58306884765625e-06
    vertex -45.19672775268555 16.31826400756836 9.5367431640625e-06
  endloop
endfacet
facet normal 0.0 0.0 0.0
  outer loop
    vertex -45.19672775268555 16.31826400756836 20.00000762939453
    vertex -45.19672775268555 16.31826400756836 9.5367431640625e-06
    vertex -46.675418853759766 15.66535758972168 20.00000762939453
  endloop
endfacet
facet normal 0.0 0.0 0.0
  outer loop
    vertex -46.675418853759766 15.66535758972168 20.00000762939453
    vertex -45.19672775268555 16.31826400756836 9.5367431640625e-06
    vertex -46.675418853759766 15.66535758972168 9.5367431640625e-06
  endloop
endfacet
facet normal 0.0 0.0 0.0
  outer loop
    vertex -46.675418853759766 15.66535758972168 20.00000762939453
    vertex -46.675418853759766 15.66535758972168 9.5367431640625e-06
    vertex -48.087554931640625 14.878799438476562 20.00000762939453
  endloop
endfacet
facet normal 0.0 0.0 0.0
  outer loop
    vertex -48.087554931640625 14.878799438476562 20.00000762939453
    vertex -46.675418853759766 15.66535758972168 9.5367431640625e-06
    vertex -48.087554931640625 14.878799438476562 9.5367431640625e-06
  endloop
endfacet
facet normal 0.0 0.0 0.0
  outer loop
    vertex -48.087554931640625 14.878799438476562 20.00000762939453
    vertex -48.087554931640625 14.878799438476562 9.5367431640625e-06
    vertex -49.42109680175781 13.965301513671875 20.00000762939453
  endloop
endfacet
facet normal 0.0 0.0 0.0
  outer loop
    vertex -49.42109680175781 13.965301513671875 20.00000762939453
    vertex -48.087554931640625 14.878799438476562 9.5367431640625e-06
    vertex -49.42109680175781 13.965301513671875 9.5367431640625e-06
  endloop
endfacet
facet normal 0.0 0.0 0.0
  outer loop
    vertex -49.42109680175781 13.965301513671875 20.00000762939453
    vertex -49.42109680175781 13.965301513671875 9.5367431640625e-06
    vertex -50.66466522216797 12.932656288146973 20.00000762939453
  endloop
endfacet
facet normal 0.0 0.0 0.0
  outer loop
    vertex -50.66466522216797 12.932656288146973 20.00000762939453
    vertex -49.42109680175781 13.965301513671875 9.5367431640625e-06
    vertex -50.66466522216797 12.932656288146973 9.5367431640625e-06
  endloop
endfacet
facet normal 0.0 0.0 0.0
  outer loop
    vertex -50.66466522216797 12.932656288146973 20.00000762939453
    vertex -50.66466522216797 12.932656288146973 9.5367431640625e-06
    vertex -51.807647705078125 11.789673805236816 20.00000762939453
  endloop
endfacet
facet normal 0.0 0.0 0.0
  outer loop
    vertex -51.807647705078125 11.789673805236816 20.00000762939453
    vertex -50.66466522216797 12.932656288146973 9.5367431640625e-06
    vertex -51.807647705078125 11.789673805236816 9.5367431640625e-06
  endloop
endfacet
facet normal 0.0 0.0 0.0
  outer loop
    vertex -51.807647705078125 11.789673805236816 20.00000762939453
    vertex -51.807647705078125 11.789673805236816 9.5367431640625e-06
    vertex -52.840293884277344 10.546106338500977 20.00000762939453
  endloop
endfacet
facet normal 0.0 0.0 0.0
  outer loop
    vertex -52.840293884277344 10.546106338500977 20.00000762939453
    vertex -51.807647705078125 11.789673805236816 9.5367431640625e-06
    vertex -52.840293884277344 10.546106338500977 9.5367431640625e-06
  endloop
endfacet
facet normal 0.0 0.0 0.0
  outer loop
    vertex -52.840293884277344 10.546106338500977 20.00000762939453
    vertex -52.840293884277344 10.546106338500977 9.5367431640625e-06
    vertex -53.75379180908203 9.212562561035156 20.00000762939453
  endloop
endfacet
facet normal 0.0 0.0 0.0
  outer loop
    vertex -53.75379180908203 9.212562561035156 20.00000762939453
    vertex -52.840293884277344 10.546106338500977 9.5367431640625e-06
    vertex -53.75379180908203 9.212562561035156 9.5367431640625e-06
  endloop
endfacet
facet normal 0.0 0.0 0.0
  outer loop
    vertex -53.75379180908203 9.212562561035156 20.00000762939453
    vertex -53.75379180908203 9.212562561035156 9.5367431640625e-06
    vertex -54.54035186767578 7.800421237945557 20.00000762939453
  endloop
endfacet
facet normal 0.0 0.0 0.0
  outer loop
    vertex -54.54035186767578 7.800421237945557 20.00000762939453
    vertex -53.75379180908203 9.212562561035156 9.5367431640625e-06
    vertex -54.54035186767578 7.800421237945557 1.049041748046875e-05
  endloop
endfacet
facet normal 0.0 0.0 0.0
  outer loop
    vertex -54.54035186767578 7.800421237945557 20.00000762939453
    vertex -54.54035186767578 7.800421237945557 1.049041748046875e-05
    vertex -55.193260192871094 6.3217291831970215 20.00000762939453
  endloop
endfacet
facet normal 0.0 0.0 0.0
  outer loop
    vertex -55.193260192871094 6.3217291831970215 20.00000762939453
    vertex -54.54035186767578 7.800421237945557 1.049041748046875e-05
    vertex -55.193260192871094 6.3217291831970215 1.049041748046875e-05
  endloop
endfacet
facet normal 0.0 0.0 0.0
  outer loop
    vertex -55.193260192871094 6.3217291831970215 20.00000762939453
    vertex -55.193260192871094 6.3217291831970215 1.049041748046875e-05
    vertex -55.706939697265625 4.789102554321289 20.00000762939453
  endloop
endfacet
facet normal 0.0 0.0 0.0
  outer loop
    vertex -55.706939697265625 4.789102554321289 20.00000762939453
    vertex -55.193260192871094 6.3217291831970215 1.049041748046875e-05
    vertex -55.706939697265625 4.789102554321289 1.049041748046875e-05
  endloop
endfacet
facet normal 0.0 0.0 0.0
  outer loop
    vertex -55.706939697265625 4.789102554321289 20.00000762939453
    vertex -55.706939697265625 4.789102554321289 1.049041748046875e-05
    vertex -56.07701873779297 3.215616464614868 20.00000762939453
  endloop
endfacet
facet normal 0.0 0.0 0.0
  outer loop
    vertex -56.07701873779297 3.215616464614868 20.00000762939453
    vertex -55.706939697265625 4.789102554321289 1.049041748046875e-05
    vertex -56.07701873779297 3.215616464614868 1.049041748046875e-05
  endloop
endfacet
facet normal 0.0 0.0 0.0
  outer loop
    vertex -56.07701873779297 3.215616464614868 20.00000762939453
    vertex -56.07701873779297 3.215616464614868 1.049041748046875e-05
    vertex -56.30033874511719 1.6146962642669678 20.00000762939453
  endloop
endfacet
facet normal 0.0 0.0 0.0
  outer loop
    vertex -56.30033874511719 1.6146962642669678 20.00000762939453
    vertex -56.07701873779297 3.215616464614868 1.049041748046875e-05
    vertex -56.30033874511719 1.6146962642669678 1.049041748046875e-05
  endloop
endfacet
facet normal 0.0 0.0 0.0
  outer loop
    vertex -56.30033874511719 1.6146962642669678 20.00000762939453
    vertex -56.30033874511719 1.6146962642669678 1.049041748046875e-05
    vertex -56.37499237060547 1.7090768006416046e-15 20.00000762939453
  endloop
endfacet
facet normal 0.0 0.0 0.0
  outer loop
    vertex -56.37499237060547 1.7090768006416046e-15 20.00000762939453
    vertex -56.30033874511719 1.6146962642669678 1.049041748046875e-05
    vertex -56.37499237060547 6.2659402033573165e-15 1.049041748046875e-05
  endloop
endfacet
facet normal 0.0 0.0 0.0
  outer loop
    vertex -56.37499237060547 1.7090768006416046e-15 20.00000762939453
    vertex -56.37499237060547 6.2659402033573165e-15 1.049041748046875e-05
    vertex -56.30033874511719 -1.6146962642669678 20.00000762939453
  endloop
endfacet
facet normal 0.0 0.0 0.0
  outer loop
    vertex -56.30033874511719 -1.6146962642669678 20.00000762939453
    vertex -56.37499237060547 6.2659402033573165e-15 1.049041748046875e-05
    vertex -56.30033874511719 -1.6146962642669678 1.049041748046875e-05
  endloop
endfacet
facet normal 0.0 0.0 0.0
  outer loop
    vertex -56.30033874511719 -1.6146962642669678 20.00000762939453
    vertex -56.30033874511719 -1.6146962642669678 1.049041748046875e-05
    vertex -56.07701873779297 -3.215616464614868 20.00000762939453
  endloop
endfacet
facet normal 0.0 0.0 0.0
  outer loop
    vertex -56.07701873779297 -3.215616464614868 20.00000762939453
    vertex -56.30033874511719 -1.6146962642669678 1.049041748046875e-05
    vertex -56.07701873779297 -3.215616464614868 1.049041748046875e-05
  endloop
endfacet
facet normal 0.0 0.0 0.0
  outer loop
    vertex -56.07701873779297 -3.215616464614868 20.00000762939453
    vertex -56.07701873779297 -3.215616464614868 1.049041748046875e-05
    vertex -55.706939697265625 -4.789102554321289 20.00000762939453
  endloop
endfacet
facet normal 0.0 0.0 0.0
  outer loop
    vertex -55.706939697265625 -4.789102554321289 20.00000762939453
    vertex -56.07701873779297 -3.215616464614868 1.049041748046875e-05
    vertex -55.706939697265625 -4.789102554321289 1.049041748046875e-05
  endloop
endfacet
facet normal 0.0 0.0 0.0
  outer loop
    vertex -55.706939697265625 -4.789102554321289 20.00000762939453
    vertex -55.706939697265625 -4.789102554321289 1.049041748046875e-05
    vertex -55.193260192871094 -6.3217291831970215 20.00000762939453
  endloop
endfacet
facet normal 0.0 0.0 0.0
  outer loop
    vertex -55.193260192871094 -6.3217291831970215 20.00000762939453
    vertex -55.706939697265625 -4.789102554321289 1.049041748046875e-05
    vertex -55.193260192871094 -6.3217291831970215 1.049041748046875e-05
  endloop
endfacet
facet normal 0.0 0.0 0.0
  outer loop
    vertex -55.193260192871094 -6.3217291831970215 20.00000762939453
    vertex -55.193260192871094 -6.3217291831970215 1.049041748046875e-05
    vertex -54.54035186767578 -7.800421237945557 20.00000762939453
  endloop
endfacet
facet normal 0.0 0.0 0.0
  outer loop
    vertex -54.54035186767578 -7.800421237945557 20.00000762939453
    vertex -55.193260192871094 -6.3217291831970215 1.049041748046875e-05
    vertex -54.54035186767578 -7.800421237945557 1.049041748046875e-05
  endloop
endfacet
facet normal 0.0 0.0 0.0
  outer loop
    vertex -54.54035186767578 -7.800421237945557 20.00000762939453
    vertex -54.54035186767578 -7.800421237945557 1.049041748046875e-05
    vertex -53.75379180908203 -9.212562561035156 20.00000762939453
  endloop
endfacet
facet normal 0.0 0.0 0.0
  outer loop
    vertex -53.75379180908203 -9.212562561035156 20.00000762939453
    vertex -54.54035186767578 -7.800421237945557 1.049041748046875e-05
    vertex -53.75379180908203 -9.212562561035156 9.5367431640625e-06
  endloop
endfacet
facet normal 0.0 0.0 0.0
  outer loop
    vertex -53.75379180908203 -9.212562561035156 20.00000762939453
    vertex -53.75379180908203 -9.212562561035156 9.5367431640625e-06
    vertex -52.840293884277344 -10.546106338500977 20.00000762939453
  endloop
endfacet
facet normal 0.0 0.0 0.0
  outer loop
    vertex -52.840293884277344 -10.546106338500977 20.00000762939453
    vertex -53.75379180908203 -9.212562561035156 9.5367431640625e-06
    vertex -52.840293884277344 -10.546106338500977 9.5367431640625e-06
  endloop
endfacet
facet normal 0.0 0.0 0.0
  outer loop
    vertex -52.840293884277344 -10.546106338500977 20.00000762939453
    vertex -52.840293884277344 -10.546106338500977 9.5367431640625e-06
    vertex -51.807647705078125 -11.789673805236816 20.00000762939453
  endloop
endfacet
facet normal 0.0 0.0 0.0
  outer loop
    vertex -51.807647705078125 -11.789673805236816 20.00000762939453
    vertex -52.840293884277344 -10.546106338500977 9.5367431640625e-06
    vertex -51.807647705078125 -11.789673805236816 9.5367431640625e-06
  endloop
endfacet
facet normal 0.0 0.0 0.0
  outer loop
    vertex -51.807647705078125 -11.789673805236816 20.00000762939453
    vertex -51.807647705078125 -11.789673805236816 9.5367431640625e-06
    vertex -50.66466522216797 -12.932656288146973 20.00000762939453
  endloop
endfacet
facet normal 0.0 0.0 0.0
  outer loop
    vertex -50.66466522216797 -12.932656288146973 20.00000762939453
    vertex -51.807647705078125 -11.789673805236816 9.5367431640625e-06
    vertex -50.66466522216797 -12.932656288146973 9.5367431640625e-06
  endloop
endfacet
facet normal 0.0 0.0 0.0
  outer loop
    vertex -50.66466522216797 -12.932656288146973 20.00000762939453
    vertex -50.66466522216797 -12.932656288146973 9.5367431640625e-06
    vertex -49.42109680175781 -13.965301513671875 20.00000762939453
  endloop
endfacet
facet normal 0.0 0.0 0.0
  outer loop
    vertex -49.42109680175781 -13.965301513671875 20.00000762939453
    vertex -50.66466522216797 -12.932656288146973 9.5367431640625e-06
    vertex -49.42109680175781 -13.965301513671875 9.5367431640625e-06
  endloop
endfacet
facet normal 0.0 0.0 0.0
  outer loop
    vertex -49.42109680175781 -13.965301513671875 20.00000762939453
    vertex -49.42109680175781 -13.965301513671875 9.5367431640625e-06
    vertex -48.087554931640625 -14.878799438476562 20.00000762939453
  endloop
endfacet
facet normal 0.0 0.0 0.0
  outer loop
    vertex -48.087554931640625 -14.878799438476562 20.00000762939453
    vertex -49.42109680175781 -13.965301513671875 9.5367431640625e-06
    vertex -48.087554931640625 -14.878799438476562 9.5367431640625e-06
  endloop
endfacet
facet normal 0.0 0.0 0.0
  outer loop
    vertex -48.087554931640625 -14.878799438476562 20.00000762939453
    vertex -48.087554931640625 -14.878799438476562 9.5367431640625e-06
    vertex -46.675418853759766 -15.66535758972168 20.00000762939453
  endloop
endfacet
facet normal 0.0 0.0 0.0
  outer loop
    vertex -46.675418853759766 -15.66535758972168 20.00000762939453
    vertex -48.087554931640625 -14.878799438476562 9.5367431640625e-06
    vertex -46.675418853759766 -15.66535758972168 9.5367431640625e-06
  endloop
endfacet
facet normal 0.0 0.0 0.0
  outer loop
    vertex -46.675418853759766 -15.66535758972168 20.00000762939453
    vertex -46.675418853759766 -15.66535758972168 9.5367431640625e-06
    vertex -45.19672775268555 -16.31826400756836 20.00000762939453
  endloop
endfacet
facet normal 0.0 0.0 0.0
  outer loop
    vertex -45.19672775268555 -16.31826400756836 20.00000762939453
    vertex -46.675418853759766 -15.66535758972168 9.5367431640625e-06
    vertex -45.19672775268555 -16.31826400756836 9.5367431640625e-06
  endloop
endfacet
facet normal 0.0 0.0 0.0
  outer loop
    vertex -45.19672775268555 -16.31826400756836 20.00000762939453
    vertex -45.19672775268555 -16.31826400756836 9.5367431640625e-06
    vertex -43.66409683227539 -16.83194923400879 20.00000762939453
  endloop
endfacet
facet normal 0.0 0.0 0.0
  outer loop
    vertex -43.66409683227539 -16.83194923400879 20.00000762939453
    vertex -45.19672775268555 -16.31826400756836 9.5367431640625e-06
    vertex -43.66409683227539 -16.83194923400879 8.58306884765625e-06
  endloop
endfacet
facet normal 0.0 0.0 0.0
  outer loop
    vertex -43.66409683227539 -16.83194923400879 20.00000762939453
    vertex -43.66409683227539 -16.83194923400879 8.58306884765625e-06
    vertex -42.09061050415039 -17.202030181884766 20.00000762939453
  endloop
endfacet
facet normal 0.0 0.0 0.0
  outer loop
    vertex -42.09061050415039 -17.202030181884766 20.00000762939453
    vertex -43.66409683227539 -16.83194923400879 8.58306884765625e-06
    vertex -42.09061050415039 -17.202030181884766 8.58306884765625e-06
  endloop
endfacet
facet normal 0.0 0.0 0.0
  outer loop
    vertex -42.09061050415039 -17.202030181884766 20.00000762939453
    vertex -42.09061050415039 -17.202030181884766 8.58306884765625e-06
    vertex -40.489688873291016 -17.42534828186035 20.00000762939453
  endloop
endfacet
facet normal 0.0 0.0 0.0
  outer loop
    vertex -40.489688873291016 -17.42534828186035 20.00000762939453
    vertex -42.09061050415039 -17.202030181884766 8.58306884765625e-06
    vertex -40.489688873291016 -17.42534828186035 8.58306884765625e-06
  endloop
endfacet
facet normal 0.0 0.0 0.0
  outer loop
    vertex -40.489688873291016 -17.42534828186035 20.00000762939453
    vertex -40.489688873291016 -17.42534828186035 8.58306884765625e-06
    vertex -38.874996185302734 -17.5 20.00000762939453
  endloop
endfacet
facet normal 0.0 0.0 0.0
  outer loop
    vertex -38.874996185302734 -17.5 20.00000762939453
    vertex -40.489688873291016 -17.42534828186035 8.58306884765625e-06
    vertex -38.874996185302734 -17.5 8.58306884765625e-06
  endloop
endfacet
facet normal 0.0 0.0 0.0
  outer loop
    vertex 38.874996185302734 -16.299999237060547 1.0000009536743164
    vertex 13.874996185302734 -12.75 1.0000038146972656
    vertex -38.874996185302734 -16.299999237060547 1.0000085830688477
  endloop
endfacet
facet normal 0.0 0.0 0.0
  outer loop
    vertex -38.874996185302734 -16.299999237060547 1.0000085830688477
    vertex 13.874996185302734 -12.75 1.0000038146972656
    vertex -12.118324279785156 -6.75 1.0000057220458984
  endloop
endfacet
facet normal 0.0 0.0 0.0
  outer loop
    vertex -38.874996185302734 -16.299999237060547 1.0000085830688477
    vertex -12.118324279785156 -6.75 1.0000057220458984
    vertex -12.635963439941406 -6.681851863861084 1.0000057220458984
  endloop
endfacet
facet normal 0.0 0.0 0.0
  outer loop
    vertex 40.424407958984375 -16.226192474365234 1.0000009536743164
    vertex 41.95979309082031 -16.00543785095215 1.0000009536743164
    vertex 38.874996185302734 -16.299999237060547 1.0000009536743164
  endloop
endfacet
facet normal 0.0 0.0 0.0
  outer loop
    vertex 38.874996185302734 -16.299999237060547 1.0000009536743164
    vertex 41.95979309082031 -16.00543785095215 1.0000009536743164
    vertex 43.46723556518555 -15.639735221862793 1.0000009536743164
  endloop
endfacet
facet normal 0.0 0.0 0.0
  outer loop
    vertex 38.874996185302734 -16.299999237060547 1.0000009536743164
    vertex 43.46723556518555 -15.639735221862793 1.0000009536743164
    vertex 44.9330940246582 -15.132397651672363 1.0
  endloop
endfacet
facet normal 0.0 0.0 0.0
  outer loop
    vertex 38.874996185302734 -16.299999237060547 1.0000009536743164
    vertex 44.9330940246582 -15.132397651672363 1.0
    vertex 46.374996185302734 -12.75 1.0
  endloop
endfacet
facet normal 0.0 0.0 0.0
  outer loop
    vertex 46.374996185302734 -12.75 1.0
    vertex 44.9330940246582 -15.132397651672363 1.0
    vertex 46.34408950805664 -14.488018035888672 1.0
  endloop
endfacet
facet normal 0.0 0.0 0.0
  outer loop
    vertex 46.374996185302734 -12.75 1.0
    vertex 46.34408950805664 -14.488018035888672 1.0
    vertex 47.687442779541016 -13.712432861328125 1.0
  endloop
endfacet
facet normal 0.0 0.0 0.0
  outer loop
    vertex 46.374996185302734 -12.75 1.0
    vertex 47.687442779541016 -13.712432861328125 1.0
    vertex 47.23538589477539 -12.682286262512207 1.0
  endloop
endfacet
facet normal 0.0 0.0 0.0
  outer loop
    vertex 47.23538589477539 -12.682286262512207 1.0
    vertex 47.687442779541016 -13.712432861328125 1.0
    vertex 48.950984954833984 -12.812664985656738 1.0
  endloop
endfacet
facet normal 0.0 0.0 0.0
  outer loop
    vertex 47.23538589477539 -12.682286262512207 1.0
    vertex 48.950984954833984 -12.812664985656738 1.0
    vertex 48.0745849609375 -12.48081111907959 1.0
  endloop
endfacet
facet normal 0.0 0.0 0.0
  outer loop
    vertex 48.0745849609375 -12.48081111907959 1.0
    vertex 48.950984954833984 -12.812664985656738 1.0
    vertex 48.87194061279297 -12.150535583496094 1.0
  endloop
endfacet
facet normal 0.0 0.0 0.0
  outer loop
    vertex 48.87194061279297 -12.150535583496094 1.0
    vertex 48.950984954833984 -12.812664985656738 1.0
    vertex 50.1232795715332 -11.79686450958252 1.0
  endloop
endfacet
facet normal 0.0 0.0 0.0
  outer loop
    vertex 48.87194061279297 -12.150535583496094 1.0
    vertex 50.1232795715332 -11.79686450958252 1.0
    vertex 49.607810974121094 -11.699593544006348 1.0
  endloop
endfacet
facet normal 0.0 0.0 0.0
  outer loop
    vertex 49.607810974121094 -11.699593544006348 1.0
    vertex 50.1232795715332 -11.79686450958252 1.0
    vertex 50.26408004760742 -11.139087677001953 1.0
  endloop
endfacet
facet normal 0.0 0.0 0.0
  outer loop
    vertex 50.26408004760742 -11.139087677001953 1.0
    vertex 50.1232795715332 -11.79686450958252 1.0
    vertex 51.19371032714844 -10.674229621887207 1.0
  endloop
endfacet
facet normal 0.0 0.0 0.0
  outer loop
    vertex 50.26408004760742 -11.139087677001953 1.0
    vertex 51.19371032714844 -10.674229621887207 1.0
    vertex 50.8245849609375 -10.482818603515625 1.0
  endloop
endfacet
facet normal 0.0 0.0 0.0
  outer loop
    vertex 50.8245849609375 -10.482818603515625 1.0
    vertex 51.19371032714844 -10.674229621887207 1.0
    vertex 51.27552795410156 -9.746947288513184 1.0
  endloop
endfacet
facet normal 0.0 0.0 0.0
  outer loop
    vertex 51.27552795410156 -9.746947288513184 1.0
    vertex 51.19371032714844 -10.674229621887207 1.0
    vertex 52.15258026123047 -9.454927444458008 1.0
  endloop
endfacet
facet normal 0.0 0.0 0.0
  outer loop
    vertex 51.27552795410156 -9.746947288513184 1.0
    vertex 52.15258026123047 -9.454927444458008 1.0
    vertex 51.605804443359375 -8.949593544006348 1.0
  endloop
endfacet
facet normal 0.0 0.0 0.0
  outer loop
    vertex 51.605804443359375 -8.949593544006348 1.0
    vertex 52.15258026123047 -9.454927444458008 1.0
    vertex 52.991207122802734 -8.149999618530273 1.0
  endloop
endfacet
facet normal 0.0 0.0 0.0
  outer loop
    vertex 51.605804443359375 -8.949593544006348 1.0
    vertex 52.991207122802734 -8.149999618530273 1.0
    vertex 51.80727767944336 -8.110389709472656 1.0
  endloop
endfacet
facet normal 0.0 0.0 0.0
  outer loop
    vertex 51.80727767944336 -8.110389709472656 1.0
    vertex 52.991207122802734 -8.149999618530273 1.0
    vertex 51.87499237060547 -7.25 1.0
  endloop
endfacet
facet normal 0.0 0.0 0.0
  outer loop
    vertex 51.87499237060547 -7.25 1.0
    vertex 52.991207122802734 -8.149999618530273 1.0
    vertex 53.701995849609375 -6.771264553070068 1.0
  endloop
endfacet
facet normal 0.0 0.0 0.0
  outer loop
    vertex 51.87499237060547 -7.25 1.0
    vertex 53.701995849609375 -6.771264553070068 1.0
    vertex 54.27850341796875 -5.331207752227783 0.9999990463256836
  endloop
endfacet
facet normal 0.0 0.0 0.0
  outer loop
    vertex 54.27850341796875 -5.331207752227783 0.9999990463256836
    vertex 54.71552276611328 -3.8428707122802734 0.9999990463256836
    vertex 51.87499237060547 -7.25 1.0
  endloop
endfacet
facet normal 0.0 0.0 0.0
  outer loop
    vertex 51.87499237060547 -7.25 1.0
    vertex 54.71552276611328 -3.8428707122802734 0.9999990463256836
    vertex 55.00908279418945 -2.3197319507598877 0.9999990463256836
  endloop
endfacet
facet normal 0.0 0.0 0.0
  outer loop
    vertex 51.87499237060547 -7.25 1.0
    vertex 55.00908279418945 -2.3197319507598877 0.9999990463256836
    vertex 55.156532287597656 -0.7755852341651917 0.9999990463256836
  endloop
endfacet
facet normal 0.0 0.0 0.0
  outer loop
    vertex 55.156532287597656 -0.7755852341651917 0.9999990463256836
    vertex 55.156532287597656 0.7755852341651917 0.9999990463256836
    vertex 51.87499237060547 -7.25 1.0
  endloop
endfacet
facet normal 0.0 0.0 0.0
  outer loop
    vertex 51.87499237060547 -7.25 1.0
    vertex 55.156532287597656 0.7755852341651917 0.9999990463256836
    vertex 51.87499237060547 7.25 1.0
  endloop
endfacet
facet normal 0.0 0.0 0.0
  outer loop
    vertex 51.87499237060547 7.25 1.0
    vertex 55.156532287597656 0.7755852341651917 0.9999990463256836
    vertex 55.00908279418945 2.3197319507598877 0.9999990463256836
  endloop
endfacet
facet normal 0.0 0.0 0.0
  outer loop
    vertex 51.87499237060547 7.25 1.0
    vertex 55.00908279418945 2.3197319507598877 0.9999990463256836
    vertex 54.71552276611328 3.8428707122802734 0.9999990463256836
  endloop
endfacet
facet normal 0.0 0.0 0.0
  outer loop
    vertex 54.71552276611328 3.8428707122802734 0.9999990463256836
    vertex 54.27850341796875 5.331207752227783 0.9999990463256836
    vertex 51.87499237060547 7.25 1.0
  endloop
endfacet
facet normal 0.0 0.0 0.0
  outer loop
    vertex 51.87499237060547 7.25 1.0
    vertex 54.27850341796875 5.331207752227783 0.9999990463256836
    vertex 53.701995849609375 6.771264553070068 1.0
  endloop
endfacet
facet normal 0.0 0.0 0.0
  outer loop
    vertex 51.87499237060547 7.25 1.0
    vertex 53.701995849609375 6.771264553070068 1.0
    vertex 52.991207122802734 8.149999618530273 1.0
  endloop
endfacet
facet normal 0.0 0.0 0.0
  outer loop
    vertex 52.15258026123047 9.454927444458008 1.0
    vertex 51.605804443359375 8.949593544006348 1.0
    vertex 52.991207122802734 8.149999618530273 1.0
  endloop
endfacet
facet normal 0.0 0.0 0.0
  outer loop
    vertex 52.991207122802734 8.149999618530273 1.0
    vertex 51.605804443359375 8.949593544006348 1.0
    vertex 51.80727767944336 8.110389709472656 1.0
  endloop
endfacet
facet normal 0.0 0.0 0.0
  outer loop
    vertex 52.991207122802734 8.149999618530273 1.0
    vertex 51.80727767944336 8.110389709472656 1.0
    vertex 51.87499237060547 7.25 1.0
  endloop
endfacet
facet normal 0.0 0.0 0.0
  outer loop
    vertex 51.605804443359375 8.949593544006348 1.0
    vertex 52.15258026123047 9.454927444458008 1.0
    vertex 51.27552795410156 9.746947288513184 1.0
  endloop
endfacet
facet normal 0.0 0.0 0.0
  outer loop
    vertex 51.27552795410156 9.746947288513184 1.0
    vertex 52.15258026123047 9.454927444458008 1.0
    vertex 51.19371032714844 10.674229621887207 1.0
  endloop
endfacet
facet normal 0.0 0.0 0.0
  outer loop
    vertex 51.27552795410156 9.746947288513184 1.0
    vertex 51.19371032714844 10.674229621887207 1.0
    vertex 50.8245849609375 10.482818603515625 1.0
  endloop
endfacet
facet normal 0.0 0.0 0.0
  outer loop
    vertex 50.8245849609375 10.482818603515625 1.0
    vertex 51.19371032714844 10.674229621887207 1.0
    vertex 50.26408004760742 11.139087677001953 1.0
  endloop
endfacet
facet normal 0.0 0.0 0.0
  outer loop
    vertex 50.26408004760742 11.139087677001953 1.0
    vertex 51.19371032714844 10.674229621887207 1.0
    vertex 50.1232795715332 11.79686450958252 1.0
  endloop
endfacet
facet normal 0.0 0.0 0.0
  outer loop
    vertex 50.26408004760742 11.139087677001953 1.0
    vertex 50.1232795715332 11.79686450958252 1.0
    vertex 49.607810974121094 11.699593544006348 1.0
  endloop
endfacet
facet normal 0.0 0.0 0.0
  outer loop
    vertex 49.607810974121094 11.699593544006348 1.0
    vertex 50.1232795715332 11.79686450958252 1.0
    vertex 48.87194061279297 12.150535583496094 1.0
  endloop
endfacet
facet normal 0.0 0.0 0.0
  outer loop
    vertex 48.87194061279297 12.150535583496094 1.0
    vertex 50.1232795715332 11.79686450958252 1.0
    vertex 48.950984954833984 12.812664985656738 1.0
  endloop
endfacet
facet normal 0.0 0.0 0.0
  outer loop
    vertex 48.87194061279297 12.150535583496094 1.0
    vertex 48.950984954833984 12.812664985656738 1.0
    vertex 48.0745849609375 12.48081111907959 1.0
  endloop
endfacet
facet normal 0.0 0.0 0.0
  outer loop
    vertex 48.0745849609375 12.48081111907959 1.0
    vertex 48.950984954833984 12.812664985656738 1.0
    vertex 47.23538589477539 12.682286262512207 1.0
  endloop
endfacet
facet normal 0.0 0.0 0.0
  outer loop
    vertex 47.23538589477539 12.682286262512207 1.0
    vertex 48.950984954833984 12.812664985656738 1.0
    vertex 47.687442779541016 13.712432861328125 1.0
  endloop
endfacet
facet normal 0.0 0.0 0.0
  outer loop
    vertex 47.23538589477539 12.682286262512207 1.0
    vertex 47.687442779541016 13.712432861328125 1.0
    vertex 46.374996185302734 12.75 1.0
  endloop
endfacet
facet normal 0.0 0.0 0.0
  outer loop
    vertex 46.374996185302734 12.75 1.0
    vertex 47.687442779541016 13.712432861328125 1.0
    vertex 46.34408950805664 14.488018035888672 1.0
  endloop
endfacet
facet normal 0.0 0.0 0.0
  outer loop
    vertex 46.374996185302734 12.75 1.0
    vertex 46.34408950805664 14.488018035888672 1.0
    vertex 44.9330940246582 15.132397651672363 1.0
  endloop
endfacet
facet normal 0.0 0.0 0.0
  outer loop
    vertex 46.374996185302734 12.75 1.0
    vertex 44.9330940246582 15.132397651672363 1.0
    vertex 38.874996185302734 16.299999237060547 1.0000009536743164
  endloop
endfacet
facet normal 0.0 0.0 0.0
  outer loop
    vertex 38.874996185302734 16.299999237060547 1.0000009536743164
    vertex 44.9330940246582 15.132397651672363 1.0
    vertex 43.46723556518555 15.639735221862793 1.0000009536743164
  endloop
endfacet
facet normal 0.0 0.0 0.0
  outer loop
    vertex 38.874996185302734 16.299999237060547 1.0000009536743164
    vertex 43.46723556518555 15.639735221862793 1.0000009536743164
    vertex 41.95979309082031 16.00543785095215 1.0000009536743164
  endloop
endfacet
facet normal 0.0 0.0 0.0
  outer loop
    vertex 41.95979309082031 16.00543785095215 1.0000009536743164
    vertex 40.424407958984375 16.226192474365234 1.0000009536743164
    vertex 38.874996185302734 16.299999237060547 1.0000009536743164
  endloop
endfacet
facet normal 0.0 0.0 0.0
  outer loop
    vertex -38.874996185302734 16.299999237060547 1.0000085830688477
    vertex -1.8409823496767785e-06 16.0 1.000004768371582
    vertex 38.874996185302734 16.299999237060547 1.0000009536743164
  endloop
endfacet
facet normal 0.0 0.0 0.0
  outer loop
    vertex 38.874996185302734 16.299999237060547 1.0000009536743164
    vertex -1.8409823496767785e-06 16.0 1.000004768371582
    vertex 0.9385051131248474 15.926145553588867 1.000004768371582
  endloop
endfacet
facet normal 0.0 0.0 0.0
  outer loop
    vertex 38.874996185302734 16.299999237060547 1.0000009536743164
    vertex 0.9385051131248474 15.926145553588867 1.000004768371582
    vertex 1.853906512260437 15.706401824951172 1.000004768371582
  endloop
endfacet
facet normal 0.0 0.0 0.0
  outer loop
    vertex -40.42441177368164 16.226192474365234 1.0000085830688477
    vertex -41.95978927612305 16.00543785095215 1.0000085830688477
    vertex -38.874996185302734 16.299999237060547 1.0000085830688477
  endloop
endfacet
facet normal 0.0 0.0 0.0
  outer loop
    vertex -38.874996185302734 16.299999237060547 1.0000085830688477
    vertex -41.95978927612305 16.00543785095215 1.0000085830688477
    vertex -43.46723556518555 15.639735221862793 1.0000085830688477
  endloop
endfacet
facet normal 0.0 0.0 0.0
  outer loop
    vertex -38.874996185302734 16.299999237060547 1.0000085830688477
    vertex -43.46723556518555 15.639735221862793 1.0000085830688477
    vertex -44.9330940246582 15.132397651672363 1.000009536743164
  endloop
endfacet
facet normal 0.0 0.0 0.0
  outer loop
    vertex -44.9330940246582 15.132397651672363 1.000009536743164
    vertex -46.34408950805664 14.488018035888672 1.000009536743164
    vertex -38.874996185302734 16.299999237060547 1.0000085830688477
  endloop
endfacet
facet normal 0.0 0.0 0.0
  outer loop
    vertex -38.874996185302734 16.299999237060547 1.0000085830688477
    vertex -46.34408950805664 14.488018035888672 1.000009536743164
    vertex -47.687442779541016 13.712432861328125 1.000009536743164
  endloop
endfacet
facet normal 0.0 0.0 0.0
  outer loop
    vertex -38.874996185302734 16.299999237060547 1.0000085830688477
    vertex -47.687442779541016 13.712432861328125 1.000009536743164
    vertex -48.95098114013672 12.812664985656738 1.000009536743164
  endloop
endfacet
facet normal 0.0 0.0 0.0
  outer loop
    vertex -38.874996185302734 16.299999237060547 1.0000085830688477
    vertex -48.95098114013672 12.812664985656738 1.000009536743164
    vertex -12.635963439941406 6.681851863861084 1.0000057220458984
  endloop
endfacet
facet normal 0.0 0.0 0.0
  outer loop
    vertex -12.635963439941406 6.681851863861084 1.0000057220458984
    vertex -48.95098114013672 12.812664985656738 1.000009536743164
    vertex -50.12328338623047 11.79686450958252 1.000009536743164
  endloop
endfacet
facet normal 0.0 0.0 0.0
  outer loop
    vertex -12.635963439941406 6.681851863861084 1.0000057220458984
    vertex -50.12328338623047 11.79686450958252 1.000009536743164
    vertex -13.118324279785156 6.482050895690918 1.0000057220458984
  endloop
endfacet
facet normal 0.0 0.0 0.0
  outer loop
    vertex -13.118324279785156 6.482050895690918 1.0000057220458984
    vertex -50.12328338623047 11.79686450958252 1.000009536743164
    vertex -51.19371032714844 10.674229621887207 1.000009536743164
  endloop
endfacet
facet normal 0.0 0.0 0.0
  outer loop
    vertex -13.118324279785156 6.482050895690918 1.0000057220458984
    vertex -51.19371032714844 10.674229621887207 1.000009536743164
    vertex -38.30573654174805 3.9592857360839844 1.0000085830688477
  endloop
endfacet
facet normal 0.0 0.0 0.0
  outer loop
    vertex -38.30573654174805 3.9592857360839844 1.0000085830688477
    vertex -51.19371032714844 10.674229621887207 1.000009536743164
    vertex -52.15258026123047 9.454927444458008 1.000009536743164
  endloop
endfacet
facet normal 0.0 0.0 0.0
  outer loop
    vertex -38.30573654174805 3.9592857360839844 1.0000085830688477
    vertex -52.15258026123047 9.454927444458008 1.000009536743164
    vertex -39.06532669067383 3.995469331741333 1.0000085830688477
  endloop
endfacet
facet normal 0.0 0.0 0.0
  outer loop
    vertex -39.06532669067383 3.995469331741333 1.0000085830688477
    vertex -52.15258026123047 9.454927444458008 1.000009536743164
    vertex -52.99120330810547 8.149999618530273 1.000009536743164
  endloop
endfacet
facet normal 0.0 0.0 0.0
  outer loop
    vertex -39.06532669067383 3.995469331741333 1.0000085830688477
    vertex -52.99120330810547 8.149999618530273 1.000009536743164
    vertex -53.701995849609375 6.771264553070068 1.000009536743164
  endloop
endfacet
facet normal 0.0 0.0 0.0
  outer loop
    vertex -39.06532669067383 3.995469331741333 1.0000085830688477
    vertex -53.701995849609375 6.771264553070068 1.000009536743164
    vertex -39.81803512573242 3.8872463703155518 1.0000085830688477
  endloop
endfacet
facet normal 0.0 0.0 0.0
  outer loop
    vertex -39.81803512573242 3.8872463703155518 1.0000085830688477
    vertex -53.701995849609375 6.771264553070068 1.000009536743164
    vertex -54.27850341796875 5.331207752227783 1.0000104904174805
  endloop
endfacet
facet normal 0.0 0.0 0.0
  outer loop
    vertex -39.81803512573242 3.8872463703155518 1.0000085830688477
    vertex -54.27850341796875 5.331207752227783 1.0000104904174805
    vertex -40.53665542602539 3.6385278701782227 1.0000085830688477
  endloop
endfacet
facet normal 0.0 0.0 0.0
  outer loop
    vertex -40.53665542602539 3.6385278701782227 1.0000085830688477
    vertex -54.27850341796875 5.331207752227783 1.0000104904174805
    vertex -41.19522476196289 3.2583038806915283 1.0000085830688477
  endloop
endfacet
facet normal 0.0 0.0 0.0
  outer loop
    vertex -41.19522476196289 3.2583038806915283 1.0000085830688477
    vertex -54.27850341796875 5.331207752227783 1.0000104904174805
    vertex -54.71552276611328 3.8428707122802734 1.0000104904174805
  endloop
endfacet
facet normal 0.0 0.0 0.0
  outer loop
    vertex -41.19522476196289 3.2583038806915283 1.0000085830688477
    vertex -54.71552276611328 3.8428707122802734 1.0000104904174805
    vertex -41.76993179321289 2.7603161334991455 1.0000085830688477
  endloop
endfacet
facet normal 0.0 0.0 0.0
  outer loop
    vertex -41.76993179321289 2.7603161334991455 1.0000085830688477
    vertex -54.71552276611328 3.8428707122802734 1.0000104904174805
    vertex -55.00907897949219 2.3197319507598877 1.0000104904174805
  endloop
endfacet
facet normal 0.0 0.0 0.0
  outer loop
    vertex -41.76993179321289 2.7603161334991455 1.0000085830688477
    vertex -55.00907897949219 2.3197319507598877 1.0000104904174805
    vertex -42.24000930786133 2.1625633239746094 1.0000085830688477
  endloop
endfacet
facet normal 0.0 0.0 0.0
  outer loop
    vertex -42.24000930786133 2.1625633239746094 1.0000085830688477
    vertex -55.00907897949219 2.3197319507598877 1.0000104904174805
    vertex -42.58846664428711 1.4866498708724976 1.0000085830688477
  endloop
endfacet
facet normal 0.0 0.0 0.0
  outer loop
    vertex -42.58846664428711 1.4866498708724976 1.0000085830688477
    vertex -55.00907897949219 2.3197319507598877 1.0000104904174805
    vertex -55.156532287597656 0.7755852341651917 1.0000104904174805
  endloop
endfacet
facet normal 0.0 0.0 0.0
  outer loop
    vertex -42.58846664428711 1.4866498708724976 1.0000085830688477
    vertex -55.156532287597656 0.7755852341651917 1.0000104904174805
    vertex -42.80270767211914 0.757004976272583 1.0000085830688477
  endloop
endfacet
facet normal 0.0 0.0 0.0
  outer loop
    vertex -42.80270767211914 0.757004976272583 1.0000085830688477
    vertex -55.156532287597656 0.7755852341651917 1.0000104904174805
    vertex -42.874996185302734 1.4765216285718907e-16 1.0000085830688477
  endloop
endfacet
facet normal 0.0 0.0 0.0
  outer loop
    vertex -42.874996185302734 1.4765216285718907e-16 1.0000085830688477
    vertex -55.156532287597656 0.7755852341651917 1.0000104904174805
    vertex -55.156532287597656 -0.7755852341651917 1.0000104904174805
  endloop
endfacet
facet normal 0.0 0.0 0.0
  outer loop
    vertex -42.874996185302734 1.4765216285718907e-16 1.0000085830688477
    vertex -55.156532287597656 -0.7755852341651917 1.0000104904174805
    vertex -42.80270767211914 -0.757004976272583 1.0000085830688477
  endloop
endfacet
facet normal 0.0 0.0 0.0
  outer loop
    vertex -42.80270767211914 -0.757004976272583 1.0000085830688477
    vertex -55.156532287597656 -0.7755852341651917 1.0000104904174805
    vertex -42.58846664428711 -1.4866498708724976 1.0000085830688477
  endloop
endfacet
facet normal 0.0 0.0 0.0
  outer loop
    vertex -42.58846664428711 -1.4866498708724976 1.0000085830688477
    vertex -55.156532287597656 -0.7755852341651917 1.0000104904174805
    vertex -55.00907897949219 -2.3197319507598877 1.0000104904174805
  endloop
endfacet
facet normal 0.0 0.0 0.0
  outer loop
    vertex -42.58846664428711 -1.4866498708724976 1.0000085830688477
    vertex -55.00907897949219 -2.3197319507598877 1.0000104904174805
    vertex -42.24000930786133 -2.1625633239746094 1.0000085830688477
  endloop
endfacet
facet normal 0.0 0.0 0.0
  outer loop
    vertex -42.24000930786133 -2.1625633239746094 1.0000085830688477
    vertex -55.00907897949219 -2.3197319507598877 1.0000104904174805
    vertex -41.76993179321289 -2.7603161334991455 1.0000085830688477
  endloop
endfacet
facet normal 0.0 0.0 0.0
  outer loop
    vertex -41.76993179321289 -2.7603161334991455 1.0000085830688477
    vertex -55.00907897949219 -2.3197319507598877 1.0000104904174805
    vertex -54.71552276611328 -3.8428707122802734 1.0000104904174805
  endloop
endfacet
facet normal 0.0 0.0 0.0
  outer loop
    vertex -41.76993179321289 -2.7603161334991455 1.0000085830688477
    vertex -54.71552276611328 -3.8428707122802734 1.0000104904174805
    vertex -41.19522476196289 -3.2583038806915283 1.0000085830688477
  endloop
endfacet
facet normal 0.0 0.0 0.0
  outer loop
    vertex -41.19522476196289 -3.2583038806915283 1.0000085830688477
    vertex -54.71552276611328 -3.8428707122802734 1.0000104904174805
    vertex -54.27850341796875 -5.331207752227783 1.0000104904174805
  endloop
endfacet
facet normal 0.0 0.0 0.0
  outer loop
    vertex -41.19522476196289 -3.2583038806915283 1.0000085830688477
    vertex -54.27850341796875 -5.331207752227783 1.0000104904174805
    vertex -40.53665542602539 -3.6385278701782227 1.0000085830688477
  endloop
endfacet
facet normal 0.0 0.0 0.0
  outer loop
    vertex -40.53665542602539 -3.6385278701782227 1.0000085830688477
    vertex -54.27850341796875 -5.331207752227783 1.0000104904174805
    vertex -39.81803512573242 -3.8872463703155518 1.0000085830688477
  endloop
endfacet
facet normal 0.0 0.0 0.0
  outer loop
    vertex -39.81803512573242 -3.8872463703155518 1.0000085830688477
    vertex -54.27850341796875 -5.331207752227783 1.0000104904174805
    vertex -53.701995849609375 -6.771264553070068 1.000009536743164
  endloop
endfacet
facet normal 0.0 0.0 0.0
  outer loop
    vertex -39.81803512573242 -3.8872463703155518 1.0000085830688477
    vertex -53.701995849609375 -6.771264553070068 1.000009536743164
    vertex -39.06532669067383 -3.995469331741333 1.0000085830688477
  endloop
endfacet
facet normal 0.0 0.0 0.0
  outer loop
    vertex -39.06532669067383 -3.995469331741333 1.0000085830688477
    vertex -53.701995849609375 -6.771264553070068 1.000009536743164
    vertex -52.99120330810547 -8.149999618530273 1.000009536743164
  endloop
endfacet
facet normal 0.0 0.0 0.0
  outer loop
    vertex -39.06532669067383 -3.995469331741333 1.0000085830688477
    vertex -52.99120330810547 -8.149999618530273 1.000009536743164
    vertex -52.15258026123047 -9.454927444458008 1.000009536743164
  endloop
endfacet
facet normal 0.0 0.0 0.0
  outer loop
    vertex -39.06532669067383 -3.995469331741333 1.0000085830688477
    vertex -52.15258026123047 -9.454927444458008 1.000009536743164
    vertex -38.30573654174805 -3.9592857360839844 1.0000085830688477
  endloop
endfacet
facet normal 0.0 0.0 0.0
  outer loop
    vertex -38.30573654174805 -3.9592857360839844 1.0000085830688477
    vertex -52.15258026123047 -9.454927444458008 1.000009536743164
    vertex -51.19371032714844 -10.674229621887207 1.000009536743164
  endloop
endfacet
facet normal 0.0 0.0 0.0
  outer loop
    vertex -38.30573654174805 -3.9592857360839844 1.0000085830688477
    vertex -51.19371032714844 -10.674229621887207 1.000009536743164
    vertex -13.118324279785156 -6.482050895690918 1.0000057220458984
  endloop
endfacet
facet normal 0.0 0.0 0.0
  outer loop
    vertex -13.118324279785156 -6.482050895690918 1.0000057220458984
    vertex -51.19371032714844 -10.674229621887207 1.000009536743164
    vertex -50.12328338623047 -11.79686450958252 1.000009536743164
  endloop
endfacet
facet normal 0.0 0.0 0.0
  outer loop
    vertex -13.118324279785156 -6.482050895690918 1.0000057220458984
    vertex -50.12328338623047 -11.79686450958252 1.000009536743164
    vertex -12.635963439941406 -6.681851863861084 1.0000057220458984
  endloop
endfacet
facet normal 0.0 0.0 0.0
  outer loop
    vertex -12.635963439941406 -6.681851863861084 1.0000057220458984
    vertex -50.12328338623047 -11.79686450958252 1.000009536743164
    vertex -48.95098114013672 -12.812664985656738 1.000009536743164
  endloop
endfacet
facet normal 0.0 0.0 0.0
  outer loop
    vertex -12.635963439941406 -6.681851863861084 1.0000057220458984
    vertex -48.95098114013672 -12.812664985656738 1.000009536743164
    vertex -38.874996185302734 -16.299999237060547 1.0000085830688477
  endloop
endfacet
facet normal 0.0 0.0 0.0
  outer loop
    vertex -38.874996185302734 -16.299999237060547 1.0000085830688477
    vertex -48.95098114013672 -12.812664985656738 1.000009536743164
    vertex -47.687442779541016 -13.712432861328125 1.000009536743164
  endloop
endfacet
facet normal 0.0 0.0 0.0
  outer loop
    vertex -38.874996185302734 -16.299999237060547 1.0000085830688477
    vertex -47.687442779541016 -13.712432861328125 1.000009536743164
    vertex -46.34408950805664 -14.488018035888672 1.000009536743164
  endloop
endfacet
facet normal 0.0 0.0 0.0
  outer loop
    vertex -46.34408950805664 -14.488018035888672 1.000009536743164
    vertex -44.9330940246582 -15.132397651672363 1.000009536743164
    vertex -38.874996185302734 -16.299999237060547 1.0000085830688477
  endloop
endfacet
facet normal 0.0 0.0 0.0
  outer loop
    vertex -38.874996185302734 -16.299999237060547 1.0000085830688477
    vertex -44.9330940246582 -15.132397651672363 1.000009536743164
    vertex -43.46723556518555 -15.639735221862793 1.0000085830688477
  endloop
endfacet
facet normal 0.0 0.0 0.0
  outer loop
    vertex -38.874996185302734 -16.299999237060547 1.0000085830688477
    vertex -43.46723556518555 -15.639735221862793 1.0000085830688477
    vertex -41.95978927612305 -16.00543785095215 1.0000085830688477
  endloop
endfacet
facet normal 0.0 0.0 0.0
  outer loop
    vertex -41.95978927612305 -16.00543785095215 1.0000085830688477
    vertex -40.42441177368164 -16.226192474365234 1.0000085830688477
    vertex -38.874996185302734 -16.299999237060547 1.0000085830688477
  endloop
endfacet
facet normal 0.0 0.0 0.0
  outer loop
    vertex -7.413113594055176 6.81060791015625 1.0000057220458984
    vertex -6.954098701477051 6.988758563995361 1.0000057220458984
    vertex -7.901741981506348 6.75 1.0000057220458984
  endloop
endfacet
facet normal 0.0 0.0 0.0
  outer loop
    vertex -7.901741981506348 6.75 1.0000057220458984
    vertex -6.954098701477051 6.988758563995361 1.0000057220458984
    vertex -6.552517890930176 7.273653984069824 1.0000057220458984
  endloop
endfacet
facet normal 0.0 0.0 0.0
  outer loop
    vertex -7.901741981506348 6.75 1.0000057220458984
    vertex -6.552517890930176 7.273653984069824 1.0000057220458984
    vertex -12.118324279785156 6.75 1.0000057220458984
  endloop
endfacet
facet normal 0.0 0.0 0.0
  outer loop
    vertex -12.118324279785156 6.75 1.0000057220458984
    vertex -6.552517890930176 7.273653984069824 1.0000057220458984
    vertex -6.232712745666504 7.6480278968811035 1.0000057220458984
  endloop
endfacet
facet normal 0.0 0.0 0.0
  outer loop
    vertex -12.118324279785156 6.75 1.0000057220458984
    vertex -6.232712745666504 7.6480278968811035 1.0000057220458984
    vertex -6.01406192779541 8.089190483093262 1.0000057220458984
  endloop
endfacet
facet normal 0.0 0.0 0.0
  outer loop
    vertex -6.01406192779541 8.089190483093262 1.0000057220458984
    vertex -5.9098219871521 8.570402145385742 1.0000057220458984
    vertex -12.118324279785156 6.75 1.0000057220458984
  endloop
endfacet
facet normal 0.0 0.0 0.0
  outer loop
    vertex -12.118324279785156 6.75 1.0000057220458984
    vertex -5.9098219871521 8.570402145385742 1.0000057220458984
    vertex -5.926305294036865 9.0625 1.0000057220458984
  endloop
endfacet
facet normal 0.0 0.0 0.0
  outer loop
    vertex -12.118324279785156 6.75 1.0000057220458984
    vertex -5.926305294036865 9.0625 1.0000057220458984
    vertex -6.000000953674316 10.001018524169922 1.0000057220458984
  endloop
endfacet
facet normal 0.0 0.0 0.0
  outer loop
    vertex -12.118324279785156 6.75 1.0000057220458984
    vertex -6.000000953674316 10.001018524169922 1.0000057220458984
    vertex -12.635963439941406 6.681851863861084 1.0000057220458984
  endloop
endfacet
facet normal 0.0 0.0 0.0
  outer loop
    vertex -12.635963439941406 6.681851863861084 1.0000057220458984
    vertex -6.000000953674316 10.001018524169922 1.0000057220458984
    vertex -5.925988674163818 10.939512252807617 1.0000057220458984
  endloop
endfacet
facet normal 0.0 0.0 0.0
  outer loop
    vertex -12.635963439941406 6.681851863861084 1.0000057220458984
    vertex -5.925988674163818 10.939512252807617 1.0000057220458984
    vertex -38.874996185302734 16.299999237060547 1.0000085830688477
  endloop
endfacet
facet normal 0.0 0.0 0.0
  outer loop
    vertex -38.874996185302734 16.299999237060547 1.0000085830688477
    vertex -5.925988674163818 10.939512252807617 1.0000057220458984
    vertex -5.706090450286865 11.854877471923828 1.0000057220458984
  endloop
endfacet
facet normal 0.0 0.0 0.0
  outer loop
    vertex -38.874996185302734 16.299999237060547 1.0000085830688477
    vertex -5.706090450286865 11.854877471923828 1.0000057220458984
    vertex -5.3457159996032715 12.724577903747559 1.0000057220458984
  endloop
endfacet
facet normal 0.0 0.0 0.0
  outer loop
    vertex -5.3457159996032715 12.724577903747559 1.0000057220458984
    vertex -4.853745937347412 13.527206420898438 1.000004768371582
    vertex -38.874996185302734 16.299999237060547 1.0000085830688477
  endloop
endfacet
facet normal 0.0 0.0 0.0
  outer loop
    vertex -38.874996185302734 16.299999237060547 1.0000085830688477
    vertex -4.853745937347412 13.527206420898438 1.000004768371582
    vertex -4.24228048324585 14.243000984191895 1.000004768371582
  endloop
endfacet
facet normal 0.0 0.0 0.0
  outer loop
    vertex -38.874996185302734 16.299999237060547 1.0000085830688477
    vertex -4.24228048324585 14.243000984191895 1.000004768371582
    vertex -3.526383876800537 14.854341506958008 1.000004768371582
  endloop
endfacet
facet normal 0.0 0.0 0.0
  outer loop
    vertex -3.526383876800537 14.854341506958008 1.000004768371582
    vertex -2.72367262840271 15.34617805480957 1.000004768371582
    vertex -38.874996185302734 16.299999237060547 1.0000085830688477
  endloop
endfacet
facet normal 0.0 0.0 0.0
  outer loop
    vertex -38.874996185302734 16.299999237060547 1.0000085830688477
    vertex -2.72367262840271 15.34617805480957 1.000004768371582
    vertex -1.8539100885391235 15.706401824951172 1.000004768371582
  endloop
endfacet
facet normal 0.0 0.0 0.0
  outer loop
    vertex -38.874996185302734 16.299999237060547 1.0000085830688477
    vertex -1.8539100885391235 15.706401824951172 1.000004768371582
    vertex -0.9385088086128235 15.926145553588867 1.000004768371582
  endloop
endfacet
facet normal 0.0 0.0 0.0
  outer loop
    vertex -0.9385088086128235 15.926145553588867 1.000004768371582
    vertex -1.8409823496767785e-06 16.0 1.000004768371582
    vertex -38.874996185302734 16.299999237060547 1.0000085830688477
  endloop
endfacet
facet normal 0.0 0.0 0.0
  outer loop
    vertex 1.853906512260437 15.706401824951172 1.000004768371582
    vertex 2.7236688137054443 15.34617805480957 1.000004768371582
    vertex 38.874996185302734 16.299999237060547 1.0000009536743164
  endloop
endfacet
facet normal 0.0 0.0 0.0
  outer loop
    vertex 38.874996185302734 16.299999237060547 1.0000009536743164
    vertex 2.7236688137054443 15.34617805480957 1.000004768371582
    vertex 13.874996185302734 12.75 1.0000038146972656
  endloop
endfacet
facet normal 0.0 0.0 0.0
  outer loop
    vertex 38.874996185302734 16.299999237060547 1.0000009536743164
    vertex 13.874996185302734 12.75 1.0000038146972656
    vertex 46.374996185302734 12.75 1.0
  endloop
endfacet
facet normal 0.0 0.0 0.0
  outer loop
    vertex 2.7236688137054443 15.34617805480957 1.000004768371582
    vertex 3.5263800621032715 14.854341506958008 1.000004768371582
    vertex 13.874996185302734 12.75 1.0000038146972656
  endloop
endfacet
facet normal 0.0 0.0 0.0
  outer loop
    vertex 13.874996185302734 12.75 1.0000038146972656
    vertex 3.5263800621032715 14.854341506958008 1.000004768371582
    vertex 4.242276668548584 14.243000984191895 1.000004768371582
  endloop
endfacet
facet normal 0.0 0.0 0.0
  outer loop
    vertex 13.874996185302734 12.75 1.0000038146972656
    vertex 4.242276668548584 14.243000984191895 1.000004768371582
    vertex 4.8537421226501465 13.527206420898438 1.000004768371582
  endloop
endfacet
facet normal 0.0 0.0 0.0
  outer loop
    vertex 4.8537421226501465 13.527206420898438 1.000004768371582
    vertex 5.345712184906006 12.724577903747559 1.0000038146972656
    vertex 13.874996185302734 12.75 1.0000038146972656
  endloop
endfacet
facet normal 0.0 0.0 0.0
  outer loop
    vertex 13.874996185302734 12.75 1.0000038146972656
    vertex 5.345712184906006 12.724577903747559 1.0000038146972656
    vertex 5.7060866355896 11.854877471923828 1.0000038146972656
  endloop
endfacet
facet normal 0.0 0.0 0.0
  outer loop
    vertex 13.874996185302734 12.75 1.0000038146972656
    vertex 5.7060866355896 11.854877471923828 1.0000038146972656
    vertex 13.874996185302734 11.75 1.0000038146972656
  endloop
endfacet
facet normal 0.0 0.0 0.0
  outer loop
    vertex 13.874996185302734 11.75 1.0000038146972656
    vertex 5.7060866355896 11.854877471923828 1.0000038146972656
    vertex 5.925984859466553 10.939512252807617 1.0000038146972656
  endloop
endfacet
facet normal 0.0 0.0 0.0
  outer loop
    vertex 13.874996185302734 11.75 1.0000038146972656
    vertex 5.925984859466553 10.939512252807617 1.0000038146972656
    vertex 5.999997138977051 10.001018524169922 1.0000038146972656
  endloop
endfacet
facet normal 0.0 0.0 0.0
  outer loop
    vertex 5.9263014793396 9.0625 1.0000038146972656
    vertex 16.943143844604492 9.267638206481934 1.0000028610229492
    vertex 5.999997138977051 10.001018524169922 1.0000038146972656
  endloop
endfacet
facet normal 0.0 0.0 0.0
  outer loop
    vertex 5.999997138977051 10.001018524169922 1.0000038146972656
    vertex 16.943143844604492 9.267638206481934 1.0000028610229492
    vertex 17.142946243286133 9.75 1.0000028610229492
  endloop
endfacet
facet normal 0.0 0.0 0.0
  outer loop
    vertex 5.999997138977051 10.001018524169922 1.0000038146972656
    vertex 17.142946243286133 9.75 1.0000028610229492
    vertex 13.874996185302734 11.75 1.0000038146972656
  endloop
endfacet
facet normal 0.0 0.0 0.0
  outer loop
    vertex 13.874996185302734 11.75 1.0000038146972656
    vertex 17.142946243286133 9.75 1.0000028610229492
    vertex 17.460783004760742 10.164213180541992 1.0000028610229492
  endloop
endfacet
facet normal 0.0 0.0 0.0
  outer loop
    vertex 13.874996185302734 11.75 1.0000038146972656
    vertex 17.460783004760742 10.164213180541992 1.0000028610229492
    vertex 17.874996185302734 10.482050895690918 1.0000028610229492
  endloop
endfacet
facet normal 0.0 0.0 0.0
  outer loop
    vertex 16.943143844604492 9.267638206481934 1.0000028610229492
    vertex 5.9263014793396 9.0625 1.0000038146972656
    vertex 16.874996185302734 8.75 1.0000028610229492
  endloop
endfacet
facet normal 0.0 0.0 0.0
  outer loop
    vertex 16.874996185302734 8.75 1.0000028610229492
    vertex 5.9263014793396 9.0625 1.0000038146972656
    vertex 5.909818172454834 8.570402145385742 1.0000038146972656
  endloop
endfacet
facet normal 0.0 0.0 0.0
  outer loop
    vertex 16.874996185302734 8.75 1.0000028610229492
    vertex 5.909818172454834 8.570402145385742 1.0000038146972656
    vertex 6.0140581130981445 8.089190483093262 1.0000038146972656
  endloop
endfacet
facet normal 0.0 0.0 0.0
  outer loop
    vertex 6.232708930969238 7.6480278968811035 1.0000038146972656
    vertex 9.87499713897705 6.75 1.0000038146972656
    vertex 6.0140581130981445 8.089190483093262 1.0000038146972656
  endloop
endfacet
facet normal 0.0 0.0 0.0
  outer loop
    vertex 6.0140581130981445 8.089190483093262 1.0000038146972656
    vertex 9.87499713897705 6.75 1.0000038146972656
    vertex 16.943143844604492 8.232361793518066 1.0000028610229492
  endloop
endfacet
facet normal 0.0 0.0 0.0
  outer loop
    vertex 6.0140581130981445 8.089190483093262 1.0000038146972656
    vertex 16.943143844604492 8.232361793518066 1.0000028610229492
    vertex 16.874996185302734 8.75 1.0000028610229492
  endloop
endfacet
facet normal 0.0 0.0 0.0
  outer loop
    vertex 6.232708930969238 7.6480278968811035 1.0000038146972656
    vertex 6.55251407623291 7.273653984069824 1.0000038146972656
    vertex 9.87499713897705 6.75 1.0000038146972656
  endloop
endfacet
facet normal 0.0 0.0 0.0
  outer loop
    vertex 9.87499713897705 6.75 1.0000038146972656
    vertex 6.55251407623291 7.273653984069824 1.0000038146972656
    vertex 6.954094886779785 6.988758563995361 1.0000038146972656
  endloop
endfacet
facet normal 0.0 0.0 0.0
  outer loop
    vertex 9.87499713897705 6.75 1.0000038146972656
    vertex 6.954094886779785 6.988758563995361 1.0000038146972656
    vertex 7.901738166809082 6.75 1.0000038146972656
  endloop
endfacet
facet normal 0.0 0.0 0.0
  outer loop
    vertex 7.901738166809082 6.75 1.0000038146972656
    vertex 6.954094886779785 6.988758563995361 1.0000038146972656
    vertex 7.413107872009277 6.81060791015625 1.0000038146972656
  endloop
endfacet
facet normal 0.0 0.0 0.0
  outer loop
    vertex 9.87499713897705 6.75 1.0000038146972656
    vertex 10.431300163269043 6.687319755554199 1.0000038146972656
    vertex 16.943143844604492 8.232361793518066 1.0000028610229492
  endloop
endfacet
facet normal 0.0 0.0 0.0
  outer loop
    vertex 16.943143844604492 8.232361793518066 1.0000028610229492
    vertex 10.431300163269043 6.687319755554199 1.0000038146972656
    vertex 17.142946243286133 7.75 1.0000028610229492
  endloop
endfacet
facet normal 0.0 0.0 0.0
  outer loop
    vertex 17.142946243286133 7.75 1.0000028610229492
    vertex 10.431300163269043 6.687319755554199 1.0000038146972656
    vertex 10.95970630645752 6.502422332763672 1.0000038146972656
  endloop
endfacet
facet normal 0.0 0.0 0.0
  outer loop
    vertex 17.142946243286133 7.75 1.0000028610229492
    vertex 10.95970630645752 6.502422332763672 1.0000038146972656
    vertex 17.460783004760742 7.33578634262085 1.0000028610229492
  endloop
endfacet
facet normal 0.0 0.0 0.0
  outer loop
    vertex 17.460783004760742 7.33578634262085 1.0000028610229492
    vertex 10.95970630645752 6.502422332763672 1.0000038146972656
    vertex 17.874996185302734 7.017949104309082 1.0000028610229492
  endloop
endfacet
facet normal 0.0 0.0 0.0
  outer loop
    vertex 17.874996185302734 7.017949104309082 1.0000028610229492
    vertex 10.95970630645752 6.502422332763672 1.0000038146972656
    vertex 11.433722496032715 6.204578876495361 1.0000038146972656
  endloop
endfacet
facet normal 0.0 0.0 0.0
  outer loop
    vertex 17.874996185302734 7.017949104309082 1.0000028610229492
    vertex 11.433722496032715 6.204578876495361 1.0000038146972656
    vertex 11.829575538635254 5.808724403381348 1.0000038146972656
  endloop
endfacet
facet normal 0.0 0.0 0.0
  outer loop
    vertex 17.874996185302734 7.017949104309082 1.0000028610229492
    vertex 11.829575538635254 5.808724403381348 1.0000038146972656
    vertex 18.357358932495117 6.818148136138916 1.0000028610229492
  endloop
endfacet
facet normal 0.0 0.0 0.0
  outer loop
    vertex 18.357358932495117 6.818148136138916 1.0000028610229492
    vertex 11.829575538635254 5.808724403381348 1.0000038146972656
    vertex 12.127418518066406 5.334709167480469 1.0000038146972656
  endloop
endfacet
facet normal 0.0 0.0 0.0
  outer loop
    vertex 18.357358932495117 6.818148136138916 1.0000028610229492
    vertex 12.127418518066406 5.334709167480469 1.0000038146972656
    vertex 18.874996185302734 6.75 1.0000028610229492
  endloop
endfacet
facet normal 0.0 0.0 0.0
  outer loop
    vertex 18.874996185302734 6.75 1.0000028610229492
    vertex 12.127418518066406 5.334709167480469 1.0000038146972656
    vertex 12.31231689453125 4.806302547454834 1.0000038146972656
  endloop
endfacet
facet normal 0.0 0.0 0.0
  outer loop
    vertex 18.874996185302734 6.75 1.0000028610229492
    vertex 12.31231689453125 4.806302547454834 1.0000038146972656
    vertex 12.374996185302734 4.25 1.0000038146972656
  endloop
endfacet
facet normal 0.0 0.0 0.0
  outer loop
    vertex 12.374996185302734 -4.25 1.0000038146972656
    vertex 33.124996185302734 -7.041718939143572e-16 1.0000019073486328
    vertex 12.374996185302734 4.25 1.0000038146972656
  endloop
endfacet
facet normal 0.0 0.0 0.0
  outer loop
    vertex 12.374996185302734 4.25 1.0000038146972656
    vertex 33.124996185302734 -7.041718939143572e-16 1.0000019073486328
    vertex 33.199459075927734 0.9223648905754089 1.0000019073486328
  endloop
endfacet
facet normal 0.0 0.0 0.0
  outer loop
    vertex 12.374996185302734 4.25 1.0000038146972656
    vertex 33.199459075927734 0.9223648905754089 1.0000019073486328
    vertex 33.4209098815918 1.8208409547805786 1.0000019073486328
  endloop
endfacet
facet normal 0.0 0.0 0.0
  outer loop
    vertex 12.31231689453125 -4.806302547454834 1.0000038146972656
    vertex 18.874996185302734 -6.75 1.0000028610229492
    vertex 12.374996185302734 -4.25 1.0000038146972656
  endloop
endfacet
facet normal 0.0 0.0 0.0
  outer loop
    vertex 12.374996185302734 -4.25 1.0000038146972656
    vertex 18.874996185302734 -6.75 1.0000028610229492
    vertex 34.278202056884766 -3.454267978668213 1.0000019073486328
  endloop
endfacet
facet normal 0.0 0.0 0.0
  outer loop
    vertex 12.374996185302734 -4.25 1.0000038146972656
    vertex 34.278202056884766 -3.454267978668213 1.0000019073486328
    vertex 33.78362274169922 -2.6721582412719727 1.0000019073486328
  endloop
endfacet
facet normal 0.0 0.0 0.0
  outer loop
    vertex 12.31231689453125 -4.806302547454834 1.0000038146972656
    vertex 12.127418518066406 -5.334709167480469 1.0000038146972656
    vertex 18.874996185302734 -6.75 1.0000028610229492
  endloop
endfacet
facet normal 0.0 0.0 0.0
  outer loop
    vertex 18.874996185302734 -6.75 1.0000028610229492
    vertex 12.127418518066406 -5.334709167480469 1.0000038146972656
    vertex 18.357358932495117 -6.818148136138916 1.0000028610229492
  endloop
endfacet
facet normal 0.0 0.0 0.0
  outer loop
    vertex 18.357358932495117 -6.818148136138916 1.0000028610229492
    vertex 12.127418518066406 -5.334709167480469 1.0000038146972656
    vertex 11.829575538635254 -5.808724403381348 1.0000038146972656
  endloop
endfacet
facet normal 0.0 0.0 0.0
  outer loop
    vertex 18.357358932495117 -6.818148136138916 1.0000028610229492
    vertex 11.829575538635254 -5.808724403381348 1.0000038146972656
    vertex 17.874996185302734 -7.017949104309082 1.0000028610229492
  endloop
endfacet
facet normal 0.0 0.0 0.0
  outer loop
    vertex 17.874996185302734 -7.017949104309082 1.0000028610229492
    vertex 11.829575538635254 -5.808724403381348 1.0000038146972656
    vertex 11.433722496032715 -6.204578876495361 1.0000038146972656
  endloop
endfacet
facet normal 0.0 0.0 0.0
  outer loop
    vertex 17.874996185302734 -7.017949104309082 1.0000028610229492
    vertex 11.433722496032715 -6.204578876495361 1.0000038146972656
    vertex 10.95970630645752 -6.502422332763672 1.0000038146972656
  endloop
endfacet
facet normal 0.0 0.0 0.0
  outer loop
    vertex 10.431300163269043 -6.687319755554199 1.0000038146972656
    vertex 17.142946243286133 -7.75 1.0000028610229492
    vertex 10.95970630645752 -6.502422332763672 1.0000038146972656
  endloop
endfacet
facet normal 0.0 0.0 0.0
  outer loop
    vertex 10.95970630645752 -6.502422332763672 1.0000038146972656
    vertex 17.142946243286133 -7.75 1.0000028610229492
    vertex 17.460783004760742 -7.33578634262085 1.0000028610229492
  endloop
endfacet
facet normal 0.0 0.0 0.0
  outer loop
    vertex 10.95970630645752 -6.502422332763672 1.0000038146972656
    vertex 17.460783004760742 -7.33578634262085 1.0000028610229492
    vertex 17.874996185302734 -7.017949104309082 1.0000028610229492
  endloop
endfacet
facet normal 0.0 0.0 0.0
  outer loop
    vertex 17.142946243286133 -7.75 1.0000028610229492
    vertex 10.431300163269043 -6.687319755554199 1.0000038146972656
    vertex 16.943143844604492 -8.232361793518066 1.0000028610229492
  endloop
endfacet
facet normal 0.0 0.0 0.0
  outer loop
    vertex 16.943143844604492 -8.232361793518066 1.0000028610229492
    vertex 10.431300163269043 -6.687319755554199 1.0000038146972656
    vertex 9.87499713897705 -6.75 1.0000038146972656
  endloop
endfacet
facet normal 0.0 0.0 0.0
  outer loop
    vertex 16.943143844604492 -8.232361793518066 1.0000028610229492
    vertex 9.87499713897705 -6.75 1.0000038146972656
    vertex 16.874996185302734 -8.75 1.0000028610229492
  endloop
endfacet
facet normal 0.0 0.0 0.0
  outer loop
    vertex 16.874996185302734 -8.75 1.0000028610229492
    vertex 9.87499713897705 -6.75 1.0000038146972656
    vertex 16.943143844604492 -9.267638206481934 1.0000028610229492
  endloop
endfacet
facet normal 0.0 0.0 0.0
  outer loop
    vertex 16.943143844604492 -9.267638206481934 1.0000028610229492
    vertex 9.87499713897705 -6.75 1.0000038146972656
    vertex 13.874996185302734 -11.75 1.0000038146972656
  endloop
endfacet
facet normal 0.0 0.0 0.0
  outer loop
    vertex 16.943143844604492 -9.267638206481934 1.0000028610229492
    vertex 13.874996185302734 -11.75 1.0000038146972656
    vertex 17.142946243286133 -9.75 1.0000028610229492
  endloop
endfacet
facet normal 0.0 0.0 0.0
  outer loop
    vertex 17.142946243286133 -9.75 1.0000028610229492
    vertex 13.874996185302734 -11.75 1.0000038146972656
    vertex 17.460783004760742 -10.164213180541992 1.0000028610229492
  endloop
endfacet
facet normal 0.0 0.0 0.0
  outer loop
    vertex 17.460783004760742 -10.164213180541992 1.0000028610229492
    vertex 13.874996185302734 -11.75 1.0000038146972656
    vertex 17.874996185302734 -10.482050895690918 1.0000028610229492
  endloop
endfacet
facet normal 0.0 0.0 0.0
  outer loop
    vertex 17.874996185302734 -10.482050895690918 1.0000028610229492
    vertex 13.874996185302734 -11.75 1.0000038146972656
    vertex 18.357358932495117 -10.681851387023926 1.0000028610229492
  endloop
endfacet
facet normal 0.0 0.0 0.0
  outer loop
    vertex 18.357358932495117 -10.681851387023926 1.0000028610229492
    vertex 13.874996185302734 -11.75 1.0000038146972656
    vertex 18.874996185302734 -10.75 1.0000028610229492
  endloop
endfacet
facet normal 0.0 0.0 0.0
  outer loop
    vertex 18.874996185302734 -10.75 1.0000028610229492
    vertex 13.874996185302734 -11.75 1.0000038146972656
    vertex 19.39263343811035 -10.681851387023926 1.0000028610229492
  endloop
endfacet
facet normal 0.0 0.0 0.0
  outer loop
    vertex 19.39263343811035 -10.681851387023926 1.0000028610229492
    vertex 13.874996185302734 -11.75 1.0000038146972656
    vertex 46.374996185302734 -11.75 1.0
  endloop
endfacet
facet normal 0.0 0.0 0.0
  outer loop
    vertex 19.39263343811035 -10.681851387023926 1.0000028610229492
    vertex 46.374996185302734 -11.75 1.0
    vertex 19.874996185302734 -10.482050895690918 1.0000028610229492
  endloop
endfacet
facet normal 0.0 0.0 0.0
  outer loop
    vertex 19.874996185302734 -10.482050895690918 1.0000028610229492
    vertex 46.374996185302734 -11.75 1.0
    vertex 20.289209365844727 -10.164213180541992 1.0000028610229492
  endloop
endfacet
facet normal 0.0 0.0 0.0
  outer loop
    vertex 20.289209365844727 -10.164213180541992 1.0000028610229492
    vertex 46.374996185302734 -11.75 1.0
    vertex 20.607046127319336 -9.75 1.0000028610229492
  endloop
endfacet
facet normal 0.0 0.0 0.0
  outer loop
    vertex 20.607046127319336 -9.75 1.0000028610229492
    vertex 46.374996185302734 -11.75 1.0
    vertex 20.806848526000977 -9.267638206481934 1.0000028610229492
  endloop
endfacet
facet normal 0.0 0.0 0.0
  outer loop
    vertex 20.806848526000977 -9.267638206481934 1.0000028610229492
    vertex 46.374996185302734 -11.75 1.0
    vertex 38.18191146850586 -5.708076000213623 1.0000009536743164
  endloop
endfacet
facet normal 0.0 0.0 0.0
  outer loop
    vertex 20.806848526000977 -9.267638206481934 1.0000028610229492
    vertex 38.18191146850586 -5.708076000213623 1.0000009536743164
    vertex 20.874996185302734 -8.75 1.0000028610229492
  endloop
endfacet
facet normal 0.0 0.0 0.0
  outer loop
    vertex 20.874996185302734 -8.75 1.0000028610229492
    vertex 38.18191146850586 -5.708076000213623 1.0000009536743164
    vertex 20.806848526000977 -8.232361793518066 1.0000028610229492
  endloop
endfacet
facet normal 0.0 0.0 0.0
  outer loop
    vertex 20.806848526000977 -8.232361793518066 1.0000028610229492
    vertex 38.18191146850586 -5.708076000213623 1.0000009536743164
    vertex 37.275245666503906 -5.522979259490967 1.0000009536743164
  endloop
endfacet
facet normal 0.0 0.0 0.0
  outer loop
    vertex 20.806848526000977 -8.232361793518066 1.0000028610229492
    vertex 37.275245666503906 -5.522979259490967 1.0000009536743164
    vertex 20.607046127319336 -7.75 1.0000028610229492
  endloop
endfacet
facet normal 0.0 0.0 0.0
  outer loop
    vertex 20.607046127319336 -7.75 1.0000028610229492
    vertex 37.275245666503906 -5.522979259490967 1.0000009536743164
    vertex 36.41001510620117 -5.194839954376221 1.0000009536743164
  endloop
endfacet
facet normal 0.0 0.0 0.0
  outer loop
    vertex 20.607046127319336 -7.75 1.0000028610229492
    vertex 36.41001510620117 -5.194839954376221 1.0000009536743164
    vertex 20.289209365844727 -7.33578634262085 1.0000028610229492
  endloop
endfacet
facet normal 0.0 0.0 0.0
  outer loop
    vertex 20.289209365844727 -7.33578634262085 1.0000028610229492
    vertex 36.41001510620117 -5.194839954376221 1.0000009536743164
    vertex 19.874996185302734 -7.017949104309082 1.0000028610229492
  endloop
endfacet
facet normal 0.0 0.0 0.0
  outer loop
    vertex 19.874996185302734 -7.017949104309082 1.0000028610229492
    vertex 36.41001510620117 -5.194839954376221 1.0000009536743164
    vertex 35.60862350463867 -4.732157230377197 1.0000009536743164
  endloop
endfacet
facet normal 0.0 0.0 0.0
  outer loop
    vertex 19.874996185302734 -7.017949104309082 1.0000028610229492
    vertex 35.60862350463867 -4.732157230377197 1.0000009536743164
    vertex 19.39263343811035 -6.818148136138916 1.0000028610229492
  endloop
endfacet
facet normal 0.0 0.0 0.0
  outer loop
    vertex 19.39263343811035 -6.818148136138916 1.0000028610229492
    vertex 35.60862350463867 -4.732157230377197 1.0000009536743164
    vertex 34.89183044433594 -4.146914005279541 1.0000009536743164
  endloop
endfacet
facet normal 0.0 0.0 0.0
  outer loop
    vertex 19.39263343811035 -6.818148136138916 1.0000028610229492
    vertex 34.89183044433594 -4.146914005279541 1.0000009536743164
    vertex 34.278202056884766 -3.454267978668213 1.0000019073486328
  endloop
endfacet
facet normal 0.0 0.0 0.0
  outer loop
    vertex 9.87499713897705 -6.75 1.0000038146972656
    vertex -12.118324279785156 -6.75 1.0000057220458984
    vertex 13.874996185302734 -11.75 1.0000038146972656
  endloop
endfacet
facet normal 0.0 0.0 0.0
  outer loop
    vertex 13.874996185302734 -11.75 1.0000038146972656
    vertex -12.118324279785156 -6.75 1.0000057220458984
    vertex 13.874996185302734 -12.75 1.0000038146972656
  endloop
endfacet
facet normal 0.0 0.0 0.0
  outer loop
    vertex -13.118324279785156 -6.482050895690918 1.0000057220458984
    vertex -13.532539367675781 -6.16421365737915 1.0000057220458984
    vertex -38.30573654174805 -3.9592857360839844 1.0000085830688477
  endloop
endfacet
facet normal 0.0 0.0 0.0
  outer loop
    vertex -38.30573654174805 -3.9592857360839844 1.0000085830688477
    vertex -13.532539367675781 -6.16421365737915 1.0000057220458984
    vertex -37.56672286987305 -3.780003309249878 1.0000085830688477
  endloop
endfacet
facet normal 0.0 0.0 0.0
  outer loop
    vertex -37.56672286987305 -3.780003309249878 1.0000085830688477
    vertex -13.532539367675781 -6.16421365737915 1.0000057220458984
    vertex -13.85037612915039 -5.75 1.0000057220458984
  endloop
endfacet
facet normal 0.0 0.0 0.0
  outer loop
    vertex -37.56672286987305 -3.780003309249878 1.0000085830688477
    vertex -13.85037612915039 -5.75 1.0000057220458984
    vertex -14.050174713134766 -5.267638206481934 1.0000057220458984
  endloop
endfacet
facet normal 0.0 0.0 0.0
  outer loop
    vertex -37.56672286987305 -3.780003309249878 1.0000085830688477
    vertex -14.050174713134766 -5.267638206481934 1.0000057220458984
    vertex -36.874996185302734 -3.464101552963257 1.0000085830688477
  endloop
endfacet
facet normal 0.0 0.0 0.0
  outer loop
    vertex -36.874996185302734 -3.464101552963257 1.0000085830688477
    vertex -14.050174713134766 -5.267638206481934 1.0000057220458984
    vertex -14.118324279785156 -4.75 1.0000057220458984
  endloop
endfacet
facet normal 0.0 0.0 0.0
  outer loop
    vertex -36.874996185302734 -3.464101552963257 1.0000085830688477
    vertex -14.118324279785156 -4.75 1.0000057220458984
    vertex -36.255550384521484 -3.022998332977295 1.0000085830688477
  endloop
endfacet
facet normal 0.0 0.0 0.0
  outer loop
    vertex -36.255550384521484 -3.022998332977295 1.0000085830688477
    vertex -14.118324279785156 -4.75 1.0000057220458984
    vertex -35.73078536987305 -2.4726359844207764 1.0000085830688477
  endloop
endfacet
facet normal 0.0 0.0 0.0
  outer loop
    vertex -35.73078536987305 -2.4726359844207764 1.0000085830688477
    vertex -14.118324279785156 -4.75 1.0000057220458984
    vertex -35.31965255737305 -1.8329061269760132 1.0000085830688477
  endloop
endfacet
facet normal 0.0 0.0 0.0
  outer loop
    vertex -35.31965255737305 -1.8329061269760132 1.0000085830688477
    vertex -14.118324279785156 -4.75 1.0000057220458984
    vertex -35.03702163696289 -1.1269302368164062 1.0000085830688477
  endloop
endfacet
facet normal 0.0 0.0 0.0
  outer loop
    vertex -35.03702163696289 -1.1269302368164062 1.0000085830688477
    vertex -14.118324279785156 -4.75 1.0000057220458984
    vertex -34.89310836791992 -0.38022416830062866 1.0000085830688477
  endloop
endfacet
facet normal 0.0 0.0 0.0
  outer loop
    vertex -34.89310836791992 -0.38022416830062866 1.0000085830688477
    vertex -14.118324279785156 -4.75 1.0000057220458984
    vertex -34.89310836791992 0.38022416830062866 1.0000085830688477
  endloop
endfacet
facet normal 0.0 0.0 0.0
  outer loop
    vertex -34.89310836791992 0.38022416830062866 1.0000085830688477
    vertex -14.118324279785156 -4.75 1.0000057220458984
    vertex -14.118324279785156 4.75 1.0000057220458984
  endloop
endfacet
facet normal 0.0 0.0 0.0
  outer loop
    vertex -34.89310836791992 0.38022416830062866 1.0000085830688477
    vertex -14.118324279785156 4.75 1.0000057220458984
    vertex -35.03702163696289 1.1269302368164062 1.0000085830688477
  endloop
endfacet
facet normal 0.0 0.0 0.0
  outer loop
    vertex -35.03702163696289 1.1269302368164062 1.0000085830688477
    vertex -14.118324279785156 4.75 1.0000057220458984
    vertex -35.31965255737305 1.8329061269760132 1.0000085830688477
  endloop
endfacet
facet normal 0.0 0.0 0.0
  outer loop
    vertex -35.31965255737305 1.8329061269760132 1.0000085830688477
    vertex -14.118324279785156 4.75 1.0000057220458984
    vertex -35.73078536987305 2.4726359844207764 1.0000085830688477
  endloop
endfacet
facet normal 0.0 0.0 0.0
  outer loop
    vertex -35.73078536987305 2.4726359844207764 1.0000085830688477
    vertex -14.118324279785156 4.75 1.0000057220458984
    vertex -36.255550384521484 3.022998332977295 1.0000085830688477
  endloop
endfacet
facet normal 0.0 0.0 0.0
  outer loop
    vertex -36.255550384521484 3.022998332977295 1.0000085830688477
    vertex -14.118324279785156 4.75 1.0000057220458984
    vertex -36.874996185302734 3.464101552963257 1.0000085830688477
  endloop
endfacet
facet normal 0.0 0.0 0.0
  outer loop
    vertex -36.874996185302734 3.464101552963257 1.0000085830688477
    vertex -14.118324279785156 4.75 1.0000057220458984
    vertex -14.050174713134766 5.267638206481934 1.0000057220458984
  endloop
endfacet
facet normal 0.0 0.0 0.0
  outer loop
    vertex -36.874996185302734 3.464101552963257 1.0000085830688477
    vertex -14.050174713134766 5.267638206481934 1.0000057220458984
    vertex -37.56672286987305 3.780003309249878 1.0000085830688477
  endloop
endfacet
facet normal 0.0 0.0 0.0
  outer loop
    vertex -37.56672286987305 3.780003309249878 1.0000085830688477
    vertex -14.050174713134766 5.267638206481934 1.0000057220458984
    vertex -13.85037612915039 5.75 1.0000057220458984
  endloop
endfacet
facet normal 0.0 0.0 0.0
  outer loop
    vertex -37.56672286987305 3.780003309249878 1.0000085830688477
    vertex -13.85037612915039 5.75 1.0000057220458984
    vertex -13.532539367675781 6.16421365737915 1.0000057220458984
  endloop
endfacet
facet normal 0.0 0.0 0.0
  outer loop
    vertex -37.56672286987305 3.780003309249878 1.0000085830688477
    vertex -13.532539367675781 6.16421365737915 1.0000057220458984
    vertex -38.30573654174805 3.9592857360839844 1.0000085830688477
  endloop
endfacet
facet normal 0.0 0.0 0.0
  outer loop
    vertex -38.30573654174805 3.9592857360839844 1.0000085830688477
    vertex -13.532539367675781 6.16421365737915 1.0000057220458984
    vertex -13.118324279785156 6.482050895690918 1.0000057220458984
  endloop
endfacet
facet normal 0.0 0.0 0.0
  outer loop
    vertex 46.374996185302734 -12.75 1.0
    vertex 13.874996185302734 -12.75 1.0000038146972656
    vertex 38.874996185302734 -16.299999237060547 1.0000009536743164
  endloop
endfacet
facet normal 0.0 0.0 0.0
  outer loop
    vertex 47.15641403198242 -11.681634902954102 1.0
    vertex 47.91408920288086 -11.478616714477539 1.0
    vertex 46.374996185302734 -11.75 1.0
  endloop
endfacet
facet normal 0.0 0.0 0.0
  outer loop
    vertex 46.374996185302734 -11.75 1.0
    vertex 47.91408920288086 -11.478616714477539 1.0
    vertex 48.62499237060547 -11.147114753723145 1.0
  endloop
endfacet
facet normal 0.0 0.0 0.0
  outer loop
    vertex 46.374996185302734 -11.75 1.0
    vertex 48.62499237060547 -11.147114753723145 1.0
    vertex 49.26753616333008 -10.697199821472168 1.0
  endloop
endfacet
facet normal 0.0 0.0 0.0
  outer loop
    vertex 49.26753616333008 -10.697199821472168 1.0
    vertex 49.82219314575195 -10.14254379272461 1.0
    vertex 46.374996185302734 -11.75 1.0
  endloop
endfacet
facet normal 0.0 0.0 0.0
  outer loop
    vertex 46.374996185302734 -11.75 1.0
    vertex 49.82219314575195 -10.14254379272461 1.0
    vertex 39.10652542114258 -5.745336532592773 1.0000009536743164
  endloop
endfacet
facet normal 0.0 0.0 0.0
  outer loop
    vertex 46.374996185302734 -11.75 1.0
    vertex 39.10652542114258 -5.745336532592773 1.0000009536743164
    vertex 38.18191146850586 -5.708076000213623 1.0000009536743164
  endloop
endfacet
facet normal 0.0 0.0 0.0
  outer loop
    vertex 49.82219314575195 -10.14254379272461 1.0
    vertex 50.2721061706543 -9.5 1.0
    vertex 39.10652542114258 -5.745336532592773 1.0000009536743164
  endloop
endfacet
facet normal 0.0 0.0 0.0
  outer loop
    vertex 39.10652542114258 -5.745336532592773 1.0000009536743164
    vertex 50.2721061706543 -9.5 1.0
    vertex 50.603607177734375 -8.789091110229492 1.0
  endloop
endfacet
facet normal 0.0 0.0 0.0
  outer loop
    vertex 39.10652542114258 -5.745336532592773 1.0000009536743164
    vertex 50.603607177734375 -8.789091110229492 1.0
    vertex 50.80662536621094 -8.031416893005371 1.0
  endloop
endfacet
facet normal 0.0 0.0 0.0
  outer loop
    vertex 39.10652542114258 -5.745336532592773 1.0000009536743164
    vertex 50.80662536621094 -8.031416893005371 1.0
    vertex 40.025142669677734 -5.633796215057373 1.0000009536743164
  endloop
endfacet
facet normal 0.0 0.0 0.0
  outer loop
    vertex 40.025142669677734 -5.633796215057373 1.0000009536743164
    vertex 50.80662536621094 -8.031416893005371 1.0
    vertex 50.87499237060547 -7.25 1.0
  endloop
endfacet
facet normal 0.0 0.0 0.0
  outer loop
    vertex 40.025142669677734 -5.633796215057373 1.0000009536743164
    vertex 50.87499237060547 -7.25 1.0
    vertex 40.91397476196289 -5.376343250274658 1.0000009536743164
  endloop
endfacet
facet normal 0.0 0.0 0.0
  outer loop
    vertex 40.91397476196289 -5.376343250274658 1.0000009536743164
    vertex 50.87499237060547 -7.25 1.0
    vertex 41.749996185302734 -4.9796462059021 1.0000009536743164
  endloop
endfacet
facet normal 0.0 0.0 0.0
  outer loop
    vertex 41.749996185302734 -4.9796462059021 1.0000009536743164
    vertex 50.87499237060547 -7.25 1.0
    vertex 42.511558532714844 -4.453978538513184 1.0000009536743164
  endloop
endfacet
facet normal 0.0 0.0 0.0
  outer loop
    vertex 42.511558532714844 -4.453978538513184 1.0000009536743164
    vertex 50.87499237060547 -7.25 1.0
    vertex 43.178932189941406 -3.812955379486084 1.0000009536743164
  endloop
endfacet
facet normal 0.0 0.0 0.0
  outer loop
    vertex 43.178932189941406 -3.812955379486084 1.0000009536743164
    vertex 50.87499237060547 -7.25 1.0
    vertex 43.734840393066406 -3.07317852973938 1.0000009536743164
  endloop
endfacet
facet normal 0.0 0.0 0.0
  outer loop
    vertex 43.734840393066406 -3.07317852973938 1.0000009536743164
    vertex 50.87499237060547 -7.25 1.0
    vertex 44.164878845214844 -2.25380802154541 1.0000009536743164
  endloop
endfacet
facet normal 0.0 0.0 0.0
  outer loop
    vertex 44.164878845214844 -2.25380802154541 1.0000009536743164
    vertex 50.87499237060547 -7.25 1.0
    vertex 44.45791244506836 -1.3760650157928467 1.0
  endloop
endfacet
facet normal 0.0 0.0 0.0
  outer loop
    vertex 44.45791244506836 -1.3760650157928467 1.0
    vertex 50.87499237060547 -7.25 1.0
    vertex 44.60634994506836 -0.4626827836036682 1.0
  endloop
endfacet
facet normal 0.0 0.0 0.0
  outer loop
    vertex 44.60634994506836 -0.4626827836036682 1.0
    vertex 50.87499237060547 -7.25 1.0
    vertex 44.60634994506836 0.4626827836036682 1.0
  endloop
endfacet
facet normal 0.0 0.0 0.0
  outer loop
    vertex 44.60634994506836 0.4626827836036682 1.0
    vertex 50.87499237060547 -7.25 1.0
    vertex 50.87499237060547 7.25 1.0
  endloop
endfacet
facet normal 0.0 0.0 0.0
  outer loop
    vertex 44.60634994506836 0.4626827836036682 1.0
    vertex 50.87499237060547 7.25 1.0
    vertex 44.45791244506836 1.3760650157928467 1.0
  endloop
endfacet
facet normal 0.0 0.0 0.0
  outer loop
    vertex 44.45791244506836 1.3760650157928467 1.0
    vertex 50.87499237060547 7.25 1.0
    vertex 44.164878845214844 2.25380802154541 1.0000009536743164
  endloop
endfacet
facet normal 0.0 0.0 0.0
  outer loop
    vertex 44.164878845214844 2.25380802154541 1.0000009536743164
    vertex 50.87499237060547 7.25 1.0
    vertex 43.734840393066406 3.07317852973938 1.0000009536743164
  endloop
endfacet
facet normal 0.0 0.0 0.0
  outer loop
    vertex 43.734840393066406 3.07317852973938 1.0000009536743164
    vertex 50.87499237060547 7.25 1.0
    vertex 43.178932189941406 3.812955379486084 1.0000009536743164
  endloop
endfacet
facet normal 0.0 0.0 0.0
  outer loop
    vertex 43.178932189941406 3.812955379486084 1.0000009536743164
    vertex 50.87499237060547 7.25 1.0
    vertex 42.511558532714844 4.453978538513184 1.0000009536743164
  endloop
endfacet
facet normal 0.0 0.0 0.0
  outer loop
    vertex 42.511558532714844 4.453978538513184 1.0000009536743164
    vertex 50.87499237060547 7.25 1.0
    vertex 41.749996185302734 4.9796462059021 1.0000009536743164
  endloop
endfacet
facet normal 0.0 0.0 0.0
  outer loop
    vertex 41.749996185302734 4.9796462059021 1.0000009536743164
    vertex 50.87499237060547 7.25 1.0
    vertex 40.91397476196289 5.376343250274658 1.0000009536743164
  endloop
endfacet
facet normal 0.0 0.0 0.0
  outer loop
    vertex 40.91397476196289 5.376343250274658 1.0000009536743164
    vertex 50.87499237060547 7.25 1.0
    vertex 40.025142669677734 5.633796215057373 1.0000009536743164
  endloop
endfacet
facet normal 0.0 0.0 0.0
  outer loop
    vertex 40.025142669677734 5.633796215057373 1.0000009536743164
    vertex 50.87499237060547 7.25 1.0
    vertex 50.80662536621094 8.031416893005371 1.0
  endloop
endfacet
facet normal 0.0 0.0 0.0
  outer loop
    vertex 40.025142669677734 5.633796215057373 1.0000009536743164
    vertex 50.80662536621094 8.031416893005371 1.0
    vertex 39.10652542114258 5.745336532592773 1.0000009536743164
  endloop
endfacet
facet normal 0.0 0.0 0.0
  outer loop
    vertex 39.10652542114258 5.745336532592773 1.0000009536743164
    vertex 50.80662536621094 8.031416893005371 1.0
    vertex 50.603607177734375 8.789091110229492 1.0
  endloop
endfacet
facet normal 0.0 0.0 0.0
  outer loop
    vertex 39.10652542114258 5.745336532592773 1.0000009536743164
    vertex 50.603607177734375 8.789091110229492 1.0
    vertex 50.2721061706543 9.5 1.0
  endloop
endfacet
facet normal 0.0 0.0 0.0
  outer loop
    vertex 50.2721061706543 9.5 1.0
    vertex 49.82219314575195 10.14254379272461 1.0
    vertex 39.10652542114258 5.745336532592773 1.0000009536743164
  endloop
endfacet
facet normal 0.0 0.0 0.0
  outer loop
    vertex 39.10652542114258 5.745336532592773 1.0000009536743164
    vertex 49.82219314575195 10.14254379272461 1.0
    vertex 46.374996185302734 11.75 1.0
  endloop
endfacet
facet normal 0.0 0.0 0.0
  outer loop
    vertex 39.10652542114258 5.745336532592773 1.0000009536743164
    vertex 46.374996185302734 11.75 1.0
    vertex 38.18191146850586 5.708076000213623 1.0000009536743164
  endloop
endfacet
facet normal 0.0 0.0 0.0
  outer loop
    vertex 38.18191146850586 5.708076000213623 1.0000009536743164
    vertex 46.374996185302734 11.75 1.0
    vertex 20.806848526000977 9.267638206481934 1.0000028610229492
  endloop
endfacet
facet normal 0.0 0.0 0.0
  outer loop
    vertex 38.18191146850586 5.708076000213623 1.0000009536743164
    vertex 20.806848526000977 9.267638206481934 1.0000028610229492
    vertex 20.874996185302734 8.75 1.0000028610229492
  endloop
endfacet
facet normal 0.0 0.0 0.0
  outer loop
    vertex 49.82219314575195 10.14254379272461 1.0
    vertex 49.26753616333008 10.697199821472168 1.0
    vertex 46.374996185302734 11.75 1.0
  endloop
endfacet
facet normal 0.0 0.0 0.0
  outer loop
    vertex 46.374996185302734 11.75 1.0
    vertex 49.26753616333008 10.697199821472168 1.0
    vertex 48.62499237060547 11.147114753723145 1.0
  endloop
endfacet
facet normal 0.0 0.0 0.0
  outer loop
    vertex 46.374996185302734 11.75 1.0
    vertex 48.62499237060547 11.147114753723145 1.0
    vertex 47.91408920288086 11.478616714477539 1.0
  endloop
endfacet
facet normal 0.0 0.0 0.0
  outer loop
    vertex 47.91408920288086 11.478616714477539 1.0
    vertex 47.15641403198242 11.681634902954102 1.0
    vertex 46.374996185302734 11.75 1.0
  endloop
endfacet
facet normal 0.0 0.0 0.0
  outer loop
    vertex 13.874996185302734 11.75 1.0000038146972656
    vertex 19.39263343811035 10.681851387023926 1.0000028610229492
    vertex 46.374996185302734 11.75 1.0
  endloop
endfacet
facet normal 0.0 0.0 0.0
  outer loop
    vertex 46.374996185302734 11.75 1.0
    vertex 19.39263343811035 10.681851387023926 1.0000028610229492
    vertex 19.874996185302734 10.482050895690918 1.0000028610229492
  endloop
endfacet
facet normal 0.0 0.0 0.0
  outer loop
    vertex 46.374996185302734 11.75 1.0
    vertex 19.874996185302734 10.482050895690918 1.0000028610229492
    vertex 20.289209365844727 10.164213180541992 1.0000028610229492
  endloop
endfacet
facet normal 0.0 0.0 0.0
  outer loop
    vertex 33.4209098815918 1.8208409547805786 1.0000019073486328
    vertex 33.78362274169922 2.6721582412719727 1.0000019073486328
    vertex 12.374996185302734 4.25 1.0000038146972656
  endloop
endfacet
facet normal 0.0 0.0 0.0
  outer loop
    vertex 12.374996185302734 4.25 1.0000038146972656
    vertex 33.78362274169922 2.6721582412719727 1.0000019073486328
    vertex 34.278202056884766 3.454267978668213 1.0000019073486328
  endloop
endfacet
facet normal 0.0 0.0 0.0
  outer loop
    vertex 12.374996185302734 4.25 1.0000038146972656
    vertex 34.278202056884766 3.454267978668213 1.0000019073486328
    vertex 18.874996185302734 6.75 1.0000028610229492
  endloop
endfacet
facet normal 0.0 0.0 0.0
  outer loop
    vertex 18.874996185302734 6.75 1.0000028610229492
    vertex 34.278202056884766 3.454267978668213 1.0000019073486328
    vertex 19.39263343811035 6.818148136138916 1.0000028610229492
  endloop
endfacet
facet normal 0.0 0.0 0.0
  outer loop
    vertex 19.39263343811035 6.818148136138916 1.0000028610229492
    vertex 34.278202056884766 3.454267978668213 1.0000019073486328
    vertex 34.89183044433594 4.146914005279541 1.0000009536743164
  endloop
endfacet
facet normal 0.0 0.0 0.0
  outer loop
    vertex 19.39263343811035 6.818148136138916 1.0000028610229492
    vertex 34.89183044433594 4.146914005279541 1.0000009536743164
    vertex 35.60862350463867 4.732157230377197 1.0000009536743164
  endloop
endfacet
facet normal 0.0 0.0 0.0
  outer loop
    vertex 19.39263343811035 6.818148136138916 1.0000028610229492
    vertex 35.60862350463867 4.732157230377197 1.0000009536743164
    vertex 19.874996185302734 7.017949104309082 1.0000028610229492
  endloop
endfacet
facet normal 0.0 0.0 0.0
  outer loop
    vertex 19.874996185302734 7.017949104309082 1.0000028610229492
    vertex 35.60862350463867 4.732157230377197 1.0000009536743164
    vertex 36.41001510620117 5.194839954376221 1.0000009536743164
  endloop
endfacet
facet normal 0.0 0.0 0.0
  outer loop
    vertex 19.874996185302734 7.017949104309082 1.0000028610229492
    vertex 36.41001510620117 5.194839954376221 1.0000009536743164
    vertex 20.289209365844727 7.33578634262085 1.0000028610229492
  endloop
endfacet
facet normal 0.0 0.0 0.0
  outer loop
    vertex 20.289209365844727 7.33578634262085 1.0000028610229492
    vertex 36.41001510620117 5.194839954376221 1.0000009536743164
    vertex 20.607046127319336 7.75 1.0000028610229492
  endloop
endfacet
facet normal 0.0 0.0 0.0
  outer loop
    vertex 20.607046127319336 7.75 1.0000028610229492
    vertex 36.41001510620117 5.194839954376221 1.0000009536743164
    vertex 37.275245666503906 5.522979259490967 1.0000009536743164
  endloop
endfacet
facet normal 0.0 0.0 0.0
  outer loop
    vertex 20.607046127319336 7.75 1.0000028610229492
    vertex 37.275245666503906 5.522979259490967 1.0000009536743164
    vertex 20.806848526000977 8.232361793518066 1.0000028610229492
  endloop
endfacet
facet normal 0.0 0.0 0.0
  outer loop
    vertex 20.806848526000977 8.232361793518066 1.0000028610229492
    vertex 37.275245666503906 5.522979259490967 1.0000009536743164
    vertex 38.18191146850586 5.708076000213623 1.0000009536743164
  endloop
endfacet
facet normal 0.0 0.0 0.0
  outer loop
    vertex 20.806848526000977 8.232361793518066 1.0000028610229492
    vertex 38.18191146850586 5.708076000213623 1.0000009536743164
    vertex 20.874996185302734 8.75 1.0000028610229492
  endloop
endfacet
facet normal 0.0 0.0 0.0
  outer loop
    vertex 33.78362274169922 -2.6721582412719727 1.0000019073486328
    vertex 33.4209098815918 -1.8208409547805786 1.0000019073486328
    vertex 12.374996185302734 -4.25 1.0000038146972656
  endloop
endfacet
facet normal 0.0 0.0 0.0
  outer loop
    vertex 12.374996185302734 -4.25 1.0000038146972656
    vertex 33.4209098815918 -1.8208409547805786 1.0000019073486328
    vertex 33.199459075927734 -0.9223648905754089 1.0000019073486328
  endloop
endfacet
facet normal 0.0 0.0 0.0
  outer loop
    vertex 12.374996185302734 -4.25 1.0000038146972656
    vertex 33.199459075927734 -0.9223648905754089 1.0000019073486328
    vertex 33.124996185302734 -7.041718939143572e-16 1.0000019073486328
  endloop
endfacet
facet normal 0.0 0.0 0.0
  outer loop
    vertex 17.874996185302734 10.482050895690918 1.0000028610229492
    vertex 18.357358932495117 10.681851387023926 1.0000028610229492
    vertex 13.874996185302734 11.75 1.0000038146972656
  endloop
endfacet
facet normal 0.0 0.0 0.0
  outer loop
    vertex 13.874996185302734 11.75 1.0000038146972656
    vertex 18.357358932495117 10.681851387023926 1.0000028610229492
    vertex 18.874996185302734 10.75 1.0000028610229492
  endloop
endfacet
facet normal 0.0 0.0 0.0
  outer loop
    vertex 13.874996185302734 11.75 1.0000038146972656
    vertex 18.874996185302734 10.75 1.0000028610229492
    vertex 19.39263343811035 10.681851387023926 1.0000028610229492
  endloop
endfacet
facet normal 0.0 0.0 0.0
  outer loop
    vertex 20.289209365844727 10.164213180541992 1.0000028610229492
    vertex 20.607046127319336 9.75 1.0000028610229492
    vertex 46.374996185302734 11.75 1.0
  endloop
endfacet
facet normal 0.0 0.0 0.0
  outer loop
    vertex 46.374996185302734 11.75 1.0
    vertex 20.607046127319336 9.75 1.0000028610229492
    vertex 20.806848526000977 9.267638206481934 1.0000028610229492
  endloop
endfacet
facet normal 0.0 0.0 0.0
  outer loop
    vertex 18.874996185302734 -6.75 1.0000028610229492
    vertex 19.39263343811035 -6.818148136138916 1.0000028610229492
    vertex 34.278202056884766 -3.454267978668213 1.0000019073486328
  endloop
endfacet
endsolid Uranium STLWriter Tue 21 Aug 2018 10:43:50
