solid Uranium STLWriter Mon 20 Aug 2018 11:55:43
facet normal 0.0 0.0 0.0
  outer loop
    vertex -12.19999885559082 -17.5 1.0000009536743164
    vertex -12.199997901916504 -17.5 9.5367431640625e-07
    vertex -11.941180229187012 -17.534074783325195 1.0000009536743164
  endloop
endfacet
facet normal 0.0 0.0 0.0
  outer loop
    vertex -11.941180229187012 -17.534074783325195 1.0000009536743164
    vertex -12.199997901916504 -17.5 9.5367431640625e-07
    vertex -11.941179275512695 -17.534074783325195 9.5367431640625e-07
  endloop
endfacet
facet normal 0.0 0.0 0.0
  outer loop
    vertex -11.941180229187012 -17.534074783325195 1.0000009536743164
    vertex -11.941179275512695 -17.534074783325195 9.5367431640625e-07
    vertex -11.699999809265137 -17.633974075317383 1.0000009536743164
  endloop
endfacet
facet normal 0.0 0.0 0.0
  outer loop
    vertex -11.699999809265137 -17.633974075317383 1.0000009536743164
    vertex -11.941179275512695 -17.534074783325195 9.5367431640625e-07
    vertex -11.69999885559082 -17.633974075317383 9.5367431640625e-07
  endloop
endfacet
facet normal 0.0 0.0 0.0
  outer loop
    vertex -11.699999809265137 -17.633974075317383 1.0000009536743164
    vertex -11.69999885559082 -17.633974075317383 9.5367431640625e-07
    vertex -11.492892265319824 -17.792892456054688 1.0000009536743164
  endloop
endfacet
facet normal 0.0 0.0 0.0
  outer loop
    vertex -11.492892265319824 -17.792892456054688 1.0000009536743164
    vertex -11.69999885559082 -17.633974075317383 9.5367431640625e-07
    vertex -11.492891311645508 -17.792892456054688 9.5367431640625e-07
  endloop
endfacet
facet normal 0.0 0.0 0.0
  outer loop
    vertex -11.492892265319824 -17.792892456054688 1.0000009536743164
    vertex -11.492891311645508 -17.792892456054688 9.5367431640625e-07
    vertex -11.33397388458252 -18.0 1.0000009536743164
  endloop
endfacet
facet normal 0.0 0.0 0.0
  outer loop
    vertex -11.33397388458252 -18.0 1.0000009536743164
    vertex -11.492891311645508 -17.792892456054688 9.5367431640625e-07
    vertex -11.333972930908203 -18.0 9.5367431640625e-07
  endloop
endfacet
facet normal 0.0 0.0 0.0
  outer loop
    vertex -11.33397388458252 -18.0 1.0000009536743164
    vertex -11.333972930908203 -18.0 9.5367431640625e-07
    vertex -11.2340726852417 -18.241180419921875 1.0000009536743164
  endloop
endfacet
facet normal 0.0 0.0 0.0
  outer loop
    vertex -11.2340726852417 -18.241180419921875 1.0000009536743164
    vertex -11.333972930908203 -18.0 9.5367431640625e-07
    vertex -11.234071731567383 -18.241180419921875 9.5367431640625e-07
  endloop
endfacet
facet normal 0.0 0.0 0.0
  outer loop
    vertex -11.2340726852417 -18.241180419921875 1.0000009536743164
    vertex -11.234071731567383 -18.241180419921875 9.5367431640625e-07
    vertex -11.199999809265137 -18.5 1.0000009536743164
  endloop
endfacet
facet normal 0.0 0.0 0.0
  outer loop
    vertex -11.199999809265137 -18.5 1.0000009536743164
    vertex -11.234071731567383 -18.241180419921875 9.5367431640625e-07
    vertex -11.19999885559082 -18.5 9.5367431640625e-07
  endloop
endfacet
facet normal 0.0 0.0 0.0
  outer loop
    vertex -10.19999885559082 -19.5 9.5367431640625e-07
    vertex -10.199999809265137 -19.5 1.0000009536743164
    vertex -10.458816528320312 -19.465925216674805 9.5367431640625e-07
  endloop
endfacet
facet normal 0.0 0.0 0.0
  outer loop
    vertex -10.458816528320312 -19.465925216674805 9.5367431640625e-07
    vertex -10.199999809265137 -19.5 1.0000009536743164
    vertex -10.458817481994629 -19.465925216674805 1.0000009536743164
  endloop
endfacet
facet normal 0.0 0.0 0.0
  outer loop
    vertex -10.458816528320312 -19.465925216674805 9.5367431640625e-07
    vertex -10.458817481994629 -19.465925216674805 1.0000009536743164
    vertex -10.69999885559082 -19.366025924682617 9.5367431640625e-07
  endloop
endfacet
facet normal 0.0 0.0 0.0
  outer loop
    vertex -10.69999885559082 -19.366025924682617 9.5367431640625e-07
    vertex -10.458817481994629 -19.465925216674805 1.0000009536743164
    vertex -10.699999809265137 -19.366025924682617 1.0000009536743164
  endloop
endfacet
facet normal 0.0 0.0 0.0
  outer loop
    vertex -10.69999885559082 -19.366025924682617 9.5367431640625e-07
    vertex -10.699999809265137 -19.366025924682617 1.0000009536743164
    vertex -10.9071044921875 -19.207107543945312 9.5367431640625e-07
  endloop
endfacet
facet normal 0.0 0.0 0.0
  outer loop
    vertex -10.9071044921875 -19.207107543945312 9.5367431640625e-07
    vertex -10.699999809265137 -19.366025924682617 1.0000009536743164
    vertex -10.907105445861816 -19.207107543945312 1.0000009536743164
  endloop
endfacet
facet normal 0.0 0.0 0.0
  outer loop
    vertex -10.9071044921875 -19.207107543945312 9.5367431640625e-07
    vertex -10.907105445861816 -19.207107543945312 1.0000009536743164
    vertex -11.066022872924805 -19.0 9.5367431640625e-07
  endloop
endfacet
facet normal 0.0 0.0 0.0
  outer loop
    vertex -11.066022872924805 -19.0 9.5367431640625e-07
    vertex -10.907105445861816 -19.207107543945312 1.0000009536743164
    vertex -11.066023826599121 -19.0 1.0000009536743164
  endloop
endfacet
facet normal 0.0 0.0 0.0
  outer loop
    vertex -11.066022872924805 -19.0 9.5367431640625e-07
    vertex -11.066023826599121 -19.0 1.0000009536743164
    vertex -11.165924072265625 -18.758819580078125 9.5367431640625e-07
  endloop
endfacet
facet normal 0.0 0.0 0.0
  outer loop
    vertex -11.165924072265625 -18.758819580078125 9.5367431640625e-07
    vertex -11.066023826599121 -19.0 1.0000009536743164
    vertex -11.165925025939941 -18.758819580078125 1.0000009536743164
  endloop
endfacet
facet normal 0.0 0.0 0.0
  outer loop
    vertex -11.165924072265625 -18.758819580078125 9.5367431640625e-07
    vertex -11.165925025939941 -18.758819580078125 1.0000009536743164
    vertex -11.19999885559082 -18.5 9.5367431640625e-07
  endloop
endfacet
facet normal 0.0 0.0 0.0
  outer loop
    vertex -11.19999885559082 -18.5 9.5367431640625e-07
    vertex -11.165925025939941 -18.758819580078125 1.0000009536743164
    vertex -11.199999809265137 -18.5 1.0000009536743164
  endloop
endfacet
facet normal 0.0 0.0 0.0
  outer loop
    vertex -10.19999885559082 -19.5 9.5367431640625e-07
    vertex -9.19999885559082 -19.5 9.5367431640625e-07
    vertex -10.199999809265137 -19.5 1.0000009536743164
  endloop
endfacet
facet normal 0.0 0.0 0.0
  outer loop
    vertex -10.199999809265137 -19.5 1.0000009536743164
    vertex -9.19999885559082 -19.5 9.5367431640625e-07
    vertex -9.199999809265137 -19.5 1.0000009536743164
  endloop
endfacet
facet normal 0.0 0.0 0.0
  outer loop
    vertex -25.447641372680664 0.5982891321182251 -4.76837158203125e-07
    vertex -9.874998092651367 3.25 9.5367431640625e-07
    vertex -25.374996185302734 -0.0 -4.76837158203125e-07
  endloop
endfacet
facet normal 0.0 0.0 0.0
  outer loop
    vertex -25.374996185302734 -0.0 -4.76837158203125e-07
    vertex -9.874998092651367 3.25 9.5367431640625e-07
    vertex -9.874998092651367 -3.25 9.5367431640625e-07
  endloop
endfacet
facet normal 0.0 0.0 0.0
  outer loop
    vertex -25.374996185302734 -0.0 -4.76837158203125e-07
    vertex -9.874998092651367 -3.25 9.5367431640625e-07
    vertex -25.447641372680664 -0.5982891321182251 -4.76837158203125e-07
  endloop
endfacet
facet normal 0.0 0.0 0.0
  outer loop
    vertex -25.447641372680664 -0.5982891321182251 -4.76837158203125e-07
    vertex -9.874998092651367 -3.25 9.5367431640625e-07
    vertex -25.66135597229004 -1.161807894706726 -4.76837158203125e-07
  endloop
endfacet
facet normal 0.0 0.0 0.0
  outer loop
    vertex -25.66135597229004 -1.161807894706726 -4.76837158203125e-07
    vertex -9.874998092651367 -3.25 9.5367431640625e-07
    vertex -26.003719329833984 -1.657806634902954 -4.76837158203125e-07
  endloop
endfacet
facet normal 0.0 0.0 0.0
  outer loop
    vertex -26.003719329833984 -1.657806634902954 -4.76837158203125e-07
    vertex -9.874998092651367 -3.25 9.5367431640625e-07
    vertex -26.454833984375 -2.057459592819214 -4.76837158203125e-07
  endloop
endfacet
facet normal 0.0 0.0 0.0
  outer loop
    vertex -26.454833984375 -2.057459592819214 -4.76837158203125e-07
    vertex -9.874998092651367 -3.25 9.5367431640625e-07
    vertex -18.874998092651367 -6.75 0.0
  endloop
endfacet
facet normal 0.0 0.0 0.0
  outer loop
    vertex -26.454833984375 -2.057459592819214 -4.76837158203125e-07
    vertex -18.874998092651367 -6.75 0.0
    vertex -26.988483428955078 -2.337540626525879 -4.76837158203125e-07
  endloop
endfacet
facet normal 0.0 0.0 0.0
  outer loop
    vertex -26.988483428955078 -2.337540626525879 -4.76837158203125e-07
    vertex -18.874998092651367 -6.75 0.0
    vertex -19.392635345458984 -6.818148136138916 0.0
  endloop
endfacet
facet normal 0.0 0.0 0.0
  outer loop
    vertex -26.988483428955078 -2.337540626525879 -4.76837158203125e-07
    vertex -19.392635345458984 -6.818148136138916 0.0
    vertex -27.573654174804688 -2.4817721843719482 -4.76837158203125e-07
  endloop
endfacet
facet normal 0.0 0.0 0.0
  outer loop
    vertex -27.573654174804688 -2.4817721843719482 -4.76837158203125e-07
    vertex -19.392635345458984 -6.818148136138916 0.0
    vertex -19.874998092651367 -7.017949104309082 0.0
  endloop
endfacet
facet normal 0.0 0.0 0.0
  outer loop
    vertex -27.573654174804688 -2.4817721843719482 -4.76837158203125e-07
    vertex -19.874998092651367 -7.017949104309082 0.0
    vertex -34.89183044433594 -4.146914005279541 -1.430511474609375e-06
  endloop
endfacet
facet normal 0.0 0.0 0.0
  outer loop
    vertex -34.89183044433594 -4.146914005279541 -1.430511474609375e-06
    vertex -19.874998092651367 -7.017949104309082 0.0
    vertex -35.60862350463867 -4.732157230377197 -1.430511474609375e-06
  endloop
endfacet
facet normal 0.0 0.0 0.0
  outer loop
    vertex -35.60862350463867 -4.732157230377197 -1.430511474609375e-06
    vertex -19.874998092651367 -7.017949104309082 0.0
    vertex -20.28921127319336 -7.33578634262085 0.0
  endloop
endfacet
facet normal 0.0 0.0 0.0
  outer loop
    vertex -35.60862350463867 -4.732157230377197 -1.430511474609375e-06
    vertex -20.28921127319336 -7.33578634262085 0.0
    vertex -36.41001510620117 -5.194839954376221 -1.430511474609375e-06
  endloop
endfacet
facet normal 0.0 0.0 0.0
  outer loop
    vertex -36.41001510620117 -5.194839954376221 -1.430511474609375e-06
    vertex -20.28921127319336 -7.33578634262085 0.0
    vertex -20.60704803466797 -7.75 0.0
  endloop
endfacet
facet normal 0.0 0.0 0.0
  outer loop
    vertex -36.41001510620117 -5.194839954376221 -1.430511474609375e-06
    vertex -20.60704803466797 -7.75 0.0
    vertex -20.80685043334961 -8.232361793518066 0.0
  endloop
endfacet
facet normal 0.0 0.0 0.0
  outer loop
    vertex -25.447641372680664 0.5982891321182251 -4.76837158203125e-07
    vertex -25.66135597229004 1.161807894706726 -4.76837158203125e-07
    vertex -9.874998092651367 3.25 9.5367431640625e-07
  endloop
endfacet
facet normal 0.0 0.0 0.0
  outer loop
    vertex -9.874998092651367 3.25 9.5367431640625e-07
    vertex -25.66135597229004 1.161807894706726 -4.76837158203125e-07
    vertex -26.003719329833984 1.657806634902954 -4.76837158203125e-07
  endloop
endfacet
facet normal 0.0 0.0 0.0
  outer loop
    vertex -9.874998092651367 3.25 9.5367431640625e-07
    vertex -26.003719329833984 1.657806634902954 -4.76837158203125e-07
    vertex -26.454833984375 2.057459592819214 -4.76837158203125e-07
  endloop
endfacet
facet normal 0.0 0.0 0.0
  outer loop
    vertex -9.874998092651367 3.25 9.5367431640625e-07
    vertex -26.454833984375 2.057459592819214 -4.76837158203125e-07
    vertex -18.874998092651367 6.75 0.0
  endloop
endfacet
facet normal 0.0 0.0 0.0
  outer loop
    vertex -18.874998092651367 6.75 0.0
    vertex -26.454833984375 2.057459592819214 -4.76837158203125e-07
    vertex -26.988483428955078 2.337540626525879 -4.76837158203125e-07
  endloop
endfacet
facet normal 0.0 0.0 0.0
  outer loop
    vertex -18.874998092651367 6.75 0.0
    vertex -26.988483428955078 2.337540626525879 -4.76837158203125e-07
    vertex -19.392635345458984 6.818148136138916 0.0
  endloop
endfacet
facet normal 0.0 0.0 0.0
  outer loop
    vertex -19.392635345458984 6.818148136138916 0.0
    vertex -26.988483428955078 2.337540626525879 -4.76837158203125e-07
    vertex -27.573654174804688 2.4817721843719482 -4.76837158203125e-07
  endloop
endfacet
facet normal 0.0 0.0 0.0
  outer loop
    vertex -19.392635345458984 6.818148136138916 0.0
    vertex -27.573654174804688 2.4817721843719482 -4.76837158203125e-07
    vertex -19.874998092651367 7.017949104309082 0.0
  endloop
endfacet
facet normal 0.0 0.0 0.0
  outer loop
    vertex -19.874998092651367 7.017949104309082 0.0
    vertex -27.573654174804688 2.4817721843719482 -4.76837158203125e-07
    vertex -34.89183044433594 4.146914005279541 -1.430511474609375e-06
  endloop
endfacet
facet normal 0.0 0.0 0.0
  outer loop
    vertex -19.874998092651367 7.017949104309082 0.0
    vertex -34.89183044433594 4.146914005279541 -1.430511474609375e-06
    vertex -35.60862350463867 4.732157230377197 -1.430511474609375e-06
  endloop
endfacet
facet normal 0.0 0.0 0.0
  outer loop
    vertex -27.573654174804688 2.4817721843719482 -4.76837158203125e-07
    vertex -28.17633819580078 2.4817721843719482 -4.76837158203125e-07
    vertex -34.89183044433594 4.146914005279541 -1.430511474609375e-06
  endloop
endfacet
facet normal 0.0 0.0 0.0
  outer loop
    vertex -34.89183044433594 4.146914005279541 -1.430511474609375e-06
    vertex -28.17633819580078 2.4817721843719482 -4.76837158203125e-07
    vertex -34.278202056884766 3.454267978668213 -1.430511474609375e-06
  endloop
endfacet
facet normal 0.0 0.0 0.0
  outer loop
    vertex -34.278202056884766 3.454267978668213 -1.430511474609375e-06
    vertex -28.17633819580078 2.4817721843719482 -4.76837158203125e-07
    vertex -28.76150894165039 2.337540626525879 -9.5367431640625e-07
  endloop
endfacet
facet normal 0.0 0.0 0.0
  outer loop
    vertex -34.278202056884766 3.454267978668213 -1.430511474609375e-06
    vertex -28.76150894165039 2.337540626525879 -9.5367431640625e-07
    vertex -33.78362274169922 2.6721582412719727 -1.430511474609375e-06
  endloop
endfacet
facet normal 0.0 0.0 0.0
  outer loop
    vertex -33.78362274169922 2.6721582412719727 -1.430511474609375e-06
    vertex -28.76150894165039 2.337540626525879 -9.5367431640625e-07
    vertex -29.29515838623047 2.057459592819214 -9.5367431640625e-07
  endloop
endfacet
facet normal 0.0 0.0 0.0
  outer loop
    vertex -33.78362274169922 2.6721582412719727 -1.430511474609375e-06
    vertex -29.29515838623047 2.057459592819214 -9.5367431640625e-07
    vertex -33.4209098815918 1.8208409547805786 -9.5367431640625e-07
  endloop
endfacet
facet normal 0.0 0.0 0.0
  outer loop
    vertex -33.4209098815918 1.8208409547805786 -9.5367431640625e-07
    vertex -29.29515838623047 2.057459592819214 -9.5367431640625e-07
    vertex -29.746273040771484 1.657806634902954 -9.5367431640625e-07
  endloop
endfacet
facet normal 0.0 0.0 0.0
  outer loop
    vertex -33.4209098815918 1.8208409547805786 -9.5367431640625e-07
    vertex -29.746273040771484 1.657806634902954 -9.5367431640625e-07
    vertex -30.08863639831543 1.161807894706726 -9.5367431640625e-07
  endloop
endfacet
facet normal 0.0 0.0 0.0
  outer loop
    vertex -33.4209098815918 1.8208409547805786 -9.5367431640625e-07
    vertex -30.08863639831543 1.161807894706726 -9.5367431640625e-07
    vertex -33.199459075927734 0.9223648905754089 -9.5367431640625e-07
  endloop
endfacet
facet normal 0.0 0.0 0.0
  outer loop
    vertex -33.199459075927734 0.9223648905754089 -9.5367431640625e-07
    vertex -30.08863639831543 1.161807894706726 -9.5367431640625e-07
    vertex -30.302350997924805 0.5982891321182251 -9.5367431640625e-07
  endloop
endfacet
facet normal 0.0 0.0 0.0
  outer loop
    vertex -33.199459075927734 0.9223648905754089 -9.5367431640625e-07
    vertex -30.302350997924805 0.5982891321182251 -9.5367431640625e-07
    vertex -33.124996185302734 -0.0 -9.5367431640625e-07
  endloop
endfacet
facet normal 0.0 0.0 0.0
  outer loop
    vertex -33.124996185302734 -0.0 -9.5367431640625e-07
    vertex -30.302350997924805 0.5982891321182251 -9.5367431640625e-07
    vertex -30.374996185302734 5.059405085706373e-16 -9.5367431640625e-07
  endloop
endfacet
facet normal 0.0 0.0 0.0
  outer loop
    vertex -33.124996185302734 -0.0 -9.5367431640625e-07
    vertex -30.374996185302734 5.059405085706373e-16 -9.5367431640625e-07
    vertex -30.302350997924805 -0.5982891321182251 -9.5367431640625e-07
  endloop
endfacet
facet normal 0.0 0.0 0.0
  outer loop
    vertex -33.124996185302734 -0.0 -9.5367431640625e-07
    vertex -30.302350997924805 -0.5982891321182251 -9.5367431640625e-07
    vertex -33.199459075927734 -0.9223648905754089 -9.5367431640625e-07
  endloop
endfacet
facet normal 0.0 0.0 0.0
  outer loop
    vertex -33.199459075927734 -0.9223648905754089 -9.5367431640625e-07
    vertex -30.302350997924805 -0.5982891321182251 -9.5367431640625e-07
    vertex -30.08863639831543 -1.161807894706726 -9.5367431640625e-07
  endloop
endfacet
facet normal 0.0 0.0 0.0
  outer loop
    vertex -33.199459075927734 -0.9223648905754089 -9.5367431640625e-07
    vertex -30.08863639831543 -1.161807894706726 -9.5367431640625e-07
    vertex -33.4209098815918 -1.8208409547805786 -9.5367431640625e-07
  endloop
endfacet
facet normal 0.0 0.0 0.0
  outer loop
    vertex -33.4209098815918 -1.8208409547805786 -9.5367431640625e-07
    vertex -30.08863639831543 -1.161807894706726 -9.5367431640625e-07
    vertex -29.746273040771484 -1.657806634902954 -9.5367431640625e-07
  endloop
endfacet
facet normal 0.0 0.0 0.0
  outer loop
    vertex -33.4209098815918 -1.8208409547805786 -9.5367431640625e-07
    vertex -29.746273040771484 -1.657806634902954 -9.5367431640625e-07
    vertex -29.29515838623047 -2.057459592819214 -9.5367431640625e-07
  endloop
endfacet
facet normal 0.0 0.0 0.0
  outer loop
    vertex -33.4209098815918 -1.8208409547805786 -9.5367431640625e-07
    vertex -29.29515838623047 -2.057459592819214 -9.5367431640625e-07
    vertex -33.78362274169922 -2.6721582412719727 -1.430511474609375e-06
  endloop
endfacet
facet normal 0.0 0.0 0.0
  outer loop
    vertex -33.78362274169922 -2.6721582412719727 -1.430511474609375e-06
    vertex -29.29515838623047 -2.057459592819214 -9.5367431640625e-07
    vertex -28.76150894165039 -2.337540626525879 -9.5367431640625e-07
  endloop
endfacet
facet normal 0.0 0.0 0.0
  outer loop
    vertex -33.78362274169922 -2.6721582412719727 -1.430511474609375e-06
    vertex -28.76150894165039 -2.337540626525879 -9.5367431640625e-07
    vertex -34.278202056884766 -3.454267978668213 -1.430511474609375e-06
  endloop
endfacet
facet normal 0.0 0.0 0.0
  outer loop
    vertex -34.278202056884766 -3.454267978668213 -1.430511474609375e-06
    vertex -28.76150894165039 -2.337540626525879 -9.5367431640625e-07
    vertex -28.17633819580078 -2.4817721843719482 -4.76837158203125e-07
  endloop
endfacet
facet normal 0.0 0.0 0.0
  outer loop
    vertex -34.278202056884766 -3.454267978668213 -1.430511474609375e-06
    vertex -28.17633819580078 -2.4817721843719482 -4.76837158203125e-07
    vertex -34.89183044433594 -4.146914005279541 -1.430511474609375e-06
  endloop
endfacet
facet normal 0.0 0.0 0.0
  outer loop
    vertex -34.89183044433594 -4.146914005279541 -1.430511474609375e-06
    vertex -28.17633819580078 -2.4817721843719482 -4.76837158203125e-07
    vertex -27.573654174804688 -2.4817721843719482 -4.76837158203125e-07
  endloop
endfacet
facet normal 0.0 0.0 0.0
  outer loop
    vertex -16.943145751953125 -9.267638206481934 4.76837158203125e-07
    vertex -16.874998092651367 -8.75 4.76837158203125e-07
    vertex -4.874999046325684 -3.25 1.430511474609375e-06
  endloop
endfacet
facet normal 0.0 0.0 0.0
  outer loop
    vertex -4.874999046325684 -3.25 1.430511474609375e-06
    vertex -16.874998092651367 -8.75 4.76837158203125e-07
    vertex -16.943145751953125 -8.232361793518066 4.76837158203125e-07
  endloop
endfacet
facet normal 0.0 0.0 0.0
  outer loop
    vertex -4.874999046325684 -3.25 1.430511474609375e-06
    vertex -16.943145751953125 -8.232361793518066 4.76837158203125e-07
    vertex -17.142948150634766 -7.75 4.76837158203125e-07
  endloop
endfacet
facet normal 0.0 0.0 0.0
  outer loop
    vertex -4.874999046325684 -3.25 1.430511474609375e-06
    vertex -17.142948150634766 -7.75 4.76837158203125e-07
    vertex -9.874998092651367 -3.25 9.5367431640625e-07
  endloop
endfacet
facet normal 0.0 0.0 0.0
  outer loop
    vertex -9.874998092651367 -3.25 9.5367431640625e-07
    vertex -17.142948150634766 -7.75 4.76837158203125e-07
    vertex -17.460784912109375 -7.33578634262085 4.76837158203125e-07
  endloop
endfacet
facet normal 0.0 0.0 0.0
  outer loop
    vertex -9.874998092651367 -3.25 9.5367431640625e-07
    vertex -17.460784912109375 -7.33578634262085 4.76837158203125e-07
    vertex -17.874998092651367 -7.017949104309082 4.76837158203125e-07
  endloop
endfacet
facet normal 0.0 0.0 0.0
  outer loop
    vertex -17.874998092651367 -7.017949104309082 4.76837158203125e-07
    vertex -18.35736083984375 -6.818148136138916 0.0
    vertex -9.874998092651367 -3.25 9.5367431640625e-07
  endloop
endfacet
facet normal 0.0 0.0 0.0
  outer loop
    vertex -9.874998092651367 -3.25 9.5367431640625e-07
    vertex -18.35736083984375 -6.818148136138916 0.0
    vertex -18.874998092651367 -6.75 0.0
  endloop
endfacet
facet normal 0.0 0.0 0.0
  outer loop
    vertex -36.41001510620117 -5.194839954376221 -1.430511474609375e-06
    vertex -20.80685043334961 -8.232361793518066 0.0
    vertex -37.275245666503906 -5.522979259490967 -1.430511474609375e-06
  endloop
endfacet
facet normal 0.0 0.0 0.0
  outer loop
    vertex -37.275245666503906 -5.522979259490967 -1.430511474609375e-06
    vertex -20.80685043334961 -8.232361793518066 0.0
    vertex -20.874998092651367 -8.75 0.0
  endloop
endfacet
facet normal 0.0 0.0 0.0
  outer loop
    vertex -37.275245666503906 -5.522979259490967 -1.430511474609375e-06
    vertex -20.874998092651367 -8.75 0.0
    vertex -38.18191146850586 -5.708076000213623 -1.430511474609375e-06
  endloop
endfacet
facet normal 0.0 0.0 0.0
  outer loop
    vertex -38.18191146850586 -5.708076000213623 -1.430511474609375e-06
    vertex -20.874998092651367 -8.75 0.0
    vertex -20.80685043334961 -9.267638206481934 0.0
  endloop
endfacet
facet normal 0.0 0.0 0.0
  outer loop
    vertex -38.18191146850586 -5.708076000213623 -1.430511474609375e-06
    vertex -20.80685043334961 -9.267638206481934 0.0
    vertex -20.60704803466797 -9.75 0.0
  endloop
endfacet
facet normal 0.0 0.0 0.0
  outer loop
    vertex -38.18191146850586 -5.708076000213623 -1.430511474609375e-06
    vertex -20.60704803466797 -9.75 0.0
    vertex -50.66466522216797 -12.932656288146973 -2.86102294921875e-06
  endloop
endfacet
facet normal 0.0 0.0 0.0
  outer loop
    vertex -50.66466522216797 -12.932656288146973 -2.86102294921875e-06
    vertex -20.60704803466797 -9.75 0.0
    vertex -20.28921127319336 -10.164213180541992 0.0
  endloop
endfacet
facet normal 0.0 0.0 0.0
  outer loop
    vertex -50.66466522216797 -12.932656288146973 -2.86102294921875e-06
    vertex -20.28921127319336 -10.164213180541992 0.0
    vertex -49.42109680175781 -13.965301513671875 -2.86102294921875e-06
  endloop
endfacet
facet normal 0.0 0.0 0.0
  outer loop
    vertex -49.42109680175781 -13.965301513671875 -2.86102294921875e-06
    vertex -20.28921127319336 -10.164213180541992 0.0
    vertex -48.087554931640625 -14.878799438476562 -2.384185791015625e-06
  endloop
endfacet
facet normal 0.0 0.0 0.0
  outer loop
    vertex -48.087554931640625 -14.878799438476562 -2.384185791015625e-06
    vertex -20.28921127319336 -10.164213180541992 0.0
    vertex -46.675418853759766 -15.66535758972168 -2.384185791015625e-06
  endloop
endfacet
facet normal 0.0 0.0 0.0
  outer loop
    vertex -46.675418853759766 -15.66535758972168 -2.384185791015625e-06
    vertex -20.28921127319336 -10.164213180541992 0.0
    vertex -38.874996185302734 -17.5 -1.9073486328125e-06
  endloop
endfacet
facet normal 0.0 0.0 0.0
  outer loop
    vertex -46.675418853759766 -15.66535758972168 -2.384185791015625e-06
    vertex -38.874996185302734 -17.5 -1.9073486328125e-06
    vertex -45.19672393798828 -16.31826400756836 -2.384185791015625e-06
  endloop
endfacet
facet normal 0.0 0.0 0.0
  outer loop
    vertex -45.19672393798828 -16.31826400756836 -2.384185791015625e-06
    vertex -38.874996185302734 -17.5 -1.9073486328125e-06
    vertex -43.66409683227539 -16.83194923400879 -1.9073486328125e-06
  endloop
endfacet
facet normal 0.0 0.0 0.0
  outer loop
    vertex -43.66409683227539 -16.83194923400879 -1.9073486328125e-06
    vertex -38.874996185302734 -17.5 -1.9073486328125e-06
    vertex -42.090614318847656 -17.202030181884766 -1.9073486328125e-06
  endloop
endfacet
facet normal 0.0 0.0 0.0
  outer loop
    vertex -42.090614318847656 -17.202030181884766 -1.9073486328125e-06
    vertex -38.874996185302734 -17.5 -1.9073486328125e-06
    vertex -40.48969268798828 -17.42534828186035 -1.9073486328125e-06
  endloop
endfacet
facet normal 0.0 0.0 0.0
  outer loop
    vertex -20.28921127319336 -10.164213180541992 0.0
    vertex -19.874998092651367 -10.482050895690918 0.0
    vertex -38.874996185302734 -17.5 -1.9073486328125e-06
  endloop
endfacet
facet normal 0.0 0.0 0.0
  outer loop
    vertex -38.874996185302734 -17.5 -1.9073486328125e-06
    vertex -19.874998092651367 -10.482050895690918 0.0
    vertex -19.392635345458984 -10.681851387023926 0.0
  endloop
endfacet
facet normal 0.0 0.0 0.0
  outer loop
    vertex -38.874996185302734 -17.5 -1.9073486328125e-06
    vertex -19.392635345458984 -10.681851387023926 0.0
    vertex -12.199997901916504 -17.5 9.5367431640625e-07
  endloop
endfacet
facet normal 0.0 0.0 0.0
  outer loop
    vertex -12.199997901916504 -17.5 9.5367431640625e-07
    vertex -19.392635345458984 -10.681851387023926 0.0
    vertex -18.874998092651367 -10.75 0.0
  endloop
endfacet
facet normal 0.0 0.0 0.0
  outer loop
    vertex -12.199997901916504 -17.5 9.5367431640625e-07
    vertex -18.874998092651367 -10.75 0.0
    vertex -18.35736083984375 -10.681851387023926 0.0
  endloop
endfacet
facet normal 0.0 0.0 0.0
  outer loop
    vertex -12.199997901916504 -17.5 9.5367431640625e-07
    vertex -18.35736083984375 -10.681851387023926 0.0
    vertex -9.19999885559082 -17.5 9.5367431640625e-07
  endloop
endfacet
facet normal 0.0 0.0 0.0
  outer loop
    vertex -9.19999885559082 -17.5 9.5367431640625e-07
    vertex -18.35736083984375 -10.681851387023926 0.0
    vertex -17.874998092651367 -10.482050895690918 4.76837158203125e-07
  endloop
endfacet
facet normal 0.0 0.0 0.0
  outer loop
    vertex -9.19999885559082 -17.5 9.5367431640625e-07
    vertex -17.874998092651367 -10.482050895690918 4.76837158203125e-07
    vertex -17.460784912109375 -10.164213180541992 4.76837158203125e-07
  endloop
endfacet
facet normal 0.0 0.0 0.0
  outer loop
    vertex -9.19999885559082 -17.5 9.5367431640625e-07
    vertex -17.460784912109375 -10.164213180541992 4.76837158203125e-07
    vertex 9.200000762939453 -17.5 2.86102294921875e-06
  endloop
endfacet
facet normal 0.0 0.0 0.0
  outer loop
    vertex 9.200000762939453 -17.5 2.86102294921875e-06
    vertex -17.460784912109375 -10.164213180541992 4.76837158203125e-07
    vertex -17.142948150634766 -9.75 4.76837158203125e-07
  endloop
endfacet
facet normal 0.0 0.0 0.0
  outer loop
    vertex 9.200000762939453 -17.5 2.86102294921875e-06
    vertex -17.142948150634766 -9.75 4.76837158203125e-07
    vertex -16.943145751953125 -9.267638206481934 4.76837158203125e-07
  endloop
endfacet
facet normal 0.0 0.0 0.0
  outer loop
    vertex 9.200000762939453 -17.5 2.86102294921875e-06
    vertex -16.943145751953125 -9.267638206481934 4.76837158203125e-07
    vertex -4.874999046325684 -3.25 1.430511474609375e-06
  endloop
endfacet
facet normal 0.0 0.0 0.0
  outer loop
    vertex -19.874998092651367 7.017949104309082 0.0
    vertex -35.60862350463867 4.732157230377197 -1.430511474609375e-06
    vertex -20.28921127319336 7.33578634262085 0.0
  endloop
endfacet
facet normal 0.0 0.0 0.0
  outer loop
    vertex -20.28921127319336 7.33578634262085 0.0
    vertex -35.60862350463867 4.732157230377197 -1.430511474609375e-06
    vertex -36.41001510620117 5.194839954376221 -1.430511474609375e-06
  endloop
endfacet
facet normal 0.0 0.0 0.0
  outer loop
    vertex -20.28921127319336 7.33578634262085 0.0
    vertex -36.41001510620117 5.194839954376221 -1.430511474609375e-06
    vertex -20.60704803466797 7.75 0.0
  endloop
endfacet
facet normal 0.0 0.0 0.0
  outer loop
    vertex -20.60704803466797 7.75 0.0
    vertex -36.41001510620117 5.194839954376221 -1.430511474609375e-06
    vertex -20.80685043334961 8.232361793518066 0.0
  endloop
endfacet
facet normal 0.0 0.0 0.0
  outer loop
    vertex -20.80685043334961 8.232361793518066 0.0
    vertex -36.41001510620117 5.194839954376221 -1.430511474609375e-06
    vertex -37.275245666503906 5.522979259490967 -1.430511474609375e-06
  endloop
endfacet
facet normal 0.0 0.0 0.0
  outer loop
    vertex -20.80685043334961 8.232361793518066 0.0
    vertex -37.275245666503906 5.522979259490967 -1.430511474609375e-06
    vertex -20.874998092651367 8.75 0.0
  endloop
endfacet
facet normal 0.0 0.0 0.0
  outer loop
    vertex -20.874998092651367 8.75 0.0
    vertex -37.275245666503906 5.522979259490967 -1.430511474609375e-06
    vertex -38.18191146850586 5.708076000213623 -1.430511474609375e-06
  endloop
endfacet
facet normal 0.0 0.0 0.0
  outer loop
    vertex -20.874998092651367 8.75 0.0
    vertex -38.18191146850586 5.708076000213623 -1.430511474609375e-06
    vertex -20.80685043334961 9.267638206481934 0.0
  endloop
endfacet
facet normal 0.0 0.0 0.0
  outer loop
    vertex -20.80685043334961 9.267638206481934 0.0
    vertex -38.18191146850586 5.708076000213623 -1.430511474609375e-06
    vertex -20.60704803466797 9.75 0.0
  endloop
endfacet
facet normal 0.0 0.0 0.0
  outer loop
    vertex -20.60704803466797 9.75 0.0
    vertex -38.18191146850586 5.708076000213623 -1.430511474609375e-06
    vertex -50.66466522216797 12.932656288146973 -2.86102294921875e-06
  endloop
endfacet
facet normal 0.0 0.0 0.0
  outer loop
    vertex -20.60704803466797 9.75 0.0
    vertex -50.66466522216797 12.932656288146973 -2.86102294921875e-06
    vertex -20.28921127319336 10.164213180541992 0.0
  endloop
endfacet
facet normal 0.0 0.0 0.0
  outer loop
    vertex -20.28921127319336 10.164213180541992 0.0
    vertex -50.66466522216797 12.932656288146973 -2.86102294921875e-06
    vertex -49.42109680175781 13.965301513671875 -2.86102294921875e-06
  endloop
endfacet
facet normal 0.0 0.0 0.0
  outer loop
    vertex -20.28921127319336 10.164213180541992 0.0
    vertex -49.42109680175781 13.965301513671875 -2.86102294921875e-06
    vertex -48.087554931640625 14.878799438476562 -2.384185791015625e-06
  endloop
endfacet
facet normal 0.0 0.0 0.0
  outer loop
    vertex -38.18191146850586 5.708076000213623 -1.430511474609375e-06
    vertex -39.10652542114258 5.745336532592773 -1.9073486328125e-06
    vertex -50.66466522216797 12.932656288146973 -2.86102294921875e-06
  endloop
endfacet
facet normal 0.0 0.0 0.0
  outer loop
    vertex -50.66466522216797 12.932656288146973 -2.86102294921875e-06
    vertex -39.10652542114258 5.745336532592773 -1.9073486328125e-06
    vertex -51.807647705078125 11.789673805236816 -2.86102294921875e-06
  endloop
endfacet
facet normal 0.0 0.0 0.0
  outer loop
    vertex -51.807647705078125 11.789673805236816 -2.86102294921875e-06
    vertex -39.10652542114258 5.745336532592773 -1.9073486328125e-06
    vertex -52.840293884277344 10.546106338500977 -2.86102294921875e-06
  endloop
endfacet
facet normal 0.0 0.0 0.0
  outer loop
    vertex -52.840293884277344 10.546106338500977 -2.86102294921875e-06
    vertex -39.10652542114258 5.745336532592773 -1.9073486328125e-06
    vertex -40.025142669677734 5.633796215057373 -1.9073486328125e-06
  endloop
endfacet
facet normal 0.0 0.0 0.0
  outer loop
    vertex -52.840293884277344 10.546106338500977 -2.86102294921875e-06
    vertex -40.025142669677734 5.633796215057373 -1.9073486328125e-06
    vertex -53.75379180908203 9.212562561035156 -2.86102294921875e-06
  endloop
endfacet
facet normal 0.0 0.0 0.0
  outer loop
    vertex -53.75379180908203 9.212562561035156 -2.86102294921875e-06
    vertex -40.025142669677734 5.633796215057373 -1.9073486328125e-06
    vertex -54.54035186767578 7.800421237945557 -3.337860107421875e-06
  endloop
endfacet
facet normal 0.0 0.0 0.0
  outer loop
    vertex -54.54035186767578 7.800421237945557 -3.337860107421875e-06
    vertex -40.025142669677734 5.633796215057373 -1.9073486328125e-06
    vertex -40.91397476196289 5.376343250274658 -1.9073486328125e-06
  endloop
endfacet
facet normal 0.0 0.0 0.0
  outer loop
    vertex -54.54035186767578 7.800421237945557 -3.337860107421875e-06
    vertex -40.91397476196289 5.376343250274658 -1.9073486328125e-06
    vertex -41.749996185302734 4.9796462059021 -1.9073486328125e-06
  endloop
endfacet
facet normal 0.0 0.0 0.0
  outer loop
    vertex -54.54035186767578 7.800421237945557 -3.337860107421875e-06
    vertex -41.749996185302734 4.9796462059021 -1.9073486328125e-06
    vertex -55.19325637817383 6.3217291831970215 -3.337860107421875e-06
  endloop
endfacet
facet normal 0.0 0.0 0.0
  outer loop
    vertex -55.19325637817383 6.3217291831970215 -3.337860107421875e-06
    vertex -41.749996185302734 4.9796462059021 -1.9073486328125e-06
    vertex -42.511558532714844 4.453978538513184 -1.9073486328125e-06
  endloop
endfacet
facet normal 0.0 0.0 0.0
  outer loop
    vertex -55.19325637817383 6.3217291831970215 -3.337860107421875e-06
    vertex -42.511558532714844 4.453978538513184 -1.9073486328125e-06
    vertex -55.706939697265625 4.789102554321289 -3.337860107421875e-06
  endloop
endfacet
facet normal 0.0 0.0 0.0
  outer loop
    vertex -55.706939697265625 4.789102554321289 -3.337860107421875e-06
    vertex -42.511558532714844 4.453978538513184 -1.9073486328125e-06
    vertex -43.178932189941406 3.812955379486084 -1.9073486328125e-06
  endloop
endfacet
facet normal 0.0 0.0 0.0
  outer loop
    vertex -55.706939697265625 4.789102554321289 -3.337860107421875e-06
    vertex -43.178932189941406 3.812955379486084 -1.9073486328125e-06
    vertex -43.734840393066406 3.07317852973938 -1.9073486328125e-06
  endloop
endfacet
facet normal 0.0 0.0 0.0
  outer loop
    vertex -55.706939697265625 4.789102554321289 -3.337860107421875e-06
    vertex -43.734840393066406 3.07317852973938 -1.9073486328125e-06
    vertex -56.077022552490234 3.215616464614868 -3.337860107421875e-06
  endloop
endfacet
facet normal 0.0 0.0 0.0
  outer loop
    vertex -56.077022552490234 3.215616464614868 -3.337860107421875e-06
    vertex -43.734840393066406 3.07317852973938 -1.9073486328125e-06
    vertex -44.164878845214844 2.25380802154541 -2.384185791015625e-06
  endloop
endfacet
facet normal 0.0 0.0 0.0
  outer loop
    vertex -56.077022552490234 3.215616464614868 -3.337860107421875e-06
    vertex -44.164878845214844 2.25380802154541 -2.384185791015625e-06
    vertex -56.30033874511719 1.6146962642669678 -3.337860107421875e-06
  endloop
endfacet
facet normal 0.0 0.0 0.0
  outer loop
    vertex -56.30033874511719 1.6146962642669678 -3.337860107421875e-06
    vertex -44.164878845214844 2.25380802154541 -2.384185791015625e-06
    vertex -44.45791244506836 1.3760650157928467 -2.384185791015625e-06
  endloop
endfacet
facet normal 0.0 0.0 0.0
  outer loop
    vertex -56.30033874511719 1.6146962642669678 -3.337860107421875e-06
    vertex -44.45791244506836 1.3760650157928467 -2.384185791015625e-06
    vertex -44.60634994506836 0.4626827836036682 -2.384185791015625e-06
  endloop
endfacet
facet normal 0.0 0.0 0.0
  outer loop
    vertex -56.30033874511719 1.6146962642669678 -3.337860107421875e-06
    vertex -44.60634994506836 0.4626827836036682 -2.384185791015625e-06
    vertex -56.37499237060547 -8.881784197001252e-15 -3.337860107421875e-06
  endloop
endfacet
facet normal 0.0 0.0 0.0
  outer loop
    vertex -56.37499237060547 -8.881784197001252e-15 -3.337860107421875e-06
    vertex -44.60634994506836 0.4626827836036682 -2.384185791015625e-06
    vertex -44.60634994506836 -0.4626827836036682 -2.384185791015625e-06
  endloop
endfacet
facet normal 0.0 0.0 0.0
  outer loop
    vertex -56.37499237060547 -8.881784197001252e-15 -3.337860107421875e-06
    vertex -44.60634994506836 -0.4626827836036682 -2.384185791015625e-06
    vertex -56.30033874511719 -1.6146962642669678 -3.337860107421875e-06
  endloop
endfacet
facet normal 0.0 0.0 0.0
  outer loop
    vertex -56.30033874511719 -1.6146962642669678 -3.337860107421875e-06
    vertex -44.60634994506836 -0.4626827836036682 -2.384185791015625e-06
    vertex -44.45791244506836 -1.3760650157928467 -2.384185791015625e-06
  endloop
endfacet
facet normal 0.0 0.0 0.0
  outer loop
    vertex -56.30033874511719 -1.6146962642669678 -3.337860107421875e-06
    vertex -44.45791244506836 -1.3760650157928467 -2.384185791015625e-06
    vertex -44.164878845214844 -2.25380802154541 -2.384185791015625e-06
  endloop
endfacet
facet normal 0.0 0.0 0.0
  outer loop
    vertex -56.30033874511719 -1.6146962642669678 -3.337860107421875e-06
    vertex -44.164878845214844 -2.25380802154541 -2.384185791015625e-06
    vertex -56.077022552490234 -3.215616464614868 -3.337860107421875e-06
  endloop
endfacet
facet normal 0.0 0.0 0.0
  outer loop
    vertex -56.077022552490234 -3.215616464614868 -3.337860107421875e-06
    vertex -44.164878845214844 -2.25380802154541 -2.384185791015625e-06
    vertex -43.734840393066406 -3.07317852973938 -1.9073486328125e-06
  endloop
endfacet
facet normal 0.0 0.0 0.0
  outer loop
    vertex -56.077022552490234 -3.215616464614868 -3.337860107421875e-06
    vertex -43.734840393066406 -3.07317852973938 -1.9073486328125e-06
    vertex -55.706939697265625 -4.789102554321289 -3.337860107421875e-06
  endloop
endfacet
facet normal 0.0 0.0 0.0
  outer loop
    vertex -55.706939697265625 -4.789102554321289 -3.337860107421875e-06
    vertex -43.734840393066406 -3.07317852973938 -1.9073486328125e-06
    vertex -43.178932189941406 -3.812955379486084 -1.9073486328125e-06
  endloop
endfacet
facet normal 0.0 0.0 0.0
  outer loop
    vertex -55.706939697265625 -4.789102554321289 -3.337860107421875e-06
    vertex -43.178932189941406 -3.812955379486084 -1.9073486328125e-06
    vertex -42.511558532714844 -4.453978538513184 -1.9073486328125e-06
  endloop
endfacet
facet normal 0.0 0.0 0.0
  outer loop
    vertex -55.706939697265625 -4.789102554321289 -3.337860107421875e-06
    vertex -42.511558532714844 -4.453978538513184 -1.9073486328125e-06
    vertex -55.19325637817383 -6.3217291831970215 -3.337860107421875e-06
  endloop
endfacet
facet normal 0.0 0.0 0.0
  outer loop
    vertex -55.19325637817383 -6.3217291831970215 -3.337860107421875e-06
    vertex -42.511558532714844 -4.453978538513184 -1.9073486328125e-06
    vertex -41.749996185302734 -4.9796462059021 -1.9073486328125e-06
  endloop
endfacet
facet normal 0.0 0.0 0.0
  outer loop
    vertex -55.19325637817383 -6.3217291831970215 -3.337860107421875e-06
    vertex -41.749996185302734 -4.9796462059021 -1.9073486328125e-06
    vertex -54.54035186767578 -7.800421237945557 -3.337860107421875e-06
  endloop
endfacet
facet normal 0.0 0.0 0.0
  outer loop
    vertex -54.54035186767578 -7.800421237945557 -3.337860107421875e-06
    vertex -41.749996185302734 -4.9796462059021 -1.9073486328125e-06
    vertex -40.91397476196289 -5.376343250274658 -1.9073486328125e-06
  endloop
endfacet
facet normal 0.0 0.0 0.0
  outer loop
    vertex -54.54035186767578 -7.800421237945557 -3.337860107421875e-06
    vertex -40.91397476196289 -5.376343250274658 -1.9073486328125e-06
    vertex -40.025142669677734 -5.633796215057373 -1.9073486328125e-06
  endloop
endfacet
facet normal 0.0 0.0 0.0
  outer loop
    vertex -39.10652542114258 -5.745336532592773 -1.9073486328125e-06
    vertex -52.840293884277344 -10.546106338500977 -2.86102294921875e-06
    vertex -40.025142669677734 -5.633796215057373 -1.9073486328125e-06
  endloop
endfacet
facet normal 0.0 0.0 0.0
  outer loop
    vertex -40.025142669677734 -5.633796215057373 -1.9073486328125e-06
    vertex -52.840293884277344 -10.546106338500977 -2.86102294921875e-06
    vertex -53.75379180908203 -9.212562561035156 -2.86102294921875e-06
  endloop
endfacet
facet normal 0.0 0.0 0.0
  outer loop
    vertex -40.025142669677734 -5.633796215057373 -1.9073486328125e-06
    vertex -53.75379180908203 -9.212562561035156 -2.86102294921875e-06
    vertex -54.54035186767578 -7.800421237945557 -3.337860107421875e-06
  endloop
endfacet
facet normal 0.0 0.0 0.0
  outer loop
    vertex -38.18191146850586 -5.708076000213623 -1.430511474609375e-06
    vertex -50.66466522216797 -12.932656288146973 -2.86102294921875e-06
    vertex -39.10652542114258 -5.745336532592773 -1.9073486328125e-06
  endloop
endfacet
facet normal 0.0 0.0 0.0
  outer loop
    vertex -39.10652542114258 -5.745336532592773 -1.9073486328125e-06
    vertex -50.66466522216797 -12.932656288146973 -2.86102294921875e-06
    vertex -51.807647705078125 -11.789673805236816 -2.86102294921875e-06
  endloop
endfacet
facet normal 0.0 0.0 0.0
  outer loop
    vertex -39.10652542114258 -5.745336532592773 -1.9073486328125e-06
    vertex -51.807647705078125 -11.789673805236816 -2.86102294921875e-06
    vertex -52.840293884277344 -10.546106338500977 -2.86102294921875e-06
  endloop
endfacet
facet normal 0.0 0.0 0.0
  outer loop
    vertex 40.32388687133789 -0.38822856545448303 5.7220458984375e-06
    vertex 40.374996185302734 -0.0 5.7220458984375e-06
    vertex 56.37499237060547 6.2659402033573165e-15 7.152557373046875e-06
  endloop
endfacet
facet normal 0.0 0.0 0.0
  outer loop
    vertex 56.37499237060547 6.2659402033573165e-15 7.152557373046875e-06
    vertex 40.374996185302734 -0.0 5.7220458984375e-06
    vertex 40.32388687133789 0.38822856545448303 5.7220458984375e-06
  endloop
endfacet
facet normal 0.0 0.0 0.0
  outer loop
    vertex 56.37499237060547 6.2659402033573165e-15 7.152557373046875e-06
    vertex 40.32388687133789 0.38822856545448303 5.7220458984375e-06
    vertex 56.30033874511719 1.6146962642669678 7.152557373046875e-06
  endloop
endfacet
facet normal 0.0 0.0 0.0
  outer loop
    vertex 56.30033874511719 1.6146962642669678 7.152557373046875e-06
    vertex 40.32388687133789 0.38822856545448303 5.7220458984375e-06
    vertex 40.17403793334961 0.75 5.7220458984375e-06
  endloop
endfacet
facet normal 0.0 0.0 0.0
  outer loop
    vertex 56.30033874511719 1.6146962642669678 7.152557373046875e-06
    vertex 40.17403793334961 0.75 5.7220458984375e-06
    vertex 39.9356575012207 1.0606601238250732 5.7220458984375e-06
  endloop
endfacet
facet normal 0.0 0.0 0.0
  outer loop
    vertex 56.30033874511719 1.6146962642669678 7.152557373046875e-06
    vertex 39.9356575012207 1.0606601238250732 5.7220458984375e-06
    vertex 56.07701873779297 3.215616464614868 7.152557373046875e-06
  endloop
endfacet
facet normal 0.0 0.0 0.0
  outer loop
    vertex 56.07701873779297 3.215616464614868 7.152557373046875e-06
    vertex 39.9356575012207 1.0606601238250732 5.7220458984375e-06
    vertex 39.624996185302734 1.299038052558899 5.7220458984375e-06
  endloop
endfacet
facet normal 0.0 0.0 0.0
  outer loop
    vertex 56.07701873779297 3.215616464614868 7.152557373046875e-06
    vertex 39.624996185302734 1.299038052558899 5.7220458984375e-06
    vertex 39.26322555541992 1.4488887786865234 5.7220458984375e-06
  endloop
endfacet
facet normal 0.0 0.0 0.0
  outer loop
    vertex 38.874996185302734 1.5 5.7220458984375e-06
    vertex 55.193260192871094 6.3217291831970215 7.152557373046875e-06
    vertex 39.26322555541992 1.4488887786865234 5.7220458984375e-06
  endloop
endfacet
facet normal 0.0 0.0 0.0
  outer loop
    vertex 39.26322555541992 1.4488887786865234 5.7220458984375e-06
    vertex 55.193260192871094 6.3217291831970215 7.152557373046875e-06
    vertex 55.706939697265625 4.789102554321289 7.152557373046875e-06
  endloop
endfacet
facet normal 0.0 0.0 0.0
  outer loop
    vertex 39.26322555541992 1.4488887786865234 5.7220458984375e-06
    vertex 55.706939697265625 4.789102554321289 7.152557373046875e-06
    vertex 56.07701873779297 3.215616464614868 7.152557373046875e-06
  endloop
endfacet
facet normal 0.0 0.0 0.0
  outer loop
    vertex 38.48676681518555 1.4488887786865234 5.245208740234375e-06
    vertex 52.840293884277344 10.546106338500977 6.67572021484375e-06
    vertex 38.874996185302734 1.5 5.7220458984375e-06
  endloop
endfacet
facet normal 0.0 0.0 0.0
  outer loop
    vertex 38.874996185302734 1.5 5.7220458984375e-06
    vertex 52.840293884277344 10.546106338500977 6.67572021484375e-06
    vertex 53.75379180908203 9.212562561035156 6.67572021484375e-06
  endloop
endfacet
facet normal 0.0 0.0 0.0
  outer loop
    vertex 38.874996185302734 1.5 5.7220458984375e-06
    vertex 53.75379180908203 9.212562561035156 6.67572021484375e-06
    vertex 54.54035186767578 7.800421237945557 7.152557373046875e-06
  endloop
endfacet
facet normal 0.0 0.0 0.0
  outer loop
    vertex 38.124996185302734 1.299038052558899 5.245208740234375e-06
    vertex -4.874999046325684 3.25 1.430511474609375e-06
    vertex 38.48676681518555 1.4488887786865234 5.245208740234375e-06
  endloop
endfacet
facet normal 0.0 0.0 0.0
  outer loop
    vertex 38.48676681518555 1.4488887786865234 5.245208740234375e-06
    vertex -4.874999046325684 3.25 1.430511474609375e-06
    vertex 12.199999809265137 17.5 2.86102294921875e-06
  endloop
endfacet
facet normal 0.0 0.0 0.0
  outer loop
    vertex 38.48676681518555 1.4488887786865234 5.245208740234375e-06
    vertex 12.199999809265137 17.5 2.86102294921875e-06
    vertex 38.874996185302734 17.5 5.7220458984375e-06
  endloop
endfacet
facet normal 0.0 0.0 0.0
  outer loop
    vertex 38.124996185302734 1.299038052558899 5.245208740234375e-06
    vertex 37.814334869384766 1.0606601238250732 5.245208740234375e-06
    vertex -4.874999046325684 3.25 1.430511474609375e-06
  endloop
endfacet
facet normal 0.0 0.0 0.0
  outer loop
    vertex -4.874999046325684 3.25 1.430511474609375e-06
    vertex 37.814334869384766 1.0606601238250732 5.245208740234375e-06
    vertex 37.57595443725586 0.75 5.245208740234375e-06
  endloop
endfacet
facet normal 0.0 0.0 0.0
  outer loop
    vertex -4.874999046325684 3.25 1.430511474609375e-06
    vertex 37.57595443725586 0.75 5.245208740234375e-06
    vertex 37.42610549926758 0.38822856545448303 5.245208740234375e-06
  endloop
endfacet
facet normal 0.0 0.0 0.0
  outer loop
    vertex 37.42610549926758 0.38822856545448303 5.245208740234375e-06
    vertex 37.374996185302734 6.375108774214766e-16 5.245208740234375e-06
    vertex -4.874999046325684 3.25 1.430511474609375e-06
  endloop
endfacet
facet normal 0.0 0.0 0.0
  outer loop
    vertex -4.874999046325684 3.25 1.430511474609375e-06
    vertex 37.374996185302734 6.375108774214766e-16 5.245208740234375e-06
    vertex -4.874999046325684 -3.25 1.430511474609375e-06
  endloop
endfacet
facet normal 0.0 0.0 0.0
  outer loop
    vertex -4.874999046325684 -3.25 1.430511474609375e-06
    vertex 37.374996185302734 6.375108774214766e-16 5.245208740234375e-06
    vertex 37.42610549926758 -0.38822856545448303 5.245208740234375e-06
  endloop
endfacet
facet normal 0.0 0.0 0.0
  outer loop
    vertex -4.874999046325684 -3.25 1.430511474609375e-06
    vertex 37.42610549926758 -0.38822856545448303 5.245208740234375e-06
    vertex 37.57595443725586 -0.75 5.245208740234375e-06
  endloop
endfacet
facet normal 0.0 0.0 0.0
  outer loop
    vertex 37.57595443725586 -0.75 5.245208740234375e-06
    vertex 37.814334869384766 -1.0606601238250732 5.245208740234375e-06
    vertex -4.874999046325684 -3.25 1.430511474609375e-06
  endloop
endfacet
facet normal 0.0 0.0 0.0
  outer loop
    vertex -4.874999046325684 -3.25 1.430511474609375e-06
    vertex 37.814334869384766 -1.0606601238250732 5.245208740234375e-06
    vertex 38.124996185302734 -1.299038052558899 5.245208740234375e-06
  endloop
endfacet
facet normal 0.0 0.0 0.0
  outer loop
    vertex -4.874999046325684 -3.25 1.430511474609375e-06
    vertex 38.124996185302734 -1.299038052558899 5.245208740234375e-06
    vertex 38.48676681518555 -1.4488887786865234 5.245208740234375e-06
  endloop
endfacet
facet normal 0.0 0.0 0.0
  outer loop
    vertex 38.874996185302734 -1.5 5.7220458984375e-06
    vertex 52.840293884277344 -10.546106338500977 6.67572021484375e-06
    vertex 38.48676681518555 -1.4488887786865234 5.245208740234375e-06
  endloop
endfacet
facet normal 0.0 0.0 0.0
  outer loop
    vertex 38.48676681518555 -1.4488887786865234 5.245208740234375e-06
    vertex 52.840293884277344 -10.546106338500977 6.67572021484375e-06
    vertex 51.807647705078125 -11.789673805236816 6.67572021484375e-06
  endloop
endfacet
facet normal 0.0 0.0 0.0
  outer loop
    vertex 38.48676681518555 -1.4488887786865234 5.245208740234375e-06
    vertex 51.807647705078125 -11.789673805236816 6.67572021484375e-06
    vertex 50.66466522216797 -12.932656288146973 6.67572021484375e-06
  endloop
endfacet
facet normal 0.0 0.0 0.0
  outer loop
    vertex 39.26322555541992 -1.4488887786865234 5.7220458984375e-06
    vertex 55.193260192871094 -6.3217291831970215 7.152557373046875e-06
    vertex 38.874996185302734 -1.5 5.7220458984375e-06
  endloop
endfacet
facet normal 0.0 0.0 0.0
  outer loop
    vertex 38.874996185302734 -1.5 5.7220458984375e-06
    vertex 55.193260192871094 -6.3217291831970215 7.152557373046875e-06
    vertex 54.54035186767578 -7.800421237945557 7.152557373046875e-06
  endloop
endfacet
facet normal 0.0 0.0 0.0
  outer loop
    vertex 38.874996185302734 -1.5 5.7220458984375e-06
    vertex 54.54035186767578 -7.800421237945557 7.152557373046875e-06
    vertex 53.75379180908203 -9.212562561035156 6.67572021484375e-06
  endloop
endfacet
facet normal 0.0 0.0 0.0
  outer loop
    vertex 39.624996185302734 -1.299038052558899 5.7220458984375e-06
    vertex 56.07701873779297 -3.215616464614868 7.152557373046875e-06
    vertex 39.26322555541992 -1.4488887786865234 5.7220458984375e-06
  endloop
endfacet
facet normal 0.0 0.0 0.0
  outer loop
    vertex 39.26322555541992 -1.4488887786865234 5.7220458984375e-06
    vertex 56.07701873779297 -3.215616464614868 7.152557373046875e-06
    vertex 55.706939697265625 -4.789102554321289 7.152557373046875e-06
  endloop
endfacet
facet normal 0.0 0.0 0.0
  outer loop
    vertex 39.26322555541992 -1.4488887786865234 5.7220458984375e-06
    vertex 55.706939697265625 -4.789102554321289 7.152557373046875e-06
    vertex 55.193260192871094 -6.3217291831970215 7.152557373046875e-06
  endloop
endfacet
facet normal 0.0 0.0 0.0
  outer loop
    vertex 39.624996185302734 -1.299038052558899 5.7220458984375e-06
    vertex 39.9356575012207 -1.0606601238250732 5.7220458984375e-06
    vertex 56.07701873779297 -3.215616464614868 7.152557373046875e-06
  endloop
endfacet
facet normal 0.0 0.0 0.0
  outer loop
    vertex 56.07701873779297 -3.215616464614868 7.152557373046875e-06
    vertex 39.9356575012207 -1.0606601238250732 5.7220458984375e-06
    vertex 56.30033874511719 -1.6146962642669678 7.152557373046875e-06
  endloop
endfacet
facet normal 0.0 0.0 0.0
  outer loop
    vertex 56.30033874511719 -1.6146962642669678 7.152557373046875e-06
    vertex 39.9356575012207 -1.0606601238250732 5.7220458984375e-06
    vertex 40.17403793334961 -0.75 5.7220458984375e-06
  endloop
endfacet
facet normal 0.0 0.0 0.0
  outer loop
    vertex 56.30033874511719 -1.6146962642669678 7.152557373046875e-06
    vertex 40.17403793334961 -0.75 5.7220458984375e-06
    vertex 40.32388687133789 -0.38822856545448303 5.7220458984375e-06
  endloop
endfacet
facet normal 0.0 0.0 0.0
  outer loop
    vertex 56.30033874511719 -1.6146962642669678 7.152557373046875e-06
    vertex 40.32388687133789 -0.38822856545448303 5.7220458984375e-06
    vertex 56.37499237060547 6.2659402033573165e-15 7.152557373046875e-06
  endloop
endfacet
facet normal 0.0 0.0 0.0
  outer loop
    vertex -16.943145751953125 8.232361793518066 4.76837158203125e-07
    vertex -16.874998092651367 8.75 4.76837158203125e-07
    vertex -4.874999046325684 3.25 1.430511474609375e-06
  endloop
endfacet
facet normal 0.0 0.0 0.0
  outer loop
    vertex -4.874999046325684 3.25 1.430511474609375e-06
    vertex -16.874998092651367 8.75 4.76837158203125e-07
    vertex -16.943145751953125 9.267638206481934 4.76837158203125e-07
  endloop
endfacet
facet normal 0.0 0.0 0.0
  outer loop
    vertex -4.874999046325684 3.25 1.430511474609375e-06
    vertex -16.943145751953125 9.267638206481934 4.76837158203125e-07
    vertex 9.200000762939453 17.5 2.86102294921875e-06
  endloop
endfacet
facet normal 0.0 0.0 0.0
  outer loop
    vertex 9.200000762939453 17.5 2.86102294921875e-06
    vertex -16.943145751953125 9.267638206481934 4.76837158203125e-07
    vertex -17.142948150634766 9.75 4.76837158203125e-07
  endloop
endfacet
facet normal 0.0 0.0 0.0
  outer loop
    vertex 9.200000762939453 17.5 2.86102294921875e-06
    vertex -17.142948150634766 9.75 4.76837158203125e-07
    vertex -17.460784912109375 10.164213180541992 4.76837158203125e-07
  endloop
endfacet
facet normal 0.0 0.0 0.0
  outer loop
    vertex 9.200000762939453 17.5 2.86102294921875e-06
    vertex -17.460784912109375 10.164213180541992 4.76837158203125e-07
    vertex -9.19999885559082 17.5 9.5367431640625e-07
  endloop
endfacet
facet normal 0.0 0.0 0.0
  outer loop
    vertex -9.19999885559082 17.5 9.5367431640625e-07
    vertex -17.460784912109375 10.164213180541992 4.76837158203125e-07
    vertex -17.874998092651367 10.482050895690918 4.76837158203125e-07
  endloop
endfacet
facet normal 0.0 0.0 0.0
  outer loop
    vertex -9.19999885559082 17.5 9.5367431640625e-07
    vertex -17.874998092651367 10.482050895690918 4.76837158203125e-07
    vertex -18.35736083984375 10.681851387023926 0.0
  endloop
endfacet
facet normal 0.0 0.0 0.0
  outer loop
    vertex -9.19999885559082 17.5 9.5367431640625e-07
    vertex -18.35736083984375 10.681851387023926 0.0
    vertex -12.199997901916504 17.5 9.5367431640625e-07
  endloop
endfacet
facet normal 0.0 0.0 0.0
  outer loop
    vertex -12.199997901916504 17.5 9.5367431640625e-07
    vertex -18.35736083984375 10.681851387023926 0.0
    vertex -18.874998092651367 10.75 0.0
  endloop
endfacet
facet normal 0.0 0.0 0.0
  outer loop
    vertex -12.199997901916504 17.5 9.5367431640625e-07
    vertex -18.874998092651367 10.75 0.0
    vertex -19.392635345458984 10.681851387023926 0.0
  endloop
endfacet
facet normal 0.0 0.0 0.0
  outer loop
    vertex -12.199997901916504 17.5 9.5367431640625e-07
    vertex -19.392635345458984 10.681851387023926 0.0
    vertex -38.874996185302734 17.5 -1.9073486328125e-06
  endloop
endfacet
facet normal 0.0 0.0 0.0
  outer loop
    vertex -38.874996185302734 17.5 -1.9073486328125e-06
    vertex -19.392635345458984 10.681851387023926 0.0
    vertex -19.874998092651367 10.482050895690918 0.0
  endloop
endfacet
facet normal 0.0 0.0 0.0
  outer loop
    vertex -38.874996185302734 17.5 -1.9073486328125e-06
    vertex -19.874998092651367 10.482050895690918 0.0
    vertex -20.28921127319336 10.164213180541992 0.0
  endloop
endfacet
facet normal 0.0 0.0 0.0
  outer loop
    vertex -18.874998092651367 6.75 0.0
    vertex -18.35736083984375 6.818148136138916 0.0
    vertex -9.874998092651367 3.25 9.5367431640625e-07
  endloop
endfacet
facet normal 0.0 0.0 0.0
  outer loop
    vertex -9.874998092651367 3.25 9.5367431640625e-07
    vertex -18.35736083984375 6.818148136138916 0.0
    vertex -17.874998092651367 7.017949104309082 4.76837158203125e-07
  endloop
endfacet
facet normal 0.0 0.0 0.0
  outer loop
    vertex -9.874998092651367 3.25 9.5367431640625e-07
    vertex -17.874998092651367 7.017949104309082 4.76837158203125e-07
    vertex -17.460784912109375 7.33578634262085 4.76837158203125e-07
  endloop
endfacet
facet normal 0.0 0.0 0.0
  outer loop
    vertex -17.460784912109375 7.33578634262085 4.76837158203125e-07
    vertex -17.142948150634766 7.75 4.76837158203125e-07
    vertex -9.874998092651367 3.25 9.5367431640625e-07
  endloop
endfacet
facet normal 0.0 0.0 0.0
  outer loop
    vertex -9.874998092651367 3.25 9.5367431640625e-07
    vertex -17.142948150634766 7.75 4.76837158203125e-07
    vertex -4.874999046325684 3.25 1.430511474609375e-06
  endloop
endfacet
facet normal 0.0 0.0 0.0
  outer loop
    vertex -4.874999046325684 3.25 1.430511474609375e-06
    vertex -17.142948150634766 7.75 4.76837158203125e-07
    vertex -16.943145751953125 8.232361793518066 4.76837158203125e-07
  endloop
endfacet
facet normal 0.0 0.0 0.0
  outer loop
    vertex -10.458816528320312 -19.465925216674805 9.5367431640625e-07
    vertex -10.69999885559082 -19.366025924682617 9.5367431640625e-07
    vertex -10.19999885559082 -19.5 9.5367431640625e-07
  endloop
endfacet
facet normal 0.0 0.0 0.0
  outer loop
    vertex -10.19999885559082 -19.5 9.5367431640625e-07
    vertex -10.69999885559082 -19.366025924682617 9.5367431640625e-07
    vertex -9.19999885559082 -19.5 9.5367431640625e-07
  endloop
endfacet
facet normal 0.0 0.0 0.0
  outer loop
    vertex -9.19999885559082 -19.5 9.5367431640625e-07
    vertex -10.69999885559082 -19.366025924682617 9.5367431640625e-07
    vertex -10.9071044921875 -19.207107543945312 9.5367431640625e-07
  endloop
endfacet
facet normal 0.0 0.0 0.0
  outer loop
    vertex -9.19999885559082 -19.5 9.5367431640625e-07
    vertex -10.9071044921875 -19.207107543945312 9.5367431640625e-07
    vertex -11.066022872924805 -19.0 9.5367431640625e-07
  endloop
endfacet
facet normal 0.0 0.0 0.0
  outer loop
    vertex -11.066022872924805 -19.0 9.5367431640625e-07
    vertex -11.165924072265625 -18.758819580078125 9.5367431640625e-07
    vertex -9.19999885559082 -19.5 9.5367431640625e-07
  endloop
endfacet
facet normal 0.0 0.0 0.0
  outer loop
    vertex -9.19999885559082 -19.5 9.5367431640625e-07
    vertex -11.165924072265625 -18.758819580078125 9.5367431640625e-07
    vertex -11.19999885559082 -18.5 9.5367431640625e-07
  endloop
endfacet
facet normal 0.0 0.0 0.0
  outer loop
    vertex -9.19999885559082 -19.5 9.5367431640625e-07
    vertex -11.19999885559082 -18.5 9.5367431640625e-07
    vertex -9.19999885559082 -17.5 9.5367431640625e-07
  endloop
endfacet
facet normal 0.0 0.0 0.0
  outer loop
    vertex -9.19999885559082 -17.5 9.5367431640625e-07
    vertex -11.19999885559082 -18.5 9.5367431640625e-07
    vertex -11.234071731567383 -18.241180419921875 9.5367431640625e-07
  endloop
endfacet
facet normal 0.0 0.0 0.0
  outer loop
    vertex -9.19999885559082 -17.5 9.5367431640625e-07
    vertex -11.234071731567383 -18.241180419921875 9.5367431640625e-07
    vertex -11.333972930908203 -18.0 9.5367431640625e-07
  endloop
endfacet
facet normal 0.0 0.0 0.0
  outer loop
    vertex -11.333972930908203 -18.0 9.5367431640625e-07
    vertex -11.492891311645508 -17.792892456054688 9.5367431640625e-07
    vertex -9.19999885559082 -17.5 9.5367431640625e-07
  endloop
endfacet
facet normal 0.0 0.0 0.0
  outer loop
    vertex -9.19999885559082 -17.5 9.5367431640625e-07
    vertex -11.492891311645508 -17.792892456054688 9.5367431640625e-07
    vertex -11.69999885559082 -17.633974075317383 9.5367431640625e-07
  endloop
endfacet
facet normal 0.0 0.0 0.0
  outer loop
    vertex -9.19999885559082 -17.5 9.5367431640625e-07
    vertex -11.69999885559082 -17.633974075317383 9.5367431640625e-07
    vertex -11.941179275512695 -17.534074783325195 9.5367431640625e-07
  endloop
endfacet
facet normal 0.0 0.0 0.0
  outer loop
    vertex -11.941179275512695 -17.534074783325195 9.5367431640625e-07
    vertex -12.199997901916504 -17.5 9.5367431640625e-07
    vertex -9.19999885559082 -17.5 9.5367431640625e-07
  endloop
endfacet
facet normal 0.0 0.0 0.0
  outer loop
    vertex -48.087554931640625 14.878799438476562 -2.384185791015625e-06
    vertex -46.675418853759766 15.66535758972168 -2.384185791015625e-06
    vertex -20.28921127319336 10.164213180541992 0.0
  endloop
endfacet
facet normal 0.0 0.0 0.0
  outer loop
    vertex -20.28921127319336 10.164213180541992 0.0
    vertex -46.675418853759766 15.66535758972168 -2.384185791015625e-06
    vertex -38.874996185302734 17.5 -1.9073486328125e-06
  endloop
endfacet
facet normal 0.0 0.0 0.0
  outer loop
    vertex -46.675418853759766 15.66535758972168 -2.384185791015625e-06
    vertex -45.19672393798828 16.31826400756836 -2.384185791015625e-06
    vertex -38.874996185302734 17.5 -1.9073486328125e-06
  endloop
endfacet
facet normal 0.0 0.0 0.0
  outer loop
    vertex -38.874996185302734 17.5 -1.9073486328125e-06
    vertex -45.19672393798828 16.31826400756836 -2.384185791015625e-06
    vertex -43.66409683227539 16.83194923400879 -1.9073486328125e-06
  endloop
endfacet
facet normal 0.0 0.0 0.0
  outer loop
    vertex -38.874996185302734 17.5 -1.9073486328125e-06
    vertex -43.66409683227539 16.83194923400879 -1.9073486328125e-06
    vertex -42.090614318847656 17.202030181884766 -1.9073486328125e-06
  endloop
endfacet
facet normal 0.0 0.0 0.0
  outer loop
    vertex -42.090614318847656 17.202030181884766 -1.9073486328125e-06
    vertex -40.48969268798828 17.42534828186035 -1.9073486328125e-06
    vertex -38.874996185302734 17.5 -1.9073486328125e-06
  endloop
endfacet
facet normal 0.0 0.0 0.0
  outer loop
    vertex -12.199997901916504 17.5 9.5367431640625e-07
    vertex -11.941179275512695 17.534074783325195 9.5367431640625e-07
    vertex -9.19999885559082 17.5 9.5367431640625e-07
  endloop
endfacet
facet normal 0.0 0.0 0.0
  outer loop
    vertex -9.19999885559082 17.5 9.5367431640625e-07
    vertex -11.941179275512695 17.534074783325195 9.5367431640625e-07
    vertex -11.69999885559082 17.633974075317383 9.5367431640625e-07
  endloop
endfacet
facet normal 0.0 0.0 0.0
  outer loop
    vertex -9.19999885559082 17.5 9.5367431640625e-07
    vertex -11.69999885559082 17.633974075317383 9.5367431640625e-07
    vertex -11.492891311645508 17.792892456054688 9.5367431640625e-07
  endloop
endfacet
facet normal 0.0 0.0 0.0
  outer loop
    vertex -11.492891311645508 17.792892456054688 9.5367431640625e-07
    vertex -11.333972930908203 18.0 9.5367431640625e-07
    vertex -9.19999885559082 17.5 9.5367431640625e-07
  endloop
endfacet
facet normal 0.0 0.0 0.0
  outer loop
    vertex -9.19999885559082 17.5 9.5367431640625e-07
    vertex -11.333972930908203 18.0 9.5367431640625e-07
    vertex -11.234071731567383 18.241180419921875 9.5367431640625e-07
  endloop
endfacet
facet normal 0.0 0.0 0.0
  outer loop
    vertex -9.19999885559082 17.5 9.5367431640625e-07
    vertex -11.234071731567383 18.241180419921875 9.5367431640625e-07
    vertex -11.19999885559082 18.5 9.5367431640625e-07
  endloop
endfacet
facet normal 0.0 0.0 0.0
  outer loop
    vertex -9.19999885559082 17.5 9.5367431640625e-07
    vertex -11.19999885559082 18.5 9.5367431640625e-07
    vertex -9.19999885559082 19.5 9.5367431640625e-07
  endloop
endfacet
facet normal 0.0 0.0 0.0
  outer loop
    vertex -9.19999885559082 19.5 9.5367431640625e-07
    vertex -11.19999885559082 18.5 9.5367431640625e-07
    vertex -11.165924072265625 18.758819580078125 9.5367431640625e-07
  endloop
endfacet
facet normal 0.0 0.0 0.0
  outer loop
    vertex -9.19999885559082 19.5 9.5367431640625e-07
    vertex -11.165924072265625 18.758819580078125 9.5367431640625e-07
    vertex -11.066022872924805 19.0 9.5367431640625e-07
  endloop
endfacet
facet normal 0.0 0.0 0.0
  outer loop
    vertex -11.066022872924805 19.0 9.5367431640625e-07
    vertex -10.9071044921875 19.207107543945312 9.5367431640625e-07
    vertex -9.19999885559082 19.5 9.5367431640625e-07
  endloop
endfacet
facet normal 0.0 0.0 0.0
  outer loop
    vertex -9.19999885559082 19.5 9.5367431640625e-07
    vertex -10.9071044921875 19.207107543945312 9.5367431640625e-07
    vertex -10.69999885559082 19.366025924682617 9.5367431640625e-07
  endloop
endfacet
facet normal 0.0 0.0 0.0
  outer loop
    vertex -9.19999885559082 19.5 9.5367431640625e-07
    vertex -10.69999885559082 19.366025924682617 9.5367431640625e-07
    vertex -10.19999885559082 19.5 9.5367431640625e-07
  endloop
endfacet
facet normal 0.0 0.0 0.0
  outer loop
    vertex -10.19999885559082 19.5 9.5367431640625e-07
    vertex -10.69999885559082 19.366025924682617 9.5367431640625e-07
    vertex -10.458816528320312 19.465925216674805 9.5367431640625e-07
  endloop
endfacet
facet normal 0.0 0.0 0.0
  outer loop
    vertex 9.200000762939453 19.5 2.86102294921875e-06
    vertex 11.200000762939453 18.5 2.86102294921875e-06
    vertex 9.200000762939453 17.5 2.86102294921875e-06
  endloop
endfacet
facet normal 0.0 0.0 0.0
  outer loop
    vertex 9.200000762939453 17.5 2.86102294921875e-06
    vertex 11.200000762939453 18.5 2.86102294921875e-06
    vertex 11.234073638916016 18.241180419921875 2.86102294921875e-06
  endloop
endfacet
facet normal 0.0 0.0 0.0
  outer loop
    vertex 9.200000762939453 17.5 2.86102294921875e-06
    vertex 11.234073638916016 18.241180419921875 2.86102294921875e-06
    vertex 11.333972930908203 18.0 2.86102294921875e-06
  endloop
endfacet
facet normal 0.0 0.0 0.0
  outer loop
    vertex 10.200000762939453 19.5 2.86102294921875e-06
    vertex 10.700000762939453 19.366025924682617 2.86102294921875e-06
    vertex 9.200000762939453 19.5 2.86102294921875e-06
  endloop
endfacet
facet normal 0.0 0.0 0.0
  outer loop
    vertex 9.200000762939453 19.5 2.86102294921875e-06
    vertex 10.700000762939453 19.366025924682617 2.86102294921875e-06
    vertex 10.907108306884766 19.207107543945312 2.86102294921875e-06
  endloop
endfacet
facet normal 0.0 0.0 0.0
  outer loop
    vertex 9.200000762939453 19.5 2.86102294921875e-06
    vertex 10.907108306884766 19.207107543945312 2.86102294921875e-06
    vertex 11.066024780273438 19.0 2.86102294921875e-06
  endloop
endfacet
facet normal 0.0 0.0 0.0
  outer loop
    vertex 10.200000762939453 19.5 2.86102294921875e-06
    vertex 10.458820343017578 19.465925216674805 2.86102294921875e-06
    vertex 10.700000762939453 19.366025924682617 2.86102294921875e-06
  endloop
endfacet
facet normal 0.0 0.0 0.0
  outer loop
    vertex 11.066024780273438 19.0 2.86102294921875e-06
    vertex 11.165924072265625 18.758819580078125 2.86102294921875e-06
    vertex 9.200000762939453 19.5 2.86102294921875e-06
  endloop
endfacet
facet normal 0.0 0.0 0.0
  outer loop
    vertex 9.200000762939453 19.5 2.86102294921875e-06
    vertex 11.165924072265625 18.758819580078125 2.86102294921875e-06
    vertex 11.200000762939453 18.5 2.86102294921875e-06
  endloop
endfacet
facet normal 0.0 0.0 0.0
  outer loop
    vertex 11.333972930908203 18.0 2.86102294921875e-06
    vertex 11.49289321899414 17.792892456054688 2.86102294921875e-06
    vertex 9.200000762939453 17.5 2.86102294921875e-06
  endloop
endfacet
facet normal 0.0 0.0 0.0
  outer loop
    vertex 9.200000762939453 17.5 2.86102294921875e-06
    vertex 11.49289321899414 17.792892456054688 2.86102294921875e-06
    vertex 11.700000762939453 17.633974075317383 2.86102294921875e-06
  endloop
endfacet
facet normal 0.0 0.0 0.0
  outer loop
    vertex 9.200000762939453 17.5 2.86102294921875e-06
    vertex 11.700000762939453 17.633974075317383 2.86102294921875e-06
    vertex 11.941181182861328 17.534074783325195 2.86102294921875e-06
  endloop
endfacet
facet normal 0.0 0.0 0.0
  outer loop
    vertex 11.941181182861328 17.534074783325195 2.86102294921875e-06
    vertex 12.199999809265137 17.5 2.86102294921875e-06
    vertex 9.200000762939453 17.5 2.86102294921875e-06
  endloop
endfacet
facet normal 0.0 0.0 0.0
  outer loop
    vertex 9.200000762939453 17.5 2.86102294921875e-06
    vertex 12.199999809265137 17.5 2.86102294921875e-06
    vertex -4.874999046325684 3.25 1.430511474609375e-06
  endloop
endfacet
facet normal 0.0 0.0 0.0
  outer loop
    vertex 40.489688873291016 17.42534828186035 5.7220458984375e-06
    vertex 42.09061050415039 17.202030181884766 5.7220458984375e-06
    vertex 38.874996185302734 17.5 5.7220458984375e-06
  endloop
endfacet
facet normal 0.0 0.0 0.0
  outer loop
    vertex 38.874996185302734 17.5 5.7220458984375e-06
    vertex 42.09061050415039 17.202030181884766 5.7220458984375e-06
    vertex 43.66409683227539 16.83194923400879 5.7220458984375e-06
  endloop
endfacet
facet normal 0.0 0.0 0.0
  outer loop
    vertex 38.874996185302734 17.5 5.7220458984375e-06
    vertex 43.66409683227539 16.83194923400879 5.7220458984375e-06
    vertex 45.19672775268555 16.31826400756836 6.198883056640625e-06
  endloop
endfacet
facet normal 0.0 0.0 0.0
  outer loop
    vertex 45.19672775268555 16.31826400756836 6.198883056640625e-06
    vertex 46.675418853759766 15.66535758972168 6.198883056640625e-06
    vertex 38.874996185302734 17.5 5.7220458984375e-06
  endloop
endfacet
facet normal 0.0 0.0 0.0
  outer loop
    vertex 38.874996185302734 17.5 5.7220458984375e-06
    vertex 46.675418853759766 15.66535758972168 6.198883056640625e-06
    vertex 48.087554931640625 14.878799438476562 6.198883056640625e-06
  endloop
endfacet
facet normal 0.0 0.0 0.0
  outer loop
    vertex 38.874996185302734 17.5 5.7220458984375e-06
    vertex 48.087554931640625 14.878799438476562 6.198883056640625e-06
    vertex 49.42109680175781 13.965301513671875 6.67572021484375e-06
  endloop
endfacet
facet normal 0.0 0.0 0.0
  outer loop
    vertex 49.42109680175781 13.965301513671875 6.67572021484375e-06
    vertex 50.66466522216797 12.932656288146973 6.67572021484375e-06
    vertex 38.874996185302734 17.5 5.7220458984375e-06
  endloop
endfacet
facet normal 0.0 0.0 0.0
  outer loop
    vertex 38.874996185302734 17.5 5.7220458984375e-06
    vertex 50.66466522216797 12.932656288146973 6.67572021484375e-06
    vertex 38.48676681518555 1.4488887786865234 5.245208740234375e-06
  endloop
endfacet
facet normal 0.0 0.0 0.0
  outer loop
    vertex 50.66466522216797 12.932656288146973 6.67572021484375e-06
    vertex 51.807647705078125 11.789673805236816 6.67572021484375e-06
    vertex 38.48676681518555 1.4488887786865234 5.245208740234375e-06
  endloop
endfacet
facet normal 0.0 0.0 0.0
  outer loop
    vertex 38.48676681518555 1.4488887786865234 5.245208740234375e-06
    vertex 51.807647705078125 11.789673805236816 6.67572021484375e-06
    vertex 52.840293884277344 10.546106338500977 6.67572021484375e-06
  endloop
endfacet
facet normal 0.0 0.0 0.0
  outer loop
    vertex 54.54035186767578 7.800421237945557 7.152557373046875e-06
    vertex 55.193260192871094 6.3217291831970215 7.152557373046875e-06
    vertex 38.874996185302734 1.5 5.7220458984375e-06
  endloop
endfacet
facet normal 0.0 0.0 0.0
  outer loop
    vertex 53.75379180908203 -9.212562561035156 6.67572021484375e-06
    vertex 52.840293884277344 -10.546106338500977 6.67572021484375e-06
    vertex 38.874996185302734 -1.5 5.7220458984375e-06
  endloop
endfacet
facet normal 0.0 0.0 0.0
  outer loop
    vertex 38.48676681518555 -1.4488887786865234 5.245208740234375e-06
    vertex 50.66466522216797 -12.932656288146973 6.67572021484375e-06
    vertex 38.874996185302734 -17.5 5.7220458984375e-06
  endloop
endfacet
facet normal 0.0 0.0 0.0
  outer loop
    vertex 38.874996185302734 -17.5 5.7220458984375e-06
    vertex 50.66466522216797 -12.932656288146973 6.67572021484375e-06
    vertex 49.42109680175781 -13.965301513671875 6.67572021484375e-06
  endloop
endfacet
facet normal 0.0 0.0 0.0
  outer loop
    vertex 38.874996185302734 -17.5 5.7220458984375e-06
    vertex 49.42109680175781 -13.965301513671875 6.67572021484375e-06
    vertex 48.087554931640625 -14.878799438476562 6.198883056640625e-06
  endloop
endfacet
facet normal 0.0 0.0 0.0
  outer loop
    vertex 48.087554931640625 -14.878799438476562 6.198883056640625e-06
    vertex 46.675418853759766 -15.66535758972168 6.198883056640625e-06
    vertex 38.874996185302734 -17.5 5.7220458984375e-06
  endloop
endfacet
facet normal 0.0 0.0 0.0
  outer loop
    vertex 38.874996185302734 -17.5 5.7220458984375e-06
    vertex 46.675418853759766 -15.66535758972168 6.198883056640625e-06
    vertex 45.19672775268555 -16.31826400756836 6.198883056640625e-06
  endloop
endfacet
facet normal 0.0 0.0 0.0
  outer loop
    vertex 38.874996185302734 -17.5 5.7220458984375e-06
    vertex 45.19672775268555 -16.31826400756836 6.198883056640625e-06
    vertex 43.66409683227539 -16.83194923400879 5.7220458984375e-06
  endloop
endfacet
facet normal 0.0 0.0 0.0
  outer loop
    vertex 43.66409683227539 -16.83194923400879 5.7220458984375e-06
    vertex 42.09061050415039 -17.202030181884766 5.7220458984375e-06
    vertex 38.874996185302734 -17.5 5.7220458984375e-06
  endloop
endfacet
facet normal 0.0 0.0 0.0
  outer loop
    vertex 38.874996185302734 -17.5 5.7220458984375e-06
    vertex 42.09061050415039 -17.202030181884766 5.7220458984375e-06
    vertex 40.489688873291016 -17.42534828186035 5.7220458984375e-06
  endloop
endfacet
facet normal 0.0 0.0 0.0
  outer loop
    vertex 38.874996185302734 -17.5 5.7220458984375e-06
    vertex 12.199999809265137 -17.5 2.86102294921875e-06
    vertex 38.48676681518555 -1.4488887786865234 5.245208740234375e-06
  endloop
endfacet
facet normal 0.0 0.0 0.0
  outer loop
    vertex 38.48676681518555 -1.4488887786865234 5.245208740234375e-06
    vertex 12.199999809265137 -17.5 2.86102294921875e-06
    vertex -4.874999046325684 -3.25 1.430511474609375e-06
  endloop
endfacet
facet normal 0.0 0.0 0.0
  outer loop
    vertex -4.874999046325684 -3.25 1.430511474609375e-06
    vertex 12.199999809265137 -17.5 2.86102294921875e-06
    vertex 9.200000762939453 -17.5 2.86102294921875e-06
  endloop
endfacet
facet normal 0.0 0.0 0.0
  outer loop
    vertex 9.200000762939453 -17.5 2.86102294921875e-06
    vertex 12.199999809265137 -17.5 2.86102294921875e-06
    vertex 11.941181182861328 -17.534074783325195 2.86102294921875e-06
  endloop
endfacet
facet normal 0.0 0.0 0.0
  outer loop
    vertex 9.200000762939453 -17.5 2.86102294921875e-06
    vertex 11.941181182861328 -17.534074783325195 2.86102294921875e-06
    vertex 11.700000762939453 -17.633974075317383 2.86102294921875e-06
  endloop
endfacet
facet normal 0.0 0.0 0.0
  outer loop
    vertex 11.700000762939453 -17.633974075317383 2.86102294921875e-06
    vertex 11.49289321899414 -17.792892456054688 2.86102294921875e-06
    vertex 9.200000762939453 -17.5 2.86102294921875e-06
  endloop
endfacet
facet normal 0.0 0.0 0.0
  outer loop
    vertex 9.200000762939453 -17.5 2.86102294921875e-06
    vertex 11.49289321899414 -17.792892456054688 2.86102294921875e-06
    vertex 11.333972930908203 -18.0 2.86102294921875e-06
  endloop
endfacet
facet normal 0.0 0.0 0.0
  outer loop
    vertex 9.200000762939453 -17.5 2.86102294921875e-06
    vertex 11.333972930908203 -18.0 2.86102294921875e-06
    vertex 11.234073638916016 -18.241180419921875 2.86102294921875e-06
  endloop
endfacet
facet normal 0.0 0.0 0.0
  outer loop
    vertex 11.234073638916016 -18.241180419921875 2.86102294921875e-06
    vertex 11.200000762939453 -18.5 2.86102294921875e-06
    vertex 9.200000762939453 -17.5 2.86102294921875e-06
  endloop
endfacet
facet normal 0.0 0.0 0.0
  outer loop
    vertex 9.200000762939453 -17.5 2.86102294921875e-06
    vertex 11.200000762939453 -18.5 2.86102294921875e-06
    vertex 9.200000762939453 -19.5 2.86102294921875e-06
  endloop
endfacet
facet normal 0.0 0.0 0.0
  outer loop
    vertex 9.200000762939453 -19.5 2.86102294921875e-06
    vertex 11.200000762939453 -18.5 2.86102294921875e-06
    vertex 11.165924072265625 -18.758819580078125 2.86102294921875e-06
  endloop
endfacet
facet normal 0.0 0.0 0.0
  outer loop
    vertex 9.200000762939453 -19.5 2.86102294921875e-06
    vertex 11.165924072265625 -18.758819580078125 2.86102294921875e-06
    vertex 11.066024780273438 -19.0 2.86102294921875e-06
  endloop
endfacet
facet normal 0.0 0.0 0.0
  outer loop
    vertex 11.066024780273438 -19.0 2.86102294921875e-06
    vertex 10.907108306884766 -19.207107543945312 2.86102294921875e-06
    vertex 9.200000762939453 -19.5 2.86102294921875e-06
  endloop
endfacet
facet normal 0.0 0.0 0.0
  outer loop
    vertex 9.200000762939453 -19.5 2.86102294921875e-06
    vertex 10.907108306884766 -19.207107543945312 2.86102294921875e-06
    vertex 10.700000762939453 -19.366025924682617 2.86102294921875e-06
  endloop
endfacet
facet normal 0.0 0.0 0.0
  outer loop
    vertex 9.200000762939453 -19.5 2.86102294921875e-06
    vertex 10.700000762939453 -19.366025924682617 2.86102294921875e-06
    vertex 10.200000762939453 -19.5 2.86102294921875e-06
  endloop
endfacet
facet normal 0.0 0.0 0.0
  outer loop
    vertex 10.200000762939453 -19.5 2.86102294921875e-06
    vertex 10.700000762939453 -19.366025924682617 2.86102294921875e-06
    vertex 10.458820343017578 -19.465925216674805 2.86102294921875e-06
  endloop
endfacet
facet normal 0.0 0.0 0.0
  outer loop
    vertex 11.200000762939453 -18.5 2.86102294921875e-06
    vertex 11.199999809265137 -18.5 1.0000028610229492
    vertex 11.165924072265625 -18.758819580078125 2.86102294921875e-06
  endloop
endfacet
facet normal 0.0 0.0 0.0
  outer loop
    vertex 11.165924072265625 -18.758819580078125 2.86102294921875e-06
    vertex 11.199999809265137 -18.5 1.0000028610229492
    vertex 11.165923118591309 -18.758819580078125 1.0000028610229492
  endloop
endfacet
facet normal 0.0 0.0 0.0
  outer loop
    vertex 11.165924072265625 -18.758819580078125 2.86102294921875e-06
    vertex 11.165923118591309 -18.758819580078125 1.0000028610229492
    vertex 11.066024780273438 -19.0 2.86102294921875e-06
  endloop
endfacet
facet normal 0.0 0.0 0.0
  outer loop
    vertex 11.066024780273438 -19.0 2.86102294921875e-06
    vertex 11.165923118591309 -18.758819580078125 1.0000028610229492
    vertex 11.066023826599121 -19.0 1.0000028610229492
  endloop
endfacet
facet normal 0.0 0.0 0.0
  outer loop
    vertex 11.066024780273438 -19.0 2.86102294921875e-06
    vertex 11.066023826599121 -19.0 1.0000028610229492
    vertex 10.907108306884766 -19.207107543945312 2.86102294921875e-06
  endloop
endfacet
facet normal 0.0 0.0 0.0
  outer loop
    vertex 10.907108306884766 -19.207107543945312 2.86102294921875e-06
    vertex 11.066023826599121 -19.0 1.0000028610229492
    vertex 10.90710735321045 -19.207107543945312 1.0000028610229492
  endloop
endfacet
facet normal 0.0 0.0 0.0
  outer loop
    vertex 10.907108306884766 -19.207107543945312 2.86102294921875e-06
    vertex 10.90710735321045 -19.207107543945312 1.0000028610229492
    vertex 10.700000762939453 -19.366025924682617 2.86102294921875e-06
  endloop
endfacet
facet normal 0.0 0.0 0.0
  outer loop
    vertex 10.700000762939453 -19.366025924682617 2.86102294921875e-06
    vertex 10.90710735321045 -19.207107543945312 1.0000028610229492
    vertex 10.699999809265137 -19.366025924682617 1.0000028610229492
  endloop
endfacet
facet normal 0.0 0.0 0.0
  outer loop
    vertex 10.700000762939453 -19.366025924682617 2.86102294921875e-06
    vertex 10.699999809265137 -19.366025924682617 1.0000028610229492
    vertex 10.458820343017578 -19.465925216674805 2.86102294921875e-06
  endloop
endfacet
facet normal 0.0 0.0 0.0
  outer loop
    vertex 10.458820343017578 -19.465925216674805 2.86102294921875e-06
    vertex 10.699999809265137 -19.366025924682617 1.0000028610229492
    vertex 10.458819389343262 -19.465925216674805 1.0000028610229492
  endloop
endfacet
facet normal 0.0 0.0 0.0
  outer loop
    vertex 10.458820343017578 -19.465925216674805 2.86102294921875e-06
    vertex 10.458819389343262 -19.465925216674805 1.0000028610229492
    vertex 10.200000762939453 -19.5 2.86102294921875e-06
  endloop
endfacet
facet normal 0.0 0.0 0.0
  outer loop
    vertex 10.200000762939453 -19.5 2.86102294921875e-06
    vertex 10.458819389343262 -19.465925216674805 1.0000028610229492
    vertex 10.199999809265137 -19.5 1.0000028610229492
  endloop
endfacet
facet normal 0.0 0.0 0.0
  outer loop
    vertex -11.165925025939941 -18.758819580078125 1.0000009536743164
    vertex -9.199999809265137 -19.5 1.0000009536743164
    vertex -11.199999809265137 -18.5 1.0000009536743164
  endloop
endfacet
facet normal 0.0 0.0 0.0
  outer loop
    vertex -11.199999809265137 -18.5 1.0000009536743164
    vertex -9.199999809265137 -19.5 1.0000009536743164
    vertex -9.199999809265137 -17.5 1.0000009536743164
  endloop
endfacet
facet normal 0.0 0.0 0.0
  outer loop
    vertex -11.199999809265137 -18.5 1.0000009536743164
    vertex -9.199999809265137 -17.5 1.0000009536743164
    vertex -11.2340726852417 -18.241180419921875 1.0000009536743164
  endloop
endfacet
facet normal 0.0 0.0 0.0
  outer loop
    vertex -11.2340726852417 -18.241180419921875 1.0000009536743164
    vertex -9.199999809265137 -17.5 1.0000009536743164
    vertex -11.33397388458252 -18.0 1.0000009536743164
  endloop
endfacet
facet normal 0.0 0.0 0.0
  outer loop
    vertex -11.33397388458252 -18.0 1.0000009536743164
    vertex -9.199999809265137 -17.5 1.0000009536743164
    vertex -11.492892265319824 -17.792892456054688 1.0000009536743164
  endloop
endfacet
facet normal 0.0 0.0 0.0
  outer loop
    vertex -11.492892265319824 -17.792892456054688 1.0000009536743164
    vertex -9.199999809265137 -17.5 1.0000009536743164
    vertex -11.699999809265137 -17.633974075317383 1.0000009536743164
  endloop
endfacet
facet normal 0.0 0.0 0.0
  outer loop
    vertex -11.699999809265137 -17.633974075317383 1.0000009536743164
    vertex -9.199999809265137 -17.5 1.0000009536743164
    vertex -11.941180229187012 -17.534074783325195 1.0000009536743164
  endloop
endfacet
facet normal 0.0 0.0 0.0
  outer loop
    vertex -11.941180229187012 -17.534074783325195 1.0000009536743164
    vertex -9.199999809265137 -17.5 1.0000009536743164
    vertex -12.19999885559082 -17.5 1.0000009536743164
  endloop
endfacet
facet normal 0.0 0.0 0.0
  outer loop
    vertex -12.19999885559082 -17.5 1.0000009536743164
    vertex -9.199999809265137 -17.5 1.0000009536743164
    vertex -38.874996185302734 -16.200000762939453 0.9999980926513672
  endloop
endfacet
facet normal 0.0 0.0 0.0
  outer loop
    vertex -12.19999885559082 -17.5 1.0000009536743164
    vertex -38.874996185302734 -16.200000762939453 0.9999980926513672
    vertex -38.874996185302734 -17.5 0.9999980926513672
  endloop
endfacet
facet normal 0.0 0.0 0.0
  outer loop
    vertex -38.874996185302734 -17.5 0.9999980926513672
    vertex -38.874996185302734 -16.200000762939453 0.9999980926513672
    vertex -40.48969268798828 -17.42534828186035 0.9999980926513672
  endloop
endfacet
facet normal 0.0 0.0 0.0
  outer loop
    vertex -40.48969268798828 -17.42534828186035 0.9999980926513672
    vertex -38.874996185302734 -16.200000762939453 0.9999980926513672
    vertex -40.4149055480957 -16.126646041870117 0.9999980926513672
  endloop
endfacet
facet normal 0.0 0.0 0.0
  outer loop
    vertex -40.48969268798828 -17.42534828186035 0.9999980926513672
    vertex -40.4149055480957 -16.126646041870117 0.9999980926513672
    vertex -42.090614318847656 -17.202030181884766 0.9999980926513672
  endloop
endfacet
facet normal 0.0 0.0 0.0
  outer loop
    vertex -42.090614318847656 -17.202030181884766 0.9999980926513672
    vertex -40.4149055480957 -16.126646041870117 0.9999980926513672
    vertex -41.94086456298828 -15.907244682312012 0.9999980926513672
  endloop
endfacet
facet normal 0.0 0.0 0.0
  outer loop
    vertex -42.090614318847656 -17.202030181884766 0.9999980926513672
    vertex -41.94086456298828 -15.907244682312012 0.9999980926513672
    vertex -43.66409683227539 -16.83194923400879 0.9999980926513672
  endloop
endfacet
facet normal 0.0 0.0 0.0
  outer loop
    vertex -43.66409683227539 -16.83194923400879 0.9999980926513672
    vertex -41.94086456298828 -15.907244682312012 0.9999980926513672
    vertex -45.19672393798828 -16.31826400756836 0.999997615814209
  endloop
endfacet
facet normal 0.0 0.0 0.0
  outer loop
    vertex -45.19672393798828 -16.31826400756836 0.999997615814209
    vertex -41.94086456298828 -15.907244682312012 0.9999980926513672
    vertex -43.439064025878906 -15.54378604888916 0.9999980926513672
  endloop
endfacet
facet normal 0.0 0.0 0.0
  outer loop
    vertex -45.19672393798828 -16.31826400756836 0.999997615814209
    vertex -43.439064025878906 -15.54378604888916 0.9999980926513672
    vertex -46.675418853759766 -15.66535758972168 0.999997615814209
  endloop
endfacet
facet normal 0.0 0.0 0.0
  outer loop
    vertex -46.675418853759766 -15.66535758972168 0.999997615814209
    vertex -43.439064025878906 -15.54378604888916 0.9999980926513672
    vertex -44.89592742919922 -15.039560317993164 0.999997615814209
  endloop
endfacet
facet normal 0.0 0.0 0.0
  outer loop
    vertex -46.675418853759766 -15.66535758972168 0.999997615814209
    vertex -44.89592742919922 -15.039560317993164 0.999997615814209
    vertex -48.087554931640625 -14.878799438476562 0.999997615814209
  endloop
endfacet
facet normal 0.0 0.0 0.0
  outer loop
    vertex -48.087554931640625 -14.878799438476562 0.999997615814209
    vertex -44.89592742919922 -15.039560317993164 0.999997615814209
    vertex -46.29826736450195 -14.399134635925293 0.999997615814209
  endloop
endfacet
facet normal 0.0 0.0 0.0
  outer loop
    vertex -48.087554931640625 -14.878799438476562 0.999997615814209
    vertex -46.29826736450195 -14.399134635925293 0.999997615814209
    vertex -49.42109680175781 -13.965301513671875 0.9999971389770508
  endloop
endfacet
facet normal 0.0 0.0 0.0
  outer loop
    vertex -49.42109680175781 -13.965301513671875 0.9999971389770508
    vertex -46.29826736450195 -14.399134635925293 0.999997615814209
    vertex -47.63337707519531 -13.628307342529297 0.999997615814209
  endloop
endfacet
facet normal 0.0 0.0 0.0
  outer loop
    vertex -49.42109680175781 -13.965301513671875 0.9999971389770508
    vertex -47.63337707519531 -13.628307342529297 0.999997615814209
    vertex -48.88916778564453 -12.734060287475586 0.999997615814209
  endloop
endfacet
facet normal 0.0 0.0 0.0
  outer loop
    vertex -11.165925025939941 -18.758819580078125 1.0000009536743164
    vertex -11.066023826599121 -19.0 1.0000009536743164
    vertex -9.199999809265137 -19.5 1.0000009536743164
  endloop
endfacet
facet normal 0.0 0.0 0.0
  outer loop
    vertex -9.199999809265137 -19.5 1.0000009536743164
    vertex -11.066023826599121 -19.0 1.0000009536743164
    vertex -10.907105445861816 -19.207107543945312 1.0000009536743164
  endloop
endfacet
facet normal 0.0 0.0 0.0
  outer loop
    vertex -9.199999809265137 -19.5 1.0000009536743164
    vertex -10.907105445861816 -19.207107543945312 1.0000009536743164
    vertex -10.699999809265137 -19.366025924682617 1.0000009536743164
  endloop
endfacet
facet normal 0.0 0.0 0.0
  outer loop
    vertex -10.458817481994629 -19.465925216674805 1.0000009536743164
    vertex -10.199999809265137 -19.5 1.0000009536743164
    vertex -10.699999809265137 -19.366025924682617 1.0000009536743164
  endloop
endfacet
facet normal 0.0 0.0 0.0
  outer loop
    vertex -10.699999809265137 -19.366025924682617 1.0000009536743164
    vertex -10.199999809265137 -19.5 1.0000009536743164
    vertex -9.199999809265137 -19.5 1.0000009536743164
  endloop
endfacet
facet normal 0.0 0.0 0.0
  outer loop
    vertex -9.199999809265137 -17.5 1.0000009536743164
    vertex 9.199999809265137 -17.5 1.0000028610229492
    vertex -38.874996185302734 -16.200000762939453 0.9999980926513672
  endloop
endfacet
facet normal 0.0 0.0 0.0
  outer loop
    vertex -38.874996185302734 -16.200000762939453 0.9999980926513672
    vertex 9.199999809265137 -17.5 1.0000028610229492
    vertex 38.874996185302734 -16.200000762939453 1.0000057220458984
  endloop
endfacet
facet normal 0.0 0.0 0.0
  outer loop
    vertex 38.874996185302734 -16.200000762939453 1.0000057220458984
    vertex 9.199999809265137 -17.5 1.0000028610229492
    vertex 12.19999885559082 -17.5 1.0000028610229492
  endloop
endfacet
facet normal 0.0 0.0 0.0
  outer loop
    vertex 38.874996185302734 -16.200000762939453 1.0000057220458984
    vertex 12.19999885559082 -17.5 1.0000028610229492
    vertex 38.874996185302734 -17.5 1.0000057220458984
  endloop
endfacet
facet normal 0.0 0.0 0.0
  outer loop
    vertex 9.199999809265137 -19.5 1.0000028610229492
    vertex 11.199999809265137 -18.5 1.0000028610229492
    vertex 9.199999809265137 -17.5 1.0000028610229492
  endloop
endfacet
facet normal 0.0 0.0 0.0
  outer loop
    vertex 9.199999809265137 -17.5 1.0000028610229492
    vertex 11.199999809265137 -18.5 1.0000028610229492
    vertex 11.2340726852417 -18.241180419921875 1.0000028610229492
  endloop
endfacet
facet normal 0.0 0.0 0.0
  outer loop
    vertex 9.199999809265137 -17.5 1.0000028610229492
    vertex 11.2340726852417 -18.241180419921875 1.0000028610229492
    vertex 11.333971977233887 -18.0 1.0000028610229492
  endloop
endfacet
facet normal 0.0 0.0 0.0
  outer loop
    vertex 10.199999809265137 -19.5 1.0000028610229492
    vertex 10.699999809265137 -19.366025924682617 1.0000028610229492
    vertex 9.199999809265137 -19.5 1.0000028610229492
  endloop
endfacet
facet normal 0.0 0.0 0.0
  outer loop
    vertex 9.199999809265137 -19.5 1.0000028610229492
    vertex 10.699999809265137 -19.366025924682617 1.0000028610229492
    vertex 10.90710735321045 -19.207107543945312 1.0000028610229492
  endloop
endfacet
facet normal 0.0 0.0 0.0
  outer loop
    vertex 9.199999809265137 -19.5 1.0000028610229492
    vertex 10.90710735321045 -19.207107543945312 1.0000028610229492
    vertex 11.066023826599121 -19.0 1.0000028610229492
  endloop
endfacet
facet normal 0.0 0.0 0.0
  outer loop
    vertex 10.199999809265137 -19.5 1.0000028610229492
    vertex 10.458819389343262 -19.465925216674805 1.0000028610229492
    vertex 10.699999809265137 -19.366025924682617 1.0000028610229492
  endloop
endfacet
facet normal 0.0 0.0 0.0
  outer loop
    vertex 11.066023826599121 -19.0 1.0000028610229492
    vertex 11.165923118591309 -18.758819580078125 1.0000028610229492
    vertex 9.199999809265137 -19.5 1.0000028610229492
  endloop
endfacet
facet normal 0.0 0.0 0.0
  outer loop
    vertex 9.199999809265137 -19.5 1.0000028610229492
    vertex 11.165923118591309 -18.758819580078125 1.0000028610229492
    vertex 11.199999809265137 -18.5 1.0000028610229492
  endloop
endfacet
facet normal 0.0 0.0 0.0
  outer loop
    vertex 11.333971977233887 -18.0 1.0000028610229492
    vertex 11.492892265319824 -17.792892456054688 1.0000028610229492
    vertex 9.199999809265137 -17.5 1.0000028610229492
  endloop
endfacet
facet normal 0.0 0.0 0.0
  outer loop
    vertex 9.199999809265137 -17.5 1.0000028610229492
    vertex 11.492892265319824 -17.792892456054688 1.0000028610229492
    vertex 11.699999809265137 -17.633974075317383 1.0000028610229492
  endloop
endfacet
facet normal 0.0 0.0 0.0
  outer loop
    vertex 9.199999809265137 -17.5 1.0000028610229492
    vertex 11.699999809265137 -17.633974075317383 1.0000028610229492
    vertex 11.941180229187012 -17.534074783325195 1.0000028610229492
  endloop
endfacet
facet normal 0.0 0.0 0.0
  outer loop
    vertex 11.941180229187012 -17.534074783325195 1.0000028610229492
    vertex 12.19999885559082 -17.5 1.0000028610229492
    vertex 9.199999809265137 -17.5 1.0000028610229492
  endloop
endfacet
facet normal 0.0 0.0 0.0
  outer loop
    vertex 38.874996185302734 -17.5 1.0000057220458984
    vertex 40.489688873291016 -17.42534828186035 1.0000057220458984
    vertex 38.874996185302734 -16.200000762939453 1.0000057220458984
  endloop
endfacet
facet normal 0.0 0.0 0.0
  outer loop
    vertex 38.874996185302734 -16.200000762939453 1.0000057220458984
    vertex 40.489688873291016 -17.42534828186035 1.0000057220458984
    vertex 40.4149055480957 -16.126646041870117 1.0000057220458984
  endloop
endfacet
facet normal 0.0 0.0 0.0
  outer loop
    vertex 40.4149055480957 -16.126646041870117 1.0000057220458984
    vertex 40.489688873291016 -17.42534828186035 1.0000057220458984
    vertex 42.09061050415039 -17.202030181884766 1.0000057220458984
  endloop
endfacet
facet normal 0.0 0.0 0.0
  outer loop
    vertex 40.4149055480957 -16.126646041870117 1.0000057220458984
    vertex 42.09061050415039 -17.202030181884766 1.0000057220458984
    vertex 41.94086837768555 -15.907244682312012 1.0000057220458984
  endloop
endfacet
facet normal 0.0 0.0 0.0
  outer loop
    vertex 41.94086837768555 -15.907244682312012 1.0000057220458984
    vertex 42.09061050415039 -17.202030181884766 1.0000057220458984
    vertex 43.66409683227539 -16.83194923400879 1.0000057220458984
  endloop
endfacet
facet normal 0.0 0.0 0.0
  outer loop
    vertex 41.94086837768555 -15.907244682312012 1.0000057220458984
    vertex 43.66409683227539 -16.83194923400879 1.0000057220458984
    vertex 45.19672775268555 -16.31826400756836 1.0000061988830566
  endloop
endfacet
facet normal 0.0 0.0 0.0
  outer loop
    vertex 41.94086837768555 -15.907244682312012 1.0000057220458984
    vertex 45.19672775268555 -16.31826400756836 1.0000061988830566
    vertex 43.43906021118164 -15.54378604888916 1.0000057220458984
  endloop
endfacet
facet normal 0.0 0.0 0.0
  outer loop
    vertex 43.43906021118164 -15.54378604888916 1.0000057220458984
    vertex 45.19672775268555 -16.31826400756836 1.0000061988830566
    vertex 46.675418853759766 -15.66535758972168 1.0000061988830566
  endloop
endfacet
facet normal 0.0 0.0 0.0
  outer loop
    vertex 43.43906021118164 -15.54378604888916 1.0000057220458984
    vertex 46.675418853759766 -15.66535758972168 1.0000061988830566
    vertex 44.895931243896484 -15.039560317993164 1.0000061988830566
  endloop
endfacet
facet normal 0.0 0.0 0.0
  outer loop
    vertex 44.895931243896484 -15.039560317993164 1.0000061988830566
    vertex 46.675418853759766 -15.66535758972168 1.0000061988830566
    vertex 48.087554931640625 -14.878799438476562 1.0000061988830566
  endloop
endfacet
facet normal 0.0 0.0 0.0
  outer loop
    vertex 44.895931243896484 -15.039560317993164 1.0000061988830566
    vertex 48.087554931640625 -14.878799438476562 1.0000061988830566
    vertex 46.29826736450195 -14.399134635925293 1.0000061988830566
  endloop
endfacet
facet normal 0.0 0.0 0.0
  outer loop
    vertex 46.29826736450195 -14.399134635925293 1.0000061988830566
    vertex 48.087554931640625 -14.878799438476562 1.0000061988830566
    vertex 49.42109680175781 -13.965301513671875 1.0000066757202148
  endloop
endfacet
facet normal 0.0 0.0 0.0
  outer loop
    vertex 46.29826736450195 -14.399134635925293 1.0000061988830566
    vertex 49.42109680175781 -13.965301513671875 1.0000066757202148
    vertex 47.63338088989258 -13.628307342529297 1.0000061988830566
  endloop
endfacet
facet normal 0.0 0.0 0.0
  outer loop
    vertex 47.63338088989258 -13.628307342529297 1.0000061988830566
    vertex 49.42109680175781 -13.965301513671875 1.0000066757202148
    vertex 48.88916778564453 -12.734060287475586 1.0000061988830566
  endloop
endfacet
facet normal 0.0 0.0 0.0
  outer loop
    vertex 48.88916778564453 -12.734060287475586 1.0000061988830566
    vertex 49.42109680175781 -13.965301513671875 1.0000066757202148
    vertex 50.66466522216797 -12.932656288146973 1.0000066757202148
  endloop
endfacet
facet normal 0.0 0.0 0.0
  outer loop
    vertex 48.88916778564453 -12.734060287475586 1.0000061988830566
    vertex 50.66466522216797 -12.932656288146973 1.0000066757202148
    vertex 50.05427551269531 -11.724491119384766 1.0000066757202148
  endloop
endfacet
facet normal 0.0 0.0 0.0
  outer loop
    vertex 50.05427551269531 -11.724491119384766 1.0000066757202148
    vertex 50.66466522216797 -12.932656288146973 1.0000066757202148
    vertex 51.807647705078125 -11.789673805236816 1.0000066757202148
  endloop
endfacet
facet normal 0.0 0.0 0.0
  outer loop
    vertex 50.05427551269531 -11.724491119384766 1.0000066757202148
    vertex 51.807647705078125 -11.789673805236816 1.0000066757202148
    vertex 51.118133544921875 -10.608743667602539 1.0000066757202148
  endloop
endfacet
facet normal 0.0 0.0 0.0
  outer loop
    vertex 51.118133544921875 -10.608743667602539 1.0000066757202148
    vertex 51.807647705078125 -11.789673805236816 1.0000066757202148
    vertex 52.840293884277344 -10.546106338500977 1.0000066757202148
  endloop
endfacet
facet normal 0.0 0.0 0.0
  outer loop
    vertex 51.118133544921875 -10.608743667602539 1.0000066757202148
    vertex 52.840293884277344 -10.546106338500977 1.0000066757202148
    vertex 52.07112121582031 -9.39692211151123 1.0000066757202148
  endloop
endfacet
facet normal 0.0 0.0 0.0
  outer loop
    vertex 52.07112121582031 -9.39692211151123 1.0000066757202148
    vertex 52.840293884277344 -10.546106338500977 1.0000066757202148
    vertex 53.75379180908203 -9.212562561035156 1.0000066757202148
  endloop
endfacet
facet normal 0.0 0.0 0.0
  outer loop
    vertex 52.07112121582031 -9.39692211151123 1.0000066757202148
    vertex 53.75379180908203 -9.212562561035156 1.0000066757202148
    vertex 52.90460205078125 -8.100000381469727 1.0000066757202148
  endloop
endfacet
facet normal 0.0 0.0 0.0
  outer loop
    vertex 52.90460205078125 -8.100000381469727 1.0000066757202148
    vertex 53.75379180908203 -9.212562561035156 1.0000066757202148
    vertex 54.54035186767578 -7.800421237945557 1.000007152557373
  endloop
endfacet
facet normal 0.0 0.0 0.0
  outer loop
    vertex 52.90460205078125 -8.100000381469727 1.0000066757202148
    vertex 54.54035186767578 -7.800421237945557 1.000007152557373
    vertex 53.61103057861328 -6.72972297668457 1.0000066757202148
  endloop
endfacet
facet normal 0.0 0.0 0.0
  outer loop
    vertex 53.61103057861328 -6.72972297668457 1.0000066757202148
    vertex 54.54035186767578 -7.800421237945557 1.000007152557373
    vertex 55.193260192871094 -6.3217291831970215 1.000007152557373
  endloop
endfacet
facet normal 0.0 0.0 0.0
  outer loop
    vertex 53.61103057861328 -6.72972297668457 1.0000066757202148
    vertex 55.193260192871094 -6.3217291831970215 1.000007152557373
    vertex 54.18400573730469 -5.298501014709473 1.0000066757202148
  endloop
endfacet
facet normal 0.0 0.0 0.0
  outer loop
    vertex 54.18400573730469 -5.298501014709473 1.0000066757202148
    vertex 55.193260192871094 -6.3217291831970215 1.000007152557373
    vertex 55.706939697265625 -4.789102554321289 1.000007152557373
  endloop
endfacet
facet normal 0.0 0.0 0.0
  outer loop
    vertex 54.18400573730469 -5.298501014709473 1.0000066757202148
    vertex 55.706939697265625 -4.789102554321289 1.000007152557373
    vertex 54.61833953857422 -3.8192946910858154 1.000007152557373
  endloop
endfacet
facet normal 0.0 0.0 0.0
  outer loop
    vertex 54.61833953857422 -3.8192946910858154 1.000007152557373
    vertex 55.706939697265625 -4.789102554321289 1.000007152557373
    vertex 56.07701873779297 -3.215616464614868 1.000007152557373
  endloop
endfacet
facet normal 0.0 0.0 0.0
  outer loop
    vertex 54.61833953857422 -3.8192946910858154 1.000007152557373
    vertex 56.07701873779297 -3.215616464614868 1.000007152557373
    vertex 54.91010284423828 -2.3055002689361572 1.000007152557373
  endloop
endfacet
facet normal 0.0 0.0 0.0
  outer loop
    vertex 54.91010284423828 -2.3055002689361572 1.000007152557373
    vertex 56.07701873779297 -3.215616464614868 1.000007152557373
    vertex 56.30033874511719 -1.6146962642669678 1.000007152557373
  endloop
endfacet
facet normal 0.0 0.0 0.0
  outer loop
    vertex 54.91010284423828 -2.3055002689361572 1.000007152557373
    vertex 56.30033874511719 -1.6146962642669678 1.000007152557373
    vertex 55.056640625 -0.770827054977417 1.000007152557373
  endloop
endfacet
facet normal 0.0 0.0 0.0
  outer loop
    vertex 55.056640625 -0.770827054977417 1.000007152557373
    vertex 56.30033874511719 -1.6146962642669678 1.000007152557373
    vertex 56.37499237060547 -1.5056209690187793e-15 1.000007152557373
  endloop
endfacet
facet normal 0.0 0.0 0.0
  outer loop
    vertex 55.056640625 -0.770827054977417 1.000007152557373
    vertex 56.37499237060547 -1.5056209690187793e-15 1.000007152557373
    vertex 55.056640625 0.770827054977417 1.000007152557373
  endloop
endfacet
facet normal 0.0 0.0 0.0
  outer loop
    vertex 55.056640625 0.770827054977417 1.000007152557373
    vertex 56.37499237060547 -1.5056209690187793e-15 1.000007152557373
    vertex 56.30033874511719 1.6146962642669678 1.000007152557373
  endloop
endfacet
facet normal 0.0 0.0 0.0
  outer loop
    vertex 55.056640625 0.770827054977417 1.000007152557373
    vertex 56.30033874511719 1.6146962642669678 1.000007152557373
    vertex 54.91010284423828 2.3055002689361572 1.000007152557373
  endloop
endfacet
facet normal 0.0 0.0 0.0
  outer loop
    vertex 54.91010284423828 2.3055002689361572 1.000007152557373
    vertex 56.30033874511719 1.6146962642669678 1.000007152557373
    vertex 56.07701873779297 3.215616464614868 1.000007152557373
  endloop
endfacet
facet normal 0.0 0.0 0.0
  outer loop
    vertex 54.91010284423828 2.3055002689361572 1.000007152557373
    vertex 56.07701873779297 3.215616464614868 1.000007152557373
    vertex 54.61833953857422 3.8192946910858154 1.000007152557373
  endloop
endfacet
facet normal 0.0 0.0 0.0
  outer loop
    vertex 54.61833953857422 3.8192946910858154 1.000007152557373
    vertex 56.07701873779297 3.215616464614868 1.000007152557373
    vertex 55.706939697265625 4.789102554321289 1.000007152557373
  endloop
endfacet
facet normal 0.0 0.0 0.0
  outer loop
    vertex 54.61833953857422 3.8192946910858154 1.000007152557373
    vertex 55.706939697265625 4.789102554321289 1.000007152557373
    vertex 54.18400573730469 5.298501014709473 1.0000066757202148
  endloop
endfacet
facet normal 0.0 0.0 0.0
  outer loop
    vertex 54.18400573730469 5.298501014709473 1.0000066757202148
    vertex 55.706939697265625 4.789102554321289 1.000007152557373
    vertex 55.193260192871094 6.3217291831970215 1.000007152557373
  endloop
endfacet
facet normal 0.0 0.0 0.0
  outer loop
    vertex 54.18400573730469 5.298501014709473 1.0000066757202148
    vertex 55.193260192871094 6.3217291831970215 1.000007152557373
    vertex 53.61103057861328 6.72972297668457 1.0000066757202148
  endloop
endfacet
facet normal 0.0 0.0 0.0
  outer loop
    vertex 53.61103057861328 6.72972297668457 1.0000066757202148
    vertex 55.193260192871094 6.3217291831970215 1.000007152557373
    vertex 54.54035186767578 7.800421237945557 1.000007152557373
  endloop
endfacet
facet normal 0.0 0.0 0.0
  outer loop
    vertex 53.61103057861328 6.72972297668457 1.0000066757202148
    vertex 54.54035186767578 7.800421237945557 1.000007152557373
    vertex 52.90460205078125 8.100000381469727 1.0000066757202148
  endloop
endfacet
facet normal 0.0 0.0 0.0
  outer loop
    vertex 52.90460205078125 8.100000381469727 1.0000066757202148
    vertex 54.54035186767578 7.800421237945557 1.000007152557373
    vertex 53.75379180908203 9.212562561035156 1.0000066757202148
  endloop
endfacet
facet normal 0.0 0.0 0.0
  outer loop
    vertex 52.90460205078125 8.100000381469727 1.0000066757202148
    vertex 53.75379180908203 9.212562561035156 1.0000066757202148
    vertex 52.07112121582031 9.39692211151123 1.0000066757202148
  endloop
endfacet
facet normal 0.0 0.0 0.0
  outer loop
    vertex 52.07112121582031 9.39692211151123 1.0000066757202148
    vertex 53.75379180908203 9.212562561035156 1.0000066757202148
    vertex 52.840293884277344 10.546106338500977 1.0000066757202148
  endloop
endfacet
facet normal 0.0 0.0 0.0
  outer loop
    vertex 52.07112121582031 9.39692211151123 1.0000066757202148
    vertex 52.840293884277344 10.546106338500977 1.0000066757202148
    vertex 51.118133544921875 10.608743667602539 1.0000066757202148
  endloop
endfacet
facet normal 0.0 0.0 0.0
  outer loop
    vertex 51.118133544921875 10.608743667602539 1.0000066757202148
    vertex 52.840293884277344 10.546106338500977 1.0000066757202148
    vertex 51.807647705078125 11.789673805236816 1.0000066757202148
  endloop
endfacet
facet normal 0.0 0.0 0.0
  outer loop
    vertex 51.118133544921875 10.608743667602539 1.0000066757202148
    vertex 51.807647705078125 11.789673805236816 1.0000066757202148
    vertex 50.05427551269531 11.724491119384766 1.0000066757202148
  endloop
endfacet
facet normal 0.0 0.0 0.0
  outer loop
    vertex 50.05427551269531 11.724491119384766 1.0000066757202148
    vertex 51.807647705078125 11.789673805236816 1.0000066757202148
    vertex 50.66466522216797 12.932656288146973 1.0000066757202148
  endloop
endfacet
facet normal 0.0 0.0 0.0
  outer loop
    vertex 50.05427551269531 11.724491119384766 1.0000066757202148
    vertex 50.66466522216797 12.932656288146973 1.0000066757202148
    vertex 48.88916778564453 12.734060287475586 1.0000061988830566
  endloop
endfacet
facet normal 0.0 0.0 0.0
  outer loop
    vertex 48.88916778564453 12.734060287475586 1.0000061988830566
    vertex 50.66466522216797 12.932656288146973 1.0000066757202148
    vertex 49.42109680175781 13.965301513671875 1.0000066757202148
  endloop
endfacet
facet normal 0.0 0.0 0.0
  outer loop
    vertex 48.88916778564453 12.734060287475586 1.0000061988830566
    vertex 49.42109680175781 13.965301513671875 1.0000066757202148
    vertex 47.63338088989258 13.628307342529297 1.0000061988830566
  endloop
endfacet
facet normal 0.0 0.0 0.0
  outer loop
    vertex 47.63338088989258 13.628307342529297 1.0000061988830566
    vertex 49.42109680175781 13.965301513671875 1.0000066757202148
    vertex 46.29826736450195 14.399134635925293 1.0000061988830566
  endloop
endfacet
facet normal 0.0 0.0 0.0
  outer loop
    vertex 46.29826736450195 14.399134635925293 1.0000061988830566
    vertex 49.42109680175781 13.965301513671875 1.0000066757202148
    vertex 48.087554931640625 14.878799438476562 1.0000061988830566
  endloop
endfacet
facet normal 0.0 0.0 0.0
  outer loop
    vertex 46.29826736450195 14.399134635925293 1.0000061988830566
    vertex 48.087554931640625 14.878799438476562 1.0000061988830566
    vertex 44.895931243896484 15.039560317993164 1.0000061988830566
  endloop
endfacet
facet normal 0.0 0.0 0.0
  outer loop
    vertex 44.895931243896484 15.039560317993164 1.0000061988830566
    vertex 48.087554931640625 14.878799438476562 1.0000061988830566
    vertex 46.675418853759766 15.66535758972168 1.0000061988830566
  endloop
endfacet
facet normal 0.0 0.0 0.0
  outer loop
    vertex 44.895931243896484 15.039560317993164 1.0000061988830566
    vertex 46.675418853759766 15.66535758972168 1.0000061988830566
    vertex 43.43906021118164 15.54378604888916 1.0000057220458984
  endloop
endfacet
facet normal 0.0 0.0 0.0
  outer loop
    vertex 43.43906021118164 15.54378604888916 1.0000057220458984
    vertex 46.675418853759766 15.66535758972168 1.0000061988830566
    vertex 45.19672775268555 16.31826400756836 1.0000061988830566
  endloop
endfacet
facet normal 0.0 0.0 0.0
  outer loop
    vertex 43.43906021118164 15.54378604888916 1.0000057220458984
    vertex 45.19672775268555 16.31826400756836 1.0000061988830566
    vertex 41.94086837768555 15.907244682312012 1.0000057220458984
  endloop
endfacet
facet normal 0.0 0.0 0.0
  outer loop
    vertex 41.94086837768555 15.907244682312012 1.0000057220458984
    vertex 45.19672775268555 16.31826400756836 1.0000061988830566
    vertex 43.66409683227539 16.83194923400879 1.0000057220458984
  endloop
endfacet
facet normal 0.0 0.0 0.0
  outer loop
    vertex 41.94086837768555 15.907244682312012 1.0000057220458984
    vertex 43.66409683227539 16.83194923400879 1.0000057220458984
    vertex 42.09061050415039 17.202030181884766 1.0000057220458984
  endloop
endfacet
facet normal 0.0 0.0 0.0
  outer loop
    vertex 41.94086837768555 15.907244682312012 1.0000057220458984
    vertex 42.09061050415039 17.202030181884766 1.0000057220458984
    vertex 40.4149055480957 16.126646041870117 1.0000057220458984
  endloop
endfacet
facet normal 0.0 0.0 0.0
  outer loop
    vertex 40.4149055480957 16.126646041870117 1.0000057220458984
    vertex 42.09061050415039 17.202030181884766 1.0000057220458984
    vertex 40.489688873291016 17.42534828186035 1.0000057220458984
  endloop
endfacet
facet normal 0.0 0.0 0.0
  outer loop
    vertex 40.4149055480957 16.126646041870117 1.0000057220458984
    vertex 40.489688873291016 17.42534828186035 1.0000057220458984
    vertex 38.874996185302734 16.200000762939453 1.0000057220458984
  endloop
endfacet
facet normal 0.0 0.0 0.0
  outer loop
    vertex 38.874996185302734 16.200000762939453 1.0000057220458984
    vertex 40.489688873291016 17.42534828186035 1.0000057220458984
    vertex 38.874996185302734 17.5 1.0000057220458984
  endloop
endfacet
facet normal 0.0 0.0 0.0
  outer loop
    vertex 38.874996185302734 16.200000762939453 1.0000057220458984
    vertex 38.874996185302734 17.5 1.0000057220458984
    vertex 12.19999885559082 17.5 1.0000028610229492
  endloop
endfacet
facet normal 0.0 0.0 0.0
  outer loop
    vertex 38.874996185302734 16.200000762939453 1.0000057220458984
    vertex 12.19999885559082 17.5 1.0000028610229492
    vertex 9.199999809265137 17.5 1.0000028610229492
  endloop
endfacet
facet normal 0.0 0.0 0.0
  outer loop
    vertex 9.199999809265137 17.5 1.0000028610229492
    vertex 12.19999885559082 17.5 1.0000028610229492
    vertex 11.941180229187012 17.534074783325195 1.0000028610229492
  endloop
endfacet
facet normal 0.0 0.0 0.0
  outer loop
    vertex 9.199999809265137 17.5 1.0000028610229492
    vertex 11.941180229187012 17.534074783325195 1.0000028610229492
    vertex 11.699999809265137 17.633974075317383 1.0000028610229492
  endloop
endfacet
facet normal 0.0 0.0 0.0
  outer loop
    vertex 11.699999809265137 17.633974075317383 1.0000028610229492
    vertex 11.492892265319824 17.792892456054688 1.0000028610229492
    vertex 9.199999809265137 17.5 1.0000028610229492
  endloop
endfacet
facet normal 0.0 0.0 0.0
  outer loop
    vertex 9.199999809265137 17.5 1.0000028610229492
    vertex 11.492892265319824 17.792892456054688 1.0000028610229492
    vertex 11.333971977233887 18.0 1.0000028610229492
  endloop
endfacet
facet normal 0.0 0.0 0.0
  outer loop
    vertex 9.199999809265137 17.5 1.0000028610229492
    vertex 11.333971977233887 18.0 1.0000028610229492
    vertex 11.2340726852417 18.241180419921875 1.0000028610229492
  endloop
endfacet
facet normal 0.0 0.0 0.0
  outer loop
    vertex 11.2340726852417 18.241180419921875 1.0000028610229492
    vertex 11.199999809265137 18.5 1.0000028610229492
    vertex 9.199999809265137 17.5 1.0000028610229492
  endloop
endfacet
facet normal 0.0 0.0 0.0
  outer loop
    vertex 9.199999809265137 17.5 1.0000028610229492
    vertex 11.199999809265137 18.5 1.0000028610229492
    vertex 9.199999809265137 19.5 1.0000028610229492
  endloop
endfacet
facet normal 0.0 0.0 0.0
  outer loop
    vertex 9.199999809265137 19.5 1.0000028610229492
    vertex 11.199999809265137 18.5 1.0000028610229492
    vertex 11.165923118591309 18.758819580078125 1.0000028610229492
  endloop
endfacet
facet normal 0.0 0.0 0.0
  outer loop
    vertex 9.199999809265137 19.5 1.0000028610229492
    vertex 11.165923118591309 18.758819580078125 1.0000028610229492
    vertex 11.066023826599121 19.0 1.0000028610229492
  endloop
endfacet
facet normal 0.0 0.0 0.0
  outer loop
    vertex 11.066023826599121 19.0 1.0000028610229492
    vertex 10.90710735321045 19.207107543945312 1.0000028610229492
    vertex 9.199999809265137 19.5 1.0000028610229492
  endloop
endfacet
facet normal 0.0 0.0 0.0
  outer loop
    vertex 9.199999809265137 19.5 1.0000028610229492
    vertex 10.90710735321045 19.207107543945312 1.0000028610229492
    vertex 10.699999809265137 19.366025924682617 1.0000028610229492
  endloop
endfacet
facet normal 0.0 0.0 0.0
  outer loop
    vertex 9.199999809265137 19.5 1.0000028610229492
    vertex 10.699999809265137 19.366025924682617 1.0000028610229492
    vertex 10.199999809265137 19.5 1.0000028610229492
  endloop
endfacet
facet normal 0.0 0.0 0.0
  outer loop
    vertex 10.199999809265137 19.5 1.0000028610229492
    vertex 10.699999809265137 19.366025924682617 1.0000028610229492
    vertex 10.458819389343262 19.465925216674805 1.0000028610229492
  endloop
endfacet
facet normal 0.0 0.0 0.0
  outer loop
    vertex 9.199999809265137 17.5 1.0000028610229492
    vertex -9.199999809265137 17.5 1.0000009536743164
    vertex 38.874996185302734 16.200000762939453 1.0000057220458984
  endloop
endfacet
facet normal 0.0 0.0 0.0
  outer loop
    vertex 38.874996185302734 16.200000762939453 1.0000057220458984
    vertex -9.199999809265137 17.5 1.0000009536743164
    vertex -38.874996185302734 16.200000762939453 0.9999980926513672
  endloop
endfacet
facet normal 0.0 0.0 0.0
  outer loop
    vertex -38.874996185302734 16.200000762939453 0.9999980926513672
    vertex -9.199999809265137 17.5 1.0000009536743164
    vertex -12.19999885559082 17.5 1.0000009536743164
  endloop
endfacet
facet normal 0.0 0.0 0.0
  outer loop
    vertex -38.874996185302734 16.200000762939453 0.9999980926513672
    vertex -12.19999885559082 17.5 1.0000009536743164
    vertex -38.874996185302734 17.5 0.9999980926513672
  endloop
endfacet
facet normal 0.0 0.0 0.0
  outer loop
    vertex -9.199999809265137 19.5 1.0000009536743164
    vertex -11.199999809265137 18.5 1.0000009536743164
    vertex -9.199999809265137 17.5 1.0000009536743164
  endloop
endfacet
facet normal 0.0 0.0 0.0
  outer loop
    vertex -9.199999809265137 17.5 1.0000009536743164
    vertex -11.199999809265137 18.5 1.0000009536743164
    vertex -11.2340726852417 18.241180419921875 1.0000009536743164
  endloop
endfacet
facet normal 0.0 0.0 0.0
  outer loop
    vertex -9.199999809265137 17.5 1.0000009536743164
    vertex -11.2340726852417 18.241180419921875 1.0000009536743164
    vertex -11.33397388458252 18.0 1.0000009536743164
  endloop
endfacet
facet normal 0.0 0.0 0.0
  outer loop
    vertex -10.199999809265137 19.5 1.0000009536743164
    vertex -10.699999809265137 19.366025924682617 1.0000009536743164
    vertex -9.199999809265137 19.5 1.0000009536743164
  endloop
endfacet
facet normal 0.0 0.0 0.0
  outer loop
    vertex -9.199999809265137 19.5 1.0000009536743164
    vertex -10.699999809265137 19.366025924682617 1.0000009536743164
    vertex -10.907105445861816 19.207107543945312 1.0000009536743164
  endloop
endfacet
facet normal 0.0 0.0 0.0
  outer loop
    vertex -9.199999809265137 19.5 1.0000009536743164
    vertex -10.907105445861816 19.207107543945312 1.0000009536743164
    vertex -11.066023826599121 19.0 1.0000009536743164
  endloop
endfacet
facet normal 0.0 0.0 0.0
  outer loop
    vertex -10.199999809265137 19.5 1.0000009536743164
    vertex -10.458817481994629 19.465925216674805 1.0000009536743164
    vertex -10.699999809265137 19.366025924682617 1.0000009536743164
  endloop
endfacet
facet normal 0.0 0.0 0.0
  outer loop
    vertex -11.066023826599121 19.0 1.0000009536743164
    vertex -11.165925025939941 18.758819580078125 1.0000009536743164
    vertex -9.199999809265137 19.5 1.0000009536743164
  endloop
endfacet
facet normal 0.0 0.0 0.0
  outer loop
    vertex -9.199999809265137 19.5 1.0000009536743164
    vertex -11.165925025939941 18.758819580078125 1.0000009536743164
    vertex -11.199999809265137 18.5 1.0000009536743164
  endloop
endfacet
facet normal 0.0 0.0 0.0
  outer loop
    vertex -11.33397388458252 18.0 1.0000009536743164
    vertex -11.492892265319824 17.792892456054688 1.0000009536743164
    vertex -9.199999809265137 17.5 1.0000009536743164
  endloop
endfacet
facet normal 0.0 0.0 0.0
  outer loop
    vertex -9.199999809265137 17.5 1.0000009536743164
    vertex -11.492892265319824 17.792892456054688 1.0000009536743164
    vertex -11.699999809265137 17.633974075317383 1.0000009536743164
  endloop
endfacet
facet normal 0.0 0.0 0.0
  outer loop
    vertex -9.199999809265137 17.5 1.0000009536743164
    vertex -11.699999809265137 17.633974075317383 1.0000009536743164
    vertex -11.941180229187012 17.534074783325195 1.0000009536743164
  endloop
endfacet
facet normal 0.0 0.0 0.0
  outer loop
    vertex -11.941180229187012 17.534074783325195 1.0000009536743164
    vertex -12.19999885559082 17.5 1.0000009536743164
    vertex -9.199999809265137 17.5 1.0000009536743164
  endloop
endfacet
facet normal 0.0 0.0 0.0
  outer loop
    vertex -38.874996185302734 17.5 0.9999980926513672
    vertex -40.48969268798828 17.42534828186035 0.9999980926513672
    vertex -38.874996185302734 16.200000762939453 0.9999980926513672
  endloop
endfacet
facet normal 0.0 0.0 0.0
  outer loop
    vertex -38.874996185302734 16.200000762939453 0.9999980926513672
    vertex -40.48969268798828 17.42534828186035 0.9999980926513672
    vertex -40.4149055480957 16.126646041870117 0.9999980926513672
  endloop
endfacet
facet normal 0.0 0.0 0.0
  outer loop
    vertex -40.4149055480957 16.126646041870117 0.9999980926513672
    vertex -40.48969268798828 17.42534828186035 0.9999980926513672
    vertex -42.090614318847656 17.202030181884766 0.9999980926513672
  endloop
endfacet
facet normal 0.0 0.0 0.0
  outer loop
    vertex -40.4149055480957 16.126646041870117 0.9999980926513672
    vertex -42.090614318847656 17.202030181884766 0.9999980926513672
    vertex -41.94086456298828 15.907244682312012 0.9999980926513672
  endloop
endfacet
facet normal 0.0 0.0 0.0
  outer loop
    vertex -41.94086456298828 15.907244682312012 0.9999980926513672
    vertex -42.090614318847656 17.202030181884766 0.9999980926513672
    vertex -43.66409683227539 16.83194923400879 0.9999980926513672
  endloop
endfacet
facet normal 0.0 0.0 0.0
  outer loop
    vertex -41.94086456298828 15.907244682312012 0.9999980926513672
    vertex -43.66409683227539 16.83194923400879 0.9999980926513672
    vertex -45.19672393798828 16.31826400756836 0.999997615814209
  endloop
endfacet
facet normal 0.0 0.0 0.0
  outer loop
    vertex -41.94086456298828 15.907244682312012 0.9999980926513672
    vertex -45.19672393798828 16.31826400756836 0.999997615814209
    vertex -43.439064025878906 15.54378604888916 0.9999980926513672
  endloop
endfacet
facet normal 0.0 0.0 0.0
  outer loop
    vertex -43.439064025878906 15.54378604888916 0.9999980926513672
    vertex -45.19672393798828 16.31826400756836 0.999997615814209
    vertex -46.675418853759766 15.66535758972168 0.999997615814209
  endloop
endfacet
facet normal 0.0 0.0 0.0
  outer loop
    vertex -43.439064025878906 15.54378604888916 0.9999980926513672
    vertex -46.675418853759766 15.66535758972168 0.999997615814209
    vertex -44.89592742919922 15.039560317993164 0.999997615814209
  endloop
endfacet
facet normal 0.0 0.0 0.0
  outer loop
    vertex -44.89592742919922 15.039560317993164 0.999997615814209
    vertex -46.675418853759766 15.66535758972168 0.999997615814209
    vertex -48.087554931640625 14.878799438476562 0.999997615814209
  endloop
endfacet
facet normal 0.0 0.0 0.0
  outer loop
    vertex -44.89592742919922 15.039560317993164 0.999997615814209
    vertex -48.087554931640625 14.878799438476562 0.999997615814209
    vertex -46.29826736450195 14.399134635925293 0.999997615814209
  endloop
endfacet
facet normal 0.0 0.0 0.0
  outer loop
    vertex -46.29826736450195 14.399134635925293 0.999997615814209
    vertex -48.087554931640625 14.878799438476562 0.999997615814209
    vertex -49.42109680175781 13.965301513671875 0.9999971389770508
  endloop
endfacet
facet normal 0.0 0.0 0.0
  outer loop
    vertex -46.29826736450195 14.399134635925293 0.999997615814209
    vertex -49.42109680175781 13.965301513671875 0.9999971389770508
    vertex -47.63337707519531 13.628307342529297 0.999997615814209
  endloop
endfacet
facet normal 0.0 0.0 0.0
  outer loop
    vertex -47.63337707519531 13.628307342529297 0.999997615814209
    vertex -49.42109680175781 13.965301513671875 0.9999971389770508
    vertex -48.88916778564453 12.734060287475586 0.999997615814209
  endloop
endfacet
facet normal 0.0 0.0 0.0
  outer loop
    vertex -48.88916778564453 12.734060287475586 0.999997615814209
    vertex -49.42109680175781 13.965301513671875 0.9999971389770508
    vertex -50.66466522216797 12.932656288146973 0.9999971389770508
  endloop
endfacet
facet normal 0.0 0.0 0.0
  outer loop
    vertex -48.88916778564453 12.734060287475586 0.999997615814209
    vertex -50.66466522216797 12.932656288146973 0.9999971389770508
    vertex -50.05427169799805 11.724491119384766 0.9999971389770508
  endloop
endfacet
facet normal 0.0 0.0 0.0
  outer loop
    vertex -50.05427169799805 11.724491119384766 0.9999971389770508
    vertex -50.66466522216797 12.932656288146973 0.9999971389770508
    vertex -51.807647705078125 11.789673805236816 0.9999971389770508
  endloop
endfacet
facet normal 0.0 0.0 0.0
  outer loop
    vertex -50.05427169799805 11.724491119384766 0.9999971389770508
    vertex -51.807647705078125 11.789673805236816 0.9999971389770508
    vertex -51.118133544921875 10.608743667602539 0.9999971389770508
  endloop
endfacet
facet normal 0.0 0.0 0.0
  outer loop
    vertex -51.118133544921875 10.608743667602539 0.9999971389770508
    vertex -51.807647705078125 11.789673805236816 0.9999971389770508
    vertex -52.840293884277344 10.546106338500977 0.9999971389770508
  endloop
endfacet
facet normal 0.0 0.0 0.0
  outer loop
    vertex -51.118133544921875 10.608743667602539 0.9999971389770508
    vertex -52.840293884277344 10.546106338500977 0.9999971389770508
    vertex -52.07112121582031 9.39692211151123 0.9999971389770508
  endloop
endfacet
facet normal 0.0 0.0 0.0
  outer loop
    vertex -52.07112121582031 9.39692211151123 0.9999971389770508
    vertex -52.840293884277344 10.546106338500977 0.9999971389770508
    vertex -53.75379180908203 9.212562561035156 0.9999971389770508
  endloop
endfacet
facet normal 0.0 0.0 0.0
  outer loop
    vertex -52.07112121582031 9.39692211151123 0.9999971389770508
    vertex -53.75379180908203 9.212562561035156 0.9999971389770508
    vertex -52.90460205078125 8.100000381469727 0.9999971389770508
  endloop
endfacet
facet normal 0.0 0.0 0.0
  outer loop
    vertex -52.90460205078125 8.100000381469727 0.9999971389770508
    vertex -53.75379180908203 9.212562561035156 0.9999971389770508
    vertex -54.54035186767578 7.800421237945557 0.9999966621398926
  endloop
endfacet
facet normal 0.0 0.0 0.0
  outer loop
    vertex -52.90460205078125 8.100000381469727 0.9999971389770508
    vertex -54.54035186767578 7.800421237945557 0.9999966621398926
    vertex -53.61103057861328 6.72972297668457 0.9999971389770508
  endloop
endfacet
facet normal 0.0 0.0 0.0
  outer loop
    vertex -53.61103057861328 6.72972297668457 0.9999971389770508
    vertex -54.54035186767578 7.800421237945557 0.9999966621398926
    vertex -55.19325637817383 6.3217291831970215 0.9999966621398926
  endloop
endfacet
facet normal 0.0 0.0 0.0
  outer loop
    vertex -53.61103057861328 6.72972297668457 0.9999971389770508
    vertex -55.19325637817383 6.3217291831970215 0.9999966621398926
    vertex -54.18400573730469 5.298501014709473 0.9999971389770508
  endloop
endfacet
facet normal 0.0 0.0 0.0
  outer loop
    vertex -54.18400573730469 5.298501014709473 0.9999971389770508
    vertex -55.19325637817383 6.3217291831970215 0.9999966621398926
    vertex -55.706939697265625 4.789102554321289 0.9999966621398926
  endloop
endfacet
facet normal 0.0 0.0 0.0
  outer loop
    vertex -54.18400573730469 5.298501014709473 0.9999971389770508
    vertex -55.706939697265625 4.789102554321289 0.9999966621398926
    vertex -54.61833953857422 3.8192946910858154 0.9999966621398926
  endloop
endfacet
facet normal 0.0 0.0 0.0
  outer loop
    vertex -54.61833953857422 3.8192946910858154 0.9999966621398926
    vertex -55.706939697265625 4.789102554321289 0.9999966621398926
    vertex -56.077022552490234 3.215616464614868 0.9999966621398926
  endloop
endfacet
facet normal 0.0 0.0 0.0
  outer loop
    vertex -54.61833953857422 3.8192946910858154 0.9999966621398926
    vertex -56.077022552490234 3.215616464614868 0.9999966621398926
    vertex -54.910099029541016 2.3055002689361572 0.9999966621398926
  endloop
endfacet
facet normal 0.0 0.0 0.0
  outer loop
    vertex -54.910099029541016 2.3055002689361572 0.9999966621398926
    vertex -56.077022552490234 3.215616464614868 0.9999966621398926
    vertex -56.30033874511719 1.6146962642669678 0.9999966621398926
  endloop
endfacet
facet normal 0.0 0.0 0.0
  outer loop
    vertex -54.910099029541016 2.3055002689361572 0.9999966621398926
    vertex -56.30033874511719 1.6146962642669678 0.9999966621398926
    vertex -55.056640625 0.770827054977417 0.9999966621398926
  endloop
endfacet
facet normal 0.0 0.0 0.0
  outer loop
    vertex -55.056640625 0.770827054977417 0.9999966621398926
    vertex -56.30033874511719 1.6146962642669678 0.9999966621398926
    vertex -56.37499237060547 -8.881784197001252e-15 0.9999966621398926
  endloop
endfacet
facet normal 0.0 0.0 0.0
  outer loop
    vertex -55.056640625 0.770827054977417 0.9999966621398926
    vertex -56.37499237060547 -8.881784197001252e-15 0.9999966621398926
    vertex -55.056640625 -0.770827054977417 0.9999966621398926
  endloop
endfacet
facet normal 0.0 0.0 0.0
  outer loop
    vertex -55.056640625 -0.770827054977417 0.9999966621398926
    vertex -56.37499237060547 -8.881784197001252e-15 0.9999966621398926
    vertex -56.30033874511719 -1.6146962642669678 0.9999966621398926
  endloop
endfacet
facet normal 0.0 0.0 0.0
  outer loop
    vertex -55.056640625 -0.770827054977417 0.9999966621398926
    vertex -56.30033874511719 -1.6146962642669678 0.9999966621398926
    vertex -54.910099029541016 -2.3055002689361572 0.9999966621398926
  endloop
endfacet
facet normal 0.0 0.0 0.0
  outer loop
    vertex -54.910099029541016 -2.3055002689361572 0.9999966621398926
    vertex -56.30033874511719 -1.6146962642669678 0.9999966621398926
    vertex -56.077022552490234 -3.215616464614868 0.9999966621398926
  endloop
endfacet
facet normal 0.0 0.0 0.0
  outer loop
    vertex -54.910099029541016 -2.3055002689361572 0.9999966621398926
    vertex -56.077022552490234 -3.215616464614868 0.9999966621398926
    vertex -54.61833953857422 -3.8192946910858154 0.9999966621398926
  endloop
endfacet
facet normal 0.0 0.0 0.0
  outer loop
    vertex -54.61833953857422 -3.8192946910858154 0.9999966621398926
    vertex -56.077022552490234 -3.215616464614868 0.9999966621398926
    vertex -55.706939697265625 -4.789102554321289 0.9999966621398926
  endloop
endfacet
facet normal 0.0 0.0 0.0
  outer loop
    vertex -54.61833953857422 -3.8192946910858154 0.9999966621398926
    vertex -55.706939697265625 -4.789102554321289 0.9999966621398926
    vertex -54.18400573730469 -5.298501014709473 0.9999971389770508
  endloop
endfacet
facet normal 0.0 0.0 0.0
  outer loop
    vertex -54.18400573730469 -5.298501014709473 0.9999971389770508
    vertex -55.706939697265625 -4.789102554321289 0.9999966621398926
    vertex -55.19325637817383 -6.3217291831970215 0.9999966621398926
  endloop
endfacet
facet normal 0.0 0.0 0.0
  outer loop
    vertex -54.18400573730469 -5.298501014709473 0.9999971389770508
    vertex -55.19325637817383 -6.3217291831970215 0.9999966621398926
    vertex -53.61103057861328 -6.72972297668457 0.9999971389770508
  endloop
endfacet
facet normal 0.0 0.0 0.0
  outer loop
    vertex -53.61103057861328 -6.72972297668457 0.9999971389770508
    vertex -55.19325637817383 -6.3217291831970215 0.9999966621398926
    vertex -54.54035186767578 -7.800421237945557 0.9999966621398926
  endloop
endfacet
facet normal 0.0 0.0 0.0
  outer loop
    vertex -53.61103057861328 -6.72972297668457 0.9999971389770508
    vertex -54.54035186767578 -7.800421237945557 0.9999966621398926
    vertex -52.90460205078125 -8.100000381469727 0.9999971389770508
  endloop
endfacet
facet normal 0.0 0.0 0.0
  outer loop
    vertex -52.90460205078125 -8.100000381469727 0.9999971389770508
    vertex -54.54035186767578 -7.800421237945557 0.9999966621398926
    vertex -53.75379180908203 -9.212562561035156 0.9999971389770508
  endloop
endfacet
facet normal 0.0 0.0 0.0
  outer loop
    vertex -52.90460205078125 -8.100000381469727 0.9999971389770508
    vertex -53.75379180908203 -9.212562561035156 0.9999971389770508
    vertex -52.07112121582031 -9.39692211151123 0.9999971389770508
  endloop
endfacet
facet normal 0.0 0.0 0.0
  outer loop
    vertex -52.07112121582031 -9.39692211151123 0.9999971389770508
    vertex -53.75379180908203 -9.212562561035156 0.9999971389770508
    vertex -52.840293884277344 -10.546106338500977 0.9999971389770508
  endloop
endfacet
facet normal 0.0 0.0 0.0
  outer loop
    vertex -52.07112121582031 -9.39692211151123 0.9999971389770508
    vertex -52.840293884277344 -10.546106338500977 0.9999971389770508
    vertex -51.118133544921875 -10.608743667602539 0.9999971389770508
  endloop
endfacet
facet normal 0.0 0.0 0.0
  outer loop
    vertex -51.118133544921875 -10.608743667602539 0.9999971389770508
    vertex -52.840293884277344 -10.546106338500977 0.9999971389770508
    vertex -51.807647705078125 -11.789673805236816 0.9999971389770508
  endloop
endfacet
facet normal 0.0 0.0 0.0
  outer loop
    vertex -51.118133544921875 -10.608743667602539 0.9999971389770508
    vertex -51.807647705078125 -11.789673805236816 0.9999971389770508
    vertex -50.05427169799805 -11.724491119384766 0.9999971389770508
  endloop
endfacet
facet normal 0.0 0.0 0.0
  outer loop
    vertex -50.05427169799805 -11.724491119384766 0.9999971389770508
    vertex -51.807647705078125 -11.789673805236816 0.9999971389770508
    vertex -50.66466522216797 -12.932656288146973 0.9999971389770508
  endloop
endfacet
facet normal 0.0 0.0 0.0
  outer loop
    vertex -50.05427169799805 -11.724491119384766 0.9999971389770508
    vertex -50.66466522216797 -12.932656288146973 0.9999971389770508
    vertex -48.88916778564453 -12.734060287475586 0.999997615814209
  endloop
endfacet
facet normal 0.0 0.0 0.0
  outer loop
    vertex -48.88916778564453 -12.734060287475586 0.999997615814209
    vertex -50.66466522216797 -12.932656288146973 0.9999971389770508
    vertex -49.42109680175781 -13.965301513671875 0.9999971389770508
  endloop
endfacet
facet normal 0.0 0.0 0.0
  outer loop
    vertex 12.199999809265137 -17.5 2.86102294921875e-06
    vertex 12.19999885559082 -17.5 1.0000028610229492
    vertex 11.941181182861328 -17.534074783325195 2.86102294921875e-06
  endloop
endfacet
facet normal 0.0 0.0 0.0
  outer loop
    vertex 11.941181182861328 -17.534074783325195 2.86102294921875e-06
    vertex 12.19999885559082 -17.5 1.0000028610229492
    vertex 11.941180229187012 -17.534074783325195 1.0000028610229492
  endloop
endfacet
facet normal 0.0 0.0 0.0
  outer loop
    vertex 11.941181182861328 -17.534074783325195 2.86102294921875e-06
    vertex 11.941180229187012 -17.534074783325195 1.0000028610229492
    vertex 11.700000762939453 -17.633974075317383 2.86102294921875e-06
  endloop
endfacet
facet normal 0.0 0.0 0.0
  outer loop
    vertex 11.700000762939453 -17.633974075317383 2.86102294921875e-06
    vertex 11.941180229187012 -17.534074783325195 1.0000028610229492
    vertex 11.699999809265137 -17.633974075317383 1.0000028610229492
  endloop
endfacet
facet normal 0.0 0.0 0.0
  outer loop
    vertex 11.700000762939453 -17.633974075317383 2.86102294921875e-06
    vertex 11.699999809265137 -17.633974075317383 1.0000028610229492
    vertex 11.49289321899414 -17.792892456054688 2.86102294921875e-06
  endloop
endfacet
facet normal 0.0 0.0 0.0
  outer loop
    vertex 11.49289321899414 -17.792892456054688 2.86102294921875e-06
    vertex 11.699999809265137 -17.633974075317383 1.0000028610229492
    vertex 11.492892265319824 -17.792892456054688 1.0000028610229492
  endloop
endfacet
facet normal 0.0 0.0 0.0
  outer loop
    vertex 11.49289321899414 -17.792892456054688 2.86102294921875e-06
    vertex 11.492892265319824 -17.792892456054688 1.0000028610229492
    vertex 11.333972930908203 -18.0 2.86102294921875e-06
  endloop
endfacet
facet normal 0.0 0.0 0.0
  outer loop
    vertex 11.333972930908203 -18.0 2.86102294921875e-06
    vertex 11.492892265319824 -17.792892456054688 1.0000028610229492
    vertex 11.333971977233887 -18.0 1.0000028610229492
  endloop
endfacet
facet normal 0.0 0.0 0.0
  outer loop
    vertex 11.333972930908203 -18.0 2.86102294921875e-06
    vertex 11.333971977233887 -18.0 1.0000028610229492
    vertex 11.234073638916016 -18.241180419921875 2.86102294921875e-06
  endloop
endfacet
facet normal 0.0 0.0 0.0
  outer loop
    vertex 11.234073638916016 -18.241180419921875 2.86102294921875e-06
    vertex 11.333971977233887 -18.0 1.0000028610229492
    vertex 11.2340726852417 -18.241180419921875 1.0000028610229492
  endloop
endfacet
facet normal 0.0 0.0 0.0
  outer loop
    vertex 11.234073638916016 -18.241180419921875 2.86102294921875e-06
    vertex 11.2340726852417 -18.241180419921875 1.0000028610229492
    vertex 11.200000762939453 -18.5 2.86102294921875e-06
  endloop
endfacet
facet normal 0.0 0.0 0.0
  outer loop
    vertex 11.200000762939453 -18.5 2.86102294921875e-06
    vertex 11.2340726852417 -18.241180419921875 1.0000028610229492
    vertex 11.199999809265137 -18.5 1.0000028610229492
  endloop
endfacet
facet normal 0.0 0.0 0.0
  outer loop
    vertex 12.19999885559082 17.5 1.0000028610229492
    vertex 12.199999809265137 17.5 2.86102294921875e-06
    vertex 11.941180229187012 17.534074783325195 1.0000028610229492
  endloop
endfacet
facet normal 0.0 0.0 0.0
  outer loop
    vertex 11.941180229187012 17.534074783325195 1.0000028610229492
    vertex 12.199999809265137 17.5 2.86102294921875e-06
    vertex 11.941181182861328 17.534074783325195 2.86102294921875e-06
  endloop
endfacet
facet normal 0.0 0.0 0.0
  outer loop
    vertex 11.941180229187012 17.534074783325195 1.0000028610229492
    vertex 11.941181182861328 17.534074783325195 2.86102294921875e-06
    vertex 11.699999809265137 17.633974075317383 1.0000028610229492
  endloop
endfacet
facet normal 0.0 0.0 0.0
  outer loop
    vertex 11.699999809265137 17.633974075317383 1.0000028610229492
    vertex 11.941181182861328 17.534074783325195 2.86102294921875e-06
    vertex 11.700000762939453 17.633974075317383 2.86102294921875e-06
  endloop
endfacet
facet normal 0.0 0.0 0.0
  outer loop
    vertex 11.699999809265137 17.633974075317383 1.0000028610229492
    vertex 11.700000762939453 17.633974075317383 2.86102294921875e-06
    vertex 11.492892265319824 17.792892456054688 1.0000028610229492
  endloop
endfacet
facet normal 0.0 0.0 0.0
  outer loop
    vertex 11.492892265319824 17.792892456054688 1.0000028610229492
    vertex 11.700000762939453 17.633974075317383 2.86102294921875e-06
    vertex 11.49289321899414 17.792892456054688 2.86102294921875e-06
  endloop
endfacet
facet normal 0.0 0.0 0.0
  outer loop
    vertex 11.492892265319824 17.792892456054688 1.0000028610229492
    vertex 11.49289321899414 17.792892456054688 2.86102294921875e-06
    vertex 11.333971977233887 18.0 1.0000028610229492
  endloop
endfacet
facet normal 0.0 0.0 0.0
  outer loop
    vertex 11.333971977233887 18.0 1.0000028610229492
    vertex 11.49289321899414 17.792892456054688 2.86102294921875e-06
    vertex 11.333972930908203 18.0 2.86102294921875e-06
  endloop
endfacet
facet normal 0.0 0.0 0.0
  outer loop
    vertex 11.333971977233887 18.0 1.0000028610229492
    vertex 11.333972930908203 18.0 2.86102294921875e-06
    vertex 11.2340726852417 18.241180419921875 1.0000028610229492
  endloop
endfacet
facet normal 0.0 0.0 0.0
  outer loop
    vertex 11.2340726852417 18.241180419921875 1.0000028610229492
    vertex 11.333972930908203 18.0 2.86102294921875e-06
    vertex 11.234073638916016 18.241180419921875 2.86102294921875e-06
  endloop
endfacet
facet normal 0.0 0.0 0.0
  outer loop
    vertex 11.2340726852417 18.241180419921875 1.0000028610229492
    vertex 11.234073638916016 18.241180419921875 2.86102294921875e-06
    vertex 11.199999809265137 18.5 1.0000028610229492
  endloop
endfacet
facet normal 0.0 0.0 0.0
  outer loop
    vertex 11.199999809265137 18.5 1.0000028610229492
    vertex 11.234073638916016 18.241180419921875 2.86102294921875e-06
    vertex 11.200000762939453 18.5 2.86102294921875e-06
  endloop
endfacet
facet normal 0.0 0.0 0.0
  outer loop
    vertex 10.200000762939453 19.5 2.86102294921875e-06
    vertex 10.199999809265137 19.5 1.0000028610229492
    vertex 10.458820343017578 19.465925216674805 2.86102294921875e-06
  endloop
endfacet
facet normal 0.0 0.0 0.0
  outer loop
    vertex 10.458820343017578 19.465925216674805 2.86102294921875e-06
    vertex 10.199999809265137 19.5 1.0000028610229492
    vertex 10.458819389343262 19.465925216674805 1.0000028610229492
  endloop
endfacet
facet normal 0.0 0.0 0.0
  outer loop
    vertex 10.458820343017578 19.465925216674805 2.86102294921875e-06
    vertex 10.458819389343262 19.465925216674805 1.0000028610229492
    vertex 10.700000762939453 19.366025924682617 2.86102294921875e-06
  endloop
endfacet
facet normal 0.0 0.0 0.0
  outer loop
    vertex 10.700000762939453 19.366025924682617 2.86102294921875e-06
    vertex 10.458819389343262 19.465925216674805 1.0000028610229492
    vertex 10.699999809265137 19.366025924682617 1.0000028610229492
  endloop
endfacet
facet normal 0.0 0.0 0.0
  outer loop
    vertex 10.700000762939453 19.366025924682617 2.86102294921875e-06
    vertex 10.699999809265137 19.366025924682617 1.0000028610229492
    vertex 10.907108306884766 19.207107543945312 2.86102294921875e-06
  endloop
endfacet
facet normal 0.0 0.0 0.0
  outer loop
    vertex 10.907108306884766 19.207107543945312 2.86102294921875e-06
    vertex 10.699999809265137 19.366025924682617 1.0000028610229492
    vertex 10.90710735321045 19.207107543945312 1.0000028610229492
  endloop
endfacet
facet normal 0.0 0.0 0.0
  outer loop
    vertex 10.907108306884766 19.207107543945312 2.86102294921875e-06
    vertex 10.90710735321045 19.207107543945312 1.0000028610229492
    vertex 11.066024780273438 19.0 2.86102294921875e-06
  endloop
endfacet
facet normal 0.0 0.0 0.0
  outer loop
    vertex 11.066024780273438 19.0 2.86102294921875e-06
    vertex 10.90710735321045 19.207107543945312 1.0000028610229492
    vertex 11.066023826599121 19.0 1.0000028610229492
  endloop
endfacet
facet normal 0.0 0.0 0.0
  outer loop
    vertex 11.066024780273438 19.0 2.86102294921875e-06
    vertex 11.066023826599121 19.0 1.0000028610229492
    vertex 11.165924072265625 18.758819580078125 2.86102294921875e-06
  endloop
endfacet
facet normal 0.0 0.0 0.0
  outer loop
    vertex 11.165924072265625 18.758819580078125 2.86102294921875e-06
    vertex 11.066023826599121 19.0 1.0000028610229492
    vertex 11.165923118591309 18.758819580078125 1.0000028610229492
  endloop
endfacet
facet normal 0.0 0.0 0.0
  outer loop
    vertex 11.165924072265625 18.758819580078125 2.86102294921875e-06
    vertex 11.165923118591309 18.758819580078125 1.0000028610229492
    vertex 11.200000762939453 18.5 2.86102294921875e-06
  endloop
endfacet
facet normal 0.0 0.0 0.0
  outer loop
    vertex 11.200000762939453 18.5 2.86102294921875e-06
    vertex 11.165923118591309 18.758819580078125 1.0000028610229492
    vertex 11.199999809265137 18.5 1.0000028610229492
  endloop
endfacet
facet normal 0.0 0.0 0.0
  outer loop
    vertex 10.200000762939453 19.5 2.86102294921875e-06
    vertex 9.200000762939453 19.5 2.86102294921875e-06
    vertex 10.199999809265137 19.5 1.0000028610229492
  endloop
endfacet
facet normal 0.0 0.0 0.0
  outer loop
    vertex 10.199999809265137 19.5 1.0000028610229492
    vertex 9.200000762939453 19.5 2.86102294921875e-06
    vertex 9.199999809265137 19.5 1.0000028610229492
  endloop
endfacet
facet normal 0.0 0.0 0.0
  outer loop
    vertex -11.19999885559082 18.5 9.5367431640625e-07
    vertex -11.199999809265137 18.5 1.0000009536743164
    vertex -11.165924072265625 18.758819580078125 9.5367431640625e-07
  endloop
endfacet
facet normal 0.0 0.0 0.0
  outer loop
    vertex -11.165924072265625 18.758819580078125 9.5367431640625e-07
    vertex -11.199999809265137 18.5 1.0000009536743164
    vertex -11.165925025939941 18.758819580078125 1.0000009536743164
  endloop
endfacet
facet normal 0.0 0.0 0.0
  outer loop
    vertex -11.165924072265625 18.758819580078125 9.5367431640625e-07
    vertex -11.165925025939941 18.758819580078125 1.0000009536743164
    vertex -11.066022872924805 19.0 9.5367431640625e-07
  endloop
endfacet
facet normal 0.0 0.0 0.0
  outer loop
    vertex -11.066022872924805 19.0 9.5367431640625e-07
    vertex -11.165925025939941 18.758819580078125 1.0000009536743164
    vertex -11.066023826599121 19.0 1.0000009536743164
  endloop
endfacet
facet normal 0.0 0.0 0.0
  outer loop
    vertex -11.066022872924805 19.0 9.5367431640625e-07
    vertex -11.066023826599121 19.0 1.0000009536743164
    vertex -10.9071044921875 19.207107543945312 9.5367431640625e-07
  endloop
endfacet
facet normal 0.0 0.0 0.0
  outer loop
    vertex -10.9071044921875 19.207107543945312 9.5367431640625e-07
    vertex -11.066023826599121 19.0 1.0000009536743164
    vertex -10.907105445861816 19.207107543945312 1.0000009536743164
  endloop
endfacet
facet normal 0.0 0.0 0.0
  outer loop
    vertex -10.9071044921875 19.207107543945312 9.5367431640625e-07
    vertex -10.907105445861816 19.207107543945312 1.0000009536743164
    vertex -10.69999885559082 19.366025924682617 9.5367431640625e-07
  endloop
endfacet
facet normal 0.0 0.0 0.0
  outer loop
    vertex -10.69999885559082 19.366025924682617 9.5367431640625e-07
    vertex -10.907105445861816 19.207107543945312 1.0000009536743164
    vertex -10.699999809265137 19.366025924682617 1.0000009536743164
  endloop
endfacet
facet normal 0.0 0.0 0.0
  outer loop
    vertex -10.69999885559082 19.366025924682617 9.5367431640625e-07
    vertex -10.699999809265137 19.366025924682617 1.0000009536743164
    vertex -10.458816528320312 19.465925216674805 9.5367431640625e-07
  endloop
endfacet
facet normal 0.0 0.0 0.0
  outer loop
    vertex -10.458816528320312 19.465925216674805 9.5367431640625e-07
    vertex -10.699999809265137 19.366025924682617 1.0000009536743164
    vertex -10.458817481994629 19.465925216674805 1.0000009536743164
  endloop
endfacet
facet normal 0.0 0.0 0.0
  outer loop
    vertex -10.458816528320312 19.465925216674805 9.5367431640625e-07
    vertex -10.458817481994629 19.465925216674805 1.0000009536743164
    vertex -10.19999885559082 19.5 9.5367431640625e-07
  endloop
endfacet
facet normal 0.0 0.0 0.0
  outer loop
    vertex -10.19999885559082 19.5 9.5367431640625e-07
    vertex -10.458817481994629 19.465925216674805 1.0000009536743164
    vertex -10.199999809265137 19.5 1.0000009536743164
  endloop
endfacet
facet normal 0.0 0.0 0.0
  outer loop
    vertex -10.199999809265137 19.5 1.0000009536743164
    vertex -9.199999809265137 19.5 1.0000009536743164
    vertex -10.19999885559082 19.5 9.5367431640625e-07
  endloop
endfacet
facet normal 0.0 0.0 0.0
  outer loop
    vertex -10.19999885559082 19.5 9.5367431640625e-07
    vertex -9.199999809265137 19.5 1.0000009536743164
    vertex -9.19999885559082 19.5 9.5367431640625e-07
  endloop
endfacet
facet normal 0.0 0.0 0.0
  outer loop
    vertex -12.199997901916504 17.5 9.5367431640625e-07
    vertex -12.19999885559082 17.5 1.0000009536743164
    vertex -11.941179275512695 17.534074783325195 9.5367431640625e-07
  endloop
endfacet
facet normal 0.0 0.0 0.0
  outer loop
    vertex -11.941179275512695 17.534074783325195 9.5367431640625e-07
    vertex -12.19999885559082 17.5 1.0000009536743164
    vertex -11.941180229187012 17.534074783325195 1.0000009536743164
  endloop
endfacet
facet normal 0.0 0.0 0.0
  outer loop
    vertex -11.941179275512695 17.534074783325195 9.5367431640625e-07
    vertex -11.941180229187012 17.534074783325195 1.0000009536743164
    vertex -11.69999885559082 17.633974075317383 9.5367431640625e-07
  endloop
endfacet
facet normal 0.0 0.0 0.0
  outer loop
    vertex -11.69999885559082 17.633974075317383 9.5367431640625e-07
    vertex -11.941180229187012 17.534074783325195 1.0000009536743164
    vertex -11.699999809265137 17.633974075317383 1.0000009536743164
  endloop
endfacet
facet normal 0.0 0.0 0.0
  outer loop
    vertex -11.69999885559082 17.633974075317383 9.5367431640625e-07
    vertex -11.699999809265137 17.633974075317383 1.0000009536743164
    vertex -11.492891311645508 17.792892456054688 9.5367431640625e-07
  endloop
endfacet
facet normal 0.0 0.0 0.0
  outer loop
    vertex -11.492891311645508 17.792892456054688 9.5367431640625e-07
    vertex -11.699999809265137 17.633974075317383 1.0000009536743164
    vertex -11.492892265319824 17.792892456054688 1.0000009536743164
  endloop
endfacet
facet normal 0.0 0.0 0.0
  outer loop
    vertex -11.492891311645508 17.792892456054688 9.5367431640625e-07
    vertex -11.492892265319824 17.792892456054688 1.0000009536743164
    vertex -11.333972930908203 18.0 9.5367431640625e-07
  endloop
endfacet
facet normal 0.0 0.0 0.0
  outer loop
    vertex -11.333972930908203 18.0 9.5367431640625e-07
    vertex -11.492892265319824 17.792892456054688 1.0000009536743164
    vertex -11.33397388458252 18.0 1.0000009536743164
  endloop
endfacet
facet normal 0.0 0.0 0.0
  outer loop
    vertex -11.333972930908203 18.0 9.5367431640625e-07
    vertex -11.33397388458252 18.0 1.0000009536743164
    vertex -11.234071731567383 18.241180419921875 9.5367431640625e-07
  endloop
endfacet
facet normal 0.0 0.0 0.0
  outer loop
    vertex -11.234071731567383 18.241180419921875 9.5367431640625e-07
    vertex -11.33397388458252 18.0 1.0000009536743164
    vertex -11.2340726852417 18.241180419921875 1.0000009536743164
  endloop
endfacet
facet normal 0.0 0.0 0.0
  outer loop
    vertex -11.234071731567383 18.241180419921875 9.5367431640625e-07
    vertex -11.2340726852417 18.241180419921875 1.0000009536743164
    vertex -11.19999885559082 18.5 9.5367431640625e-07
  endloop
endfacet
facet normal 0.0 0.0 0.0
  outer loop
    vertex -11.19999885559082 18.5 9.5367431640625e-07
    vertex -11.2340726852417 18.241180419921875 1.0000009536743164
    vertex -11.199999809265137 18.5 1.0000009536743164
  endloop
endfacet
facet normal 0.0 0.0 0.0
  outer loop
    vertex 10.199999809265137 -19.5 1.0000028610229492
    vertex 9.199999809265137 -19.5 1.0000028610229492
    vertex 10.200000762939453 -19.5 2.86102294921875e-06
  endloop
endfacet
facet normal 0.0 0.0 0.0
  outer loop
    vertex 10.200000762939453 -19.5 2.86102294921875e-06
    vertex 9.199999809265137 -19.5 1.0000028610229492
    vertex 9.200000762939453 -19.5 2.86102294921875e-06
  endloop
endfacet
facet normal 0.0 0.0 0.0
  outer loop
    vertex 9.200000762939453 -17.5 2.86102294921875e-06
    vertex 9.200000762939453 -19.5 2.86102294921875e-06
    vertex 9.199999809265137 -17.5 1.0000028610229492
  endloop
endfacet
facet normal 0.0 0.0 0.0
  outer loop
    vertex 9.199999809265137 -17.5 1.0000028610229492
    vertex 9.200000762939453 -19.5 2.86102294921875e-06
    vertex 9.199999809265137 -19.5 1.0000028610229492
  endloop
endfacet
facet normal 0.0 0.0 0.0
  outer loop
    vertex 9.199999809265137 -17.5 1.0000028610229492
    vertex -9.199999809265137 -17.5 1.0000009536743164
    vertex 9.200000762939453 -17.5 2.86102294921875e-06
  endloop
endfacet
facet normal 0.0 0.0 0.0
  outer loop
    vertex 9.200000762939453 -17.5 2.86102294921875e-06
    vertex -9.199999809265137 -17.5 1.0000009536743164
    vertex -9.19999885559082 -17.5 9.5367431640625e-07
  endloop
endfacet
facet normal 0.0 0.0 0.0
  outer loop
    vertex 12.199999809265137 -17.5 2.86102294921875e-06
    vertex 38.874996185302734 -17.5 5.7220458984375e-06
    vertex 12.19999885559082 -17.5 1.0000028610229492
  endloop
endfacet
facet normal 0.0 0.0 0.0
  outer loop
    vertex 12.19999885559082 -17.5 1.0000028610229492
    vertex 38.874996185302734 -17.5 5.7220458984375e-06
    vertex 38.874996185302734 -17.5 1.0000057220458984
  endloop
endfacet
facet normal 0.0 0.0 0.0
  outer loop
    vertex -9.19999885559082 17.5 9.5367431640625e-07
    vertex -9.19999885559082 19.5 9.5367431640625e-07
    vertex -9.199999809265137 17.5 1.0000009536743164
  endloop
endfacet
facet normal 0.0 0.0 0.0
  outer loop
    vertex -9.199999809265137 17.5 1.0000009536743164
    vertex -9.19999885559082 19.5 9.5367431640625e-07
    vertex -9.199999809265137 19.5 1.0000009536743164
  endloop
endfacet
facet normal 0.0 0.0 0.0
  outer loop
    vertex -9.199999809265137 17.5 1.0000009536743164
    vertex 9.199999809265137 17.5 1.0000028610229492
    vertex -9.19999885559082 17.5 9.5367431640625e-07
  endloop
endfacet
facet normal 0.0 0.0 0.0
  outer loop
    vertex -9.19999885559082 17.5 9.5367431640625e-07
    vertex 9.199999809265137 17.5 1.0000028610229492
    vertex 9.200000762939453 17.5 2.86102294921875e-06
  endloop
endfacet
facet normal 0.0 0.0 0.0
  outer loop
    vertex -12.199997901916504 17.5 9.5367431640625e-07
    vertex -38.874996185302734 17.5 -1.9073486328125e-06
    vertex -12.19999885559082 17.5 1.0000009536743164
  endloop
endfacet
facet normal 0.0 0.0 0.0
  outer loop
    vertex -12.19999885559082 17.5 1.0000009536743164
    vertex -38.874996185302734 17.5 -1.9073486328125e-06
    vertex -38.874996185302734 17.5 0.9999980926513672
  endloop
endfacet
facet normal 0.0 0.0 0.0
  outer loop
    vertex -9.19999885559082 -19.5 9.5367431640625e-07
    vertex -9.19999885559082 -17.5 9.5367431640625e-07
    vertex -9.199999809265137 -19.5 1.0000009536743164
  endloop
endfacet
facet normal 0.0 0.0 0.0
  outer loop
    vertex -9.199999809265137 -19.5 1.0000009536743164
    vertex -9.19999885559082 -17.5 9.5367431640625e-07
    vertex -9.199999809265137 -17.5 1.0000009536743164
  endloop
endfacet
facet normal 0.0 0.0 0.0
  outer loop
    vertex -12.19999885559082 -17.5 1.0000009536743164
    vertex -38.874996185302734 -17.5 0.9999980926513672
    vertex -12.199997901916504 -17.5 9.5367431640625e-07
  endloop
endfacet
facet normal 0.0 0.0 0.0
  outer loop
    vertex -12.199997901916504 -17.5 9.5367431640625e-07
    vertex -38.874996185302734 -17.5 0.9999980926513672
    vertex -38.874996185302734 -17.5 -1.9073486328125e-06
  endloop
endfacet
facet normal 0.0 0.0 0.0
  outer loop
    vertex 9.200000762939453 19.5 2.86102294921875e-06
    vertex 9.200000762939453 17.5 2.86102294921875e-06
    vertex 9.199999809265137 19.5 1.0000028610229492
  endloop
endfacet
facet normal 0.0 0.0 0.0
  outer loop
    vertex 9.199999809265137 19.5 1.0000028610229492
    vertex 9.200000762939453 17.5 2.86102294921875e-06
    vertex 9.199999809265137 17.5 1.0000028610229492
  endloop
endfacet
facet normal 0.0 0.0 0.0
  outer loop
    vertex 12.19999885559082 17.5 1.0000028610229492
    vertex 38.874996185302734 17.5 1.0000057220458984
    vertex 12.199999809265137 17.5 2.86102294921875e-06
  endloop
endfacet
facet normal 0.0 0.0 0.0
  outer loop
    vertex 12.199999809265137 17.5 2.86102294921875e-06
    vertex 38.874996185302734 17.5 1.0000057220458984
    vertex 38.874996185302734 17.5 5.7220458984375e-06
  endloop
endfacet
facet normal 0.0 0.0 0.0
  outer loop
    vertex 54.71112060546875 -4.2432780265808105 4.896027565002441
    vertex 55.0364990234375 -3.067267894744873 4.933019161224365
    vertex 54.805450439453125 -4.268553256988525 4.9548821449279785
  endloop
endfacet
facet normal 0.0 0.0 0.0
  outer loop
    vertex 54.805450439453125 -4.268553256988525 4.9548821449279785
    vertex 55.0364990234375 -3.067267894744873 4.933019161224365
    vertex 55.15497589111328 -3.0897531509399414 4.982969760894775
  endloop
endfacet
facet normal 0.0 0.0 0.0
  outer loop
    vertex 54.805450439453125 -4.268553256988525 4.9548821449279785
    vertex 55.15497589111328 -3.0897531509399414 4.982969760894775
    vertex 54.85545349121094 -4.279244899749756 4.974879741668701
  endloop
endfacet
facet normal 0.0 0.0 0.0
  outer loop
    vertex 54.85545349121094 -4.279244899749756 4.974879741668701
    vertex 55.15497589111328 -3.0897531509399414 4.982969760894775
    vertex 54.908470153808594 -4.284893035888672 4.989107131958008
  endloop
endfacet
facet normal 0.0 0.0 0.0
  outer loop
    vertex 54.908470153808594 -4.284893035888672 4.989107131958008
    vertex 55.15497589111328 -3.0897531509399414 4.982969760894775
    vertex 54.96271514892578 -4.28481388092041 4.9973530769348145
  endloop
endfacet
facet normal 0.0 0.0 0.0
  outer loop
    vertex 54.96271514892578 -4.28481388092041 4.9973530769348145
    vertex 55.15497589111328 -3.0897531509399414 4.982969760894775
    vertex 55.32647705078125 -2.870311975479126 5.000006675720215
  endloop
endfacet
facet normal 0.0 0.0 0.0
  outer loop
    vertex 54.96271514892578 -4.28481388092041 4.9973530769348145
    vertex 55.32647705078125 -2.870311975479126 5.000006675720215
    vertex 55.01757049560547 -4.278702259063721 5.000006675720215
  endloop
endfacet
facet normal 0.0 0.0 0.0
  outer loop
    vertex 54.71112060546875 -4.2432780265808105 4.896027565002441
    vertex 54.63212585449219 -4.222110748291016 4.816579341888428
    vertex 55.0364990234375 -3.067267894744873 4.933019161224365
  endloop
endfacet
facet normal 0.0 0.0 0.0
  outer loop
    vertex 55.0364990234375 -3.067267894744873 4.933019161224365
    vertex 54.63212585449219 -4.222110748291016 4.816579341888428
    vertex 54.93476104736328 -3.047959327697754 4.853559970855713
  endloop
endfacet
facet normal 0.0 0.0 0.0
  outer loop
    vertex 55.0364990234375 -3.067267894744873 4.933019161224365
    vertex 54.93476104736328 -3.047959327697754 4.853559970855713
    vertex 55.252708435058594 -1.5404025316238403 4.933019161224365
  endloop
endfacet
facet normal 0.0 0.0 0.0
  outer loop
    vertex 55.252708435058594 -1.5404025316238403 4.933019161224365
    vertex 54.93476104736328 -3.047959327697754 4.853559970855713
    vertex 55.14961242675781 -1.5307055711746216 4.853559970855713
  endloop
endfacet
facet normal 0.0 0.0 0.0
  outer loop
    vertex 55.252708435058594 -1.5404025316238403 4.933019161224365
    vertex 55.14961242675781 -1.5307055711746216 4.853559970855713
    vertex 55.324989318847656 -1.3770331090543408e-15 4.933019161224365
  endloop
endfacet
facet normal 0.0 0.0 0.0
  outer loop
    vertex 55.324989318847656 -1.3770331090543408e-15 4.933019161224365
    vertex 55.14961242675781 -1.5307055711746216 4.853559970855713
    vertex 55.221435546875 -1.3643514376471678e-15 4.853559970855713
  endloop
endfacet
facet normal 0.0 0.0 0.0
  outer loop
    vertex 55.324989318847656 -1.3770331090543408e-15 4.933019161224365
    vertex 55.221435546875 -1.3643514376471678e-15 4.853559970855713
    vertex 55.252708435058594 1.5404025316238403 4.933019161224365
  endloop
endfacet
facet normal 0.0 0.0 0.0
  outer loop
    vertex 55.252708435058594 1.5404025316238403 4.933019161224365
    vertex 55.221435546875 -1.3643514376471678e-15 4.853559970855713
    vertex 55.14961242675781 1.5307055711746216 4.853559970855713
  endloop
endfacet
facet normal 0.0 0.0 0.0
  outer loop
    vertex 55.252708435058594 1.5404025316238403 4.933019161224365
    vertex 55.14961242675781 1.5307055711746216 4.853559970855713
    vertex 55.0364990234375 3.067267894744873 4.933019161224365
  endloop
endfacet
facet normal 0.0 0.0 0.0
  outer loop
    vertex 55.0364990234375 3.067267894744873 4.933019161224365
    vertex 55.14961242675781 1.5307055711746216 4.853559970855713
    vertex 54.93476104736328 3.047959327697754 4.853559970855713
  endloop
endfacet
facet normal 0.0 0.0 0.0
  outer loop
    vertex 55.0364990234375 3.067267894744873 4.933019161224365
    vertex 54.93476104736328 3.047959327697754 4.853559970855713
    vertex 54.805450439453125 4.268553256988525 4.9548821449279785
  endloop
endfacet
facet normal 0.0 0.0 0.0
  outer loop
    vertex 54.805450439453125 4.268553256988525 4.9548821449279785
    vertex 54.93476104736328 3.047959327697754 4.853559970855713
    vertex 54.71112060546875 4.2432780265808105 4.896027565002441
  endloop
endfacet
facet normal 0.0 0.0 0.0
  outer loop
    vertex 54.71112060546875 4.2432780265808105 4.896027565002441
    vertex 54.93476104736328 3.047959327697754 4.853559970855713
    vertex 54.85669708251953 3.0331432819366455 4.750006675720215
  endloop
endfacet
facet normal 0.0 0.0 0.0
  outer loop
    vertex 54.71112060546875 4.2432780265808105 4.896027565002441
    vertex 54.85669708251953 3.0331432819366455 4.750006675720215
    vertex 54.63212585449219 4.222110748291016 4.816579341888428
  endloop
endfacet
facet normal 0.0 0.0 0.0
  outer loop
    vertex 54.63212585449219 4.222110748291016 4.816579341888428
    vertex 54.85669708251953 3.0331432819366455 4.750006675720215
    vertex 54.80762481689453 3.023829698562622 4.629415988922119
  endloop
endfacet
facet normal 0.0 0.0 0.0
  outer loop
    vertex 54.63212585449219 4.222110748291016 4.816579341888428
    vertex 54.80762481689453 3.023829698562622 4.629415988922119
    vertex 54.57257080078125 4.20615291595459 4.720668315887451
  endloop
endfacet
facet normal 0.0 0.0 0.0
  outer loop
    vertex 54.57257080078125 4.20615291595459 4.720668315887451
    vertex 54.80762481689453 3.023829698562622 4.629415988922119
    vertex 54.535545349121094 4.19623327255249 4.613282680511475
  endloop
endfacet
facet normal 0.0 0.0 0.0
  outer loop
    vertex 54.535545349121094 4.19623327255249 4.613282680511475
    vertex 54.80762481689453 3.023829698562622 4.629415988922119
    vertex 54.828880310058594 2.813100576400757 4.500006675720215
  endloop
endfacet
facet normal 0.0 0.0 0.0
  outer loop
    vertex 54.535545349121094 4.19623327255249 4.613282680511475
    vertex 54.828880310058594 2.813100576400757 4.500006675720215
    vertex 54.522987365722656 4.192868709564209 4.500006675720215
  endloop
endfacet
facet normal 0.0 0.0 0.0
  outer loop
    vertex 54.63212585449219 -4.222110748291016 4.816579341888428
    vertex 54.57257080078125 -4.20615291595459 4.720668315887451
    vertex 54.93476104736328 -3.047959327697754 4.853559970855713
  endloop
endfacet
facet normal 0.0 0.0 0.0
  outer loop
    vertex 54.93476104736328 -3.047959327697754 4.853559970855713
    vertex 54.57257080078125 -4.20615291595459 4.720668315887451
    vertex 54.85669708251953 -3.0331432819366455 4.750006675720215
  endloop
endfacet
facet normal 0.0 0.0 0.0
  outer loop
    vertex 54.93476104736328 -3.047959327697754 4.853559970855713
    vertex 54.85669708251953 -3.0331432819366455 4.750006675720215
    vertex 55.14961242675781 -1.5307055711746216 4.853559970855713
  endloop
endfacet
facet normal 0.0 0.0 0.0
  outer loop
    vertex 55.14961242675781 -1.5307055711746216 4.853559970855713
    vertex 54.85669708251953 -3.0331432819366455 4.750006675720215
    vertex 55.07050323486328 -1.5232648849487305 4.750006675720215
  endloop
endfacet
facet normal 0.0 0.0 0.0
  outer loop
    vertex 55.14961242675781 -1.5307055711746216 4.853559970855713
    vertex 55.07050323486328 -1.5232648849487305 4.750006675720215
    vertex 55.221435546875 -1.3643514376471678e-15 4.853559970855713
  endloop
endfacet
facet normal 0.0 0.0 0.0
  outer loop
    vertex 55.221435546875 -1.3643514376471678e-15 4.853559970855713
    vertex 55.07050323486328 -1.5232648849487305 4.750006675720215
    vertex 55.14198303222656 -1.3546205113908736e-15 4.750006675720215
  endloop
endfacet
facet normal 0.0 0.0 0.0
  outer loop
    vertex 55.221435546875 -1.3643514376471678e-15 4.853559970855713
    vertex 55.14198303222656 -1.3546205113908736e-15 4.750006675720215
    vertex 55.14961242675781 1.5307055711746216 4.853559970855713
  endloop
endfacet
facet normal 0.0 0.0 0.0
  outer loop
    vertex 55.14961242675781 1.5307055711746216 4.853559970855713
    vertex 55.14198303222656 -1.3546205113908736e-15 4.750006675720215
    vertex 55.07050323486328 1.5232648849487305 4.750006675720215
  endloop
endfacet
facet normal 0.0 0.0 0.0
  outer loop
    vertex 55.14961242675781 1.5307055711746216 4.853559970855713
    vertex 55.07050323486328 1.5232648849487305 4.750006675720215
    vertex 54.93476104736328 3.047959327697754 4.853559970855713
  endloop
endfacet
facet normal 0.0 0.0 0.0
  outer loop
    vertex 54.93476104736328 3.047959327697754 4.853559970855713
    vertex 55.07050323486328 1.5232648849487305 4.750006675720215
    vertex 54.85669708251953 3.0331432819366455 4.750006675720215
  endloop
endfacet
facet normal 0.0 0.0 0.0
  outer loop
    vertex 54.57257080078125 -4.20615291595459 4.720668315887451
    vertex 54.535545349121094 -4.19623327255249 4.613282680511475
    vertex 54.85669708251953 -3.0331432819366455 4.750006675720215
  endloop
endfacet
facet normal 0.0 0.0 0.0
  outer loop
    vertex 54.85669708251953 -3.0331432819366455 4.750006675720215
    vertex 54.535545349121094 -4.19623327255249 4.613282680511475
    vertex 54.80762481689453 -3.023829698562622 4.629415988922119
  endloop
endfacet
facet normal 0.0 0.0 0.0
  outer loop
    vertex 54.85669708251953 -3.0331432819366455 4.750006675720215
    vertex 54.80762481689453 -3.023829698562622 4.629415988922119
    vertex 55.07050323486328 -1.5232648849487305 4.750006675720215
  endloop
endfacet
facet normal 0.0 0.0 0.0
  outer loop
    vertex 55.07050323486328 -1.5232648849487305 4.750006675720215
    vertex 54.80762481689453 -3.023829698562622 4.629415988922119
    vertex 55.020774841308594 -1.5185874700546265 4.629415988922119
  endloop
endfacet
facet normal 0.0 0.0 0.0
  outer loop
    vertex 55.07050323486328 -1.5232648849487305 4.750006675720215
    vertex 55.020774841308594 -1.5185874700546265 4.629415988922119
    vertex 55.14198303222656 -1.3546205113908736e-15 4.750006675720215
  endloop
endfacet
facet normal 0.0 0.0 0.0
  outer loop
    vertex 55.14198303222656 -1.3546205113908736e-15 4.750006675720215
    vertex 55.020774841308594 -1.5185874700546265 4.629415988922119
    vertex 55.09202575683594 -1.3485033453249215e-15 4.629415988922119
  endloop
endfacet
facet normal 0.0 0.0 0.0
  outer loop
    vertex 55.14198303222656 -1.3546205113908736e-15 4.750006675720215
    vertex 55.09202575683594 -1.3485033453249215e-15 4.629415988922119
    vertex 55.07050323486328 1.5232648849487305 4.750006675720215
  endloop
endfacet
facet normal 0.0 0.0 0.0
  outer loop
    vertex 55.07050323486328 1.5232648849487305 4.750006675720215
    vertex 55.09202575683594 -1.3485033453249215e-15 4.629415988922119
    vertex 55.020774841308594 1.5185874700546265 4.629415988922119
  endloop
endfacet
facet normal 0.0 0.0 0.0
  outer loop
    vertex 55.07050323486328 1.5232648849487305 4.750006675720215
    vertex 55.020774841308594 1.5185874700546265 4.629415988922119
    vertex 54.85669708251953 3.0331432819366455 4.750006675720215
  endloop
endfacet
facet normal 0.0 0.0 0.0
  outer loop
    vertex 54.85669708251953 3.0331432819366455 4.750006675720215
    vertex 55.020774841308594 1.5185874700546265 4.629415988922119
    vertex 54.80762481689453 3.023829698562622 4.629415988922119
  endloop
endfacet
facet normal 0.0 0.0 0.0
  outer loop
    vertex 54.535545349121094 -4.19623327255249 4.613282680511475
    vertex 54.522987365722656 -4.192868709564209 4.500006675720215
    vertex 54.80762481689453 -3.023829698562622 4.629415988922119
  endloop
endfacet
facet normal 0.0 0.0 0.0
  outer loop
    vertex 54.80762481689453 -3.023829698562622 4.629415988922119
    vertex 54.522987365722656 -4.192868709564209 4.500006675720215
    vertex 54.828880310058594 -2.813100576400757 4.500006675720215
  endloop
endfacet
facet normal 0.0 0.0 0.0
  outer loop
    vertex 54.80762481689453 -3.023829698562622 4.629415988922119
    vertex 54.828880310058594 -2.813100576400757 4.500006675720215
    vertex 55.020774841308594 -1.5185874700546265 4.629415988922119
  endloop
endfacet
facet normal 0.0 0.0 0.0
  outer loop
    vertex 55.020774841308594 -1.5185874700546265 4.629415988922119
    vertex 54.828880310058594 -2.813100576400757 4.500006675720215
    vertex 55.013343811035156 -1.4119230508804321 4.500006675720215
  endloop
endfacet
facet normal 0.0 0.0 0.0
  outer loop
    vertex 55.020774841308594 -1.5185874700546265 4.629415988922119
    vertex 55.013343811035156 -1.4119230508804321 4.500006675720215
    vertex 55.09202575683594 -1.3485033453249215e-15 4.629415988922119
  endloop
endfacet
facet normal 0.0 0.0 0.0
  outer loop
    vertex 55.09202575683594 -1.3485033453249215e-15 4.629415988922119
    vertex 55.013343811035156 -1.4119230508804321 4.500006675720215
    vertex 55.074989318847656 1.3916209764402998e-12 4.500006675720215
  endloop
endfacet
facet normal 0.0 0.0 0.0
  outer loop
    vertex 55.09202575683594 -1.3485033453249215e-15 4.629415988922119
    vertex 55.074989318847656 1.3916209764402998e-12 4.500006675720215
    vertex 55.013343811035156 1.4119230508804321 4.500006675720215
  endloop
endfacet
facet normal 0.0 0.0 0.0
  outer loop
    vertex 55.09202575683594 -1.3485033453249215e-15 4.629415988922119
    vertex 55.013343811035156 1.4119230508804321 4.500006675720215
    vertex 55.020774841308594 1.5185874700546265 4.629415988922119
  endloop
endfacet
facet normal 0.0 0.0 0.0
  outer loop
    vertex 55.020774841308594 1.5185874700546265 4.629415988922119
    vertex 55.013343811035156 1.4119230508804321 4.500006675720215
    vertex 54.828880310058594 2.813100576400757 4.500006675720215
  endloop
endfacet
facet normal 0.0 0.0 0.0
  outer loop
    vertex 55.020774841308594 1.5185874700546265 4.629415988922119
    vertex 54.828880310058594 2.813100576400757 4.500006675720215
    vertex 54.80762481689453 3.023829698562622 4.629415988922119
  endloop
endfacet
facet normal 0.0 0.0 0.0
  outer loop
    vertex 54.855712890625 4.279285907745361 4.974966049194336
    vertex 54.908485412597656 4.2848944664001465 4.989109992980957
    vertex 54.805450439453125 4.268553256988525 4.9548821449279785
  endloop
endfacet
facet normal 0.0 0.0 0.0
  outer loop
    vertex 54.805450439453125 4.268553256988525 4.9548821449279785
    vertex 54.908485412597656 4.2848944664001465 4.989109992980957
    vertex 55.15497589111328 3.0897531509399414 4.982969760894775
  endloop
endfacet
facet normal 0.0 0.0 0.0
  outer loop
    vertex 54.805450439453125 4.268553256988525 4.9548821449279785
    vertex 55.15497589111328 3.0897531509399414 4.982969760894775
    vertex 55.0364990234375 3.067267894744873 4.933019161224365
  endloop
endfacet
facet normal 0.0 0.0 0.0
  outer loop
    vertex 55.0364990234375 3.067267894744873 4.933019161224365
    vertex 55.15497589111328 3.0897531509399414 4.982969760894775
    vertex 55.252708435058594 1.5404025316238403 4.933019161224365
  endloop
endfacet
facet normal 0.0 0.0 0.0
  outer loop
    vertex 54.908485412597656 4.2848944664001465 4.989109992980957
    vertex 54.963104248046875 4.284791946411133 4.997391700744629
    vertex 55.15497589111328 3.0897531509399414 4.982969760894775
  endloop
endfacet
facet normal 0.0 0.0 0.0
  outer loop
    vertex 55.15497589111328 3.0897531509399414 4.982969760894775
    vertex 54.963104248046875 4.284791946411133 4.997391700744629
    vertex 55.32647705078125 2.870311975479126 5.000006675720215
  endloop
endfacet
facet normal 0.0 0.0 0.0
  outer loop
    vertex 55.15497589111328 3.0897531509399414 4.982969760894775
    vertex 55.32647705078125 2.870311975479126 5.000006675720215
    vertex 55.372772216796875 1.5516947507858276 4.982969760894775
  endloop
endfacet
facet normal 0.0 0.0 0.0
  outer loop
    vertex 55.372772216796875 1.5516947507858276 4.982969760894775
    vertex 55.32647705078125 2.870311975479126 5.000006675720215
    vertex 55.51274871826172 1.4405251741409302 5.000006675720215
  endloop
endfacet
facet normal 0.0 0.0 0.0
  outer loop
    vertex 55.372772216796875 1.5516947507858276 4.982969760894775
    vertex 55.51274871826172 1.4405251741409302 5.000006675720215
    vertex 55.445579528808594 -1.3918011284897195e-15 4.982969760894775
  endloop
endfacet
facet normal 0.0 0.0 0.0
  outer loop
    vertex 55.445579528808594 -1.3918011284897195e-15 4.982969760894775
    vertex 55.51274871826172 1.4405251741409302 5.000006675720215
    vertex 55.574989318847656 9.246826394859742e-13 5.000006675720215
  endloop
endfacet
facet normal 0.0 0.0 0.0
  outer loop
    vertex 55.445579528808594 -1.3918011284897195e-15 4.982969760894775
    vertex 55.574989318847656 9.246826394859742e-13 5.000006675720215
    vertex 55.51274871826172 -1.4405251741409302 5.000006675720215
  endloop
endfacet
facet normal 0.0 0.0 0.0
  outer loop
    vertex 54.963104248046875 4.284791946411133 4.997391700744629
    vertex 55.01757049560547 4.278702259063721 5.000006675720215
    vertex 55.32647705078125 2.870311975479126 5.000006675720215
  endloop
endfacet
facet normal 0.0 0.0 0.0
  outer loop
    vertex 55.445579528808594 -1.3918011284897195e-15 4.982969760894775
    vertex 55.51274871826172 -1.4405251741409302 5.000006675720215
    vertex 55.372772216796875 -1.5516947507858276 4.982969760894775
  endloop
endfacet
facet normal 0.0 0.0 0.0
  outer loop
    vertex 55.372772216796875 -1.5516947507858276 4.982969760894775
    vertex 55.51274871826172 -1.4405251741409302 5.000006675720215
    vertex 55.32647705078125 -2.870311975479126 5.000006675720215
  endloop
endfacet
facet normal 0.0 0.0 0.0
  outer loop
    vertex 55.372772216796875 -1.5516947507858276 4.982969760894775
    vertex 55.32647705078125 -2.870311975479126 5.000006675720215
    vertex 55.15497589111328 -3.0897531509399414 4.982969760894775
  endloop
endfacet
facet normal 0.0 0.0 0.0
  outer loop
    vertex 55.324989318847656 -1.3770331090543408e-15 4.933019161224365
    vertex 55.445579528808594 -1.3918011284897195e-15 4.982969760894775
    vertex 55.252708435058594 -1.5404025316238403 4.933019161224365
  endloop
endfacet
facet normal 0.0 0.0 0.0
  outer loop
    vertex 55.252708435058594 -1.5404025316238403 4.933019161224365
    vertex 55.445579528808594 -1.3918011284897195e-15 4.982969760894775
    vertex 55.372772216796875 -1.5516947507858276 4.982969760894775
  endloop
endfacet
facet normal 0.0 0.0 0.0
  outer loop
    vertex 55.252708435058594 -1.5404025316238403 4.933019161224365
    vertex 55.372772216796875 -1.5516947507858276 4.982969760894775
    vertex 55.0364990234375 -3.067267894744873 4.933019161224365
  endloop
endfacet
facet normal 0.0 0.0 0.0
  outer loop
    vertex 55.0364990234375 -3.067267894744873 4.933019161224365
    vertex 55.372772216796875 -1.5516947507858276 4.982969760894775
    vertex 55.15497589111328 -3.0897531509399414 4.982969760894775
  endloop
endfacet
facet normal 0.0 0.0 0.0
  outer loop
    vertex 55.445579528808594 -1.3918011284897195e-15 4.982969760894775
    vertex 55.324989318847656 -1.3770331090543408e-15 4.933019161224365
    vertex 55.372772216796875 1.5516947507858276 4.982969760894775
  endloop
endfacet
facet normal 0.0 0.0 0.0
  outer loop
    vertex 55.372772216796875 1.5516947507858276 4.982969760894775
    vertex 55.324989318847656 -1.3770331090543408e-15 4.933019161224365
    vertex 55.252708435058594 1.5404025316238403 4.933019161224365
  endloop
endfacet
facet normal 0.0 0.0 0.0
  outer loop
    vertex 55.372772216796875 1.5516947507858276 4.982969760894775
    vertex 55.252708435058594 1.5404025316238403 4.933019161224365
    vertex 55.15497589111328 3.0897531509399414 4.982969760894775
  endloop
endfacet
facet normal 0.0 0.0 0.0
  outer loop
    vertex 55.01757049560547 -4.278702259063721 5.000006675720215
    vertex 55.32647705078125 -2.870311975479126 5.000006675720215
    vertex 55.12993621826172 -4.2459635734558105 5.000006675720215
  endloop
endfacet
facet normal 0.0 0.0 0.0
  outer loop
    vertex 55.12993621826172 -4.2459635734558105 5.000006675720215
    vertex 55.32647705078125 -2.870311975479126 5.000006675720215
    vertex 55.23162078857422 -4.187998294830322 5.000006675720215
  endloop
endfacet
facet normal 0.0 0.0 0.0
  outer loop
    vertex 55.23162078857422 -4.187998294830322 5.000006675720215
    vertex 55.32647705078125 -2.870311975479126 5.000006675720215
    vertex 55.317039489746094 -4.107982635498047 5.000006675720215
  endloop
endfacet
facet normal 0.0 0.0 0.0
  outer loop
    vertex 55.317039489746094 -4.107982635498047 5.000006675720215
    vertex 55.32647705078125 -2.870311975479126 5.000006675720215
    vertex 55.38151550292969 -4.010300636291504 5.000006675720215
  endloop
endfacet
facet normal 0.0 0.0 0.0
  outer loop
    vertex 55.38151550292969 -4.010300636291504 5.000006675720215
    vertex 55.32647705078125 -2.870311975479126 5.000006675720215
    vertex 55.42152404785156 -3.9003050327301025 5.000006675720215
  endloop
endfacet
facet normal 0.0 0.0 0.0
  outer loop
    vertex 55.42152404785156 -3.9003050327301025 5.000006675720215
    vertex 55.32647705078125 -2.870311975479126 5.000006675720215
    vertex 55.711273193359375 -2.353630781173706 5.000006675720215
  endloop
endfacet
facet normal 0.0 0.0 0.0
  outer loop
    vertex 55.711273193359375 -2.353630781173706 5.000006675720215
    vertex 55.32647705078125 -2.870311975479126 5.000006675720215
    vertex 55.51274871826172 -1.4405251741409302 5.000006675720215
  endloop
endfacet
facet normal 0.0 0.0 0.0
  outer loop
    vertex 55.711273193359375 -2.353630781173706 5.000006675720215
    vertex 55.51274871826172 -1.4405251741409302 5.000006675720215
    vertex 55.856773376464844 -0.786790668964386 5.000006675720215
  endloop
endfacet
facet normal 0.0 0.0 0.0
  outer loop
    vertex 55.856773376464844 -0.786790668964386 5.000006675720215
    vertex 55.51274871826172 -1.4405251741409302 5.000006675720215
    vertex 55.574989318847656 9.246826394859742e-13 5.000006675720215
  endloop
endfacet
facet normal 0.0 0.0 0.0
  outer loop
    vertex 55.856773376464844 -0.786790668964386 5.000006675720215
    vertex 55.574989318847656 9.246826394859742e-13 5.000006675720215
    vertex 55.856773376464844 0.786790668964386 5.000006675720215
  endloop
endfacet
facet normal 0.0 0.0 0.0
  outer loop
    vertex 55.856773376464844 0.786790668964386 5.000006675720215
    vertex 55.574989318847656 9.246826394859742e-13 5.000006675720215
    vertex 55.51274871826172 1.4405251741409302 5.000006675720215
  endloop
endfacet
facet normal 0.0 0.0 0.0
  outer loop
    vertex 55.856773376464844 0.786790668964386 5.000006675720215
    vertex 55.51274871826172 1.4405251741409302 5.000006675720215
    vertex 55.711273193359375 2.353630781173706 5.000006675720215
  endloop
endfacet
facet normal 0.0 0.0 0.0
  outer loop
    vertex 55.711273193359375 2.353630781173706 5.000006675720215
    vertex 55.51274871826172 1.4405251741409302 5.000006675720215
    vertex 55.32647705078125 2.870311975479126 5.000006675720215
  endloop
endfacet
facet normal 0.0 0.0 0.0
  outer loop
    vertex 55.711273193359375 2.353630781173706 5.000006675720215
    vertex 55.32647705078125 2.870311975479126 5.000006675720215
    vertex 55.42152404785156 3.9003050327301025 5.000006675720215
  endloop
endfacet
facet normal 0.0 0.0 0.0
  outer loop
    vertex 55.42152404785156 3.9003050327301025 5.000006675720215
    vertex 55.32647705078125 2.870311975479126 5.000006675720215
    vertex 55.38151550292969 4.010300636291504 5.000006675720215
  endloop
endfacet
facet normal 0.0 0.0 0.0
  outer loop
    vertex 55.38151550292969 4.010300636291504 5.000006675720215
    vertex 55.32647705078125 2.870311975479126 5.000006675720215
    vertex 55.317039489746094 4.107982635498047 5.000006675720215
  endloop
endfacet
facet normal 0.0 0.0 0.0
  outer loop
    vertex 55.317039489746094 4.107982635498047 5.000006675720215
    vertex 55.32647705078125 2.870311975479126 5.000006675720215
    vertex 55.23162078857422 4.187998294830322 5.000006675720215
  endloop
endfacet
facet normal 0.0 0.0 0.0
  outer loop
    vertex 55.23162078857422 4.187998294830322 5.000006675720215
    vertex 55.32647705078125 2.870311975479126 5.000006675720215
    vertex 55.12993621826172 4.2459635734558105 5.000006675720215
  endloop
endfacet
facet normal 0.0 0.0 0.0
  outer loop
    vertex 55.12993621826172 4.2459635734558105 5.000006675720215
    vertex 55.32647705078125 2.870311975479126 5.000006675720215
    vertex 55.01757049560547 4.278702259063721 5.000006675720215
  endloop
endfacet
facet normal 0.0 0.0 0.0
  outer loop
    vertex 55.4207763671875 -3.903425455093384 5.503167629241943
    vertex 55.42152404785156 -3.9003050327301025 5.500006675720215
    vertex 55.56011962890625 -3.1666440963745117 5.629415988922119
  endloop
endfacet
facet normal 0.0 0.0 0.0
  outer loop
    vertex 55.56011962890625 -3.1666440963745117 5.629415988922119
    vertex 55.42152404785156 -3.9003050327301025 5.500006675720215
    vertex 55.711273193359375 -2.353630781173706 5.500006675720215
  endloop
endfacet
facet normal 0.0 0.0 0.0
  outer loop
    vertex 55.56011962890625 -3.1666440963745117 5.629415988922119
    vertex 55.711273193359375 -2.353630781173706 5.500006675720215
    vertex 55.78333282470703 -1.590309977531433 5.629415988922119
  endloop
endfacet
facet normal 0.0 0.0 0.0
  outer loop
    vertex 55.78333282470703 -1.590309977531433 5.629415988922119
    vertex 55.711273193359375 -2.353630781173706 5.500006675720215
    vertex 55.856773376464844 -0.786790668964386 5.500006675720215
  endloop
endfacet
facet normal 0.0 0.0 0.0
  outer loop
    vertex 55.78333282470703 -1.590309977531433 5.629415988922119
    vertex 55.856773376464844 -0.786790668964386 5.500006675720215
    vertex 55.85795593261719 -5.397471816823325e-15 5.629415988922119
  endloop
endfacet
facet normal 0.0 0.0 0.0
  outer loop
    vertex 55.85795593261719 -5.397471816823325e-15 5.629415988922119
    vertex 55.856773376464844 -0.786790668964386 5.500006675720215
    vertex 55.856773376464844 0.786790668964386 5.500006675720215
  endloop
endfacet
facet normal 0.0 0.0 0.0
  outer loop
    vertex 55.85795593261719 -5.397471816823325e-15 5.629415988922119
    vertex 55.856773376464844 0.786790668964386 5.500006675720215
    vertex 55.78333282470703 1.590309977531433 5.629415988922119
  endloop
endfacet
facet normal 0.0 0.0 0.0
  outer loop
    vertex 55.78333282470703 1.590309977531433 5.629415988922119
    vertex 55.856773376464844 0.786790668964386 5.500006675720215
    vertex 55.711273193359375 2.353630781173706 5.500006675720215
  endloop
endfacet
facet normal 0.0 0.0 0.0
  outer loop
    vertex 55.78333282470703 1.590309977531433 5.629415988922119
    vertex 55.711273193359375 2.353630781173706 5.500006675720215
    vertex 55.56011962890625 3.1666440963745117 5.629415988922119
  endloop
endfacet
facet normal 0.0 0.0 0.0
  outer loop
    vertex 55.56011962890625 3.1666440963745117 5.629415988922119
    vertex 55.711273193359375 2.353630781173706 5.500006675720215
    vertex 55.42152404785156 3.9003050327301025 5.500006675720215
  endloop
endfacet
facet normal 0.0 0.0 0.0
  outer loop
    vertex 55.56011962890625 3.1666440963745117 5.629415988922119
    vertex 55.42152404785156 3.9003050327301025 5.500006675720215
    vertex 55.4207763671875 3.903425455093384 5.503167629241943
  endloop
endfacet
facet normal 0.0 0.0 0.0
  outer loop
    vertex 55.4207763671875 3.903425455093384 5.503167629241943
    vertex 55.35198974609375 4.061270236968994 5.670224666595459
    vertex 55.56011962890625 3.1666440963745117 5.629415988922119
  endloop
endfacet
facet normal 0.0 0.0 0.0
  outer loop
    vertex 55.56011962890625 3.1666440963745117 5.629415988922119
    vertex 55.35198974609375 4.061270236968994 5.670224666595459
    vertex 55.51103973388672 3.1573305130004883 5.750006675720215
  endloop
endfacet
facet normal 0.0 0.0 0.0
  outer loop
    vertex 55.56011962890625 3.1666440963745117 5.629415988922119
    vertex 55.51103973388672 3.1573305130004883 5.750006675720215
    vertex 55.78333282470703 1.590309977531433 5.629415988922119
  endloop
endfacet
facet normal 0.0 0.0 0.0
  outer loop
    vertex 55.78333282470703 1.590309977531433 5.629415988922119
    vertex 55.51103973388672 3.1573305130004883 5.750006675720215
    vertex 55.733604431152344 1.585632562637329 5.750006675720215
  endloop
endfacet
facet normal 0.0 0.0 0.0
  outer loop
    vertex 55.78333282470703 1.590309977531433 5.629415988922119
    vertex 55.733604431152344 1.585632562637329 5.750006675720215
    vertex 55.85795593261719 -5.397471816823325e-15 5.629415988922119
  endloop
endfacet
facet normal 0.0 0.0 0.0
  outer loop
    vertex 55.85795593261719 -5.397471816823325e-15 5.629415988922119
    vertex 55.733604431152344 1.585632562637329 5.750006675720215
    vertex 55.808006286621094 -5.391354544878255e-15 5.750006675720215
  endloop
endfacet
facet normal 0.0 0.0 0.0
  outer loop
    vertex 55.85795593261719 -5.397471816823325e-15 5.629415988922119
    vertex 55.808006286621094 -5.391354544878255e-15 5.750006675720215
    vertex 55.78333282470703 -1.590309977531433 5.629415988922119
  endloop
endfacet
facet normal 0.0 0.0 0.0
  outer loop
    vertex 55.78333282470703 -1.590309977531433 5.629415988922119
    vertex 55.808006286621094 -5.391354544878255e-15 5.750006675720215
    vertex 55.733604431152344 -1.585632562637329 5.750006675720215
  endloop
endfacet
facet normal 0.0 0.0 0.0
  outer loop
    vertex 55.78333282470703 -1.590309977531433 5.629415988922119
    vertex 55.733604431152344 -1.585632562637329 5.750006675720215
    vertex 55.56011962890625 -3.1666440963745117 5.629415988922119
  endloop
endfacet
facet normal 0.0 0.0 0.0
  outer loop
    vertex 55.56011962890625 -3.1666440963745117 5.629415988922119
    vertex 55.733604431152344 -1.585632562637329 5.750006675720215
    vertex 55.51103973388672 -3.1573305130004883 5.750006675720215
  endloop
endfacet
facet normal 0.0 0.0 0.0
  outer loop
    vertex 55.56011962890625 -3.1666440963745117 5.629415988922119
    vertex 55.51103973388672 -3.1573305130004883 5.750006675720215
    vertex 55.35198974609375 -4.061270236968994 5.670224666595459
  endloop
endfacet
facet normal 0.0 0.0 0.0
  outer loop
    vertex 55.35198974609375 -4.061270236968994 5.670224666595459
    vertex 55.51103973388672 -3.1573305130004883 5.750006675720215
    vertex 55.296119689941406 -4.131265163421631 5.750322341918945
  endloop
endfacet
facet normal 0.0 0.0 0.0
  outer loop
    vertex 55.296119689941406 -4.131265163421631 5.750322341918945
    vertex 55.51103973388672 -3.1573305130004883 5.750006675720215
    vertex 55.225608825683594 -4.1923627853393555 5.8255157470703125
  endloop
endfacet
facet normal 0.0 0.0 0.0
  outer loop
    vertex 55.225608825683594 -4.1923627853393555 5.8255157470703125
    vertex 55.51103973388672 -3.1573305130004883 5.750006675720215
    vertex 55.43297576904297 -3.14251446723938 5.853559970855713
  endloop
endfacet
facet normal 0.0 0.0 0.0
  outer loop
    vertex 55.225608825683594 -4.1923627853393555 5.8255157470703125
    vertex 55.43297576904297 -3.14251446723938 5.853559970855713
    vertex 55.140037536621094 -4.241558074951172 5.893102645874023
  endloop
endfacet
facet normal 0.0 0.0 0.0
  outer loop
    vertex 55.140037536621094 -4.241558074951172 5.893102645874023
    vertex 55.43297576904297 -3.14251446723938 5.853559970855713
    vertex 55.33123779296875 -3.1232059001922607 5.933019161224365
  endloop
endfacet
facet normal 0.0 0.0 0.0
  outer loop
    vertex 55.140037536621094 -4.241558074951172 5.893102645874023
    vertex 55.33123779296875 -3.1232059001922607 5.933019161224365
    vertex 55.040138244628906 -4.2743821144104 5.948657989501953
  endloop
endfacet
facet normal 0.0 0.0 0.0
  outer loop
    vertex 55.040138244628906 -4.2743821144104 5.948657989501953
    vertex 55.33123779296875 -3.1232059001922607 5.933019161224365
    vertex 55.21276092529297 -3.1007206439971924 5.982969284057617
  endloop
endfacet
facet normal 0.0 0.0 0.0
  outer loop
    vertex 55.040138244628906 -4.2743821144104 5.948657989501953
    vertex 55.21276092529297 -3.1007206439971924 5.982969284057617
    vertex 54.985572814941406 -4.283013343811035 5.970155715942383
  endloop
endfacet
facet normal 0.0 0.0 0.0
  outer loop
    vertex 54.985572814941406 -4.283013343811035 5.970155715942383
    vertex 55.21276092529297 -3.1007206439971924 5.982969284057617
    vertex 54.92857360839844 -4.285550594329834 5.986422538757324
  endloop
endfacet
facet normal 0.0 0.0 0.0
  outer loop
    vertex 54.92857360839844 -4.285550594329834 5.986422538757324
    vertex 55.21276092529297 -3.1007206439971924 5.982969284057617
    vertex 54.87067413330078 -4.281453609466553 5.996541976928711
  endloop
endfacet
facet normal 0.0 0.0 0.0
  outer loop
    vertex 54.87067413330078 -4.281453609466553 5.996541976928711
    vertex 55.21276092529297 -3.1007206439971924 5.982969284057617
    vertex 55.12432861328125 -2.865157127380371 6.000006198883057
  endloop
endfacet
facet normal 0.0 0.0 0.0
  outer loop
    vertex 54.87067413330078 -4.281453609466553 5.996541976928711
    vertex 55.12432861328125 -2.865157127380371 6.000006198883057
    vertex 54.812782287597656 -4.270458698272705 6.000006198883057
  endloop
endfacet
facet normal 0.0 0.0 0.0
  outer loop
    vertex 55.35198974609375 4.061270236968994 5.670224666595459
    vertex 55.296119689941406 4.131265163421631 5.750322341918945
    vertex 55.51103973388672 3.1573305130004883 5.750006675720215
  endloop
endfacet
facet normal 0.0 0.0 0.0
  outer loop
    vertex 55.51103973388672 3.1573305130004883 5.750006675720215
    vertex 55.296119689941406 4.131265163421631 5.750322341918945
    vertex 55.225608825683594 4.1923627853393555 5.8255157470703125
  endloop
endfacet
facet normal 0.0 0.0 0.0
  outer loop
    vertex 55.51103973388672 3.1573305130004883 5.750006675720215
    vertex 55.225608825683594 4.1923627853393555 5.8255157470703125
    vertex 55.43297576904297 3.14251446723938 5.853559970855713
  endloop
endfacet
facet normal 0.0 0.0 0.0
  outer loop
    vertex 55.43297576904297 3.14251446723938 5.853559970855713
    vertex 55.225608825683594 4.1923627853393555 5.8255157470703125
    vertex 55.140037536621094 4.241558074951172 5.893102645874023
  endloop
endfacet
facet normal 0.0 0.0 0.0
  outer loop
    vertex 55.43297576904297 3.14251446723938 5.853559970855713
    vertex 55.140037536621094 4.241558074951172 5.893102645874023
    vertex 55.33123779296875 3.1232059001922607 5.933019161224365
  endloop
endfacet
facet normal 0.0 0.0 0.0
  outer loop
    vertex 55.33123779296875 3.1232059001922607 5.933019161224365
    vertex 55.140037536621094 4.241558074951172 5.893102645874023
    vertex 55.040138244628906 4.2743821144104 5.948657989501953
  endloop
endfacet
facet normal 0.0 0.0 0.0
  outer loop
    vertex 55.33123779296875 3.1232059001922607 5.933019161224365
    vertex 55.040138244628906 4.2743821144104 5.948657989501953
    vertex 55.21276092529297 3.1007206439971924 5.982969284057617
  endloop
endfacet
facet normal 0.0 0.0 0.0
  outer loop
    vertex 55.21276092529297 3.1007206439971924 5.982969284057617
    vertex 55.040138244628906 4.2743821144104 5.948657989501953
    vertex 54.92857360839844 4.285550594329834 5.986422538757324
  endloop
endfacet
facet normal 0.0 0.0 0.0
  outer loop
    vertex 55.21276092529297 3.1007206439971924 5.982969284057617
    vertex 54.92857360839844 4.285550594329834 5.986422538757324
    vertex 54.87067413330078 4.281453609466553 5.996541976928711
  endloop
endfacet
facet normal 0.0 0.0 0.0
  outer loop
    vertex 55.040138244628906 4.2743821144104 5.948657989501953
    vertex 54.985572814941406 4.283013343811035 5.970155715942383
    vertex 54.92857360839844 4.285550594329834 5.986422538757324
  endloop
endfacet
facet normal 0.0 0.0 0.0
  outer loop
    vertex 54.812782287597656 4.270458698272705 6.000006198883057
    vertex 55.12432861328125 2.865157127380371 6.000006198883057
    vertex 54.87067413330078 4.281453609466553 5.996541976928711
  endloop
endfacet
facet normal 0.0 0.0 0.0
  outer loop
    vertex 54.87067413330078 4.281453609466553 5.996541976928711
    vertex 55.12432861328125 2.865157127380371 6.000006198883057
    vertex 55.21276092529297 3.1007206439971924 5.982969284057617
  endloop
endfacet
facet normal 0.0 0.0 0.0
  outer loop
    vertex 55.21276092529297 3.1007206439971924 5.982969284057617
    vertex 55.12432861328125 2.865157127380371 6.000006198883057
    vertex 55.43133544921875 1.557202696800232 5.982969760894775
  endloop
endfacet
facet normal 0.0 0.0 0.0
  outer loop
    vertex 55.43133544921875 1.557202696800232 5.982969760894775
    vertex 55.12432861328125 2.865157127380371 6.000006198883057
    vertex 55.31221008300781 1.4380507469177246 6.000006675720215
  endloop
endfacet
facet normal 0.0 0.0 0.0
  outer loop
    vertex 55.43133544921875 1.557202696800232 5.982969760894775
    vertex 55.31221008300781 1.4380507469177246 6.000006675720215
    vertex 55.50440216064453 -5.354174033658527e-15 5.982969760894775
  endloop
endfacet
facet normal 0.0 0.0 0.0
  outer loop
    vertex 55.50440216064453 -5.354174033658527e-15 5.982969760894775
    vertex 55.31221008300781 1.4380507469177246 6.000006675720215
    vertex 55.37499237060547 9.151899073647773e-13 6.000006675720215
  endloop
endfacet
facet normal 0.0 0.0 0.0
  outer loop
    vertex 55.50440216064453 -5.354174033658527e-15 5.982969760894775
    vertex 55.37499237060547 9.151899073647773e-13 6.000006675720215
    vertex 55.31221008300781 -1.4380507469177246 6.000006675720215
  endloop
endfacet
facet normal 0.0 0.0 0.0
  outer loop
    vertex 55.50440216064453 -5.354174033658527e-15 5.982969760894775
    vertex 55.31221008300781 -1.4380507469177246 6.000006675720215
    vertex 55.43133544921875 -1.557202696800232 5.982969760894775
  endloop
endfacet
facet normal 0.0 0.0 0.0
  outer loop
    vertex 55.43133544921875 -1.557202696800232 5.982969760894775
    vertex 55.31221008300781 -1.4380507469177246 6.000006675720215
    vertex 55.12432861328125 -2.865157127380371 6.000006198883057
  endloop
endfacet
facet normal 0.0 0.0 0.0
  outer loop
    vertex 55.43133544921875 -1.557202696800232 5.982969760894775
    vertex 55.12432861328125 -2.865157127380371 6.000006198883057
    vertex 55.21276092529297 -3.1007206439971924 5.982969284057617
  endloop
endfacet
facet normal 0.0 0.0 0.0
  outer loop
    vertex 55.35198974609375 -4.061270236968994 5.670224666595459
    vertex 55.4207763671875 -3.903425455093384 5.503167629241943
    vertex 55.56011962890625 -3.1666440963745117 5.629415988922119
  endloop
endfacet
facet normal 0.0 0.0 0.0
  outer loop
    vertex 55.808006286621094 -5.391354544878255e-15 5.750006675720215
    vertex 55.728546142578125 -5.381623830380197e-15 5.853559970855713
    vertex 55.733604431152344 -1.585632562637329 5.750006675720215
  endloop
endfacet
facet normal 0.0 0.0 0.0
  outer loop
    vertex 55.733604431152344 -1.585632562637329 5.750006675720215
    vertex 55.728546142578125 -5.381623830380197e-15 5.853559970855713
    vertex 55.65448760986328 -1.578191876411438 5.853559970855713
  endloop
endfacet
facet normal 0.0 0.0 0.0
  outer loop
    vertex 55.733604431152344 -1.585632562637329 5.750006675720215
    vertex 55.65448760986328 -1.578191876411438 5.853559970855713
    vertex 55.51103973388672 -3.1573305130004883 5.750006675720215
  endloop
endfacet
facet normal 0.0 0.0 0.0
  outer loop
    vertex 55.51103973388672 -3.1573305130004883 5.750006675720215
    vertex 55.65448760986328 -1.578191876411438 5.853559970855713
    vertex 55.43297576904297 -3.14251446723938 5.853559970855713
  endloop
endfacet
facet normal 0.0 0.0 0.0
  outer loop
    vertex 55.728546142578125 -5.381623830380197e-15 5.853559970855713
    vertex 55.62499237060547 -5.368942053093906e-15 5.933019161224365
    vertex 55.65448760986328 -1.578191876411438 5.853559970855713
  endloop
endfacet
facet normal 0.0 0.0 0.0
  outer loop
    vertex 55.65448760986328 -1.578191876411438 5.853559970855713
    vertex 55.62499237060547 -5.368942053093906e-15 5.933019161224365
    vertex 55.5513916015625 -1.5684949159622192 5.933019161224365
  endloop
endfacet
facet normal 0.0 0.0 0.0
  outer loop
    vertex 55.65448760986328 -1.578191876411438 5.853559970855713
    vertex 55.5513916015625 -1.5684949159622192 5.933019161224365
    vertex 55.43297576904297 -3.14251446723938 5.853559970855713
  endloop
endfacet
facet normal 0.0 0.0 0.0
  outer loop
    vertex 55.43297576904297 -3.14251446723938 5.853559970855713
    vertex 55.5513916015625 -1.5684949159622192 5.933019161224365
    vertex 55.33123779296875 -3.1232059001922607 5.933019161224365
  endloop
endfacet
facet normal 0.0 0.0 0.0
  outer loop
    vertex 55.728546142578125 -5.381623830380197e-15 5.853559970855713
    vertex 55.808006286621094 -5.391354544878255e-15 5.750006675720215
    vertex 55.65448760986328 1.578191876411438 5.853559970855713
  endloop
endfacet
facet normal 0.0 0.0 0.0
  outer loop
    vertex 55.65448760986328 1.578191876411438 5.853559970855713
    vertex 55.808006286621094 -5.391354544878255e-15 5.750006675720215
    vertex 55.733604431152344 1.585632562637329 5.750006675720215
  endloop
endfacet
facet normal 0.0 0.0 0.0
  outer loop
    vertex 55.65448760986328 1.578191876411438 5.853559970855713
    vertex 55.733604431152344 1.585632562637329 5.750006675720215
    vertex 55.43297576904297 3.14251446723938 5.853559970855713
  endloop
endfacet
facet normal 0.0 0.0 0.0
  outer loop
    vertex 55.43297576904297 3.14251446723938 5.853559970855713
    vertex 55.733604431152344 1.585632562637329 5.750006675720215
    vertex 55.51103973388672 3.1573305130004883 5.750006675720215
  endloop
endfacet
facet normal 0.0 0.0 0.0
  outer loop
    vertex 55.62499237060547 -5.368942053093906e-15 5.933019161224365
    vertex 55.50440216064453 -5.354174033658527e-15 5.982969760894775
    vertex 55.5513916015625 -1.5684949159622192 5.933019161224365
  endloop
endfacet
facet normal 0.0 0.0 0.0
  outer loop
    vertex 55.5513916015625 -1.5684949159622192 5.933019161224365
    vertex 55.50440216064453 -5.354174033658527e-15 5.982969760894775
    vertex 55.43133544921875 -1.557202696800232 5.982969760894775
  endloop
endfacet
facet normal 0.0 0.0 0.0
  outer loop
    vertex 55.5513916015625 -1.5684949159622192 5.933019161224365
    vertex 55.43133544921875 -1.557202696800232 5.982969760894775
    vertex 55.33123779296875 -3.1232059001922607 5.933019161224365
  endloop
endfacet
facet normal 0.0 0.0 0.0
  outer loop
    vertex 55.33123779296875 -3.1232059001922607 5.933019161224365
    vertex 55.43133544921875 -1.557202696800232 5.982969760894775
    vertex 55.21276092529297 -3.1007206439971924 5.982969284057617
  endloop
endfacet
facet normal 0.0 0.0 0.0
  outer loop
    vertex 55.62499237060547 -5.368942053093906e-15 5.933019161224365
    vertex 55.728546142578125 -5.381623830380197e-15 5.853559970855713
    vertex 55.5513916015625 1.5684949159622192 5.933019161224365
  endloop
endfacet
facet normal 0.0 0.0 0.0
  outer loop
    vertex 55.5513916015625 1.5684949159622192 5.933019161224365
    vertex 55.728546142578125 -5.381623830380197e-15 5.853559970855713
    vertex 55.65448760986328 1.578191876411438 5.853559970855713
  endloop
endfacet
facet normal 0.0 0.0 0.0
  outer loop
    vertex 55.5513916015625 1.5684949159622192 5.933019161224365
    vertex 55.65448760986328 1.578191876411438 5.853559970855713
    vertex 55.33123779296875 3.1232059001922607 5.933019161224365
  endloop
endfacet
facet normal 0.0 0.0 0.0
  outer loop
    vertex 55.33123779296875 3.1232059001922607 5.933019161224365
    vertex 55.65448760986328 1.578191876411438 5.853559970855713
    vertex 55.43297576904297 3.14251446723938 5.853559970855713
  endloop
endfacet
facet normal 0.0 0.0 0.0
  outer loop
    vertex 55.50440216064453 -5.354174033658527e-15 5.982969760894775
    vertex 55.62499237060547 -5.368942053093906e-15 5.933019161224365
    vertex 55.43133544921875 1.557202696800232 5.982969760894775
  endloop
endfacet
facet normal 0.0 0.0 0.0
  outer loop
    vertex 55.43133544921875 1.557202696800232 5.982969760894775
    vertex 55.62499237060547 -5.368942053093906e-15 5.933019161224365
    vertex 55.5513916015625 1.5684949159622192 5.933019161224365
  endloop
endfacet
facet normal 0.0 0.0 0.0
  outer loop
    vertex 55.43133544921875 1.557202696800232 5.982969760894775
    vertex 55.5513916015625 1.5684949159622192 5.933019161224365
    vertex 55.21276092529297 3.1007206439971924 5.982969284057617
  endloop
endfacet
facet normal 0.0 0.0 0.0
  outer loop
    vertex 55.21276092529297 3.1007206439971924 5.982969284057617
    vertex 55.5513916015625 1.5684949159622192 5.933019161224365
    vertex 55.33123779296875 3.1232059001922607 5.933019161224365
  endloop
endfacet
facet normal 0.0 0.0 0.0
  outer loop
    vertex 55.42152404785156 3.9003050327301025 5.500006675720215
    vertex 55.42152404785156 3.9003050327301025 5.000006675720215
    vertex 55.4207763671875 3.903425455093384 5.503167629241943
  endloop
endfacet
facet normal 0.0 0.0 0.0
  outer loop
    vertex 55.4207763671875 3.903425455093384 5.503167629241943
    vertex 55.42152404785156 3.9003050327301025 5.000006675720215
    vertex 55.38151550292969 4.010300636291504 5.000006675720215
  endloop
endfacet
facet normal 0.0 0.0 0.0
  outer loop
    vertex 55.4207763671875 3.903425455093384 5.503167629241943
    vertex 55.38151550292969 4.010300636291504 5.000006675720215
    vertex 55.35198974609375 4.061270236968994 5.670224666595459
  endloop
endfacet
facet normal 0.0 0.0 0.0
  outer loop
    vertex 55.35198974609375 4.061270236968994 5.670224666595459
    vertex 55.38151550292969 4.010300636291504 5.000006675720215
    vertex 55.317039489746094 4.107982635498047 5.000006675720215
  endloop
endfacet
facet normal 0.0 0.0 0.0
  outer loop
    vertex 55.35198974609375 4.061270236968994 5.670224666595459
    vertex 55.317039489746094 4.107982635498047 5.000006675720215
    vertex 55.296119689941406 4.131265163421631 5.750322341918945
  endloop
endfacet
facet normal 0.0 0.0 0.0
  outer loop
    vertex 55.296119689941406 4.131265163421631 5.750322341918945
    vertex 55.317039489746094 4.107982635498047 5.000006675720215
    vertex 55.23162078857422 4.187998294830322 5.000006675720215
  endloop
endfacet
facet normal 0.0 0.0 0.0
  outer loop
    vertex 55.296119689941406 4.131265163421631 5.750322341918945
    vertex 55.23162078857422 4.187998294830322 5.000006675720215
    vertex 55.225608825683594 4.1923627853393555 5.8255157470703125
  endloop
endfacet
facet normal 0.0 0.0 0.0
  outer loop
    vertex 55.225608825683594 4.1923627853393555 5.8255157470703125
    vertex 55.23162078857422 4.187998294830322 5.000006675720215
    vertex 55.12993621826172 4.2459635734558105 5.000006675720215
  endloop
endfacet
facet normal 0.0 0.0 0.0
  outer loop
    vertex 55.225608825683594 4.1923627853393555 5.8255157470703125
    vertex 55.12993621826172 4.2459635734558105 5.000006675720215
    vertex 55.140037536621094 4.241558074951172 5.893102645874023
  endloop
endfacet
facet normal 0.0 0.0 0.0
  outer loop
    vertex 55.140037536621094 4.241558074951172 5.893102645874023
    vertex 55.12993621826172 4.2459635734558105 5.000006675720215
    vertex 55.040138244628906 4.2743821144104 5.948657989501953
  endloop
endfacet
facet normal 0.0 0.0 0.0
  outer loop
    vertex 55.040138244628906 4.2743821144104 5.948657989501953
    vertex 55.12993621826172 4.2459635734558105 5.000006675720215
    vertex 55.01757049560547 4.278702259063721 5.000006675720215
  endloop
endfacet
facet normal 0.0 0.0 0.0
  outer loop
    vertex 55.040138244628906 4.2743821144104 5.948657989501953
    vertex 55.01757049560547 4.278702259063721 5.000006675720215
    vertex 54.985572814941406 4.283013343811035 5.970155715942383
  endloop
endfacet
facet normal 0.0 0.0 0.0
  outer loop
    vertex 54.985572814941406 4.283013343811035 5.970155715942383
    vertex 55.01757049560547 4.278702259063721 5.000006675720215
    vertex 54.963104248046875 4.284791946411133 4.997391700744629
  endloop
endfacet
facet normal 0.0 0.0 0.0
  outer loop
    vertex 54.985572814941406 4.283013343811035 5.970155715942383
    vertex 54.963104248046875 4.284791946411133 4.997391700744629
    vertex 54.92857360839844 4.285550594329834 5.986422538757324
  endloop
endfacet
facet normal 0.0 0.0 0.0
  outer loop
    vertex 54.92857360839844 4.285550594329834 5.986422538757324
    vertex 54.963104248046875 4.284791946411133 4.997391700744629
    vertex 54.908485412597656 4.2848944664001465 4.989109992980957
  endloop
endfacet
facet normal 0.0 0.0 0.0
  outer loop
    vertex 54.92857360839844 4.285550594329834 5.986422538757324
    vertex 54.908485412597656 4.2848944664001465 4.989109992980957
    vertex 54.87067413330078 4.281453609466553 5.996541976928711
  endloop
endfacet
facet normal 0.0 0.0 0.0
  outer loop
    vertex 54.87067413330078 4.281453609466553 5.996541976928711
    vertex 54.908485412597656 4.2848944664001465 4.989109992980957
    vertex 54.855712890625 4.279285907745361 4.974966049194336
  endloop
endfacet
facet normal 0.0 0.0 0.0
  outer loop
    vertex 54.87067413330078 4.281453609466553 5.996541976928711
    vertex 54.855712890625 4.279285907745361 4.974966049194336
    vertex 54.812782287597656 4.270458698272705 6.000006198883057
  endloop
endfacet
facet normal 0.0 0.0 0.0
  outer loop
    vertex 54.812782287597656 4.270458698272705 6.000006198883057
    vertex 54.855712890625 4.279285907745361 4.974966049194336
    vertex 54.805450439453125 4.268553256988525 4.9548821449279785
  endloop
endfacet
facet normal 0.0 0.0 0.0
  outer loop
    vertex 54.812782287597656 4.270458698272705 6.000006198883057
    vertex 54.805450439453125 4.268553256988525 4.9548821449279785
    vertex 54.810333251953125 4.269835948944092 6.000006198883057
  endloop
endfacet
facet normal 0.0 0.0 0.0
  outer loop
    vertex 54.810333251953125 4.269835948944092 6.000006198883057
    vertex 54.805450439453125 4.268553256988525 4.9548821449279785
    vertex 54.807891845703125 4.269200801849365 6.000006198883057
  endloop
endfacet
facet normal 0.0 0.0 0.0
  outer loop
    vertex 54.807891845703125 4.269200801849365 6.000006198883057
    vertex 54.805450439453125 4.268553256988525 4.9548821449279785
    vertex 54.805450439453125 4.268553256988525 6.000006198883057
  endloop
endfacet
facet normal 0.0 0.0 0.0
  outer loop
    vertex 54.805450439453125 -4.268553256988525 6.000006198883057
    vertex 54.805450439453125 -4.268553256988525 4.9548821449279785
    vertex 54.807891845703125 -4.269200801849365 6.000006198883057
  endloop
endfacet
facet normal 0.0 0.0 0.0
  outer loop
    vertex 54.807891845703125 -4.269200801849365 6.000006198883057
    vertex 54.805450439453125 -4.268553256988525 4.9548821449279785
    vertex 54.810333251953125 -4.269835948944092 6.000006198883057
  endloop
endfacet
facet normal 0.0 0.0 0.0
  outer loop
    vertex 54.810333251953125 -4.269835948944092 6.000006198883057
    vertex 54.805450439453125 -4.268553256988525 4.9548821449279785
    vertex 54.812782287597656 -4.270458698272705 6.000006198883057
  endloop
endfacet
facet normal 0.0 0.0 0.0
  outer loop
    vertex 54.812782287597656 -4.270458698272705 6.000006198883057
    vertex 54.805450439453125 -4.268553256988525 4.9548821449279785
    vertex 54.85545349121094 -4.279244899749756 4.974879741668701
  endloop
endfacet
facet normal 0.0 0.0 0.0
  outer loop
    vertex 54.812782287597656 -4.270458698272705 6.000006198883057
    vertex 54.85545349121094 -4.279244899749756 4.974879741668701
    vertex 54.87067413330078 -4.281453609466553 5.996541976928711
  endloop
endfacet
facet normal 0.0 0.0 0.0
  outer loop
    vertex 54.87067413330078 -4.281453609466553 5.996541976928711
    vertex 54.85545349121094 -4.279244899749756 4.974879741668701
    vertex 54.908470153808594 -4.284893035888672 4.989107131958008
  endloop
endfacet
facet normal 0.0 0.0 0.0
  outer loop
    vertex 54.87067413330078 -4.281453609466553 5.996541976928711
    vertex 54.908470153808594 -4.284893035888672 4.989107131958008
    vertex 54.92857360839844 -4.285550594329834 5.986422538757324
  endloop
endfacet
facet normal 0.0 0.0 0.0
  outer loop
    vertex 54.92857360839844 -4.285550594329834 5.986422538757324
    vertex 54.908470153808594 -4.284893035888672 4.989107131958008
    vertex 54.96271514892578 -4.28481388092041 4.9973530769348145
  endloop
endfacet
facet normal 0.0 0.0 0.0
  outer loop
    vertex 54.92857360839844 -4.285550594329834 5.986422538757324
    vertex 54.96271514892578 -4.28481388092041 4.9973530769348145
    vertex 54.985572814941406 -4.283013343811035 5.970155715942383
  endloop
endfacet
facet normal 0.0 0.0 0.0
  outer loop
    vertex 54.985572814941406 -4.283013343811035 5.970155715942383
    vertex 54.96271514892578 -4.28481388092041 4.9973530769348145
    vertex 55.01757049560547 -4.278702259063721 5.000006675720215
  endloop
endfacet
facet normal 0.0 0.0 0.0
  outer loop
    vertex 54.985572814941406 -4.283013343811035 5.970155715942383
    vertex 55.01757049560547 -4.278702259063721 5.000006675720215
    vertex 55.040138244628906 -4.2743821144104 5.948657989501953
  endloop
endfacet
facet normal 0.0 0.0 0.0
  outer loop
    vertex 55.040138244628906 -4.2743821144104 5.948657989501953
    vertex 55.01757049560547 -4.278702259063721 5.000006675720215
    vertex 55.12993621826172 -4.2459635734558105 5.000006675720215
  endloop
endfacet
facet normal 0.0 0.0 0.0
  outer loop
    vertex 55.040138244628906 -4.2743821144104 5.948657989501953
    vertex 55.12993621826172 -4.2459635734558105 5.000006675720215
    vertex 55.140037536621094 -4.241558074951172 5.893102645874023
  endloop
endfacet
facet normal 0.0 0.0 0.0
  outer loop
    vertex 55.140037536621094 -4.241558074951172 5.893102645874023
    vertex 55.12993621826172 -4.2459635734558105 5.000006675720215
    vertex 55.23162078857422 -4.187998294830322 5.000006675720215
  endloop
endfacet
facet normal 0.0 0.0 0.0
  outer loop
    vertex 55.140037536621094 -4.241558074951172 5.893102645874023
    vertex 55.23162078857422 -4.187998294830322 5.000006675720215
    vertex 55.225608825683594 -4.1923627853393555 5.8255157470703125
  endloop
endfacet
facet normal 0.0 0.0 0.0
  outer loop
    vertex 55.225608825683594 -4.1923627853393555 5.8255157470703125
    vertex 55.23162078857422 -4.187998294830322 5.000006675720215
    vertex 55.296119689941406 -4.131265163421631 5.750322341918945
  endloop
endfacet
facet normal 0.0 0.0 0.0
  outer loop
    vertex 55.296119689941406 -4.131265163421631 5.750322341918945
    vertex 55.23162078857422 -4.187998294830322 5.000006675720215
    vertex 55.317039489746094 -4.107982635498047 5.000006675720215
  endloop
endfacet
facet normal 0.0 0.0 0.0
  outer loop
    vertex 55.296119689941406 -4.131265163421631 5.750322341918945
    vertex 55.317039489746094 -4.107982635498047 5.000006675720215
    vertex 55.35198974609375 -4.061270236968994 5.670224666595459
  endloop
endfacet
facet normal 0.0 0.0 0.0
  outer loop
    vertex 55.35198974609375 -4.061270236968994 5.670224666595459
    vertex 55.317039489746094 -4.107982635498047 5.000006675720215
    vertex 55.38151550292969 -4.010300636291504 5.000006675720215
  endloop
endfacet
facet normal 0.0 0.0 0.0
  outer loop
    vertex 55.35198974609375 -4.061270236968994 5.670224666595459
    vertex 55.38151550292969 -4.010300636291504 5.000006675720215
    vertex 55.4207763671875 -3.903425455093384 5.503167629241943
  endloop
endfacet
facet normal 0.0 0.0 0.0
  outer loop
    vertex 55.4207763671875 -3.903425455093384 5.503167629241943
    vertex 55.38151550292969 -4.010300636291504 5.000006675720215
    vertex 55.42152404785156 -3.9003050327301025 5.000006675720215
  endloop
endfacet
facet normal 0.0 0.0 0.0
  outer loop
    vertex 55.4207763671875 -3.903425455093384 5.503167629241943
    vertex 55.42152404785156 -3.9003050327301025 5.000006675720215
    vertex 55.42152404785156 -3.9003050327301025 5.500006675720215
  endloop
endfacet
facet normal 0.0 0.0 0.0
  outer loop
    vertex 55.42152404785156 3.9003050327301025 5.500006675720215
    vertex 55.711273193359375 2.353630781173706 5.500006675720215
    vertex 55.42152404785156 3.9003050327301025 5.000006675720215
  endloop
endfacet
facet normal 0.0 0.0 0.0
  outer loop
    vertex 55.42152404785156 3.9003050327301025 5.000006675720215
    vertex 55.711273193359375 2.353630781173706 5.500006675720215
    vertex 55.711273193359375 2.353630781173706 5.000006675720215
  endloop
endfacet
facet normal 0.0 0.0 0.0
  outer loop
    vertex 55.711273193359375 2.353630781173706 5.000006675720215
    vertex 55.711273193359375 2.353630781173706 5.500006675720215
    vertex 55.856773376464844 0.786790668964386 5.500006675720215
  endloop
endfacet
facet normal 0.0 0.0 0.0
  outer loop
    vertex 55.711273193359375 2.353630781173706 5.000006675720215
    vertex 55.856773376464844 0.786790668964386 5.500006675720215
    vertex 55.856773376464844 0.786790668964386 5.000006675720215
  endloop
endfacet
facet normal 0.0 0.0 0.0
  outer loop
    vertex 55.856773376464844 0.786790668964386 5.000006675720215
    vertex 55.856773376464844 0.786790668964386 5.500006675720215
    vertex 55.856773376464844 -0.786790668964386 5.500006675720215
  endloop
endfacet
facet normal 0.0 0.0 0.0
  outer loop
    vertex 55.856773376464844 0.786790668964386 5.000006675720215
    vertex 55.856773376464844 -0.786790668964386 5.500006675720215
    vertex 55.856773376464844 -0.786790668964386 5.000006675720215
  endloop
endfacet
facet normal 0.0 0.0 0.0
  outer loop
    vertex 55.856773376464844 -0.786790668964386 5.000006675720215
    vertex 55.856773376464844 -0.786790668964386 5.500006675720215
    vertex 55.711273193359375 -2.353630781173706 5.500006675720215
  endloop
endfacet
facet normal 0.0 0.0 0.0
  outer loop
    vertex 55.856773376464844 -0.786790668964386 5.000006675720215
    vertex 55.711273193359375 -2.353630781173706 5.500006675720215
    vertex 55.711273193359375 -2.353630781173706 5.000006675720215
  endloop
endfacet
facet normal 0.0 0.0 0.0
  outer loop
    vertex 55.711273193359375 -2.353630781173706 5.000006675720215
    vertex 55.711273193359375 -2.353630781173706 5.500006675720215
    vertex 55.42152404785156 -3.9003050327301025 5.500006675720215
  endloop
endfacet
facet normal 0.0 0.0 0.0
  outer loop
    vertex 55.711273193359375 -2.353630781173706 5.000006675720215
    vertex 55.42152404785156 -3.9003050327301025 5.500006675720215
    vertex 55.42152404785156 -3.9003050327301025 5.000006675720215
  endloop
endfacet
facet normal 0.0 0.0 0.0
  outer loop
    vertex 54.805450439453125 -4.268553256988525 4.9548821449279785
    vertex 54.805450439453125 -4.268553256988525 6.000006198883057
    vertex 54.71112060546875 -4.2432780265808105 4.896027565002441
  endloop
endfacet
facet normal 0.0 0.0 0.0
  outer loop
    vertex 54.71112060546875 -4.2432780265808105 4.896027565002441
    vertex 54.805450439453125 -4.268553256988525 6.000006198883057
    vertex 54.522987365722656 -4.192868709564209 6.000006198883057
  endloop
endfacet
facet normal 0.0 0.0 0.0
  outer loop
    vertex 54.71112060546875 -4.2432780265808105 4.896027565002441
    vertex 54.522987365722656 -4.192868709564209 6.000006198883057
    vertex 54.63212585449219 -4.222110748291016 4.816579341888428
  endloop
endfacet
facet normal 0.0 0.0 0.0
  outer loop
    vertex 54.63212585449219 -4.222110748291016 4.816579341888428
    vertex 54.522987365722656 -4.192868709564209 6.000006198883057
    vertex 54.57257080078125 -4.20615291595459 4.720668315887451
  endloop
endfacet
facet normal 0.0 0.0 0.0
  outer loop
    vertex 54.57257080078125 -4.20615291595459 4.720668315887451
    vertex 54.522987365722656 -4.192868709564209 6.000006198883057
    vertex 54.535545349121094 -4.19623327255249 4.613282680511475
  endloop
endfacet
facet normal 0.0 0.0 0.0
  outer loop
    vertex 54.535545349121094 -4.19623327255249 4.613282680511475
    vertex 54.522987365722656 -4.192868709564209 6.000006198883057
    vertex 54.522987365722656 -4.192868709564209 4.500006675720215
  endloop
endfacet
facet normal 0.0 0.0 0.0
  outer loop
    vertex -55.29573059082031 -4.399923801422119 5.999996185302734
    vertex -55.616722106933594 -2.952018976211548 5.999996185302734
    vertex -55.29573059082031 -4.399923801422119 4.999996185302734
  endloop
endfacet
facet normal 0.0 0.0 0.0
  outer loop
    vertex -55.29573059082031 -4.399923801422119 4.999996185302734
    vertex -55.616722106933594 -2.952018976211548 5.999996185302734
    vertex -55.616722106933594 -2.952018976211548 4.999996185302734
  endloop
endfacet
facet normal 0.0 0.0 0.0
  outer loop
    vertex -55.616722106933594 -2.952018976211548 4.999996185302734
    vertex -55.616722106933594 -2.952018976211548 5.999996185302734
    vertex -55.810302734375 -1.4816476106643677 5.999996185302734
  endloop
endfacet
facet normal 0.0 0.0 0.0
  outer loop
    vertex -55.616722106933594 -2.952018976211548 4.999996185302734
    vertex -55.810302734375 -1.4816476106643677 5.999996185302734
    vertex -55.810302734375 -1.4816476106643677 4.999996185302734
  endloop
endfacet
facet normal 0.0 0.0 0.0
  outer loop
    vertex -55.810302734375 -1.4816476106643677 4.999996185302734
    vertex -55.810302734375 -1.4816476106643677 5.999996185302734
    vertex -55.87499237060547 5.218048215738236e-14 5.999996185302734
  endloop
endfacet
facet normal 0.0 0.0 0.0
  outer loop
    vertex -55.810302734375 -1.4816476106643677 4.999996185302734
    vertex -55.87499237060547 5.218048215738236e-14 5.999996185302734
    vertex -55.87499237060547 5.218048215738236e-14 4.999996185302734
  endloop
endfacet
facet normal 0.0 0.0 0.0
  outer loop
    vertex -55.87499237060547 5.218048215738236e-14 4.999996185302734
    vertex -55.87499237060547 5.218048215738236e-14 5.999996185302734
    vertex -55.810302734375 1.4816476106643677 5.999996185302734
  endloop
endfacet
facet normal 0.0 0.0 0.0
  outer loop
    vertex -55.87499237060547 5.218048215738236e-14 4.999996185302734
    vertex -55.810302734375 1.4816476106643677 5.999996185302734
    vertex -55.810302734375 1.4816476106643677 4.999996185302734
  endloop
endfacet
facet normal 0.0 0.0 0.0
  outer loop
    vertex -55.810302734375 1.4816476106643677 4.999996185302734
    vertex -55.810302734375 1.4816476106643677 5.999996185302734
    vertex -55.616722106933594 2.952018976211548 5.999996185302734
  endloop
endfacet
facet normal 0.0 0.0 0.0
  outer loop
    vertex -55.810302734375 1.4816476106643677 4.999996185302734
    vertex -55.616722106933594 2.952018976211548 5.999996185302734
    vertex -55.616722106933594 2.952018976211548 4.999996185302734
  endloop
endfacet
facet normal 0.0 0.0 0.0
  outer loop
    vertex -55.616722106933594 2.952018976211548 4.999996185302734
    vertex -55.616722106933594 2.952018976211548 5.999996185302734
    vertex -55.29573059082031 4.399923801422119 5.999996185302734
  endloop
endfacet
facet normal 0.0 0.0 0.0
  outer loop
    vertex -55.616722106933594 2.952018976211548 4.999996185302734
    vertex -55.29573059082031 4.399923801422119 5.999996185302734
    vertex -55.29573059082031 4.399923801422119 4.999996185302734
  endloop
endfacet
facet normal 0.0 0.0 0.0
  outer loop
    vertex -54.52299118041992 -4.192868709564209 5.999996185302734
    vertex -55.29573059082031 -4.399923801422119 5.999996185302734
    vertex -54.52299118041992 -4.192868709564209 4.999996185302734
  endloop
endfacet
facet normal 0.0 0.0 0.0
  outer loop
    vertex -54.52299118041992 -4.192868709564209 4.999996185302734
    vertex -55.29573059082031 -4.399923801422119 5.999996185302734
    vertex -55.29573059082031 -4.399923801422119 4.999996185302734
  endloop
endfacet
facet normal 0.0 0.0 0.0
  outer loop
    vertex -55.29573059082031 4.399923801422119 5.999996185302734
    vertex -54.52299118041992 4.192868709564209 5.999996185302734
    vertex -55.29573059082031 4.399923801422119 4.999996185302734
  endloop
endfacet
facet normal 0.0 0.0 0.0
  outer loop
    vertex -55.29573059082031 4.399923801422119 4.999996185302734
    vertex -54.52299118041992 4.192868709564209 5.999996185302734
    vertex -54.52299118041992 4.192868709564209 4.999996185302734
  endloop
endfacet
facet normal 0.0 0.0 0.0
  outer loop
    vertex -54.52299118041992 4.192868709564209 4.999996185302734
    vertex -54.828880310058594 2.813100576400757 4.999996185302734
    vertex -55.29573059082031 4.399923801422119 4.999996185302734
  endloop
endfacet
facet normal 0.0 0.0 0.0
  outer loop
    vertex -55.29573059082031 4.399923801422119 4.999996185302734
    vertex -54.828880310058594 2.813100576400757 4.999996185302734
    vertex -55.013343811035156 1.4119230508804321 4.999996185302734
  endloop
endfacet
facet normal 0.0 0.0 0.0
  outer loop
    vertex -55.29573059082031 4.399923801422119 4.999996185302734
    vertex -55.013343811035156 1.4119230508804321 4.999996185302734
    vertex -55.616722106933594 2.952018976211548 4.999996185302734
  endloop
endfacet
facet normal 0.0 0.0 0.0
  outer loop
    vertex -55.616722106933594 2.952018976211548 4.999996185302734
    vertex -55.013343811035156 1.4119230508804321 4.999996185302734
    vertex -55.810302734375 1.4816476106643677 4.999996185302734
  endloop
endfacet
facet normal 0.0 0.0 0.0
  outer loop
    vertex -55.810302734375 1.4816476106643677 4.999996185302734
    vertex -55.013343811035156 1.4119230508804321 4.999996185302734
    vertex -55.07499313354492 1.3643014669384446e-12 4.999996185302734
  endloop
endfacet
facet normal 0.0 0.0 0.0
  outer loop
    vertex -55.810302734375 1.4816476106643677 4.999996185302734
    vertex -55.07499313354492 1.3643014669384446e-12 4.999996185302734
    vertex -55.87499237060547 5.218048215738236e-14 4.999996185302734
  endloop
endfacet
facet normal 0.0 0.0 0.0
  outer loop
    vertex -55.87499237060547 5.218048215738236e-14 4.999996185302734
    vertex -55.07499313354492 1.3643014669384446e-12 4.999996185302734
    vertex -55.810302734375 -1.4816476106643677 4.999996185302734
  endloop
endfacet
facet normal 0.0 0.0 0.0
  outer loop
    vertex -55.810302734375 -1.4816476106643677 4.999996185302734
    vertex -55.07499313354492 1.3643014669384446e-12 4.999996185302734
    vertex -55.013343811035156 -1.4119230508804321 4.999996185302734
  endloop
endfacet
facet normal 0.0 0.0 0.0
  outer loop
    vertex -55.810302734375 -1.4816476106643677 4.999996185302734
    vertex -55.013343811035156 -1.4119230508804321 4.999996185302734
    vertex -55.616722106933594 -2.952018976211548 4.999996185302734
  endloop
endfacet
facet normal 0.0 0.0 0.0
  outer loop
    vertex -55.616722106933594 -2.952018976211548 4.999996185302734
    vertex -55.013343811035156 -1.4119230508804321 4.999996185302734
    vertex -55.29573059082031 -4.399923801422119 4.999996185302734
  endloop
endfacet
facet normal 0.0 0.0 0.0
  outer loop
    vertex -55.29573059082031 -4.399923801422119 4.999996185302734
    vertex -55.013343811035156 -1.4119230508804321 4.999996185302734
    vertex -54.828880310058594 -2.813100576400757 4.999996185302734
  endloop
endfacet
facet normal 0.0 0.0 0.0
  outer loop
    vertex -55.29573059082031 -4.399923801422119 4.999996185302734
    vertex -54.828880310058594 -2.813100576400757 4.999996185302734
    vertex -54.52299118041992 -4.192868709564209 4.999996185302734
  endloop
endfacet
facet normal 0.0 0.0 0.0
  outer loop
    vertex 54.805450439453125 4.268553256988525 4.9548821449279785
    vertex 54.71112060546875 4.2432780265808105 4.896027565002441
    vertex 54.805450439453125 4.268553256988525 6.000006198883057
  endloop
endfacet
facet normal 0.0 0.0 0.0
  outer loop
    vertex 54.805450439453125 4.268553256988525 6.000006198883057
    vertex 54.71112060546875 4.2432780265808105 4.896027565002441
    vertex 54.522987365722656 4.192868709564209 6.000006198883057
  endloop
endfacet
facet normal 0.0 0.0 0.0
  outer loop
    vertex 54.522987365722656 4.192868709564209 6.000006198883057
    vertex 54.71112060546875 4.2432780265808105 4.896027565002441
    vertex 54.63212585449219 4.222110748291016 4.816579341888428
  endloop
endfacet
facet normal 0.0 0.0 0.0
  outer loop
    vertex 54.522987365722656 4.192868709564209 6.000006198883057
    vertex 54.63212585449219 4.222110748291016 4.816579341888428
    vertex 54.57257080078125 4.20615291595459 4.720668315887451
  endloop
endfacet
facet normal 0.0 0.0 0.0
  outer loop
    vertex 54.57257080078125 4.20615291595459 4.720668315887451
    vertex 54.535545349121094 4.19623327255249 4.613282680511475
    vertex 54.522987365722656 4.192868709564209 6.000006198883057
  endloop
endfacet
facet normal 0.0 0.0 0.0
  outer loop
    vertex 54.522987365722656 4.192868709564209 6.000006198883057
    vertex 54.535545349121094 4.19623327255249 4.613282680511475
    vertex 54.522987365722656 4.192868709564209 4.500006675720215
  endloop
endfacet
facet normal 0.0 0.0 0.0
  outer loop
    vertex 54.810333251953125 4.269835948944092 6.000006198883057
    vertex 54.807891845703125 4.269200801849365 6.000006198883057
    vertex 54.812782287597656 4.270458698272705 6.000006198883057
  endloop
endfacet
facet normal 0.0 0.0 0.0
  outer loop
    vertex 54.812782287597656 4.270458698272705 6.000006198883057
    vertex 54.807891845703125 4.269200801849365 6.000006198883057
    vertex 54.805450439453125 4.268553256988525 6.000006198883057
  endloop
endfacet
facet normal 0.0 0.0 0.0
  outer loop
    vertex 54.812782287597656 4.270458698272705 6.000006198883057
    vertex 54.805450439453125 4.268553256988525 6.000006198883057
    vertex 55.12432861328125 2.865157127380371 6.000006198883057
  endloop
endfacet
facet normal 0.0 0.0 0.0
  outer loop
    vertex 55.12432861328125 2.865157127380371 6.000006198883057
    vertex 54.805450439453125 4.268553256988525 6.000006198883057
    vertex 54.522987365722656 4.192868709564209 6.000006198883057
  endloop
endfacet
facet normal 0.0 0.0 0.0
  outer loop
    vertex 55.12432861328125 2.865157127380371 6.000006198883057
    vertex 54.522987365722656 4.192868709564209 6.000006198883057
    vertex 53.586769104003906 2.9263548851013184 6.000006198883057
  endloop
endfacet
facet normal 0.0 0.0 0.0
  outer loop
    vertex 53.586769104003906 2.9263548851013184 6.000006198883057
    vertex 54.522987365722656 4.192868709564209 6.000006198883057
    vertex 53.229095458984375 4.354269981384277 6.000006198883057
  endloop
endfacet
facet normal 0.0 0.0 0.0
  outer loop
    vertex 53.229095458984375 4.354269981384277 6.000006198883057
    vertex 54.522987365722656 4.192868709564209 6.000006198883057
    vertex 54.06317901611328 5.635508060455322 6.000006198883057
  endloop
endfacet
facet normal 0.0 0.0 0.0
  outer loop
    vertex 53.229095458984375 4.354269981384277 6.000006198883057
    vertex 54.06317901611328 5.635508060455322 6.000006198883057
    vertex 52.733184814453125 5.740251541137695 6.000006198883057
  endloop
endfacet
facet normal 0.0 0.0 0.0
  outer loop
    vertex 52.733184814453125 5.740251541137695 6.000006198883057
    vertex 54.06317901611328 5.635508060455322 6.000006198883057
    vertex 53.47068786621094 7.028916358947754 6.000006198883057
  endloop
endfacet
facet normal 0.0 0.0 0.0
  outer loop
    vertex 52.733184814453125 5.740251541137695 6.000006198883057
    vertex 53.47068786621094 7.028916358947754 6.000006198883057
    vertex 52.10381317138672 7.070950984954834 6.000006198883057
  endloop
endfacet
facet normal 0.0 0.0 0.0
  outer loop
    vertex 52.10381317138672 7.070950984954834 6.000006198883057
    vertex 53.47068786621094 7.028916358947754 6.000006198883057
    vertex 52.75068664550781 8.360921859741211 6.000006198883057
  endloop
endfacet
facet normal 0.0 0.0 0.0
  outer loop
    vertex 52.10381317138672 7.070950984954834 6.000006198883057
    vertex 52.75068664550781 8.360921859741211 6.000006198883057
    vertex 51.34703826904297 8.333553314208984 6.000006198883057
  endloop
endfacet
facet normal 0.0 0.0 0.0
  outer loop
    vertex 51.34703826904297 8.333553314208984 6.000006198883057
    vertex 52.75068664550781 8.360921859741211 6.000006198883057
    vertex 51.90947723388672 9.619887351989746 6.000006198883057
  endloop
endfacet
facet normal 0.0 0.0 0.0
  outer loop
    vertex 51.34703826904297 8.333553314208984 6.000006198883057
    vertex 51.90947723388672 9.619887351989746 6.000006198883057
    vertex 50.47014617919922 9.515899658203125 6.000005722045898
  endloop
endfacet
facet normal 0.0 0.0 0.0
  outer loop
    vertex 50.47014617919922 9.515899658203125 6.000005722045898
    vertex 51.90947723388672 9.619887351989746 6.000006198883057
    vertex 49.481597900390625 10.60660171508789 6.000005722045898
  endloop
endfacet
facet normal 0.0 0.0 0.0
  outer loop
    vertex 49.481597900390625 10.60660171508789 6.000005722045898
    vertex 51.90947723388672 9.619887351989746 6.000006198883057
    vertex 50.95439910888672 10.794814109802246 6.000006198883057
  endloop
endfacet
facet normal 0.0 0.0 0.0
  outer loop
    vertex 49.481597900390625 10.60660171508789 6.000005722045898
    vertex 50.95439910888672 10.794814109802246 6.000006198883057
    vertex 48.390892028808594 11.5951566696167 6.000005722045898
  endloop
endfacet
facet normal 0.0 0.0 0.0
  outer loop
    vertex 48.390892028808594 11.5951566696167 6.000005722045898
    vertex 50.95439910888672 10.794814109802246 6.000006198883057
    vertex 49.89379119873047 11.87544059753418 6.000005722045898
  endloop
endfacet
facet normal 0.0 0.0 0.0
  outer loop
    vertex 48.390892028808594 11.5951566696167 6.000005722045898
    vertex 49.89379119873047 11.87544059753418 6.000005722045898
    vertex 47.208553314208984 12.472043991088867 6.000005722045898
  endloop
endfacet
facet normal 0.0 0.0 0.0
  outer loop
    vertex 47.208553314208984 12.472043991088867 6.000005722045898
    vertex 49.89379119873047 11.87544059753418 6.000005722045898
    vertex 48.73693084716797 12.852324485778809 6.000005722045898
  endloop
endfacet
facet normal 0.0 0.0 0.0
  outer loop
    vertex 47.208553314208984 12.472043991088867 6.000005722045898
    vertex 48.73693084716797 12.852324485778809 6.000005722045898
    vertex 45.94594955444336 13.228818893432617 6.000005722045898
  endloop
endfacet
facet normal 0.0 0.0 0.0
  outer loop
    vertex 45.94594955444336 13.228818893432617 6.000005722045898
    vertex 48.73693084716797 12.852324485778809 6.000005722045898
    vertex 47.49391555786133 13.71693229675293 6.000005722045898
  endloop
endfacet
facet normal 0.0 0.0 0.0
  outer loop
    vertex 45.94594955444336 13.228818893432617 6.000005722045898
    vertex 47.49391555786133 13.71693229675293 6.000005722045898
    vertex 44.6152458190918 13.858193397521973 6.00000524520874
  endloop
endfacet
facet normal 0.0 0.0 0.0
  outer loop
    vertex 44.6152458190918 13.858193397521973 6.00000524520874
    vertex 47.49391555786133 13.71693229675293 6.000005722045898
    vertex 46.17560958862305 14.461710929870605 6.000005722045898
  endloop
endfacet
facet normal 0.0 0.0 0.0
  outer loop
    vertex 44.6152458190918 13.858193397521973 6.00000524520874
    vertex 46.17560958862305 14.461710929870605 6.000005722045898
    vertex 43.22926712036133 14.354104995727539 6.00000524520874
  endloop
endfacet
facet normal 0.0 0.0 0.0
  outer loop
    vertex 43.22926712036133 14.354104995727539 6.00000524520874
    vertex 46.17560958862305 14.461710929870605 6.000005722045898
    vertex 44.793521881103516 15.080154418945312 6.00000524520874
  endloop
endfacet
facet normal 0.0 0.0 0.0
  outer loop
    vertex 43.22926712036133 14.354104995727539 6.00000524520874
    vertex 44.793521881103516 15.080154418945312 6.00000524520874
    vertex 41.80134963989258 14.711779594421387 6.00000524520874
  endloop
endfacet
facet normal 0.0 0.0 0.0
  outer loop
    vertex 41.80134963989258 14.711779594421387 6.00000524520874
    vertex 44.793521881103516 15.080154418945312 6.00000524520874
    vertex 43.3597297668457 15.56686019897461 6.00000524520874
  endloop
endfacet
facet normal 0.0 0.0 0.0
  outer loop
    vertex 41.80134963989258 14.711779594421387 6.00000524520874
    vertex 43.3597297668457 15.56686019897461 6.00000524520874
    vertex 40.34525680541992 14.927770614624023 6.000004768371582
  endloop
endfacet
facet normal 0.0 0.0 0.0
  outer loop
    vertex 40.34525680541992 14.927770614624023 6.000004768371582
    vertex 43.3597297668457 15.56686019897461 6.00000524520874
    vertex 41.88676071166992 15.917576789855957 6.00000524520874
  endloop
endfacet
facet normal 0.0 0.0 0.0
  outer loop
    vertex 40.34525680541992 14.927770614624023 6.000004768371582
    vertex 41.88676071166992 15.917576789855957 6.00000524520874
    vertex 40.38748550415039 16.129240036010742 6.000004768371582
  endloop
endfacet
facet normal 0.0 0.0 0.0
  outer loop
    vertex 40.34525680541992 14.927770614624023 6.000004768371582
    vertex 40.38748550415039 16.129240036010742 6.000004768371582
    vertex 38.874996185302734 15.0 6.000004768371582
  endloop
endfacet
facet normal 0.0 0.0 0.0
  outer loop
    vertex 38.874996185302734 15.0 6.000004768371582
    vertex 40.38748550415039 16.129240036010742 6.000004768371582
    vertex 38.874996185302734 16.200000762939453 6.000004768371582
  endloop
endfacet
facet normal 0.0 0.0 0.0
  outer loop
    vertex 38.874996185302734 15.0 6.000004768371582
    vertex 38.874996185302734 16.200000762939453 6.000004768371582
    vertex -38.874996185302734 16.200000762939453 5.999997615814209
  endloop
endfacet
facet normal 0.0 0.0 0.0
  outer loop
    vertex 38.874996185302734 15.0 6.000004768371582
    vertex -38.874996185302734 16.200000762939453 5.999997615814209
    vertex -38.874996185302734 15.0 5.999997615814209
  endloop
endfacet
facet normal 0.0 0.0 0.0
  outer loop
    vertex -38.874996185302734 15.0 5.999997615814209
    vertex -38.874996185302734 16.200000762939453 5.999997615814209
    vertex -40.38748550415039 16.129240036010742 5.999997615814209
  endloop
endfacet
facet normal 0.0 0.0 0.0
  outer loop
    vertex -38.874996185302734 15.0 5.999997615814209
    vertex -40.38748550415039 16.129240036010742 5.999997615814209
    vertex -40.26530838012695 14.935428619384766 5.999997615814209
  endloop
endfacet
facet normal 0.0 0.0 0.0
  outer loop
    vertex -40.26530838012695 14.935428619384766 5.999997615814209
    vertex -40.38748550415039 16.129240036010742 5.999997615814209
    vertex -41.88676452636719 15.917576789855957 5.999997615814209
  endloop
endfacet
facet normal 0.0 0.0 0.0
  outer loop
    vertex -40.26530838012695 14.935428619384766 5.999997615814209
    vertex -41.88676452636719 15.917576789855957 5.999997615814209
    vertex -43.3597297668457 15.56686019897461 5.999997138977051
  endloop
endfacet
facet normal 0.0 0.0 0.0
  outer loop
    vertex -40.26530838012695 14.935428619384766 5.999997615814209
    vertex -43.3597297668457 15.56686019897461 5.999997138977051
    vertex -41.643653869628906 14.742270469665527 5.999997615814209
  endloop
endfacet
facet normal 0.0 0.0 0.0
  outer loop
    vertex -41.643653869628906 14.742270469665527 5.999997615814209
    vertex -43.3597297668457 15.56686019897461 5.999997138977051
    vertex -44.793521881103516 15.080154418945312 5.999997138977051
  endloop
endfacet
facet normal 0.0 0.0 0.0
  outer loop
    vertex -41.643653869628906 14.742270469665527 5.999997615814209
    vertex -44.793521881103516 15.080154418945312 5.999997138977051
    vertex -42.99816131591797 14.422188758850098 5.999997138977051
  endloop
endfacet
facet normal 0.0 0.0 0.0
  outer loop
    vertex -42.99816131591797 14.422188758850098 5.999997138977051
    vertex -44.793521881103516 15.080154418945312 5.999997138977051
    vertex -46.17560577392578 14.461710929870605 5.999997138977051
  endloop
endfacet
facet normal 0.0 0.0 0.0
  outer loop
    vertex -42.99816131591797 14.422188758850098 5.999997138977051
    vertex -46.17560577392578 14.461710929870605 5.999997138977051
    vertex -44.317169189453125 13.977938652038574 5.999997138977051
  endloop
endfacet
facet normal 0.0 0.0 0.0
  outer loop
    vertex -44.317169189453125 13.977938652038574 5.999997138977051
    vertex -46.17560577392578 14.461710929870605 5.999997138977051
    vertex -47.49391555786133 13.71693229675293 5.999997138977051
  endloop
endfacet
facet normal 0.0 0.0 0.0
  outer loop
    vertex -44.317169189453125 13.977938652038574 5.999997138977051
    vertex -47.49391555786133 13.71693229675293 5.999997138977051
    vertex -45.58932113647461 13.413344383239746 5.999997138977051
  endloop
endfacet
facet normal 0.0 0.0 0.0
  outer loop
    vertex -45.58932113647461 13.413344383239746 5.999997138977051
    vertex -47.49391555786133 13.71693229675293 5.999997138977051
    vertex -46.80366897583008 12.733268737792969 5.999997138977051
  endloop
endfacet
facet normal 0.0 0.0 0.0
  outer loop
    vertex -46.80366897583008 12.733268737792969 5.999997138977051
    vertex -47.49391555786133 13.71693229675293 5.999997138977051
    vertex -48.7369270324707 12.852324485778809 5.999996662139893
  endloop
endfacet
facet normal 0.0 0.0 0.0
  outer loop
    vertex -46.80366897583008 12.733268737792969 5.999997138977051
    vertex -48.7369270324707 12.852324485778809 5.999996662139893
    vertex -47.67691421508789 12.593688011169434 5.999997138977051
  endloop
endfacet
facet normal 0.0 0.0 0.0
  outer loop
    vertex -47.67691421508789 12.593688011169434 5.999997138977051
    vertex -48.7369270324707 12.852324485778809 5.999996662139893
    vertex -48.516502380371094 12.315958976745605 5.999996662139893
  endloop
endfacet
facet normal 0.0 0.0 0.0
  outer loop
    vertex -48.516502380371094 12.315958976745605 5.999996662139893
    vertex -48.7369270324707 12.852324485778809 5.999996662139893
    vertex -49.89379119873047 11.87544059753418 5.999996662139893
  endloop
endfacet
facet normal 0.0 0.0 0.0
  outer loop
    vertex -48.516502380371094 12.315958976745605 5.999996662139893
    vertex -49.89379119873047 11.87544059753418 5.999996662139893
    vertex -49.30072784423828 11.90726089477539 5.999996662139893
  endloop
endfacet
facet normal 0.0 0.0 0.0
  outer loop
    vertex -49.30072784423828 11.90726089477539 5.999996662139893
    vertex -49.89379119873047 11.87544059753418 5.999996662139893
    vertex -50.009315490722656 11.37816047668457 5.999996662139893
  endloop
endfacet
facet normal 0.0 0.0 0.0
  outer loop
    vertex -50.009315490722656 11.37816047668457 5.999996662139893
    vertex -49.89379119873047 11.87544059753418 5.999996662139893
    vertex -50.95439529418945 10.794814109802246 5.999996662139893
  endloop
endfacet
facet normal 0.0 0.0 0.0
  outer loop
    vertex -50.009315490722656 11.37816047668457 5.999996662139893
    vertex -50.95439529418945 10.794814109802246 5.999996662139893
    vertex -50.62394332885742 10.74233627319336 5.999996662139893
  endloop
endfacet
facet normal 0.0 0.0 0.0
  outer loop
    vertex -50.62394332885742 10.74233627319336 5.999996662139893
    vertex -50.95439529418945 10.794814109802246 5.999996662139893
    vertex -51.128726959228516 10.016225814819336 5.999996662139893
  endloop
endfacet
facet normal 0.0 0.0 0.0
  outer loop
    vertex -51.128726959228516 10.016225814819336 5.999996662139893
    vertex -50.95439529418945 10.794814109802246 5.999996662139893
    vertex -51.90947723388672 9.619887351989746 5.999996662139893
  endloop
endfacet
facet normal 0.0 0.0 0.0
  outer loop
    vertex -51.128726959228516 10.016225814819336 5.999996662139893
    vertex -51.90947723388672 9.619887351989746 5.999996662139893
    vertex -51.51061248779297 9.21860122680664 5.999996662139893
  endloop
endfacet
facet normal 0.0 0.0 0.0
  outer loop
    vertex -51.51061248779297 9.21860122680664 5.999996662139893
    vertex -51.90947723388672 9.619887351989746 5.999996662139893
    vertex -52.75069046020508 8.360921859741211 5.999996185302734
  endloop
endfacet
facet normal 0.0 0.0 0.0
  outer loop
    vertex -51.51061248779297 9.21860122680664 5.999996662139893
    vertex -52.75069046020508 8.360921859741211 5.999996185302734
    vertex -51.75973129272461 8.37008285522461 5.999996662139893
  endloop
endfacet
facet normal 0.0 0.0 0.0
  outer loop
    vertex -51.75973129272461 8.37008285522461 5.999996662139893
    vertex -52.75069046020508 8.360921859741211 5.999996185302734
    vertex -51.8696403503418 7.492607116699219 5.999996662139893
  endloop
endfacet
facet normal 0.0 0.0 0.0
  outer loop
    vertex -51.8696403503418 7.492607116699219 5.999996662139893
    vertex -52.75069046020508 8.360921859741211 5.999996185302734
    vertex -53.47068786621094 7.028916358947754 5.999996185302734
  endloop
endfacet
facet normal 0.0 0.0 0.0
  outer loop
    vertex -51.8696403503418 7.492607116699219 5.999996662139893
    vertex -53.47068786621094 7.028916358947754 5.999996185302734
    vertex -52.52237319946289 6.22487211227417 5.999996662139893
  endloop
endfacet
facet normal 0.0 0.0 0.0
  outer loop
    vertex -52.52237319946289 6.22487211227417 5.999996662139893
    vertex -53.47068786621094 7.028916358947754 5.999996185302734
    vertex -54.06317901611328 5.635508060455322 5.999996185302734
  endloop
endfacet
facet normal 0.0 0.0 0.0
  outer loop
    vertex -52.52237319946289 6.22487211227417 5.999996662139893
    vertex -54.06317901611328 5.635508060455322 5.999996185302734
    vertex -53.051780700683594 4.900886058807373 5.999996185302734
  endloop
endfacet
facet normal 0.0 0.0 0.0
  outer loop
    vertex -53.051780700683594 4.900886058807373 5.999996185302734
    vertex -54.06317901611328 5.635508060455322 5.999996185302734
    vertex -54.52299118041992 4.192868709564209 5.999996185302734
  endloop
endfacet
facet normal 0.0 0.0 0.0
  outer loop
    vertex -53.051780700683594 4.900886058807373 5.999996185302734
    vertex -54.52299118041992 4.192868709564209 5.999996185302734
    vertex -53.45307922363281 3.532613515853882 5.999996185302734
  endloop
endfacet
facet normal 0.0 0.0 0.0
  outer loop
    vertex -53.45307922363281 3.532613515853882 5.999996185302734
    vertex -54.52299118041992 4.192868709564209 5.999996185302734
    vertex -55.616722106933594 2.952018976211548 5.999996185302734
  endloop
endfacet
facet normal 0.0 0.0 0.0
  outer loop
    vertex -53.45307922363281 3.532613515853882 5.999996185302734
    vertex -55.616722106933594 2.952018976211548 5.999996185302734
    vertex -53.7226448059082 2.132418394088745 5.999996185302734
  endloop
endfacet
facet normal 0.0 0.0 0.0
  outer loop
    vertex -53.7226448059082 2.132418394088745 5.999996185302734
    vertex -55.616722106933594 2.952018976211548 5.999996185302734
    vertex -55.810302734375 1.4816476106643677 5.999996185302734
  endloop
endfacet
facet normal 0.0 0.0 0.0
  outer loop
    vertex -53.7226448059082 2.132418394088745 5.999996185302734
    vertex -55.810302734375 1.4816476106643677 5.999996185302734
    vertex -53.85803985595703 0.7129536867141724 5.999996185302734
  endloop
endfacet
facet normal 0.0 0.0 0.0
  outer loop
    vertex -53.85803985595703 0.7129536867141724 5.999996185302734
    vertex -55.810302734375 1.4816476106643677 5.999996185302734
    vertex -55.87499237060547 5.218048215738236e-14 5.999996185302734
  endloop
endfacet
facet normal 0.0 0.0 0.0
  outer loop
    vertex -53.85803985595703 0.7129536867141724 5.999996185302734
    vertex -55.87499237060547 5.218048215738236e-14 5.999996185302734
    vertex -53.85803985595703 -0.7129536867141724 5.999996185302734
  endloop
endfacet
facet normal 0.0 0.0 0.0
  outer loop
    vertex -53.85803985595703 -0.7129536867141724 5.999996185302734
    vertex -55.87499237060547 5.218048215738236e-14 5.999996185302734
    vertex -55.810302734375 -1.4816476106643677 5.999996185302734
  endloop
endfacet
facet normal 0.0 0.0 0.0
  outer loop
    vertex -53.85803985595703 -0.7129536867141724 5.999996185302734
    vertex -55.810302734375 -1.4816476106643677 5.999996185302734
    vertex -53.7226448059082 -2.132418394088745 5.999996185302734
  endloop
endfacet
facet normal 0.0 0.0 0.0
  outer loop
    vertex -53.7226448059082 -2.132418394088745 5.999996185302734
    vertex -55.810302734375 -1.4816476106643677 5.999996185302734
    vertex -55.616722106933594 -2.952018976211548 5.999996185302734
  endloop
endfacet
facet normal 0.0 0.0 0.0
  outer loop
    vertex -53.7226448059082 -2.132418394088745 5.999996185302734
    vertex -55.616722106933594 -2.952018976211548 5.999996185302734
    vertex -53.45307922363281 -3.532613515853882 5.999996185302734
  endloop
endfacet
facet normal 0.0 0.0 0.0
  outer loop
    vertex -53.45307922363281 -3.532613515853882 5.999996185302734
    vertex -55.616722106933594 -2.952018976211548 5.999996185302734
    vertex -54.52299118041992 -4.192868709564209 5.999996185302734
  endloop
endfacet
facet normal 0.0 0.0 0.0
  outer loop
    vertex -53.45307922363281 -3.532613515853882 5.999996185302734
    vertex -54.52299118041992 -4.192868709564209 5.999996185302734
    vertex -53.051780700683594 -4.900886058807373 5.999996185302734
  endloop
endfacet
facet normal 0.0 0.0 0.0
  outer loop
    vertex -53.051780700683594 -4.900886058807373 5.999996185302734
    vertex -54.52299118041992 -4.192868709564209 5.999996185302734
    vertex -54.06317901611328 -5.635508060455322 5.999996185302734
  endloop
endfacet
facet normal 0.0 0.0 0.0
  outer loop
    vertex -53.051780700683594 -4.900886058807373 5.999996185302734
    vertex -54.06317901611328 -5.635508060455322 5.999996185302734
    vertex -52.52237319946289 -6.22487211227417 5.999996662139893
  endloop
endfacet
facet normal 0.0 0.0 0.0
  outer loop
    vertex -52.52237319946289 -6.22487211227417 5.999996662139893
    vertex -54.06317901611328 -5.635508060455322 5.999996185302734
    vertex -53.47068786621094 -7.028916358947754 5.999996185302734
  endloop
endfacet
facet normal 0.0 0.0 0.0
  outer loop
    vertex -52.52237319946289 -6.22487211227417 5.999996662139893
    vertex -53.47068786621094 -7.028916358947754 5.999996185302734
    vertex -51.8696403503418 -7.492607116699219 5.999996662139893
  endloop
endfacet
facet normal 0.0 0.0 0.0
  outer loop
    vertex -51.8696403503418 -7.492607116699219 5.999996662139893
    vertex -53.47068786621094 -7.028916358947754 5.999996185302734
    vertex -52.75069046020508 -8.360921859741211 5.999996185302734
  endloop
endfacet
facet normal 0.0 0.0 0.0
  outer loop
    vertex -51.8696403503418 -7.492607116699219 5.999996662139893
    vertex -52.75069046020508 -8.360921859741211 5.999996185302734
    vertex -51.75973129272461 -8.37008285522461 5.999996662139893
  endloop
endfacet
facet normal 0.0 0.0 0.0
  outer loop
    vertex -51.75973129272461 -8.37008285522461 5.999996662139893
    vertex -52.75069046020508 -8.360921859741211 5.999996185302734
    vertex -51.51061248779297 -9.21860122680664 5.999996662139893
  endloop
endfacet
facet normal 0.0 0.0 0.0
  outer loop
    vertex -51.51061248779297 -9.21860122680664 5.999996662139893
    vertex -52.75069046020508 -8.360921859741211 5.999996185302734
    vertex -51.90947723388672 -9.619887351989746 5.999996662139893
  endloop
endfacet
facet normal 0.0 0.0 0.0
  outer loop
    vertex -51.51061248779297 -9.21860122680664 5.999996662139893
    vertex -51.90947723388672 -9.619887351989746 5.999996662139893
    vertex -51.128726959228516 -10.016225814819336 5.999996662139893
  endloop
endfacet
facet normal 0.0 0.0 0.0
  outer loop
    vertex -51.128726959228516 -10.016225814819336 5.999996662139893
    vertex -51.90947723388672 -9.619887351989746 5.999996662139893
    vertex -50.95439529418945 -10.794814109802246 5.999996662139893
  endloop
endfacet
facet normal 0.0 0.0 0.0
  outer loop
    vertex -51.128726959228516 -10.016225814819336 5.999996662139893
    vertex -50.95439529418945 -10.794814109802246 5.999996662139893
    vertex -50.62394332885742 -10.74233627319336 5.999996662139893
  endloop
endfacet
facet normal 0.0 0.0 0.0
  outer loop
    vertex -50.62394332885742 -10.74233627319336 5.999996662139893
    vertex -50.95439529418945 -10.794814109802246 5.999996662139893
    vertex -50.009315490722656 -11.37816047668457 5.999996662139893
  endloop
endfacet
facet normal 0.0 0.0 0.0
  outer loop
    vertex -50.009315490722656 -11.37816047668457 5.999996662139893
    vertex -50.95439529418945 -10.794814109802246 5.999996662139893
    vertex -49.89379119873047 -11.87544059753418 5.999996662139893
  endloop
endfacet
facet normal 0.0 0.0 0.0
  outer loop
    vertex -50.009315490722656 -11.37816047668457 5.999996662139893
    vertex -49.89379119873047 -11.87544059753418 5.999996662139893
    vertex -49.30072784423828 -11.90726089477539 5.999996662139893
  endloop
endfacet
facet normal 0.0 0.0 0.0
  outer loop
    vertex -49.30072784423828 -11.90726089477539 5.999996662139893
    vertex -49.89379119873047 -11.87544059753418 5.999996662139893
    vertex -48.516502380371094 -12.315958976745605 5.999996662139893
  endloop
endfacet
facet normal 0.0 0.0 0.0
  outer loop
    vertex -48.516502380371094 -12.315958976745605 5.999996662139893
    vertex -49.89379119873047 -11.87544059753418 5.999996662139893
    vertex -48.7369270324707 -12.852324485778809 5.999996662139893
  endloop
endfacet
facet normal 0.0 0.0 0.0
  outer loop
    vertex -48.516502380371094 -12.315958976745605 5.999996662139893
    vertex -48.7369270324707 -12.852324485778809 5.999996662139893
    vertex -47.67691421508789 -12.593688011169434 5.999997138977051
  endloop
endfacet
facet normal 0.0 0.0 0.0
  outer loop
    vertex -47.67691421508789 -12.593688011169434 5.999997138977051
    vertex -48.7369270324707 -12.852324485778809 5.999996662139893
    vertex -46.80366897583008 -12.733268737792969 5.999997138977051
  endloop
endfacet
facet normal 0.0 0.0 0.0
  outer loop
    vertex -46.80366897583008 -12.733268737792969 5.999997138977051
    vertex -48.7369270324707 -12.852324485778809 5.999996662139893
    vertex -47.49391555786133 -13.71693229675293 5.999997138977051
  endloop
endfacet
facet normal 0.0 0.0 0.0
  outer loop
    vertex -46.80366897583008 -12.733268737792969 5.999997138977051
    vertex -47.49391555786133 -13.71693229675293 5.999997138977051
    vertex -45.58932113647461 -13.413344383239746 5.999997138977051
  endloop
endfacet
facet normal 0.0 0.0 0.0
  outer loop
    vertex -45.58932113647461 -13.413344383239746 5.999997138977051
    vertex -47.49391555786133 -13.71693229675293 5.999997138977051
    vertex -44.317169189453125 -13.977938652038574 5.999997138977051
  endloop
endfacet
facet normal 0.0 0.0 0.0
  outer loop
    vertex -44.317169189453125 -13.977938652038574 5.999997138977051
    vertex -47.49391555786133 -13.71693229675293 5.999997138977051
    vertex -46.17560577392578 -14.461710929870605 5.999997138977051
  endloop
endfacet
facet normal 0.0 0.0 0.0
  outer loop
    vertex -44.317169189453125 -13.977938652038574 5.999997138977051
    vertex -46.17560577392578 -14.461710929870605 5.999997138977051
    vertex -42.99816131591797 -14.422188758850098 5.999997138977051
  endloop
endfacet
facet normal 0.0 0.0 0.0
  outer loop
    vertex -42.99816131591797 -14.422188758850098 5.999997138977051
    vertex -46.17560577392578 -14.461710929870605 5.999997138977051
    vertex -44.793521881103516 -15.080154418945312 5.999997138977051
  endloop
endfacet
facet normal 0.0 0.0 0.0
  outer loop
    vertex -42.99816131591797 -14.422188758850098 5.999997138977051
    vertex -44.793521881103516 -15.080154418945312 5.999997138977051
    vertex -41.643653869628906 -14.742270469665527 5.999997615814209
  endloop
endfacet
facet normal 0.0 0.0 0.0
  outer loop
    vertex -41.643653869628906 -14.742270469665527 5.999997615814209
    vertex -44.793521881103516 -15.080154418945312 5.999997138977051
    vertex -43.3597297668457 -15.56686019897461 5.999997138977051
  endloop
endfacet
facet normal 0.0 0.0 0.0
  outer loop
    vertex -41.643653869628906 -14.742270469665527 5.999997615814209
    vertex -43.3597297668457 -15.56686019897461 5.999997138977051
    vertex -40.26530838012695 -14.935428619384766 5.999997615814209
  endloop
endfacet
facet normal 0.0 0.0 0.0
  outer loop
    vertex -40.26530838012695 -14.935428619384766 5.999997615814209
    vertex -43.3597297668457 -15.56686019897461 5.999997138977051
    vertex -41.88676452636719 -15.917576789855957 5.999997615814209
  endloop
endfacet
facet normal 0.0 0.0 0.0
  outer loop
    vertex -40.26530838012695 -14.935428619384766 5.999997615814209
    vertex -41.88676452636719 -15.917576789855957 5.999997615814209
    vertex -40.38748550415039 -16.129240036010742 5.999997615814209
  endloop
endfacet
facet normal 0.0 0.0 0.0
  outer loop
    vertex -54.52299118041992 4.192868709564209 5.999996185302734
    vertex -55.29573059082031 4.399923801422119 5.999996185302734
    vertex -55.616722106933594 2.952018976211548 5.999996185302734
  endloop
endfacet
facet normal 0.0 0.0 0.0
  outer loop
    vertex -55.616722106933594 -2.952018976211548 5.999996185302734
    vertex -55.29573059082031 -4.399923801422119 5.999996185302734
    vertex -54.52299118041992 -4.192868709564209 5.999996185302734
  endloop
endfacet
facet normal 0.0 0.0 0.0
  outer loop
    vertex -40.26530838012695 -14.935428619384766 5.999997615814209
    vertex -40.38748550415039 -16.129240036010742 5.999997615814209
    vertex -38.874996185302734 -15.0 5.999997615814209
  endloop
endfacet
facet normal 0.0 0.0 0.0
  outer loop
    vertex -38.874996185302734 -15.0 5.999997615814209
    vertex -40.38748550415039 -16.129240036010742 5.999997615814209
    vertex -38.874996185302734 -16.200000762939453 5.999997615814209
  endloop
endfacet
facet normal 0.0 0.0 0.0
  outer loop
    vertex -38.874996185302734 -15.0 5.999997615814209
    vertex -38.874996185302734 -16.200000762939453 5.999997615814209
    vertex 38.874996185302734 -16.200000762939453 6.000004768371582
  endloop
endfacet
facet normal 0.0 0.0 0.0
  outer loop
    vertex -38.874996185302734 -15.0 5.999997615814209
    vertex 38.874996185302734 -16.200000762939453 6.000004768371582
    vertex 38.874996185302734 -15.0 6.000004768371582
  endloop
endfacet
facet normal 0.0 0.0 0.0
  outer loop
    vertex 38.874996185302734 -15.0 6.000004768371582
    vertex 38.874996185302734 -16.200000762939453 6.000004768371582
    vertex 40.38748550415039 -16.129240036010742 6.000004768371582
  endloop
endfacet
facet normal 0.0 0.0 0.0
  outer loop
    vertex 38.874996185302734 -15.0 6.000004768371582
    vertex 40.38748550415039 -16.129240036010742 6.000004768371582
    vertex 40.34525680541992 -14.927770614624023 6.000004768371582
  endloop
endfacet
facet normal 0.0 0.0 0.0
  outer loop
    vertex 40.34525680541992 -14.927770614624023 6.000004768371582
    vertex 40.38748550415039 -16.129240036010742 6.000004768371582
    vertex 41.88676071166992 -15.917576789855957 6.00000524520874
  endloop
endfacet
facet normal 0.0 0.0 0.0
  outer loop
    vertex 40.34525680541992 -14.927770614624023 6.000004768371582
    vertex 41.88676071166992 -15.917576789855957 6.00000524520874
    vertex 43.3597297668457 -15.56686019897461 6.00000524520874
  endloop
endfacet
facet normal 0.0 0.0 0.0
  outer loop
    vertex 40.34525680541992 -14.927770614624023 6.000004768371582
    vertex 43.3597297668457 -15.56686019897461 6.00000524520874
    vertex 41.80134963989258 -14.711779594421387 6.00000524520874
  endloop
endfacet
facet normal 0.0 0.0 0.0
  outer loop
    vertex 41.80134963989258 -14.711779594421387 6.00000524520874
    vertex 43.3597297668457 -15.56686019897461 6.00000524520874
    vertex 44.793521881103516 -15.080154418945312 6.00000524520874
  endloop
endfacet
facet normal 0.0 0.0 0.0
  outer loop
    vertex 41.80134963989258 -14.711779594421387 6.00000524520874
    vertex 44.793521881103516 -15.080154418945312 6.00000524520874
    vertex 43.22926712036133 -14.354104995727539 6.00000524520874
  endloop
endfacet
facet normal 0.0 0.0 0.0
  outer loop
    vertex 43.22926712036133 -14.354104995727539 6.00000524520874
    vertex 44.793521881103516 -15.080154418945312 6.00000524520874
    vertex 46.17560958862305 -14.461710929870605 6.000005722045898
  endloop
endfacet
facet normal 0.0 0.0 0.0
  outer loop
    vertex 43.22926712036133 -14.354104995727539 6.00000524520874
    vertex 46.17560958862305 -14.461710929870605 6.000005722045898
    vertex 44.6152458190918 -13.858193397521973 6.00000524520874
  endloop
endfacet
facet normal 0.0 0.0 0.0
  outer loop
    vertex 44.6152458190918 -13.858193397521973 6.00000524520874
    vertex 46.17560958862305 -14.461710929870605 6.000005722045898
    vertex 47.49391555786133 -13.71693229675293 6.000005722045898
  endloop
endfacet
facet normal 0.0 0.0 0.0
  outer loop
    vertex 44.6152458190918 -13.858193397521973 6.00000524520874
    vertex 47.49391555786133 -13.71693229675293 6.000005722045898
    vertex 45.94594955444336 -13.228818893432617 6.000005722045898
  endloop
endfacet
facet normal 0.0 0.0 0.0
  outer loop
    vertex 45.94594955444336 -13.228818893432617 6.000005722045898
    vertex 47.49391555786133 -13.71693229675293 6.000005722045898
    vertex 48.73693084716797 -12.852324485778809 6.000005722045898
  endloop
endfacet
facet normal 0.0 0.0 0.0
  outer loop
    vertex 45.94594955444336 -13.228818893432617 6.000005722045898
    vertex 48.73693084716797 -12.852324485778809 6.000005722045898
    vertex 47.208553314208984 -12.472043991088867 6.000005722045898
  endloop
endfacet
facet normal 0.0 0.0 0.0
  outer loop
    vertex 47.208553314208984 -12.472043991088867 6.000005722045898
    vertex 48.73693084716797 -12.852324485778809 6.000005722045898
    vertex 49.89379119873047 -11.87544059753418 6.000005722045898
  endloop
endfacet
facet normal 0.0 0.0 0.0
  outer loop
    vertex 47.208553314208984 -12.472043991088867 6.000005722045898
    vertex 49.89379119873047 -11.87544059753418 6.000005722045898
    vertex 48.390892028808594 -11.5951566696167 6.000005722045898
  endloop
endfacet
facet normal 0.0 0.0 0.0
  outer loop
    vertex 48.390892028808594 -11.5951566696167 6.000005722045898
    vertex 49.89379119873047 -11.87544059753418 6.000005722045898
    vertex 50.95439910888672 -10.794814109802246 6.000006198883057
  endloop
endfacet
facet normal 0.0 0.0 0.0
  outer loop
    vertex 48.390892028808594 -11.5951566696167 6.000005722045898
    vertex 50.95439910888672 -10.794814109802246 6.000006198883057
    vertex 49.481597900390625 -10.60660171508789 6.000005722045898
  endloop
endfacet
facet normal 0.0 0.0 0.0
  outer loop
    vertex 49.481597900390625 -10.60660171508789 6.000005722045898
    vertex 50.95439910888672 -10.794814109802246 6.000006198883057
    vertex 51.90947723388672 -9.619887351989746 6.000006198883057
  endloop
endfacet
facet normal 0.0 0.0 0.0
  outer loop
    vertex 49.481597900390625 -10.60660171508789 6.000005722045898
    vertex 51.90947723388672 -9.619887351989746 6.000006198883057
    vertex 50.47014617919922 -9.515899658203125 6.000005722045898
  endloop
endfacet
facet normal 0.0 0.0 0.0
  outer loop
    vertex 50.47014617919922 -9.515899658203125 6.000005722045898
    vertex 51.90947723388672 -9.619887351989746 6.000006198883057
    vertex 51.34703826904297 -8.333553314208984 6.000006198883057
  endloop
endfacet
facet normal 0.0 0.0 0.0
  outer loop
    vertex 51.34703826904297 -8.333553314208984 6.000006198883057
    vertex 51.90947723388672 -9.619887351989746 6.000006198883057
    vertex 52.75068664550781 -8.360921859741211 6.000006198883057
  endloop
endfacet
facet normal 0.0 0.0 0.0
  outer loop
    vertex 51.34703826904297 -8.333553314208984 6.000006198883057
    vertex 52.75068664550781 -8.360921859741211 6.000006198883057
    vertex 52.10381317138672 -7.070950984954834 6.000006198883057
  endloop
endfacet
facet normal 0.0 0.0 0.0
  outer loop
    vertex 52.10381317138672 -7.070950984954834 6.000006198883057
    vertex 52.75068664550781 -8.360921859741211 6.000006198883057
    vertex 53.47068786621094 -7.028916358947754 6.000006198883057
  endloop
endfacet
facet normal 0.0 0.0 0.0
  outer loop
    vertex 52.10381317138672 -7.070950984954834 6.000006198883057
    vertex 53.47068786621094 -7.028916358947754 6.000006198883057
    vertex 52.733184814453125 -5.740251541137695 6.000006198883057
  endloop
endfacet
facet normal 0.0 0.0 0.0
  outer loop
    vertex 52.733184814453125 -5.740251541137695 6.000006198883057
    vertex 53.47068786621094 -7.028916358947754 6.000006198883057
    vertex 54.06317901611328 -5.635508060455322 6.000006198883057
  endloop
endfacet
facet normal 0.0 0.0 0.0
  outer loop
    vertex 52.733184814453125 -5.740251541137695 6.000006198883057
    vertex 54.06317901611328 -5.635508060455322 6.000006198883057
    vertex 53.229095458984375 -4.354269981384277 6.000006198883057
  endloop
endfacet
facet normal 0.0 0.0 0.0
  outer loop
    vertex 53.229095458984375 -4.354269981384277 6.000006198883057
    vertex 54.06317901611328 -5.635508060455322 6.000006198883057
    vertex 54.522987365722656 -4.192868709564209 6.000006198883057
  endloop
endfacet
facet normal 0.0 0.0 0.0
  outer loop
    vertex 53.229095458984375 -4.354269981384277 6.000006198883057
    vertex 54.522987365722656 -4.192868709564209 6.000006198883057
    vertex 53.586769104003906 -2.9263548851013184 6.000006198883057
  endloop
endfacet
facet normal 0.0 0.0 0.0
  outer loop
    vertex 53.586769104003906 -2.9263548851013184 6.000006198883057
    vertex 54.522987365722656 -4.192868709564209 6.000006198883057
    vertex 55.12432861328125 -2.865157127380371 6.000006198883057
  endloop
endfacet
facet normal 0.0 0.0 0.0
  outer loop
    vertex 53.586769104003906 -2.9263548851013184 6.000006198883057
    vertex 55.12432861328125 -2.865157127380371 6.000006198883057
    vertex 53.802764892578125 -1.4702571630477905 6.000006198883057
  endloop
endfacet
facet normal 0.0 0.0 0.0
  outer loop
    vertex 53.802764892578125 -1.4702571630477905 6.000006198883057
    vertex 55.12432861328125 -2.865157127380371 6.000006198883057
    vertex 55.31221008300781 -1.4380507469177246 6.000006675720215
  endloop
endfacet
facet normal 0.0 0.0 0.0
  outer loop
    vertex 53.802764892578125 -1.4702571630477905 6.000006198883057
    vertex 55.31221008300781 -1.4380507469177246 6.000006675720215
    vertex 53.87499237060547 8.600809815869845e-15 6.000006198883057
  endloop
endfacet
facet normal 0.0 0.0 0.0
  outer loop
    vertex 53.87499237060547 8.600809815869845e-15 6.000006198883057
    vertex 55.31221008300781 -1.4380507469177246 6.000006675720215
    vertex 55.37499237060547 9.151899073647773e-13 6.000006675720215
  endloop
endfacet
facet normal 0.0 0.0 0.0
  outer loop
    vertex 53.87499237060547 8.600809815869845e-15 6.000006198883057
    vertex 55.37499237060547 9.151899073647773e-13 6.000006675720215
    vertex 55.31221008300781 1.4380507469177246 6.000006675720215
  endloop
endfacet
facet normal 0.0 0.0 0.0
  outer loop
    vertex 54.522987365722656 -4.192868709564209 6.000006198883057
    vertex 54.805450439453125 -4.268553256988525 6.000006198883057
    vertex 55.12432861328125 -2.865157127380371 6.000006198883057
  endloop
endfacet
facet normal 0.0 0.0 0.0
  outer loop
    vertex 55.12432861328125 -2.865157127380371 6.000006198883057
    vertex 54.805450439453125 -4.268553256988525 6.000006198883057
    vertex 54.812782287597656 -4.270458698272705 6.000006198883057
  endloop
endfacet
facet normal 0.0 0.0 0.0
  outer loop
    vertex 54.812782287597656 -4.270458698272705 6.000006198883057
    vertex 54.805450439453125 -4.268553256988525 6.000006198883057
    vertex 54.807891845703125 -4.269200801849365 6.000006198883057
  endloop
endfacet
facet normal 0.0 0.0 0.0
  outer loop
    vertex 54.812782287597656 -4.270458698272705 6.000006198883057
    vertex 54.807891845703125 -4.269200801849365 6.000006198883057
    vertex 54.810333251953125 -4.269835948944092 6.000006198883057
  endloop
endfacet
facet normal 0.0 0.0 0.0
  outer loop
    vertex 53.87499237060547 8.600809815869845e-15 6.000006198883057
    vertex 55.31221008300781 1.4380507469177246 6.000006675720215
    vertex 53.802764892578125 1.4702571630477905 6.000006198883057
  endloop
endfacet
facet normal 0.0 0.0 0.0
  outer loop
    vertex 53.802764892578125 1.4702571630477905 6.000006198883057
    vertex 55.31221008300781 1.4380507469177246 6.000006675720215
    vertex 55.12432861328125 2.865157127380371 6.000006198883057
  endloop
endfacet
facet normal 0.0 0.0 0.0
  outer loop
    vertex 53.802764892578125 1.4702571630477905 6.000006198883057
    vertex 55.12432861328125 2.865157127380371 6.000006198883057
    vertex 53.586769104003906 2.9263548851013184 6.000006198883057
  endloop
endfacet
facet normal 0.0 0.0 0.0
  outer loop
    vertex -51.8696403503418 -7.492607116699219 0.9999971389770508
    vertex -52.52237319946289 -6.22487211227417 0.9999971389770508
    vertex -51.8696403503418 -7.492607116699219 5.999996662139893
  endloop
endfacet
facet normal 0.0 0.0 0.0
  outer loop
    vertex -51.8696403503418 -7.492607116699219 5.999996662139893
    vertex -52.52237319946289 -6.22487211227417 0.9999971389770508
    vertex -52.52237319946289 -6.22487211227417 5.999996662139893
  endloop
endfacet
facet normal 0.0 0.0 0.0
  outer loop
    vertex -52.52237319946289 -6.22487211227417 5.999996662139893
    vertex -52.52237319946289 -6.22487211227417 0.9999971389770508
    vertex -53.051780700683594 -4.900886058807373 0.9999971389770508
  endloop
endfacet
facet normal 0.0 0.0 0.0
  outer loop
    vertex -52.52237319946289 -6.22487211227417 5.999996662139893
    vertex -53.051780700683594 -4.900886058807373 0.9999971389770508
    vertex -53.051780700683594 -4.900886058807373 5.999996185302734
  endloop
endfacet
facet normal 0.0 0.0 0.0
  outer loop
    vertex -53.051780700683594 -4.900886058807373 5.999996185302734
    vertex -53.051780700683594 -4.900886058807373 0.9999971389770508
    vertex -53.45307922363281 -3.532613515853882 0.9999971389770508
  endloop
endfacet
facet normal 0.0 0.0 0.0
  outer loop
    vertex -53.051780700683594 -4.900886058807373 5.999996185302734
    vertex -53.45307922363281 -3.532613515853882 0.9999971389770508
    vertex -53.45307922363281 -3.532613515853882 5.999996185302734
  endloop
endfacet
facet normal 0.0 0.0 0.0
  outer loop
    vertex -53.45307922363281 -3.532613515853882 5.999996185302734
    vertex -53.45307922363281 -3.532613515853882 0.9999971389770508
    vertex -53.7226448059082 -2.132418394088745 0.9999971389770508
  endloop
endfacet
facet normal 0.0 0.0 0.0
  outer loop
    vertex -53.45307922363281 -3.532613515853882 5.999996185302734
    vertex -53.7226448059082 -2.132418394088745 0.9999971389770508
    vertex -53.7226448059082 -2.132418394088745 5.999996185302734
  endloop
endfacet
facet normal 0.0 0.0 0.0
  outer loop
    vertex -53.7226448059082 -2.132418394088745 5.999996185302734
    vertex -53.7226448059082 -2.132418394088745 0.9999971389770508
    vertex -53.85803985595703 -0.7129536867141724 0.9999971389770508
  endloop
endfacet
facet normal 0.0 0.0 0.0
  outer loop
    vertex -53.7226448059082 -2.132418394088745 5.999996185302734
    vertex -53.85803985595703 -0.7129536867141724 0.9999971389770508
    vertex -53.85803985595703 -0.7129536867141724 5.999996185302734
  endloop
endfacet
facet normal 0.0 0.0 0.0
  outer loop
    vertex -53.85803985595703 -0.7129536867141724 5.999996185302734
    vertex -53.85803985595703 -0.7129536867141724 0.9999971389770508
    vertex -53.85803985595703 0.7129536867141724 0.9999971389770508
  endloop
endfacet
facet normal 0.0 0.0 0.0
  outer loop
    vertex -53.85803985595703 -0.7129536867141724 5.999996185302734
    vertex -53.85803985595703 0.7129536867141724 0.9999971389770508
    vertex -53.85803985595703 0.7129536867141724 5.999996185302734
  endloop
endfacet
facet normal 0.0 0.0 0.0
  outer loop
    vertex -53.85803985595703 0.7129536867141724 5.999996185302734
    vertex -53.85803985595703 0.7129536867141724 0.9999971389770508
    vertex -53.7226448059082 2.132418394088745 0.9999971389770508
  endloop
endfacet
facet normal 0.0 0.0 0.0
  outer loop
    vertex -53.85803985595703 0.7129536867141724 5.999996185302734
    vertex -53.7226448059082 2.132418394088745 0.9999971389770508
    vertex -53.7226448059082 2.132418394088745 5.999996185302734
  endloop
endfacet
facet normal 0.0 0.0 0.0
  outer loop
    vertex -53.7226448059082 2.132418394088745 5.999996185302734
    vertex -53.7226448059082 2.132418394088745 0.9999971389770508
    vertex -53.45307922363281 3.532613515853882 0.9999971389770508
  endloop
endfacet
facet normal 0.0 0.0 0.0
  outer loop
    vertex -53.7226448059082 2.132418394088745 5.999996185302734
    vertex -53.45307922363281 3.532613515853882 0.9999971389770508
    vertex -53.45307922363281 3.532613515853882 5.999996185302734
  endloop
endfacet
facet normal 0.0 0.0 0.0
  outer loop
    vertex -53.45307922363281 3.532613515853882 5.999996185302734
    vertex -53.45307922363281 3.532613515853882 0.9999971389770508
    vertex -53.051780700683594 4.900886058807373 0.9999971389770508
  endloop
endfacet
facet normal 0.0 0.0 0.0
  outer loop
    vertex -53.45307922363281 3.532613515853882 5.999996185302734
    vertex -53.051780700683594 4.900886058807373 0.9999971389770508
    vertex -53.051780700683594 4.900886058807373 5.999996185302734
  endloop
endfacet
facet normal 0.0 0.0 0.0
  outer loop
    vertex -53.051780700683594 4.900886058807373 5.999996185302734
    vertex -53.051780700683594 4.900886058807373 0.9999971389770508
    vertex -52.52237319946289 6.22487211227417 0.9999971389770508
  endloop
endfacet
facet normal 0.0 0.0 0.0
  outer loop
    vertex -53.051780700683594 4.900886058807373 5.999996185302734
    vertex -52.52237319946289 6.22487211227417 0.9999971389770508
    vertex -52.52237319946289 6.22487211227417 5.999996662139893
  endloop
endfacet
facet normal 0.0 0.0 0.0
  outer loop
    vertex -52.52237319946289 6.22487211227417 5.999996662139893
    vertex -52.52237319946289 6.22487211227417 0.9999971389770508
    vertex -51.8696403503418 7.492607116699219 5.999996662139893
  endloop
endfacet
facet normal 0.0 0.0 0.0
  outer loop
    vertex -51.8696403503418 7.492607116699219 5.999996662139893
    vertex -52.52237319946289 6.22487211227417 0.9999971389770508
    vertex -51.8696403503418 7.492607116699219 0.9999971389770508
  endloop
endfacet
facet normal 0.0 0.0 0.0
  outer loop
    vertex -46.80366897583008 12.733268737792969 0.999997615814209
    vertex -45.58932113647461 13.413344383239746 0.999997615814209
    vertex -46.80366897583008 12.733268737792969 5.999997138977051
  endloop
endfacet
facet normal 0.0 0.0 0.0
  outer loop
    vertex -46.80366897583008 12.733268737792969 5.999997138977051
    vertex -45.58932113647461 13.413344383239746 0.999997615814209
    vertex -45.58932113647461 13.413344383239746 5.999997138977051
  endloop
endfacet
facet normal 0.0 0.0 0.0
  outer loop
    vertex -45.58932113647461 13.413344383239746 5.999997138977051
    vertex -45.58932113647461 13.413344383239746 0.999997615814209
    vertex -44.317169189453125 13.977938652038574 0.999997615814209
  endloop
endfacet
facet normal 0.0 0.0 0.0
  outer loop
    vertex -45.58932113647461 13.413344383239746 5.999997138977051
    vertex -44.317169189453125 13.977938652038574 0.999997615814209
    vertex -44.317169189453125 13.977938652038574 5.999997138977051
  endloop
endfacet
facet normal 0.0 0.0 0.0
  outer loop
    vertex -44.317169189453125 13.977938652038574 5.999997138977051
    vertex -44.317169189453125 13.977938652038574 0.999997615814209
    vertex -42.99816131591797 14.422188758850098 0.9999980926513672
  endloop
endfacet
facet normal 0.0 0.0 0.0
  outer loop
    vertex -44.317169189453125 13.977938652038574 5.999997138977051
    vertex -42.99816131591797 14.422188758850098 0.9999980926513672
    vertex -42.99816131591797 14.422188758850098 5.999997138977051
  endloop
endfacet
facet normal 0.0 0.0 0.0
  outer loop
    vertex -42.99816131591797 14.422188758850098 5.999997138977051
    vertex -42.99816131591797 14.422188758850098 0.9999980926513672
    vertex -41.643653869628906 14.742270469665527 0.9999980926513672
  endloop
endfacet
facet normal 0.0 0.0 0.0
  outer loop
    vertex -42.99816131591797 14.422188758850098 5.999997138977051
    vertex -41.643653869628906 14.742270469665527 0.9999980926513672
    vertex -41.643653869628906 14.742270469665527 5.999997615814209
  endloop
endfacet
facet normal 0.0 0.0 0.0
  outer loop
    vertex -41.643653869628906 14.742270469665527 5.999997615814209
    vertex -41.643653869628906 14.742270469665527 0.9999980926513672
    vertex -40.26530838012695 14.935428619384766 0.9999980926513672
  endloop
endfacet
facet normal 0.0 0.0 0.0
  outer loop
    vertex -41.643653869628906 14.742270469665527 5.999997615814209
    vertex -40.26530838012695 14.935428619384766 0.9999980926513672
    vertex -40.26530838012695 14.935428619384766 5.999997615814209
  endloop
endfacet
facet normal 0.0 0.0 0.0
  outer loop
    vertex -40.26530838012695 14.935428619384766 5.999997615814209
    vertex -40.26530838012695 14.935428619384766 0.9999980926513672
    vertex -38.874996185302734 15.0 0.9999980926513672
  endloop
endfacet
facet normal 0.0 0.0 0.0
  outer loop
    vertex -40.26530838012695 14.935428619384766 5.999997615814209
    vertex -38.874996185302734 15.0 0.9999980926513672
    vertex -38.874996185302734 15.0 5.999997615814209
  endloop
endfacet
facet normal 0.0 0.0 0.0
  outer loop
    vertex 38.874996185302734 -15.0 1.0000057220458984
    vertex -38.874996185302734 -15.0 0.9999980926513672
    vertex 38.874996185302734 -15.0 6.000004768371582
  endloop
endfacet
facet normal 0.0 0.0 0.0
  outer loop
    vertex 38.874996185302734 -15.0 6.000004768371582
    vertex -38.874996185302734 -15.0 0.9999980926513672
    vertex -38.874996185302734 -15.0 5.999997615814209
  endloop
endfacet
facet normal 0.0 0.0 0.0
  outer loop
    vertex 38.874996185302734 15.0 6.000004768371582
    vertex 38.874996185302734 15.0 1.0000057220458984
    vertex 40.34525680541992 14.927770614624023 6.000004768371582
  endloop
endfacet
facet normal 0.0 0.0 0.0
  outer loop
    vertex 40.34525680541992 14.927770614624023 6.000004768371582
    vertex 38.874996185302734 15.0 1.0000057220458984
    vertex 40.34525680541992 14.927770614624023 1.0000057220458984
  endloop
endfacet
facet normal 0.0 0.0 0.0
  outer loop
    vertex 40.34525680541992 14.927770614624023 6.000004768371582
    vertex 40.34525680541992 14.927770614624023 1.0000057220458984
    vertex 41.80134963989258 14.711779594421387 1.0000057220458984
  endloop
endfacet
facet normal 0.0 0.0 0.0
  outer loop
    vertex 40.34525680541992 14.927770614624023 6.000004768371582
    vertex 41.80134963989258 14.711779594421387 1.0000057220458984
    vertex 41.80134963989258 14.711779594421387 6.00000524520874
  endloop
endfacet
facet normal 0.0 0.0 0.0
  outer loop
    vertex 41.80134963989258 14.711779594421387 6.00000524520874
    vertex 41.80134963989258 14.711779594421387 1.0000057220458984
    vertex 43.22926712036133 14.354104995727539 1.0000057220458984
  endloop
endfacet
facet normal 0.0 0.0 0.0
  outer loop
    vertex 41.80134963989258 14.711779594421387 6.00000524520874
    vertex 43.22926712036133 14.354104995727539 1.0000057220458984
    vertex 43.22926712036133 14.354104995727539 6.00000524520874
  endloop
endfacet
facet normal 0.0 0.0 0.0
  outer loop
    vertex 43.22926712036133 14.354104995727539 6.00000524520874
    vertex 43.22926712036133 14.354104995727539 1.0000057220458984
    vertex 44.6152458190918 13.858193397521973 1.0000061988830566
  endloop
endfacet
facet normal 0.0 0.0 0.0
  outer loop
    vertex 43.22926712036133 14.354104995727539 6.00000524520874
    vertex 44.6152458190918 13.858193397521973 1.0000061988830566
    vertex 44.6152458190918 13.858193397521973 6.00000524520874
  endloop
endfacet
facet normal 0.0 0.0 0.0
  outer loop
    vertex 44.6152458190918 13.858193397521973 6.00000524520874
    vertex 44.6152458190918 13.858193397521973 1.0000061988830566
    vertex 45.94594955444336 13.228818893432617 1.0000061988830566
  endloop
endfacet
facet normal 0.0 0.0 0.0
  outer loop
    vertex 44.6152458190918 13.858193397521973 6.00000524520874
    vertex 45.94594955444336 13.228818893432617 1.0000061988830566
    vertex 45.94594955444336 13.228818893432617 6.000005722045898
  endloop
endfacet
facet normal 0.0 0.0 0.0
  outer loop
    vertex 45.94594955444336 13.228818893432617 6.000005722045898
    vertex 45.94594955444336 13.228818893432617 1.0000061988830566
    vertex 47.208553314208984 12.472043991088867 1.0000061988830566
  endloop
endfacet
facet normal 0.0 0.0 0.0
  outer loop
    vertex 45.94594955444336 13.228818893432617 6.000005722045898
    vertex 47.208553314208984 12.472043991088867 1.0000061988830566
    vertex 47.208553314208984 12.472043991088867 6.000005722045898
  endloop
endfacet
facet normal 0.0 0.0 0.0
  outer loop
    vertex 47.208553314208984 12.472043991088867 6.000005722045898
    vertex 47.208553314208984 12.472043991088867 1.0000061988830566
    vertex 48.390892028808594 11.5951566696167 1.0000061988830566
  endloop
endfacet
facet normal 0.0 0.0 0.0
  outer loop
    vertex 47.208553314208984 12.472043991088867 6.000005722045898
    vertex 48.390892028808594 11.5951566696167 1.0000061988830566
    vertex 48.390892028808594 11.5951566696167 6.000005722045898
  endloop
endfacet
facet normal 0.0 0.0 0.0
  outer loop
    vertex 48.390892028808594 11.5951566696167 6.000005722045898
    vertex 48.390892028808594 11.5951566696167 1.0000061988830566
    vertex 49.481597900390625 10.60660171508789 1.0000066757202148
  endloop
endfacet
facet normal 0.0 0.0 0.0
  outer loop
    vertex 48.390892028808594 11.5951566696167 6.000005722045898
    vertex 49.481597900390625 10.60660171508789 1.0000066757202148
    vertex 49.481597900390625 10.60660171508789 6.000005722045898
  endloop
endfacet
facet normal 0.0 0.0 0.0
  outer loop
    vertex 49.481597900390625 10.60660171508789 6.000005722045898
    vertex 49.481597900390625 10.60660171508789 1.0000066757202148
    vertex 50.47014617919922 9.515899658203125 1.0000066757202148
  endloop
endfacet
facet normal 0.0 0.0 0.0
  outer loop
    vertex 49.481597900390625 10.60660171508789 6.000005722045898
    vertex 50.47014617919922 9.515899658203125 1.0000066757202148
    vertex 50.47014617919922 9.515899658203125 6.000005722045898
  endloop
endfacet
facet normal 0.0 0.0 0.0
  outer loop
    vertex 50.47014617919922 9.515899658203125 6.000005722045898
    vertex 50.47014617919922 9.515899658203125 1.0000066757202148
    vertex 51.34703826904297 8.333553314208984 1.0000066757202148
  endloop
endfacet
facet normal 0.0 0.0 0.0
  outer loop
    vertex 50.47014617919922 9.515899658203125 6.000005722045898
    vertex 51.34703826904297 8.333553314208984 1.0000066757202148
    vertex 51.34703826904297 8.333553314208984 6.000006198883057
  endloop
endfacet
facet normal 0.0 0.0 0.0
  outer loop
    vertex 51.34703826904297 8.333553314208984 6.000006198883057
    vertex 51.34703826904297 8.333553314208984 1.0000066757202148
    vertex 52.10381317138672 7.070950984954834 1.0000066757202148
  endloop
endfacet
facet normal 0.0 0.0 0.0
  outer loop
    vertex 51.34703826904297 8.333553314208984 6.000006198883057
    vertex 52.10381317138672 7.070950984954834 1.0000066757202148
    vertex 52.10381317138672 7.070950984954834 6.000006198883057
  endloop
endfacet
facet normal 0.0 0.0 0.0
  outer loop
    vertex 52.10381317138672 7.070950984954834 6.000006198883057
    vertex 52.10381317138672 7.070950984954834 1.0000066757202148
    vertex 52.733184814453125 5.740251541137695 1.0000066757202148
  endloop
endfacet
facet normal 0.0 0.0 0.0
  outer loop
    vertex 52.10381317138672 7.070950984954834 6.000006198883057
    vertex 52.733184814453125 5.740251541137695 1.0000066757202148
    vertex 52.733184814453125 5.740251541137695 6.000006198883057
  endloop
endfacet
facet normal 0.0 0.0 0.0
  outer loop
    vertex 52.733184814453125 5.740251541137695 6.000006198883057
    vertex 52.733184814453125 5.740251541137695 1.0000066757202148
    vertex 53.229095458984375 4.354269981384277 1.0000066757202148
  endloop
endfacet
facet normal 0.0 0.0 0.0
  outer loop
    vertex 52.733184814453125 5.740251541137695 6.000006198883057
    vertex 53.229095458984375 4.354269981384277 1.0000066757202148
    vertex 53.229095458984375 4.354269981384277 6.000006198883057
  endloop
endfacet
facet normal 0.0 0.0 0.0
  outer loop
    vertex 53.229095458984375 4.354269981384277 6.000006198883057
    vertex 53.229095458984375 4.354269981384277 1.0000066757202148
    vertex 53.586769104003906 2.9263548851013184 1.0000066757202148
  endloop
endfacet
facet normal 0.0 0.0 0.0
  outer loop
    vertex 53.229095458984375 4.354269981384277 6.000006198883057
    vertex 53.586769104003906 2.9263548851013184 1.0000066757202148
    vertex 53.586769104003906 2.9263548851013184 6.000006198883057
  endloop
endfacet
facet normal 0.0 0.0 0.0
  outer loop
    vertex 53.586769104003906 2.9263548851013184 6.000006198883057
    vertex 53.586769104003906 2.9263548851013184 1.0000066757202148
    vertex 53.802764892578125 1.4702571630477905 1.0000066757202148
  endloop
endfacet
facet normal 0.0 0.0 0.0
  outer loop
    vertex 53.586769104003906 2.9263548851013184 6.000006198883057
    vertex 53.802764892578125 1.4702571630477905 1.0000066757202148
    vertex 53.802764892578125 1.4702571630477905 6.000006198883057
  endloop
endfacet
facet normal 0.0 0.0 0.0
  outer loop
    vertex 53.802764892578125 1.4702571630477905 6.000006198883057
    vertex 53.802764892578125 1.4702571630477905 1.0000066757202148
    vertex 53.87499237060547 8.600809815869845e-15 1.0000066757202148
  endloop
endfacet
facet normal 0.0 0.0 0.0
  outer loop
    vertex 53.802764892578125 1.4702571630477905 6.000006198883057
    vertex 53.87499237060547 8.600809815869845e-15 1.0000066757202148
    vertex 53.87499237060547 8.600809815869845e-15 6.000006198883057
  endloop
endfacet
facet normal 0.0 0.0 0.0
  outer loop
    vertex 53.87499237060547 8.600809815869845e-15 6.000006198883057
    vertex 53.87499237060547 8.600809815869845e-15 1.0000066757202148
    vertex 53.802764892578125 -1.4702571630477905 1.0000066757202148
  endloop
endfacet
facet normal 0.0 0.0 0.0
  outer loop
    vertex 53.87499237060547 8.600809815869845e-15 6.000006198883057
    vertex 53.802764892578125 -1.4702571630477905 1.0000066757202148
    vertex 53.802764892578125 -1.4702571630477905 6.000006198883057
  endloop
endfacet
facet normal 0.0 0.0 0.0
  outer loop
    vertex 53.802764892578125 -1.4702571630477905 6.000006198883057
    vertex 53.802764892578125 -1.4702571630477905 1.0000066757202148
    vertex 53.586769104003906 -2.9263548851013184 1.0000066757202148
  endloop
endfacet
facet normal 0.0 0.0 0.0
  outer loop
    vertex 53.802764892578125 -1.4702571630477905 6.000006198883057
    vertex 53.586769104003906 -2.9263548851013184 1.0000066757202148
    vertex 53.586769104003906 -2.9263548851013184 6.000006198883057
  endloop
endfacet
facet normal 0.0 0.0 0.0
  outer loop
    vertex 53.586769104003906 -2.9263548851013184 6.000006198883057
    vertex 53.586769104003906 -2.9263548851013184 1.0000066757202148
    vertex 53.229095458984375 -4.354269981384277 1.0000066757202148
  endloop
endfacet
facet normal 0.0 0.0 0.0
  outer loop
    vertex 53.586769104003906 -2.9263548851013184 6.000006198883057
    vertex 53.229095458984375 -4.354269981384277 1.0000066757202148
    vertex 53.229095458984375 -4.354269981384277 6.000006198883057
  endloop
endfacet
facet normal 0.0 0.0 0.0
  outer loop
    vertex 53.229095458984375 -4.354269981384277 6.000006198883057
    vertex 53.229095458984375 -4.354269981384277 1.0000066757202148
    vertex 52.733184814453125 -5.740251541137695 1.0000066757202148
  endloop
endfacet
facet normal 0.0 0.0 0.0
  outer loop
    vertex 53.229095458984375 -4.354269981384277 6.000006198883057
    vertex 52.733184814453125 -5.740251541137695 1.0000066757202148
    vertex 52.733184814453125 -5.740251541137695 6.000006198883057
  endloop
endfacet
facet normal 0.0 0.0 0.0
  outer loop
    vertex 52.733184814453125 -5.740251541137695 6.000006198883057
    vertex 52.733184814453125 -5.740251541137695 1.0000066757202148
    vertex 52.10381317138672 -7.070950984954834 1.0000066757202148
  endloop
endfacet
facet normal 0.0 0.0 0.0
  outer loop
    vertex 52.733184814453125 -5.740251541137695 6.000006198883057
    vertex 52.10381317138672 -7.070950984954834 1.0000066757202148
    vertex 52.10381317138672 -7.070950984954834 6.000006198883057
  endloop
endfacet
facet normal 0.0 0.0 0.0
  outer loop
    vertex 52.10381317138672 -7.070950984954834 6.000006198883057
    vertex 52.10381317138672 -7.070950984954834 1.0000066757202148
    vertex 51.34703826904297 -8.333553314208984 1.0000066757202148
  endloop
endfacet
facet normal 0.0 0.0 0.0
  outer loop
    vertex 52.10381317138672 -7.070950984954834 6.000006198883057
    vertex 51.34703826904297 -8.333553314208984 1.0000066757202148
    vertex 51.34703826904297 -8.333553314208984 6.000006198883057
  endloop
endfacet
facet normal 0.0 0.0 0.0
  outer loop
    vertex 51.34703826904297 -8.333553314208984 6.000006198883057
    vertex 51.34703826904297 -8.333553314208984 1.0000066757202148
    vertex 50.47014617919922 -9.515899658203125 1.0000066757202148
  endloop
endfacet
facet normal 0.0 0.0 0.0
  outer loop
    vertex 51.34703826904297 -8.333553314208984 6.000006198883057
    vertex 50.47014617919922 -9.515899658203125 1.0000066757202148
    vertex 50.47014617919922 -9.515899658203125 6.000005722045898
  endloop
endfacet
facet normal 0.0 0.0 0.0
  outer loop
    vertex 50.47014617919922 -9.515899658203125 6.000005722045898
    vertex 50.47014617919922 -9.515899658203125 1.0000066757202148
    vertex 49.481597900390625 -10.60660171508789 1.0000066757202148
  endloop
endfacet
facet normal 0.0 0.0 0.0
  outer loop
    vertex 50.47014617919922 -9.515899658203125 6.000005722045898
    vertex 49.481597900390625 -10.60660171508789 1.0000066757202148
    vertex 49.481597900390625 -10.60660171508789 6.000005722045898
  endloop
endfacet
facet normal 0.0 0.0 0.0
  outer loop
    vertex 49.481597900390625 -10.60660171508789 6.000005722045898
    vertex 49.481597900390625 -10.60660171508789 1.0000066757202148
    vertex 48.390892028808594 -11.5951566696167 1.0000061988830566
  endloop
endfacet
facet normal 0.0 0.0 0.0
  outer loop
    vertex 49.481597900390625 -10.60660171508789 6.000005722045898
    vertex 48.390892028808594 -11.5951566696167 1.0000061988830566
    vertex 48.390892028808594 -11.5951566696167 6.000005722045898
  endloop
endfacet
facet normal 0.0 0.0 0.0
  outer loop
    vertex 48.390892028808594 -11.5951566696167 6.000005722045898
    vertex 48.390892028808594 -11.5951566696167 1.0000061988830566
    vertex 47.208553314208984 -12.472043991088867 1.0000061988830566
  endloop
endfacet
facet normal 0.0 0.0 0.0
  outer loop
    vertex 48.390892028808594 -11.5951566696167 6.000005722045898
    vertex 47.208553314208984 -12.472043991088867 1.0000061988830566
    vertex 47.208553314208984 -12.472043991088867 6.000005722045898
  endloop
endfacet
facet normal 0.0 0.0 0.0
  outer loop
    vertex 47.208553314208984 -12.472043991088867 6.000005722045898
    vertex 47.208553314208984 -12.472043991088867 1.0000061988830566
    vertex 45.94594955444336 -13.228818893432617 1.0000061988830566
  endloop
endfacet
facet normal 0.0 0.0 0.0
  outer loop
    vertex 47.208553314208984 -12.472043991088867 6.000005722045898
    vertex 45.94594955444336 -13.228818893432617 1.0000061988830566
    vertex 45.94594955444336 -13.228818893432617 6.000005722045898
  endloop
endfacet
facet normal 0.0 0.0 0.0
  outer loop
    vertex 45.94594955444336 -13.228818893432617 6.000005722045898
    vertex 45.94594955444336 -13.228818893432617 1.0000061988830566
    vertex 44.6152458190918 -13.858193397521973 1.0000061988830566
  endloop
endfacet
facet normal 0.0 0.0 0.0
  outer loop
    vertex 45.94594955444336 -13.228818893432617 6.000005722045898
    vertex 44.6152458190918 -13.858193397521973 1.0000061988830566
    vertex 44.6152458190918 -13.858193397521973 6.00000524520874
  endloop
endfacet
facet normal 0.0 0.0 0.0
  outer loop
    vertex 44.6152458190918 -13.858193397521973 6.00000524520874
    vertex 44.6152458190918 -13.858193397521973 1.0000061988830566
    vertex 43.22926712036133 -14.354104995727539 1.0000057220458984
  endloop
endfacet
facet normal 0.0 0.0 0.0
  outer loop
    vertex 44.6152458190918 -13.858193397521973 6.00000524520874
    vertex 43.22926712036133 -14.354104995727539 1.0000057220458984
    vertex 43.22926712036133 -14.354104995727539 6.00000524520874
  endloop
endfacet
facet normal 0.0 0.0 0.0
  outer loop
    vertex 43.22926712036133 -14.354104995727539 6.00000524520874
    vertex 43.22926712036133 -14.354104995727539 1.0000057220458984
    vertex 41.80134963989258 -14.711779594421387 1.0000057220458984
  endloop
endfacet
facet normal 0.0 0.0 0.0
  outer loop
    vertex 43.22926712036133 -14.354104995727539 6.00000524520874
    vertex 41.80134963989258 -14.711779594421387 1.0000057220458984
    vertex 41.80134963989258 -14.711779594421387 6.00000524520874
  endloop
endfacet
facet normal 0.0 0.0 0.0
  outer loop
    vertex 41.80134963989258 -14.711779594421387 6.00000524520874
    vertex 41.80134963989258 -14.711779594421387 1.0000057220458984
    vertex 40.34525680541992 -14.927770614624023 1.0000057220458984
  endloop
endfacet
facet normal 0.0 0.0 0.0
  outer loop
    vertex 41.80134963989258 -14.711779594421387 6.00000524520874
    vertex 40.34525680541992 -14.927770614624023 1.0000057220458984
    vertex 40.34525680541992 -14.927770614624023 6.000004768371582
  endloop
endfacet
facet normal 0.0 0.0 0.0
  outer loop
    vertex 40.34525680541992 -14.927770614624023 6.000004768371582
    vertex 40.34525680541992 -14.927770614624023 1.0000057220458984
    vertex 38.874996185302734 -15.0 1.0000057220458984
  endloop
endfacet
facet normal 0.0 0.0 0.0
  outer loop
    vertex 40.34525680541992 -14.927770614624023 6.000004768371582
    vertex 38.874996185302734 -15.0 1.0000057220458984
    vertex 38.874996185302734 -15.0 6.000004768371582
  endloop
endfacet
facet normal 0.0 0.0 0.0
  outer loop
    vertex -38.874996185302734 15.0 0.9999980926513672
    vertex 38.874996185302734 15.0 1.0000057220458984
    vertex -38.874996185302734 15.0 5.999997615814209
  endloop
endfacet
facet normal 0.0 0.0 0.0
  outer loop
    vertex -38.874996185302734 15.0 5.999997615814209
    vertex 38.874996185302734 15.0 1.0000057220458984
    vertex 38.874996185302734 15.0 6.000004768371582
  endloop
endfacet
facet normal 0.0 0.0 0.0
  outer loop
    vertex -46.80366897583008 -12.733268737792969 5.999997138977051
    vertex -45.58932113647461 -13.413344383239746 5.999997138977051
    vertex -46.80366897583008 -12.733268737792969 0.999997615814209
  endloop
endfacet
facet normal 0.0 0.0 0.0
  outer loop
    vertex -46.80366897583008 -12.733268737792969 0.999997615814209
    vertex -45.58932113647461 -13.413344383239746 5.999997138977051
    vertex -45.58932113647461 -13.413344383239746 0.999997615814209
  endloop
endfacet
facet normal 0.0 0.0 0.0
  outer loop
    vertex -45.58932113647461 -13.413344383239746 0.999997615814209
    vertex -45.58932113647461 -13.413344383239746 5.999997138977051
    vertex -44.317169189453125 -13.977938652038574 5.999997138977051
  endloop
endfacet
facet normal 0.0 0.0 0.0
  outer loop
    vertex -45.58932113647461 -13.413344383239746 0.999997615814209
    vertex -44.317169189453125 -13.977938652038574 5.999997138977051
    vertex -44.317169189453125 -13.977938652038574 0.999997615814209
  endloop
endfacet
facet normal 0.0 0.0 0.0
  outer loop
    vertex -44.317169189453125 -13.977938652038574 0.999997615814209
    vertex -44.317169189453125 -13.977938652038574 5.999997138977051
    vertex -42.99816131591797 -14.422188758850098 5.999997138977051
  endloop
endfacet
facet normal 0.0 0.0 0.0
  outer loop
    vertex -44.317169189453125 -13.977938652038574 0.999997615814209
    vertex -42.99816131591797 -14.422188758850098 5.999997138977051
    vertex -42.99816131591797 -14.422188758850098 0.9999980926513672
  endloop
endfacet
facet normal 0.0 0.0 0.0
  outer loop
    vertex -42.99816131591797 -14.422188758850098 0.9999980926513672
    vertex -42.99816131591797 -14.422188758850098 5.999997138977051
    vertex -41.643653869628906 -14.742270469665527 5.999997615814209
  endloop
endfacet
facet normal 0.0 0.0 0.0
  outer loop
    vertex -42.99816131591797 -14.422188758850098 0.9999980926513672
    vertex -41.643653869628906 -14.742270469665527 5.999997615814209
    vertex -41.643653869628906 -14.742270469665527 0.9999980926513672
  endloop
endfacet
facet normal 0.0 0.0 0.0
  outer loop
    vertex -41.643653869628906 -14.742270469665527 0.9999980926513672
    vertex -41.643653869628906 -14.742270469665527 5.999997615814209
    vertex -40.26530838012695 -14.935428619384766 5.999997615814209
  endloop
endfacet
facet normal 0.0 0.0 0.0
  outer loop
    vertex -41.643653869628906 -14.742270469665527 0.9999980926513672
    vertex -40.26530838012695 -14.935428619384766 5.999997615814209
    vertex -40.26530838012695 -14.935428619384766 0.9999980926513672
  endloop
endfacet
facet normal 0.0 0.0 0.0
  outer loop
    vertex -40.26530838012695 -14.935428619384766 0.9999980926513672
    vertex -40.26530838012695 -14.935428619384766 5.999997615814209
    vertex -38.874996185302734 -15.0 0.9999980926513672
  endloop
endfacet
facet normal 0.0 0.0 0.0
  outer loop
    vertex -38.874996185302734 -15.0 0.9999980926513672
    vertex -40.26530838012695 -14.935428619384766 5.999997615814209
    vertex -38.874996185302734 -15.0 5.999997615814209
  endloop
endfacet
facet normal 0.0 0.0 0.0
  outer loop
    vertex 38.874996185302734 16.200000762939453 1.0000057220458984
    vertex -38.874996185302734 16.200000762939453 0.9999980926513672
    vertex 38.874996185302734 16.200000762939453 6.000004768371582
  endloop
endfacet
facet normal 0.0 0.0 0.0
  outer loop
    vertex 38.874996185302734 16.200000762939453 6.000004768371582
    vertex -38.874996185302734 16.200000762939453 0.9999980926513672
    vertex -38.874996185302734 16.200000762939453 5.999997615814209
  endloop
endfacet
facet normal 0.0 0.0 0.0
  outer loop
    vertex 54.522987365722656 -4.192868709564209 6.000006198883057
    vertex 54.18400573730469 -5.298501014709473 1.0000066757202148
    vertex 54.522987365722656 -4.192868709564209 4.500006675720215
  endloop
endfacet
facet normal 0.0 0.0 0.0
  outer loop
    vertex 54.522987365722656 -4.192868709564209 4.500006675720215
    vertex 54.18400573730469 -5.298501014709473 1.0000066757202148
    vertex 54.61833953857422 -3.8192946910858154 1.000007152557373
  endloop
endfacet
facet normal 0.0 0.0 0.0
  outer loop
    vertex 54.522987365722656 -4.192868709564209 4.500006675720215
    vertex 54.61833953857422 -3.8192946910858154 1.000007152557373
    vertex 54.828880310058594 -2.813100576400757 4.500006675720215
  endloop
endfacet
facet normal 0.0 0.0 0.0
  outer loop
    vertex 54.828880310058594 -2.813100576400757 4.500006675720215
    vertex 54.61833953857422 -3.8192946910858154 1.000007152557373
    vertex 54.91010284423828 -2.3055002689361572 1.000007152557373
  endloop
endfacet
facet normal 0.0 0.0 0.0
  outer loop
    vertex 54.828880310058594 -2.813100576400757 4.500006675720215
    vertex 54.91010284423828 -2.3055002689361572 1.000007152557373
    vertex 55.013343811035156 -1.4119230508804321 4.500006675720215
  endloop
endfacet
facet normal 0.0 0.0 0.0
  outer loop
    vertex 55.013343811035156 -1.4119230508804321 4.500006675720215
    vertex 54.91010284423828 -2.3055002689361572 1.000007152557373
    vertex 55.056640625 -0.770827054977417 1.000007152557373
  endloop
endfacet
facet normal 0.0 0.0 0.0
  outer loop
    vertex 55.013343811035156 -1.4119230508804321 4.500006675720215
    vertex 55.056640625 -0.770827054977417 1.000007152557373
    vertex 55.074989318847656 1.3916209764402998e-12 4.500006675720215
  endloop
endfacet
facet normal 0.0 0.0 0.0
  outer loop
    vertex 55.074989318847656 1.3916209764402998e-12 4.500006675720215
    vertex 55.056640625 -0.770827054977417 1.000007152557373
    vertex 55.056640625 0.770827054977417 1.000007152557373
  endloop
endfacet
facet normal 0.0 0.0 0.0
  outer loop
    vertex 55.074989318847656 1.3916209764402998e-12 4.500006675720215
    vertex 55.056640625 0.770827054977417 1.000007152557373
    vertex 55.013343811035156 1.4119230508804321 4.500006675720215
  endloop
endfacet
facet normal 0.0 0.0 0.0
  outer loop
    vertex 55.013343811035156 1.4119230508804321 4.500006675720215
    vertex 55.056640625 0.770827054977417 1.000007152557373
    vertex 54.91010284423828 2.3055002689361572 1.000007152557373
  endloop
endfacet
facet normal 0.0 0.0 0.0
  outer loop
    vertex 55.013343811035156 1.4119230508804321 4.500006675720215
    vertex 54.91010284423828 2.3055002689361572 1.000007152557373
    vertex 54.828880310058594 2.813100576400757 4.500006675720215
  endloop
endfacet
facet normal 0.0 0.0 0.0
  outer loop
    vertex 54.828880310058594 2.813100576400757 4.500006675720215
    vertex 54.91010284423828 2.3055002689361572 1.000007152557373
    vertex 54.61833953857422 3.8192946910858154 1.000007152557373
  endloop
endfacet
facet normal 0.0 0.0 0.0
  outer loop
    vertex 54.828880310058594 2.813100576400757 4.500006675720215
    vertex 54.61833953857422 3.8192946910858154 1.000007152557373
    vertex 54.522987365722656 4.192868709564209 4.500006675720215
  endloop
endfacet
facet normal 0.0 0.0 0.0
  outer loop
    vertex 54.522987365722656 4.192868709564209 4.500006675720215
    vertex 54.61833953857422 3.8192946910858154 1.000007152557373
    vertex 54.18400573730469 5.298501014709473 1.0000066757202148
  endloop
endfacet
facet normal 0.0 0.0 0.0
  outer loop
    vertex 54.522987365722656 4.192868709564209 4.500006675720215
    vertex 54.18400573730469 5.298501014709473 1.0000066757202148
    vertex 54.522987365722656 4.192868709564209 6.000006198883057
  endloop
endfacet
facet normal 0.0 0.0 0.0
  outer loop
    vertex 54.522987365722656 4.192868709564209 6.000006198883057
    vertex 54.18400573730469 5.298501014709473 1.0000066757202148
    vertex 54.06317901611328 5.635508060455322 6.000006198883057
  endloop
endfacet
facet normal 0.0 0.0 0.0
  outer loop
    vertex 54.06317901611328 5.635508060455322 6.000006198883057
    vertex 54.18400573730469 5.298501014709473 1.0000066757202148
    vertex 53.61103057861328 6.72972297668457 1.0000066757202148
  endloop
endfacet
facet normal 0.0 0.0 0.0
  outer loop
    vertex 54.06317901611328 5.635508060455322 6.000006198883057
    vertex 53.61103057861328 6.72972297668457 1.0000066757202148
    vertex 53.47068786621094 7.028916358947754 6.000006198883057
  endloop
endfacet
facet normal 0.0 0.0 0.0
  outer loop
    vertex 53.47068786621094 7.028916358947754 6.000006198883057
    vertex 53.61103057861328 6.72972297668457 1.0000066757202148
    vertex 52.90460205078125 8.100000381469727 1.0000066757202148
  endloop
endfacet
facet normal 0.0 0.0 0.0
  outer loop
    vertex 53.47068786621094 7.028916358947754 6.000006198883057
    vertex 52.90460205078125 8.100000381469727 1.0000066757202148
    vertex 52.75068664550781 8.360921859741211 6.000006198883057
  endloop
endfacet
facet normal 0.0 0.0 0.0
  outer loop
    vertex 52.75068664550781 8.360921859741211 6.000006198883057
    vertex 52.90460205078125 8.100000381469727 1.0000066757202148
    vertex 52.07112121582031 9.39692211151123 1.0000066757202148
  endloop
endfacet
facet normal 0.0 0.0 0.0
  outer loop
    vertex 52.75068664550781 8.360921859741211 6.000006198883057
    vertex 52.07112121582031 9.39692211151123 1.0000066757202148
    vertex 51.90947723388672 9.619887351989746 6.000006198883057
  endloop
endfacet
facet normal 0.0 0.0 0.0
  outer loop
    vertex 51.90947723388672 9.619887351989746 6.000006198883057
    vertex 52.07112121582031 9.39692211151123 1.0000066757202148
    vertex 51.118133544921875 10.608743667602539 1.0000066757202148
  endloop
endfacet
facet normal 0.0 0.0 0.0
  outer loop
    vertex 51.90947723388672 9.619887351989746 6.000006198883057
    vertex 51.118133544921875 10.608743667602539 1.0000066757202148
    vertex 50.95439910888672 10.794814109802246 6.000006198883057
  endloop
endfacet
facet normal 0.0 0.0 0.0
  outer loop
    vertex 50.95439910888672 10.794814109802246 6.000006198883057
    vertex 51.118133544921875 10.608743667602539 1.0000066757202148
    vertex 50.05427551269531 11.724491119384766 1.0000066757202148
  endloop
endfacet
facet normal 0.0 0.0 0.0
  outer loop
    vertex 50.95439910888672 10.794814109802246 6.000006198883057
    vertex 50.05427551269531 11.724491119384766 1.0000066757202148
    vertex 49.89379119873047 11.87544059753418 6.000005722045898
  endloop
endfacet
facet normal 0.0 0.0 0.0
  outer loop
    vertex 49.89379119873047 11.87544059753418 6.000005722045898
    vertex 50.05427551269531 11.724491119384766 1.0000066757202148
    vertex 48.88916778564453 12.734060287475586 1.0000061988830566
  endloop
endfacet
facet normal 0.0 0.0 0.0
  outer loop
    vertex 49.89379119873047 11.87544059753418 6.000005722045898
    vertex 48.88916778564453 12.734060287475586 1.0000061988830566
    vertex 48.73693084716797 12.852324485778809 6.000005722045898
  endloop
endfacet
facet normal 0.0 0.0 0.0
  outer loop
    vertex 48.73693084716797 12.852324485778809 6.000005722045898
    vertex 48.88916778564453 12.734060287475586 1.0000061988830566
    vertex 47.63338088989258 13.628307342529297 1.0000061988830566
  endloop
endfacet
facet normal 0.0 0.0 0.0
  outer loop
    vertex 48.73693084716797 12.852324485778809 6.000005722045898
    vertex 47.63338088989258 13.628307342529297 1.0000061988830566
    vertex 47.49391555786133 13.71693229675293 6.000005722045898
  endloop
endfacet
facet normal 0.0 0.0 0.0
  outer loop
    vertex 47.49391555786133 13.71693229675293 6.000005722045898
    vertex 47.63338088989258 13.628307342529297 1.0000061988830566
    vertex 46.29826736450195 14.399134635925293 1.0000061988830566
  endloop
endfacet
facet normal 0.0 0.0 0.0
  outer loop
    vertex 47.49391555786133 13.71693229675293 6.000005722045898
    vertex 46.29826736450195 14.399134635925293 1.0000061988830566
    vertex 46.17560958862305 14.461710929870605 6.000005722045898
  endloop
endfacet
facet normal 0.0 0.0 0.0
  outer loop
    vertex 46.17560958862305 14.461710929870605 6.000005722045898
    vertex 46.29826736450195 14.399134635925293 1.0000061988830566
    vertex 44.895931243896484 15.039560317993164 1.0000061988830566
  endloop
endfacet
facet normal 0.0 0.0 0.0
  outer loop
    vertex 46.17560958862305 14.461710929870605 6.000005722045898
    vertex 44.895931243896484 15.039560317993164 1.0000061988830566
    vertex 44.793521881103516 15.080154418945312 6.00000524520874
  endloop
endfacet
facet normal 0.0 0.0 0.0
  outer loop
    vertex 44.793521881103516 15.080154418945312 6.00000524520874
    vertex 44.895931243896484 15.039560317993164 1.0000061988830566
    vertex 43.43906021118164 15.54378604888916 1.0000057220458984
  endloop
endfacet
facet normal 0.0 0.0 0.0
  outer loop
    vertex 44.793521881103516 15.080154418945312 6.00000524520874
    vertex 43.43906021118164 15.54378604888916 1.0000057220458984
    vertex 43.3597297668457 15.56686019897461 6.00000524520874
  endloop
endfacet
facet normal 0.0 0.0 0.0
  outer loop
    vertex 43.3597297668457 15.56686019897461 6.00000524520874
    vertex 43.43906021118164 15.54378604888916 1.0000057220458984
    vertex 41.94086837768555 15.907244682312012 1.0000057220458984
  endloop
endfacet
facet normal 0.0 0.0 0.0
  outer loop
    vertex 43.3597297668457 15.56686019897461 6.00000524520874
    vertex 41.94086837768555 15.907244682312012 1.0000057220458984
    vertex 41.88676071166992 15.917576789855957 6.00000524520874
  endloop
endfacet
facet normal 0.0 0.0 0.0
  outer loop
    vertex 41.88676071166992 15.917576789855957 6.00000524520874
    vertex 41.94086837768555 15.907244682312012 1.0000057220458984
    vertex 40.4149055480957 16.126646041870117 1.0000057220458984
  endloop
endfacet
facet normal 0.0 0.0 0.0
  outer loop
    vertex 41.88676071166992 15.917576789855957 6.00000524520874
    vertex 40.4149055480957 16.126646041870117 1.0000057220458984
    vertex 40.38748550415039 16.129240036010742 6.000004768371582
  endloop
endfacet
facet normal 0.0 0.0 0.0
  outer loop
    vertex 40.38748550415039 16.129240036010742 6.000004768371582
    vertex 40.4149055480957 16.126646041870117 1.0000057220458984
    vertex 38.874996185302734 16.200000762939453 1.0000057220458984
  endloop
endfacet
facet normal 0.0 0.0 0.0
  outer loop
    vertex 40.38748550415039 16.129240036010742 6.000004768371582
    vertex 38.874996185302734 16.200000762939453 1.0000057220458984
    vertex 38.874996185302734 16.200000762939453 6.000004768371582
  endloop
endfacet
facet normal 0.0 0.0 0.0
  outer loop
    vertex 54.522987365722656 -4.192868709564209 6.000006198883057
    vertex 54.06317901611328 -5.635508060455322 6.000006198883057
    vertex 54.18400573730469 -5.298501014709473 1.0000066757202148
  endloop
endfacet
facet normal 0.0 0.0 0.0
  outer loop
    vertex 54.18400573730469 -5.298501014709473 1.0000066757202148
    vertex 54.06317901611328 -5.635508060455322 6.000006198883057
    vertex 53.61103057861328 -6.72972297668457 1.0000066757202148
  endloop
endfacet
facet normal 0.0 0.0 0.0
  outer loop
    vertex 53.61103057861328 -6.72972297668457 1.0000066757202148
    vertex 54.06317901611328 -5.635508060455322 6.000006198883057
    vertex 53.47068786621094 -7.028916358947754 6.000006198883057
  endloop
endfacet
facet normal 0.0 0.0 0.0
  outer loop
    vertex 53.61103057861328 -6.72972297668457 1.0000066757202148
    vertex 53.47068786621094 -7.028916358947754 6.000006198883057
    vertex 52.90460205078125 -8.100000381469727 1.0000066757202148
  endloop
endfacet
facet normal 0.0 0.0 0.0
  outer loop
    vertex 52.90460205078125 -8.100000381469727 1.0000066757202148
    vertex 53.47068786621094 -7.028916358947754 6.000006198883057
    vertex 52.75068664550781 -8.360921859741211 6.000006198883057
  endloop
endfacet
facet normal 0.0 0.0 0.0
  outer loop
    vertex 52.90460205078125 -8.100000381469727 1.0000066757202148
    vertex 52.75068664550781 -8.360921859741211 6.000006198883057
    vertex 52.07112121582031 -9.39692211151123 1.0000066757202148
  endloop
endfacet
facet normal 0.0 0.0 0.0
  outer loop
    vertex 52.07112121582031 -9.39692211151123 1.0000066757202148
    vertex 52.75068664550781 -8.360921859741211 6.000006198883057
    vertex 51.90947723388672 -9.619887351989746 6.000006198883057
  endloop
endfacet
facet normal 0.0 0.0 0.0
  outer loop
    vertex 52.07112121582031 -9.39692211151123 1.0000066757202148
    vertex 51.90947723388672 -9.619887351989746 6.000006198883057
    vertex 51.118133544921875 -10.608743667602539 1.0000066757202148
  endloop
endfacet
facet normal 0.0 0.0 0.0
  outer loop
    vertex 51.118133544921875 -10.608743667602539 1.0000066757202148
    vertex 51.90947723388672 -9.619887351989746 6.000006198883057
    vertex 50.95439910888672 -10.794814109802246 6.000006198883057
  endloop
endfacet
facet normal 0.0 0.0 0.0
  outer loop
    vertex 51.118133544921875 -10.608743667602539 1.0000066757202148
    vertex 50.95439910888672 -10.794814109802246 6.000006198883057
    vertex 50.05427551269531 -11.724491119384766 1.0000066757202148
  endloop
endfacet
facet normal 0.0 0.0 0.0
  outer loop
    vertex 50.05427551269531 -11.724491119384766 1.0000066757202148
    vertex 50.95439910888672 -10.794814109802246 6.000006198883057
    vertex 49.89379119873047 -11.87544059753418 6.000005722045898
  endloop
endfacet
facet normal 0.0 0.0 0.0
  outer loop
    vertex 50.05427551269531 -11.724491119384766 1.0000066757202148
    vertex 49.89379119873047 -11.87544059753418 6.000005722045898
    vertex 48.88916778564453 -12.734060287475586 1.0000061988830566
  endloop
endfacet
facet normal 0.0 0.0 0.0
  outer loop
    vertex 48.88916778564453 -12.734060287475586 1.0000061988830566
    vertex 49.89379119873047 -11.87544059753418 6.000005722045898
    vertex 48.73693084716797 -12.852324485778809 6.000005722045898
  endloop
endfacet
facet normal 0.0 0.0 0.0
  outer loop
    vertex 48.88916778564453 -12.734060287475586 1.0000061988830566
    vertex 48.73693084716797 -12.852324485778809 6.000005722045898
    vertex 47.63338088989258 -13.628307342529297 1.0000061988830566
  endloop
endfacet
facet normal 0.0 0.0 0.0
  outer loop
    vertex 47.63338088989258 -13.628307342529297 1.0000061988830566
    vertex 48.73693084716797 -12.852324485778809 6.000005722045898
    vertex 47.49391555786133 -13.71693229675293 6.000005722045898
  endloop
endfacet
facet normal 0.0 0.0 0.0
  outer loop
    vertex 47.63338088989258 -13.628307342529297 1.0000061988830566
    vertex 47.49391555786133 -13.71693229675293 6.000005722045898
    vertex 46.29826736450195 -14.399134635925293 1.0000061988830566
  endloop
endfacet
facet normal 0.0 0.0 0.0
  outer loop
    vertex 46.29826736450195 -14.399134635925293 1.0000061988830566
    vertex 47.49391555786133 -13.71693229675293 6.000005722045898
    vertex 46.17560958862305 -14.461710929870605 6.000005722045898
  endloop
endfacet
facet normal 0.0 0.0 0.0
  outer loop
    vertex 46.29826736450195 -14.399134635925293 1.0000061988830566
    vertex 46.17560958862305 -14.461710929870605 6.000005722045898
    vertex 44.895931243896484 -15.039560317993164 1.0000061988830566
  endloop
endfacet
facet normal 0.0 0.0 0.0
  outer loop
    vertex 44.895931243896484 -15.039560317993164 1.0000061988830566
    vertex 46.17560958862305 -14.461710929870605 6.000005722045898
    vertex 44.793521881103516 -15.080154418945312 6.00000524520874
  endloop
endfacet
facet normal 0.0 0.0 0.0
  outer loop
    vertex 44.895931243896484 -15.039560317993164 1.0000061988830566
    vertex 44.793521881103516 -15.080154418945312 6.00000524520874
    vertex 43.43906021118164 -15.54378604888916 1.0000057220458984
  endloop
endfacet
facet normal 0.0 0.0 0.0
  outer loop
    vertex 43.43906021118164 -15.54378604888916 1.0000057220458984
    vertex 44.793521881103516 -15.080154418945312 6.00000524520874
    vertex 43.3597297668457 -15.56686019897461 6.00000524520874
  endloop
endfacet
facet normal 0.0 0.0 0.0
  outer loop
    vertex 43.43906021118164 -15.54378604888916 1.0000057220458984
    vertex 43.3597297668457 -15.56686019897461 6.00000524520874
    vertex 41.94086837768555 -15.907244682312012 1.0000057220458984
  endloop
endfacet
facet normal 0.0 0.0 0.0
  outer loop
    vertex 41.94086837768555 -15.907244682312012 1.0000057220458984
    vertex 43.3597297668457 -15.56686019897461 6.00000524520874
    vertex 41.88676071166992 -15.917576789855957 6.00000524520874
  endloop
endfacet
facet normal 0.0 0.0 0.0
  outer loop
    vertex 41.94086837768555 -15.907244682312012 1.0000057220458984
    vertex 41.88676071166992 -15.917576789855957 6.00000524520874
    vertex 40.4149055480957 -16.126646041870117 1.0000057220458984
  endloop
endfacet
facet normal 0.0 0.0 0.0
  outer loop
    vertex 40.4149055480957 -16.126646041870117 1.0000057220458984
    vertex 41.88676071166992 -15.917576789855957 6.00000524520874
    vertex 40.38748550415039 -16.129240036010742 6.000004768371582
  endloop
endfacet
facet normal 0.0 0.0 0.0
  outer loop
    vertex 40.4149055480957 -16.126646041870117 1.0000057220458984
    vertex 40.38748550415039 -16.129240036010742 6.000004768371582
    vertex 38.874996185302734 -16.200000762939453 1.0000057220458984
  endloop
endfacet
facet normal 0.0 0.0 0.0
  outer loop
    vertex 38.874996185302734 -16.200000762939453 1.0000057220458984
    vertex 40.38748550415039 -16.129240036010742 6.000004768371582
    vertex 38.874996185302734 -16.200000762939453 6.000004768371582
  endloop
endfacet
facet normal 0.0 0.0 0.0
  outer loop
    vertex -38.874996185302734 -16.200000762939453 0.9999980926513672
    vertex 38.874996185302734 -16.200000762939453 1.0000057220458984
    vertex -38.874996185302734 -16.200000762939453 5.999997615814209
  endloop
endfacet
facet normal 0.0 0.0 0.0
  outer loop
    vertex -38.874996185302734 -16.200000762939453 5.999997615814209
    vertex 38.874996185302734 -16.200000762939453 1.0000057220458984
    vertex 38.874996185302734 -16.200000762939453 6.000004768371582
  endloop
endfacet
facet normal 0.0 0.0 0.0
  outer loop
    vertex -54.52299118041992 4.192868709564209 5.999996185302734
    vertex -54.18400573730469 5.298501014709473 0.9999971389770508
    vertex -54.52299118041992 4.192868709564209 4.999996185302734
  endloop
endfacet
facet normal 0.0 0.0 0.0
  outer loop
    vertex -54.52299118041992 4.192868709564209 4.999996185302734
    vertex -54.18400573730469 5.298501014709473 0.9999971389770508
    vertex -54.61833953857422 3.8192946910858154 0.9999966621398926
  endloop
endfacet
facet normal 0.0 0.0 0.0
  outer loop
    vertex -54.52299118041992 4.192868709564209 4.999996185302734
    vertex -54.61833953857422 3.8192946910858154 0.9999966621398926
    vertex -54.828880310058594 2.813100576400757 4.999996185302734
  endloop
endfacet
facet normal 0.0 0.0 0.0
  outer loop
    vertex -54.828880310058594 2.813100576400757 4.999996185302734
    vertex -54.61833953857422 3.8192946910858154 0.9999966621398926
    vertex -54.910099029541016 2.3055002689361572 0.9999966621398926
  endloop
endfacet
facet normal 0.0 0.0 0.0
  outer loop
    vertex -54.828880310058594 2.813100576400757 4.999996185302734
    vertex -54.910099029541016 2.3055002689361572 0.9999966621398926
    vertex -55.013343811035156 1.4119230508804321 4.999996185302734
  endloop
endfacet
facet normal 0.0 0.0 0.0
  outer loop
    vertex -55.013343811035156 1.4119230508804321 4.999996185302734
    vertex -54.910099029541016 2.3055002689361572 0.9999966621398926
    vertex -55.056640625 0.770827054977417 0.9999966621398926
  endloop
endfacet
facet normal 0.0 0.0 0.0
  outer loop
    vertex -55.013343811035156 1.4119230508804321 4.999996185302734
    vertex -55.056640625 0.770827054977417 0.9999966621398926
    vertex -55.07499313354492 1.3643014669384446e-12 4.999996185302734
  endloop
endfacet
facet normal 0.0 0.0 0.0
  outer loop
    vertex -55.07499313354492 1.3643014669384446e-12 4.999996185302734
    vertex -55.056640625 0.770827054977417 0.9999966621398926
    vertex -55.056640625 -0.770827054977417 0.9999966621398926
  endloop
endfacet
facet normal 0.0 0.0 0.0
  outer loop
    vertex -55.07499313354492 1.3643014669384446e-12 4.999996185302734
    vertex -55.056640625 -0.770827054977417 0.9999966621398926
    vertex -55.013343811035156 -1.4119230508804321 4.999996185302734
  endloop
endfacet
facet normal 0.0 0.0 0.0
  outer loop
    vertex -55.013343811035156 -1.4119230508804321 4.999996185302734
    vertex -55.056640625 -0.770827054977417 0.9999966621398926
    vertex -54.910099029541016 -2.3055002689361572 0.9999966621398926
  endloop
endfacet
facet normal 0.0 0.0 0.0
  outer loop
    vertex -55.013343811035156 -1.4119230508804321 4.999996185302734
    vertex -54.910099029541016 -2.3055002689361572 0.9999966621398926
    vertex -54.828880310058594 -2.813100576400757 4.999996185302734
  endloop
endfacet
facet normal 0.0 0.0 0.0
  outer loop
    vertex -54.828880310058594 -2.813100576400757 4.999996185302734
    vertex -54.910099029541016 -2.3055002689361572 0.9999966621398926
    vertex -54.61833953857422 -3.8192946910858154 0.9999966621398926
  endloop
endfacet
facet normal 0.0 0.0 0.0
  outer loop
    vertex -54.828880310058594 -2.813100576400757 4.999996185302734
    vertex -54.61833953857422 -3.8192946910858154 0.9999966621398926
    vertex -54.52299118041992 -4.192868709564209 4.999996185302734
  endloop
endfacet
facet normal 0.0 0.0 0.0
  outer loop
    vertex -54.52299118041992 -4.192868709564209 4.999996185302734
    vertex -54.61833953857422 -3.8192946910858154 0.9999966621398926
    vertex -54.18400573730469 -5.298501014709473 0.9999971389770508
  endloop
endfacet
facet normal 0.0 0.0 0.0
  outer loop
    vertex -54.52299118041992 -4.192868709564209 4.999996185302734
    vertex -54.18400573730469 -5.298501014709473 0.9999971389770508
    vertex -54.52299118041992 -4.192868709564209 5.999996185302734
  endloop
endfacet
facet normal 0.0 0.0 0.0
  outer loop
    vertex -54.52299118041992 -4.192868709564209 5.999996185302734
    vertex -54.18400573730469 -5.298501014709473 0.9999971389770508
    vertex -54.06317901611328 -5.635508060455322 5.999996185302734
  endloop
endfacet
facet normal 0.0 0.0 0.0
  outer loop
    vertex -54.06317901611328 -5.635508060455322 5.999996185302734
    vertex -54.18400573730469 -5.298501014709473 0.9999971389770508
    vertex -53.61103057861328 -6.72972297668457 0.9999971389770508
  endloop
endfacet
facet normal 0.0 0.0 0.0
  outer loop
    vertex -54.06317901611328 -5.635508060455322 5.999996185302734
    vertex -53.61103057861328 -6.72972297668457 0.9999971389770508
    vertex -53.47068786621094 -7.028916358947754 5.999996185302734
  endloop
endfacet
facet normal 0.0 0.0 0.0
  outer loop
    vertex -53.47068786621094 -7.028916358947754 5.999996185302734
    vertex -53.61103057861328 -6.72972297668457 0.9999971389770508
    vertex -52.90460205078125 -8.100000381469727 0.9999971389770508
  endloop
endfacet
facet normal 0.0 0.0 0.0
  outer loop
    vertex -53.47068786621094 -7.028916358947754 5.999996185302734
    vertex -52.90460205078125 -8.100000381469727 0.9999971389770508
    vertex -52.75069046020508 -8.360921859741211 5.999996185302734
  endloop
endfacet
facet normal 0.0 0.0 0.0
  outer loop
    vertex -52.75069046020508 -8.360921859741211 5.999996185302734
    vertex -52.90460205078125 -8.100000381469727 0.9999971389770508
    vertex -52.07112121582031 -9.39692211151123 0.9999971389770508
  endloop
endfacet
facet normal 0.0 0.0 0.0
  outer loop
    vertex -52.75069046020508 -8.360921859741211 5.999996185302734
    vertex -52.07112121582031 -9.39692211151123 0.9999971389770508
    vertex -51.90947723388672 -9.619887351989746 5.999996662139893
  endloop
endfacet
facet normal 0.0 0.0 0.0
  outer loop
    vertex -51.90947723388672 -9.619887351989746 5.999996662139893
    vertex -52.07112121582031 -9.39692211151123 0.9999971389770508
    vertex -51.118133544921875 -10.608743667602539 0.9999971389770508
  endloop
endfacet
facet normal 0.0 0.0 0.0
  outer loop
    vertex -51.90947723388672 -9.619887351989746 5.999996662139893
    vertex -51.118133544921875 -10.608743667602539 0.9999971389770508
    vertex -50.95439529418945 -10.794814109802246 5.999996662139893
  endloop
endfacet
facet normal 0.0 0.0 0.0
  outer loop
    vertex -50.95439529418945 -10.794814109802246 5.999996662139893
    vertex -51.118133544921875 -10.608743667602539 0.9999971389770508
    vertex -50.05427169799805 -11.724491119384766 0.9999971389770508
  endloop
endfacet
facet normal 0.0 0.0 0.0
  outer loop
    vertex -50.95439529418945 -10.794814109802246 5.999996662139893
    vertex -50.05427169799805 -11.724491119384766 0.9999971389770508
    vertex -49.89379119873047 -11.87544059753418 5.999996662139893
  endloop
endfacet
facet normal 0.0 0.0 0.0
  outer loop
    vertex -49.89379119873047 -11.87544059753418 5.999996662139893
    vertex -50.05427169799805 -11.724491119384766 0.9999971389770508
    vertex -48.88916778564453 -12.734060287475586 0.999997615814209
  endloop
endfacet
facet normal 0.0 0.0 0.0
  outer loop
    vertex -49.89379119873047 -11.87544059753418 5.999996662139893
    vertex -48.88916778564453 -12.734060287475586 0.999997615814209
    vertex -48.7369270324707 -12.852324485778809 5.999996662139893
  endloop
endfacet
facet normal 0.0 0.0 0.0
  outer loop
    vertex -48.7369270324707 -12.852324485778809 5.999996662139893
    vertex -48.88916778564453 -12.734060287475586 0.999997615814209
    vertex -47.63337707519531 -13.628307342529297 0.999997615814209
  endloop
endfacet
facet normal 0.0 0.0 0.0
  outer loop
    vertex -48.7369270324707 -12.852324485778809 5.999996662139893
    vertex -47.63337707519531 -13.628307342529297 0.999997615814209
    vertex -47.49391555786133 -13.71693229675293 5.999997138977051
  endloop
endfacet
facet normal 0.0 0.0 0.0
  outer loop
    vertex -47.49391555786133 -13.71693229675293 5.999997138977051
    vertex -47.63337707519531 -13.628307342529297 0.999997615814209
    vertex -46.29826736450195 -14.399134635925293 0.999997615814209
  endloop
endfacet
facet normal 0.0 0.0 0.0
  outer loop
    vertex -47.49391555786133 -13.71693229675293 5.999997138977051
    vertex -46.29826736450195 -14.399134635925293 0.999997615814209
    vertex -46.17560577392578 -14.461710929870605 5.999997138977051
  endloop
endfacet
facet normal 0.0 0.0 0.0
  outer loop
    vertex -46.17560577392578 -14.461710929870605 5.999997138977051
    vertex -46.29826736450195 -14.399134635925293 0.999997615814209
    vertex -44.89592742919922 -15.039560317993164 0.999997615814209
  endloop
endfacet
facet normal 0.0 0.0 0.0
  outer loop
    vertex -46.17560577392578 -14.461710929870605 5.999997138977051
    vertex -44.89592742919922 -15.039560317993164 0.999997615814209
    vertex -44.793521881103516 -15.080154418945312 5.999997138977051
  endloop
endfacet
facet normal 0.0 0.0 0.0
  outer loop
    vertex -44.793521881103516 -15.080154418945312 5.999997138977051
    vertex -44.89592742919922 -15.039560317993164 0.999997615814209
    vertex -43.439064025878906 -15.54378604888916 0.9999980926513672
  endloop
endfacet
facet normal 0.0 0.0 0.0
  outer loop
    vertex -44.793521881103516 -15.080154418945312 5.999997138977051
    vertex -43.439064025878906 -15.54378604888916 0.9999980926513672
    vertex -43.3597297668457 -15.56686019897461 5.999997138977051
  endloop
endfacet
facet normal 0.0 0.0 0.0
  outer loop
    vertex -43.3597297668457 -15.56686019897461 5.999997138977051
    vertex -43.439064025878906 -15.54378604888916 0.9999980926513672
    vertex -41.94086456298828 -15.907244682312012 0.9999980926513672
  endloop
endfacet
facet normal 0.0 0.0 0.0
  outer loop
    vertex -43.3597297668457 -15.56686019897461 5.999997138977051
    vertex -41.94086456298828 -15.907244682312012 0.9999980926513672
    vertex -41.88676452636719 -15.917576789855957 5.999997615814209
  endloop
endfacet
facet normal 0.0 0.0 0.0
  outer loop
    vertex -41.88676452636719 -15.917576789855957 5.999997615814209
    vertex -41.94086456298828 -15.907244682312012 0.9999980926513672
    vertex -40.4149055480957 -16.126646041870117 0.9999980926513672
  endloop
endfacet
facet normal 0.0 0.0 0.0
  outer loop
    vertex -41.88676452636719 -15.917576789855957 5.999997615814209
    vertex -40.4149055480957 -16.126646041870117 0.9999980926513672
    vertex -40.38748550415039 -16.129240036010742 5.999997615814209
  endloop
endfacet
facet normal 0.0 0.0 0.0
  outer loop
    vertex -40.38748550415039 -16.129240036010742 5.999997615814209
    vertex -40.4149055480957 -16.126646041870117 0.9999980926513672
    vertex -38.874996185302734 -16.200000762939453 0.9999980926513672
  endloop
endfacet
facet normal 0.0 0.0 0.0
  outer loop
    vertex -40.38748550415039 -16.129240036010742 5.999997615814209
    vertex -38.874996185302734 -16.200000762939453 0.9999980926513672
    vertex -38.874996185302734 -16.200000762939453 5.999997615814209
  endloop
endfacet
facet normal 0.0 0.0 0.0
  outer loop
    vertex -54.52299118041992 4.192868709564209 5.999996185302734
    vertex -54.06317901611328 5.635508060455322 5.999996185302734
    vertex -54.18400573730469 5.298501014709473 0.9999971389770508
  endloop
endfacet
facet normal 0.0 0.0 0.0
  outer loop
    vertex -54.18400573730469 5.298501014709473 0.9999971389770508
    vertex -54.06317901611328 5.635508060455322 5.999996185302734
    vertex -53.61103057861328 6.72972297668457 0.9999971389770508
  endloop
endfacet
facet normal 0.0 0.0 0.0
  outer loop
    vertex -53.61103057861328 6.72972297668457 0.9999971389770508
    vertex -54.06317901611328 5.635508060455322 5.999996185302734
    vertex -53.47068786621094 7.028916358947754 5.999996185302734
  endloop
endfacet
facet normal 0.0 0.0 0.0
  outer loop
    vertex -53.61103057861328 6.72972297668457 0.9999971389770508
    vertex -53.47068786621094 7.028916358947754 5.999996185302734
    vertex -52.90460205078125 8.100000381469727 0.9999971389770508
  endloop
endfacet
facet normal 0.0 0.0 0.0
  outer loop
    vertex -52.90460205078125 8.100000381469727 0.9999971389770508
    vertex -53.47068786621094 7.028916358947754 5.999996185302734
    vertex -52.75069046020508 8.360921859741211 5.999996185302734
  endloop
endfacet
facet normal 0.0 0.0 0.0
  outer loop
    vertex -52.90460205078125 8.100000381469727 0.9999971389770508
    vertex -52.75069046020508 8.360921859741211 5.999996185302734
    vertex -52.07112121582031 9.39692211151123 0.9999971389770508
  endloop
endfacet
facet normal 0.0 0.0 0.0
  outer loop
    vertex -52.07112121582031 9.39692211151123 0.9999971389770508
    vertex -52.75069046020508 8.360921859741211 5.999996185302734
    vertex -51.90947723388672 9.619887351989746 5.999996662139893
  endloop
endfacet
facet normal 0.0 0.0 0.0
  outer loop
    vertex -52.07112121582031 9.39692211151123 0.9999971389770508
    vertex -51.90947723388672 9.619887351989746 5.999996662139893
    vertex -51.118133544921875 10.608743667602539 0.9999971389770508
  endloop
endfacet
facet normal 0.0 0.0 0.0
  outer loop
    vertex -51.118133544921875 10.608743667602539 0.9999971389770508
    vertex -51.90947723388672 9.619887351989746 5.999996662139893
    vertex -50.95439529418945 10.794814109802246 5.999996662139893
  endloop
endfacet
facet normal 0.0 0.0 0.0
  outer loop
    vertex -51.118133544921875 10.608743667602539 0.9999971389770508
    vertex -50.95439529418945 10.794814109802246 5.999996662139893
    vertex -50.05427169799805 11.724491119384766 0.9999971389770508
  endloop
endfacet
facet normal 0.0 0.0 0.0
  outer loop
    vertex -50.05427169799805 11.724491119384766 0.9999971389770508
    vertex -50.95439529418945 10.794814109802246 5.999996662139893
    vertex -49.89379119873047 11.87544059753418 5.999996662139893
  endloop
endfacet
facet normal 0.0 0.0 0.0
  outer loop
    vertex -50.05427169799805 11.724491119384766 0.9999971389770508
    vertex -49.89379119873047 11.87544059753418 5.999996662139893
    vertex -48.88916778564453 12.734060287475586 0.999997615814209
  endloop
endfacet
facet normal 0.0 0.0 0.0
  outer loop
    vertex -48.88916778564453 12.734060287475586 0.999997615814209
    vertex -49.89379119873047 11.87544059753418 5.999996662139893
    vertex -48.7369270324707 12.852324485778809 5.999996662139893
  endloop
endfacet
facet normal 0.0 0.0 0.0
  outer loop
    vertex -48.88916778564453 12.734060287475586 0.999997615814209
    vertex -48.7369270324707 12.852324485778809 5.999996662139893
    vertex -47.63337707519531 13.628307342529297 0.999997615814209
  endloop
endfacet
facet normal 0.0 0.0 0.0
  outer loop
    vertex -47.63337707519531 13.628307342529297 0.999997615814209
    vertex -48.7369270324707 12.852324485778809 5.999996662139893
    vertex -47.49391555786133 13.71693229675293 5.999997138977051
  endloop
endfacet
facet normal 0.0 0.0 0.0
  outer loop
    vertex -47.63337707519531 13.628307342529297 0.999997615814209
    vertex -47.49391555786133 13.71693229675293 5.999997138977051
    vertex -46.29826736450195 14.399134635925293 0.999997615814209
  endloop
endfacet
facet normal 0.0 0.0 0.0
  outer loop
    vertex -46.29826736450195 14.399134635925293 0.999997615814209
    vertex -47.49391555786133 13.71693229675293 5.999997138977051
    vertex -46.17560577392578 14.461710929870605 5.999997138977051
  endloop
endfacet
facet normal 0.0 0.0 0.0
  outer loop
    vertex -46.29826736450195 14.399134635925293 0.999997615814209
    vertex -46.17560577392578 14.461710929870605 5.999997138977051
    vertex -44.89592742919922 15.039560317993164 0.999997615814209
  endloop
endfacet
facet normal 0.0 0.0 0.0
  outer loop
    vertex -44.89592742919922 15.039560317993164 0.999997615814209
    vertex -46.17560577392578 14.461710929870605 5.999997138977051
    vertex -44.793521881103516 15.080154418945312 5.999997138977051
  endloop
endfacet
facet normal 0.0 0.0 0.0
  outer loop
    vertex -44.89592742919922 15.039560317993164 0.999997615814209
    vertex -44.793521881103516 15.080154418945312 5.999997138977051
    vertex -43.439064025878906 15.54378604888916 0.9999980926513672
  endloop
endfacet
facet normal 0.0 0.0 0.0
  outer loop
    vertex -43.439064025878906 15.54378604888916 0.9999980926513672
    vertex -44.793521881103516 15.080154418945312 5.999997138977051
    vertex -43.3597297668457 15.56686019897461 5.999997138977051
  endloop
endfacet
facet normal 0.0 0.0 0.0
  outer loop
    vertex -43.439064025878906 15.54378604888916 0.9999980926513672
    vertex -43.3597297668457 15.56686019897461 5.999997138977051
    vertex -41.94086456298828 15.907244682312012 0.9999980926513672
  endloop
endfacet
facet normal 0.0 0.0 0.0
  outer loop
    vertex -41.94086456298828 15.907244682312012 0.9999980926513672
    vertex -43.3597297668457 15.56686019897461 5.999997138977051
    vertex -41.88676452636719 15.917576789855957 5.999997615814209
  endloop
endfacet
facet normal 0.0 0.0 0.0
  outer loop
    vertex -41.94086456298828 15.907244682312012 0.9999980926513672
    vertex -41.88676452636719 15.917576789855957 5.999997615814209
    vertex -40.4149055480957 16.126646041870117 0.9999980926513672
  endloop
endfacet
facet normal 0.0 0.0 0.0
  outer loop
    vertex -40.4149055480957 16.126646041870117 0.9999980926513672
    vertex -41.88676452636719 15.917576789855957 5.999997615814209
    vertex -40.38748550415039 16.129240036010742 5.999997615814209
  endloop
endfacet
facet normal 0.0 0.0 0.0
  outer loop
    vertex -40.4149055480957 16.126646041870117 0.9999980926513672
    vertex -40.38748550415039 16.129240036010742 5.999997615814209
    vertex -38.874996185302734 16.200000762939453 0.9999980926513672
  endloop
endfacet
facet normal 0.0 0.0 0.0
  outer loop
    vertex -38.874996185302734 16.200000762939453 0.9999980926513672
    vertex -40.38748550415039 16.129240036010742 5.999997615814209
    vertex -38.874996185302734 16.200000762939453 5.999997615814209
  endloop
endfacet
facet normal 0.0 0.0 0.0
  outer loop
    vertex -46.80366897583008 12.733268737792969 0.999997615814209
    vertex -46.80366897583008 12.733268737792969 5.999997138977051
    vertex -46.66093826293945 12.742562294006348 0.999997615814209
  endloop
endfacet
facet normal 0.0 0.0 0.0
  outer loop
    vertex -46.66093826293945 12.742562294006348 0.999997615814209
    vertex -46.80366897583008 12.733268737792969 5.999997138977051
    vertex -46.51801681518555 12.748140335083008 0.999997615814209
  endloop
endfacet
facet normal 0.0 0.0 0.0
  outer loop
    vertex -46.51801681518555 12.748140335083008 0.999997615814209
    vertex -46.80366897583008 12.733268737792969 5.999997138977051
    vertex -46.374996185302734 12.75 6.999997138977051
  endloop
endfacet
facet normal 0.0 0.0 0.0
  outer loop
    vertex -46.51801681518555 12.748140335083008 0.999997615814209
    vertex -46.374996185302734 12.75 6.999997138977051
    vertex -46.374996185302734 12.75 0.999997615814209
  endloop
endfacet
facet normal 0.0 0.0 0.0
  outer loop
    vertex -46.374996185302734 12.75 6.999997138977051
    vertex -46.80366897583008 12.733268737792969 5.999997138977051
    vertex -47.23538589477539 12.682286262512207 6.999996662139893
  endloop
endfacet
facet normal 0.0 0.0 0.0
  outer loop
    vertex -47.23538589477539 12.682286262512207 6.999996662139893
    vertex -46.80366897583008 12.733268737792969 5.999997138977051
    vertex -47.67691421508789 12.593688011169434 5.999997138977051
  endloop
endfacet
facet normal 0.0 0.0 0.0
  outer loop
    vertex -47.23538589477539 12.682286262512207 6.999996662139893
    vertex -47.67691421508789 12.593688011169434 5.999997138977051
    vertex -48.0745849609375 12.48081111907959 6.999996662139893
  endloop
endfacet
facet normal 0.0 0.0 0.0
  outer loop
    vertex -48.0745849609375 12.48081111907959 6.999996662139893
    vertex -47.67691421508789 12.593688011169434 5.999997138977051
    vertex -48.516502380371094 12.315958976745605 5.999996662139893
  endloop
endfacet
facet normal 0.0 0.0 0.0
  outer loop
    vertex -48.0745849609375 12.48081111907959 6.999996662139893
    vertex -48.516502380371094 12.315958976745605 5.999996662139893
    vertex -48.87194061279297 12.150535583496094 6.999996662139893
  endloop
endfacet
facet normal 0.0 0.0 0.0
  outer loop
    vertex -48.87194061279297 12.150535583496094 6.999996662139893
    vertex -48.516502380371094 12.315958976745605 5.999996662139893
    vertex -49.30072784423828 11.90726089477539 5.999996662139893
  endloop
endfacet
facet normal 0.0 0.0 0.0
  outer loop
    vertex -48.87194061279297 12.150535583496094 6.999996662139893
    vertex -49.30072784423828 11.90726089477539 5.999996662139893
    vertex -49.607810974121094 11.699593544006348 6.999996662139893
  endloop
endfacet
facet normal 0.0 0.0 0.0
  outer loop
    vertex -49.607810974121094 11.699593544006348 6.999996662139893
    vertex -49.30072784423828 11.90726089477539 5.999996662139893
    vertex -50.009315490722656 11.37816047668457 5.999996662139893
  endloop
endfacet
facet normal 0.0 0.0 0.0
  outer loop
    vertex -49.607810974121094 11.699593544006348 6.999996662139893
    vertex -50.009315490722656 11.37816047668457 5.999996662139893
    vertex -50.26408004760742 11.139087677001953 6.999996662139893
  endloop
endfacet
facet normal 0.0 0.0 0.0
  outer loop
    vertex -50.26408004760742 11.139087677001953 6.999996662139893
    vertex -50.009315490722656 11.37816047668457 5.999996662139893
    vertex -50.62394332885742 10.74233627319336 5.999996662139893
  endloop
endfacet
facet normal 0.0 0.0 0.0
  outer loop
    vertex -50.26408004760742 11.139087677001953 6.999996662139893
    vertex -50.62394332885742 10.74233627319336 5.999996662139893
    vertex -50.8245849609375 10.482818603515625 6.999996662139893
  endloop
endfacet
facet normal 0.0 0.0 0.0
  outer loop
    vertex -50.8245849609375 10.482818603515625 6.999996662139893
    vertex -50.62394332885742 10.74233627319336 5.999996662139893
    vertex -51.128726959228516 10.016225814819336 5.999996662139893
  endloop
endfacet
facet normal 0.0 0.0 0.0
  outer loop
    vertex -50.8245849609375 10.482818603515625 6.999996662139893
    vertex -51.128726959228516 10.016225814819336 5.999996662139893
    vertex -51.27552795410156 9.746947288513184 6.999996185302734
  endloop
endfacet
facet normal 0.0 0.0 0.0
  outer loop
    vertex -51.27552795410156 9.746947288513184 6.999996185302734
    vertex -51.128726959228516 10.016225814819336 5.999996662139893
    vertex -51.51061248779297 9.21860122680664 5.999996662139893
  endloop
endfacet
facet normal 0.0 0.0 0.0
  outer loop
    vertex -51.27552795410156 9.746947288513184 6.999996185302734
    vertex -51.51061248779297 9.21860122680664 5.999996662139893
    vertex -51.605804443359375 8.949593544006348 6.999996185302734
  endloop
endfacet
facet normal 0.0 0.0 0.0
  outer loop
    vertex -51.605804443359375 8.949593544006348 6.999996185302734
    vertex -51.51061248779297 9.21860122680664 5.999996662139893
    vertex -51.75973129272461 8.37008285522461 5.999996662139893
  endloop
endfacet
facet normal 0.0 0.0 0.0
  outer loop
    vertex -51.605804443359375 8.949593544006348 6.999996185302734
    vertex -51.75973129272461 8.37008285522461 5.999996662139893
    vertex -51.80727767944336 8.110389709472656 6.999996185302734
  endloop
endfacet
facet normal 0.0 0.0 0.0
  outer loop
    vertex -51.80727767944336 8.110389709472656 6.999996185302734
    vertex -51.75973129272461 8.37008285522461 5.999996662139893
    vertex -51.8696403503418 7.492607116699219 5.999996662139893
  endloop
endfacet
facet normal 0.0 0.0 0.0
  outer loop
    vertex -51.80727767944336 8.110389709472656 6.999996185302734
    vertex -51.8696403503418 7.492607116699219 5.999996662139893
    vertex -51.87499237060547 7.25 6.999996185302734
  endloop
endfacet
facet normal 0.0 0.0 0.0
  outer loop
    vertex -51.87499237060547 7.25 6.999996185302734
    vertex -51.8696403503418 7.492607116699219 5.999996662139893
    vertex -51.87439727783203 7.330892086029053 0.9999971389770508
  endloop
endfacet
facet normal 0.0 0.0 0.0
  outer loop
    vertex -51.87499237060547 7.25 6.999996185302734
    vertex -51.87439727783203 7.330892086029053 0.9999971389770508
    vertex -51.87499237060547 7.25 0.9999971389770508
  endloop
endfacet
facet normal 0.0 0.0 0.0
  outer loop
    vertex -51.8696403503418 7.492607116699219 0.9999971389770508
    vertex -51.87261199951172 7.41176700592041 0.9999971389770508
    vertex -51.8696403503418 7.492607116699219 5.999996662139893
  endloop
endfacet
facet normal 0.0 0.0 0.0
  outer loop
    vertex -51.8696403503418 7.492607116699219 5.999996662139893
    vertex -51.87261199951172 7.41176700592041 0.9999971389770508
    vertex -51.87439727783203 7.330892086029053 0.9999971389770508
  endloop
endfacet
facet normal 0.0 0.0 0.0
  outer loop
    vertex -51.8696403503418 7.492607116699219 0.9999971389770508
    vertex -52.52237319946289 6.22487211227417 0.9999971389770508
    vertex -51.87261199951172 7.41176700592041 0.9999971389770508
  endloop
endfacet
facet normal 0.0 0.0 0.0
  outer loop
    vertex -51.87261199951172 7.41176700592041 0.9999971389770508
    vertex -52.52237319946289 6.22487211227417 0.9999971389770508
    vertex -51.87439727783203 7.330892086029053 0.9999971389770508
  endloop
endfacet
facet normal 0.0 0.0 0.0
  outer loop
    vertex -51.87439727783203 7.330892086029053 0.9999971389770508
    vertex -52.52237319946289 6.22487211227417 0.9999971389770508
    vertex -51.87499237060547 7.25 0.9999971389770508
  endloop
endfacet
facet normal 0.0 0.0 0.0
  outer loop
    vertex -51.87499237060547 7.25 0.9999971389770508
    vertex -52.52237319946289 6.22487211227417 0.9999971389770508
    vertex -51.87499237060547 -7.25 0.9999971389770508
  endloop
endfacet
facet normal 0.0 0.0 0.0
  outer loop
    vertex -51.87499237060547 -7.25 0.9999971389770508
    vertex -52.52237319946289 6.22487211227417 0.9999971389770508
    vertex -52.52237319946289 -6.22487211227417 0.9999971389770508
  endloop
endfacet
facet normal 0.0 0.0 0.0
  outer loop
    vertex -51.87499237060547 -7.25 0.9999971389770508
    vertex -52.52237319946289 -6.22487211227417 0.9999971389770508
    vertex -51.87439727783203 -7.330892086029053 0.9999971389770508
  endloop
endfacet
facet normal 0.0 0.0 0.0
  outer loop
    vertex -51.87439727783203 -7.330892086029053 0.9999971389770508
    vertex -52.52237319946289 -6.22487211227417 0.9999971389770508
    vertex -51.87261199951172 -7.41176700592041 0.9999971389770508
  endloop
endfacet
facet normal 0.0 0.0 0.0
  outer loop
    vertex -51.87261199951172 -7.41176700592041 0.9999971389770508
    vertex -52.52237319946289 -6.22487211227417 0.9999971389770508
    vertex -51.8696403503418 -7.492607116699219 0.9999971389770508
  endloop
endfacet
facet normal 0.0 0.0 0.0
  outer loop
    vertex -52.52237319946289 -6.22487211227417 0.9999971389770508
    vertex -52.52237319946289 6.22487211227417 0.9999971389770508
    vertex -53.051780700683594 -4.900886058807373 0.9999971389770508
  endloop
endfacet
facet normal 0.0 0.0 0.0
  outer loop
    vertex -53.051780700683594 -4.900886058807373 0.9999971389770508
    vertex -52.52237319946289 6.22487211227417 0.9999971389770508
    vertex -53.051780700683594 4.900886058807373 0.9999971389770508
  endloop
endfacet
facet normal 0.0 0.0 0.0
  outer loop
    vertex -53.051780700683594 -4.900886058807373 0.9999971389770508
    vertex -53.051780700683594 4.900886058807373 0.9999971389770508
    vertex -53.45307922363281 -3.532613515853882 0.9999971389770508
  endloop
endfacet
facet normal 0.0 0.0 0.0
  outer loop
    vertex -53.45307922363281 -3.532613515853882 0.9999971389770508
    vertex -53.051780700683594 4.900886058807373 0.9999971389770508
    vertex -53.45307922363281 3.532613515853882 0.9999971389770508
  endloop
endfacet
facet normal 0.0 0.0 0.0
  outer loop
    vertex -53.45307922363281 -3.532613515853882 0.9999971389770508
    vertex -53.45307922363281 3.532613515853882 0.9999971389770508
    vertex -53.7226448059082 -2.132418394088745 0.9999971389770508
  endloop
endfacet
facet normal 0.0 0.0 0.0
  outer loop
    vertex -53.7226448059082 -2.132418394088745 0.9999971389770508
    vertex -53.45307922363281 3.532613515853882 0.9999971389770508
    vertex -53.7226448059082 2.132418394088745 0.9999971389770508
  endloop
endfacet
facet normal 0.0 0.0 0.0
  outer loop
    vertex -53.7226448059082 -2.132418394088745 0.9999971389770508
    vertex -53.7226448059082 2.132418394088745 0.9999971389770508
    vertex -53.85803985595703 -0.7129536867141724 0.9999971389770508
  endloop
endfacet
facet normal 0.0 0.0 0.0
  outer loop
    vertex -53.85803985595703 -0.7129536867141724 0.9999971389770508
    vertex -53.7226448059082 2.132418394088745 0.9999971389770508
    vertex -53.85803985595703 0.7129536867141724 0.9999971389770508
  endloop
endfacet
facet normal 0.0 0.0 0.0
  outer loop
    vertex 36.0183219909668 12.482726097106934 4.500004768371582
    vertex 15.218320846557617 12.482726097106934 4.500002861022949
    vertex 36.21341323852539 12.677816390991211 4.480790138244629
  endloop
endfacet
facet normal 0.0 0.0 0.0
  outer loop
    vertex 36.21341323852539 12.677816390991211 4.480790138244629
    vertex 15.218320846557617 12.482726097106934 4.500002861022949
    vertex 31.568317413330078 12.741544723510742 4.465929985046387
  endloop
endfacet
facet normal 0.0 0.0 0.0
  outer loop
    vertex 36.21341323852539 12.677816390991211 4.480790138244629
    vertex 31.568317413330078 12.741544723510742 4.465929985046387
    vertex 36.401004791259766 12.865409851074219 4.423884391784668
  endloop
endfacet
facet normal 0.0 0.0 0.0
  outer loop
    vertex 36.401004791259766 12.865409851074219 4.423884391784668
    vertex 31.568317413330078 12.741544723510742 4.465929985046387
    vertex 31.568317413330078 12.982726097106934 4.366029739379883
  endloop
endfacet
facet normal 0.0 0.0 0.0
  outer loop
    vertex 36.401004791259766 12.865409851074219 4.423884391784668
    vertex 31.568317413330078 12.982726097106934 4.366029739379883
    vertex 36.57388687133789 13.038296699523926 4.331474304199219
  endloop
endfacet
facet normal 0.0 0.0 0.0
  outer loop
    vertex 36.57388687133789 13.038296699523926 4.331474304199219
    vertex 31.568317413330078 12.982726097106934 4.366029739379883
    vertex 31.568317413330078 13.18983268737793 4.20711088180542
  endloop
endfacet
facet normal 0.0 0.0 0.0
  outer loop
    vertex 36.57388687133789 13.038296699523926 4.331474304199219
    vertex 31.568317413330078 13.18983268737793 4.20711088180542
    vertex 36.72542953491211 13.18983268737793 4.207111358642578
  endloop
endfacet
facet normal 0.0 0.0 0.0
  outer loop
    vertex 36.72542953491211 13.18983268737793 4.207111358642578
    vertex 31.568317413330078 13.18983268737793 4.20711088180542
    vertex 36.849788665771484 13.31419563293457 4.055574893951416
  endloop
endfacet
facet normal 0.0 0.0 0.0
  outer loop
    vertex 36.849788665771484 13.31419563293457 4.055574893951416
    vertex 31.568317413330078 13.18983268737793 4.20711088180542
    vertex 31.568317413330078 13.348751068115234 4.000004291534424
  endloop
endfacet
facet normal 0.0 0.0 0.0
  outer loop
    vertex 36.849788665771484 13.31419563293457 4.055574893951416
    vertex 31.568317413330078 13.348751068115234 4.000004291534424
    vertex 36.942203521728516 13.40660572052002 3.882688283920288
  endloop
endfacet
facet normal 0.0 0.0 0.0
  outer loop
    vertex 36.942203521728516 13.40660572052002 3.882688283920288
    vertex 31.568317413330078 13.348751068115234 4.000004291534424
    vertex 31.568317413330078 13.448652267456055 3.7588233947753906
  endloop
endfacet
facet normal 0.0 0.0 0.0
  outer loop
    vertex 36.942203521728516 13.40660572052002 3.882688283920288
    vertex 31.568317413330078 13.448652267456055 3.7588233947753906
    vertex 36.99910354614258 13.46351146697998 3.6950955390930176
  endloop
endfacet
facet normal 0.0 0.0 0.0
  outer loop
    vertex 36.99910354614258 13.46351146697998 3.6950955390930176
    vertex 31.568317413330078 13.448652267456055 3.7588233947753906
    vertex 37.01350784301758 13.477910995483398 3.5980224609375
  endloop
endfacet
facet normal 0.0 0.0 0.0
  outer loop
    vertex 37.01350784301758 13.477910995483398 3.5980224609375
    vertex 31.568317413330078 13.448652267456055 3.7588233947753906
    vertex 37.0183219909668 13.482726097106934 3.5000052452087402
  endloop
endfacet
facet normal 0.0 0.0 0.0
  outer loop
    vertex 37.0183219909668 13.482726097106934 3.5000052452087402
    vertex 31.568317413330078 13.448652267456055 3.7588233947753906
    vertex 26.11832046508789 13.448652267456055 3.7588229179382324
  endloop
endfacet
facet normal 0.0 0.0 0.0
  outer loop
    vertex 37.0183219909668 13.482726097106934 3.5000052452087402
    vertex 26.11832046508789 13.448652267456055 3.7588229179382324
    vertex 15.218320846557617 13.482726097106934 3.5000030994415283
  endloop
endfacet
facet normal 0.0 0.0 0.0
  outer loop
    vertex 15.218320846557617 13.482726097106934 3.5000030994415283
    vertex 26.11832046508789 13.448652267456055 3.7588229179382324
    vertex 20.66832160949707 13.448652267456055 3.758822441101074
  endloop
endfacet
facet normal 0.0 0.0 0.0
  outer loop
    vertex 15.218320846557617 13.482726097106934 3.5000030994415283
    vertex 20.66832160949707 13.448652267456055 3.758822441101074
    vertex 15.218320846557617 13.448652267456055 3.758821964263916
  endloop
endfacet
facet normal 0.0 0.0 0.0
  outer loop
    vertex 15.218320846557617 13.448652267456055 3.758821964263916
    vertex 20.66832160949707 13.448652267456055 3.758822441101074
    vertex 15.218320846557617 13.348751068115234 4.000002861022949
  endloop
endfacet
facet normal 0.0 0.0 0.0
  outer loop
    vertex 15.218320846557617 13.348751068115234 4.000002861022949
    vertex 20.66832160949707 13.448652267456055 3.758822441101074
    vertex 20.66832160949707 13.348751068115234 4.000003337860107
  endloop
endfacet
facet normal 0.0 0.0 0.0
  outer loop
    vertex 15.218320846557617 13.348751068115234 4.000002861022949
    vertex 20.66832160949707 13.348751068115234 4.000003337860107
    vertex 15.218320846557617 13.18983268737793 4.207109451293945
  endloop
endfacet
facet normal 0.0 0.0 0.0
  outer loop
    vertex 15.218320846557617 13.18983268737793 4.207109451293945
    vertex 20.66832160949707 13.348751068115234 4.000003337860107
    vertex 20.66832160949707 13.18983268737793 4.2071099281311035
  endloop
endfacet
facet normal 0.0 0.0 0.0
  outer loop
    vertex 15.218320846557617 13.18983268737793 4.207109451293945
    vertex 20.66832160949707 13.18983268737793 4.2071099281311035
    vertex 15.218320846557617 12.982726097106934 4.366028308868408
  endloop
endfacet
facet normal 0.0 0.0 0.0
  outer loop
    vertex 15.218320846557617 12.982726097106934 4.366028308868408
    vertex 20.66832160949707 13.18983268737793 4.2071099281311035
    vertex 20.66832160949707 12.982726097106934 4.366028785705566
  endloop
endfacet
facet normal 0.0 0.0 0.0
  outer loop
    vertex 15.218320846557617 12.982726097106934 4.366028308868408
    vertex 20.66832160949707 12.982726097106934 4.366028785705566
    vertex 15.218320846557617 12.741544723510742 4.465928554534912
  endloop
endfacet
facet normal 0.0 0.0 0.0
  outer loop
    vertex 15.218320846557617 12.741544723510742 4.465928554534912
    vertex 20.66832160949707 12.982726097106934 4.366028785705566
    vertex 20.66832160949707 12.741544723510742 4.46592903137207
  endloop
endfacet
facet normal 0.0 0.0 0.0
  outer loop
    vertex 15.218320846557617 12.741544723510742 4.465928554534912
    vertex 20.66832160949707 12.741544723510742 4.46592903137207
    vertex 15.218320846557617 12.482726097106934 4.500002861022949
  endloop
endfacet
facet normal 0.0 0.0 0.0
  outer loop
    vertex 15.218320846557617 12.482726097106934 4.500002861022949
    vertex 20.66832160949707 12.741544723510742 4.46592903137207
    vertex 26.11832046508789 12.741544723510742 4.4659295082092285
  endloop
endfacet
facet normal 0.0 0.0 0.0
  outer loop
    vertex 15.218320846557617 12.482726097106934 4.500002861022949
    vertex 26.11832046508789 12.741544723510742 4.4659295082092285
    vertex 31.568317413330078 12.741544723510742 4.465929985046387
  endloop
endfacet
facet normal 0.0 0.0 0.0
  outer loop
    vertex 31.568317413330078 12.741544723510742 4.465929985046387
    vertex 26.11832046508789 12.741544723510742 4.4659295082092285
    vertex 31.568317413330078 12.982726097106934 4.366029739379883
  endloop
endfacet
facet normal 0.0 0.0 0.0
  outer loop
    vertex 26.11832046508789 12.741544723510742 4.4659295082092285
    vertex 20.66832160949707 12.741544723510742 4.46592903137207
    vertex 26.11832046508789 12.982726097106934 4.366029262542725
  endloop
endfacet
facet normal 0.0 0.0 0.0
  outer loop
    vertex 26.11832046508789 12.982726097106934 4.366029262542725
    vertex 20.66832160949707 12.741544723510742 4.46592903137207
    vertex 20.66832160949707 12.982726097106934 4.366028785705566
  endloop
endfacet
facet normal 0.0 0.0 0.0
  outer loop
    vertex 26.11832046508789 12.982726097106934 4.366029262542725
    vertex 20.66832160949707 12.982726097106934 4.366028785705566
    vertex 26.11832046508789 13.18983268737793 4.207110404968262
  endloop
endfacet
facet normal 0.0 0.0 0.0
  outer loop
    vertex 26.11832046508789 13.18983268737793 4.207110404968262
    vertex 20.66832160949707 12.982726097106934 4.366028785705566
    vertex 20.66832160949707 13.18983268737793 4.2071099281311035
  endloop
endfacet
facet normal 0.0 0.0 0.0
  outer loop
    vertex 26.11832046508789 13.18983268737793 4.207110404968262
    vertex 20.66832160949707 13.18983268737793 4.2071099281311035
    vertex 26.11832046508789 13.348751068115234 4.000003814697266
  endloop
endfacet
facet normal 0.0 0.0 0.0
  outer loop
    vertex 26.11832046508789 13.348751068115234 4.000003814697266
    vertex 20.66832160949707 13.18983268737793 4.2071099281311035
    vertex 20.66832160949707 13.348751068115234 4.000003337860107
  endloop
endfacet
facet normal 0.0 0.0 0.0
  outer loop
    vertex 26.11832046508789 13.348751068115234 4.000003814697266
    vertex 20.66832160949707 13.348751068115234 4.000003337860107
    vertex 26.11832046508789 13.448652267456055 3.7588229179382324
  endloop
endfacet
facet normal 0.0 0.0 0.0
  outer loop
    vertex 26.11832046508789 13.448652267456055 3.7588229179382324
    vertex 20.66832160949707 13.348751068115234 4.000003337860107
    vertex 20.66832160949707 13.448652267456055 3.758822441101074
  endloop
endfacet
facet normal 0.0 0.0 0.0
  outer loop
    vertex 31.568317413330078 13.18983268737793 4.20711088180542
    vertex 31.568317413330078 12.982726097106934 4.366029739379883
    vertex 26.11832046508789 12.982726097106934 4.366029262542725
  endloop
endfacet
facet normal 0.0 0.0 0.0
  outer loop
    vertex 26.11832046508789 12.982726097106934 4.366029262542725
    vertex 31.568317413330078 12.982726097106934 4.366029739379883
    vertex 26.11832046508789 12.741544723510742 4.4659295082092285
  endloop
endfacet
facet normal 0.0 0.0 0.0
  outer loop
    vertex 31.568317413330078 13.18983268737793 4.20711088180542
    vertex 26.11832046508789 12.982726097106934 4.366029262542725
    vertex 26.11832046508789 13.18983268737793 4.207110404968262
  endloop
endfacet
facet normal 0.0 0.0 0.0
  outer loop
    vertex 31.568317413330078 13.348751068115234 4.000004291534424
    vertex 31.568317413330078 13.18983268737793 4.20711088180542
    vertex 26.11832046508789 13.18983268737793 4.207110404968262
  endloop
endfacet
facet normal 0.0 0.0 0.0
  outer loop
    vertex 31.568317413330078 13.348751068115234 4.000004291534424
    vertex 26.11832046508789 13.18983268737793 4.207110404968262
    vertex 26.11832046508789 13.348751068115234 4.000003814697266
  endloop
endfacet
facet normal 0.0 0.0 0.0
  outer loop
    vertex 31.568317413330078 13.448652267456055 3.7588233947753906
    vertex 31.568317413330078 13.348751068115234 4.000004291534424
    vertex 26.11832046508789 13.348751068115234 4.000003814697266
  endloop
endfacet
facet normal 0.0 0.0 0.0
  outer loop
    vertex 31.568317413330078 13.448652267456055 3.7588233947753906
    vertex 26.11832046508789 13.348751068115234 4.000003814697266
    vertex 26.11832046508789 13.448652267456055 3.7588229179382324
  endloop
endfacet
facet normal 0.0 0.0 0.0
  outer loop
    vertex 36.0183219909668 -11.017273902893066 4.500004768371582
    vertex 36.0183219909668 12.482726097106934 4.500004768371582
    vertex 36.21341323852539 -11.212364196777344 4.480790138244629
  endloop
endfacet
facet normal 0.0 0.0 0.0
  outer loop
    vertex 36.21341323852539 -11.212364196777344 4.480790138244629
    vertex 36.0183219909668 12.482726097106934 4.500004768371582
    vertex 36.27714157104492 -1.8172739744186401 4.465930461883545
  endloop
endfacet
facet normal 0.0 0.0 0.0
  outer loop
    vertex 36.21341323852539 -11.212364196777344 4.480790138244629
    vertex 36.27714157104492 -1.8172739744186401 4.465930461883545
    vertex 36.27714157104492 -6.917273998260498 4.465930461883545
  endloop
endfacet
facet normal 0.0 0.0 0.0
  outer loop
    vertex 36.27714157104492 -6.917273998260498 4.465930461883545
    vertex 36.27714157104492 -1.8172739744186401 4.465930461883545
    vertex 36.5183219909668 -6.917273998260498 4.366030216217041
  endloop
endfacet
facet normal 0.0 0.0 0.0
  outer loop
    vertex 36.27714157104492 -6.917273998260498 4.465930461883545
    vertex 36.5183219909668 -6.917273998260498 4.366030216217041
    vertex 36.401004791259766 -11.399957656860352 4.423884391784668
  endloop
endfacet
facet normal 0.0 0.0 0.0
  outer loop
    vertex 36.401004791259766 -11.399957656860352 4.423884391784668
    vertex 36.5183219909668 -6.917273998260498 4.366030216217041
    vertex 36.57388687133789 -11.572844505310059 4.331474304199219
  endloop
endfacet
facet normal 0.0 0.0 0.0
  outer loop
    vertex 36.57388687133789 -11.572844505310059 4.331474304199219
    vertex 36.5183219909668 -6.917273998260498 4.366030216217041
    vertex 36.72542953491211 -6.917273998260498 4.207111358642578
  endloop
endfacet
facet normal 0.0 0.0 0.0
  outer loop
    vertex 36.57388687133789 -11.572844505310059 4.331474304199219
    vertex 36.72542953491211 -6.917273998260498 4.207111358642578
    vertex 36.72542953491211 -11.724380493164062 4.207111358642578
  endloop
endfacet
facet normal 0.0 0.0 0.0
  outer loop
    vertex 36.72542953491211 -11.724380493164062 4.207111358642578
    vertex 36.72542953491211 -6.917273998260498 4.207111358642578
    vertex 36.849788665771484 -11.848743438720703 4.055574893951416
  endloop
endfacet
facet normal 0.0 0.0 0.0
  outer loop
    vertex 36.849788665771484 -11.848743438720703 4.055574893951416
    vertex 36.72542953491211 -6.917273998260498 4.207111358642578
    vertex 36.884342193603516 -6.917273998260498 4.000004768371582
  endloop
endfacet
facet normal 0.0 0.0 0.0
  outer loop
    vertex 36.849788665771484 -11.848743438720703 4.055574893951416
    vertex 36.884342193603516 -6.917273998260498 4.000004768371582
    vertex 36.942203521728516 -11.941153526306152 3.882688283920288
  endloop
endfacet
facet normal 0.0 0.0 0.0
  outer loop
    vertex 36.942203521728516 -11.941153526306152 3.882688283920288
    vertex 36.884342193603516 -6.917273998260498 4.000004768371582
    vertex 36.984249114990234 -6.917273998260498 3.758824110031128
  endloop
endfacet
facet normal 0.0 0.0 0.0
  outer loop
    vertex 36.942203521728516 -11.941153526306152 3.882688283920288
    vertex 36.984249114990234 -6.917273998260498 3.758824110031128
    vertex 36.99910354614258 -11.998059272766113 3.6950955390930176
  endloop
endfacet
facet normal 0.0 0.0 0.0
  outer loop
    vertex 36.99910354614258 -11.998059272766113 3.6950955390930176
    vertex 36.984249114990234 -6.917273998260498 3.758824110031128
    vertex 37.01350784301758 -12.012458801269531 3.5980224609375
  endloop
endfacet
facet normal 0.0 0.0 0.0
  outer loop
    vertex 37.01350784301758 -12.012458801269531 3.5980224609375
    vertex 36.984249114990234 -6.917273998260498 3.758824110031128
    vertex 37.0183219909668 -12.017273902893066 3.5000052452087402
  endloop
endfacet
facet normal 0.0 0.0 0.0
  outer loop
    vertex 37.0183219909668 -12.017273902893066 3.5000052452087402
    vertex 36.984249114990234 -6.917273998260498 3.758824110031128
    vertex 36.984249114990234 -1.8172739744186401 3.758824110031128
  endloop
endfacet
facet normal 0.0 0.0 0.0
  outer loop
    vertex 37.0183219909668 -12.017273902893066 3.5000052452087402
    vertex 36.984249114990234 -1.8172739744186401 3.758824110031128
    vertex 36.984249114990234 3.2827260494232178 3.758824110031128
  endloop
endfacet
facet normal 0.0 0.0 0.0
  outer loop
    vertex 36.984249114990234 3.2827260494232178 3.758824110031128
    vertex 36.984249114990234 -1.8172739744186401 3.758824110031128
    vertex 36.884342193603516 3.2827260494232178 4.000004768371582
  endloop
endfacet
facet normal 0.0 0.0 0.0
  outer loop
    vertex 36.984249114990234 3.2827260494232178 3.758824110031128
    vertex 36.884342193603516 3.2827260494232178 4.000004768371582
    vertex 36.884342193603516 8.382725715637207 4.000004768371582
  endloop
endfacet
facet normal 0.0 0.0 0.0
  outer loop
    vertex 36.884342193603516 8.382725715637207 4.000004768371582
    vertex 36.884342193603516 3.2827260494232178 4.000004768371582
    vertex 36.72542953491211 8.382725715637207 4.207111358642578
  endloop
endfacet
facet normal 0.0 0.0 0.0
  outer loop
    vertex 36.884342193603516 8.382725715637207 4.000004768371582
    vertex 36.72542953491211 8.382725715637207 4.207111358642578
    vertex 36.849788665771484 13.31419563293457 4.055574893951416
  endloop
endfacet
facet normal 0.0 0.0 0.0
  outer loop
    vertex 36.849788665771484 13.31419563293457 4.055574893951416
    vertex 36.72542953491211 8.382725715637207 4.207111358642578
    vertex 36.72542953491211 13.18983268737793 4.207111358642578
  endloop
endfacet
facet normal 0.0 0.0 0.0
  outer loop
    vertex 36.72542953491211 13.18983268737793 4.207111358642578
    vertex 36.72542953491211 8.382725715637207 4.207111358642578
    vertex 36.57388687133789 13.038296699523926 4.331474304199219
  endloop
endfacet
facet normal 0.0 0.0 0.0
  outer loop
    vertex 36.57388687133789 13.038296699523926 4.331474304199219
    vertex 36.72542953491211 8.382725715637207 4.207111358642578
    vertex 36.5183219909668 8.382725715637207 4.366030216217041
  endloop
endfacet
facet normal 0.0 0.0 0.0
  outer loop
    vertex 36.57388687133789 13.038296699523926 4.331474304199219
    vertex 36.5183219909668 8.382725715637207 4.366030216217041
    vertex 36.401004791259766 12.865409851074219 4.423884391784668
  endloop
endfacet
facet normal 0.0 0.0 0.0
  outer loop
    vertex 36.401004791259766 12.865409851074219 4.423884391784668
    vertex 36.5183219909668 8.382725715637207 4.366030216217041
    vertex 36.27714157104492 8.382725715637207 4.465930461883545
  endloop
endfacet
facet normal 0.0 0.0 0.0
  outer loop
    vertex 36.401004791259766 12.865409851074219 4.423884391784668
    vertex 36.27714157104492 8.382725715637207 4.465930461883545
    vertex 36.21341323852539 12.677816390991211 4.480790138244629
  endloop
endfacet
facet normal 0.0 0.0 0.0
  outer loop
    vertex 36.21341323852539 12.677816390991211 4.480790138244629
    vertex 36.27714157104492 8.382725715637207 4.465930461883545
    vertex 36.0183219909668 12.482726097106934 4.500004768371582
  endloop
endfacet
facet normal 0.0 0.0 0.0
  outer loop
    vertex 36.0183219909668 12.482726097106934 4.500004768371582
    vertex 36.27714157104492 8.382725715637207 4.465930461883545
    vertex 36.27714157104492 3.2827260494232178 4.465930461883545
  endloop
endfacet
facet normal 0.0 0.0 0.0
  outer loop
    vertex 36.0183219909668 12.482726097106934 4.500004768371582
    vertex 36.27714157104492 3.2827260494232178 4.465930461883545
    vertex 36.27714157104492 -1.8172739744186401 4.465930461883545
  endloop
endfacet
facet normal 0.0 0.0 0.0
  outer loop
    vertex 36.27714157104492 -1.8172739744186401 4.465930461883545
    vertex 36.27714157104492 3.2827260494232178 4.465930461883545
    vertex 36.5183219909668 -1.8172739744186401 4.366030216217041
  endloop
endfacet
facet normal 0.0 0.0 0.0
  outer loop
    vertex 36.27714157104492 -1.8172739744186401 4.465930461883545
    vertex 36.5183219909668 -1.8172739744186401 4.366030216217041
    vertex 36.5183219909668 -6.917273998260498 4.366030216217041
  endloop
endfacet
facet normal 0.0 0.0 0.0
  outer loop
    vertex 36.5183219909668 -6.917273998260498 4.366030216217041
    vertex 36.5183219909668 -1.8172739744186401 4.366030216217041
    vertex 36.72542953491211 -6.917273998260498 4.207111358642578
  endloop
endfacet
facet normal 0.0 0.0 0.0
  outer loop
    vertex 36.849788665771484 13.31419563293457 4.055574893951416
    vertex 36.942203521728516 13.40660572052002 3.882688283920288
    vertex 36.884342193603516 8.382725715637207 4.000004768371582
  endloop
endfacet
facet normal 0.0 0.0 0.0
  outer loop
    vertex 36.884342193603516 8.382725715637207 4.000004768371582
    vertex 36.942203521728516 13.40660572052002 3.882688283920288
    vertex 36.984249114990234 8.382725715637207 3.758824110031128
  endloop
endfacet
facet normal 0.0 0.0 0.0
  outer loop
    vertex 36.884342193603516 8.382725715637207 4.000004768371582
    vertex 36.984249114990234 8.382725715637207 3.758824110031128
    vertex 36.984249114990234 3.2827260494232178 3.758824110031128
  endloop
endfacet
facet normal 0.0 0.0 0.0
  outer loop
    vertex 36.984249114990234 3.2827260494232178 3.758824110031128
    vertex 36.984249114990234 8.382725715637207 3.758824110031128
    vertex 37.01350784301758 13.477910995483398 3.5980224609375
  endloop
endfacet
facet normal 0.0 0.0 0.0
  outer loop
    vertex 36.984249114990234 3.2827260494232178 3.758824110031128
    vertex 37.01350784301758 13.477910995483398 3.5980224609375
    vertex 37.0183219909668 -12.017273902893066 3.5000052452087402
  endloop
endfacet
facet normal 0.0 0.0 0.0
  outer loop
    vertex 37.0183219909668 -12.017273902893066 3.5000052452087402
    vertex 37.01350784301758 13.477910995483398 3.5980224609375
    vertex 37.0183219909668 13.482726097106934 3.5000052452087402
  endloop
endfacet
facet normal 0.0 0.0 0.0
  outer loop
    vertex 36.942203521728516 13.40660572052002 3.882688283920288
    vertex 36.99910354614258 13.46351146697998 3.6950955390930176
    vertex 36.984249114990234 8.382725715637207 3.758824110031128
  endloop
endfacet
facet normal 0.0 0.0 0.0
  outer loop
    vertex 36.984249114990234 8.382725715637207 3.758824110031128
    vertex 36.99910354614258 13.46351146697998 3.6950955390930176
    vertex 37.01350784301758 13.477910995483398 3.5980224609375
  endloop
endfacet
facet normal 0.0 0.0 0.0
  outer loop
    vertex 36.401004791259766 -11.399957656860352 4.423884391784668
    vertex 36.21341323852539 -11.212364196777344 4.480790138244629
    vertex 36.27714157104492 -6.917273998260498 4.465930461883545
  endloop
endfacet
facet normal 0.0 0.0 0.0
  outer loop
    vertex 36.27714157104492 3.2827260494232178 4.465930461883545
    vertex 36.27714157104492 8.382725715637207 4.465930461883545
    vertex 36.5183219909668 3.2827260494232178 4.366030216217041
  endloop
endfacet
facet normal 0.0 0.0 0.0
  outer loop
    vertex 36.5183219909668 3.2827260494232178 4.366030216217041
    vertex 36.27714157104492 8.382725715637207 4.465930461883545
    vertex 36.5183219909668 8.382725715637207 4.366030216217041
  endloop
endfacet
facet normal 0.0 0.0 0.0
  outer loop
    vertex 36.5183219909668 3.2827260494232178 4.366030216217041
    vertex 36.5183219909668 8.382725715637207 4.366030216217041
    vertex 36.72542953491211 3.2827260494232178 4.207111358642578
  endloop
endfacet
facet normal 0.0 0.0 0.0
  outer loop
    vertex 36.72542953491211 3.2827260494232178 4.207111358642578
    vertex 36.5183219909668 8.382725715637207 4.366030216217041
    vertex 36.72542953491211 8.382725715637207 4.207111358642578
  endloop
endfacet
facet normal 0.0 0.0 0.0
  outer loop
    vertex 36.72542953491211 3.2827260494232178 4.207111358642578
    vertex 36.72542953491211 8.382725715637207 4.207111358642578
    vertex 36.884342193603516 3.2827260494232178 4.000004768371582
  endloop
endfacet
facet normal 0.0 0.0 0.0
  outer loop
    vertex 36.27714157104492 3.2827260494232178 4.465930461883545
    vertex 36.5183219909668 3.2827260494232178 4.366030216217041
    vertex 36.5183219909668 -1.8172739744186401 4.366030216217041
  endloop
endfacet
facet normal 0.0 0.0 0.0
  outer loop
    vertex 36.5183219909668 -1.8172739744186401 4.366030216217041
    vertex 36.5183219909668 3.2827260494232178 4.366030216217041
    vertex 36.72542953491211 -1.8172739744186401 4.207111358642578
  endloop
endfacet
facet normal 0.0 0.0 0.0
  outer loop
    vertex 36.5183219909668 -1.8172739744186401 4.366030216217041
    vertex 36.72542953491211 -1.8172739744186401 4.207111358642578
    vertex 36.72542953491211 -6.917273998260498 4.207111358642578
  endloop
endfacet
facet normal 0.0 0.0 0.0
  outer loop
    vertex 36.72542953491211 -6.917273998260498 4.207111358642578
    vertex 36.72542953491211 -1.8172739744186401 4.207111358642578
    vertex 36.884342193603516 -6.917273998260498 4.000004768371582
  endloop
endfacet
facet normal 0.0 0.0 0.0
  outer loop
    vertex 36.72542953491211 -1.8172739744186401 4.207111358642578
    vertex 36.5183219909668 3.2827260494232178 4.366030216217041
    vertex 36.72542953491211 3.2827260494232178 4.207111358642578
  endloop
endfacet
facet normal 0.0 0.0 0.0
  outer loop
    vertex 36.72542953491211 -1.8172739744186401 4.207111358642578
    vertex 36.72542953491211 3.2827260494232178 4.207111358642578
    vertex 36.884342193603516 -1.8172739744186401 4.000004768371582
  endloop
endfacet
facet normal 0.0 0.0 0.0
  outer loop
    vertex 36.884342193603516 -1.8172739744186401 4.000004768371582
    vertex 36.72542953491211 3.2827260494232178 4.207111358642578
    vertex 36.884342193603516 3.2827260494232178 4.000004768371582
  endloop
endfacet
facet normal 0.0 0.0 0.0
  outer loop
    vertex 36.884342193603516 -1.8172739744186401 4.000004768371582
    vertex 36.884342193603516 3.2827260494232178 4.000004768371582
    vertex 36.984249114990234 -1.8172739744186401 3.758824110031128
  endloop
endfacet
facet normal 0.0 0.0 0.0
  outer loop
    vertex 36.984249114990234 -6.917273998260498 3.758824110031128
    vertex 36.884342193603516 -6.917273998260498 4.000004768371582
    vertex 36.884342193603516 -1.8172739744186401 4.000004768371582
  endloop
endfacet
facet normal 0.0 0.0 0.0
  outer loop
    vertex 36.884342193603516 -1.8172739744186401 4.000004768371582
    vertex 36.884342193603516 -6.917273998260498 4.000004768371582
    vertex 36.72542953491211 -1.8172739744186401 4.207111358642578
  endloop
endfacet
facet normal 0.0 0.0 0.0
  outer loop
    vertex 36.984249114990234 -6.917273998260498 3.758824110031128
    vertex 36.884342193603516 -1.8172739744186401 4.000004768371582
    vertex 36.984249114990234 -1.8172739744186401 3.758824110031128
  endloop
endfacet
facet normal 0.0 0.0 0.0
  outer loop
    vertex 37.0183219909668 -12.017273902893066 3.5000052452087402
    vertex 15.218320846557617 -12.017273902893066 3.5000030994415283
    vertex 37.01350784301758 -12.012458801269531 3.5980224609375
  endloop
endfacet
facet normal 0.0 0.0 0.0
  outer loop
    vertex 37.01350784301758 -12.012458801269531 3.5980224609375
    vertex 15.218320846557617 -12.017273902893066 3.5000030994415283
    vertex 26.11832046508789 -11.983200073242188 3.7588229179382324
  endloop
endfacet
facet normal 0.0 0.0 0.0
  outer loop
    vertex 37.01350784301758 -12.012458801269531 3.5980224609375
    vertex 26.11832046508789 -11.983200073242188 3.7588229179382324
    vertex 31.568317413330078 -11.983200073242188 3.7588233947753906
  endloop
endfacet
facet normal 0.0 0.0 0.0
  outer loop
    vertex 31.568317413330078 -11.983200073242188 3.7588233947753906
    vertex 26.11832046508789 -11.983200073242188 3.7588229179382324
    vertex 31.568317413330078 -11.883299827575684 4.000004291534424
  endloop
endfacet
facet normal 0.0 0.0 0.0
  outer loop
    vertex 31.568317413330078 -11.983200073242188 3.7588233947753906
    vertex 31.568317413330078 -11.883299827575684 4.000004291534424
    vertex 36.942203521728516 -11.941153526306152 3.882688283920288
  endloop
endfacet
facet normal 0.0 0.0 0.0
  outer loop
    vertex 36.942203521728516 -11.941153526306152 3.882688283920288
    vertex 31.568317413330078 -11.883299827575684 4.000004291534424
    vertex 36.849788665771484 -11.848743438720703 4.055574893951416
  endloop
endfacet
facet normal 0.0 0.0 0.0
  outer loop
    vertex 36.849788665771484 -11.848743438720703 4.055574893951416
    vertex 31.568317413330078 -11.883299827575684 4.000004291534424
    vertex 31.568317413330078 -11.724380493164062 4.20711088180542
  endloop
endfacet
facet normal 0.0 0.0 0.0
  outer loop
    vertex 36.849788665771484 -11.848743438720703 4.055574893951416
    vertex 31.568317413330078 -11.724380493164062 4.20711088180542
    vertex 36.72542953491211 -11.724380493164062 4.207111358642578
  endloop
endfacet
facet normal 0.0 0.0 0.0
  outer loop
    vertex 36.72542953491211 -11.724380493164062 4.207111358642578
    vertex 31.568317413330078 -11.724380493164062 4.20711088180542
    vertex 36.57388687133789 -11.572844505310059 4.331474304199219
  endloop
endfacet
facet normal 0.0 0.0 0.0
  outer loop
    vertex 36.57388687133789 -11.572844505310059 4.331474304199219
    vertex 31.568317413330078 -11.724380493164062 4.20711088180542
    vertex 31.568317413330078 -11.517273902893066 4.366029739379883
  endloop
endfacet
facet normal 0.0 0.0 0.0
  outer loop
    vertex 36.57388687133789 -11.572844505310059 4.331474304199219
    vertex 31.568317413330078 -11.517273902893066 4.366029739379883
    vertex 36.401004791259766 -11.399957656860352 4.423884391784668
  endloop
endfacet
facet normal 0.0 0.0 0.0
  outer loop
    vertex 36.401004791259766 -11.399957656860352 4.423884391784668
    vertex 31.568317413330078 -11.517273902893066 4.366029739379883
    vertex 31.568317413330078 -11.276092529296875 4.465929985046387
  endloop
endfacet
facet normal 0.0 0.0 0.0
  outer loop
    vertex 36.401004791259766 -11.399957656860352 4.423884391784668
    vertex 31.568317413330078 -11.276092529296875 4.465929985046387
    vertex 36.21341323852539 -11.212364196777344 4.480790138244629
  endloop
endfacet
facet normal 0.0 0.0 0.0
  outer loop
    vertex 36.21341323852539 -11.212364196777344 4.480790138244629
    vertex 31.568317413330078 -11.276092529296875 4.465929985046387
    vertex 36.0183219909668 -11.017273902893066 4.500004768371582
  endloop
endfacet
facet normal 0.0 0.0 0.0
  outer loop
    vertex 36.0183219909668 -11.017273902893066 4.500004768371582
    vertex 31.568317413330078 -11.276092529296875 4.465929985046387
    vertex 26.11832046508789 -11.276092529296875 4.4659295082092285
  endloop
endfacet
facet normal 0.0 0.0 0.0
  outer loop
    vertex 36.0183219909668 -11.017273902893066 4.500004768371582
    vertex 26.11832046508789 -11.276092529296875 4.4659295082092285
    vertex 15.218320846557617 -11.017273902893066 4.500002861022949
  endloop
endfacet
facet normal 0.0 0.0 0.0
  outer loop
    vertex 15.218320846557617 -11.017273902893066 4.500002861022949
    vertex 26.11832046508789 -11.276092529296875 4.4659295082092285
    vertex 20.66832160949707 -11.276092529296875 4.46592903137207
  endloop
endfacet
facet normal 0.0 0.0 0.0
  outer loop
    vertex 15.218320846557617 -11.017273902893066 4.500002861022949
    vertex 20.66832160949707 -11.276092529296875 4.46592903137207
    vertex 15.218320846557617 -11.276092529296875 4.465928554534912
  endloop
endfacet
facet normal 0.0 0.0 0.0
  outer loop
    vertex 15.218320846557617 -11.276092529296875 4.465928554534912
    vertex 20.66832160949707 -11.276092529296875 4.46592903137207
    vertex 15.218320846557617 -11.517273902893066 4.366028308868408
  endloop
endfacet
facet normal 0.0 0.0 0.0
  outer loop
    vertex 15.218320846557617 -11.517273902893066 4.366028308868408
    vertex 20.66832160949707 -11.276092529296875 4.46592903137207
    vertex 20.66832160949707 -11.517273902893066 4.366028785705566
  endloop
endfacet
facet normal 0.0 0.0 0.0
  outer loop
    vertex 15.218320846557617 -11.517273902893066 4.366028308868408
    vertex 20.66832160949707 -11.517273902893066 4.366028785705566
    vertex 15.218320846557617 -11.724380493164062 4.207109451293945
  endloop
endfacet
facet normal 0.0 0.0 0.0
  outer loop
    vertex 15.218320846557617 -11.724380493164062 4.207109451293945
    vertex 20.66832160949707 -11.517273902893066 4.366028785705566
    vertex 20.66832160949707 -11.724380493164062 4.2071099281311035
  endloop
endfacet
facet normal 0.0 0.0 0.0
  outer loop
    vertex 15.218320846557617 -11.724380493164062 4.207109451293945
    vertex 20.66832160949707 -11.724380493164062 4.2071099281311035
    vertex 15.218320846557617 -11.883299827575684 4.000002861022949
  endloop
endfacet
facet normal 0.0 0.0 0.0
  outer loop
    vertex 15.218320846557617 -11.883299827575684 4.000002861022949
    vertex 20.66832160949707 -11.724380493164062 4.2071099281311035
    vertex 20.66832160949707 -11.883299827575684 4.000003337860107
  endloop
endfacet
facet normal 0.0 0.0 0.0
  outer loop
    vertex 15.218320846557617 -11.883299827575684 4.000002861022949
    vertex 20.66832160949707 -11.883299827575684 4.000003337860107
    vertex 15.218320846557617 -11.983200073242188 3.758821964263916
  endloop
endfacet
facet normal 0.0 0.0 0.0
  outer loop
    vertex 15.218320846557617 -11.983200073242188 3.758821964263916
    vertex 20.66832160949707 -11.883299827575684 4.000003337860107
    vertex 20.66832160949707 -11.983200073242188 3.758822441101074
  endloop
endfacet
facet normal 0.0 0.0 0.0
  outer loop
    vertex 15.218320846557617 -11.983200073242188 3.758821964263916
    vertex 20.66832160949707 -11.983200073242188 3.758822441101074
    vertex 15.218320846557617 -12.017273902893066 3.5000030994415283
  endloop
endfacet
facet normal 0.0 0.0 0.0
  outer loop
    vertex 15.218320846557617 -12.017273902893066 3.5000030994415283
    vertex 20.66832160949707 -11.983200073242188 3.758822441101074
    vertex 26.11832046508789 -11.983200073242188 3.7588229179382324
  endloop
endfacet
facet normal 0.0 0.0 0.0
  outer loop
    vertex 36.942203521728516 -11.941153526306152 3.882688283920288
    vertex 36.99910354614258 -11.998059272766113 3.6950955390930176
    vertex 31.568317413330078 -11.983200073242188 3.7588233947753906
  endloop
endfacet
facet normal 0.0 0.0 0.0
  outer loop
    vertex 31.568317413330078 -11.983200073242188 3.7588233947753906
    vertex 36.99910354614258 -11.998059272766113 3.6950955390930176
    vertex 37.01350784301758 -12.012458801269531 3.5980224609375
  endloop
endfacet
facet normal 0.0 0.0 0.0
  outer loop
    vertex 26.11832046508789 -11.983200073242188 3.7588229179382324
    vertex 20.66832160949707 -11.983200073242188 3.758822441101074
    vertex 26.11832046508789 -11.883299827575684 4.000003814697266
  endloop
endfacet
facet normal 0.0 0.0 0.0
  outer loop
    vertex 26.11832046508789 -11.883299827575684 4.000003814697266
    vertex 20.66832160949707 -11.983200073242188 3.758822441101074
    vertex 20.66832160949707 -11.883299827575684 4.000003337860107
  endloop
endfacet
facet normal 0.0 0.0 0.0
  outer loop
    vertex 26.11832046508789 -11.883299827575684 4.000003814697266
    vertex 20.66832160949707 -11.883299827575684 4.000003337860107
    vertex 26.11832046508789 -11.724380493164062 4.207110404968262
  endloop
endfacet
facet normal 0.0 0.0 0.0
  outer loop
    vertex 26.11832046508789 -11.724380493164062 4.207110404968262
    vertex 20.66832160949707 -11.883299827575684 4.000003337860107
    vertex 20.66832160949707 -11.724380493164062 4.2071099281311035
  endloop
endfacet
facet normal 0.0 0.0 0.0
  outer loop
    vertex 26.11832046508789 -11.724380493164062 4.207110404968262
    vertex 20.66832160949707 -11.724380493164062 4.2071099281311035
    vertex 26.11832046508789 -11.517273902893066 4.366029262542725
  endloop
endfacet
facet normal 0.0 0.0 0.0
  outer loop
    vertex 26.11832046508789 -11.517273902893066 4.366029262542725
    vertex 20.66832160949707 -11.724380493164062 4.2071099281311035
    vertex 20.66832160949707 -11.517273902893066 4.366028785705566
  endloop
endfacet
facet normal 0.0 0.0 0.0
  outer loop
    vertex 26.11832046508789 -11.517273902893066 4.366029262542725
    vertex 20.66832160949707 -11.517273902893066 4.366028785705566
    vertex 26.11832046508789 -11.276092529296875 4.4659295082092285
  endloop
endfacet
facet normal 0.0 0.0 0.0
  outer loop
    vertex 26.11832046508789 -11.276092529296875 4.4659295082092285
    vertex 20.66832160949707 -11.517273902893066 4.366028785705566
    vertex 20.66832160949707 -11.276092529296875 4.46592903137207
  endloop
endfacet
facet normal 0.0 0.0 0.0
  outer loop
    vertex 31.568317413330078 -11.724380493164062 4.20711088180542
    vertex 31.568317413330078 -11.883299827575684 4.000004291534424
    vertex 26.11832046508789 -11.883299827575684 4.000003814697266
  endloop
endfacet
facet normal 0.0 0.0 0.0
  outer loop
    vertex 26.11832046508789 -11.883299827575684 4.000003814697266
    vertex 31.568317413330078 -11.883299827575684 4.000004291534424
    vertex 26.11832046508789 -11.983200073242188 3.7588229179382324
  endloop
endfacet
facet normal 0.0 0.0 0.0
  outer loop
    vertex 31.568317413330078 -11.724380493164062 4.20711088180542
    vertex 26.11832046508789 -11.883299827575684 4.000003814697266
    vertex 26.11832046508789 -11.724380493164062 4.207110404968262
  endloop
endfacet
facet normal 0.0 0.0 0.0
  outer loop
    vertex 31.568317413330078 -11.517273902893066 4.366029739379883
    vertex 31.568317413330078 -11.724380493164062 4.20711088180542
    vertex 26.11832046508789 -11.724380493164062 4.207110404968262
  endloop
endfacet
facet normal 0.0 0.0 0.0
  outer loop
    vertex 31.568317413330078 -11.517273902893066 4.366029739379883
    vertex 26.11832046508789 -11.724380493164062 4.207110404968262
    vertex 26.11832046508789 -11.517273902893066 4.366029262542725
  endloop
endfacet
facet normal 0.0 0.0 0.0
  outer loop
    vertex 31.568317413330078 -11.276092529296875 4.465929985046387
    vertex 31.568317413330078 -11.517273902893066 4.366029739379883
    vertex 26.11832046508789 -11.517273902893066 4.366029262542725
  endloop
endfacet
facet normal 0.0 0.0 0.0
  outer loop
    vertex 31.568317413330078 -11.276092529296875 4.465929985046387
    vertex 26.11832046508789 -11.517273902893066 4.366029262542725
    vertex 26.11832046508789 -11.276092529296875 4.4659295082092285
  endloop
endfacet
facet normal 0.0 0.0 0.0
  outer loop
    vertex 15.218320846557617 12.08272647857666 4.500002861022949
    vertex 15.218320846557617 12.482726097106934 4.500002861022949
    vertex 35.61832046508789 12.08272647857666 4.500004768371582
  endloop
endfacet
facet normal 0.0 0.0 0.0
  outer loop
    vertex 35.61832046508789 12.08272647857666 4.500004768371582
    vertex 15.218320846557617 12.482726097106934 4.500002861022949
    vertex 36.0183219909668 12.482726097106934 4.500004768371582
  endloop
endfacet
facet normal 0.0 0.0 0.0
  outer loop
    vertex 35.61832046508789 12.08272647857666 4.500004768371582
    vertex 36.0183219909668 12.482726097106934 4.500004768371582
    vertex 35.61832046508789 2.322511911392212 4.500004768371582
  endloop
endfacet
facet normal 0.0 0.0 0.0
  outer loop
    vertex 35.61832046508789 2.322511911392212 4.500004768371582
    vertex 36.0183219909668 12.482726097106934 4.500004768371582
    vertex 36.0183219909668 -11.017273902893066 4.500004768371582
  endloop
endfacet
facet normal 0.0 0.0 0.0
  outer loop
    vertex 35.61832046508789 2.322511911392212 4.500004768371582
    vertex 36.0183219909668 -11.017273902893066 4.500004768371582
    vertex 35.61832046508789 -2.322511911392212 4.500004768371582
  endloop
endfacet
facet normal 0.0 0.0 0.0
  outer loop
    vertex 35.61832046508789 -2.322511911392212 4.500004768371582
    vertex 36.0183219909668 -11.017273902893066 4.500004768371582
    vertex 35.61832046508789 -10.617274284362793 4.500004768371582
  endloop
endfacet
facet normal 0.0 0.0 0.0
  outer loop
    vertex 35.61832046508789 -10.617274284362793 4.500004768371582
    vertex 36.0183219909668 -11.017273902893066 4.500004768371582
    vertex 15.218320846557617 -11.017273902893066 4.500002861022949
  endloop
endfacet
facet normal 0.0 0.0 0.0
  outer loop
    vertex 35.61832046508789 -10.617274284362793 4.500004768371582
    vertex 15.218320846557617 -11.017273902893066 4.500002861022949
    vertex 15.218320846557617 -10.617274284362793 4.500002861022949
  endloop
endfacet
facet normal 0.0 0.0 0.0
  outer loop
    vertex 35.61832046508789 2.322511911392212 4.500004768371582
    vertex 35.61832046508789 -2.322511911392212 4.500004768371582
    vertex 35.260257720947266 1.7127995491027832 4.500004768371582
  endloop
endfacet
facet normal 0.0 0.0 0.0
  outer loop
    vertex 35.260257720947266 1.7127995491027832 4.500004768371582
    vertex 35.61832046508789 -2.322511911392212 4.500004768371582
    vertex 35.260257720947266 -1.7127995491027832 4.500004768371582
  endloop
endfacet
facet normal 0.0 0.0 0.0
  outer loop
    vertex 35.260257720947266 1.7127995491027832 4.500004768371582
    vertex 35.260257720947266 -1.7127995491027832 4.500004768371582
    vertex 35.0151481628418 1.0495668649673462 4.500004768371582
  endloop
endfacet
facet normal 0.0 0.0 0.0
  outer loop
    vertex 35.0151481628418 1.0495668649673462 4.500004768371582
    vertex 35.260257720947266 -1.7127995491027832 4.500004768371582
    vertex 35.0151481628418 -1.0495668649673462 4.500004768371582
  endloop
endfacet
facet normal 0.0 0.0 0.0
  outer loop
    vertex 35.0151481628418 1.0495668649673462 4.500004768371582
    vertex 35.0151481628418 -1.0495668649673462 4.500004768371582
    vertex 34.89065170288086 0.35353797674179077 4.500004768371582
  endloop
endfacet
facet normal 0.0 0.0 0.0
  outer loop
    vertex 34.89065170288086 0.35353797674179077 4.500004768371582
    vertex 35.0151481628418 -1.0495668649673462 4.500004768371582
    vertex 34.89065170288086 -0.35353797674179077 4.500004768371582
  endloop
endfacet
facet normal 0.0 0.0 0.0
  outer loop
    vertex 35.61832046508789 2.322511911392212 5.500004768371582
    vertex 35.61832046508789 2.322511911392212 4.500004768371582
    vertex 35.31965255737305 1.8329061269760132 10.500003814697266
  endloop
endfacet
facet normal 0.0 0.0 0.0
  outer loop
    vertex 35.31965255737305 1.8329061269760132 10.500003814697266
    vertex 35.61832046508789 2.322511911392212 4.500004768371582
    vertex 35.260257720947266 1.7127995491027832 4.500004768371582
  endloop
endfacet
facet normal 0.0 0.0 0.0
  outer loop
    vertex 35.31965255737305 1.8329061269760132 10.500003814697266
    vertex 35.260257720947266 1.7127995491027832 4.500004768371582
    vertex 35.03702163696289 1.1269302368164062 10.500003814697266
  endloop
endfacet
facet normal 0.0 0.0 0.0
  outer loop
    vertex 35.03702163696289 1.1269302368164062 10.500003814697266
    vertex 35.260257720947266 1.7127995491027832 4.500004768371582
    vertex 35.0151481628418 1.0495668649673462 4.500004768371582
  endloop
endfacet
facet normal 0.0 0.0 0.0
  outer loop
    vertex 35.03702163696289 1.1269302368164062 10.500003814697266
    vertex 35.0151481628418 1.0495668649673462 4.500004768371582
    vertex 34.89310836791992 0.38022416830062866 10.500003814697266
  endloop
endfacet
facet normal 0.0 0.0 0.0
  outer loop
    vertex 34.89310836791992 0.38022416830062866 10.500003814697266
    vertex 35.0151481628418 1.0495668649673462 4.500004768371582
    vertex 34.89065170288086 0.35353797674179077 4.500004768371582
  endloop
endfacet
facet normal 0.0 0.0 0.0
  outer loop
    vertex 34.89310836791992 0.38022416830062866 10.500003814697266
    vertex 34.89065170288086 0.35353797674179077 4.500004768371582
    vertex 34.89065170288086 -0.35353797674179077 4.500004768371582
  endloop
endfacet
facet normal 0.0 0.0 0.0
  outer loop
    vertex 34.89310836791992 0.38022416830062866 10.500003814697266
    vertex 34.89065170288086 -0.35353797674179077 4.500004768371582
    vertex 34.89310836791992 -0.38022416830062866 10.500003814697266
  endloop
endfacet
facet normal 0.0 0.0 0.0
  outer loop
    vertex 34.89310836791992 -0.38022416830062866 10.500003814697266
    vertex 34.89065170288086 -0.35353797674179077 4.500004768371582
    vertex 35.0151481628418 -1.0495668649673462 4.500004768371582
  endloop
endfacet
facet normal 0.0 0.0 0.0
  outer loop
    vertex 34.89310836791992 -0.38022416830062866 10.500003814697266
    vertex 35.0151481628418 -1.0495668649673462 4.500004768371582
    vertex 35.03702163696289 -1.1269302368164062 10.500003814697266
  endloop
endfacet
facet normal 0.0 0.0 0.0
  outer loop
    vertex 35.03702163696289 -1.1269302368164062 10.500003814697266
    vertex 35.0151481628418 -1.0495668649673462 4.500004768371582
    vertex 35.260257720947266 -1.7127995491027832 4.500004768371582
  endloop
endfacet
facet normal 0.0 0.0 0.0
  outer loop
    vertex 35.03702163696289 -1.1269302368164062 10.500003814697266
    vertex 35.260257720947266 -1.7127995491027832 4.500004768371582
    vertex 35.31965255737305 -1.8329061269760132 10.500003814697266
  endloop
endfacet
facet normal 0.0 0.0 0.0
  outer loop
    vertex 35.31965255737305 -1.8329061269760132 10.500003814697266
    vertex 35.260257720947266 -1.7127995491027832 4.500004768371582
    vertex 35.61832046508789 -2.322511911392212 4.500004768371582
  endloop
endfacet
facet normal 0.0 0.0 0.0
  outer loop
    vertex 35.31965255737305 -1.8329061269760132 10.500003814697266
    vertex 35.61832046508789 -2.322511911392212 4.500004768371582
    vertex 35.61832046508789 -2.322511911392212 5.500004768371582
  endloop
endfacet
facet normal 0.0 0.0 0.0
  outer loop
    vertex 35.31965255737305 -1.8329061269760132 10.500003814697266
    vertex 35.61832046508789 -2.322511911392212 5.500004768371582
    vertex 35.73078536987305 -2.4726359844207764 10.500003814697266
  endloop
endfacet
facet normal 0.0 0.0 0.0
  outer loop
    vertex 35.73078536987305 -2.4726359844207764 10.500003814697266
    vertex 35.61832046508789 -2.322511911392212 5.500004768371582
    vertex 36.11626052856445 -2.8964452743530273 5.500004768371582
  endloop
endfacet
facet normal 0.0 0.0 0.0
  outer loop
    vertex 35.73078536987305 -2.4726359844207764 10.500003814697266
    vertex 36.11626052856445 -2.8964452743530273 5.500004768371582
    vertex 36.255550384521484 -3.022998332977295 10.500003814697266
  endloop
endfacet
facet normal 0.0 0.0 0.0
  outer loop
    vertex 36.255550384521484 -3.022998332977295 10.500003814697266
    vertex 36.11626052856445 -2.8964452743530273 5.500004768371582
    vertex 36.7137565612793 -3.3658626079559326 5.500004768371582
  endloop
endfacet
facet normal 0.0 0.0 0.0
  outer loop
    vertex 36.255550384521484 -3.022998332977295 10.500003814697266
    vertex 36.7137565612793 -3.3658626079559326 5.500004768371582
    vertex 36.874996185302734 -3.464101552963257 10.500003814697266
  endloop
endfacet
facet normal 0.0 0.0 0.0
  outer loop
    vertex 36.874996185302734 -3.464101552963257 10.500003814697266
    vertex 36.7137565612793 -3.3658626079559326 5.500004768371582
    vertex 37.38923263549805 -3.7138257026672363 5.500004768371582
  endloop
endfacet
facet normal 0.0 0.0 0.0
  outer loop
    vertex 36.874996185302734 -3.464101552963257 10.500003814697266
    vertex 37.38923263549805 -3.7138257026672363 5.500004768371582
    vertex 37.56672286987305 -3.780003309249878 10.500003814697266
  endloop
endfacet
facet normal 0.0 0.0 0.0
  outer loop
    vertex 37.56672286987305 -3.780003309249878 10.500003814697266
    vertex 37.38923263549805 -3.7138257026672363 5.500004768371582
    vertex 38.11832046508789 -3.9277782440185547 5.500004768371582
  endloop
endfacet
facet normal 0.0 0.0 0.0
  outer loop
    vertex 37.56672286987305 -3.780003309249878 10.500003814697266
    vertex 38.11832046508789 -3.9277782440185547 5.500004768371582
    vertex 38.30573654174805 -3.9592857360839844 10.500003814697266
  endloop
endfacet
facet normal 0.0 0.0 0.0
  outer loop
    vertex 38.30573654174805 -3.9592857360839844 10.500003814697266
    vertex 38.11832046508789 -3.9277782440185547 5.500004768371582
    vertex 38.11832046508789 -3.9277782440185547 1.0000052452087402
  endloop
endfacet
facet normal 0.0 0.0 0.0
  outer loop
    vertex 38.30573654174805 -3.9592857360839844 10.500003814697266
    vertex 38.11832046508789 -3.9277782440185547 1.0000052452087402
    vertex 38.85525131225586 -3.9999513626098633 1.0000057220458984
  endloop
endfacet
facet normal 0.0 0.0 0.0
  outer loop
    vertex 38.30573654174805 -3.9592857360839844 10.500003814697266
    vertex 38.85525131225586 -3.9999513626098633 1.0000057220458984
    vertex 39.06532669067383 -3.995469331741333 10.500004768371582
  endloop
endfacet
facet normal 0.0 0.0 0.0
  outer loop
    vertex 39.06532669067383 -3.995469331741333 10.500004768371582
    vertex 38.85525131225586 -3.9999513626098633 1.0000057220458984
    vertex 39.59286117553711 -3.93505597114563 1.0000057220458984
  endloop
endfacet
facet normal 0.0 0.0 0.0
  outer loop
    vertex 39.06532669067383 -3.995469331741333 10.500004768371582
    vertex 39.59286117553711 -3.93505597114563 1.0000057220458984
    vertex 39.81803512573242 -3.8872463703155518 10.500004768371582
  endloop
endfacet
facet normal 0.0 0.0 0.0
  outer loop
    vertex 39.81803512573242 -3.8872463703155518 10.500004768371582
    vertex 39.59286117553711 -3.93505597114563 1.0000057220458984
    vertex 40.30587387084961 -3.735316038131714 1.0000057220458984
  endloop
endfacet
facet normal 0.0 0.0 0.0
  outer loop
    vertex 39.81803512573242 -3.8872463703155518 10.500004768371582
    vertex 40.30587387084961 -3.735316038131714 1.0000057220458984
    vertex 40.53665542602539 -3.6385278701782227 10.500004768371582
  endloop
endfacet
facet normal 0.0 0.0 0.0
  outer loop
    vertex 40.53665542602539 -3.6385278701782227 10.500004768371582
    vertex 40.30587387084961 -3.735316038131714 1.0000057220458984
    vertex 40.969852447509766 -3.407576084136963 1.0000057220458984
  endloop
endfacet
facet normal 0.0 0.0 0.0
  outer loop
    vertex 40.53665542602539 -3.6385278701782227 10.500004768371582
    vertex 40.969852447509766 -3.407576084136963 1.0000057220458984
    vertex 41.19522476196289 -3.2583038806915283 10.500004768371582
  endloop
endfacet
facet normal 0.0 0.0 0.0
  outer loop
    vertex 41.19522476196289 -3.2583038806915283 10.500004768371582
    vertex 40.969852447509766 -3.407576084136963 1.0000057220458984
    vertex 41.56204605102539 -2.963066816329956 1.0000057220458984
  endloop
endfacet
facet normal 0.0 0.0 0.0
  outer loop
    vertex 41.19522476196289 -3.2583038806915283 10.500004768371582
    vertex 41.56204605102539 -2.963066816329956 1.0000057220458984
    vertex 41.76993179321289 -2.7603161334991455 10.500004768371582
  endloop
endfacet
facet normal 0.0 0.0 0.0
  outer loop
    vertex 41.76993179321289 -2.7603161334991455 10.500004768371582
    vertex 41.56204605102539 -2.963066816329956 1.0000057220458984
    vertex 42.06216049194336 -2.417020797729492 1.0000057220458984
  endloop
endfacet
facet normal 0.0 0.0 0.0
  outer loop
    vertex 41.76993179321289 -2.7603161334991455 10.500004768371582
    vertex 42.06216049194336 -2.417020797729492 1.0000057220458984
    vertex 42.24000930786133 -2.1625633239746094 10.500004768371582
  endloop
endfacet
facet normal 0.0 0.0 0.0
  outer loop
    vertex 42.24000930786133 -2.1625633239746094 10.500004768371582
    vertex 42.06216049194336 -2.417020797729492 1.0000057220458984
    vertex 42.453060150146484 -1.788149356842041 1.0000057220458984
  endloop
endfacet
facet normal 0.0 0.0 0.0
  outer loop
    vertex 42.24000930786133 -2.1625633239746094 10.500004768371582
    vertex 42.453060150146484 -1.788149356842041 1.0000057220458984
    vertex 42.58846664428711 -1.4866498708724976 10.500004768371582
  endloop
endfacet
facet normal 0.0 0.0 0.0
  outer loop
    vertex 42.58846664428711 -1.4866498708724976 10.500004768371582
    vertex 42.453060150146484 -1.788149356842041 1.0000057220458984
    vertex 42.72134017944336 -1.0980024337768555 1.0000057220458984
  endloop
endfacet
facet normal 0.0 0.0 0.0
  outer loop
    vertex 42.58846664428711 -1.4866498708724976 10.500004768371582
    vertex 42.72134017944336 -1.0980024337768555 1.0000057220458984
    vertex 42.80270767211914 -0.757004976272583 10.500004768371582
  endloop
endfacet
facet normal 0.0 0.0 0.0
  outer loop
    vertex 42.80270767211914 -0.757004976272583 10.500004768371582
    vertex 42.72134017944336 -1.0980024337768555 1.0000057220458984
    vertex 42.85782241821289 -0.3702297806739807 1.0000057220458984
  endloop
endfacet
facet normal 0.0 0.0 0.0
  outer loop
    vertex 42.80270767211914 -0.757004976272583 10.500004768371582
    vertex 42.85782241821289 -0.3702297806739807 1.0000057220458984
    vertex 42.874996185302734 1.4765216285718907e-16 10.500004768371582
  endloop
endfacet
facet normal 0.0 0.0 0.0
  outer loop
    vertex 42.874996185302734 1.4765216285718907e-16 10.500004768371582
    vertex 42.85782241821289 -0.3702297806739807 1.0000057220458984
    vertex 42.85782241821289 0.3702297806739807 1.0000057220458984
  endloop
endfacet
facet normal 0.0 0.0 0.0
  outer loop
    vertex 42.874996185302734 1.4765216285718907e-16 10.500004768371582
    vertex 42.85782241821289 0.3702297806739807 1.0000057220458984
    vertex 42.80270767211914 0.757004976272583 10.500004768371582
  endloop
endfacet
facet normal 0.0 0.0 0.0
  outer loop
    vertex 42.80270767211914 0.757004976272583 10.500004768371582
    vertex 42.85782241821289 0.3702297806739807 1.0000057220458984
    vertex 42.72134017944336 1.0980024337768555 1.0000057220458984
  endloop
endfacet
facet normal 0.0 0.0 0.0
  outer loop
    vertex 42.80270767211914 0.757004976272583 10.500004768371582
    vertex 42.72134017944336 1.0980024337768555 1.0000057220458984
    vertex 42.58846664428711 1.4866498708724976 10.500004768371582
  endloop
endfacet
facet normal 0.0 0.0 0.0
  outer loop
    vertex 42.58846664428711 1.4866498708724976 10.500004768371582
    vertex 42.72134017944336 1.0980024337768555 1.0000057220458984
    vertex 42.453060150146484 1.788149356842041 1.0000057220458984
  endloop
endfacet
facet normal 0.0 0.0 0.0
  outer loop
    vertex 42.58846664428711 1.4866498708724976 10.500004768371582
    vertex 42.453060150146484 1.788149356842041 1.0000057220458984
    vertex 42.24000930786133 2.1625633239746094 10.500004768371582
  endloop
endfacet
facet normal 0.0 0.0 0.0
  outer loop
    vertex 42.24000930786133 2.1625633239746094 10.500004768371582
    vertex 42.453060150146484 1.788149356842041 1.0000057220458984
    vertex 42.06216049194336 2.417020797729492 1.0000057220458984
  endloop
endfacet
facet normal 0.0 0.0 0.0
  outer loop
    vertex 42.24000930786133 2.1625633239746094 10.500004768371582
    vertex 42.06216049194336 2.417020797729492 1.0000057220458984
    vertex 41.76993179321289 2.7603161334991455 10.500004768371582
  endloop
endfacet
facet normal 0.0 0.0 0.0
  outer loop
    vertex 41.76993179321289 2.7603161334991455 10.500004768371582
    vertex 42.06216049194336 2.417020797729492 1.0000057220458984
    vertex 41.56204605102539 2.963066816329956 1.0000057220458984
  endloop
endfacet
facet normal 0.0 0.0 0.0
  outer loop
    vertex 41.76993179321289 2.7603161334991455 10.500004768371582
    vertex 41.56204605102539 2.963066816329956 1.0000057220458984
    vertex 41.19522476196289 3.2583038806915283 10.500004768371582
  endloop
endfacet
facet normal 0.0 0.0 0.0
  outer loop
    vertex 41.19522476196289 3.2583038806915283 10.500004768371582
    vertex 41.56204605102539 2.963066816329956 1.0000057220458984
    vertex 40.969852447509766 3.407576084136963 1.0000057220458984
  endloop
endfacet
facet normal 0.0 0.0 0.0
  outer loop
    vertex 41.19522476196289 3.2583038806915283 10.500004768371582
    vertex 40.969852447509766 3.407576084136963 1.0000057220458984
    vertex 40.53665542602539 3.6385278701782227 10.500004768371582
  endloop
endfacet
facet normal 0.0 0.0 0.0
  outer loop
    vertex 40.53665542602539 3.6385278701782227 10.500004768371582
    vertex 40.969852447509766 3.407576084136963 1.0000057220458984
    vertex 40.30587387084961 3.735316038131714 1.0000057220458984
  endloop
endfacet
facet normal 0.0 0.0 0.0
  outer loop
    vertex 40.53665542602539 3.6385278701782227 10.500004768371582
    vertex 40.30587387084961 3.735316038131714 1.0000057220458984
    vertex 39.81803512573242 3.8872463703155518 10.500004768371582
  endloop
endfacet
facet normal 0.0 0.0 0.0
  outer loop
    vertex 39.81803512573242 3.8872463703155518 10.500004768371582
    vertex 40.30587387084961 3.735316038131714 1.0000057220458984
    vertex 39.59286117553711 3.93505597114563 1.0000057220458984
  endloop
endfacet
facet normal 0.0 0.0 0.0
  outer loop
    vertex 39.81803512573242 3.8872463703155518 10.500004768371582
    vertex 39.59286117553711 3.93505597114563 1.0000057220458984
    vertex 39.06532669067383 3.995469331741333 10.500004768371582
  endloop
endfacet
facet normal 0.0 0.0 0.0
  outer loop
    vertex 39.06532669067383 3.995469331741333 10.500004768371582
    vertex 39.59286117553711 3.93505597114563 1.0000057220458984
    vertex 38.85525131225586 3.9999513626098633 1.0000057220458984
  endloop
endfacet
facet normal 0.0 0.0 0.0
  outer loop
    vertex 39.06532669067383 3.995469331741333 10.500004768371582
    vertex 38.85525131225586 3.9999513626098633 1.0000057220458984
    vertex 38.30573654174805 3.9592857360839844 10.500003814697266
  endloop
endfacet
facet normal 0.0 0.0 0.0
  outer loop
    vertex 38.30573654174805 3.9592857360839844 10.500003814697266
    vertex 38.85525131225586 3.9999513626098633 1.0000057220458984
    vertex 38.11832046508789 3.9277782440185547 1.0000052452087402
  endloop
endfacet
facet normal 0.0 0.0 0.0
  outer loop
    vertex 38.30573654174805 3.9592857360839844 10.500003814697266
    vertex 38.11832046508789 3.9277782440185547 1.0000052452087402
    vertex 38.11832046508789 3.9277782440185547 5.500004768371582
  endloop
endfacet
facet normal 0.0 0.0 0.0
  outer loop
    vertex 38.30573654174805 3.9592857360839844 10.500003814697266
    vertex 38.11832046508789 3.9277782440185547 5.500004768371582
    vertex 37.56672286987305 3.780003309249878 10.500003814697266
  endloop
endfacet
facet normal 0.0 0.0 0.0
  outer loop
    vertex 37.56672286987305 3.780003309249878 10.500003814697266
    vertex 38.11832046508789 3.9277782440185547 5.500004768371582
    vertex 37.38923263549805 3.7138257026672363 5.500004768371582
  endloop
endfacet
facet normal 0.0 0.0 0.0
  outer loop
    vertex 37.56672286987305 3.780003309249878 10.500003814697266
    vertex 37.38923263549805 3.7138257026672363 5.500004768371582
    vertex 36.874996185302734 3.464101552963257 10.500003814697266
  endloop
endfacet
facet normal 0.0 0.0 0.0
  outer loop
    vertex 36.874996185302734 3.464101552963257 10.500003814697266
    vertex 37.38923263549805 3.7138257026672363 5.500004768371582
    vertex 36.7137565612793 3.3658626079559326 5.500004768371582
  endloop
endfacet
facet normal 0.0 0.0 0.0
  outer loop
    vertex 36.874996185302734 3.464101552963257 10.500003814697266
    vertex 36.7137565612793 3.3658626079559326 5.500004768371582
    vertex 36.255550384521484 3.022998332977295 10.500003814697266
  endloop
endfacet
facet normal 0.0 0.0 0.0
  outer loop
    vertex 36.255550384521484 3.022998332977295 10.500003814697266
    vertex 36.7137565612793 3.3658626079559326 5.500004768371582
    vertex 36.11626052856445 2.8964452743530273 5.500004768371582
  endloop
endfacet
facet normal 0.0 0.0 0.0
  outer loop
    vertex 36.255550384521484 3.022998332977295 10.500003814697266
    vertex 36.11626052856445 2.8964452743530273 5.500004768371582
    vertex 35.73078536987305 2.4726359844207764 10.500003814697266
  endloop
endfacet
facet normal 0.0 0.0 0.0
  outer loop
    vertex 35.73078536987305 2.4726359844207764 10.500003814697266
    vertex 36.11626052856445 2.8964452743530273 5.500004768371582
    vertex 35.61832046508789 2.322511911392212 5.500004768371582
  endloop
endfacet
facet normal 0.0 0.0 0.0
  outer loop
    vertex 35.73078536987305 2.4726359844207764 10.500003814697266
    vertex 35.61832046508789 2.322511911392212 5.500004768371582
    vertex 35.31965255737305 1.8329061269760132 10.500003814697266
  endloop
endfacet
facet normal 0.0 0.0 0.0
  outer loop
    vertex 35.61832046508789 -2.322511911392212 2.500005006790161
    vertex 35.260257720947266 -1.7127995491027832 2.500005006790161
    vertex 35.61832046508789 -2.322511911392212 1.0000052452087402
  endloop
endfacet
facet normal 0.0 0.0 0.0
  outer loop
    vertex 35.61832046508789 -2.322511911392212 1.0000052452087402
    vertex 35.260257720947266 -1.7127995491027832 2.500005006790161
    vertex 35.260257720947266 -1.7127995491027832 1.0000052452087402
  endloop
endfacet
facet normal 0.0 0.0 0.0
  outer loop
    vertex 35.260257720947266 -1.7127995491027832 1.0000052452087402
    vertex 35.260257720947266 -1.7127995491027832 2.500005006790161
    vertex 35.0151481628418 -1.0495668649673462 2.500005006790161
  endloop
endfacet
facet normal 0.0 0.0 0.0
  outer loop
    vertex 35.260257720947266 -1.7127995491027832 1.0000052452087402
    vertex 35.0151481628418 -1.0495668649673462 2.500005006790161
    vertex 35.0151481628418 -1.0495668649673462 1.0000052452087402
  endloop
endfacet
facet normal 0.0 0.0 0.0
  outer loop
    vertex 35.0151481628418 -1.0495668649673462 1.0000052452087402
    vertex 35.0151481628418 -1.0495668649673462 2.500005006790161
    vertex 34.89065170288086 -0.35353797674179077 2.500004768371582
  endloop
endfacet
facet normal 0.0 0.0 0.0
  outer loop
    vertex 35.0151481628418 -1.0495668649673462 1.0000052452087402
    vertex 34.89065170288086 -0.35353797674179077 2.500004768371582
    vertex 34.89065170288086 -0.35353797674179077 1.0000052452087402
  endloop
endfacet
facet normal 0.0 0.0 0.0
  outer loop
    vertex 34.89065170288086 -0.35353797674179077 1.0000052452087402
    vertex 34.89065170288086 -0.35353797674179077 2.500004768371582
    vertex 34.89065170288086 0.35353797674179077 1.0000052452087402
  endloop
endfacet
facet normal 0.0 0.0 0.0
  outer loop
    vertex 34.89065170288086 0.35353797674179077 1.0000052452087402
    vertex 34.89065170288086 -0.35353797674179077 2.500004768371582
    vertex 34.89065170288086 0.35353797674179077 2.500004768371582
  endloop
endfacet
facet normal 0.0 0.0 0.0
  outer loop
    vertex 34.89065170288086 0.35353797674179077 1.0000052452087402
    vertex 34.89065170288086 0.35353797674179077 2.500004768371582
    vertex 35.0151481628418 1.0495668649673462 2.500005006790161
  endloop
endfacet
facet normal 0.0 0.0 0.0
  outer loop
    vertex 34.89065170288086 0.35353797674179077 1.0000052452087402
    vertex 35.0151481628418 1.0495668649673462 2.500005006790161
    vertex 35.0151481628418 1.0495668649673462 1.0000052452087402
  endloop
endfacet
facet normal 0.0 0.0 0.0
  outer loop
    vertex 35.0151481628418 1.0495668649673462 1.0000052452087402
    vertex 35.0151481628418 1.0495668649673462 2.500005006790161
    vertex 35.260257720947266 1.7127995491027832 2.500005006790161
  endloop
endfacet
facet normal 0.0 0.0 0.0
  outer loop
    vertex 35.0151481628418 1.0495668649673462 1.0000052452087402
    vertex 35.260257720947266 1.7127995491027832 2.500005006790161
    vertex 35.260257720947266 1.7127995491027832 1.0000052452087402
  endloop
endfacet
facet normal 0.0 0.0 0.0
  outer loop
    vertex 35.260257720947266 1.7127995491027832 1.0000052452087402
    vertex 35.260257720947266 1.7127995491027832 2.500005006790161
    vertex 35.61832046508789 2.322511911392212 2.500005006790161
  endloop
endfacet
facet normal 0.0 0.0 0.0
  outer loop
    vertex 35.260257720947266 1.7127995491027832 1.0000052452087402
    vertex 35.61832046508789 2.322511911392212 2.500005006790161
    vertex 35.61832046508789 2.322511911392212 1.0000052452087402
  endloop
endfacet
facet normal 0.0 0.0 0.0
  outer loop
    vertex 35.61832046508789 -10.617274284362793 4.500004768371582
    vertex 15.218320846557617 -10.617274284362793 4.500002861022949
    vertex 35.61832046508789 -10.617274284362793 5.500004768371582
  endloop
endfacet
facet normal 0.0 0.0 0.0
  outer loop
    vertex 35.61832046508789 -10.617274284362793 5.500004768371582
    vertex 15.218320846557617 -10.617274284362793 4.500002861022949
    vertex 15.218320846557617 -10.617274284362793 5.500002861022949
  endloop
endfacet
facet normal 0.0 0.0 0.0
  outer loop
    vertex 35.61832046508789 -2.322511911392212 4.500004768371582
    vertex 35.61832046508789 -10.617274284362793 4.500004768371582
    vertex 35.61832046508789 -2.322511911392212 5.500004768371582
  endloop
endfacet
facet normal 0.0 0.0 0.0
  outer loop
    vertex 35.61832046508789 -2.322511911392212 5.500004768371582
    vertex 35.61832046508789 -10.617274284362793 4.500004768371582
    vertex 35.61832046508789 -10.617274284362793 5.500004768371582
  endloop
endfacet
facet normal 0.0 0.0 0.0
  outer loop
    vertex 15.218320846557617 -12.017273902893066 3.5000030994415283
    vertex 37.0183219909668 -12.017273902893066 3.5000052452087402
    vertex 15.218320846557617 -12.017273902893066 2.5000030994415283
  endloop
endfacet
facet normal 0.0 0.0 0.0
  outer loop
    vertex 15.218320846557617 -12.017273902893066 2.5000030994415283
    vertex 37.0183219909668 -12.017273902893066 3.5000052452087402
    vertex 37.0183219909668 -12.017273902893066 2.500005006790161
  endloop
endfacet
facet normal 0.0 0.0 0.0
  outer loop
    vertex 37.0183219909668 -12.017273902893066 3.5000052452087402
    vertex 37.0183219909668 13.482726097106934 3.5000052452087402
    vertex 37.0183219909668 -12.017273902893066 2.500005006790161
  endloop
endfacet
facet normal 0.0 0.0 0.0
  outer loop
    vertex 37.0183219909668 -12.017273902893066 2.500005006790161
    vertex 37.0183219909668 13.482726097106934 3.5000052452087402
    vertex 37.0183219909668 13.482726097106934 2.500005006790161
  endloop
endfacet
facet normal 0.0 0.0 0.0
  outer loop
    vertex 35.61832046508789 12.08272647857666 4.500004768371582
    vertex 35.61832046508789 2.322511911392212 4.500004768371582
    vertex 35.61832046508789 12.08272647857666 5.500004768371582
  endloop
endfacet
facet normal 0.0 0.0 0.0
  outer loop
    vertex 35.61832046508789 12.08272647857666 5.500004768371582
    vertex 35.61832046508789 2.322511911392212 4.500004768371582
    vertex 35.61832046508789 2.322511911392212 5.500004768371582
  endloop
endfacet
facet normal 0.0 0.0 0.0
  outer loop
    vertex 15.218320846557617 12.08272647857666 4.500002861022949
    vertex 35.61832046508789 12.08272647857666 4.500004768371582
    vertex 15.218320846557617 12.08272647857666 5.500002861022949
  endloop
endfacet
facet normal 0.0 0.0 0.0
  outer loop
    vertex 15.218320846557617 12.08272647857666 5.500002861022949
    vertex 35.61832046508789 12.08272647857666 4.500004768371582
    vertex 35.61832046508789 12.08272647857666 5.500004768371582
  endloop
endfacet
facet normal 0.0 0.0 0.0
  outer loop
    vertex 35.61832046508789 -10.617274284362793 2.500005006790161
    vertex 37.0183219909668 -12.017273902893066 2.500005006790161
    vertex 35.61832046508789 -2.322511911392212 2.500005006790161
  endloop
endfacet
facet normal 0.0 0.0 0.0
  outer loop
    vertex 35.61832046508789 -2.322511911392212 2.500005006790161
    vertex 37.0183219909668 -12.017273902893066 2.500005006790161
    vertex 35.61832046508789 2.322511911392212 2.500005006790161
  endloop
endfacet
facet normal 0.0 0.0 0.0
  outer loop
    vertex 35.61832046508789 -2.322511911392212 2.500005006790161
    vertex 35.61832046508789 2.322511911392212 2.500005006790161
    vertex 35.260257720947266 1.7127995491027832 2.500005006790161
  endloop
endfacet
facet normal 0.0 0.0 0.0
  outer loop
    vertex 15.218320846557617 -10.617274284362793 2.5000030994415283
    vertex 15.218320846557617 -12.017273902893066 2.5000030994415283
    vertex 35.61832046508789 -10.617274284362793 2.500005006790161
  endloop
endfacet
facet normal 0.0 0.0 0.0
  outer loop
    vertex 35.61832046508789 -10.617274284362793 2.500005006790161
    vertex 15.218320846557617 -12.017273902893066 2.5000030994415283
    vertex 37.0183219909668 -12.017273902893066 2.500005006790161
  endloop
endfacet
facet normal 0.0 0.0 0.0
  outer loop
    vertex 37.0183219909668 -12.017273902893066 2.500005006790161
    vertex 37.0183219909668 13.482726097106934 2.500005006790161
    vertex 35.61832046508789 2.322511911392212 2.500005006790161
  endloop
endfacet
facet normal 0.0 0.0 0.0
  outer loop
    vertex 35.61832046508789 2.322511911392212 2.500005006790161
    vertex 37.0183219909668 13.482726097106934 2.500005006790161
    vertex 35.61832046508789 12.08272647857666 2.500005006790161
  endloop
endfacet
facet normal 0.0 0.0 0.0
  outer loop
    vertex 35.61832046508789 12.08272647857666 2.500005006790161
    vertex 37.0183219909668 13.482726097106934 2.500005006790161
    vertex 15.218320846557617 13.482726097106934 2.5000030994415283
  endloop
endfacet
facet normal 0.0 0.0 0.0
  outer loop
    vertex 35.61832046508789 12.08272647857666 2.500005006790161
    vertex 15.218320846557617 13.482726097106934 2.5000030994415283
    vertex 15.218320846557617 12.08272647857666 2.5000030994415283
  endloop
endfacet
facet normal 0.0 0.0 0.0
  outer loop
    vertex 35.61832046508789 -2.322511911392212 2.500005006790161
    vertex 35.260257720947266 1.7127995491027832 2.500005006790161
    vertex 35.260257720947266 -1.7127995491027832 2.500005006790161
  endloop
endfacet
facet normal 0.0 0.0 0.0
  outer loop
    vertex 35.260257720947266 -1.7127995491027832 2.500005006790161
    vertex 35.260257720947266 1.7127995491027832 2.500005006790161
    vertex 35.0151481628418 1.0495668649673462 2.500005006790161
  endloop
endfacet
facet normal 0.0 0.0 0.0
  outer loop
    vertex 35.260257720947266 -1.7127995491027832 2.500005006790161
    vertex 35.0151481628418 1.0495668649673462 2.500005006790161
    vertex 35.0151481628418 -1.0495668649673462 2.500005006790161
  endloop
endfacet
facet normal 0.0 0.0 0.0
  outer loop
    vertex 35.0151481628418 -1.0495668649673462 2.500005006790161
    vertex 35.0151481628418 1.0495668649673462 2.500005006790161
    vertex 34.89065170288086 0.35353797674179077 2.500004768371582
  endloop
endfacet
facet normal 0.0 0.0 0.0
  outer loop
    vertex 35.0151481628418 -1.0495668649673462 2.500005006790161
    vertex 34.89065170288086 0.35353797674179077 2.500004768371582
    vertex 34.89065170288086 -0.35353797674179077 2.500004768371582
  endloop
endfacet
facet normal 0.0 0.0 0.0
  outer loop
    vertex 35.61832046508789 -2.322511911392212 1.0000052452087402
    vertex 35.61832046508789 -10.617274284362793 1.0000052452087402
    vertex 35.61832046508789 -2.322511911392212 2.500005006790161
  endloop
endfacet
facet normal 0.0 0.0 0.0
  outer loop
    vertex 35.61832046508789 -2.322511911392212 2.500005006790161
    vertex 35.61832046508789 -10.617274284362793 1.0000052452087402
    vertex 35.61832046508789 -10.617274284362793 2.500005006790161
  endloop
endfacet
facet normal 0.0 0.0 0.0
  outer loop
    vertex 35.61832046508789 2.322511911392212 2.500005006790161
    vertex 35.61832046508789 12.08272647857666 2.500005006790161
    vertex 35.61832046508789 2.322511911392212 1.0000052452087402
  endloop
endfacet
facet normal 0.0 0.0 0.0
  outer loop
    vertex 35.61832046508789 2.322511911392212 1.0000052452087402
    vertex 35.61832046508789 12.08272647857666 2.500005006790161
    vertex 35.61832046508789 12.08272647857666 1.0000052452087402
  endloop
endfacet
facet normal 0.0 0.0 0.0
  outer loop
    vertex 15.218320846557617 12.08272647857666 1.0000033378601074
    vertex 35.61832046508789 12.08272647857666 1.0000052452087402
    vertex 15.218320846557617 12.08272647857666 2.5000030994415283
  endloop
endfacet
facet normal 0.0 0.0 0.0
  outer loop
    vertex 15.218320846557617 12.08272647857666 2.5000030994415283
    vertex 35.61832046508789 12.08272647857666 1.0000052452087402
    vertex 35.61832046508789 12.08272647857666 2.500005006790161
  endloop
endfacet
facet normal 0.0 0.0 0.0
  outer loop
    vertex 35.61832046508789 -10.617274284362793 1.0000052452087402
    vertex 15.218320846557617 -10.617274284362793 1.0000033378601074
    vertex 35.61832046508789 -10.617274284362793 2.500005006790161
  endloop
endfacet
facet normal 0.0 0.0 0.0
  outer loop
    vertex 35.61832046508789 -10.617274284362793 2.500005006790161
    vertex 15.218320846557617 -10.617274284362793 1.0000033378601074
    vertex 15.218320846557617 -10.617274284362793 2.5000030994415283
  endloop
endfacet
facet normal 0.0 0.0 0.0
  outer loop
    vertex 37.0183219909668 13.482726097106934 3.5000052452087402
    vertex 15.218320846557617 13.482726097106934 3.5000030994415283
    vertex 37.0183219909668 13.482726097106934 2.500005006790161
  endloop
endfacet
facet normal 0.0 0.0 0.0
  outer loop
    vertex 37.0183219909668 13.482726097106934 2.500005006790161
    vertex 15.218320846557617 13.482726097106934 3.5000030994415283
    vertex 15.218320846557617 13.482726097106934 2.5000030994415283
  endloop
endfacet
facet normal 0.0 0.0 0.0
  outer loop
    vertex -40.26530838012695 14.935428619384766 0.9999980926513672
    vertex -41.643653869628906 14.742270469665527 0.9999980926513672
    vertex -38.874996185302734 15.0 0.9999980926513672
  endloop
endfacet
facet normal 0.0 0.0 0.0
  outer loop
    vertex -38.874996185302734 15.0 0.9999980926513672
    vertex -41.643653869628906 14.742270469665527 0.9999980926513672
    vertex -42.99816131591797 14.422188758850098 0.9999980926513672
  endloop
endfacet
facet normal 0.0 0.0 0.0
  outer loop
    vertex -38.874996185302734 15.0 0.9999980926513672
    vertex -42.99816131591797 14.422188758850098 0.9999980926513672
    vertex -44.317169189453125 13.977938652038574 0.999997615814209
  endloop
endfacet
facet normal 0.0 0.0 0.0
  outer loop
    vertex -44.317169189453125 13.977938652038574 0.999997615814209
    vertex -45.58932113647461 13.413344383239746 0.999997615814209
    vertex -38.874996185302734 15.0 0.9999980926513672
  endloop
endfacet
facet normal 0.0 0.0 0.0
  outer loop
    vertex -38.874996185302734 15.0 0.9999980926513672
    vertex -45.58932113647461 13.413344383239746 0.999997615814209
    vertex -46.374996185302734 12.75 0.999997615814209
  endloop
endfacet
facet normal 0.0 0.0 0.0
  outer loop
    vertex -38.874996185302734 15.0 0.9999980926513672
    vertex -46.374996185302734 12.75 0.999997615814209
    vertex -13.874998092651367 12.75 1.0000004768371582
  endloop
endfacet
facet normal 0.0 0.0 0.0
  outer loop
    vertex -46.80366897583008 12.733268737792969 0.999997615814209
    vertex -46.66093826293945 12.742562294006348 0.999997615814209
    vertex -45.58932113647461 13.413344383239746 0.999997615814209
  endloop
endfacet
facet normal 0.0 0.0 0.0
  outer loop
    vertex -45.58932113647461 13.413344383239746 0.999997615814209
    vertex -46.66093826293945 12.742562294006348 0.999997615814209
    vertex -46.51801681518555 12.748140335083008 0.999997615814209
  endloop
endfacet
facet normal 0.0 0.0 0.0
  outer loop
    vertex -45.58932113647461 13.413344383239746 0.999997615814209
    vertex -46.51801681518555 12.748140335083008 0.999997615814209
    vertex -46.374996185302734 12.75 0.999997615814209
  endloop
endfacet
facet normal 0.0 0.0 0.0
  outer loop
    vertex -13.874998092651367 11.75 1.0000004768371582
    vertex 15.218320846557617 12.08272647857666 1.0000033378601074
    vertex -13.874998092651367 12.75 1.0000004768371582
  endloop
endfacet
facet normal 0.0 0.0 0.0
  outer loop
    vertex -13.874998092651367 12.75 1.0000004768371582
    vertex 15.218320846557617 12.08272647857666 1.0000033378601074
    vertex 15.218320846557617 14.58272647857666 1.0000033378601074
  endloop
endfacet
facet normal 0.0 0.0 0.0
  outer loop
    vertex -13.874998092651367 12.75 1.0000004768371582
    vertex 15.218320846557617 14.58272647857666 1.0000033378601074
    vertex -38.874996185302734 15.0 0.9999980926513672
  endloop
endfacet
facet normal 0.0 0.0 0.0
  outer loop
    vertex -38.874996185302734 15.0 0.9999980926513672
    vertex 15.218320846557617 14.58272647857666 1.0000033378601074
    vertex 38.874996185302734 15.0 1.0000057220458984
  endloop
endfacet
facet normal 0.0 0.0 0.0
  outer loop
    vertex 38.874996185302734 15.0 1.0000057220458984
    vertex 15.218320846557617 14.58272647857666 1.0000033378601074
    vertex 38.11832046508789 14.58272647857666 1.0000052452087402
  endloop
endfacet
facet normal 0.0 0.0 0.0
  outer loop
    vertex 38.874996185302734 15.0 1.0000057220458984
    vertex 38.11832046508789 14.58272647857666 1.0000052452087402
    vertex 40.34525680541992 14.927770614624023 1.0000057220458984
  endloop
endfacet
facet normal 0.0 0.0 0.0
  outer loop
    vertex 40.34525680541992 14.927770614624023 1.0000057220458984
    vertex 38.11832046508789 14.58272647857666 1.0000052452087402
    vertex 41.80134963989258 14.711779594421387 1.0000057220458984
  endloop
endfacet
facet normal 0.0 0.0 0.0
  outer loop
    vertex 41.80134963989258 14.711779594421387 1.0000057220458984
    vertex 38.11832046508789 14.58272647857666 1.0000052452087402
    vertex 43.22926712036133 14.354104995727539 1.0000057220458984
  endloop
endfacet
facet normal 0.0 0.0 0.0
  outer loop
    vertex 43.22926712036133 14.354104995727539 1.0000057220458984
    vertex 38.11832046508789 14.58272647857666 1.0000052452087402
    vertex 44.6152458190918 13.858193397521973 1.0000061988830566
  endloop
endfacet
facet normal 0.0 0.0 0.0
  outer loop
    vertex 44.6152458190918 13.858193397521973 1.0000061988830566
    vertex 38.11832046508789 14.58272647857666 1.0000052452087402
    vertex 45.94594955444336 13.228818893432617 1.0000061988830566
  endloop
endfacet
facet normal 0.0 0.0 0.0
  outer loop
    vertex 45.94594955444336 13.228818893432617 1.0000061988830566
    vertex 38.11832046508789 14.58272647857666 1.0000052452087402
    vertex 47.208553314208984 12.472043991088867 1.0000061988830566
  endloop
endfacet
facet normal 0.0 0.0 0.0
  outer loop
    vertex 47.208553314208984 12.472043991088867 1.0000061988830566
    vertex 38.11832046508789 14.58272647857666 1.0000052452087402
    vertex 48.390892028808594 11.5951566696167 1.0000061988830566
  endloop
endfacet
facet normal 0.0 0.0 0.0
  outer loop
    vertex 48.390892028808594 11.5951566696167 1.0000061988830566
    vertex 38.11832046508789 14.58272647857666 1.0000052452087402
    vertex 49.481597900390625 10.60660171508789 1.0000066757202148
  endloop
endfacet
facet normal 0.0 0.0 0.0
  outer loop
    vertex 49.481597900390625 10.60660171508789 1.0000066757202148
    vertex 38.11832046508789 14.58272647857666 1.0000052452087402
    vertex 38.11832046508789 3.9277782440185547 1.0000052452087402
  endloop
endfacet
facet normal 0.0 0.0 0.0
  outer loop
    vertex 49.481597900390625 10.60660171508789 1.0000066757202148
    vertex 38.11832046508789 3.9277782440185547 1.0000052452087402
    vertex 38.85525131225586 3.9999513626098633 1.0000057220458984
  endloop
endfacet
facet normal 0.0 0.0 0.0
  outer loop
    vertex -46.374996185302734 11.75 0.999997615814209
    vertex -19.392635345458984 10.681851387023926 1.0
    vertex -13.874998092651367 11.75 1.0000004768371582
  endloop
endfacet
facet normal 0.0 0.0 0.0
  outer loop
    vertex -13.874998092651367 11.75 1.0000004768371582
    vertex -19.392635345458984 10.681851387023926 1.0
    vertex -18.874998092651367 10.75 1.0
  endloop
endfacet
facet normal 0.0 0.0 0.0
  outer loop
    vertex -13.874998092651367 11.75 1.0000004768371582
    vertex -18.874998092651367 10.75 1.0
    vertex -18.35736083984375 10.681851387023926 1.0
  endloop
endfacet
facet normal 0.0 0.0 0.0
  outer loop
    vertex -47.15641403198242 11.681634902954102 0.999997615814209
    vertex -47.91408920288086 11.478616714477539 0.999997615814209
    vertex -46.374996185302734 11.75 0.999997615814209
  endloop
endfacet
facet normal 0.0 0.0 0.0
  outer loop
    vertex -46.374996185302734 11.75 0.999997615814209
    vertex -47.91408920288086 11.478616714477539 0.999997615814209
    vertex -48.62499237060547 11.147114753723145 0.999997615814209
  endloop
endfacet
facet normal 0.0 0.0 0.0
  outer loop
    vertex -46.374996185302734 11.75 0.999997615814209
    vertex -48.62499237060547 11.147114753723145 0.999997615814209
    vertex -49.26753616333008 10.697199821472168 0.9999971389770508
  endloop
endfacet
facet normal 0.0 0.0 0.0
  outer loop
    vertex -49.26753616333008 10.697199821472168 0.9999971389770508
    vertex -49.82219314575195 10.14254379272461 0.9999971389770508
    vertex -46.374996185302734 11.75 0.999997615814209
  endloop
endfacet
facet normal 0.0 0.0 0.0
  outer loop
    vertex -46.374996185302734 11.75 0.999997615814209
    vertex -49.82219314575195 10.14254379272461 0.9999971389770508
    vertex -39.10652542114258 5.745336532592773 0.9999980926513672
  endloop
endfacet
facet normal 0.0 0.0 0.0
  outer loop
    vertex -46.374996185302734 11.75 0.999997615814209
    vertex -39.10652542114258 5.745336532592773 0.9999980926513672
    vertex -38.18191146850586 5.708076000213623 0.9999985694885254
  endloop
endfacet
facet normal 0.0 0.0 0.0
  outer loop
    vertex -49.82219314575195 10.14254379272461 0.9999971389770508
    vertex -50.2721061706543 9.5 0.9999971389770508
    vertex -39.10652542114258 5.745336532592773 0.9999980926513672
  endloop
endfacet
facet normal 0.0 0.0 0.0
  outer loop
    vertex -39.10652542114258 5.745336532592773 0.9999980926513672
    vertex -50.2721061706543 9.5 0.9999971389770508
    vertex -50.603607177734375 8.789091110229492 0.9999971389770508
  endloop
endfacet
facet normal 0.0 0.0 0.0
  outer loop
    vertex -39.10652542114258 5.745336532592773 0.9999980926513672
    vertex -50.603607177734375 8.789091110229492 0.9999971389770508
    vertex -50.80662536621094 8.031416893005371 0.9999971389770508
  endloop
endfacet
facet normal 0.0 0.0 0.0
  outer loop
    vertex -39.10652542114258 5.745336532592773 0.9999980926513672
    vertex -50.80662536621094 8.031416893005371 0.9999971389770508
    vertex -40.025142669677734 5.633796215057373 0.9999980926513672
  endloop
endfacet
facet normal 0.0 0.0 0.0
  outer loop
    vertex -40.025142669677734 5.633796215057373 0.9999980926513672
    vertex -50.80662536621094 8.031416893005371 0.9999971389770508
    vertex -50.87499237060547 7.25 0.9999971389770508
  endloop
endfacet
facet normal 0.0 0.0 0.0
  outer loop
    vertex -40.025142669677734 5.633796215057373 0.9999980926513672
    vertex -50.87499237060547 7.25 0.9999971389770508
    vertex -40.91397476196289 5.376343250274658 0.9999980926513672
  endloop
endfacet
facet normal 0.0 0.0 0.0
  outer loop
    vertex -40.91397476196289 5.376343250274658 0.9999980926513672
    vertex -50.87499237060547 7.25 0.9999971389770508
    vertex -41.749996185302734 4.9796462059021 0.9999980926513672
  endloop
endfacet
facet normal 0.0 0.0 0.0
  outer loop
    vertex -41.749996185302734 4.9796462059021 0.9999980926513672
    vertex -50.87499237060547 7.25 0.9999971389770508
    vertex -42.511558532714844 4.453978538513184 0.9999980926513672
  endloop
endfacet
facet normal 0.0 0.0 0.0
  outer loop
    vertex -42.511558532714844 4.453978538513184 0.9999980926513672
    vertex -50.87499237060547 7.25 0.9999971389770508
    vertex -43.178932189941406 3.812955379486084 0.9999980926513672
  endloop
endfacet
facet normal 0.0 0.0 0.0
  outer loop
    vertex -43.178932189941406 3.812955379486084 0.9999980926513672
    vertex -50.87499237060547 7.25 0.9999971389770508
    vertex -43.734840393066406 3.07317852973938 0.9999980926513672
  endloop
endfacet
facet normal 0.0 0.0 0.0
  outer loop
    vertex -43.734840393066406 3.07317852973938 0.9999980926513672
    vertex -50.87499237060547 7.25 0.9999971389770508
    vertex -44.164878845214844 2.25380802154541 0.999997615814209
  endloop
endfacet
facet normal 0.0 0.0 0.0
  outer loop
    vertex -44.164878845214844 2.25380802154541 0.999997615814209
    vertex -50.87499237060547 7.25 0.9999971389770508
    vertex -44.45791244506836 1.3760650157928467 0.999997615814209
  endloop
endfacet
facet normal 0.0 0.0 0.0
  outer loop
    vertex -44.45791244506836 1.3760650157928467 0.999997615814209
    vertex -50.87499237060547 7.25 0.9999971389770508
    vertex -44.60634994506836 0.4626827836036682 0.999997615814209
  endloop
endfacet
facet normal 0.0 0.0 0.0
  outer loop
    vertex -44.60634994506836 0.4626827836036682 0.999997615814209
    vertex -50.87499237060547 7.25 0.9999971389770508
    vertex -50.87499237060547 -7.25 0.9999971389770508
  endloop
endfacet
facet normal 0.0 0.0 0.0
  outer loop
    vertex -44.60634994506836 0.4626827836036682 0.999997615814209
    vertex -50.87499237060547 -7.25 0.9999971389770508
    vertex -44.60634994506836 -0.4626827836036682 0.999997615814209
  endloop
endfacet
facet normal 0.0 0.0 0.0
  outer loop
    vertex -44.60634994506836 -0.4626827836036682 0.999997615814209
    vertex -50.87499237060547 -7.25 0.9999971389770508
    vertex -44.45791244506836 -1.3760650157928467 0.999997615814209
  endloop
endfacet
facet normal 0.0 0.0 0.0
  outer loop
    vertex -44.45791244506836 -1.3760650157928467 0.999997615814209
    vertex -50.87499237060547 -7.25 0.9999971389770508
    vertex -44.164878845214844 -2.25380802154541 0.999997615814209
  endloop
endfacet
facet normal 0.0 0.0 0.0
  outer loop
    vertex -44.164878845214844 -2.25380802154541 0.999997615814209
    vertex -50.87499237060547 -7.25 0.9999971389770508
    vertex -43.734840393066406 -3.07317852973938 0.9999980926513672
  endloop
endfacet
facet normal 0.0 0.0 0.0
  outer loop
    vertex -43.734840393066406 -3.07317852973938 0.9999980926513672
    vertex -50.87499237060547 -7.25 0.9999971389770508
    vertex -43.178932189941406 -3.812955379486084 0.9999980926513672
  endloop
endfacet
facet normal 0.0 0.0 0.0
  outer loop
    vertex -43.178932189941406 -3.812955379486084 0.9999980926513672
    vertex -50.87499237060547 -7.25 0.9999971389770508
    vertex -42.511558532714844 -4.453978538513184 0.9999980926513672
  endloop
endfacet
facet normal 0.0 0.0 0.0
  outer loop
    vertex -42.511558532714844 -4.453978538513184 0.9999980926513672
    vertex -50.87499237060547 -7.25 0.9999971389770508
    vertex -41.749996185302734 -4.9796462059021 0.9999980926513672
  endloop
endfacet
facet normal 0.0 0.0 0.0
  outer loop
    vertex -41.749996185302734 -4.9796462059021 0.9999980926513672
    vertex -50.87499237060547 -7.25 0.9999971389770508
    vertex -40.91397476196289 -5.376343250274658 0.9999980926513672
  endloop
endfacet
facet normal 0.0 0.0 0.0
  outer loop
    vertex -40.91397476196289 -5.376343250274658 0.9999980926513672
    vertex -50.87499237060547 -7.25 0.9999971389770508
    vertex -40.025142669677734 -5.633796215057373 0.9999980926513672
  endloop
endfacet
facet normal 0.0 0.0 0.0
  outer loop
    vertex -40.025142669677734 -5.633796215057373 0.9999980926513672
    vertex -50.87499237060547 -7.25 0.9999971389770508
    vertex -50.80662536621094 -8.031416893005371 0.9999971389770508
  endloop
endfacet
facet normal 0.0 0.0 0.0
  outer loop
    vertex -40.025142669677734 -5.633796215057373 0.9999980926513672
    vertex -50.80662536621094 -8.031416893005371 0.9999971389770508
    vertex -39.10652542114258 -5.745336532592773 0.9999980926513672
  endloop
endfacet
facet normal 0.0 0.0 0.0
  outer loop
    vertex -39.10652542114258 -5.745336532592773 0.9999980926513672
    vertex -50.80662536621094 -8.031416893005371 0.9999971389770508
    vertex -50.603607177734375 -8.789091110229492 0.9999971389770508
  endloop
endfacet
facet normal 0.0 0.0 0.0
  outer loop
    vertex -39.10652542114258 -5.745336532592773 0.9999980926513672
    vertex -50.603607177734375 -8.789091110229492 0.9999971389770508
    vertex -50.2721061706543 -9.5 0.9999971389770508
  endloop
endfacet
facet normal 0.0 0.0 0.0
  outer loop
    vertex -50.2721061706543 -9.5 0.9999971389770508
    vertex -49.82219314575195 -10.14254379272461 0.9999971389770508
    vertex -39.10652542114258 -5.745336532592773 0.9999980926513672
  endloop
endfacet
facet normal 0.0 0.0 0.0
  outer loop
    vertex -39.10652542114258 -5.745336532592773 0.9999980926513672
    vertex -49.82219314575195 -10.14254379272461 0.9999971389770508
    vertex -46.374996185302734 -11.75 0.999997615814209
  endloop
endfacet
facet normal 0.0 0.0 0.0
  outer loop
    vertex -39.10652542114258 -5.745336532592773 0.9999980926513672
    vertex -46.374996185302734 -11.75 0.999997615814209
    vertex -38.18191146850586 -5.708076000213623 0.9999985694885254
  endloop
endfacet
facet normal 0.0 0.0 0.0
  outer loop
    vertex -38.18191146850586 -5.708076000213623 0.9999985694885254
    vertex -46.374996185302734 -11.75 0.999997615814209
    vertex -20.80685043334961 -9.267638206481934 1.0
  endloop
endfacet
facet normal 0.0 0.0 0.0
  outer loop
    vertex -38.18191146850586 -5.708076000213623 0.9999985694885254
    vertex -20.80685043334961 -9.267638206481934 1.0
    vertex -20.874998092651367 -8.75 1.0
  endloop
endfacet
facet normal 0.0 0.0 0.0
  outer loop
    vertex -49.82219314575195 -10.14254379272461 0.9999971389770508
    vertex -49.26753616333008 -10.697199821472168 0.9999971389770508
    vertex -46.374996185302734 -11.75 0.999997615814209
  endloop
endfacet
facet normal 0.0 0.0 0.0
  outer loop
    vertex -46.374996185302734 -11.75 0.999997615814209
    vertex -49.26753616333008 -10.697199821472168 0.9999971389770508
    vertex -48.62499237060547 -11.147114753723145 0.999997615814209
  endloop
endfacet
facet normal 0.0 0.0 0.0
  outer loop
    vertex -46.374996185302734 -11.75 0.999997615814209
    vertex -48.62499237060547 -11.147114753723145 0.999997615814209
    vertex -47.91408920288086 -11.478616714477539 0.999997615814209
  endloop
endfacet
facet normal 0.0 0.0 0.0
  outer loop
    vertex -47.91408920288086 -11.478616714477539 0.999997615814209
    vertex -47.15641403198242 -11.681634902954102 0.999997615814209
    vertex -46.374996185302734 -11.75 0.999997615814209
  endloop
endfacet
facet normal 0.0 0.0 0.0
  outer loop
    vertex -13.874998092651367 -11.75 1.0000004768371582
    vertex -19.392635345458984 -10.681851387023926 1.0
    vertex -46.374996185302734 -11.75 0.999997615814209
  endloop
endfacet
facet normal 0.0 0.0 0.0
  outer loop
    vertex -46.374996185302734 -11.75 0.999997615814209
    vertex -19.392635345458984 -10.681851387023926 1.0
    vertex -19.874998092651367 -10.482050895690918 1.0
  endloop
endfacet
facet normal 0.0 0.0 0.0
  outer loop
    vertex -46.374996185302734 -11.75 0.999997615814209
    vertex -19.874998092651367 -10.482050895690918 1.0
    vertex -20.28921127319336 -10.164213180541992 1.0
  endloop
endfacet
facet normal 0.0 0.0 0.0
  outer loop
    vertex -13.874998092651367 -12.75 1.0000004768371582
    vertex 15.218320846557617 -13.117274284362793 1.0000033378601074
    vertex -13.874998092651367 -11.75 1.0000004768371582
  endloop
endfacet
facet normal 0.0 0.0 0.0
  outer loop
    vertex -13.874998092651367 -11.75 1.0000004768371582
    vertex 15.218320846557617 -13.117274284362793 1.0000033378601074
    vertex 15.218320846557617 -10.617274284362793 1.0000033378601074
  endloop
endfacet
facet normal 0.0 0.0 0.0
  outer loop
    vertex -13.874998092651367 -11.75 1.0000004768371582
    vertex 15.218320846557617 -10.617274284362793 1.0000033378601074
    vertex -16.874998092651367 -8.75 1.0000004768371582
  endloop
endfacet
facet normal 0.0 0.0 0.0
  outer loop
    vertex -16.874998092651367 -8.75 1.0000004768371582
    vertex 15.218320846557617 -10.617274284362793 1.0000033378601074
    vertex -16.943145751953125 -8.232361793518066 1.0000004768371582
  endloop
endfacet
facet normal 0.0 0.0 0.0
  outer loop
    vertex -16.943145751953125 -8.232361793518066 1.0000004768371582
    vertex 15.218320846557617 -10.617274284362793 1.0000033378601074
    vertex -4.874999046325684 -3.25 1.0000014305114746
  endloop
endfacet
facet normal 0.0 0.0 0.0
  outer loop
    vertex -16.943145751953125 -8.232361793518066 1.0000004768371582
    vertex -4.874999046325684 -3.25 1.0000014305114746
    vertex -17.142948150634766 -7.75 1.0000004768371582
  endloop
endfacet
facet normal 0.0 0.0 0.0
  outer loop
    vertex -17.142948150634766 -7.75 1.0000004768371582
    vertex -4.874999046325684 -3.25 1.0000014305114746
    vertex -17.460784912109375 -7.33578634262085 1.0000004768371582
  endloop
endfacet
facet normal 0.0 0.0 0.0
  outer loop
    vertex -17.460784912109375 -7.33578634262085 1.0000004768371582
    vertex -4.874999046325684 -3.25 1.0000014305114746
    vertex -9.874999046325684 -3.25 1.0000009536743164
  endloop
endfacet
facet normal 0.0 0.0 0.0
  outer loop
    vertex -17.460784912109375 -7.33578634262085 1.0000004768371582
    vertex -9.874999046325684 -3.25 1.0000009536743164
    vertex -17.874998092651367 -7.017949104309082 1.0000004768371582
  endloop
endfacet
facet normal 0.0 0.0 0.0
  outer loop
    vertex -17.874998092651367 -7.017949104309082 1.0000004768371582
    vertex -9.874999046325684 -3.25 1.0000009536743164
    vertex -18.35736083984375 -6.818148136138916 1.0
  endloop
endfacet
facet normal 0.0 0.0 0.0
  outer loop
    vertex -18.35736083984375 -6.818148136138916 1.0
    vertex -9.874999046325684 -3.25 1.0000009536743164
    vertex -18.874998092651367 -6.75 1.0
  endloop
endfacet
facet normal 0.0 0.0 0.0
  outer loop
    vertex -18.874998092651367 -6.75 1.0
    vertex -9.874999046325684 -3.25 1.0000009536743164
    vertex -26.988483428955078 -2.337540626525879 0.9999995231628418
  endloop
endfacet
facet normal 0.0 0.0 0.0
  outer loop
    vertex -18.874998092651367 -6.75 1.0
    vertex -26.988483428955078 -2.337540626525879 0.9999995231628418
    vertex -27.573654174804688 -2.4817721843719482 0.9999995231628418
  endloop
endfacet
facet normal 0.0 0.0 0.0
  outer loop
    vertex 15.218320846557617 -13.117274284362793 1.0000033378601074
    vertex -13.874998092651367 -12.75 1.0000004768371582
    vertex -38.874996185302734 -15.0 0.9999980926513672
  endloop
endfacet
facet normal 0.0 0.0 0.0
  outer loop
    vertex -38.874996185302734 -15.0 0.9999980926513672
    vertex -13.874998092651367 -12.75 1.0000004768371582
    vertex -46.374996185302734 -12.75 0.999997615814209
  endloop
endfacet
facet normal 0.0 0.0 0.0
  outer loop
    vertex -38.874996185302734 -15.0 0.9999980926513672
    vertex -46.374996185302734 -12.75 0.999997615814209
    vertex -45.58932113647461 -13.413344383239746 0.999997615814209
  endloop
endfacet
facet normal 0.0 0.0 0.0
  outer loop
    vertex -45.58932113647461 -13.413344383239746 0.999997615814209
    vertex -46.374996185302734 -12.75 0.999997615814209
    vertex -46.51801681518555 -12.748140335083008 0.999997615814209
  endloop
endfacet
facet normal 0.0 0.0 0.0
  outer loop
    vertex -45.58932113647461 -13.413344383239746 0.999997615814209
    vertex -46.51801681518555 -12.748140335083008 0.999997615814209
    vertex -46.66093826293945 -12.742562294006348 0.999997615814209
  endloop
endfacet
facet normal 0.0 0.0 0.0
  outer loop
    vertex -46.66093826293945 -12.742562294006348 0.999997615814209
    vertex -46.80366897583008 -12.733268737792969 0.999997615814209
    vertex -45.58932113647461 -13.413344383239746 0.999997615814209
  endloop
endfacet
facet normal 0.0 0.0 0.0
  outer loop
    vertex -45.58932113647461 -13.413344383239746 0.999997615814209
    vertex -44.317169189453125 -13.977938652038574 0.999997615814209
    vertex -38.874996185302734 -15.0 0.9999980926513672
  endloop
endfacet
facet normal 0.0 0.0 0.0
  outer loop
    vertex -38.874996185302734 -15.0 0.9999980926513672
    vertex -44.317169189453125 -13.977938652038574 0.999997615814209
    vertex -42.99816131591797 -14.422188758850098 0.9999980926513672
  endloop
endfacet
facet normal 0.0 0.0 0.0
  outer loop
    vertex -38.874996185302734 -15.0 0.9999980926513672
    vertex -42.99816131591797 -14.422188758850098 0.9999980926513672
    vertex -41.643653869628906 -14.742270469665527 0.9999980926513672
  endloop
endfacet
facet normal 0.0 0.0 0.0
  outer loop
    vertex -41.643653869628906 -14.742270469665527 0.9999980926513672
    vertex -40.26530838012695 -14.935428619384766 0.9999980926513672
    vertex -38.874996185302734 -15.0 0.9999980926513672
  endloop
endfacet
facet normal 0.0 0.0 0.0
  outer loop
    vertex -38.874996185302734 -15.0 0.9999980926513672
    vertex 38.874996185302734 -15.0 1.0000057220458984
    vertex 15.218320846557617 -13.117274284362793 1.0000033378601074
  endloop
endfacet
facet normal 0.0 0.0 0.0
  outer loop
    vertex 15.218320846557617 -13.117274284362793 1.0000033378601074
    vertex 38.874996185302734 -15.0 1.0000057220458984
    vertex 38.11832046508789 -13.117274284362793 1.0000052452087402
  endloop
endfacet
facet normal 0.0 0.0 0.0
  outer loop
    vertex 38.11832046508789 -13.117274284362793 1.0000052452087402
    vertex 38.874996185302734 -15.0 1.0000057220458984
    vertex 40.34525680541992 -14.927770614624023 1.0000057220458984
  endloop
endfacet
facet normal 0.0 0.0 0.0
  outer loop
    vertex 38.11832046508789 -13.117274284362793 1.0000052452087402
    vertex 40.34525680541992 -14.927770614624023 1.0000057220458984
    vertex 41.80134963989258 -14.711779594421387 1.0000057220458984
  endloop
endfacet
facet normal 0.0 0.0 0.0
  outer loop
    vertex 41.80134963989258 -14.711779594421387 1.0000057220458984
    vertex 43.22926712036133 -14.354104995727539 1.0000057220458984
    vertex 38.11832046508789 -13.117274284362793 1.0000052452087402
  endloop
endfacet
facet normal 0.0 0.0 0.0
  outer loop
    vertex 38.11832046508789 -13.117274284362793 1.0000052452087402
    vertex 43.22926712036133 -14.354104995727539 1.0000057220458984
    vertex 44.6152458190918 -13.858193397521973 1.0000061988830566
  endloop
endfacet
facet normal 0.0 0.0 0.0
  outer loop
    vertex 38.11832046508789 -13.117274284362793 1.0000052452087402
    vertex 44.6152458190918 -13.858193397521973 1.0000061988830566
    vertex 45.94594955444336 -13.228818893432617 1.0000061988830566
  endloop
endfacet
facet normal 0.0 0.0 0.0
  outer loop
    vertex 45.94594955444336 -13.228818893432617 1.0000061988830566
    vertex 47.208553314208984 -12.472043991088867 1.0000061988830566
    vertex 38.11832046508789 -13.117274284362793 1.0000052452087402
  endloop
endfacet
facet normal 0.0 0.0 0.0
  outer loop
    vertex 38.11832046508789 -13.117274284362793 1.0000052452087402
    vertex 47.208553314208984 -12.472043991088867 1.0000061988830566
    vertex 48.390892028808594 -11.5951566696167 1.0000061988830566
  endloop
endfacet
facet normal 0.0 0.0 0.0
  outer loop
    vertex 38.11832046508789 -13.117274284362793 1.0000052452087402
    vertex 48.390892028808594 -11.5951566696167 1.0000061988830566
    vertex 49.481597900390625 -10.60660171508789 1.0000066757202148
  endloop
endfacet
facet normal 0.0 0.0 0.0
  outer loop
    vertex 49.481597900390625 -10.60660171508789 1.0000066757202148
    vertex 50.47014617919922 -9.515899658203125 1.0000066757202148
    vertex 38.11832046508789 -13.117274284362793 1.0000052452087402
  endloop
endfacet
facet normal 0.0 0.0 0.0
  outer loop
    vertex 38.11832046508789 -13.117274284362793 1.0000052452087402
    vertex 50.47014617919922 -9.515899658203125 1.0000066757202148
    vertex 38.85525131225586 -3.9999513626098633 1.0000057220458984
  endloop
endfacet
facet normal 0.0 0.0 0.0
  outer loop
    vertex 38.11832046508789 -13.117274284362793 1.0000052452087402
    vertex 38.85525131225586 -3.9999513626098633 1.0000057220458984
    vertex 38.11832046508789 -3.9277782440185547 1.0000052452087402
  endloop
endfacet
facet normal 0.0 0.0 0.0
  outer loop
    vertex 50.47014617919922 -9.515899658203125 1.0000066757202148
    vertex 51.34703826904297 -8.333553314208984 1.0000066757202148
    vertex 38.85525131225586 -3.9999513626098633 1.0000057220458984
  endloop
endfacet
facet normal 0.0 0.0 0.0
  outer loop
    vertex 38.85525131225586 -3.9999513626098633 1.0000057220458984
    vertex 51.34703826904297 -8.333553314208984 1.0000066757202148
    vertex 52.10381317138672 -7.070950984954834 1.0000066757202148
  endloop
endfacet
facet normal 0.0 0.0 0.0
  outer loop
    vertex 38.85525131225586 -3.9999513626098633 1.0000057220458984
    vertex 52.10381317138672 -7.070950984954834 1.0000066757202148
    vertex 39.59286117553711 -3.93505597114563 1.0000057220458984
  endloop
endfacet
facet normal 0.0 0.0 0.0
  outer loop
    vertex 39.59286117553711 -3.93505597114563 1.0000057220458984
    vertex 52.10381317138672 -7.070950984954834 1.0000066757202148
    vertex 52.733184814453125 -5.740251541137695 1.0000066757202148
  endloop
endfacet
facet normal 0.0 0.0 0.0
  outer loop
    vertex 39.59286117553711 -3.93505597114563 1.0000057220458984
    vertex 52.733184814453125 -5.740251541137695 1.0000066757202148
    vertex 40.30587387084961 -3.735316038131714 1.0000057220458984
  endloop
endfacet
facet normal 0.0 0.0 0.0
  outer loop
    vertex 40.30587387084961 -3.735316038131714 1.0000057220458984
    vertex 52.733184814453125 -5.740251541137695 1.0000066757202148
    vertex 53.229095458984375 -4.354269981384277 1.0000066757202148
  endloop
endfacet
facet normal 0.0 0.0 0.0
  outer loop
    vertex 40.30587387084961 -3.735316038131714 1.0000057220458984
    vertex 53.229095458984375 -4.354269981384277 1.0000066757202148
    vertex 40.969852447509766 -3.407576084136963 1.0000057220458984
  endloop
endfacet
facet normal 0.0 0.0 0.0
  outer loop
    vertex 40.969852447509766 -3.407576084136963 1.0000057220458984
    vertex 53.229095458984375 -4.354269981384277 1.0000066757202148
    vertex 41.56204605102539 -2.963066816329956 1.0000057220458984
  endloop
endfacet
facet normal 0.0 0.0 0.0
  outer loop
    vertex 41.56204605102539 -2.963066816329956 1.0000057220458984
    vertex 53.229095458984375 -4.354269981384277 1.0000066757202148
    vertex 53.586769104003906 -2.9263548851013184 1.0000066757202148
  endloop
endfacet
facet normal 0.0 0.0 0.0
  outer loop
    vertex 41.56204605102539 -2.963066816329956 1.0000057220458984
    vertex 53.586769104003906 -2.9263548851013184 1.0000066757202148
    vertex 42.06216049194336 -2.417020797729492 1.0000057220458984
  endloop
endfacet
facet normal 0.0 0.0 0.0
  outer loop
    vertex 42.06216049194336 -2.417020797729492 1.0000057220458984
    vertex 53.586769104003906 -2.9263548851013184 1.0000066757202148
    vertex 42.453060150146484 -1.788149356842041 1.0000057220458984
  endloop
endfacet
facet normal 0.0 0.0 0.0
  outer loop
    vertex 42.453060150146484 -1.788149356842041 1.0000057220458984
    vertex 53.586769104003906 -2.9263548851013184 1.0000066757202148
    vertex 53.802764892578125 -1.4702571630477905 1.0000066757202148
  endloop
endfacet
facet normal 0.0 0.0 0.0
  outer loop
    vertex 42.453060150146484 -1.788149356842041 1.0000057220458984
    vertex 53.802764892578125 -1.4702571630477905 1.0000066757202148
    vertex 42.72134017944336 -1.0980024337768555 1.0000057220458984
  endloop
endfacet
facet normal 0.0 0.0 0.0
  outer loop
    vertex 42.72134017944336 -1.0980024337768555 1.0000057220458984
    vertex 53.802764892578125 -1.4702571630477905 1.0000066757202148
    vertex 42.85782241821289 -0.3702297806739807 1.0000057220458984
  endloop
endfacet
facet normal 0.0 0.0 0.0
  outer loop
    vertex 42.85782241821289 -0.3702297806739807 1.0000057220458984
    vertex 53.802764892578125 -1.4702571630477905 1.0000066757202148
    vertex 53.87499237060547 8.600809815869845e-15 1.0000066757202148
  endloop
endfacet
facet normal 0.0 0.0 0.0
  outer loop
    vertex 42.85782241821289 -0.3702297806739807 1.0000057220458984
    vertex 53.87499237060547 8.600809815869845e-15 1.0000066757202148
    vertex 42.85782241821289 0.3702297806739807 1.0000057220458984
  endloop
endfacet
facet normal 0.0 0.0 0.0
  outer loop
    vertex 42.85782241821289 0.3702297806739807 1.0000057220458984
    vertex 53.87499237060547 8.600809815869845e-15 1.0000066757202148
    vertex 53.802764892578125 1.4702571630477905 1.0000066757202148
  endloop
endfacet
facet normal 0.0 0.0 0.0
  outer loop
    vertex 42.85782241821289 0.3702297806739807 1.0000057220458984
    vertex 53.802764892578125 1.4702571630477905 1.0000066757202148
    vertex 42.72134017944336 1.0980024337768555 1.0000057220458984
  endloop
endfacet
facet normal 0.0 0.0 0.0
  outer loop
    vertex 42.72134017944336 1.0980024337768555 1.0000057220458984
    vertex 53.802764892578125 1.4702571630477905 1.0000066757202148
    vertex 42.453060150146484 1.788149356842041 1.0000057220458984
  endloop
endfacet
facet normal 0.0 0.0 0.0
  outer loop
    vertex 42.453060150146484 1.788149356842041 1.0000057220458984
    vertex 53.802764892578125 1.4702571630477905 1.0000066757202148
    vertex 53.586769104003906 2.9263548851013184 1.0000066757202148
  endloop
endfacet
facet normal 0.0 0.0 0.0
  outer loop
    vertex 42.453060150146484 1.788149356842041 1.0000057220458984
    vertex 53.586769104003906 2.9263548851013184 1.0000066757202148
    vertex 42.06216049194336 2.417020797729492 1.0000057220458984
  endloop
endfacet
facet normal 0.0 0.0 0.0
  outer loop
    vertex 42.06216049194336 2.417020797729492 1.0000057220458984
    vertex 53.586769104003906 2.9263548851013184 1.0000066757202148
    vertex 41.56204605102539 2.963066816329956 1.0000057220458984
  endloop
endfacet
facet normal 0.0 0.0 0.0
  outer loop
    vertex 41.56204605102539 2.963066816329956 1.0000057220458984
    vertex 53.586769104003906 2.9263548851013184 1.0000066757202148
    vertex 53.229095458984375 4.354269981384277 1.0000066757202148
  endloop
endfacet
facet normal 0.0 0.0 0.0
  outer loop
    vertex 41.56204605102539 2.963066816329956 1.0000057220458984
    vertex 53.229095458984375 4.354269981384277 1.0000066757202148
    vertex 40.969852447509766 3.407576084136963 1.0000057220458984
  endloop
endfacet
facet normal 0.0 0.0 0.0
  outer loop
    vertex 40.969852447509766 3.407576084136963 1.0000057220458984
    vertex 53.229095458984375 4.354269981384277 1.0000066757202148
    vertex 40.30587387084961 3.735316038131714 1.0000057220458984
  endloop
endfacet
facet normal 0.0 0.0 0.0
  outer loop
    vertex 40.30587387084961 3.735316038131714 1.0000057220458984
    vertex 53.229095458984375 4.354269981384277 1.0000066757202148
    vertex 52.733184814453125 5.740251541137695 1.0000066757202148
  endloop
endfacet
facet normal 0.0 0.0 0.0
  outer loop
    vertex 40.30587387084961 3.735316038131714 1.0000057220458984
    vertex 52.733184814453125 5.740251541137695 1.0000066757202148
    vertex 39.59286117553711 3.93505597114563 1.0000057220458984
  endloop
endfacet
facet normal 0.0 0.0 0.0
  outer loop
    vertex 39.59286117553711 3.93505597114563 1.0000057220458984
    vertex 52.733184814453125 5.740251541137695 1.0000066757202148
    vertex 52.10381317138672 7.070950984954834 1.0000066757202148
  endloop
endfacet
facet normal 0.0 0.0 0.0
  outer loop
    vertex 39.59286117553711 3.93505597114563 1.0000057220458984
    vertex 52.10381317138672 7.070950984954834 1.0000066757202148
    vertex 38.85525131225586 3.9999513626098633 1.0000057220458984
  endloop
endfacet
facet normal 0.0 0.0 0.0
  outer loop
    vertex 38.85525131225586 3.9999513626098633 1.0000057220458984
    vertex 52.10381317138672 7.070950984954834 1.0000066757202148
    vertex 51.34703826904297 8.333553314208984 1.0000066757202148
  endloop
endfacet
facet normal 0.0 0.0 0.0
  outer loop
    vertex 38.85525131225586 3.9999513626098633 1.0000057220458984
    vertex 51.34703826904297 8.333553314208984 1.0000066757202148
    vertex 50.47014617919922 9.515899658203125 1.0000066757202148
  endloop
endfacet
facet normal 0.0 0.0 0.0
  outer loop
    vertex 50.47014617919922 9.515899658203125 1.0000066757202148
    vertex 49.481597900390625 10.60660171508789 1.0000066757202148
    vertex 38.85525131225586 3.9999513626098633 1.0000057220458984
  endloop
endfacet
facet normal 0.0 0.0 0.0
  outer loop
    vertex -25.447641372680664 -0.5982891321182251 0.9999995231628418
    vertex -9.874999046325684 -3.25 1.0000009536743164
    vertex -25.374996185302734 1.9977883512901473e-16 0.9999995231628418
  endloop
endfacet
facet normal 0.0 0.0 0.0
  outer loop
    vertex -25.374996185302734 1.9977883512901473e-16 0.9999995231628418
    vertex -9.874999046325684 -3.25 1.0000009536743164
    vertex -9.874999046325684 3.25 1.0000009536743164
  endloop
endfacet
facet normal 0.0 0.0 0.0
  outer loop
    vertex -25.374996185302734 1.9977883512901473e-16 0.9999995231628418
    vertex -9.874999046325684 3.25 1.0000009536743164
    vertex -25.447641372680664 0.5982891321182251 0.9999995231628418
  endloop
endfacet
facet normal 0.0 0.0 0.0
  outer loop
    vertex -25.447641372680664 0.5982891321182251 0.9999995231628418
    vertex -9.874999046325684 3.25 1.0000009536743164
    vertex -25.66135597229004 1.161807894706726 0.9999995231628418
  endloop
endfacet
facet normal 0.0 0.0 0.0
  outer loop
    vertex -25.66135597229004 1.161807894706726 0.9999995231628418
    vertex -9.874999046325684 3.25 1.0000009536743164
    vertex -26.003719329833984 1.657806634902954 0.9999995231628418
  endloop
endfacet
facet normal 0.0 0.0 0.0
  outer loop
    vertex -26.003719329833984 1.657806634902954 0.9999995231628418
    vertex -9.874999046325684 3.25 1.0000009536743164
    vertex -26.454833984375 2.057459592819214 0.9999995231628418
  endloop
endfacet
facet normal 0.0 0.0 0.0
  outer loop
    vertex -26.454833984375 2.057459592819214 0.9999995231628418
    vertex -9.874999046325684 3.25 1.0000009536743164
    vertex -26.988483428955078 2.337540626525879 0.9999995231628418
  endloop
endfacet
facet normal 0.0 0.0 0.0
  outer loop
    vertex -26.988483428955078 2.337540626525879 0.9999995231628418
    vertex -9.874999046325684 3.25 1.0000009536743164
    vertex -18.874998092651367 6.75 1.0
  endloop
endfacet
facet normal 0.0 0.0 0.0
  outer loop
    vertex -26.988483428955078 2.337540626525879 0.9999995231628418
    vertex -18.874998092651367 6.75 1.0
    vertex -27.573654174804688 2.4817721843719482 0.9999995231628418
  endloop
endfacet
facet normal 0.0 0.0 0.0
  outer loop
    vertex -27.573654174804688 2.4817721843719482 0.9999995231628418
    vertex -18.874998092651367 6.75 1.0
    vertex -19.392635345458984 6.818148136138916 1.0
  endloop
endfacet
facet normal 0.0 0.0 0.0
  outer loop
    vertex -27.573654174804688 2.4817721843719482 0.9999995231628418
    vertex -19.392635345458984 6.818148136138916 1.0
    vertex -34.89183044433594 4.146914005279541 0.9999985694885254
  endloop
endfacet
facet normal 0.0 0.0 0.0
  outer loop
    vertex -34.89183044433594 4.146914005279541 0.9999985694885254
    vertex -19.392635345458984 6.818148136138916 1.0
    vertex -35.60862350463867 4.732157230377197 0.9999985694885254
  endloop
endfacet
facet normal 0.0 0.0 0.0
  outer loop
    vertex -35.60862350463867 4.732157230377197 0.9999985694885254
    vertex -19.392635345458984 6.818148136138916 1.0
    vertex -19.874998092651367 7.017949104309082 1.0
  endloop
endfacet
facet normal 0.0 0.0 0.0
  outer loop
    vertex -35.60862350463867 4.732157230377197 0.9999985694885254
    vertex -19.874998092651367 7.017949104309082 1.0
    vertex -36.41001510620117 5.194839954376221 0.9999985694885254
  endloop
endfacet
facet normal 0.0 0.0 0.0
  outer loop
    vertex -36.41001510620117 5.194839954376221 0.9999985694885254
    vertex -19.874998092651367 7.017949104309082 1.0
    vertex -20.28921127319336 7.33578634262085 1.0
  endloop
endfacet
facet normal 0.0 0.0 0.0
  outer loop
    vertex -36.41001510620117 5.194839954376221 0.9999985694885254
    vertex -20.28921127319336 7.33578634262085 1.0
    vertex -37.275245666503906 5.522979259490967 0.9999985694885254
  endloop
endfacet
facet normal 0.0 0.0 0.0
  outer loop
    vertex -37.275245666503906 5.522979259490967 0.9999985694885254
    vertex -20.28921127319336 7.33578634262085 1.0
    vertex -20.60704803466797 7.75 1.0
  endloop
endfacet
facet normal 0.0 0.0 0.0
  outer loop
    vertex -37.275245666503906 5.522979259490967 0.9999985694885254
    vertex -20.60704803466797 7.75 1.0
    vertex -20.80685043334961 8.232361793518066 1.0
  endloop
endfacet
facet normal 0.0 0.0 0.0
  outer loop
    vertex -25.447641372680664 -0.5982891321182251 0.9999995231628418
    vertex -25.66135597229004 -1.161807894706726 0.9999995231628418
    vertex -9.874999046325684 -3.25 1.0000009536743164
  endloop
endfacet
facet normal 0.0 0.0 0.0
  outer loop
    vertex -9.874999046325684 -3.25 1.0000009536743164
    vertex -25.66135597229004 -1.161807894706726 0.9999995231628418
    vertex -26.003719329833984 -1.657806634902954 0.9999995231628418
  endloop
endfacet
facet normal 0.0 0.0 0.0
  outer loop
    vertex -9.874999046325684 -3.25 1.0000009536743164
    vertex -26.003719329833984 -1.657806634902954 0.9999995231628418
    vertex -26.454833984375 -2.057459592819214 0.9999995231628418
  endloop
endfacet
facet normal 0.0 0.0 0.0
  outer loop
    vertex -26.454833984375 -2.057459592819214 0.9999995231628418
    vertex -26.988483428955078 -2.337540626525879 0.9999995231628418
    vertex -9.874999046325684 -3.25 1.0000009536743164
  endloop
endfacet
facet normal 0.0 0.0 0.0
  outer loop
    vertex -28.17633819580078 -2.4817721843719482 0.9999995231628418
    vertex -34.89183044433594 -4.146914005279541 0.9999985694885254
    vertex -27.573654174804688 -2.4817721843719482 0.9999995231628418
  endloop
endfacet
facet normal 0.0 0.0 0.0
  outer loop
    vertex -27.573654174804688 -2.4817721843719482 0.9999995231628418
    vertex -34.89183044433594 -4.146914005279541 0.9999985694885254
    vertex -19.392635345458984 -6.818148136138916 1.0
  endloop
endfacet
facet normal 0.0 0.0 0.0
  outer loop
    vertex -27.573654174804688 -2.4817721843719482 0.9999995231628418
    vertex -19.392635345458984 -6.818148136138916 1.0
    vertex -18.874998092651367 -6.75 1.0
  endloop
endfacet
facet normal 0.0 0.0 0.0
  outer loop
    vertex -28.76150894165039 -2.337540626525879 0.9999990463256836
    vertex -33.78362274169922 -2.6721582412719727 0.9999985694885254
    vertex -28.17633819580078 -2.4817721843719482 0.9999995231628418
  endloop
endfacet
facet normal 0.0 0.0 0.0
  outer loop
    vertex -28.17633819580078 -2.4817721843719482 0.9999995231628418
    vertex -33.78362274169922 -2.6721582412719727 0.9999985694885254
    vertex -34.278202056884766 -3.454267978668213 0.9999985694885254
  endloop
endfacet
facet normal 0.0 0.0 0.0
  outer loop
    vertex -28.17633819580078 -2.4817721843719482 0.9999995231628418
    vertex -34.278202056884766 -3.454267978668213 0.9999985694885254
    vertex -34.89183044433594 -4.146914005279541 0.9999985694885254
  endloop
endfacet
facet normal 0.0 0.0 0.0
  outer loop
    vertex -28.76150894165039 -2.337540626525879 0.9999990463256836
    vertex -29.29515838623047 -2.057459592819214 0.9999990463256836
    vertex -33.78362274169922 -2.6721582412719727 0.9999985694885254
  endloop
endfacet
facet normal 0.0 0.0 0.0
  outer loop
    vertex -33.78362274169922 -2.6721582412719727 0.9999985694885254
    vertex -29.29515838623047 -2.057459592819214 0.9999990463256836
    vertex -33.4209098815918 -1.8208409547805786 0.9999990463256836
  endloop
endfacet
facet normal 0.0 0.0 0.0
  outer loop
    vertex -33.4209098815918 -1.8208409547805786 0.9999990463256836
    vertex -29.29515838623047 -2.057459592819214 0.9999990463256836
    vertex -29.746273040771484 -1.657806634902954 0.9999990463256836
  endloop
endfacet
facet normal 0.0 0.0 0.0
  outer loop
    vertex -33.4209098815918 -1.8208409547805786 0.9999990463256836
    vertex -29.746273040771484 -1.657806634902954 0.9999990463256836
    vertex -30.08863639831543 -1.161807894706726 0.9999990463256836
  endloop
endfacet
facet normal 0.0 0.0 0.0
  outer loop
    vertex -33.4209098815918 -1.8208409547805786 0.9999990463256836
    vertex -30.08863639831543 -1.161807894706726 0.9999990463256836
    vertex -33.199459075927734 -0.9223648905754089 0.9999990463256836
  endloop
endfacet
facet normal 0.0 0.0 0.0
  outer loop
    vertex -33.199459075927734 -0.9223648905754089 0.9999990463256836
    vertex -30.08863639831543 -1.161807894706726 0.9999990463256836
    vertex -30.302350997924805 -0.5982891321182251 0.9999990463256836
  endloop
endfacet
facet normal 0.0 0.0 0.0
  outer loop
    vertex -33.199459075927734 -0.9223648905754089 0.9999990463256836
    vertex -30.302350997924805 -0.5982891321182251 0.9999990463256836
    vertex -33.124996185302734 -7.041718939143572e-16 0.9999990463256836
  endloop
endfacet
facet normal 0.0 0.0 0.0
  outer loop
    vertex -33.124996185302734 -7.041718939143572e-16 0.9999990463256836
    vertex -30.302350997924805 -0.5982891321182251 0.9999990463256836
    vertex -30.374996185302734 5.059405085706373e-16 0.9999990463256836
  endloop
endfacet
facet normal 0.0 0.0 0.0
  outer loop
    vertex -33.124996185302734 -7.041718939143572e-16 0.9999990463256836
    vertex -30.374996185302734 5.059405085706373e-16 0.9999990463256836
    vertex -30.302350997924805 0.5982891321182251 0.9999990463256836
  endloop
endfacet
facet normal 0.0 0.0 0.0
  outer loop
    vertex -33.124996185302734 -7.041718939143572e-16 0.9999990463256836
    vertex -30.302350997924805 0.5982891321182251 0.9999990463256836
    vertex -33.199459075927734 0.9223648905754089 0.9999990463256836
  endloop
endfacet
facet normal 0.0 0.0 0.0
  outer loop
    vertex -33.199459075927734 0.9223648905754089 0.9999990463256836
    vertex -30.302350997924805 0.5982891321182251 0.9999990463256836
    vertex -30.08863639831543 1.161807894706726 0.9999990463256836
  endloop
endfacet
facet normal 0.0 0.0 0.0
  outer loop
    vertex -33.199459075927734 0.9223648905754089 0.9999990463256836
    vertex -30.08863639831543 1.161807894706726 0.9999990463256836
    vertex -33.4209098815918 1.8208409547805786 0.9999990463256836
  endloop
endfacet
facet normal 0.0 0.0 0.0
  outer loop
    vertex -33.4209098815918 1.8208409547805786 0.9999990463256836
    vertex -30.08863639831543 1.161807894706726 0.9999990463256836
    vertex -29.746273040771484 1.657806634902954 0.9999990463256836
  endloop
endfacet
facet normal 0.0 0.0 0.0
  outer loop
    vertex -33.4209098815918 1.8208409547805786 0.9999990463256836
    vertex -29.746273040771484 1.657806634902954 0.9999990463256836
    vertex -29.29515838623047 2.057459592819214 0.9999990463256836
  endloop
endfacet
facet normal 0.0 0.0 0.0
  outer loop
    vertex -33.4209098815918 1.8208409547805786 0.9999990463256836
    vertex -29.29515838623047 2.057459592819214 0.9999990463256836
    vertex -33.78362274169922 2.6721582412719727 0.9999985694885254
  endloop
endfacet
facet normal 0.0 0.0 0.0
  outer loop
    vertex -33.78362274169922 2.6721582412719727 0.9999985694885254
    vertex -29.29515838623047 2.057459592819214 0.9999990463256836
    vertex -28.76150894165039 2.337540626525879 0.9999990463256836
  endloop
endfacet
facet normal 0.0 0.0 0.0
  outer loop
    vertex -33.78362274169922 2.6721582412719727 0.9999985694885254
    vertex -28.76150894165039 2.337540626525879 0.9999990463256836
    vertex -28.17633819580078 2.4817721843719482 0.9999995231628418
  endloop
endfacet
facet normal 0.0 0.0 0.0
  outer loop
    vertex -27.573654174804688 2.4817721843719482 0.9999995231628418
    vertex -34.89183044433594 4.146914005279541 0.9999985694885254
    vertex -28.17633819580078 2.4817721843719482 0.9999995231628418
  endloop
endfacet
facet normal 0.0 0.0 0.0
  outer loop
    vertex -28.17633819580078 2.4817721843719482 0.9999995231628418
    vertex -34.89183044433594 4.146914005279541 0.9999985694885254
    vertex -34.278202056884766 3.454267978668213 0.9999985694885254
  endloop
endfacet
facet normal 0.0 0.0 0.0
  outer loop
    vertex -28.17633819580078 2.4817721843719482 0.9999995231628418
    vertex -34.278202056884766 3.454267978668213 0.9999985694885254
    vertex -33.78362274169922 2.6721582412719727 0.9999985694885254
  endloop
endfacet
facet normal 0.0 0.0 0.0
  outer loop
    vertex -16.874998092651367 -8.75 1.0000004768371582
    vertex -16.943145751953125 -9.267638206481934 1.0000004768371582
    vertex -13.874998092651367 -11.75 1.0000004768371582
  endloop
endfacet
facet normal 0.0 0.0 0.0
  outer loop
    vertex -13.874998092651367 -11.75 1.0000004768371582
    vertex -16.943145751953125 -9.267638206481934 1.0000004768371582
    vertex -17.142948150634766 -9.75 1.0000004768371582
  endloop
endfacet
facet normal 0.0 0.0 0.0
  outer loop
    vertex -13.874998092651367 -11.75 1.0000004768371582
    vertex -17.142948150634766 -9.75 1.0000004768371582
    vertex -17.460784912109375 -10.164213180541992 1.0000004768371582
  endloop
endfacet
facet normal 0.0 0.0 0.0
  outer loop
    vertex -17.460784912109375 -10.164213180541992 1.0000004768371582
    vertex -17.874998092651367 -10.482050895690918 1.0000004768371582
    vertex -13.874998092651367 -11.75 1.0000004768371582
  endloop
endfacet
facet normal 0.0 0.0 0.0
  outer loop
    vertex -13.874998092651367 -11.75 1.0000004768371582
    vertex -17.874998092651367 -10.482050895690918 1.0000004768371582
    vertex -18.35736083984375 -10.681851387023926 1.0
  endloop
endfacet
facet normal 0.0 0.0 0.0
  outer loop
    vertex -13.874998092651367 -11.75 1.0000004768371582
    vertex -18.35736083984375 -10.681851387023926 1.0
    vertex -18.874998092651367 -10.75 1.0
  endloop
endfacet
facet normal 0.0 0.0 0.0
  outer loop
    vertex -18.874998092651367 -10.75 1.0
    vertex -19.392635345458984 -10.681851387023926 1.0
    vertex -13.874998092651367 -11.75 1.0000004768371582
  endloop
endfacet
facet normal 0.0 0.0 0.0
  outer loop
    vertex -20.28921127319336 -10.164213180541992 1.0
    vertex -20.60704803466797 -9.75 1.0
    vertex -46.374996185302734 -11.75 0.999997615814209
  endloop
endfacet
facet normal 0.0 0.0 0.0
  outer loop
    vertex -46.374996185302734 -11.75 0.999997615814209
    vertex -20.60704803466797 -9.75 1.0
    vertex -20.80685043334961 -9.267638206481934 1.0
  endloop
endfacet
facet normal 0.0 0.0 0.0
  outer loop
    vertex -20.874998092651367 -8.75 1.0
    vertex -20.80685043334961 -8.232361793518066 1.0
    vertex -38.18191146850586 -5.708076000213623 0.9999985694885254
  endloop
endfacet
facet normal 0.0 0.0 0.0
  outer loop
    vertex -38.18191146850586 -5.708076000213623 0.9999985694885254
    vertex -20.80685043334961 -8.232361793518066 1.0
    vertex -37.275245666503906 -5.522979259490967 0.9999985694885254
  endloop
endfacet
facet normal 0.0 0.0 0.0
  outer loop
    vertex -37.275245666503906 -5.522979259490967 0.9999985694885254
    vertex -20.80685043334961 -8.232361793518066 1.0
    vertex -20.60704803466797 -7.75 1.0
  endloop
endfacet
facet normal 0.0 0.0 0.0
  outer loop
    vertex -37.275245666503906 -5.522979259490967 0.9999985694885254
    vertex -20.60704803466797 -7.75 1.0
    vertex -20.28921127319336 -7.33578634262085 1.0
  endloop
endfacet
facet normal 0.0 0.0 0.0
  outer loop
    vertex -37.275245666503906 -5.522979259490967 0.9999985694885254
    vertex -20.28921127319336 -7.33578634262085 1.0
    vertex -36.41001510620117 -5.194839954376221 0.9999985694885254
  endloop
endfacet
facet normal 0.0 0.0 0.0
  outer loop
    vertex -36.41001510620117 -5.194839954376221 0.9999985694885254
    vertex -20.28921127319336 -7.33578634262085 1.0
    vertex -19.874998092651367 -7.017949104309082 1.0
  endloop
endfacet
facet normal 0.0 0.0 0.0
  outer loop
    vertex -36.41001510620117 -5.194839954376221 0.9999985694885254
    vertex -19.874998092651367 -7.017949104309082 1.0
    vertex -35.60862350463867 -4.732157230377197 0.9999985694885254
  endloop
endfacet
facet normal 0.0 0.0 0.0
  outer loop
    vertex -35.60862350463867 -4.732157230377197 0.9999985694885254
    vertex -19.874998092651367 -7.017949104309082 1.0
    vertex -19.392635345458984 -6.818148136138916 1.0
  endloop
endfacet
facet normal 0.0 0.0 0.0
  outer loop
    vertex -35.60862350463867 -4.732157230377197 0.9999985694885254
    vertex -19.392635345458984 -6.818148136138916 1.0
    vertex -34.89183044433594 -4.146914005279541 0.9999985694885254
  endloop
endfacet
facet normal 0.0 0.0 0.0
  outer loop
    vertex -37.275245666503906 5.522979259490967 0.9999985694885254
    vertex -20.80685043334961 8.232361793518066 1.0
    vertex -38.18191146850586 5.708076000213623 0.9999985694885254
  endloop
endfacet
facet normal 0.0 0.0 0.0
  outer loop
    vertex -38.18191146850586 5.708076000213623 0.9999985694885254
    vertex -20.80685043334961 8.232361793518066 1.0
    vertex -20.874998092651367 8.75 1.0
  endloop
endfacet
facet normal 0.0 0.0 0.0
  outer loop
    vertex -38.18191146850586 5.708076000213623 0.9999985694885254
    vertex -20.874998092651367 8.75 1.0
    vertex -20.80685043334961 9.267638206481934 1.0
  endloop
endfacet
facet normal 0.0 0.0 0.0
  outer loop
    vertex -16.943145751953125 8.232361793518066 1.0000004768371582
    vertex 15.218320846557617 12.08272647857666 1.0000033378601074
    vertex -16.874998092651367 8.75 1.0000004768371582
  endloop
endfacet
facet normal 0.0 0.0 0.0
  outer loop
    vertex -16.874998092651367 8.75 1.0000004768371582
    vertex 15.218320846557617 12.08272647857666 1.0000033378601074
    vertex -13.874998092651367 11.75 1.0000004768371582
  endloop
endfacet
facet normal 0.0 0.0 0.0
  outer loop
    vertex -16.874998092651367 8.75 1.0000004768371582
    vertex -13.874998092651367 11.75 1.0000004768371582
    vertex -16.943145751953125 9.267638206481934 1.0000004768371582
  endloop
endfacet
facet normal 0.0 0.0 0.0
  outer loop
    vertex -16.943145751953125 9.267638206481934 1.0000004768371582
    vertex -13.874998092651367 11.75 1.0000004768371582
    vertex -17.142948150634766 9.75 1.0000004768371582
  endloop
endfacet
facet normal 0.0 0.0 0.0
  outer loop
    vertex -17.142948150634766 9.75 1.0000004768371582
    vertex -13.874998092651367 11.75 1.0000004768371582
    vertex -17.460784912109375 10.164213180541992 1.0000004768371582
  endloop
endfacet
facet normal 0.0 0.0 0.0
  outer loop
    vertex -17.460784912109375 10.164213180541992 1.0000004768371582
    vertex -13.874998092651367 11.75 1.0000004768371582
    vertex -17.874998092651367 10.482050895690918 1.0000004768371582
  endloop
endfacet
facet normal 0.0 0.0 0.0
  outer loop
    vertex -17.874998092651367 10.482050895690918 1.0000004768371582
    vertex -13.874998092651367 11.75 1.0000004768371582
    vertex -18.35736083984375 10.681851387023926 1.0
  endloop
endfacet
facet normal 0.0 0.0 0.0
  outer loop
    vertex 15.218320846557617 12.08272647857666 1.0000033378601074
    vertex -16.943145751953125 8.232361793518066 1.0000004768371582
    vertex -4.874999046325684 3.25 1.0000014305114746
  endloop
endfacet
facet normal 0.0 0.0 0.0
  outer loop
    vertex -4.874999046325684 3.25 1.0000014305114746
    vertex -16.943145751953125 8.232361793518066 1.0000004768371582
    vertex -17.142948150634766 7.75 1.0000004768371582
  endloop
endfacet
facet normal 0.0 0.0 0.0
  outer loop
    vertex -4.874999046325684 3.25 1.0000014305114746
    vertex -17.142948150634766 7.75 1.0000004768371582
    vertex -17.460784912109375 7.33578634262085 1.0000004768371582
  endloop
endfacet
facet normal 0.0 0.0 0.0
  outer loop
    vertex -4.874999046325684 3.25 1.0000014305114746
    vertex -17.460784912109375 7.33578634262085 1.0000004768371582
    vertex -9.874999046325684 3.25 1.0000009536743164
  endloop
endfacet
facet normal 0.0 0.0 0.0
  outer loop
    vertex -9.874999046325684 3.25 1.0000009536743164
    vertex -17.460784912109375 7.33578634262085 1.0000004768371582
    vertex -17.874998092651367 7.017949104309082 1.0000004768371582
  endloop
endfacet
facet normal 0.0 0.0 0.0
  outer loop
    vertex -9.874999046325684 3.25 1.0000009536743164
    vertex -17.874998092651367 7.017949104309082 1.0000004768371582
    vertex -18.35736083984375 6.818148136138916 1.0
  endloop
endfacet
facet normal 0.0 0.0 0.0
  outer loop
    vertex -18.35736083984375 6.818148136138916 1.0
    vertex -18.874998092651367 6.75 1.0
    vertex -9.874999046325684 3.25 1.0000009536743164
  endloop
endfacet
facet normal 0.0 0.0 0.0
  outer loop
    vertex -38.18191146850586 5.708076000213623 0.9999985694885254
    vertex -20.80685043334961 9.267638206481934 1.0
    vertex -46.374996185302734 11.75 0.999997615814209
  endloop
endfacet
facet normal 0.0 0.0 0.0
  outer loop
    vertex -46.374996185302734 11.75 0.999997615814209
    vertex -20.80685043334961 9.267638206481934 1.0
    vertex -20.60704803466797 9.75 1.0
  endloop
endfacet
facet normal 0.0 0.0 0.0
  outer loop
    vertex -46.374996185302734 11.75 0.999997615814209
    vertex -20.60704803466797 9.75 1.0
    vertex -20.28921127319336 10.164213180541992 1.0
  endloop
endfacet
facet normal 0.0 0.0 0.0
  outer loop
    vertex -20.28921127319336 10.164213180541992 1.0
    vertex -19.874998092651367 10.482050895690918 1.0
    vertex -46.374996185302734 11.75 0.999997615814209
  endloop
endfacet
facet normal 0.0 0.0 0.0
  outer loop
    vertex -46.374996185302734 11.75 0.999997615814209
    vertex -19.874998092651367 10.482050895690918 1.0
    vertex -19.392635345458984 10.681851387023926 1.0
  endloop
endfacet
facet normal 0.0 0.0 0.0
  outer loop
    vertex -4.874999046325684 -3.25 1.0000014305114746
    vertex 34.89065170288086 0.35353797674179077 1.0000052452087402
    vertex -4.874999046325684 3.25 1.0000014305114746
  endloop
endfacet
facet normal 0.0 0.0 0.0
  outer loop
    vertex -4.874999046325684 3.25 1.0000014305114746
    vertex 34.89065170288086 0.35353797674179077 1.0000052452087402
    vertex 35.0151481628418 1.0495668649673462 1.0000052452087402
  endloop
endfacet
facet normal 0.0 0.0 0.0
  outer loop
    vertex -4.874999046325684 3.25 1.0000014305114746
    vertex 35.0151481628418 1.0495668649673462 1.0000052452087402
    vertex 35.260257720947266 1.7127995491027832 1.0000052452087402
  endloop
endfacet
facet normal 0.0 0.0 0.0
  outer loop
    vertex 35.61832046508789 12.08272647857666 1.0000052452087402
    vertex 15.218320846557617 12.08272647857666 1.0000033378601074
    vertex 35.61832046508789 2.322511911392212 1.0000052452087402
  endloop
endfacet
facet normal 0.0 0.0 0.0
  outer loop
    vertex 35.61832046508789 2.322511911392212 1.0000052452087402
    vertex 15.218320846557617 12.08272647857666 1.0000033378601074
    vertex -4.874999046325684 3.25 1.0000014305114746
  endloop
endfacet
facet normal 0.0 0.0 0.0
  outer loop
    vertex 35.61832046508789 2.322511911392212 1.0000052452087402
    vertex -4.874999046325684 3.25 1.0000014305114746
    vertex 35.260257720947266 1.7127995491027832 1.0000052452087402
  endloop
endfacet
facet normal 0.0 0.0 0.0
  outer loop
    vertex 35.61832046508789 -10.617274284362793 1.0000052452087402
    vertex 35.61832046508789 -2.322511911392212 1.0000052452087402
    vertex 15.218320846557617 -10.617274284362793 1.0000033378601074
  endloop
endfacet
facet normal 0.0 0.0 0.0
  outer loop
    vertex 15.218320846557617 -10.617274284362793 1.0000033378601074
    vertex 35.61832046508789 -2.322511911392212 1.0000052452087402
    vertex -4.874999046325684 -3.25 1.0000014305114746
  endloop
endfacet
facet normal 0.0 0.0 0.0
  outer loop
    vertex 35.61832046508789 -2.322511911392212 1.0000052452087402
    vertex 35.260257720947266 -1.7127995491027832 1.0000052452087402
    vertex -4.874999046325684 -3.25 1.0000014305114746
  endloop
endfacet
facet normal 0.0 0.0 0.0
  outer loop
    vertex -4.874999046325684 -3.25 1.0000014305114746
    vertex 35.260257720947266 -1.7127995491027832 1.0000052452087402
    vertex 35.0151481628418 -1.0495668649673462 1.0000052452087402
  endloop
endfacet
facet normal 0.0 0.0 0.0
  outer loop
    vertex -4.874999046325684 -3.25 1.0000014305114746
    vertex 35.0151481628418 -1.0495668649673462 1.0000052452087402
    vertex 34.89065170288086 -0.35353797674179077 1.0000052452087402
  endloop
endfacet
facet normal 0.0 0.0 0.0
  outer loop
    vertex 34.89065170288086 -0.35353797674179077 1.0000052452087402
    vertex 34.89065170288086 0.35353797674179077 1.0000052452087402
    vertex -4.874999046325684 -3.25 1.0000014305114746
  endloop
endfacet
facet normal 0.0 0.0 0.0
  outer loop
    vertex 15.218320846557617 12.08272647857666 1.0000033378601074
    vertex 15.218320846557617 13.482726097106934 2.5000030994415283
    vertex 15.218320846557617 14.58272647857666 1.0000033378601074
  endloop
endfacet
facet normal 0.0 0.0 0.0
  outer loop
    vertex 15.218320846557617 14.58272647857666 1.0000033378601074
    vertex 15.218320846557617 13.482726097106934 2.5000030994415283
    vertex 15.218320846557617 13.482726097106934 3.5000030994415283
  endloop
endfacet
facet normal 0.0 0.0 0.0
  outer loop
    vertex 15.218320846557617 14.58272647857666 1.0000033378601074
    vertex 15.218320846557617 13.482726097106934 3.5000030994415283
    vertex 15.218320846557617 14.58272647857666 5.500002861022949
  endloop
endfacet
facet normal 0.0 0.0 0.0
  outer loop
    vertex 15.218320846557617 14.58272647857666 5.500002861022949
    vertex 15.218320846557617 13.482726097106934 3.5000030994415283
    vertex 15.218320846557617 13.448652267456055 3.758821964263916
  endloop
endfacet
facet normal 0.0 0.0 0.0
  outer loop
    vertex 15.218320846557617 14.58272647857666 5.500002861022949
    vertex 15.218320846557617 13.448652267456055 3.758821964263916
    vertex 15.218320846557617 13.348751068115234 4.000002861022949
  endloop
endfacet
facet normal 0.0 0.0 0.0
  outer loop
    vertex 15.218320846557617 12.08272647857666 1.0000033378601074
    vertex 15.218320846557617 12.08272647857666 2.5000030994415283
    vertex 15.218320846557617 13.482726097106934 2.5000030994415283
  endloop
endfacet
facet normal 0.0 0.0 0.0
  outer loop
    vertex 15.218320846557617 13.348751068115234 4.000002861022949
    vertex 15.218320846557617 13.18983268737793 4.207109451293945
    vertex 15.218320846557617 14.58272647857666 5.500002861022949
  endloop
endfacet
facet normal 0.0 0.0 0.0
  outer loop
    vertex 15.218320846557617 14.58272647857666 5.500002861022949
    vertex 15.218320846557617 13.18983268737793 4.207109451293945
    vertex 15.218320846557617 12.982726097106934 4.366028308868408
  endloop
endfacet
facet normal 0.0 0.0 0.0
  outer loop
    vertex 15.218320846557617 14.58272647857666 5.500002861022949
    vertex 15.218320846557617 12.982726097106934 4.366028308868408
    vertex 15.218320846557617 12.08272647857666 5.500002861022949
  endloop
endfacet
facet normal 0.0 0.0 0.0
  outer loop
    vertex 15.218320846557617 12.08272647857666 5.500002861022949
    vertex 15.218320846557617 12.982726097106934 4.366028308868408
    vertex 15.218320846557617 12.741544723510742 4.465928554534912
  endloop
endfacet
facet normal 0.0 0.0 0.0
  outer loop
    vertex 15.218320846557617 12.08272647857666 5.500002861022949
    vertex 15.218320846557617 12.741544723510742 4.465928554534912
    vertex 15.218320846557617 12.482726097106934 4.500002861022949
  endloop
endfacet
facet normal 0.0 0.0 0.0
  outer loop
    vertex 15.218320846557617 12.482726097106934 4.500002861022949
    vertex 15.218320846557617 12.08272647857666 4.500002861022949
    vertex 15.218320846557617 12.08272647857666 5.500002861022949
  endloop
endfacet
facet normal 0.0 0.0 0.0
  outer loop
    vertex 38.11832046508789 14.58272647857666 1.0000052452087402
    vertex 15.218320846557617 14.58272647857666 1.0000033378601074
    vertex 38.11832046508789 14.58272647857666 5.500004768371582
  endloop
endfacet
facet normal 0.0 0.0 0.0
  outer loop
    vertex 38.11832046508789 14.58272647857666 5.500004768371582
    vertex 15.218320846557617 14.58272647857666 1.0000033378601074
    vertex 15.218320846557617 14.58272647857666 5.500002861022949
  endloop
endfacet
facet normal 0.0 0.0 0.0
  outer loop
    vertex 38.11832046508789 3.9277782440185547 1.0000052452087402
    vertex 38.11832046508789 14.58272647857666 1.0000052452087402
    vertex 38.11832046508789 3.9277782440185547 5.500004768371582
  endloop
endfacet
facet normal 0.0 0.0 0.0
  outer loop
    vertex 38.11832046508789 3.9277782440185547 5.500004768371582
    vertex 38.11832046508789 14.58272647857666 1.0000052452087402
    vertex 38.11832046508789 14.58272647857666 5.500004768371582
  endloop
endfacet
facet normal 0.0 0.0 0.0
  outer loop
    vertex 37.38923263549805 3.7138257026672363 5.500004768371582
    vertex 38.11832046508789 3.9277782440185547 5.500004768371582
    vertex 35.61832046508789 12.08272647857666 5.500004768371582
  endloop
endfacet
facet normal 0.0 0.0 0.0
  outer loop
    vertex 35.61832046508789 12.08272647857666 5.500004768371582
    vertex 38.11832046508789 3.9277782440185547 5.500004768371582
    vertex 38.11832046508789 14.58272647857666 5.500004768371582
  endloop
endfacet
facet normal 0.0 0.0 0.0
  outer loop
    vertex 35.61832046508789 12.08272647857666 5.500004768371582
    vertex 38.11832046508789 14.58272647857666 5.500004768371582
    vertex 15.218320846557617 14.58272647857666 5.500002861022949
  endloop
endfacet
facet normal 0.0 0.0 0.0
  outer loop
    vertex 15.218320846557617 14.58272647857666 5.500002861022949
    vertex 15.218320846557617 12.08272647857666 5.500002861022949
    vertex 35.61832046508789 12.08272647857666 5.500004768371582
  endloop
endfacet
facet normal 0.0 0.0 0.0
  outer loop
    vertex 35.61832046508789 2.322511911392212 5.500004768371582
    vertex 36.11626052856445 2.8964452743530273 5.500004768371582
    vertex 35.61832046508789 12.08272647857666 5.500004768371582
  endloop
endfacet
facet normal 0.0 0.0 0.0
  outer loop
    vertex 35.61832046508789 12.08272647857666 5.500004768371582
    vertex 36.11626052856445 2.8964452743530273 5.500004768371582
    vertex 36.7137565612793 3.3658626079559326 5.500004768371582
  endloop
endfacet
facet normal 0.0 0.0 0.0
  outer loop
    vertex 35.61832046508789 12.08272647857666 5.500004768371582
    vertex 36.7137565612793 3.3658626079559326 5.500004768371582
    vertex 37.38923263549805 3.7138257026672363 5.500004768371582
  endloop
endfacet
facet normal 0.0 0.0 0.0
  outer loop
    vertex 38.11832046508789 -13.117274284362793 1.0000052452087402
    vertex 38.11832046508789 -3.9277782440185547 1.0000052452087402
    vertex 38.11832046508789 -13.117274284362793 5.500004768371582
  endloop
endfacet
facet normal 0.0 0.0 0.0
  outer loop
    vertex 38.11832046508789 -13.117274284362793 5.500004768371582
    vertex 38.11832046508789 -3.9277782440185547 1.0000052452087402
    vertex 38.11832046508789 -3.9277782440185547 5.500004768371582
  endloop
endfacet
facet normal 0.0 0.0 0.0
  outer loop
    vertex 15.218320846557617 -13.117274284362793 1.0000033378601074
    vertex 38.11832046508789 -13.117274284362793 1.0000052452087402
    vertex 15.218320846557617 -13.117274284362793 5.500002861022949
  endloop
endfacet
facet normal 0.0 0.0 0.0
  outer loop
    vertex 15.218320846557617 -13.117274284362793 5.500002861022949
    vertex 38.11832046508789 -13.117274284362793 1.0000052452087402
    vertex 38.11832046508789 -13.117274284362793 5.500004768371582
  endloop
endfacet
facet normal 0.0 0.0 0.0
  outer loop
    vertex 15.218320846557617 -10.617274284362793 2.5000030994415283
    vertex 15.218320846557617 -10.617274284362793 1.0000033378601074
    vertex 15.218320846557617 -12.017273902893066 2.5000030994415283
  endloop
endfacet
facet normal 0.0 0.0 0.0
  outer loop
    vertex 15.218320846557617 -12.017273902893066 2.5000030994415283
    vertex 15.218320846557617 -10.617274284362793 1.0000033378601074
    vertex 15.218320846557617 -13.117274284362793 1.0000033378601074
  endloop
endfacet
facet normal 0.0 0.0 0.0
  outer loop
    vertex 15.218320846557617 -12.017273902893066 2.5000030994415283
    vertex 15.218320846557617 -13.117274284362793 1.0000033378601074
    vertex 15.218320846557617 -12.017273902893066 3.5000030994415283
  endloop
endfacet
facet normal 0.0 0.0 0.0
  outer loop
    vertex 15.218320846557617 -12.017273902893066 3.5000030994415283
    vertex 15.218320846557617 -13.117274284362793 1.0000033378601074
    vertex 15.218320846557617 -13.117274284362793 5.500002861022949
  endloop
endfacet
facet normal 0.0 0.0 0.0
  outer loop
    vertex 15.218320846557617 -12.017273902893066 3.5000030994415283
    vertex 15.218320846557617 -13.117274284362793 5.500002861022949
    vertex 15.218320846557617 -11.983200073242188 3.758821964263916
  endloop
endfacet
facet normal 0.0 0.0 0.0
  outer loop
    vertex 15.218320846557617 -11.983200073242188 3.758821964263916
    vertex 15.218320846557617 -13.117274284362793 5.500002861022949
    vertex 15.218320846557617 -11.883299827575684 4.000002861022949
  endloop
endfacet
facet normal 0.0 0.0 0.0
  outer loop
    vertex 15.218320846557617 -11.883299827575684 4.000002861022949
    vertex 15.218320846557617 -13.117274284362793 5.500002861022949
    vertex 15.218320846557617 -11.724380493164062 4.207109451293945
  endloop
endfacet
facet normal 0.0 0.0 0.0
  outer loop
    vertex 15.218320846557617 -11.724380493164062 4.207109451293945
    vertex 15.218320846557617 -13.117274284362793 5.500002861022949
    vertex 15.218320846557617 -11.517273902893066 4.366028308868408
  endloop
endfacet
facet normal 0.0 0.0 0.0
  outer loop
    vertex 15.218320846557617 -11.517273902893066 4.366028308868408
    vertex 15.218320846557617 -13.117274284362793 5.500002861022949
    vertex 15.218320846557617 -10.617274284362793 5.500002861022949
  endloop
endfacet
facet normal 0.0 0.0 0.0
  outer loop
    vertex 15.218320846557617 -11.517273902893066 4.366028308868408
    vertex 15.218320846557617 -10.617274284362793 5.500002861022949
    vertex 15.218320846557617 -11.276092529296875 4.465928554534912
  endloop
endfacet
facet normal 0.0 0.0 0.0
  outer loop
    vertex 15.218320846557617 -11.276092529296875 4.465928554534912
    vertex 15.218320846557617 -10.617274284362793 5.500002861022949
    vertex 15.218320846557617 -11.017273902893066 4.500002861022949
  endloop
endfacet
facet normal 0.0 0.0 0.0
  outer loop
    vertex 15.218320846557617 -11.017273902893066 4.500002861022949
    vertex 15.218320846557617 -10.617274284362793 5.500002861022949
    vertex 15.218320846557617 -10.617274284362793 4.500002861022949
  endloop
endfacet
facet normal 0.0 0.0 0.0
  outer loop
    vertex 15.218320846557617 -10.617274284362793 5.500002861022949
    vertex 15.218320846557617 -13.117274284362793 5.500002861022949
    vertex 35.61832046508789 -10.617274284362793 5.500004768371582
  endloop
endfacet
facet normal 0.0 0.0 0.0
  outer loop
    vertex 35.61832046508789 -10.617274284362793 5.500004768371582
    vertex 15.218320846557617 -13.117274284362793 5.500002861022949
    vertex 38.11832046508789 -13.117274284362793 5.500004768371582
  endloop
endfacet
facet normal 0.0 0.0 0.0
  outer loop
    vertex 35.61832046508789 -10.617274284362793 5.500004768371582
    vertex 38.11832046508789 -13.117274284362793 5.500004768371582
    vertex 38.11832046508789 -3.9277782440185547 5.500004768371582
  endloop
endfacet
facet normal 0.0 0.0 0.0
  outer loop
    vertex 38.11832046508789 -3.9277782440185547 5.500004768371582
    vertex 37.38923263549805 -3.7138257026672363 5.500004768371582
    vertex 35.61832046508789 -10.617274284362793 5.500004768371582
  endloop
endfacet
facet normal 0.0 0.0 0.0
  outer loop
    vertex 35.61832046508789 -10.617274284362793 5.500004768371582
    vertex 37.38923263549805 -3.7138257026672363 5.500004768371582
    vertex 36.7137565612793 -3.3658626079559326 5.500004768371582
  endloop
endfacet
facet normal 0.0 0.0 0.0
  outer loop
    vertex 35.61832046508789 -10.617274284362793 5.500004768371582
    vertex 36.7137565612793 -3.3658626079559326 5.500004768371582
    vertex 36.11626052856445 -2.8964452743530273 5.500004768371582
  endloop
endfacet
facet normal 0.0 0.0 0.0
  outer loop
    vertex 36.11626052856445 -2.8964452743530273 5.500004768371582
    vertex 35.61832046508789 -2.322511911392212 5.500004768371582
    vertex 35.61832046508789 -10.617274284362793 5.500004768371582
  endloop
endfacet
facet normal 0.0 0.0 0.0
  outer loop
    vertex 40.32388687133789 -0.38822856545448303 10.500004768371582
    vertex 42.80270767211914 -0.757004976272583 10.500004768371582
    vertex 40.374996185302734 8.212079185441416e-16 10.500004768371582
  endloop
endfacet
facet normal 0.0 0.0 0.0
  outer loop
    vertex 40.374996185302734 8.212079185441416e-16 10.500004768371582
    vertex 42.80270767211914 -0.757004976272583 10.500004768371582
    vertex 42.874996185302734 1.4765216285718907e-16 10.500004768371582
  endloop
endfacet
facet normal 0.0 0.0 0.0
  outer loop
    vertex 40.374996185302734 8.212079185441416e-16 10.500004768371582
    vertex 42.874996185302734 1.4765216285718907e-16 10.500004768371582
    vertex 42.80270767211914 0.757004976272583 10.500004768371582
  endloop
endfacet
facet normal 0.0 0.0 0.0
  outer loop
    vertex 42.80270767211914 -0.757004976272583 10.500004768371582
    vertex 40.32388687133789 -0.38822856545448303 10.500004768371582
    vertex 42.58846664428711 -1.4866498708724976 10.500004768371582
  endloop
endfacet
facet normal 0.0 0.0 0.0
  outer loop
    vertex 42.58846664428711 -1.4866498708724976 10.500004768371582
    vertex 40.32388687133789 -0.38822856545448303 10.500004768371582
    vertex 40.17403793334961 -0.75 10.500004768371582
  endloop
endfacet
facet normal 0.0 0.0 0.0
  outer loop
    vertex 42.58846664428711 -1.4866498708724976 10.500004768371582
    vertex 40.17403793334961 -0.75 10.500004768371582
    vertex 42.24000930786133 -2.1625633239746094 10.500004768371582
  endloop
endfacet
facet normal 0.0 0.0 0.0
  outer loop
    vertex 42.24000930786133 -2.1625633239746094 10.500004768371582
    vertex 40.17403793334961 -0.75 10.500004768371582
    vertex 39.9356575012207 -1.0606601238250732 10.500004768371582
  endloop
endfacet
facet normal 0.0 0.0 0.0
  outer loop
    vertex 42.24000930786133 -2.1625633239746094 10.500004768371582
    vertex 39.9356575012207 -1.0606601238250732 10.500004768371582
    vertex 41.76993179321289 -2.7603161334991455 10.500004768371582
  endloop
endfacet
facet normal 0.0 0.0 0.0
  outer loop
    vertex 41.76993179321289 -2.7603161334991455 10.500004768371582
    vertex 39.9356575012207 -1.0606601238250732 10.500004768371582
    vertex 41.19522476196289 -3.2583038806915283 10.500004768371582
  endloop
endfacet
facet normal 0.0 0.0 0.0
  outer loop
    vertex 41.19522476196289 -3.2583038806915283 10.500004768371582
    vertex 39.9356575012207 -1.0606601238250732 10.500004768371582
    vertex 39.624996185302734 -1.299038052558899 10.500004768371582
  endloop
endfacet
facet normal 0.0 0.0 0.0
  outer loop
    vertex 41.19522476196289 -3.2583038806915283 10.500004768371582
    vertex 39.624996185302734 -1.299038052558899 10.500004768371582
    vertex 40.53665542602539 -3.6385278701782227 10.500004768371582
  endloop
endfacet
facet normal 0.0 0.0 0.0
  outer loop
    vertex 40.53665542602539 -3.6385278701782227 10.500004768371582
    vertex 39.624996185302734 -1.299038052558899 10.500004768371582
    vertex 39.26322555541992 -1.4488887786865234 10.500004768371582
  endloop
endfacet
facet normal 0.0 0.0 0.0
  outer loop
    vertex 40.53665542602539 -3.6385278701782227 10.500004768371582
    vertex 39.26322555541992 -1.4488887786865234 10.500004768371582
    vertex 39.81803512573242 -3.8872463703155518 10.500004768371582
  endloop
endfacet
facet normal 0.0 0.0 0.0
  outer loop
    vertex 39.81803512573242 -3.8872463703155518 10.500004768371582
    vertex 39.26322555541992 -1.4488887786865234 10.500004768371582
    vertex 39.06532669067383 -3.995469331741333 10.500004768371582
  endloop
endfacet
facet normal 0.0 0.0 0.0
  outer loop
    vertex 39.06532669067383 -3.995469331741333 10.500004768371582
    vertex 39.26322555541992 -1.4488887786865234 10.500004768371582
    vertex 38.874996185302734 -1.5 10.500004768371582
  endloop
endfacet
facet normal 0.0 0.0 0.0
  outer loop
    vertex 39.06532669067383 -3.995469331741333 10.500004768371582
    vertex 38.874996185302734 -1.5 10.500004768371582
    vertex 38.30573654174805 -3.9592857360839844 10.500003814697266
  endloop
endfacet
facet normal 0.0 0.0 0.0
  outer loop
    vertex 38.30573654174805 -3.9592857360839844 10.500003814697266
    vertex 38.874996185302734 -1.5 10.500004768371582
    vertex 38.48676681518555 -1.4488887786865234 10.500003814697266
  endloop
endfacet
facet normal 0.0 0.0 0.0
  outer loop
    vertex 38.30573654174805 -3.9592857360839844 10.500003814697266
    vertex 38.48676681518555 -1.4488887786865234 10.500003814697266
    vertex 37.56672286987305 -3.780003309249878 10.500003814697266
  endloop
endfacet
facet normal 0.0 0.0 0.0
  outer loop
    vertex 37.56672286987305 -3.780003309249878 10.500003814697266
    vertex 38.48676681518555 -1.4488887786865234 10.500003814697266
    vertex 38.124996185302734 -1.299038052558899 10.500003814697266
  endloop
endfacet
facet normal 0.0 0.0 0.0
  outer loop
    vertex 37.56672286987305 -3.780003309249878 10.500003814697266
    vertex 38.124996185302734 -1.299038052558899 10.500003814697266
    vertex 36.874996185302734 -3.464101552963257 10.500003814697266
  endloop
endfacet
facet normal 0.0 0.0 0.0
  outer loop
    vertex 36.874996185302734 -3.464101552963257 10.500003814697266
    vertex 38.124996185302734 -1.299038052558899 10.500003814697266
    vertex 36.255550384521484 -3.022998332977295 10.500003814697266
  endloop
endfacet
facet normal 0.0 0.0 0.0
  outer loop
    vertex 36.255550384521484 -3.022998332977295 10.500003814697266
    vertex 38.124996185302734 -1.299038052558899 10.500003814697266
    vertex 37.814334869384766 -1.0606601238250732 10.500003814697266
  endloop
endfacet
facet normal 0.0 0.0 0.0
  outer loop
    vertex 36.255550384521484 -3.022998332977295 10.500003814697266
    vertex 37.814334869384766 -1.0606601238250732 10.500003814697266
    vertex 35.73078536987305 -2.4726359844207764 10.500003814697266
  endloop
endfacet
facet normal 0.0 0.0 0.0
  outer loop
    vertex 35.73078536987305 -2.4726359844207764 10.500003814697266
    vertex 37.814334869384766 -1.0606601238250732 10.500003814697266
    vertex 37.57595443725586 -0.75 10.500003814697266
  endloop
endfacet
facet normal 0.0 0.0 0.0
  outer loop
    vertex 35.73078536987305 -2.4726359844207764 10.500003814697266
    vertex 37.57595443725586 -0.75 10.500003814697266
    vertex 35.31965255737305 -1.8329061269760132 10.500003814697266
  endloop
endfacet
facet normal 0.0 0.0 0.0
  outer loop
    vertex 35.31965255737305 -1.8329061269760132 10.500003814697266
    vertex 37.57595443725586 -0.75 10.500003814697266
    vertex 37.42610549926758 -0.38822856545448303 10.500003814697266
  endloop
endfacet
facet normal 0.0 0.0 0.0
  outer loop
    vertex 35.31965255737305 -1.8329061269760132 10.500003814697266
    vertex 37.42610549926758 -0.38822856545448303 10.500003814697266
    vertex 35.03702163696289 -1.1269302368164062 10.500003814697266
  endloop
endfacet
facet normal 0.0 0.0 0.0
  outer loop
    vertex 35.03702163696289 -1.1269302368164062 10.500003814697266
    vertex 37.42610549926758 -0.38822856545448303 10.500003814697266
    vertex 34.89310836791992 -0.38022416830062866 10.500003814697266
  endloop
endfacet
facet normal 0.0 0.0 0.0
  outer loop
    vertex 34.89310836791992 -0.38022416830062866 10.500003814697266
    vertex 37.42610549926758 -0.38822856545448303 10.500003814697266
    vertex 37.374996185302734 6.375108774214766e-16 10.500003814697266
  endloop
endfacet
facet normal 0.0 0.0 0.0
  outer loop
    vertex 34.89310836791992 -0.38022416830062866 10.500003814697266
    vertex 37.374996185302734 6.375108774214766e-16 10.500003814697266
    vertex 34.89310836791992 0.38022416830062866 10.500003814697266
  endloop
endfacet
facet normal 0.0 0.0 0.0
  outer loop
    vertex 34.89310836791992 0.38022416830062866 10.500003814697266
    vertex 37.374996185302734 6.375108774214766e-16 10.500003814697266
    vertex 37.42610549926758 0.38822856545448303 10.500003814697266
  endloop
endfacet
facet normal 0.0 0.0 0.0
  outer loop
    vertex 34.89310836791992 0.38022416830062866 10.500003814697266
    vertex 37.42610549926758 0.38822856545448303 10.500003814697266
    vertex 35.03702163696289 1.1269302368164062 10.500003814697266
  endloop
endfacet
facet normal 0.0 0.0 0.0
  outer loop
    vertex 35.03702163696289 1.1269302368164062 10.500003814697266
    vertex 37.42610549926758 0.38822856545448303 10.500003814697266
    vertex 35.31965255737305 1.8329061269760132 10.500003814697266
  endloop
endfacet
facet normal 0.0 0.0 0.0
  outer loop
    vertex 35.31965255737305 1.8329061269760132 10.500003814697266
    vertex 37.42610549926758 0.38822856545448303 10.500003814697266
    vertex 37.57595443725586 0.75 10.500003814697266
  endloop
endfacet
facet normal 0.0 0.0 0.0
  outer loop
    vertex 35.31965255737305 1.8329061269760132 10.500003814697266
    vertex 37.57595443725586 0.75 10.500003814697266
    vertex 35.73078536987305 2.4726359844207764 10.500003814697266
  endloop
endfacet
facet normal 0.0 0.0 0.0
  outer loop
    vertex 35.73078536987305 2.4726359844207764 10.500003814697266
    vertex 37.57595443725586 0.75 10.500003814697266
    vertex 37.814334869384766 1.0606601238250732 10.500003814697266
  endloop
endfacet
facet normal 0.0 0.0 0.0
  outer loop
    vertex 35.73078536987305 2.4726359844207764 10.500003814697266
    vertex 37.814334869384766 1.0606601238250732 10.500003814697266
    vertex 36.255550384521484 3.022998332977295 10.500003814697266
  endloop
endfacet
facet normal 0.0 0.0 0.0
  outer loop
    vertex 36.255550384521484 3.022998332977295 10.500003814697266
    vertex 37.814334869384766 1.0606601238250732 10.500003814697266
    vertex 38.124996185302734 1.299038052558899 10.500003814697266
  endloop
endfacet
facet normal 0.0 0.0 0.0
  outer loop
    vertex 36.255550384521484 3.022998332977295 10.500003814697266
    vertex 38.124996185302734 1.299038052558899 10.500003814697266
    vertex 36.874996185302734 3.464101552963257 10.500003814697266
  endloop
endfacet
facet normal 0.0 0.0 0.0
  outer loop
    vertex 36.874996185302734 3.464101552963257 10.500003814697266
    vertex 38.124996185302734 1.299038052558899 10.500003814697266
    vertex 37.56672286987305 3.780003309249878 10.500003814697266
  endloop
endfacet
facet normal 0.0 0.0 0.0
  outer loop
    vertex 37.56672286987305 3.780003309249878 10.500003814697266
    vertex 38.124996185302734 1.299038052558899 10.500003814697266
    vertex 38.48676681518555 1.4488887786865234 10.500003814697266
  endloop
endfacet
facet normal 0.0 0.0 0.0
  outer loop
    vertex 37.56672286987305 3.780003309249878 10.500003814697266
    vertex 38.48676681518555 1.4488887786865234 10.500003814697266
    vertex 38.30573654174805 3.9592857360839844 10.500003814697266
  endloop
endfacet
facet normal 0.0 0.0 0.0
  outer loop
    vertex 38.30573654174805 3.9592857360839844 10.500003814697266
    vertex 38.48676681518555 1.4488887786865234 10.500003814697266
    vertex 38.874996185302734 1.5 10.500004768371582
  endloop
endfacet
facet normal 0.0 0.0 0.0
  outer loop
    vertex 38.30573654174805 3.9592857360839844 10.500003814697266
    vertex 38.874996185302734 1.5 10.500004768371582
    vertex 39.06532669067383 3.995469331741333 10.500004768371582
  endloop
endfacet
facet normal 0.0 0.0 0.0
  outer loop
    vertex 39.06532669067383 3.995469331741333 10.500004768371582
    vertex 38.874996185302734 1.5 10.500004768371582
    vertex 39.26322555541992 1.4488887786865234 10.500004768371582
  endloop
endfacet
facet normal 0.0 0.0 0.0
  outer loop
    vertex 39.06532669067383 3.995469331741333 10.500004768371582
    vertex 39.26322555541992 1.4488887786865234 10.500004768371582
    vertex 39.81803512573242 3.8872463703155518 10.500004768371582
  endloop
endfacet
facet normal 0.0 0.0 0.0
  outer loop
    vertex 39.81803512573242 3.8872463703155518 10.500004768371582
    vertex 39.26322555541992 1.4488887786865234 10.500004768371582
    vertex 40.53665542602539 3.6385278701782227 10.500004768371582
  endloop
endfacet
facet normal 0.0 0.0 0.0
  outer loop
    vertex 40.53665542602539 3.6385278701782227 10.500004768371582
    vertex 39.26322555541992 1.4488887786865234 10.500004768371582
    vertex 39.624996185302734 1.299038052558899 10.500004768371582
  endloop
endfacet
facet normal 0.0 0.0 0.0
  outer loop
    vertex 40.53665542602539 3.6385278701782227 10.500004768371582
    vertex 39.624996185302734 1.299038052558899 10.500004768371582
    vertex 41.19522476196289 3.2583038806915283 10.500004768371582
  endloop
endfacet
facet normal 0.0 0.0 0.0
  outer loop
    vertex 41.19522476196289 3.2583038806915283 10.500004768371582
    vertex 39.624996185302734 1.299038052558899 10.500004768371582
    vertex 39.9356575012207 1.0606601238250732 10.500004768371582
  endloop
endfacet
facet normal 0.0 0.0 0.0
  outer loop
    vertex 41.19522476196289 3.2583038806915283 10.500004768371582
    vertex 39.9356575012207 1.0606601238250732 10.500004768371582
    vertex 41.76993179321289 2.7603161334991455 10.500004768371582
  endloop
endfacet
facet normal 0.0 0.0 0.0
  outer loop
    vertex 41.76993179321289 2.7603161334991455 10.500004768371582
    vertex 39.9356575012207 1.0606601238250732 10.500004768371582
    vertex 42.24000930786133 2.1625633239746094 10.500004768371582
  endloop
endfacet
facet normal 0.0 0.0 0.0
  outer loop
    vertex 42.24000930786133 2.1625633239746094 10.500004768371582
    vertex 39.9356575012207 1.0606601238250732 10.500004768371582
    vertex 40.17403793334961 0.75 10.500004768371582
  endloop
endfacet
facet normal 0.0 0.0 0.0
  outer loop
    vertex 42.24000930786133 2.1625633239746094 10.500004768371582
    vertex 40.17403793334961 0.75 10.500004768371582
    vertex 42.58846664428711 1.4866498708724976 10.500004768371582
  endloop
endfacet
facet normal 0.0 0.0 0.0
  outer loop
    vertex 42.58846664428711 1.4866498708724976 10.500004768371582
    vertex 40.17403793334961 0.75 10.500004768371582
    vertex 40.32388687133789 0.38822856545448303 10.500004768371582
  endloop
endfacet
facet normal 0.0 0.0 0.0
  outer loop
    vertex 42.58846664428711 1.4866498708724976 10.500004768371582
    vertex 40.32388687133789 0.38822856545448303 10.500004768371582
    vertex 42.80270767211914 0.757004976272583 10.500004768371582
  endloop
endfacet
facet normal 0.0 0.0 0.0
  outer loop
    vertex 42.80270767211914 0.757004976272583 10.500004768371582
    vertex 40.32388687133789 0.38822856545448303 10.500004768371582
    vertex 40.374996185302734 8.212079185441416e-16 10.500004768371582
  endloop
endfacet
facet normal 0.0 0.0 0.0
  outer loop
    vertex -13.874998092651367 12.75 1.0000004768371582
    vertex -46.374996185302734 12.75 0.999997615814209
    vertex -13.874998092651367 12.75 7.0
  endloop
endfacet
facet normal 0.0 0.0 0.0
  outer loop
    vertex -13.874998092651367 12.75 7.0
    vertex -46.374996185302734 12.75 0.999997615814209
    vertex -46.374996185302734 12.75 6.999997138977051
  endloop
endfacet
facet normal 0.0 0.0 0.0
  outer loop
    vertex -13.874998092651367 11.75 1.0000004768371582
    vertex -13.874998092651367 12.75 1.0000004768371582
    vertex -13.874998092651367 11.75 7.0
  endloop
endfacet
facet normal 0.0 0.0 0.0
  outer loop
    vertex -13.874998092651367 11.75 7.0
    vertex -13.874998092651367 12.75 1.0000004768371582
    vertex -13.874998092651367 12.75 7.0
  endloop
endfacet
facet normal 0.0 0.0 0.0
  outer loop
    vertex -46.374996185302734 11.75 0.999997615814209
    vertex -13.874998092651367 11.75 1.0000004768371582
    vertex -46.374996185302734 11.75 6.999997138977051
  endloop
endfacet
facet normal 0.0 0.0 0.0
  outer loop
    vertex -46.374996185302734 11.75 6.999997138977051
    vertex -13.874998092651367 11.75 1.0000004768371582
    vertex -13.874998092651367 11.75 7.0
  endloop
endfacet
facet normal 0.0 0.0 0.0
  outer loop
    vertex -50.87499237060547 7.25 0.9999971389770508
    vertex -50.80662536621094 8.031416893005371 0.9999971389770508
    vertex -50.87499237060547 7.25 6.999996662139893
  endloop
endfacet
facet normal 0.0 0.0 0.0
  outer loop
    vertex -50.87499237060547 7.25 6.999996662139893
    vertex -50.80662536621094 8.031416893005371 0.9999971389770508
    vertex -50.80662536621094 8.031416893005371 6.999996662139893
  endloop
endfacet
facet normal 0.0 0.0 0.0
  outer loop
    vertex -50.80662536621094 8.031416893005371 6.999996662139893
    vertex -50.80662536621094 8.031416893005371 0.9999971389770508
    vertex -50.603607177734375 8.789091110229492 0.9999971389770508
  endloop
endfacet
facet normal 0.0 0.0 0.0
  outer loop
    vertex -50.80662536621094 8.031416893005371 6.999996662139893
    vertex -50.603607177734375 8.789091110229492 0.9999971389770508
    vertex -50.603607177734375 8.789091110229492 6.999996662139893
  endloop
endfacet
facet normal 0.0 0.0 0.0
  outer loop
    vertex -50.603607177734375 8.789091110229492 6.999996662139893
    vertex -50.603607177734375 8.789091110229492 0.9999971389770508
    vertex -50.2721061706543 9.5 0.9999971389770508
  endloop
endfacet
facet normal 0.0 0.0 0.0
  outer loop
    vertex -50.603607177734375 8.789091110229492 6.999996662139893
    vertex -50.2721061706543 9.5 0.9999971389770508
    vertex -50.2721061706543 9.5 6.999996662139893
  endloop
endfacet
facet normal 0.0 0.0 0.0
  outer loop
    vertex -50.2721061706543 9.5 6.999996662139893
    vertex -50.2721061706543 9.5 0.9999971389770508
    vertex -49.82219314575195 10.14254379272461 0.9999971389770508
  endloop
endfacet
facet normal 0.0 0.0 0.0
  outer loop
    vertex -50.2721061706543 9.5 6.999996662139893
    vertex -49.82219314575195 10.14254379272461 0.9999971389770508
    vertex -49.82219314575195 10.14254379272461 6.999996662139893
  endloop
endfacet
facet normal 0.0 0.0 0.0
  outer loop
    vertex -49.82219314575195 10.14254379272461 6.999996662139893
    vertex -49.82219314575195 10.14254379272461 0.9999971389770508
    vertex -49.26753616333008 10.697199821472168 0.9999971389770508
  endloop
endfacet
facet normal 0.0 0.0 0.0
  outer loop
    vertex -49.82219314575195 10.14254379272461 6.999996662139893
    vertex -49.26753616333008 10.697199821472168 0.9999971389770508
    vertex -49.26753616333008 10.697199821472168 6.999996662139893
  endloop
endfacet
facet normal 0.0 0.0 0.0
  outer loop
    vertex -49.26753616333008 10.697199821472168 6.999996662139893
    vertex -49.26753616333008 10.697199821472168 0.9999971389770508
    vertex -48.62499237060547 11.147114753723145 0.999997615814209
  endloop
endfacet
facet normal 0.0 0.0 0.0
  outer loop
    vertex -49.26753616333008 10.697199821472168 6.999996662139893
    vertex -48.62499237060547 11.147114753723145 0.999997615814209
    vertex -48.62499237060547 11.147114753723145 6.999996662139893
  endloop
endfacet
facet normal 0.0 0.0 0.0
  outer loop
    vertex -48.62499237060547 11.147114753723145 6.999996662139893
    vertex -48.62499237060547 11.147114753723145 0.999997615814209
    vertex -47.91408920288086 11.478616714477539 0.999997615814209
  endloop
endfacet
facet normal 0.0 0.0 0.0
  outer loop
    vertex -48.62499237060547 11.147114753723145 6.999996662139893
    vertex -47.91408920288086 11.478616714477539 0.999997615814209
    vertex -47.91408920288086 11.478616714477539 6.999996662139893
  endloop
endfacet
facet normal 0.0 0.0 0.0
  outer loop
    vertex -47.91408920288086 11.478616714477539 6.999996662139893
    vertex -47.91408920288086 11.478616714477539 0.999997615814209
    vertex -47.15641403198242 11.681634902954102 0.999997615814209
  endloop
endfacet
facet normal 0.0 0.0 0.0
  outer loop
    vertex -47.91408920288086 11.478616714477539 6.999996662139893
    vertex -47.15641403198242 11.681634902954102 0.999997615814209
    vertex -47.15641403198242 11.681634902954102 6.999997138977051
  endloop
endfacet
facet normal 0.0 0.0 0.0
  outer loop
    vertex -47.15641403198242 11.681634902954102 6.999997138977051
    vertex -47.15641403198242 11.681634902954102 0.999997615814209
    vertex -46.374996185302734 11.75 0.999997615814209
  endloop
endfacet
facet normal 0.0 0.0 0.0
  outer loop
    vertex -47.15641403198242 11.681634902954102 6.999997138977051
    vertex -46.374996185302734 11.75 0.999997615814209
    vertex -46.374996185302734 11.75 6.999997138977051
  endloop
endfacet
facet normal 0.0 0.0 0.0
  outer loop
    vertex -50.87499237060547 -7.25 0.9999971389770508
    vertex -50.87499237060547 7.25 0.9999971389770508
    vertex -50.87499237060547 -7.25 6.999996662139893
  endloop
endfacet
facet normal 0.0 0.0 0.0
  outer loop
    vertex -50.87499237060547 -7.25 6.999996662139893
    vertex -50.87499237060547 7.25 0.9999971389770508
    vertex -50.87499237060547 7.25 6.999996662139893
  endloop
endfacet
facet normal 0.0 0.0 0.0
  outer loop
    vertex -46.374996185302734 -11.75 0.999997615814209
    vertex -47.15641403198242 -11.681634902954102 0.999997615814209
    vertex -46.374996185302734 -11.75 6.999997138977051
  endloop
endfacet
facet normal 0.0 0.0 0.0
  outer loop
    vertex -46.374996185302734 -11.75 6.999997138977051
    vertex -47.15641403198242 -11.681634902954102 0.999997615814209
    vertex -47.15641403198242 -11.681634902954102 6.999997138977051
  endloop
endfacet
facet normal 0.0 0.0 0.0
  outer loop
    vertex -47.15641403198242 -11.681634902954102 6.999997138977051
    vertex -47.15641403198242 -11.681634902954102 0.999997615814209
    vertex -47.91408920288086 -11.478616714477539 0.999997615814209
  endloop
endfacet
facet normal 0.0 0.0 0.0
  outer loop
    vertex -47.15641403198242 -11.681634902954102 6.999997138977051
    vertex -47.91408920288086 -11.478616714477539 0.999997615814209
    vertex -47.91408920288086 -11.478616714477539 6.999996662139893
  endloop
endfacet
facet normal 0.0 0.0 0.0
  outer loop
    vertex -47.91408920288086 -11.478616714477539 6.999996662139893
    vertex -47.91408920288086 -11.478616714477539 0.999997615814209
    vertex -48.62499237060547 -11.147114753723145 0.999997615814209
  endloop
endfacet
facet normal 0.0 0.0 0.0
  outer loop
    vertex -47.91408920288086 -11.478616714477539 6.999996662139893
    vertex -48.62499237060547 -11.147114753723145 0.999997615814209
    vertex -48.62499237060547 -11.147114753723145 6.999996662139893
  endloop
endfacet
facet normal 0.0 0.0 0.0
  outer loop
    vertex -48.62499237060547 -11.147114753723145 6.999996662139893
    vertex -48.62499237060547 -11.147114753723145 0.999997615814209
    vertex -49.26753616333008 -10.697199821472168 0.9999971389770508
  endloop
endfacet
facet normal 0.0 0.0 0.0
  outer loop
    vertex -48.62499237060547 -11.147114753723145 6.999996662139893
    vertex -49.26753616333008 -10.697199821472168 0.9999971389770508
    vertex -49.26753616333008 -10.697199821472168 6.999996662139893
  endloop
endfacet
facet normal 0.0 0.0 0.0
  outer loop
    vertex -49.26753616333008 -10.697199821472168 6.999996662139893
    vertex -49.26753616333008 -10.697199821472168 0.9999971389770508
    vertex -49.82219314575195 -10.14254379272461 0.9999971389770508
  endloop
endfacet
facet normal 0.0 0.0 0.0
  outer loop
    vertex -49.26753616333008 -10.697199821472168 6.999996662139893
    vertex -49.82219314575195 -10.14254379272461 0.9999971389770508
    vertex -49.82219314575195 -10.14254379272461 6.999996662139893
  endloop
endfacet
facet normal 0.0 0.0 0.0
  outer loop
    vertex -49.82219314575195 -10.14254379272461 6.999996662139893
    vertex -49.82219314575195 -10.14254379272461 0.9999971389770508
    vertex -50.2721061706543 -9.5 0.9999971389770508
  endloop
endfacet
facet normal 0.0 0.0 0.0
  outer loop
    vertex -49.82219314575195 -10.14254379272461 6.999996662139893
    vertex -50.2721061706543 -9.5 0.9999971389770508
    vertex -50.2721061706543 -9.5 6.999996662139893
  endloop
endfacet
facet normal 0.0 0.0 0.0
  outer loop
    vertex -50.2721061706543 -9.5 6.999996662139893
    vertex -50.2721061706543 -9.5 0.9999971389770508
    vertex -50.603607177734375 -8.789091110229492 0.9999971389770508
  endloop
endfacet
facet normal 0.0 0.0 0.0
  outer loop
    vertex -50.2721061706543 -9.5 6.999996662139893
    vertex -50.603607177734375 -8.789091110229492 0.9999971389770508
    vertex -50.603607177734375 -8.789091110229492 6.999996662139893
  endloop
endfacet
facet normal 0.0 0.0 0.0
  outer loop
    vertex -50.603607177734375 -8.789091110229492 6.999996662139893
    vertex -50.603607177734375 -8.789091110229492 0.9999971389770508
    vertex -50.80662536621094 -8.031416893005371 0.9999971389770508
  endloop
endfacet
facet normal 0.0 0.0 0.0
  outer loop
    vertex -50.603607177734375 -8.789091110229492 6.999996662139893
    vertex -50.80662536621094 -8.031416893005371 0.9999971389770508
    vertex -50.80662536621094 -8.031416893005371 6.999996662139893
  endloop
endfacet
facet normal 0.0 0.0 0.0
  outer loop
    vertex -50.80662536621094 -8.031416893005371 6.999996662139893
    vertex -50.80662536621094 -8.031416893005371 0.9999971389770508
    vertex -50.87499237060547 -7.25 0.9999971389770508
  endloop
endfacet
facet normal 0.0 0.0 0.0
  outer loop
    vertex -50.80662536621094 -8.031416893005371 6.999996662139893
    vertex -50.87499237060547 -7.25 0.9999971389770508
    vertex -50.87499237060547 -7.25 6.999996662139893
  endloop
endfacet
facet normal 0.0 0.0 0.0
  outer loop
    vertex -13.874998092651367 -11.75 1.0000004768371582
    vertex -46.374996185302734 -11.75 0.999997615814209
    vertex -13.874998092651367 -11.75 7.0
  endloop
endfacet
facet normal 0.0 0.0 0.0
  outer loop
    vertex -13.874998092651367 -11.75 7.0
    vertex -46.374996185302734 -11.75 0.999997615814209
    vertex -46.374996185302734 -11.75 6.999997138977051
  endloop
endfacet
facet normal 0.0 0.0 0.0
  outer loop
    vertex -13.874998092651367 -12.75 1.0000004768371582
    vertex -13.874998092651367 -11.75 1.0000004768371582
    vertex -13.874998092651367 -12.75 7.0
  endloop
endfacet
facet normal 0.0 0.0 0.0
  outer loop
    vertex -13.874998092651367 -12.75 7.0
    vertex -13.874998092651367 -11.75 1.0000004768371582
    vertex -13.874998092651367 -11.75 7.0
  endloop
endfacet
facet normal 0.0 0.0 0.0
  outer loop
    vertex -46.374996185302734 -12.75 0.999997615814209
    vertex -13.874998092651367 -12.75 1.0000004768371582
    vertex -46.374996185302734 -12.75 6.999997138977051
  endloop
endfacet
facet normal 0.0 0.0 0.0
  outer loop
    vertex -46.374996185302734 -12.75 6.999997138977051
    vertex -13.874998092651367 -12.75 1.0000004768371582
    vertex -13.874998092651367 -12.75 7.0
  endloop
endfacet
facet normal 0.0 0.0 0.0
  outer loop
    vertex -46.80366897583008 -12.733268737792969 0.999997615814209
    vertex -46.66093826293945 -12.742562294006348 0.999997615814209
    vertex -46.80366897583008 -12.733268737792969 5.999997138977051
  endloop
endfacet
facet normal 0.0 0.0 0.0
  outer loop
    vertex -46.80366897583008 -12.733268737792969 5.999997138977051
    vertex -46.66093826293945 -12.742562294006348 0.999997615814209
    vertex -46.51801681518555 -12.748140335083008 0.999997615814209
  endloop
endfacet
facet normal 0.0 0.0 0.0
  outer loop
    vertex -46.80366897583008 -12.733268737792969 5.999997138977051
    vertex -46.51801681518555 -12.748140335083008 0.999997615814209
    vertex -46.374996185302734 -12.75 6.999997138977051
  endloop
endfacet
facet normal 0.0 0.0 0.0
  outer loop
    vertex -46.374996185302734 -12.75 6.999997138977051
    vertex -46.51801681518555 -12.748140335083008 0.999997615814209
    vertex -46.374996185302734 -12.75 0.999997615814209
  endloop
endfacet
facet normal 0.0 0.0 0.0
  outer loop
    vertex -46.374996185302734 -12.75 6.999997138977051
    vertex -47.23538589477539 -12.682286262512207 6.999996662139893
    vertex -46.80366897583008 -12.733268737792969 5.999997138977051
  endloop
endfacet
facet normal 0.0 0.0 0.0
  outer loop
    vertex -46.80366897583008 -12.733268737792969 5.999997138977051
    vertex -47.23538589477539 -12.682286262512207 6.999996662139893
    vertex -47.67691421508789 -12.593688011169434 5.999997138977051
  endloop
endfacet
facet normal 0.0 0.0 0.0
  outer loop
    vertex -47.67691421508789 -12.593688011169434 5.999997138977051
    vertex -47.23538589477539 -12.682286262512207 6.999996662139893
    vertex -48.0745849609375 -12.48081111907959 6.999996662139893
  endloop
endfacet
facet normal 0.0 0.0 0.0
  outer loop
    vertex -47.67691421508789 -12.593688011169434 5.999997138977051
    vertex -48.0745849609375 -12.48081111907959 6.999996662139893
    vertex -48.516502380371094 -12.315958976745605 5.999996662139893
  endloop
endfacet
facet normal 0.0 0.0 0.0
  outer loop
    vertex -48.516502380371094 -12.315958976745605 5.999996662139893
    vertex -48.0745849609375 -12.48081111907959 6.999996662139893
    vertex -48.87194061279297 -12.150535583496094 6.999996662139893
  endloop
endfacet
facet normal 0.0 0.0 0.0
  outer loop
    vertex -48.516502380371094 -12.315958976745605 5.999996662139893
    vertex -48.87194061279297 -12.150535583496094 6.999996662139893
    vertex -49.30072784423828 -11.90726089477539 5.999996662139893
  endloop
endfacet
facet normal 0.0 0.0 0.0
  outer loop
    vertex -49.30072784423828 -11.90726089477539 5.999996662139893
    vertex -48.87194061279297 -12.150535583496094 6.999996662139893
    vertex -49.607810974121094 -11.699593544006348 6.999996662139893
  endloop
endfacet
facet normal 0.0 0.0 0.0
  outer loop
    vertex -49.30072784423828 -11.90726089477539 5.999996662139893
    vertex -49.607810974121094 -11.699593544006348 6.999996662139893
    vertex -50.009315490722656 -11.37816047668457 5.999996662139893
  endloop
endfacet
facet normal 0.0 0.0 0.0
  outer loop
    vertex -50.009315490722656 -11.37816047668457 5.999996662139893
    vertex -49.607810974121094 -11.699593544006348 6.999996662139893
    vertex -50.26408004760742 -11.139087677001953 6.999996662139893
  endloop
endfacet
facet normal 0.0 0.0 0.0
  outer loop
    vertex -50.009315490722656 -11.37816047668457 5.999996662139893
    vertex -50.26408004760742 -11.139087677001953 6.999996662139893
    vertex -50.62394332885742 -10.74233627319336 5.999996662139893
  endloop
endfacet
facet normal 0.0 0.0 0.0
  outer loop
    vertex -50.62394332885742 -10.74233627319336 5.999996662139893
    vertex -50.26408004760742 -11.139087677001953 6.999996662139893
    vertex -50.8245849609375 -10.482818603515625 6.999996662139893
  endloop
endfacet
facet normal 0.0 0.0 0.0
  outer loop
    vertex -50.62394332885742 -10.74233627319336 5.999996662139893
    vertex -50.8245849609375 -10.482818603515625 6.999996662139893
    vertex -51.128726959228516 -10.016225814819336 5.999996662139893
  endloop
endfacet
facet normal 0.0 0.0 0.0
  outer loop
    vertex -51.128726959228516 -10.016225814819336 5.999996662139893
    vertex -50.8245849609375 -10.482818603515625 6.999996662139893
    vertex -51.27552795410156 -9.746947288513184 6.999996185302734
  endloop
endfacet
facet normal 0.0 0.0 0.0
  outer loop
    vertex -51.128726959228516 -10.016225814819336 5.999996662139893
    vertex -51.27552795410156 -9.746947288513184 6.999996185302734
    vertex -51.51061248779297 -9.21860122680664 5.999996662139893
  endloop
endfacet
facet normal 0.0 0.0 0.0
  outer loop
    vertex -51.51061248779297 -9.21860122680664 5.999996662139893
    vertex -51.27552795410156 -9.746947288513184 6.999996185302734
    vertex -51.605804443359375 -8.949593544006348 6.999996185302734
  endloop
endfacet
facet normal 0.0 0.0 0.0
  outer loop
    vertex -51.51061248779297 -9.21860122680664 5.999996662139893
    vertex -51.605804443359375 -8.949593544006348 6.999996185302734
    vertex -51.75973129272461 -8.37008285522461 5.999996662139893
  endloop
endfacet
facet normal 0.0 0.0 0.0
  outer loop
    vertex -51.75973129272461 -8.37008285522461 5.999996662139893
    vertex -51.605804443359375 -8.949593544006348 6.999996185302734
    vertex -51.80727767944336 -8.110389709472656 6.999996185302734
  endloop
endfacet
facet normal 0.0 0.0 0.0
  outer loop
    vertex -51.75973129272461 -8.37008285522461 5.999996662139893
    vertex -51.80727767944336 -8.110389709472656 6.999996185302734
    vertex -51.8696403503418 -7.492607116699219 5.999996662139893
  endloop
endfacet
facet normal 0.0 0.0 0.0
  outer loop
    vertex -51.8696403503418 -7.492607116699219 5.999996662139893
    vertex -51.80727767944336 -8.110389709472656 6.999996185302734
    vertex -51.87499237060547 -7.25 6.999996185302734
  endloop
endfacet
facet normal 0.0 0.0 0.0
  outer loop
    vertex -51.8696403503418 -7.492607116699219 5.999996662139893
    vertex -51.87499237060547 -7.25 6.999996185302734
    vertex -51.87439727783203 -7.330892086029053 0.9999971389770508
  endloop
endfacet
facet normal 0.0 0.0 0.0
  outer loop
    vertex -51.87439727783203 -7.330892086029053 0.9999971389770508
    vertex -51.87499237060547 -7.25 6.999996185302734
    vertex -51.87499237060547 -7.25 0.9999971389770508
  endloop
endfacet
facet normal 0.0 0.0 0.0
  outer loop
    vertex -51.87439727783203 -7.330892086029053 0.9999971389770508
    vertex -51.87261199951172 -7.41176700592041 0.9999971389770508
    vertex -51.8696403503418 -7.492607116699219 5.999996662139893
  endloop
endfacet
facet normal 0.0 0.0 0.0
  outer loop
    vertex -51.8696403503418 -7.492607116699219 5.999996662139893
    vertex -51.87261199951172 -7.41176700592041 0.9999971389770508
    vertex -51.8696403503418 -7.492607116699219 0.9999971389770508
  endloop
endfacet
facet normal 0.0 0.0 0.0
  outer loop
    vertex -51.87499237060547 7.25 0.9999971389770508
    vertex -51.87499237060547 -7.25 0.9999971389770508
    vertex -51.87499237060547 7.25 6.999996185302734
  endloop
endfacet
facet normal 0.0 0.0 0.0
  outer loop
    vertex -51.87499237060547 7.25 6.999996185302734
    vertex -51.87499237060547 -7.25 0.9999971389770508
    vertex -51.87499237060547 -7.25 6.999996185302734
  endloop
endfacet
facet normal 0.0 0.0 0.0
  outer loop
    vertex -51.87499237060547 -7.25 6.999996185302734
    vertex -50.87499237060547 -7.25 6.999996662139893
    vertex -51.87499237060547 7.25 6.999996185302734
  endloop
endfacet
facet normal 0.0 0.0 0.0
  outer loop
    vertex -51.87499237060547 7.25 6.999996185302734
    vertex -50.87499237060547 -7.25 6.999996662139893
    vertex -50.87499237060547 7.25 6.999996662139893
  endloop
endfacet
facet normal 0.0 0.0 0.0
  outer loop
    vertex -51.87499237060547 7.25 6.999996185302734
    vertex -50.87499237060547 7.25 6.999996662139893
    vertex -51.80727767944336 8.110389709472656 6.999996185302734
  endloop
endfacet
facet normal 0.0 0.0 0.0
  outer loop
    vertex -51.80727767944336 8.110389709472656 6.999996185302734
    vertex -50.87499237060547 7.25 6.999996662139893
    vertex -50.80662536621094 8.031416893005371 6.999996662139893
  endloop
endfacet
facet normal 0.0 0.0 0.0
  outer loop
    vertex -51.80727767944336 8.110389709472656 6.999996185302734
    vertex -50.80662536621094 8.031416893005371 6.999996662139893
    vertex -51.605804443359375 8.949593544006348 6.999996185302734
  endloop
endfacet
facet normal 0.0 0.0 0.0
  outer loop
    vertex -51.605804443359375 8.949593544006348 6.999996185302734
    vertex -50.80662536621094 8.031416893005371 6.999996662139893
    vertex -50.603607177734375 8.789091110229492 6.999996662139893
  endloop
endfacet
facet normal 0.0 0.0 0.0
  outer loop
    vertex -51.605804443359375 8.949593544006348 6.999996185302734
    vertex -50.603607177734375 8.789091110229492 6.999996662139893
    vertex -51.27552795410156 9.746947288513184 6.999996185302734
  endloop
endfacet
facet normal 0.0 0.0 0.0
  outer loop
    vertex -51.27552795410156 9.746947288513184 6.999996185302734
    vertex -50.603607177734375 8.789091110229492 6.999996662139893
    vertex -50.2721061706543 9.5 6.999996662139893
  endloop
endfacet
facet normal 0.0 0.0 0.0
  outer loop
    vertex -51.27552795410156 9.746947288513184 6.999996185302734
    vertex -50.2721061706543 9.5 6.999996662139893
    vertex -50.8245849609375 10.482818603515625 6.999996662139893
  endloop
endfacet
facet normal 0.0 0.0 0.0
  outer loop
    vertex -50.8245849609375 10.482818603515625 6.999996662139893
    vertex -50.2721061706543 9.5 6.999996662139893
    vertex -49.82219314575195 10.14254379272461 6.999996662139893
  endloop
endfacet
facet normal 0.0 0.0 0.0
  outer loop
    vertex -50.8245849609375 10.482818603515625 6.999996662139893
    vertex -49.82219314575195 10.14254379272461 6.999996662139893
    vertex -50.26408004760742 11.139087677001953 6.999996662139893
  endloop
endfacet
facet normal 0.0 0.0 0.0
  outer loop
    vertex -50.26408004760742 11.139087677001953 6.999996662139893
    vertex -49.82219314575195 10.14254379272461 6.999996662139893
    vertex -49.26753616333008 10.697199821472168 6.999996662139893
  endloop
endfacet
facet normal 0.0 0.0 0.0
  outer loop
    vertex -50.26408004760742 11.139087677001953 6.999996662139893
    vertex -49.26753616333008 10.697199821472168 6.999996662139893
    vertex -49.607810974121094 11.699593544006348 6.999996662139893
  endloop
endfacet
facet normal 0.0 0.0 0.0
  outer loop
    vertex -49.607810974121094 11.699593544006348 6.999996662139893
    vertex -49.26753616333008 10.697199821472168 6.999996662139893
    vertex -48.62499237060547 11.147114753723145 6.999996662139893
  endloop
endfacet
facet normal 0.0 0.0 0.0
  outer loop
    vertex -49.607810974121094 11.699593544006348 6.999996662139893
    vertex -48.62499237060547 11.147114753723145 6.999996662139893
    vertex -48.87194061279297 12.150535583496094 6.999996662139893
  endloop
endfacet
facet normal 0.0 0.0 0.0
  outer loop
    vertex -48.87194061279297 12.150535583496094 6.999996662139893
    vertex -48.62499237060547 11.147114753723145 6.999996662139893
    vertex -47.91408920288086 11.478616714477539 6.999996662139893
  endloop
endfacet
facet normal 0.0 0.0 0.0
  outer loop
    vertex -48.87194061279297 12.150535583496094 6.999996662139893
    vertex -47.91408920288086 11.478616714477539 6.999996662139893
    vertex -48.0745849609375 12.48081111907959 6.999996662139893
  endloop
endfacet
facet normal 0.0 0.0 0.0
  outer loop
    vertex -48.0745849609375 12.48081111907959 6.999996662139893
    vertex -47.91408920288086 11.478616714477539 6.999996662139893
    vertex -47.15641403198242 11.681634902954102 6.999997138977051
  endloop
endfacet
facet normal 0.0 0.0 0.0
  outer loop
    vertex -48.0745849609375 12.48081111907959 6.999996662139893
    vertex -47.15641403198242 11.681634902954102 6.999997138977051
    vertex -47.23538589477539 12.682286262512207 6.999996662139893
  endloop
endfacet
facet normal 0.0 0.0 0.0
  outer loop
    vertex -47.23538589477539 12.682286262512207 6.999996662139893
    vertex -47.15641403198242 11.681634902954102 6.999997138977051
    vertex -46.374996185302734 11.75 6.999997138977051
  endloop
endfacet
facet normal 0.0 0.0 0.0
  outer loop
    vertex -47.23538589477539 12.682286262512207 6.999996662139893
    vertex -46.374996185302734 11.75 6.999997138977051
    vertex -46.374996185302734 12.75 6.999997138977051
  endloop
endfacet
facet normal 0.0 0.0 0.0
  outer loop
    vertex -46.374996185302734 12.75 6.999997138977051
    vertex -46.374996185302734 11.75 6.999997138977051
    vertex -13.874998092651367 11.75 7.0
  endloop
endfacet
facet normal 0.0 0.0 0.0
  outer loop
    vertex -46.374996185302734 12.75 6.999997138977051
    vertex -13.874998092651367 11.75 7.0
    vertex -13.874998092651367 12.75 7.0
  endloop
endfacet
facet normal 0.0 0.0 0.0
  outer loop
    vertex -51.87499237060547 -7.25 6.999996185302734
    vertex -51.80727767944336 -8.110389709472656 6.999996185302734
    vertex -50.87499237060547 -7.25 6.999996662139893
  endloop
endfacet
facet normal 0.0 0.0 0.0
  outer loop
    vertex -50.87499237060547 -7.25 6.999996662139893
    vertex -51.80727767944336 -8.110389709472656 6.999996185302734
    vertex -50.80662536621094 -8.031416893005371 6.999996662139893
  endloop
endfacet
facet normal 0.0 0.0 0.0
  outer loop
    vertex -50.80662536621094 -8.031416893005371 6.999996662139893
    vertex -51.80727767944336 -8.110389709472656 6.999996185302734
    vertex -51.605804443359375 -8.949593544006348 6.999996185302734
  endloop
endfacet
facet normal 0.0 0.0 0.0
  outer loop
    vertex -50.80662536621094 -8.031416893005371 6.999996662139893
    vertex -51.605804443359375 -8.949593544006348 6.999996185302734
    vertex -50.603607177734375 -8.789091110229492 6.999996662139893
  endloop
endfacet
facet normal 0.0 0.0 0.0
  outer loop
    vertex -50.603607177734375 -8.789091110229492 6.999996662139893
    vertex -51.605804443359375 -8.949593544006348 6.999996185302734
    vertex -51.27552795410156 -9.746947288513184 6.999996185302734
  endloop
endfacet
facet normal 0.0 0.0 0.0
  outer loop
    vertex -50.603607177734375 -8.789091110229492 6.999996662139893
    vertex -51.27552795410156 -9.746947288513184 6.999996185302734
    vertex -50.2721061706543 -9.5 6.999996662139893
  endloop
endfacet
facet normal 0.0 0.0 0.0
  outer loop
    vertex -50.2721061706543 -9.5 6.999996662139893
    vertex -51.27552795410156 -9.746947288513184 6.999996185302734
    vertex -50.8245849609375 -10.482818603515625 6.999996662139893
  endloop
endfacet
facet normal 0.0 0.0 0.0
  outer loop
    vertex -50.2721061706543 -9.5 6.999996662139893
    vertex -50.8245849609375 -10.482818603515625 6.999996662139893
    vertex -49.82219314575195 -10.14254379272461 6.999996662139893
  endloop
endfacet
facet normal 0.0 0.0 0.0
  outer loop
    vertex -49.82219314575195 -10.14254379272461 6.999996662139893
    vertex -50.8245849609375 -10.482818603515625 6.999996662139893
    vertex -50.26408004760742 -11.139087677001953 6.999996662139893
  endloop
endfacet
facet normal 0.0 0.0 0.0
  outer loop
    vertex -49.82219314575195 -10.14254379272461 6.999996662139893
    vertex -50.26408004760742 -11.139087677001953 6.999996662139893
    vertex -49.26753616333008 -10.697199821472168 6.999996662139893
  endloop
endfacet
facet normal 0.0 0.0 0.0
  outer loop
    vertex -49.26753616333008 -10.697199821472168 6.999996662139893
    vertex -50.26408004760742 -11.139087677001953 6.999996662139893
    vertex -49.607810974121094 -11.699593544006348 6.999996662139893
  endloop
endfacet
facet normal 0.0 0.0 0.0
  outer loop
    vertex -49.26753616333008 -10.697199821472168 6.999996662139893
    vertex -49.607810974121094 -11.699593544006348 6.999996662139893
    vertex -48.62499237060547 -11.147114753723145 6.999996662139893
  endloop
endfacet
facet normal 0.0 0.0 0.0
  outer loop
    vertex -48.62499237060547 -11.147114753723145 6.999996662139893
    vertex -49.607810974121094 -11.699593544006348 6.999996662139893
    vertex -48.87194061279297 -12.150535583496094 6.999996662139893
  endloop
endfacet
facet normal 0.0 0.0 0.0
  outer loop
    vertex -48.62499237060547 -11.147114753723145 6.999996662139893
    vertex -48.87194061279297 -12.150535583496094 6.999996662139893
    vertex -47.91408920288086 -11.478616714477539 6.999996662139893
  endloop
endfacet
facet normal 0.0 0.0 0.0
  outer loop
    vertex -47.91408920288086 -11.478616714477539 6.999996662139893
    vertex -48.87194061279297 -12.150535583496094 6.999996662139893
    vertex -48.0745849609375 -12.48081111907959 6.999996662139893
  endloop
endfacet
facet normal 0.0 0.0 0.0
  outer loop
    vertex -47.91408920288086 -11.478616714477539 6.999996662139893
    vertex -48.0745849609375 -12.48081111907959 6.999996662139893
    vertex -47.15641403198242 -11.681634902954102 6.999997138977051
  endloop
endfacet
facet normal 0.0 0.0 0.0
  outer loop
    vertex -47.15641403198242 -11.681634902954102 6.999997138977051
    vertex -48.0745849609375 -12.48081111907959 6.999996662139893
    vertex -47.23538589477539 -12.682286262512207 6.999996662139893
  endloop
endfacet
facet normal 0.0 0.0 0.0
  outer loop
    vertex -47.15641403198242 -11.681634902954102 6.999997138977051
    vertex -47.23538589477539 -12.682286262512207 6.999996662139893
    vertex -46.374996185302734 -11.75 6.999997138977051
  endloop
endfacet
facet normal 0.0 0.0 0.0
  outer loop
    vertex -46.374996185302734 -11.75 6.999997138977051
    vertex -47.23538589477539 -12.682286262512207 6.999996662139893
    vertex -46.374996185302734 -12.75 6.999997138977051
  endloop
endfacet
facet normal 0.0 0.0 0.0
  outer loop
    vertex -46.374996185302734 -11.75 6.999997138977051
    vertex -46.374996185302734 -12.75 6.999997138977051
    vertex -13.874998092651367 -12.75 7.0
  endloop
endfacet
facet normal 0.0 0.0 0.0
  outer loop
    vertex -13.874998092651367 -12.75 7.0
    vertex -13.874998092651367 -11.75 7.0
    vertex -46.374996185302734 -11.75 6.999997138977051
  endloop
endfacet
facet normal 0.0 0.0 0.0
  outer loop
    vertex -25.447641372680664 -0.5982891321182251 -4.76837158203125e-07
    vertex -25.447641372680664 -0.5982891321182251 0.9999995231628418
    vertex -25.374996185302734 -0.0 -4.76837158203125e-07
  endloop
endfacet
facet normal 0.0 0.0 0.0
  outer loop
    vertex -25.374996185302734 -0.0 -4.76837158203125e-07
    vertex -25.447641372680664 -0.5982891321182251 0.9999995231628418
    vertex -25.374996185302734 1.9977883512901473e-16 0.9999995231628418
  endloop
endfacet
facet normal 0.0 0.0 0.0
  outer loop
    vertex -25.374996185302734 -0.0 -4.76837158203125e-07
    vertex -25.374996185302734 1.9977883512901473e-16 0.9999995231628418
    vertex -25.447641372680664 0.5982891321182251 -4.76837158203125e-07
  endloop
endfacet
facet normal 0.0 0.0 0.0
  outer loop
    vertex -25.447641372680664 0.5982891321182251 -4.76837158203125e-07
    vertex -25.374996185302734 1.9977883512901473e-16 0.9999995231628418
    vertex -25.447641372680664 0.5982891321182251 0.9999995231628418
  endloop
endfacet
facet normal 0.0 0.0 0.0
  outer loop
    vertex -25.447641372680664 0.5982891321182251 -4.76837158203125e-07
    vertex -25.447641372680664 0.5982891321182251 0.9999995231628418
    vertex -25.66135597229004 1.161807894706726 -4.76837158203125e-07
  endloop
endfacet
facet normal 0.0 0.0 0.0
  outer loop
    vertex -25.66135597229004 1.161807894706726 -4.76837158203125e-07
    vertex -25.447641372680664 0.5982891321182251 0.9999995231628418
    vertex -25.66135597229004 1.161807894706726 0.9999995231628418
  endloop
endfacet
facet normal 0.0 0.0 0.0
  outer loop
    vertex -25.66135597229004 1.161807894706726 -4.76837158203125e-07
    vertex -25.66135597229004 1.161807894706726 0.9999995231628418
    vertex -26.003719329833984 1.657806634902954 -4.76837158203125e-07
  endloop
endfacet
facet normal 0.0 0.0 0.0
  outer loop
    vertex -26.003719329833984 1.657806634902954 -4.76837158203125e-07
    vertex -25.66135597229004 1.161807894706726 0.9999995231628418
    vertex -26.003719329833984 1.657806634902954 0.9999995231628418
  endloop
endfacet
facet normal 0.0 0.0 0.0
  outer loop
    vertex -26.003719329833984 1.657806634902954 -4.76837158203125e-07
    vertex -26.003719329833984 1.657806634902954 0.9999995231628418
    vertex -26.454833984375 2.057459592819214 -4.76837158203125e-07
  endloop
endfacet
facet normal 0.0 0.0 0.0
  outer loop
    vertex -26.454833984375 2.057459592819214 -4.76837158203125e-07
    vertex -26.003719329833984 1.657806634902954 0.9999995231628418
    vertex -26.454833984375 2.057459592819214 0.9999995231628418
  endloop
endfacet
facet normal 0.0 0.0 0.0
  outer loop
    vertex -26.454833984375 2.057459592819214 -4.76837158203125e-07
    vertex -26.454833984375 2.057459592819214 0.9999995231628418
    vertex -26.988483428955078 2.337540626525879 -4.76837158203125e-07
  endloop
endfacet
facet normal 0.0 0.0 0.0
  outer loop
    vertex -26.988483428955078 2.337540626525879 -4.76837158203125e-07
    vertex -26.454833984375 2.057459592819214 0.9999995231628418
    vertex -26.988483428955078 2.337540626525879 0.9999995231628418
  endloop
endfacet
facet normal 0.0 0.0 0.0
  outer loop
    vertex -26.988483428955078 2.337540626525879 -4.76837158203125e-07
    vertex -26.988483428955078 2.337540626525879 0.9999995231628418
    vertex -27.573654174804688 2.4817721843719482 -4.76837158203125e-07
  endloop
endfacet
facet normal 0.0 0.0 0.0
  outer loop
    vertex -27.573654174804688 2.4817721843719482 -4.76837158203125e-07
    vertex -26.988483428955078 2.337540626525879 0.9999995231628418
    vertex -27.573654174804688 2.4817721843719482 0.9999995231628418
  endloop
endfacet
facet normal 0.0 0.0 0.0
  outer loop
    vertex -27.573654174804688 2.4817721843719482 -4.76837158203125e-07
    vertex -27.573654174804688 2.4817721843719482 0.9999995231628418
    vertex -28.17633819580078 2.4817721843719482 -4.76837158203125e-07
  endloop
endfacet
facet normal 0.0 0.0 0.0
  outer loop
    vertex -28.17633819580078 2.4817721843719482 -4.76837158203125e-07
    vertex -27.573654174804688 2.4817721843719482 0.9999995231628418
    vertex -28.17633819580078 2.4817721843719482 0.9999995231628418
  endloop
endfacet
facet normal 0.0 0.0 0.0
  outer loop
    vertex -28.17633819580078 2.4817721843719482 -4.76837158203125e-07
    vertex -28.17633819580078 2.4817721843719482 0.9999995231628418
    vertex -28.76150894165039 2.337540626525879 -9.5367431640625e-07
  endloop
endfacet
facet normal 0.0 0.0 0.0
  outer loop
    vertex -28.76150894165039 2.337540626525879 -9.5367431640625e-07
    vertex -28.17633819580078 2.4817721843719482 0.9999995231628418
    vertex -28.76150894165039 2.337540626525879 0.9999990463256836
  endloop
endfacet
facet normal 0.0 0.0 0.0
  outer loop
    vertex -28.76150894165039 2.337540626525879 -9.5367431640625e-07
    vertex -28.76150894165039 2.337540626525879 0.9999990463256836
    vertex -29.29515838623047 2.057459592819214 -9.5367431640625e-07
  endloop
endfacet
facet normal 0.0 0.0 0.0
  outer loop
    vertex -29.29515838623047 2.057459592819214 -9.5367431640625e-07
    vertex -28.76150894165039 2.337540626525879 0.9999990463256836
    vertex -29.29515838623047 2.057459592819214 0.9999990463256836
  endloop
endfacet
facet normal 0.0 0.0 0.0
  outer loop
    vertex -29.29515838623047 2.057459592819214 -9.5367431640625e-07
    vertex -29.29515838623047 2.057459592819214 0.9999990463256836
    vertex -29.746273040771484 1.657806634902954 -9.5367431640625e-07
  endloop
endfacet
facet normal 0.0 0.0 0.0
  outer loop
    vertex -29.746273040771484 1.657806634902954 -9.5367431640625e-07
    vertex -29.29515838623047 2.057459592819214 0.9999990463256836
    vertex -29.746273040771484 1.657806634902954 0.9999990463256836
  endloop
endfacet
facet normal 0.0 0.0 0.0
  outer loop
    vertex -29.746273040771484 1.657806634902954 -9.5367431640625e-07
    vertex -29.746273040771484 1.657806634902954 0.9999990463256836
    vertex -30.08863639831543 1.161807894706726 -9.5367431640625e-07
  endloop
endfacet
facet normal 0.0 0.0 0.0
  outer loop
    vertex -30.08863639831543 1.161807894706726 -9.5367431640625e-07
    vertex -29.746273040771484 1.657806634902954 0.9999990463256836
    vertex -30.08863639831543 1.161807894706726 0.9999990463256836
  endloop
endfacet
facet normal 0.0 0.0 0.0
  outer loop
    vertex -30.08863639831543 1.161807894706726 -9.5367431640625e-07
    vertex -30.08863639831543 1.161807894706726 0.9999990463256836
    vertex -30.302350997924805 0.5982891321182251 -9.5367431640625e-07
  endloop
endfacet
facet normal 0.0 0.0 0.0
  outer loop
    vertex -30.302350997924805 0.5982891321182251 -9.5367431640625e-07
    vertex -30.08863639831543 1.161807894706726 0.9999990463256836
    vertex -30.302350997924805 0.5982891321182251 0.9999990463256836
  endloop
endfacet
facet normal 0.0 0.0 0.0
  outer loop
    vertex -30.302350997924805 0.5982891321182251 -9.5367431640625e-07
    vertex -30.302350997924805 0.5982891321182251 0.9999990463256836
    vertex -30.374996185302734 5.059405085706373e-16 -9.5367431640625e-07
  endloop
endfacet
facet normal 0.0 0.0 0.0
  outer loop
    vertex -30.374996185302734 5.059405085706373e-16 -9.5367431640625e-07
    vertex -30.302350997924805 0.5982891321182251 0.9999990463256836
    vertex -30.374996185302734 5.059405085706373e-16 0.9999990463256836
  endloop
endfacet
facet normal 0.0 0.0 0.0
  outer loop
    vertex -30.374996185302734 5.059405085706373e-16 -9.5367431640625e-07
    vertex -30.374996185302734 5.059405085706373e-16 0.9999990463256836
    vertex -30.302350997924805 -0.5982891321182251 -9.5367431640625e-07
  endloop
endfacet
facet normal 0.0 0.0 0.0
  outer loop
    vertex -30.302350997924805 -0.5982891321182251 -9.5367431640625e-07
    vertex -30.374996185302734 5.059405085706373e-16 0.9999990463256836
    vertex -30.302350997924805 -0.5982891321182251 0.9999990463256836
  endloop
endfacet
facet normal 0.0 0.0 0.0
  outer loop
    vertex -30.302350997924805 -0.5982891321182251 -9.5367431640625e-07
    vertex -30.302350997924805 -0.5982891321182251 0.9999990463256836
    vertex -30.08863639831543 -1.161807894706726 -9.5367431640625e-07
  endloop
endfacet
facet normal 0.0 0.0 0.0
  outer loop
    vertex -30.08863639831543 -1.161807894706726 -9.5367431640625e-07
    vertex -30.302350997924805 -0.5982891321182251 0.9999990463256836
    vertex -30.08863639831543 -1.161807894706726 0.9999990463256836
  endloop
endfacet
facet normal 0.0 0.0 0.0
  outer loop
    vertex -30.08863639831543 -1.161807894706726 -9.5367431640625e-07
    vertex -30.08863639831543 -1.161807894706726 0.9999990463256836
    vertex -29.746273040771484 -1.657806634902954 -9.5367431640625e-07
  endloop
endfacet
facet normal 0.0 0.0 0.0
  outer loop
    vertex -29.746273040771484 -1.657806634902954 -9.5367431640625e-07
    vertex -30.08863639831543 -1.161807894706726 0.9999990463256836
    vertex -29.746273040771484 -1.657806634902954 0.9999990463256836
  endloop
endfacet
facet normal 0.0 0.0 0.0
  outer loop
    vertex -29.746273040771484 -1.657806634902954 -9.5367431640625e-07
    vertex -29.746273040771484 -1.657806634902954 0.9999990463256836
    vertex -29.29515838623047 -2.057459592819214 -9.5367431640625e-07
  endloop
endfacet
facet normal 0.0 0.0 0.0
  outer loop
    vertex -29.29515838623047 -2.057459592819214 -9.5367431640625e-07
    vertex -29.746273040771484 -1.657806634902954 0.9999990463256836
    vertex -29.29515838623047 -2.057459592819214 0.9999990463256836
  endloop
endfacet
facet normal 0.0 0.0 0.0
  outer loop
    vertex -29.29515838623047 -2.057459592819214 -9.5367431640625e-07
    vertex -29.29515838623047 -2.057459592819214 0.9999990463256836
    vertex -28.76150894165039 -2.337540626525879 -9.5367431640625e-07
  endloop
endfacet
facet normal 0.0 0.0 0.0
  outer loop
    vertex -28.76150894165039 -2.337540626525879 -9.5367431640625e-07
    vertex -29.29515838623047 -2.057459592819214 0.9999990463256836
    vertex -28.76150894165039 -2.337540626525879 0.9999990463256836
  endloop
endfacet
facet normal 0.0 0.0 0.0
  outer loop
    vertex -28.76150894165039 -2.337540626525879 -9.5367431640625e-07
    vertex -28.76150894165039 -2.337540626525879 0.9999990463256836
    vertex -28.17633819580078 -2.4817721843719482 -4.76837158203125e-07
  endloop
endfacet
facet normal 0.0 0.0 0.0
  outer loop
    vertex -28.17633819580078 -2.4817721843719482 -4.76837158203125e-07
    vertex -28.76150894165039 -2.337540626525879 0.9999990463256836
    vertex -28.17633819580078 -2.4817721843719482 0.9999995231628418
  endloop
endfacet
facet normal 0.0 0.0 0.0
  outer loop
    vertex -28.17633819580078 -2.4817721843719482 -4.76837158203125e-07
    vertex -28.17633819580078 -2.4817721843719482 0.9999995231628418
    vertex -27.573654174804688 -2.4817721843719482 -4.76837158203125e-07
  endloop
endfacet
facet normal 0.0 0.0 0.0
  outer loop
    vertex -27.573654174804688 -2.4817721843719482 -4.76837158203125e-07
    vertex -28.17633819580078 -2.4817721843719482 0.9999995231628418
    vertex -27.573654174804688 -2.4817721843719482 0.9999995231628418
  endloop
endfacet
facet normal 0.0 0.0 0.0
  outer loop
    vertex -27.573654174804688 -2.4817721843719482 -4.76837158203125e-07
    vertex -27.573654174804688 -2.4817721843719482 0.9999995231628418
    vertex -26.988483428955078 -2.337540626525879 -4.76837158203125e-07
  endloop
endfacet
facet normal 0.0 0.0 0.0
  outer loop
    vertex -26.988483428955078 -2.337540626525879 -4.76837158203125e-07
    vertex -27.573654174804688 -2.4817721843719482 0.9999995231628418
    vertex -26.988483428955078 -2.337540626525879 0.9999995231628418
  endloop
endfacet
facet normal 0.0 0.0 0.0
  outer loop
    vertex -26.988483428955078 -2.337540626525879 -4.76837158203125e-07
    vertex -26.988483428955078 -2.337540626525879 0.9999995231628418
    vertex -26.454833984375 -2.057459592819214 -4.76837158203125e-07
  endloop
endfacet
facet normal 0.0 0.0 0.0
  outer loop
    vertex -26.454833984375 -2.057459592819214 -4.76837158203125e-07
    vertex -26.988483428955078 -2.337540626525879 0.9999995231628418
    vertex -26.454833984375 -2.057459592819214 0.9999995231628418
  endloop
endfacet
facet normal 0.0 0.0 0.0
  outer loop
    vertex -26.454833984375 -2.057459592819214 -4.76837158203125e-07
    vertex -26.454833984375 -2.057459592819214 0.9999995231628418
    vertex -26.003719329833984 -1.657806634902954 -4.76837158203125e-07
  endloop
endfacet
facet normal 0.0 0.0 0.0
  outer loop
    vertex -26.003719329833984 -1.657806634902954 -4.76837158203125e-07
    vertex -26.454833984375 -2.057459592819214 0.9999995231628418
    vertex -26.003719329833984 -1.657806634902954 0.9999995231628418
  endloop
endfacet
facet normal 0.0 0.0 0.0
  outer loop
    vertex -26.003719329833984 -1.657806634902954 -4.76837158203125e-07
    vertex -26.003719329833984 -1.657806634902954 0.9999995231628418
    vertex -25.66135597229004 -1.161807894706726 -4.76837158203125e-07
  endloop
endfacet
facet normal 0.0 0.0 0.0
  outer loop
    vertex -25.66135597229004 -1.161807894706726 -4.76837158203125e-07
    vertex -26.003719329833984 -1.657806634902954 0.9999995231628418
    vertex -25.66135597229004 -1.161807894706726 0.9999995231628418
  endloop
endfacet
facet normal 0.0 0.0 0.0
  outer loop
    vertex -25.66135597229004 -1.161807894706726 -4.76837158203125e-07
    vertex -25.66135597229004 -1.161807894706726 0.9999995231628418
    vertex -25.447641372680664 -0.5982891321182251 -4.76837158203125e-07
  endloop
endfacet
facet normal 0.0 0.0 0.0
  outer loop
    vertex -25.447641372680664 -0.5982891321182251 -4.76837158203125e-07
    vertex -25.66135597229004 -1.161807894706726 0.9999995231628418
    vertex -25.447641372680664 -0.5982891321182251 0.9999995231628418
  endloop
endfacet
facet normal 0.0 0.0 0.0
  outer loop
    vertex -16.943145751953125 -9.267638206481934 4.76837158203125e-07
    vertex -16.943145751953125 -9.267638206481934 1.0000004768371582
    vertex -16.874998092651367 -8.75 4.76837158203125e-07
  endloop
endfacet
facet normal 0.0 0.0 0.0
  outer loop
    vertex -16.874998092651367 -8.75 4.76837158203125e-07
    vertex -16.943145751953125 -9.267638206481934 1.0000004768371582
    vertex -16.874998092651367 -8.75 1.0000004768371582
  endloop
endfacet
facet normal 0.0 0.0 0.0
  outer loop
    vertex -16.874998092651367 -8.75 4.76837158203125e-07
    vertex -16.874998092651367 -8.75 1.0000004768371582
    vertex -16.943145751953125 -8.232361793518066 4.76837158203125e-07
  endloop
endfacet
facet normal 0.0 0.0 0.0
  outer loop
    vertex -16.943145751953125 -8.232361793518066 4.76837158203125e-07
    vertex -16.874998092651367 -8.75 1.0000004768371582
    vertex -16.943145751953125 -8.232361793518066 1.0000004768371582
  endloop
endfacet
facet normal 0.0 0.0 0.0
  outer loop
    vertex -16.943145751953125 -8.232361793518066 4.76837158203125e-07
    vertex -16.943145751953125 -8.232361793518066 1.0000004768371582
    vertex -17.142948150634766 -7.75 4.76837158203125e-07
  endloop
endfacet
facet normal 0.0 0.0 0.0
  outer loop
    vertex -17.142948150634766 -7.75 4.76837158203125e-07
    vertex -16.943145751953125 -8.232361793518066 1.0000004768371582
    vertex -17.142948150634766 -7.75 1.0000004768371582
  endloop
endfacet
facet normal 0.0 0.0 0.0
  outer loop
    vertex -17.142948150634766 -7.75 4.76837158203125e-07
    vertex -17.142948150634766 -7.75 1.0000004768371582
    vertex -17.460784912109375 -7.33578634262085 4.76837158203125e-07
  endloop
endfacet
facet normal 0.0 0.0 0.0
  outer loop
    vertex -17.460784912109375 -7.33578634262085 4.76837158203125e-07
    vertex -17.142948150634766 -7.75 1.0000004768371582
    vertex -17.460784912109375 -7.33578634262085 1.0000004768371582
  endloop
endfacet
facet normal 0.0 0.0 0.0
  outer loop
    vertex -17.460784912109375 -7.33578634262085 4.76837158203125e-07
    vertex -17.460784912109375 -7.33578634262085 1.0000004768371582
    vertex -17.874998092651367 -7.017949104309082 4.76837158203125e-07
  endloop
endfacet
facet normal 0.0 0.0 0.0
  outer loop
    vertex -17.874998092651367 -7.017949104309082 4.76837158203125e-07
    vertex -17.460784912109375 -7.33578634262085 1.0000004768371582
    vertex -17.874998092651367 -7.017949104309082 1.0000004768371582
  endloop
endfacet
facet normal 0.0 0.0 0.0
  outer loop
    vertex -17.874998092651367 -7.017949104309082 4.76837158203125e-07
    vertex -17.874998092651367 -7.017949104309082 1.0000004768371582
    vertex -18.35736083984375 -6.818148136138916 0.0
  endloop
endfacet
facet normal 0.0 0.0 0.0
  outer loop
    vertex -18.35736083984375 -6.818148136138916 0.0
    vertex -17.874998092651367 -7.017949104309082 1.0000004768371582
    vertex -18.35736083984375 -6.818148136138916 1.0
  endloop
endfacet
facet normal 0.0 0.0 0.0
  outer loop
    vertex -18.35736083984375 -6.818148136138916 0.0
    vertex -18.35736083984375 -6.818148136138916 1.0
    vertex -18.874998092651367 -6.75 0.0
  endloop
endfacet
facet normal 0.0 0.0 0.0
  outer loop
    vertex -18.874998092651367 -6.75 0.0
    vertex -18.35736083984375 -6.818148136138916 1.0
    vertex -18.874998092651367 -6.75 1.0
  endloop
endfacet
facet normal 0.0 0.0 0.0
  outer loop
    vertex -18.874998092651367 -6.75 0.0
    vertex -18.874998092651367 -6.75 1.0
    vertex -19.392635345458984 -6.818148136138916 0.0
  endloop
endfacet
facet normal 0.0 0.0 0.0
  outer loop
    vertex -19.392635345458984 -6.818148136138916 0.0
    vertex -18.874998092651367 -6.75 1.0
    vertex -19.392635345458984 -6.818148136138916 1.0
  endloop
endfacet
facet normal 0.0 0.0 0.0
  outer loop
    vertex -19.392635345458984 -6.818148136138916 0.0
    vertex -19.392635345458984 -6.818148136138916 1.0
    vertex -19.874998092651367 -7.017949104309082 0.0
  endloop
endfacet
facet normal 0.0 0.0 0.0
  outer loop
    vertex -19.874998092651367 -7.017949104309082 0.0
    vertex -19.392635345458984 -6.818148136138916 1.0
    vertex -19.874998092651367 -7.017949104309082 1.0
  endloop
endfacet
facet normal 0.0 0.0 0.0
  outer loop
    vertex -19.874998092651367 -7.017949104309082 0.0
    vertex -19.874998092651367 -7.017949104309082 1.0
    vertex -20.28921127319336 -7.33578634262085 0.0
  endloop
endfacet
facet normal 0.0 0.0 0.0
  outer loop
    vertex -20.28921127319336 -7.33578634262085 0.0
    vertex -19.874998092651367 -7.017949104309082 1.0
    vertex -20.28921127319336 -7.33578634262085 1.0
  endloop
endfacet
facet normal 0.0 0.0 0.0
  outer loop
    vertex -20.28921127319336 -7.33578634262085 0.0
    vertex -20.28921127319336 -7.33578634262085 1.0
    vertex -20.60704803466797 -7.75 0.0
  endloop
endfacet
facet normal 0.0 0.0 0.0
  outer loop
    vertex -20.60704803466797 -7.75 0.0
    vertex -20.28921127319336 -7.33578634262085 1.0
    vertex -20.60704803466797 -7.75 1.0
  endloop
endfacet
facet normal 0.0 0.0 0.0
  outer loop
    vertex -20.60704803466797 -7.75 0.0
    vertex -20.60704803466797 -7.75 1.0
    vertex -20.80685043334961 -8.232361793518066 0.0
  endloop
endfacet
facet normal 0.0 0.0 0.0
  outer loop
    vertex -20.80685043334961 -8.232361793518066 0.0
    vertex -20.60704803466797 -7.75 1.0
    vertex -20.80685043334961 -8.232361793518066 1.0
  endloop
endfacet
facet normal 0.0 0.0 0.0
  outer loop
    vertex -20.80685043334961 -8.232361793518066 0.0
    vertex -20.80685043334961 -8.232361793518066 1.0
    vertex -20.874998092651367 -8.75 0.0
  endloop
endfacet
facet normal 0.0 0.0 0.0
  outer loop
    vertex -20.874998092651367 -8.75 0.0
    vertex -20.80685043334961 -8.232361793518066 1.0
    vertex -20.874998092651367 -8.75 1.0
  endloop
endfacet
facet normal 0.0 0.0 0.0
  outer loop
    vertex -20.874998092651367 -8.75 0.0
    vertex -20.874998092651367 -8.75 1.0
    vertex -20.80685043334961 -9.267638206481934 0.0
  endloop
endfacet
facet normal 0.0 0.0 0.0
  outer loop
    vertex -20.80685043334961 -9.267638206481934 0.0
    vertex -20.874998092651367 -8.75 1.0
    vertex -20.80685043334961 -9.267638206481934 1.0
  endloop
endfacet
facet normal 0.0 0.0 0.0
  outer loop
    vertex -20.80685043334961 -9.267638206481934 0.0
    vertex -20.80685043334961 -9.267638206481934 1.0
    vertex -20.60704803466797 -9.75 0.0
  endloop
endfacet
facet normal 0.0 0.0 0.0
  outer loop
    vertex -20.60704803466797 -9.75 0.0
    vertex -20.80685043334961 -9.267638206481934 1.0
    vertex -20.60704803466797 -9.75 1.0
  endloop
endfacet
facet normal 0.0 0.0 0.0
  outer loop
    vertex -20.60704803466797 -9.75 0.0
    vertex -20.60704803466797 -9.75 1.0
    vertex -20.28921127319336 -10.164213180541992 0.0
  endloop
endfacet
facet normal 0.0 0.0 0.0
  outer loop
    vertex -20.28921127319336 -10.164213180541992 0.0
    vertex -20.60704803466797 -9.75 1.0
    vertex -20.28921127319336 -10.164213180541992 1.0
  endloop
endfacet
facet normal 0.0 0.0 0.0
  outer loop
    vertex -20.28921127319336 -10.164213180541992 0.0
    vertex -20.28921127319336 -10.164213180541992 1.0
    vertex -19.874998092651367 -10.482050895690918 0.0
  endloop
endfacet
facet normal 0.0 0.0 0.0
  outer loop
    vertex -19.874998092651367 -10.482050895690918 0.0
    vertex -20.28921127319336 -10.164213180541992 1.0
    vertex -19.874998092651367 -10.482050895690918 1.0
  endloop
endfacet
facet normal 0.0 0.0 0.0
  outer loop
    vertex -19.874998092651367 -10.482050895690918 0.0
    vertex -19.874998092651367 -10.482050895690918 1.0
    vertex -19.392635345458984 -10.681851387023926 0.0
  endloop
endfacet
facet normal 0.0 0.0 0.0
  outer loop
    vertex -19.392635345458984 -10.681851387023926 0.0
    vertex -19.874998092651367 -10.482050895690918 1.0
    vertex -19.392635345458984 -10.681851387023926 1.0
  endloop
endfacet
facet normal 0.0 0.0 0.0
  outer loop
    vertex -19.392635345458984 -10.681851387023926 0.0
    vertex -19.392635345458984 -10.681851387023926 1.0
    vertex -18.874998092651367 -10.75 0.0
  endloop
endfacet
facet normal 0.0 0.0 0.0
  outer loop
    vertex -18.874998092651367 -10.75 0.0
    vertex -19.392635345458984 -10.681851387023926 1.0
    vertex -18.874998092651367 -10.75 1.0
  endloop
endfacet
facet normal 0.0 0.0 0.0
  outer loop
    vertex -18.874998092651367 -10.75 0.0
    vertex -18.874998092651367 -10.75 1.0
    vertex -18.35736083984375 -10.681851387023926 0.0
  endloop
endfacet
facet normal 0.0 0.0 0.0
  outer loop
    vertex -18.35736083984375 -10.681851387023926 0.0
    vertex -18.874998092651367 -10.75 1.0
    vertex -18.35736083984375 -10.681851387023926 1.0
  endloop
endfacet
facet normal 0.0 0.0 0.0
  outer loop
    vertex -18.35736083984375 -10.681851387023926 0.0
    vertex -18.35736083984375 -10.681851387023926 1.0
    vertex -17.874998092651367 -10.482050895690918 4.76837158203125e-07
  endloop
endfacet
facet normal 0.0 0.0 0.0
  outer loop
    vertex -17.874998092651367 -10.482050895690918 4.76837158203125e-07
    vertex -18.35736083984375 -10.681851387023926 1.0
    vertex -17.874998092651367 -10.482050895690918 1.0000004768371582
  endloop
endfacet
facet normal 0.0 0.0 0.0
  outer loop
    vertex -17.874998092651367 -10.482050895690918 4.76837158203125e-07
    vertex -17.874998092651367 -10.482050895690918 1.0000004768371582
    vertex -17.460784912109375 -10.164213180541992 4.76837158203125e-07
  endloop
endfacet
facet normal 0.0 0.0 0.0
  outer loop
    vertex -17.460784912109375 -10.164213180541992 4.76837158203125e-07
    vertex -17.874998092651367 -10.482050895690918 1.0000004768371582
    vertex -17.460784912109375 -10.164213180541992 1.0000004768371582
  endloop
endfacet
facet normal 0.0 0.0 0.0
  outer loop
    vertex -17.460784912109375 -10.164213180541992 4.76837158203125e-07
    vertex -17.460784912109375 -10.164213180541992 1.0000004768371582
    vertex -17.142948150634766 -9.75 4.76837158203125e-07
  endloop
endfacet
facet normal 0.0 0.0 0.0
  outer loop
    vertex -17.142948150634766 -9.75 4.76837158203125e-07
    vertex -17.460784912109375 -10.164213180541992 1.0000004768371582
    vertex -17.142948150634766 -9.75 1.0000004768371582
  endloop
endfacet
facet normal 0.0 0.0 0.0
  outer loop
    vertex -17.142948150634766 -9.75 4.76837158203125e-07
    vertex -17.142948150634766 -9.75 1.0000004768371582
    vertex -16.943145751953125 -9.267638206481934 4.76837158203125e-07
  endloop
endfacet
facet normal 0.0 0.0 0.0
  outer loop
    vertex -16.943145751953125 -9.267638206481934 4.76837158203125e-07
    vertex -17.142948150634766 -9.75 1.0000004768371582
    vertex -16.943145751953125 -9.267638206481934 1.0000004768371582
  endloop
endfacet
facet normal 0.0 0.0 0.0
  outer loop
    vertex -33.199459075927734 -0.9223648905754089 -9.5367431640625e-07
    vertex -33.199459075927734 -0.9223648905754089 0.9999990463256836
    vertex -33.124996185302734 -0.0 -9.5367431640625e-07
  endloop
endfacet
facet normal 0.0 0.0 0.0
  outer loop
    vertex -33.124996185302734 -0.0 -9.5367431640625e-07
    vertex -33.199459075927734 -0.9223648905754089 0.9999990463256836
    vertex -33.124996185302734 -7.041718939143572e-16 0.9999990463256836
  endloop
endfacet
facet normal 0.0 0.0 0.0
  outer loop
    vertex -33.124996185302734 -0.0 -9.5367431640625e-07
    vertex -33.124996185302734 -7.041718939143572e-16 0.9999990463256836
    vertex -33.199459075927734 0.9223648905754089 -9.5367431640625e-07
  endloop
endfacet
facet normal 0.0 0.0 0.0
  outer loop
    vertex -33.199459075927734 0.9223648905754089 -9.5367431640625e-07
    vertex -33.124996185302734 -7.041718939143572e-16 0.9999990463256836
    vertex -33.199459075927734 0.9223648905754089 0.9999990463256836
  endloop
endfacet
facet normal 0.0 0.0 0.0
  outer loop
    vertex -33.199459075927734 0.9223648905754089 -9.5367431640625e-07
    vertex -33.199459075927734 0.9223648905754089 0.9999990463256836
    vertex -33.4209098815918 1.8208409547805786 -9.5367431640625e-07
  endloop
endfacet
facet normal 0.0 0.0 0.0
  outer loop
    vertex -33.4209098815918 1.8208409547805786 -9.5367431640625e-07
    vertex -33.199459075927734 0.9223648905754089 0.9999990463256836
    vertex -33.4209098815918 1.8208409547805786 0.9999990463256836
  endloop
endfacet
facet normal 0.0 0.0 0.0
  outer loop
    vertex -33.4209098815918 1.8208409547805786 -9.5367431640625e-07
    vertex -33.4209098815918 1.8208409547805786 0.9999990463256836
    vertex -33.78362274169922 2.6721582412719727 -1.430511474609375e-06
  endloop
endfacet
facet normal 0.0 0.0 0.0
  outer loop
    vertex -33.78362274169922 2.6721582412719727 -1.430511474609375e-06
    vertex -33.4209098815918 1.8208409547805786 0.9999990463256836
    vertex -33.78362274169922 2.6721582412719727 0.9999985694885254
  endloop
endfacet
facet normal 0.0 0.0 0.0
  outer loop
    vertex -33.78362274169922 2.6721582412719727 -1.430511474609375e-06
    vertex -33.78362274169922 2.6721582412719727 0.9999985694885254
    vertex -34.278202056884766 3.454267978668213 -1.430511474609375e-06
  endloop
endfacet
facet normal 0.0 0.0 0.0
  outer loop
    vertex -34.278202056884766 3.454267978668213 -1.430511474609375e-06
    vertex -33.78362274169922 2.6721582412719727 0.9999985694885254
    vertex -34.278202056884766 3.454267978668213 0.9999985694885254
  endloop
endfacet
facet normal 0.0 0.0 0.0
  outer loop
    vertex -34.278202056884766 3.454267978668213 -1.430511474609375e-06
    vertex -34.278202056884766 3.454267978668213 0.9999985694885254
    vertex -34.89183044433594 4.146914005279541 -1.430511474609375e-06
  endloop
endfacet
facet normal 0.0 0.0 0.0
  outer loop
    vertex -34.89183044433594 4.146914005279541 -1.430511474609375e-06
    vertex -34.278202056884766 3.454267978668213 0.9999985694885254
    vertex -34.89183044433594 4.146914005279541 0.9999985694885254
  endloop
endfacet
facet normal 0.0 0.0 0.0
  outer loop
    vertex -34.89183044433594 4.146914005279541 -1.430511474609375e-06
    vertex -34.89183044433594 4.146914005279541 0.9999985694885254
    vertex -35.60862350463867 4.732157230377197 -1.430511474609375e-06
  endloop
endfacet
facet normal 0.0 0.0 0.0
  outer loop
    vertex -35.60862350463867 4.732157230377197 -1.430511474609375e-06
    vertex -34.89183044433594 4.146914005279541 0.9999985694885254
    vertex -35.60862350463867 4.732157230377197 0.9999985694885254
  endloop
endfacet
facet normal 0.0 0.0 0.0
  outer loop
    vertex -35.60862350463867 4.732157230377197 -1.430511474609375e-06
    vertex -35.60862350463867 4.732157230377197 0.9999985694885254
    vertex -36.41001510620117 5.194839954376221 -1.430511474609375e-06
  endloop
endfacet
facet normal 0.0 0.0 0.0
  outer loop
    vertex -36.41001510620117 5.194839954376221 -1.430511474609375e-06
    vertex -35.60862350463867 4.732157230377197 0.9999985694885254
    vertex -36.41001510620117 5.194839954376221 0.9999985694885254
  endloop
endfacet
facet normal 0.0 0.0 0.0
  outer loop
    vertex -36.41001510620117 5.194839954376221 -1.430511474609375e-06
    vertex -36.41001510620117 5.194839954376221 0.9999985694885254
    vertex -37.275245666503906 5.522979259490967 -1.430511474609375e-06
  endloop
endfacet
facet normal 0.0 0.0 0.0
  outer loop
    vertex -37.275245666503906 5.522979259490967 -1.430511474609375e-06
    vertex -36.41001510620117 5.194839954376221 0.9999985694885254
    vertex -37.275245666503906 5.522979259490967 0.9999985694885254
  endloop
endfacet
facet normal 0.0 0.0 0.0
  outer loop
    vertex -37.275245666503906 5.522979259490967 -1.430511474609375e-06
    vertex -37.275245666503906 5.522979259490967 0.9999985694885254
    vertex -38.18191146850586 5.708076000213623 -1.430511474609375e-06
  endloop
endfacet
facet normal 0.0 0.0 0.0
  outer loop
    vertex -38.18191146850586 5.708076000213623 -1.430511474609375e-06
    vertex -37.275245666503906 5.522979259490967 0.9999985694885254
    vertex -38.18191146850586 5.708076000213623 0.9999985694885254
  endloop
endfacet
facet normal 0.0 0.0 0.0
  outer loop
    vertex -38.18191146850586 5.708076000213623 -1.430511474609375e-06
    vertex -38.18191146850586 5.708076000213623 0.9999985694885254
    vertex -39.10652542114258 5.745336532592773 -1.9073486328125e-06
  endloop
endfacet
facet normal 0.0 0.0 0.0
  outer loop
    vertex -39.10652542114258 5.745336532592773 -1.9073486328125e-06
    vertex -38.18191146850586 5.708076000213623 0.9999985694885254
    vertex -39.10652542114258 5.745336532592773 0.9999980926513672
  endloop
endfacet
facet normal 0.0 0.0 0.0
  outer loop
    vertex -39.10652542114258 5.745336532592773 -1.9073486328125e-06
    vertex -39.10652542114258 5.745336532592773 0.9999980926513672
    vertex -40.025142669677734 5.633796215057373 -1.9073486328125e-06
  endloop
endfacet
facet normal 0.0 0.0 0.0
  outer loop
    vertex -40.025142669677734 5.633796215057373 -1.9073486328125e-06
    vertex -39.10652542114258 5.745336532592773 0.9999980926513672
    vertex -40.025142669677734 5.633796215057373 0.9999980926513672
  endloop
endfacet
facet normal 0.0 0.0 0.0
  outer loop
    vertex -40.025142669677734 5.633796215057373 -1.9073486328125e-06
    vertex -40.025142669677734 5.633796215057373 0.9999980926513672
    vertex -40.91397476196289 5.376343250274658 -1.9073486328125e-06
  endloop
endfacet
facet normal 0.0 0.0 0.0
  outer loop
    vertex -40.91397476196289 5.376343250274658 -1.9073486328125e-06
    vertex -40.025142669677734 5.633796215057373 0.9999980926513672
    vertex -40.91397476196289 5.376343250274658 0.9999980926513672
  endloop
endfacet
facet normal 0.0 0.0 0.0
  outer loop
    vertex -40.91397476196289 5.376343250274658 -1.9073486328125e-06
    vertex -40.91397476196289 5.376343250274658 0.9999980926513672
    vertex -41.749996185302734 4.9796462059021 -1.9073486328125e-06
  endloop
endfacet
facet normal 0.0 0.0 0.0
  outer loop
    vertex -41.749996185302734 4.9796462059021 -1.9073486328125e-06
    vertex -40.91397476196289 5.376343250274658 0.9999980926513672
    vertex -41.749996185302734 4.9796462059021 0.9999980926513672
  endloop
endfacet
facet normal 0.0 0.0 0.0
  outer loop
    vertex -41.749996185302734 4.9796462059021 -1.9073486328125e-06
    vertex -41.749996185302734 4.9796462059021 0.9999980926513672
    vertex -42.511558532714844 4.453978538513184 -1.9073486328125e-06
  endloop
endfacet
facet normal 0.0 0.0 0.0
  outer loop
    vertex -42.511558532714844 4.453978538513184 -1.9073486328125e-06
    vertex -41.749996185302734 4.9796462059021 0.9999980926513672
    vertex -42.511558532714844 4.453978538513184 0.9999980926513672
  endloop
endfacet
facet normal 0.0 0.0 0.0
  outer loop
    vertex -42.511558532714844 4.453978538513184 -1.9073486328125e-06
    vertex -42.511558532714844 4.453978538513184 0.9999980926513672
    vertex -43.178932189941406 3.812955379486084 -1.9073486328125e-06
  endloop
endfacet
facet normal 0.0 0.0 0.0
  outer loop
    vertex -43.178932189941406 3.812955379486084 -1.9073486328125e-06
    vertex -42.511558532714844 4.453978538513184 0.9999980926513672
    vertex -43.178932189941406 3.812955379486084 0.9999980926513672
  endloop
endfacet
facet normal 0.0 0.0 0.0
  outer loop
    vertex -43.178932189941406 3.812955379486084 -1.9073486328125e-06
    vertex -43.178932189941406 3.812955379486084 0.9999980926513672
    vertex -43.734840393066406 3.07317852973938 -1.9073486328125e-06
  endloop
endfacet
facet normal 0.0 0.0 0.0
  outer loop
    vertex -43.734840393066406 3.07317852973938 -1.9073486328125e-06
    vertex -43.178932189941406 3.812955379486084 0.9999980926513672
    vertex -43.734840393066406 3.07317852973938 0.9999980926513672
  endloop
endfacet
facet normal 0.0 0.0 0.0
  outer loop
    vertex -43.734840393066406 3.07317852973938 -1.9073486328125e-06
    vertex -43.734840393066406 3.07317852973938 0.9999980926513672
    vertex -44.164878845214844 2.25380802154541 -2.384185791015625e-06
  endloop
endfacet
facet normal 0.0 0.0 0.0
  outer loop
    vertex -44.164878845214844 2.25380802154541 -2.384185791015625e-06
    vertex -43.734840393066406 3.07317852973938 0.9999980926513672
    vertex -44.164878845214844 2.25380802154541 0.999997615814209
  endloop
endfacet
facet normal 0.0 0.0 0.0
  outer loop
    vertex -44.164878845214844 2.25380802154541 -2.384185791015625e-06
    vertex -44.164878845214844 2.25380802154541 0.999997615814209
    vertex -44.45791244506836 1.3760650157928467 -2.384185791015625e-06
  endloop
endfacet
facet normal 0.0 0.0 0.0
  outer loop
    vertex -44.45791244506836 1.3760650157928467 -2.384185791015625e-06
    vertex -44.164878845214844 2.25380802154541 0.999997615814209
    vertex -44.45791244506836 1.3760650157928467 0.999997615814209
  endloop
endfacet
facet normal 0.0 0.0 0.0
  outer loop
    vertex -44.45791244506836 1.3760650157928467 -2.384185791015625e-06
    vertex -44.45791244506836 1.3760650157928467 0.999997615814209
    vertex -44.60634994506836 0.4626827836036682 -2.384185791015625e-06
  endloop
endfacet
facet normal 0.0 0.0 0.0
  outer loop
    vertex -44.60634994506836 0.4626827836036682 -2.384185791015625e-06
    vertex -44.45791244506836 1.3760650157928467 0.999997615814209
    vertex -44.60634994506836 0.4626827836036682 0.999997615814209
  endloop
endfacet
facet normal 0.0 0.0 0.0
  outer loop
    vertex -44.60634994506836 0.4626827836036682 -2.384185791015625e-06
    vertex -44.60634994506836 0.4626827836036682 0.999997615814209
    vertex -44.60634994506836 -0.4626827836036682 -2.384185791015625e-06
  endloop
endfacet
facet normal 0.0 0.0 0.0
  outer loop
    vertex -44.60634994506836 -0.4626827836036682 -2.384185791015625e-06
    vertex -44.60634994506836 0.4626827836036682 0.999997615814209
    vertex -44.60634994506836 -0.4626827836036682 0.999997615814209
  endloop
endfacet
facet normal 0.0 0.0 0.0
  outer loop
    vertex -44.60634994506836 -0.4626827836036682 -2.384185791015625e-06
    vertex -44.60634994506836 -0.4626827836036682 0.999997615814209
    vertex -44.45791244506836 -1.3760650157928467 -2.384185791015625e-06
  endloop
endfacet
facet normal 0.0 0.0 0.0
  outer loop
    vertex -44.45791244506836 -1.3760650157928467 -2.384185791015625e-06
    vertex -44.60634994506836 -0.4626827836036682 0.999997615814209
    vertex -44.45791244506836 -1.3760650157928467 0.999997615814209
  endloop
endfacet
facet normal 0.0 0.0 0.0
  outer loop
    vertex -44.45791244506836 -1.3760650157928467 -2.384185791015625e-06
    vertex -44.45791244506836 -1.3760650157928467 0.999997615814209
    vertex -44.164878845214844 -2.25380802154541 -2.384185791015625e-06
  endloop
endfacet
facet normal 0.0 0.0 0.0
  outer loop
    vertex -44.164878845214844 -2.25380802154541 -2.384185791015625e-06
    vertex -44.45791244506836 -1.3760650157928467 0.999997615814209
    vertex -44.164878845214844 -2.25380802154541 0.999997615814209
  endloop
endfacet
facet normal 0.0 0.0 0.0
  outer loop
    vertex -44.164878845214844 -2.25380802154541 -2.384185791015625e-06
    vertex -44.164878845214844 -2.25380802154541 0.999997615814209
    vertex -43.734840393066406 -3.07317852973938 -1.9073486328125e-06
  endloop
endfacet
facet normal 0.0 0.0 0.0
  outer loop
    vertex -43.734840393066406 -3.07317852973938 -1.9073486328125e-06
    vertex -44.164878845214844 -2.25380802154541 0.999997615814209
    vertex -43.734840393066406 -3.07317852973938 0.9999980926513672
  endloop
endfacet
facet normal 0.0 0.0 0.0
  outer loop
    vertex -43.734840393066406 -3.07317852973938 -1.9073486328125e-06
    vertex -43.734840393066406 -3.07317852973938 0.9999980926513672
    vertex -43.178932189941406 -3.812955379486084 -1.9073486328125e-06
  endloop
endfacet
facet normal 0.0 0.0 0.0
  outer loop
    vertex -43.178932189941406 -3.812955379486084 -1.9073486328125e-06
    vertex -43.734840393066406 -3.07317852973938 0.9999980926513672
    vertex -43.178932189941406 -3.812955379486084 0.9999980926513672
  endloop
endfacet
facet normal 0.0 0.0 0.0
  outer loop
    vertex -43.178932189941406 -3.812955379486084 -1.9073486328125e-06
    vertex -43.178932189941406 -3.812955379486084 0.9999980926513672
    vertex -42.511558532714844 -4.453978538513184 -1.9073486328125e-06
  endloop
endfacet
facet normal 0.0 0.0 0.0
  outer loop
    vertex -42.511558532714844 -4.453978538513184 -1.9073486328125e-06
    vertex -43.178932189941406 -3.812955379486084 0.9999980926513672
    vertex -42.511558532714844 -4.453978538513184 0.9999980926513672
  endloop
endfacet
facet normal 0.0 0.0 0.0
  outer loop
    vertex -42.511558532714844 -4.453978538513184 -1.9073486328125e-06
    vertex -42.511558532714844 -4.453978538513184 0.9999980926513672
    vertex -41.749996185302734 -4.9796462059021 -1.9073486328125e-06
  endloop
endfacet
facet normal 0.0 0.0 0.0
  outer loop
    vertex -41.749996185302734 -4.9796462059021 -1.9073486328125e-06
    vertex -42.511558532714844 -4.453978538513184 0.9999980926513672
    vertex -41.749996185302734 -4.9796462059021 0.9999980926513672
  endloop
endfacet
facet normal 0.0 0.0 0.0
  outer loop
    vertex -41.749996185302734 -4.9796462059021 -1.9073486328125e-06
    vertex -41.749996185302734 -4.9796462059021 0.9999980926513672
    vertex -40.91397476196289 -5.376343250274658 -1.9073486328125e-06
  endloop
endfacet
facet normal 0.0 0.0 0.0
  outer loop
    vertex -40.91397476196289 -5.376343250274658 -1.9073486328125e-06
    vertex -41.749996185302734 -4.9796462059021 0.9999980926513672
    vertex -40.91397476196289 -5.376343250274658 0.9999980926513672
  endloop
endfacet
facet normal 0.0 0.0 0.0
  outer loop
    vertex -40.91397476196289 -5.376343250274658 -1.9073486328125e-06
    vertex -40.91397476196289 -5.376343250274658 0.9999980926513672
    vertex -40.025142669677734 -5.633796215057373 -1.9073486328125e-06
  endloop
endfacet
facet normal 0.0 0.0 0.0
  outer loop
    vertex -40.025142669677734 -5.633796215057373 -1.9073486328125e-06
    vertex -40.91397476196289 -5.376343250274658 0.9999980926513672
    vertex -40.025142669677734 -5.633796215057373 0.9999980926513672
  endloop
endfacet
facet normal 0.0 0.0 0.0
  outer loop
    vertex -40.025142669677734 -5.633796215057373 -1.9073486328125e-06
    vertex -40.025142669677734 -5.633796215057373 0.9999980926513672
    vertex -39.10652542114258 -5.745336532592773 -1.9073486328125e-06
  endloop
endfacet
facet normal 0.0 0.0 0.0
  outer loop
    vertex -39.10652542114258 -5.745336532592773 -1.9073486328125e-06
    vertex -40.025142669677734 -5.633796215057373 0.9999980926513672
    vertex -39.10652542114258 -5.745336532592773 0.9999980926513672
  endloop
endfacet
facet normal 0.0 0.0 0.0
  outer loop
    vertex -39.10652542114258 -5.745336532592773 -1.9073486328125e-06
    vertex -39.10652542114258 -5.745336532592773 0.9999980926513672
    vertex -38.18191146850586 -5.708076000213623 -1.430511474609375e-06
  endloop
endfacet
facet normal 0.0 0.0 0.0
  outer loop
    vertex -38.18191146850586 -5.708076000213623 -1.430511474609375e-06
    vertex -39.10652542114258 -5.745336532592773 0.9999980926513672
    vertex -38.18191146850586 -5.708076000213623 0.9999985694885254
  endloop
endfacet
facet normal 0.0 0.0 0.0
  outer loop
    vertex -38.18191146850586 -5.708076000213623 -1.430511474609375e-06
    vertex -38.18191146850586 -5.708076000213623 0.9999985694885254
    vertex -37.275245666503906 -5.522979259490967 -1.430511474609375e-06
  endloop
endfacet
facet normal 0.0 0.0 0.0
  outer loop
    vertex -37.275245666503906 -5.522979259490967 -1.430511474609375e-06
    vertex -38.18191146850586 -5.708076000213623 0.9999985694885254
    vertex -37.275245666503906 -5.522979259490967 0.9999985694885254
  endloop
endfacet
facet normal 0.0 0.0 0.0
  outer loop
    vertex -37.275245666503906 -5.522979259490967 -1.430511474609375e-06
    vertex -37.275245666503906 -5.522979259490967 0.9999985694885254
    vertex -36.41001510620117 -5.194839954376221 -1.430511474609375e-06
  endloop
endfacet
facet normal 0.0 0.0 0.0
  outer loop
    vertex -36.41001510620117 -5.194839954376221 -1.430511474609375e-06
    vertex -37.275245666503906 -5.522979259490967 0.9999985694885254
    vertex -36.41001510620117 -5.194839954376221 0.9999985694885254
  endloop
endfacet
facet normal 0.0 0.0 0.0
  outer loop
    vertex -36.41001510620117 -5.194839954376221 -1.430511474609375e-06
    vertex -36.41001510620117 -5.194839954376221 0.9999985694885254
    vertex -35.60862350463867 -4.732157230377197 -1.430511474609375e-06
  endloop
endfacet
facet normal 0.0 0.0 0.0
  outer loop
    vertex -35.60862350463867 -4.732157230377197 -1.430511474609375e-06
    vertex -36.41001510620117 -5.194839954376221 0.9999985694885254
    vertex -35.60862350463867 -4.732157230377197 0.9999985694885254
  endloop
endfacet
facet normal 0.0 0.0 0.0
  outer loop
    vertex -35.60862350463867 -4.732157230377197 -1.430511474609375e-06
    vertex -35.60862350463867 -4.732157230377197 0.9999985694885254
    vertex -34.89183044433594 -4.146914005279541 -1.430511474609375e-06
  endloop
endfacet
facet normal 0.0 0.0 0.0
  outer loop
    vertex -34.89183044433594 -4.146914005279541 -1.430511474609375e-06
    vertex -35.60862350463867 -4.732157230377197 0.9999985694885254
    vertex -34.89183044433594 -4.146914005279541 0.9999985694885254
  endloop
endfacet
facet normal 0.0 0.0 0.0
  outer loop
    vertex -34.89183044433594 -4.146914005279541 -1.430511474609375e-06
    vertex -34.89183044433594 -4.146914005279541 0.9999985694885254
    vertex -34.278202056884766 -3.454267978668213 -1.430511474609375e-06
  endloop
endfacet
facet normal 0.0 0.0 0.0
  outer loop
    vertex -34.278202056884766 -3.454267978668213 -1.430511474609375e-06
    vertex -34.89183044433594 -4.146914005279541 0.9999985694885254
    vertex -34.278202056884766 -3.454267978668213 0.9999985694885254
  endloop
endfacet
facet normal 0.0 0.0 0.0
  outer loop
    vertex -34.278202056884766 -3.454267978668213 -1.430511474609375e-06
    vertex -34.278202056884766 -3.454267978668213 0.9999985694885254
    vertex -33.78362274169922 -2.6721582412719727 -1.430511474609375e-06
  endloop
endfacet
facet normal 0.0 0.0 0.0
  outer loop
    vertex -33.78362274169922 -2.6721582412719727 -1.430511474609375e-06
    vertex -34.278202056884766 -3.454267978668213 0.9999985694885254
    vertex -33.78362274169922 -2.6721582412719727 0.9999985694885254
  endloop
endfacet
facet normal 0.0 0.0 0.0
  outer loop
    vertex -33.78362274169922 -2.6721582412719727 -1.430511474609375e-06
    vertex -33.78362274169922 -2.6721582412719727 0.9999985694885254
    vertex -33.4209098815918 -1.8208409547805786 -9.5367431640625e-07
  endloop
endfacet
facet normal 0.0 0.0 0.0
  outer loop
    vertex -33.4209098815918 -1.8208409547805786 -9.5367431640625e-07
    vertex -33.78362274169922 -2.6721582412719727 0.9999985694885254
    vertex -33.4209098815918 -1.8208409547805786 0.9999990463256836
  endloop
endfacet
facet normal 0.0 0.0 0.0
  outer loop
    vertex -33.4209098815918 -1.8208409547805786 -9.5367431640625e-07
    vertex -33.4209098815918 -1.8208409547805786 0.9999990463256836
    vertex -33.199459075927734 -0.9223648905754089 -9.5367431640625e-07
  endloop
endfacet
facet normal 0.0 0.0 0.0
  outer loop
    vertex -33.199459075927734 -0.9223648905754089 -9.5367431640625e-07
    vertex -33.4209098815918 -1.8208409547805786 0.9999990463256836
    vertex -33.199459075927734 -0.9223648905754089 0.9999990463256836
  endloop
endfacet
facet normal 0.0 0.0 0.0
  outer loop
    vertex 40.32388687133789 0.38822856545448303 10.500004768371582
    vertex 40.32388687133789 0.38822856545448303 5.00000524520874
    vertex 40.374996185302734 8.212079185441416e-16 10.500004768371582
  endloop
endfacet
facet normal 0.0 0.0 0.0
  outer loop
    vertex 40.374996185302734 8.212079185441416e-16 10.500004768371582
    vertex 40.32388687133789 0.38822856545448303 5.00000524520874
    vertex 40.374996185302734 4.538138362988116e-16 5.00000524520874
  endloop
endfacet
facet normal 0.0 0.0 0.0
  outer loop
    vertex 40.374996185302734 8.212079185441416e-16 10.500004768371582
    vertex 40.374996185302734 4.538138362988116e-16 5.00000524520874
    vertex 40.32388687133789 -0.38822856545448303 10.500004768371582
  endloop
endfacet
facet normal 0.0 0.0 0.0
  outer loop
    vertex 40.32388687133789 -0.38822856545448303 10.500004768371582
    vertex 40.374996185302734 4.538138362988116e-16 5.00000524520874
    vertex 40.32388687133789 -0.38822856545448303 5.00000524520874
  endloop
endfacet
facet normal 0.0 0.0 0.0
  outer loop
    vertex 40.32388687133789 -0.38822856545448303 10.500004768371582
    vertex 40.32388687133789 -0.38822856545448303 5.00000524520874
    vertex 40.17403793334961 -0.75 10.500004768371582
  endloop
endfacet
facet normal 0.0 0.0 0.0
  outer loop
    vertex 40.17403793334961 -0.75 10.500004768371582
    vertex 40.32388687133789 -0.38822856545448303 5.00000524520874
    vertex 40.17403793334961 -0.75 5.00000524520874
  endloop
endfacet
facet normal 0.0 0.0 0.0
  outer loop
    vertex 40.17403793334961 -0.75 10.500004768371582
    vertex 40.17403793334961 -0.75 5.00000524520874
    vertex 39.9356575012207 -1.0606601238250732 10.500004768371582
  endloop
endfacet
facet normal 0.0 0.0 0.0
  outer loop
    vertex 39.9356575012207 -1.0606601238250732 10.500004768371582
    vertex 40.17403793334961 -0.75 5.00000524520874
    vertex 39.9356575012207 -1.0606601238250732 5.00000524520874
  endloop
endfacet
facet normal 0.0 0.0 0.0
  outer loop
    vertex 39.9356575012207 -1.0606601238250732 10.500004768371582
    vertex 39.9356575012207 -1.0606601238250732 5.00000524520874
    vertex 39.624996185302734 -1.299038052558899 10.500004768371582
  endloop
endfacet
facet normal 0.0 0.0 0.0
  outer loop
    vertex 39.624996185302734 -1.299038052558899 10.500004768371582
    vertex 39.9356575012207 -1.0606601238250732 5.00000524520874
    vertex 39.624996185302734 -1.299038052558899 5.00000524520874
  endloop
endfacet
facet normal 0.0 0.0 0.0
  outer loop
    vertex 39.624996185302734 -1.299038052558899 10.500004768371582
    vertex 39.624996185302734 -1.299038052558899 5.00000524520874
    vertex 39.26322555541992 -1.4488887786865234 10.500004768371582
  endloop
endfacet
facet normal 0.0 0.0 0.0
  outer loop
    vertex 39.26322555541992 -1.4488887786865234 10.500004768371582
    vertex 39.624996185302734 -1.299038052558899 5.00000524520874
    vertex 39.26322555541992 -1.4488887786865234 5.00000524520874
  endloop
endfacet
facet normal 0.0 0.0 0.0
  outer loop
    vertex 39.26322555541992 -1.4488887786865234 10.500004768371582
    vertex 39.26322555541992 -1.4488887786865234 5.00000524520874
    vertex 38.874996185302734 -1.5 10.500004768371582
  endloop
endfacet
facet normal 0.0 0.0 0.0
  outer loop
    vertex 38.874996185302734 -1.5 10.500004768371582
    vertex 39.26322555541992 -1.4488887786865234 5.00000524520874
    vertex 38.874996185302734 -1.5 5.00000524520874
  endloop
endfacet
facet normal 0.0 0.0 0.0
  outer loop
    vertex 38.874996185302734 -1.5 10.500004768371582
    vertex 38.874996185302734 -1.5 5.00000524520874
    vertex 38.48676681518555 -1.4488887786865234 10.500003814697266
  endloop
endfacet
facet normal 0.0 0.0 0.0
  outer loop
    vertex 38.48676681518555 -1.4488887786865234 10.500003814697266
    vertex 38.874996185302734 -1.5 5.00000524520874
    vertex 38.48676681518555 -1.4488887786865234 5.000004768371582
  endloop
endfacet
facet normal 0.0 0.0 0.0
  outer loop
    vertex 38.48676681518555 -1.4488887786865234 10.500003814697266
    vertex 38.48676681518555 -1.4488887786865234 5.000004768371582
    vertex 38.124996185302734 -1.299038052558899 10.500003814697266
  endloop
endfacet
facet normal 0.0 0.0 0.0
  outer loop
    vertex 38.124996185302734 -1.299038052558899 10.500003814697266
    vertex 38.48676681518555 -1.4488887786865234 5.000004768371582
    vertex 38.124996185302734 -1.299038052558899 5.000004768371582
  endloop
endfacet
facet normal 0.0 0.0 0.0
  outer loop
    vertex 38.124996185302734 -1.299038052558899 10.500003814697266
    vertex 38.124996185302734 -1.299038052558899 5.000004768371582
    vertex 37.814334869384766 -1.0606601238250732 10.500003814697266
  endloop
endfacet
facet normal 0.0 0.0 0.0
  outer loop
    vertex 37.814334869384766 -1.0606601238250732 10.500003814697266
    vertex 38.124996185302734 -1.299038052558899 5.000004768371582
    vertex 37.814334869384766 -1.0606601238250732 5.000004768371582
  endloop
endfacet
facet normal 0.0 0.0 0.0
  outer loop
    vertex 37.814334869384766 -1.0606601238250732 10.500003814697266
    vertex 37.814334869384766 -1.0606601238250732 5.000004768371582
    vertex 37.57595443725586 -0.75 10.500003814697266
  endloop
endfacet
facet normal 0.0 0.0 0.0
  outer loop
    vertex 37.57595443725586 -0.75 10.500003814697266
    vertex 37.814334869384766 -1.0606601238250732 5.000004768371582
    vertex 37.57595443725586 -0.75 5.000004768371582
  endloop
endfacet
facet normal 0.0 0.0 0.0
  outer loop
    vertex 37.57595443725586 -0.75 10.500003814697266
    vertex 37.57595443725586 -0.75 5.000004768371582
    vertex 37.42610549926758 -0.38822856545448303 10.500003814697266
  endloop
endfacet
facet normal 0.0 0.0 0.0
  outer loop
    vertex 37.42610549926758 -0.38822856545448303 10.500003814697266
    vertex 37.57595443725586 -0.75 5.000004768371582
    vertex 37.42610549926758 -0.38822856545448303 5.000004768371582
  endloop
endfacet
facet normal 0.0 0.0 0.0
  outer loop
    vertex 37.42610549926758 -0.38822856545448303 10.500003814697266
    vertex 37.42610549926758 -0.38822856545448303 5.000004768371582
    vertex 37.374996185302734 6.375108774214766e-16 10.500003814697266
  endloop
endfacet
facet normal 0.0 0.0 0.0
  outer loop
    vertex 37.374996185302734 6.375108774214766e-16 10.500003814697266
    vertex 37.42610549926758 -0.38822856545448303 5.000004768371582
    vertex 37.374996185302734 6.375108774214766e-16 5.000004768371582
  endloop
endfacet
facet normal 0.0 0.0 0.0
  outer loop
    vertex 37.374996185302734 6.375108774214766e-16 10.500003814697266
    vertex 37.374996185302734 6.375108774214766e-16 5.000004768371582
    vertex 37.42610549926758 0.38822856545448303 10.500003814697266
  endloop
endfacet
facet normal 0.0 0.0 0.0
  outer loop
    vertex 37.42610549926758 0.38822856545448303 10.500003814697266
    vertex 37.374996185302734 6.375108774214766e-16 5.000004768371582
    vertex 37.42610549926758 0.38822856545448303 5.000004768371582
  endloop
endfacet
facet normal 0.0 0.0 0.0
  outer loop
    vertex 37.42610549926758 0.38822856545448303 10.500003814697266
    vertex 37.42610549926758 0.38822856545448303 5.000004768371582
    vertex 37.57595443725586 0.75 10.500003814697266
  endloop
endfacet
facet normal 0.0 0.0 0.0
  outer loop
    vertex 37.57595443725586 0.75 10.500003814697266
    vertex 37.42610549926758 0.38822856545448303 5.000004768371582
    vertex 37.57595443725586 0.75 5.000004768371582
  endloop
endfacet
facet normal 0.0 0.0 0.0
  outer loop
    vertex 37.57595443725586 0.75 10.500003814697266
    vertex 37.57595443725586 0.75 5.000004768371582
    vertex 37.814334869384766 1.0606601238250732 10.500003814697266
  endloop
endfacet
facet normal 0.0 0.0 0.0
  outer loop
    vertex 37.814334869384766 1.0606601238250732 10.500003814697266
    vertex 37.57595443725586 0.75 5.000004768371582
    vertex 37.814334869384766 1.0606601238250732 5.000004768371582
  endloop
endfacet
facet normal 0.0 0.0 0.0
  outer loop
    vertex 37.814334869384766 1.0606601238250732 10.500003814697266
    vertex 37.814334869384766 1.0606601238250732 5.000004768371582
    vertex 38.124996185302734 1.299038052558899 10.500003814697266
  endloop
endfacet
facet normal 0.0 0.0 0.0
  outer loop
    vertex 38.124996185302734 1.299038052558899 10.500003814697266
    vertex 37.814334869384766 1.0606601238250732 5.000004768371582
    vertex 38.124996185302734 1.299038052558899 5.000004768371582
  endloop
endfacet
facet normal 0.0 0.0 0.0
  outer loop
    vertex 38.124996185302734 1.299038052558899 10.500003814697266
    vertex 38.124996185302734 1.299038052558899 5.000004768371582
    vertex 38.48676681518555 1.4488887786865234 10.500003814697266
  endloop
endfacet
facet normal 0.0 0.0 0.0
  outer loop
    vertex 38.48676681518555 1.4488887786865234 10.500003814697266
    vertex 38.124996185302734 1.299038052558899 5.000004768371582
    vertex 38.48676681518555 1.4488887786865234 5.000004768371582
  endloop
endfacet
facet normal 0.0 0.0 0.0
  outer loop
    vertex 38.48676681518555 1.4488887786865234 10.500003814697266
    vertex 38.48676681518555 1.4488887786865234 5.000004768371582
    vertex 38.874996185302734 1.5 10.500004768371582
  endloop
endfacet
facet normal 0.0 0.0 0.0
  outer loop
    vertex 38.874996185302734 1.5 10.500004768371582
    vertex 38.48676681518555 1.4488887786865234 5.000004768371582
    vertex 38.874996185302734 1.5 5.00000524520874
  endloop
endfacet
facet normal 0.0 0.0 0.0
  outer loop
    vertex 38.874996185302734 1.5 10.500004768371582
    vertex 38.874996185302734 1.5 5.00000524520874
    vertex 39.26322555541992 1.4488887786865234 10.500004768371582
  endloop
endfacet
facet normal 0.0 0.0 0.0
  outer loop
    vertex 39.26322555541992 1.4488887786865234 10.500004768371582
    vertex 38.874996185302734 1.5 5.00000524520874
    vertex 39.26322555541992 1.4488887786865234 5.00000524520874
  endloop
endfacet
facet normal 0.0 0.0 0.0
  outer loop
    vertex 39.26322555541992 1.4488887786865234 10.500004768371582
    vertex 39.26322555541992 1.4488887786865234 5.00000524520874
    vertex 39.624996185302734 1.299038052558899 10.500004768371582
  endloop
endfacet
facet normal 0.0 0.0 0.0
  outer loop
    vertex 39.624996185302734 1.299038052558899 10.500004768371582
    vertex 39.26322555541992 1.4488887786865234 5.00000524520874
    vertex 39.624996185302734 1.299038052558899 5.00000524520874
  endloop
endfacet
facet normal 0.0 0.0 0.0
  outer loop
    vertex 39.624996185302734 1.299038052558899 10.500004768371582
    vertex 39.624996185302734 1.299038052558899 5.00000524520874
    vertex 39.9356575012207 1.0606601238250732 10.500004768371582
  endloop
endfacet
facet normal 0.0 0.0 0.0
  outer loop
    vertex 39.9356575012207 1.0606601238250732 10.500004768371582
    vertex 39.624996185302734 1.299038052558899 5.00000524520874
    vertex 39.9356575012207 1.0606601238250732 5.00000524520874
  endloop
endfacet
facet normal 0.0 0.0 0.0
  outer loop
    vertex 39.9356575012207 1.0606601238250732 10.500004768371582
    vertex 39.9356575012207 1.0606601238250732 5.00000524520874
    vertex 40.17403793334961 0.75 10.500004768371582
  endloop
endfacet
facet normal 0.0 0.0 0.0
  outer loop
    vertex 40.17403793334961 0.75 10.500004768371582
    vertex 39.9356575012207 1.0606601238250732 5.00000524520874
    vertex 40.17403793334961 0.75 5.00000524520874
  endloop
endfacet
facet normal 0.0 0.0 0.0
  outer loop
    vertex 40.17403793334961 0.75 10.500004768371582
    vertex 40.17403793334961 0.75 5.00000524520874
    vertex 40.32388687133789 0.38822856545448303 10.500004768371582
  endloop
endfacet
facet normal 0.0 0.0 0.0
  outer loop
    vertex 40.32388687133789 0.38822856545448303 10.500004768371582
    vertex 40.17403793334961 0.75 5.00000524520874
    vertex 40.32388687133789 0.38822856545448303 5.00000524520874
  endloop
endfacet
facet normal 0.0 0.0 0.0
  outer loop
    vertex 40.32388687133789 -0.38822856545448303 5.7220458984375e-06
    vertex 40.32388687133789 -0.38822856545448303 5.00000524520874
    vertex 40.374996185302734 -0.0 5.7220458984375e-06
  endloop
endfacet
facet normal 0.0 0.0 0.0
  outer loop
    vertex 40.374996185302734 -0.0 5.7220458984375e-06
    vertex 40.32388687133789 -0.38822856545448303 5.00000524520874
    vertex 40.374996185302734 4.538138362988116e-16 5.00000524520874
  endloop
endfacet
facet normal 0.0 0.0 0.0
  outer loop
    vertex 40.374996185302734 -0.0 5.7220458984375e-06
    vertex 40.374996185302734 4.538138362988116e-16 5.00000524520874
    vertex 40.32388687133789 0.38822856545448303 5.7220458984375e-06
  endloop
endfacet
facet normal 0.0 0.0 0.0
  outer loop
    vertex 40.32388687133789 0.38822856545448303 5.7220458984375e-06
    vertex 40.374996185302734 4.538138362988116e-16 5.00000524520874
    vertex 40.32388687133789 0.38822856545448303 5.00000524520874
  endloop
endfacet
facet normal 0.0 0.0 0.0
  outer loop
    vertex 40.32388687133789 0.38822856545448303 5.7220458984375e-06
    vertex 40.32388687133789 0.38822856545448303 5.00000524520874
    vertex 40.17403793334961 0.75 5.7220458984375e-06
  endloop
endfacet
facet normal 0.0 0.0 0.0
  outer loop
    vertex 40.17403793334961 0.75 5.7220458984375e-06
    vertex 40.32388687133789 0.38822856545448303 5.00000524520874
    vertex 40.17403793334961 0.75 5.00000524520874
  endloop
endfacet
facet normal 0.0 0.0 0.0
  outer loop
    vertex 40.17403793334961 0.75 5.7220458984375e-06
    vertex 40.17403793334961 0.75 5.00000524520874
    vertex 39.9356575012207 1.0606601238250732 5.7220458984375e-06
  endloop
endfacet
facet normal 0.0 0.0 0.0
  outer loop
    vertex 39.9356575012207 1.0606601238250732 5.7220458984375e-06
    vertex 40.17403793334961 0.75 5.00000524520874
    vertex 39.9356575012207 1.0606601238250732 5.00000524520874
  endloop
endfacet
facet normal 0.0 0.0 0.0
  outer loop
    vertex 39.9356575012207 1.0606601238250732 5.7220458984375e-06
    vertex 39.9356575012207 1.0606601238250732 5.00000524520874
    vertex 39.624996185302734 1.299038052558899 5.7220458984375e-06
  endloop
endfacet
facet normal 0.0 0.0 0.0
  outer loop
    vertex 39.624996185302734 1.299038052558899 5.7220458984375e-06
    vertex 39.9356575012207 1.0606601238250732 5.00000524520874
    vertex 39.624996185302734 1.299038052558899 5.00000524520874
  endloop
endfacet
facet normal 0.0 0.0 0.0
  outer loop
    vertex 39.624996185302734 1.299038052558899 5.7220458984375e-06
    vertex 39.624996185302734 1.299038052558899 5.00000524520874
    vertex 39.26322555541992 1.4488887786865234 5.7220458984375e-06
  endloop
endfacet
facet normal 0.0 0.0 0.0
  outer loop
    vertex 39.26322555541992 1.4488887786865234 5.7220458984375e-06
    vertex 39.624996185302734 1.299038052558899 5.00000524520874
    vertex 39.26322555541992 1.4488887786865234 5.00000524520874
  endloop
endfacet
facet normal 0.0 0.0 0.0
  outer loop
    vertex 39.26322555541992 1.4488887786865234 5.7220458984375e-06
    vertex 39.26322555541992 1.4488887786865234 5.00000524520874
    vertex 38.874996185302734 1.5 5.7220458984375e-06
  endloop
endfacet
facet normal 0.0 0.0 0.0
  outer loop
    vertex 38.874996185302734 1.5 5.7220458984375e-06
    vertex 39.26322555541992 1.4488887786865234 5.00000524520874
    vertex 38.874996185302734 1.5 5.00000524520874
  endloop
endfacet
facet normal 0.0 0.0 0.0
  outer loop
    vertex 38.874996185302734 1.5 5.7220458984375e-06
    vertex 38.874996185302734 1.5 5.00000524520874
    vertex 38.48676681518555 1.4488887786865234 5.245208740234375e-06
  endloop
endfacet
facet normal 0.0 0.0 0.0
  outer loop
    vertex 38.48676681518555 1.4488887786865234 5.245208740234375e-06
    vertex 38.874996185302734 1.5 5.00000524520874
    vertex 38.48676681518555 1.4488887786865234 5.000004768371582
  endloop
endfacet
facet normal 0.0 0.0 0.0
  outer loop
    vertex 38.48676681518555 1.4488887786865234 5.245208740234375e-06
    vertex 38.48676681518555 1.4488887786865234 5.000004768371582
    vertex 38.124996185302734 1.299038052558899 5.245208740234375e-06
  endloop
endfacet
facet normal 0.0 0.0 0.0
  outer loop
    vertex 38.124996185302734 1.299038052558899 5.245208740234375e-06
    vertex 38.48676681518555 1.4488887786865234 5.000004768371582
    vertex 38.124996185302734 1.299038052558899 5.000004768371582
  endloop
endfacet
facet normal 0.0 0.0 0.0
  outer loop
    vertex 38.124996185302734 1.299038052558899 5.245208740234375e-06
    vertex 38.124996185302734 1.299038052558899 5.000004768371582
    vertex 37.814334869384766 1.0606601238250732 5.245208740234375e-06
  endloop
endfacet
facet normal 0.0 0.0 0.0
  outer loop
    vertex 37.814334869384766 1.0606601238250732 5.245208740234375e-06
    vertex 38.124996185302734 1.299038052558899 5.000004768371582
    vertex 37.814334869384766 1.0606601238250732 5.000004768371582
  endloop
endfacet
facet normal 0.0 0.0 0.0
  outer loop
    vertex 37.814334869384766 1.0606601238250732 5.245208740234375e-06
    vertex 37.814334869384766 1.0606601238250732 5.000004768371582
    vertex 37.57595443725586 0.75 5.245208740234375e-06
  endloop
endfacet
facet normal 0.0 0.0 0.0
  outer loop
    vertex 37.57595443725586 0.75 5.245208740234375e-06
    vertex 37.814334869384766 1.0606601238250732 5.000004768371582
    vertex 37.57595443725586 0.75 5.000004768371582
  endloop
endfacet
facet normal 0.0 0.0 0.0
  outer loop
    vertex 37.57595443725586 0.75 5.245208740234375e-06
    vertex 37.57595443725586 0.75 5.000004768371582
    vertex 37.42610549926758 0.38822856545448303 5.245208740234375e-06
  endloop
endfacet
facet normal 0.0 0.0 0.0
  outer loop
    vertex 37.42610549926758 0.38822856545448303 5.245208740234375e-06
    vertex 37.57595443725586 0.75 5.000004768371582
    vertex 37.42610549926758 0.38822856545448303 5.000004768371582
  endloop
endfacet
facet normal 0.0 0.0 0.0
  outer loop
    vertex 37.42610549926758 0.38822856545448303 5.245208740234375e-06
    vertex 37.42610549926758 0.38822856545448303 5.000004768371582
    vertex 37.374996185302734 6.375108774214766e-16 5.245208740234375e-06
  endloop
endfacet
facet normal 0.0 0.0 0.0
  outer loop
    vertex 37.374996185302734 6.375108774214766e-16 5.245208740234375e-06
    vertex 37.42610549926758 0.38822856545448303 5.000004768371582
    vertex 37.374996185302734 6.375108774214766e-16 5.000004768371582
  endloop
endfacet
facet normal 0.0 0.0 0.0
  outer loop
    vertex 37.374996185302734 6.375108774214766e-16 5.245208740234375e-06
    vertex 37.374996185302734 6.375108774214766e-16 5.000004768371582
    vertex 37.42610549926758 -0.38822856545448303 5.245208740234375e-06
  endloop
endfacet
facet normal 0.0 0.0 0.0
  outer loop
    vertex 37.42610549926758 -0.38822856545448303 5.245208740234375e-06
    vertex 37.374996185302734 6.375108774214766e-16 5.000004768371582
    vertex 37.42610549926758 -0.38822856545448303 5.000004768371582
  endloop
endfacet
facet normal 0.0 0.0 0.0
  outer loop
    vertex 37.42610549926758 -0.38822856545448303 5.245208740234375e-06
    vertex 37.42610549926758 -0.38822856545448303 5.000004768371582
    vertex 37.57595443725586 -0.75 5.245208740234375e-06
  endloop
endfacet
facet normal 0.0 0.0 0.0
  outer loop
    vertex 37.57595443725586 -0.75 5.245208740234375e-06
    vertex 37.42610549926758 -0.38822856545448303 5.000004768371582
    vertex 37.57595443725586 -0.75 5.000004768371582
  endloop
endfacet
facet normal 0.0 0.0 0.0
  outer loop
    vertex 37.57595443725586 -0.75 5.245208740234375e-06
    vertex 37.57595443725586 -0.75 5.000004768371582
    vertex 37.814334869384766 -1.0606601238250732 5.245208740234375e-06
  endloop
endfacet
facet normal 0.0 0.0 0.0
  outer loop
    vertex 37.814334869384766 -1.0606601238250732 5.245208740234375e-06
    vertex 37.57595443725586 -0.75 5.000004768371582
    vertex 37.814334869384766 -1.0606601238250732 5.000004768371582
  endloop
endfacet
facet normal 0.0 0.0 0.0
  outer loop
    vertex 37.814334869384766 -1.0606601238250732 5.245208740234375e-06
    vertex 37.814334869384766 -1.0606601238250732 5.000004768371582
    vertex 38.124996185302734 -1.299038052558899 5.245208740234375e-06
  endloop
endfacet
facet normal 0.0 0.0 0.0
  outer loop
    vertex 38.124996185302734 -1.299038052558899 5.245208740234375e-06
    vertex 37.814334869384766 -1.0606601238250732 5.000004768371582
    vertex 38.124996185302734 -1.299038052558899 5.000004768371582
  endloop
endfacet
facet normal 0.0 0.0 0.0
  outer loop
    vertex 38.124996185302734 -1.299038052558899 5.245208740234375e-06
    vertex 38.124996185302734 -1.299038052558899 5.000004768371582
    vertex 38.48676681518555 -1.4488887786865234 5.245208740234375e-06
  endloop
endfacet
facet normal 0.0 0.0 0.0
  outer loop
    vertex 38.48676681518555 -1.4488887786865234 5.245208740234375e-06
    vertex 38.124996185302734 -1.299038052558899 5.000004768371582
    vertex 38.48676681518555 -1.4488887786865234 5.000004768371582
  endloop
endfacet
facet normal 0.0 0.0 0.0
  outer loop
    vertex 38.48676681518555 -1.4488887786865234 5.245208740234375e-06
    vertex 38.48676681518555 -1.4488887786865234 5.000004768371582
    vertex 38.874996185302734 -1.5 5.7220458984375e-06
  endloop
endfacet
facet normal 0.0 0.0 0.0
  outer loop
    vertex 38.874996185302734 -1.5 5.7220458984375e-06
    vertex 38.48676681518555 -1.4488887786865234 5.000004768371582
    vertex 38.874996185302734 -1.5 5.00000524520874
  endloop
endfacet
facet normal 0.0 0.0 0.0
  outer loop
    vertex 38.874996185302734 -1.5 5.7220458984375e-06
    vertex 38.874996185302734 -1.5 5.00000524520874
    vertex 39.26322555541992 -1.4488887786865234 5.7220458984375e-06
  endloop
endfacet
facet normal 0.0 0.0 0.0
  outer loop
    vertex 39.26322555541992 -1.4488887786865234 5.7220458984375e-06
    vertex 38.874996185302734 -1.5 5.00000524520874
    vertex 39.26322555541992 -1.4488887786865234 5.00000524520874
  endloop
endfacet
facet normal 0.0 0.0 0.0
  outer loop
    vertex 39.26322555541992 -1.4488887786865234 5.7220458984375e-06
    vertex 39.26322555541992 -1.4488887786865234 5.00000524520874
    vertex 39.624996185302734 -1.299038052558899 5.7220458984375e-06
  endloop
endfacet
facet normal 0.0 0.0 0.0
  outer loop
    vertex 39.624996185302734 -1.299038052558899 5.7220458984375e-06
    vertex 39.26322555541992 -1.4488887786865234 5.00000524520874
    vertex 39.624996185302734 -1.299038052558899 5.00000524520874
  endloop
endfacet
facet normal 0.0 0.0 0.0
  outer loop
    vertex 39.624996185302734 -1.299038052558899 5.7220458984375e-06
    vertex 39.624996185302734 -1.299038052558899 5.00000524520874
    vertex 39.9356575012207 -1.0606601238250732 5.7220458984375e-06
  endloop
endfacet
facet normal 0.0 0.0 0.0
  outer loop
    vertex 39.9356575012207 -1.0606601238250732 5.7220458984375e-06
    vertex 39.624996185302734 -1.299038052558899 5.00000524520874
    vertex 39.9356575012207 -1.0606601238250732 5.00000524520874
  endloop
endfacet
facet normal 0.0 0.0 0.0
  outer loop
    vertex 39.9356575012207 -1.0606601238250732 5.7220458984375e-06
    vertex 39.9356575012207 -1.0606601238250732 5.00000524520874
    vertex 40.17403793334961 -0.75 5.7220458984375e-06
  endloop
endfacet
facet normal 0.0 0.0 0.0
  outer loop
    vertex 40.17403793334961 -0.75 5.7220458984375e-06
    vertex 39.9356575012207 -1.0606601238250732 5.00000524520874
    vertex 40.17403793334961 -0.75 5.00000524520874
  endloop
endfacet
facet normal 0.0 0.0 0.0
  outer loop
    vertex 40.17403793334961 -0.75 5.7220458984375e-06
    vertex 40.17403793334961 -0.75 5.00000524520874
    vertex 40.32388687133789 -0.38822856545448303 5.7220458984375e-06
  endloop
endfacet
facet normal 0.0 0.0 0.0
  outer loop
    vertex 40.32388687133789 -0.38822856545448303 5.7220458984375e-06
    vertex 40.17403793334961 -0.75 5.00000524520874
    vertex 40.32388687133789 -0.38822856545448303 5.00000524520874
  endloop
endfacet
facet normal 0.0 0.0 0.0
  outer loop
    vertex -16.943145751953125 8.232361793518066 4.76837158203125e-07
    vertex -16.943145751953125 8.232361793518066 1.0000004768371582
    vertex -16.874998092651367 8.75 4.76837158203125e-07
  endloop
endfacet
facet normal 0.0 0.0 0.0
  outer loop
    vertex -16.874998092651367 8.75 4.76837158203125e-07
    vertex -16.943145751953125 8.232361793518066 1.0000004768371582
    vertex -16.874998092651367 8.75 1.0000004768371582
  endloop
endfacet
facet normal 0.0 0.0 0.0
  outer loop
    vertex -16.874998092651367 8.75 4.76837158203125e-07
    vertex -16.874998092651367 8.75 1.0000004768371582
    vertex -16.943145751953125 9.267638206481934 4.76837158203125e-07
  endloop
endfacet
facet normal 0.0 0.0 0.0
  outer loop
    vertex -16.943145751953125 9.267638206481934 4.76837158203125e-07
    vertex -16.874998092651367 8.75 1.0000004768371582
    vertex -16.943145751953125 9.267638206481934 1.0000004768371582
  endloop
endfacet
facet normal 0.0 0.0 0.0
  outer loop
    vertex -16.943145751953125 9.267638206481934 4.76837158203125e-07
    vertex -16.943145751953125 9.267638206481934 1.0000004768371582
    vertex -17.142948150634766 9.75 4.76837158203125e-07
  endloop
endfacet
facet normal 0.0 0.0 0.0
  outer loop
    vertex -17.142948150634766 9.75 4.76837158203125e-07
    vertex -16.943145751953125 9.267638206481934 1.0000004768371582
    vertex -17.142948150634766 9.75 1.0000004768371582
  endloop
endfacet
facet normal 0.0 0.0 0.0
  outer loop
    vertex -17.142948150634766 9.75 4.76837158203125e-07
    vertex -17.142948150634766 9.75 1.0000004768371582
    vertex -17.460784912109375 10.164213180541992 4.76837158203125e-07
  endloop
endfacet
facet normal 0.0 0.0 0.0
  outer loop
    vertex -17.460784912109375 10.164213180541992 4.76837158203125e-07
    vertex -17.142948150634766 9.75 1.0000004768371582
    vertex -17.460784912109375 10.164213180541992 1.0000004768371582
  endloop
endfacet
facet normal 0.0 0.0 0.0
  outer loop
    vertex -17.460784912109375 10.164213180541992 4.76837158203125e-07
    vertex -17.460784912109375 10.164213180541992 1.0000004768371582
    vertex -17.874998092651367 10.482050895690918 4.76837158203125e-07
  endloop
endfacet
facet normal 0.0 0.0 0.0
  outer loop
    vertex -17.874998092651367 10.482050895690918 4.76837158203125e-07
    vertex -17.460784912109375 10.164213180541992 1.0000004768371582
    vertex -17.874998092651367 10.482050895690918 1.0000004768371582
  endloop
endfacet
facet normal 0.0 0.0 0.0
  outer loop
    vertex -17.874998092651367 10.482050895690918 4.76837158203125e-07
    vertex -17.874998092651367 10.482050895690918 1.0000004768371582
    vertex -18.35736083984375 10.681851387023926 0.0
  endloop
endfacet
facet normal 0.0 0.0 0.0
  outer loop
    vertex -18.35736083984375 10.681851387023926 0.0
    vertex -17.874998092651367 10.482050895690918 1.0000004768371582
    vertex -18.35736083984375 10.681851387023926 1.0
  endloop
endfacet
facet normal 0.0 0.0 0.0
  outer loop
    vertex -18.35736083984375 10.681851387023926 0.0
    vertex -18.35736083984375 10.681851387023926 1.0
    vertex -18.874998092651367 10.75 0.0
  endloop
endfacet
facet normal 0.0 0.0 0.0
  outer loop
    vertex -18.874998092651367 10.75 0.0
    vertex -18.35736083984375 10.681851387023926 1.0
    vertex -18.874998092651367 10.75 1.0
  endloop
endfacet
facet normal 0.0 0.0 0.0
  outer loop
    vertex -18.874998092651367 10.75 0.0
    vertex -18.874998092651367 10.75 1.0
    vertex -19.392635345458984 10.681851387023926 0.0
  endloop
endfacet
facet normal 0.0 0.0 0.0
  outer loop
    vertex -19.392635345458984 10.681851387023926 0.0
    vertex -18.874998092651367 10.75 1.0
    vertex -19.392635345458984 10.681851387023926 1.0
  endloop
endfacet
facet normal 0.0 0.0 0.0
  outer loop
    vertex -19.392635345458984 10.681851387023926 0.0
    vertex -19.392635345458984 10.681851387023926 1.0
    vertex -19.874998092651367 10.482050895690918 0.0
  endloop
endfacet
facet normal 0.0 0.0 0.0
  outer loop
    vertex -19.874998092651367 10.482050895690918 0.0
    vertex -19.392635345458984 10.681851387023926 1.0
    vertex -19.874998092651367 10.482050895690918 1.0
  endloop
endfacet
facet normal 0.0 0.0 0.0
  outer loop
    vertex -19.874998092651367 10.482050895690918 0.0
    vertex -19.874998092651367 10.482050895690918 1.0
    vertex -20.28921127319336 10.164213180541992 0.0
  endloop
endfacet
facet normal 0.0 0.0 0.0
  outer loop
    vertex -20.28921127319336 10.164213180541992 0.0
    vertex -19.874998092651367 10.482050895690918 1.0
    vertex -20.28921127319336 10.164213180541992 1.0
  endloop
endfacet
facet normal 0.0 0.0 0.0
  outer loop
    vertex -20.28921127319336 10.164213180541992 0.0
    vertex -20.28921127319336 10.164213180541992 1.0
    vertex -20.60704803466797 9.75 0.0
  endloop
endfacet
facet normal 0.0 0.0 0.0
  outer loop
    vertex -20.60704803466797 9.75 0.0
    vertex -20.28921127319336 10.164213180541992 1.0
    vertex -20.60704803466797 9.75 1.0
  endloop
endfacet
facet normal 0.0 0.0 0.0
  outer loop
    vertex -20.60704803466797 9.75 0.0
    vertex -20.60704803466797 9.75 1.0
    vertex -20.80685043334961 9.267638206481934 0.0
  endloop
endfacet
facet normal 0.0 0.0 0.0
  outer loop
    vertex -20.80685043334961 9.267638206481934 0.0
    vertex -20.60704803466797 9.75 1.0
    vertex -20.80685043334961 9.267638206481934 1.0
  endloop
endfacet
facet normal 0.0 0.0 0.0
  outer loop
    vertex -20.80685043334961 9.267638206481934 0.0
    vertex -20.80685043334961 9.267638206481934 1.0
    vertex -20.874998092651367 8.75 0.0
  endloop
endfacet
facet normal 0.0 0.0 0.0
  outer loop
    vertex -20.874998092651367 8.75 0.0
    vertex -20.80685043334961 9.267638206481934 1.0
    vertex -20.874998092651367 8.75 1.0
  endloop
endfacet
facet normal 0.0 0.0 0.0
  outer loop
    vertex -20.874998092651367 8.75 0.0
    vertex -20.874998092651367 8.75 1.0
    vertex -20.80685043334961 8.232361793518066 0.0
  endloop
endfacet
facet normal 0.0 0.0 0.0
  outer loop
    vertex -20.80685043334961 8.232361793518066 0.0
    vertex -20.874998092651367 8.75 1.0
    vertex -20.80685043334961 8.232361793518066 1.0
  endloop
endfacet
facet normal 0.0 0.0 0.0
  outer loop
    vertex -20.80685043334961 8.232361793518066 0.0
    vertex -20.80685043334961 8.232361793518066 1.0
    vertex -20.60704803466797 7.75 0.0
  endloop
endfacet
facet normal 0.0 0.0 0.0
  outer loop
    vertex -20.60704803466797 7.75 0.0
    vertex -20.80685043334961 8.232361793518066 1.0
    vertex -20.60704803466797 7.75 1.0
  endloop
endfacet
facet normal 0.0 0.0 0.0
  outer loop
    vertex -20.60704803466797 7.75 0.0
    vertex -20.60704803466797 7.75 1.0
    vertex -20.28921127319336 7.33578634262085 0.0
  endloop
endfacet
facet normal 0.0 0.0 0.0
  outer loop
    vertex -20.28921127319336 7.33578634262085 0.0
    vertex -20.60704803466797 7.75 1.0
    vertex -20.28921127319336 7.33578634262085 1.0
  endloop
endfacet
facet normal 0.0 0.0 0.0
  outer loop
    vertex -20.28921127319336 7.33578634262085 0.0
    vertex -20.28921127319336 7.33578634262085 1.0
    vertex -19.874998092651367 7.017949104309082 0.0
  endloop
endfacet
facet normal 0.0 0.0 0.0
  outer loop
    vertex -19.874998092651367 7.017949104309082 0.0
    vertex -20.28921127319336 7.33578634262085 1.0
    vertex -19.874998092651367 7.017949104309082 1.0
  endloop
endfacet
facet normal 0.0 0.0 0.0
  outer loop
    vertex -19.874998092651367 7.017949104309082 0.0
    vertex -19.874998092651367 7.017949104309082 1.0
    vertex -19.392635345458984 6.818148136138916 0.0
  endloop
endfacet
facet normal 0.0 0.0 0.0
  outer loop
    vertex -19.392635345458984 6.818148136138916 0.0
    vertex -19.874998092651367 7.017949104309082 1.0
    vertex -19.392635345458984 6.818148136138916 1.0
  endloop
endfacet
facet normal 0.0 0.0 0.0
  outer loop
    vertex -19.392635345458984 6.818148136138916 0.0
    vertex -19.392635345458984 6.818148136138916 1.0
    vertex -18.874998092651367 6.75 0.0
  endloop
endfacet
facet normal 0.0 0.0 0.0
  outer loop
    vertex -18.874998092651367 6.75 0.0
    vertex -19.392635345458984 6.818148136138916 1.0
    vertex -18.874998092651367 6.75 1.0
  endloop
endfacet
facet normal 0.0 0.0 0.0
  outer loop
    vertex -18.874998092651367 6.75 0.0
    vertex -18.874998092651367 6.75 1.0
    vertex -18.35736083984375 6.818148136138916 0.0
  endloop
endfacet
facet normal 0.0 0.0 0.0
  outer loop
    vertex -18.35736083984375 6.818148136138916 0.0
    vertex -18.874998092651367 6.75 1.0
    vertex -18.35736083984375 6.818148136138916 1.0
  endloop
endfacet
facet normal 0.0 0.0 0.0
  outer loop
    vertex -18.35736083984375 6.818148136138916 0.0
    vertex -18.35736083984375 6.818148136138916 1.0
    vertex -17.874998092651367 7.017949104309082 4.76837158203125e-07
  endloop
endfacet
facet normal 0.0 0.0 0.0
  outer loop
    vertex -17.874998092651367 7.017949104309082 4.76837158203125e-07
    vertex -18.35736083984375 6.818148136138916 1.0
    vertex -17.874998092651367 7.017949104309082 1.0000004768371582
  endloop
endfacet
facet normal 0.0 0.0 0.0
  outer loop
    vertex -17.874998092651367 7.017949104309082 4.76837158203125e-07
    vertex -17.874998092651367 7.017949104309082 1.0000004768371582
    vertex -17.460784912109375 7.33578634262085 4.76837158203125e-07
  endloop
endfacet
facet normal 0.0 0.0 0.0
  outer loop
    vertex -17.460784912109375 7.33578634262085 4.76837158203125e-07
    vertex -17.874998092651367 7.017949104309082 1.0000004768371582
    vertex -17.460784912109375 7.33578634262085 1.0000004768371582
  endloop
endfacet
facet normal 0.0 0.0 0.0
  outer loop
    vertex -17.460784912109375 7.33578634262085 4.76837158203125e-07
    vertex -17.460784912109375 7.33578634262085 1.0000004768371582
    vertex -17.142948150634766 7.75 4.76837158203125e-07
  endloop
endfacet
facet normal 0.0 0.0 0.0
  outer loop
    vertex -17.142948150634766 7.75 4.76837158203125e-07
    vertex -17.460784912109375 7.33578634262085 1.0000004768371582
    vertex -17.142948150634766 7.75 1.0000004768371582
  endloop
endfacet
facet normal 0.0 0.0 0.0
  outer loop
    vertex -17.142948150634766 7.75 4.76837158203125e-07
    vertex -17.142948150634766 7.75 1.0000004768371582
    vertex -16.943145751953125 8.232361793518066 4.76837158203125e-07
  endloop
endfacet
facet normal 0.0 0.0 0.0
  outer loop
    vertex -16.943145751953125 8.232361793518066 4.76837158203125e-07
    vertex -17.142948150634766 7.75 1.0000004768371582
    vertex -16.943145751953125 8.232361793518066 1.0000004768371582
  endloop
endfacet
facet normal 0.0 0.0 0.0
  outer loop
    vertex -9.874999046325684 3.25 1.0000009536743164
    vertex -9.874999046325684 -3.25 1.0000009536743164
    vertex -9.874998092651367 3.25 9.5367431640625e-07
  endloop
endfacet
facet normal 0.0 0.0 0.0
  outer loop
    vertex -9.874998092651367 3.25 9.5367431640625e-07
    vertex -9.874999046325684 -3.25 1.0000009536743164
    vertex -9.874998092651367 -3.25 9.5367431640625e-07
  endloop
endfacet
facet normal 0.0 0.0 0.0
  outer loop
    vertex -4.874999046325684 3.25 1.0000014305114746
    vertex -9.874999046325684 3.25 1.0000009536743164
    vertex -4.874999046325684 3.25 1.430511474609375e-06
  endloop
endfacet
facet normal 0.0 0.0 0.0
  outer loop
    vertex -4.874999046325684 3.25 1.430511474609375e-06
    vertex -9.874999046325684 3.25 1.0000009536743164
    vertex -9.874998092651367 3.25 9.5367431640625e-07
  endloop
endfacet
facet normal 0.0 0.0 0.0
  outer loop
    vertex -4.874999046325684 -3.25 1.0000014305114746
    vertex -4.874999046325684 3.25 1.0000014305114746
    vertex -4.874999046325684 -3.25 1.430511474609375e-06
  endloop
endfacet
facet normal 0.0 0.0 0.0
  outer loop
    vertex -4.874999046325684 -3.25 1.430511474609375e-06
    vertex -4.874999046325684 3.25 1.0000014305114746
    vertex -4.874999046325684 3.25 1.430511474609375e-06
  endloop
endfacet
facet normal 0.0 0.0 0.0
  outer loop
    vertex -9.874999046325684 -3.25 1.0000009536743164
    vertex -4.874999046325684 -3.25 1.0000014305114746
    vertex -9.874998092651367 -3.25 9.5367431640625e-07
  endloop
endfacet
facet normal 0.0 0.0 0.0
  outer loop
    vertex -9.874998092651367 -3.25 9.5367431640625e-07
    vertex -4.874999046325684 -3.25 1.0000014305114746
    vertex -4.874999046325684 -3.25 1.430511474609375e-06
  endloop
endfacet
facet normal 0.0 0.0 0.0
  outer loop
    vertex -38.874996185302734 -17.5 -1.9073486328125e-06
    vertex -38.874996185302734 -17.5 0.9999980926513672
    vertex -40.48969268798828 -17.42534828186035 -1.9073486328125e-06
  endloop
endfacet
facet normal 0.0 0.0 0.0
  outer loop
    vertex -40.48969268798828 -17.42534828186035 -1.9073486328125e-06
    vertex -38.874996185302734 -17.5 0.9999980926513672
    vertex -40.48969268798828 -17.42534828186035 0.9999980926513672
  endloop
endfacet
facet normal 0.0 0.0 0.0
  outer loop
    vertex -40.48969268798828 -17.42534828186035 -1.9073486328125e-06
    vertex -40.48969268798828 -17.42534828186035 0.9999980926513672
    vertex -42.090614318847656 -17.202030181884766 -1.9073486328125e-06
  endloop
endfacet
facet normal 0.0 0.0 0.0
  outer loop
    vertex -42.090614318847656 -17.202030181884766 -1.9073486328125e-06
    vertex -40.48969268798828 -17.42534828186035 0.9999980926513672
    vertex -42.090614318847656 -17.202030181884766 0.9999980926513672
  endloop
endfacet
facet normal 0.0 0.0 0.0
  outer loop
    vertex -42.090614318847656 -17.202030181884766 -1.9073486328125e-06
    vertex -42.090614318847656 -17.202030181884766 0.9999980926513672
    vertex -43.66409683227539 -16.83194923400879 -1.9073486328125e-06
  endloop
endfacet
facet normal 0.0 0.0 0.0
  outer loop
    vertex -43.66409683227539 -16.83194923400879 -1.9073486328125e-06
    vertex -42.090614318847656 -17.202030181884766 0.9999980926513672
    vertex -43.66409683227539 -16.83194923400879 0.9999980926513672
  endloop
endfacet
facet normal 0.0 0.0 0.0
  outer loop
    vertex -43.66409683227539 -16.83194923400879 -1.9073486328125e-06
    vertex -43.66409683227539 -16.83194923400879 0.9999980926513672
    vertex -45.19672393798828 -16.31826400756836 -2.384185791015625e-06
  endloop
endfacet
facet normal 0.0 0.0 0.0
  outer loop
    vertex -45.19672393798828 -16.31826400756836 -2.384185791015625e-06
    vertex -43.66409683227539 -16.83194923400879 0.9999980926513672
    vertex -45.19672393798828 -16.31826400756836 0.999997615814209
  endloop
endfacet
facet normal 0.0 0.0 0.0
  outer loop
    vertex -45.19672393798828 -16.31826400756836 -2.384185791015625e-06
    vertex -45.19672393798828 -16.31826400756836 0.999997615814209
    vertex -46.675418853759766 -15.66535758972168 -2.384185791015625e-06
  endloop
endfacet
facet normal 0.0 0.0 0.0
  outer loop
    vertex -46.675418853759766 -15.66535758972168 -2.384185791015625e-06
    vertex -45.19672393798828 -16.31826400756836 0.999997615814209
    vertex -46.675418853759766 -15.66535758972168 0.999997615814209
  endloop
endfacet
facet normal 0.0 0.0 0.0
  outer loop
    vertex -46.675418853759766 -15.66535758972168 -2.384185791015625e-06
    vertex -46.675418853759766 -15.66535758972168 0.999997615814209
    vertex -48.087554931640625 -14.878799438476562 -2.384185791015625e-06
  endloop
endfacet
facet normal 0.0 0.0 0.0
  outer loop
    vertex -48.087554931640625 -14.878799438476562 -2.384185791015625e-06
    vertex -46.675418853759766 -15.66535758972168 0.999997615814209
    vertex -48.087554931640625 -14.878799438476562 0.999997615814209
  endloop
endfacet
facet normal 0.0 0.0 0.0
  outer loop
    vertex -48.087554931640625 -14.878799438476562 -2.384185791015625e-06
    vertex -48.087554931640625 -14.878799438476562 0.999997615814209
    vertex -49.42109680175781 -13.965301513671875 -2.86102294921875e-06
  endloop
endfacet
facet normal 0.0 0.0 0.0
  outer loop
    vertex -49.42109680175781 -13.965301513671875 -2.86102294921875e-06
    vertex -48.087554931640625 -14.878799438476562 0.999997615814209
    vertex -49.42109680175781 -13.965301513671875 0.9999971389770508
  endloop
endfacet
facet normal 0.0 0.0 0.0
  outer loop
    vertex -49.42109680175781 -13.965301513671875 -2.86102294921875e-06
    vertex -49.42109680175781 -13.965301513671875 0.9999971389770508
    vertex -50.66466522216797 -12.932656288146973 -2.86102294921875e-06
  endloop
endfacet
facet normal 0.0 0.0 0.0
  outer loop
    vertex -50.66466522216797 -12.932656288146973 -2.86102294921875e-06
    vertex -49.42109680175781 -13.965301513671875 0.9999971389770508
    vertex -50.66466522216797 -12.932656288146973 0.9999971389770508
  endloop
endfacet
facet normal 0.0 0.0 0.0
  outer loop
    vertex -50.66466522216797 -12.932656288146973 -2.86102294921875e-06
    vertex -50.66466522216797 -12.932656288146973 0.9999971389770508
    vertex -51.807647705078125 -11.789673805236816 -2.86102294921875e-06
  endloop
endfacet
facet normal 0.0 0.0 0.0
  outer loop
    vertex -51.807647705078125 -11.789673805236816 -2.86102294921875e-06
    vertex -50.66466522216797 -12.932656288146973 0.9999971389770508
    vertex -51.807647705078125 -11.789673805236816 0.9999971389770508
  endloop
endfacet
facet normal 0.0 0.0 0.0
  outer loop
    vertex -51.807647705078125 -11.789673805236816 -2.86102294921875e-06
    vertex -51.807647705078125 -11.789673805236816 0.9999971389770508
    vertex -52.840293884277344 -10.546106338500977 -2.86102294921875e-06
  endloop
endfacet
facet normal 0.0 0.0 0.0
  outer loop
    vertex -52.840293884277344 -10.546106338500977 -2.86102294921875e-06
    vertex -51.807647705078125 -11.789673805236816 0.9999971389770508
    vertex -52.840293884277344 -10.546106338500977 0.9999971389770508
  endloop
endfacet
facet normal 0.0 0.0 0.0
  outer loop
    vertex -52.840293884277344 -10.546106338500977 -2.86102294921875e-06
    vertex -52.840293884277344 -10.546106338500977 0.9999971389770508
    vertex -53.75379180908203 -9.212562561035156 -2.86102294921875e-06
  endloop
endfacet
facet normal 0.0 0.0 0.0
  outer loop
    vertex -53.75379180908203 -9.212562561035156 -2.86102294921875e-06
    vertex -52.840293884277344 -10.546106338500977 0.9999971389770508
    vertex -53.75379180908203 -9.212562561035156 0.9999971389770508
  endloop
endfacet
facet normal 0.0 0.0 0.0
  outer loop
    vertex -53.75379180908203 -9.212562561035156 -2.86102294921875e-06
    vertex -53.75379180908203 -9.212562561035156 0.9999971389770508
    vertex -54.54035186767578 -7.800421237945557 -3.337860107421875e-06
  endloop
endfacet
facet normal 0.0 0.0 0.0
  outer loop
    vertex -54.54035186767578 -7.800421237945557 -3.337860107421875e-06
    vertex -53.75379180908203 -9.212562561035156 0.9999971389770508
    vertex -54.54035186767578 -7.800421237945557 0.9999966621398926
  endloop
endfacet
facet normal 0.0 0.0 0.0
  outer loop
    vertex -54.54035186767578 -7.800421237945557 -3.337860107421875e-06
    vertex -54.54035186767578 -7.800421237945557 0.9999966621398926
    vertex -55.19325637817383 -6.3217291831970215 -3.337860107421875e-06
  endloop
endfacet
facet normal 0.0 0.0 0.0
  outer loop
    vertex -55.19325637817383 -6.3217291831970215 -3.337860107421875e-06
    vertex -54.54035186767578 -7.800421237945557 0.9999966621398926
    vertex -55.19325637817383 -6.3217291831970215 0.9999966621398926
  endloop
endfacet
facet normal 0.0 0.0 0.0
  outer loop
    vertex -55.19325637817383 -6.3217291831970215 -3.337860107421875e-06
    vertex -55.19325637817383 -6.3217291831970215 0.9999966621398926
    vertex -55.706939697265625 -4.789102554321289 -3.337860107421875e-06
  endloop
endfacet
facet normal 0.0 0.0 0.0
  outer loop
    vertex -55.706939697265625 -4.789102554321289 -3.337860107421875e-06
    vertex -55.19325637817383 -6.3217291831970215 0.9999966621398926
    vertex -55.706939697265625 -4.789102554321289 0.9999966621398926
  endloop
endfacet
facet normal 0.0 0.0 0.0
  outer loop
    vertex -55.706939697265625 -4.789102554321289 -3.337860107421875e-06
    vertex -55.706939697265625 -4.789102554321289 0.9999966621398926
    vertex -56.077022552490234 -3.215616464614868 -3.337860107421875e-06
  endloop
endfacet
facet normal 0.0 0.0 0.0
  outer loop
    vertex -56.077022552490234 -3.215616464614868 -3.337860107421875e-06
    vertex -55.706939697265625 -4.789102554321289 0.9999966621398926
    vertex -56.077022552490234 -3.215616464614868 0.9999966621398926
  endloop
endfacet
facet normal 0.0 0.0 0.0
  outer loop
    vertex -56.077022552490234 -3.215616464614868 -3.337860107421875e-06
    vertex -56.077022552490234 -3.215616464614868 0.9999966621398926
    vertex -56.30033874511719 -1.6146962642669678 -3.337860107421875e-06
  endloop
endfacet
facet normal 0.0 0.0 0.0
  outer loop
    vertex -56.30033874511719 -1.6146962642669678 -3.337860107421875e-06
    vertex -56.077022552490234 -3.215616464614868 0.9999966621398926
    vertex -56.30033874511719 -1.6146962642669678 0.9999966621398926
  endloop
endfacet
facet normal 0.0 0.0 0.0
  outer loop
    vertex -56.30033874511719 -1.6146962642669678 -3.337860107421875e-06
    vertex -56.30033874511719 -1.6146962642669678 0.9999966621398926
    vertex -56.37499237060547 -8.881784197001252e-15 -3.337860107421875e-06
  endloop
endfacet
facet normal 0.0 0.0 0.0
  outer loop
    vertex -56.37499237060547 -8.881784197001252e-15 -3.337860107421875e-06
    vertex -56.30033874511719 -1.6146962642669678 0.9999966621398926
    vertex -56.37499237060547 -8.881784197001252e-15 0.9999966621398926
  endloop
endfacet
facet normal 0.0 0.0 0.0
  outer loop
    vertex -56.37499237060547 -8.881784197001252e-15 -3.337860107421875e-06
    vertex -56.37499237060547 -8.881784197001252e-15 0.9999966621398926
    vertex -56.30033874511719 1.6146962642669678 -3.337860107421875e-06
  endloop
endfacet
facet normal 0.0 0.0 0.0
  outer loop
    vertex -56.30033874511719 1.6146962642669678 -3.337860107421875e-06
    vertex -56.37499237060547 -8.881784197001252e-15 0.9999966621398926
    vertex -56.30033874511719 1.6146962642669678 0.9999966621398926
  endloop
endfacet
facet normal 0.0 0.0 0.0
  outer loop
    vertex -56.30033874511719 1.6146962642669678 -3.337860107421875e-06
    vertex -56.30033874511719 1.6146962642669678 0.9999966621398926
    vertex -56.077022552490234 3.215616464614868 -3.337860107421875e-06
  endloop
endfacet
facet normal 0.0 0.0 0.0
  outer loop
    vertex -56.077022552490234 3.215616464614868 -3.337860107421875e-06
    vertex -56.30033874511719 1.6146962642669678 0.9999966621398926
    vertex -56.077022552490234 3.215616464614868 0.9999966621398926
  endloop
endfacet
facet normal 0.0 0.0 0.0
  outer loop
    vertex -56.077022552490234 3.215616464614868 -3.337860107421875e-06
    vertex -56.077022552490234 3.215616464614868 0.9999966621398926
    vertex -55.706939697265625 4.789102554321289 -3.337860107421875e-06
  endloop
endfacet
facet normal 0.0 0.0 0.0
  outer loop
    vertex -55.706939697265625 4.789102554321289 -3.337860107421875e-06
    vertex -56.077022552490234 3.215616464614868 0.9999966621398926
    vertex -55.706939697265625 4.789102554321289 0.9999966621398926
  endloop
endfacet
facet normal 0.0 0.0 0.0
  outer loop
    vertex -55.706939697265625 4.789102554321289 -3.337860107421875e-06
    vertex -55.706939697265625 4.789102554321289 0.9999966621398926
    vertex -55.19325637817383 6.3217291831970215 -3.337860107421875e-06
  endloop
endfacet
facet normal 0.0 0.0 0.0
  outer loop
    vertex -55.19325637817383 6.3217291831970215 -3.337860107421875e-06
    vertex -55.706939697265625 4.789102554321289 0.9999966621398926
    vertex -55.19325637817383 6.3217291831970215 0.9999966621398926
  endloop
endfacet
facet normal 0.0 0.0 0.0
  outer loop
    vertex -55.19325637817383 6.3217291831970215 -3.337860107421875e-06
    vertex -55.19325637817383 6.3217291831970215 0.9999966621398926
    vertex -54.54035186767578 7.800421237945557 -3.337860107421875e-06
  endloop
endfacet
facet normal 0.0 0.0 0.0
  outer loop
    vertex -54.54035186767578 7.800421237945557 -3.337860107421875e-06
    vertex -55.19325637817383 6.3217291831970215 0.9999966621398926
    vertex -54.54035186767578 7.800421237945557 0.9999966621398926
  endloop
endfacet
facet normal 0.0 0.0 0.0
  outer loop
    vertex -54.54035186767578 7.800421237945557 -3.337860107421875e-06
    vertex -54.54035186767578 7.800421237945557 0.9999966621398926
    vertex -53.75379180908203 9.212562561035156 -2.86102294921875e-06
  endloop
endfacet
facet normal 0.0 0.0 0.0
  outer loop
    vertex -53.75379180908203 9.212562561035156 -2.86102294921875e-06
    vertex -54.54035186767578 7.800421237945557 0.9999966621398926
    vertex -53.75379180908203 9.212562561035156 0.9999971389770508
  endloop
endfacet
facet normal 0.0 0.0 0.0
  outer loop
    vertex -53.75379180908203 9.212562561035156 -2.86102294921875e-06
    vertex -53.75379180908203 9.212562561035156 0.9999971389770508
    vertex -52.840293884277344 10.546106338500977 -2.86102294921875e-06
  endloop
endfacet
facet normal 0.0 0.0 0.0
  outer loop
    vertex -52.840293884277344 10.546106338500977 -2.86102294921875e-06
    vertex -53.75379180908203 9.212562561035156 0.9999971389770508
    vertex -52.840293884277344 10.546106338500977 0.9999971389770508
  endloop
endfacet
facet normal 0.0 0.0 0.0
  outer loop
    vertex -52.840293884277344 10.546106338500977 -2.86102294921875e-06
    vertex -52.840293884277344 10.546106338500977 0.9999971389770508
    vertex -51.807647705078125 11.789673805236816 -2.86102294921875e-06
  endloop
endfacet
facet normal 0.0 0.0 0.0
  outer loop
    vertex -51.807647705078125 11.789673805236816 -2.86102294921875e-06
    vertex -52.840293884277344 10.546106338500977 0.9999971389770508
    vertex -51.807647705078125 11.789673805236816 0.9999971389770508
  endloop
endfacet
facet normal 0.0 0.0 0.0
  outer loop
    vertex -51.807647705078125 11.789673805236816 -2.86102294921875e-06
    vertex -51.807647705078125 11.789673805236816 0.9999971389770508
    vertex -50.66466522216797 12.932656288146973 -2.86102294921875e-06
  endloop
endfacet
facet normal 0.0 0.0 0.0
  outer loop
    vertex -50.66466522216797 12.932656288146973 -2.86102294921875e-06
    vertex -51.807647705078125 11.789673805236816 0.9999971389770508
    vertex -50.66466522216797 12.932656288146973 0.9999971389770508
  endloop
endfacet
facet normal 0.0 0.0 0.0
  outer loop
    vertex -50.66466522216797 12.932656288146973 -2.86102294921875e-06
    vertex -50.66466522216797 12.932656288146973 0.9999971389770508
    vertex -49.42109680175781 13.965301513671875 -2.86102294921875e-06
  endloop
endfacet
facet normal 0.0 0.0 0.0
  outer loop
    vertex -49.42109680175781 13.965301513671875 -2.86102294921875e-06
    vertex -50.66466522216797 12.932656288146973 0.9999971389770508
    vertex -49.42109680175781 13.965301513671875 0.9999971389770508
  endloop
endfacet
facet normal 0.0 0.0 0.0
  outer loop
    vertex -49.42109680175781 13.965301513671875 -2.86102294921875e-06
    vertex -49.42109680175781 13.965301513671875 0.9999971389770508
    vertex -48.087554931640625 14.878799438476562 -2.384185791015625e-06
  endloop
endfacet
facet normal 0.0 0.0 0.0
  outer loop
    vertex -48.087554931640625 14.878799438476562 -2.384185791015625e-06
    vertex -49.42109680175781 13.965301513671875 0.9999971389770508
    vertex -48.087554931640625 14.878799438476562 0.999997615814209
  endloop
endfacet
facet normal 0.0 0.0 0.0
  outer loop
    vertex -48.087554931640625 14.878799438476562 -2.384185791015625e-06
    vertex -48.087554931640625 14.878799438476562 0.999997615814209
    vertex -46.675418853759766 15.66535758972168 -2.384185791015625e-06
  endloop
endfacet
facet normal 0.0 0.0 0.0
  outer loop
    vertex -46.675418853759766 15.66535758972168 -2.384185791015625e-06
    vertex -48.087554931640625 14.878799438476562 0.999997615814209
    vertex -46.675418853759766 15.66535758972168 0.999997615814209
  endloop
endfacet
facet normal 0.0 0.0 0.0
  outer loop
    vertex -46.675418853759766 15.66535758972168 -2.384185791015625e-06
    vertex -46.675418853759766 15.66535758972168 0.999997615814209
    vertex -45.19672393798828 16.31826400756836 -2.384185791015625e-06
  endloop
endfacet
facet normal 0.0 0.0 0.0
  outer loop
    vertex -45.19672393798828 16.31826400756836 -2.384185791015625e-06
    vertex -46.675418853759766 15.66535758972168 0.999997615814209
    vertex -45.19672393798828 16.31826400756836 0.999997615814209
  endloop
endfacet
facet normal 0.0 0.0 0.0
  outer loop
    vertex -45.19672393798828 16.31826400756836 -2.384185791015625e-06
    vertex -45.19672393798828 16.31826400756836 0.999997615814209
    vertex -43.66409683227539 16.83194923400879 -1.9073486328125e-06
  endloop
endfacet
facet normal 0.0 0.0 0.0
  outer loop
    vertex -43.66409683227539 16.83194923400879 -1.9073486328125e-06
    vertex -45.19672393798828 16.31826400756836 0.999997615814209
    vertex -43.66409683227539 16.83194923400879 0.9999980926513672
  endloop
endfacet
facet normal 0.0 0.0 0.0
  outer loop
    vertex -43.66409683227539 16.83194923400879 -1.9073486328125e-06
    vertex -43.66409683227539 16.83194923400879 0.9999980926513672
    vertex -42.090614318847656 17.202030181884766 -1.9073486328125e-06
  endloop
endfacet
facet normal 0.0 0.0 0.0
  outer loop
    vertex -42.090614318847656 17.202030181884766 -1.9073486328125e-06
    vertex -43.66409683227539 16.83194923400879 0.9999980926513672
    vertex -42.090614318847656 17.202030181884766 0.9999980926513672
  endloop
endfacet
facet normal 0.0 0.0 0.0
  outer loop
    vertex -42.090614318847656 17.202030181884766 -1.9073486328125e-06
    vertex -42.090614318847656 17.202030181884766 0.9999980926513672
    vertex -40.48969268798828 17.42534828186035 -1.9073486328125e-06
  endloop
endfacet
facet normal 0.0 0.0 0.0
  outer loop
    vertex -40.48969268798828 17.42534828186035 -1.9073486328125e-06
    vertex -42.090614318847656 17.202030181884766 0.9999980926513672
    vertex -40.48969268798828 17.42534828186035 0.9999980926513672
  endloop
endfacet
facet normal 0.0 0.0 0.0
  outer loop
    vertex -40.48969268798828 17.42534828186035 -1.9073486328125e-06
    vertex -40.48969268798828 17.42534828186035 0.9999980926513672
    vertex -38.874996185302734 17.5 -1.9073486328125e-06
  endloop
endfacet
facet normal 0.0 0.0 0.0
  outer loop
    vertex -38.874996185302734 17.5 -1.9073486328125e-06
    vertex -40.48969268798828 17.42534828186035 0.9999980926513672
    vertex -38.874996185302734 17.5 0.9999980926513672
  endloop
endfacet
facet normal 0.0 0.0 0.0
  outer loop
    vertex 38.874996185302734 17.5 5.7220458984375e-06
    vertex 38.874996185302734 17.5 1.0000057220458984
    vertex 40.489688873291016 17.42534828186035 5.7220458984375e-06
  endloop
endfacet
facet normal 0.0 0.0 0.0
  outer loop
    vertex 40.489688873291016 17.42534828186035 5.7220458984375e-06
    vertex 38.874996185302734 17.5 1.0000057220458984
    vertex 40.489688873291016 17.42534828186035 1.0000057220458984
  endloop
endfacet
facet normal 0.0 0.0 0.0
  outer loop
    vertex 40.489688873291016 17.42534828186035 5.7220458984375e-06
    vertex 40.489688873291016 17.42534828186035 1.0000057220458984
    vertex 42.09061050415039 17.202030181884766 5.7220458984375e-06
  endloop
endfacet
facet normal 0.0 0.0 0.0
  outer loop
    vertex 42.09061050415039 17.202030181884766 5.7220458984375e-06
    vertex 40.489688873291016 17.42534828186035 1.0000057220458984
    vertex 42.09061050415039 17.202030181884766 1.0000057220458984
  endloop
endfacet
facet normal 0.0 0.0 0.0
  outer loop
    vertex 42.09061050415039 17.202030181884766 5.7220458984375e-06
    vertex 42.09061050415039 17.202030181884766 1.0000057220458984
    vertex 43.66409683227539 16.83194923400879 5.7220458984375e-06
  endloop
endfacet
facet normal 0.0 0.0 0.0
  outer loop
    vertex 43.66409683227539 16.83194923400879 5.7220458984375e-06
    vertex 42.09061050415039 17.202030181884766 1.0000057220458984
    vertex 43.66409683227539 16.83194923400879 1.0000057220458984
  endloop
endfacet
facet normal 0.0 0.0 0.0
  outer loop
    vertex 43.66409683227539 16.83194923400879 5.7220458984375e-06
    vertex 43.66409683227539 16.83194923400879 1.0000057220458984
    vertex 45.19672775268555 16.31826400756836 6.198883056640625e-06
  endloop
endfacet
facet normal 0.0 0.0 0.0
  outer loop
    vertex 45.19672775268555 16.31826400756836 6.198883056640625e-06
    vertex 43.66409683227539 16.83194923400879 1.0000057220458984
    vertex 45.19672775268555 16.31826400756836 1.0000061988830566
  endloop
endfacet
facet normal 0.0 0.0 0.0
  outer loop
    vertex 45.19672775268555 16.31826400756836 6.198883056640625e-06
    vertex 45.19672775268555 16.31826400756836 1.0000061988830566
    vertex 46.675418853759766 15.66535758972168 6.198883056640625e-06
  endloop
endfacet
facet normal 0.0 0.0 0.0
  outer loop
    vertex 46.675418853759766 15.66535758972168 6.198883056640625e-06
    vertex 45.19672775268555 16.31826400756836 1.0000061988830566
    vertex 46.675418853759766 15.66535758972168 1.0000061988830566
  endloop
endfacet
facet normal 0.0 0.0 0.0
  outer loop
    vertex 46.675418853759766 15.66535758972168 6.198883056640625e-06
    vertex 46.675418853759766 15.66535758972168 1.0000061988830566
    vertex 48.087554931640625 14.878799438476562 6.198883056640625e-06
  endloop
endfacet
facet normal 0.0 0.0 0.0
  outer loop
    vertex 48.087554931640625 14.878799438476562 6.198883056640625e-06
    vertex 46.675418853759766 15.66535758972168 1.0000061988830566
    vertex 48.087554931640625 14.878799438476562 1.0000061988830566
  endloop
endfacet
facet normal 0.0 0.0 0.0
  outer loop
    vertex 48.087554931640625 14.878799438476562 6.198883056640625e-06
    vertex 48.087554931640625 14.878799438476562 1.0000061988830566
    vertex 49.42109680175781 13.965301513671875 6.67572021484375e-06
  endloop
endfacet
facet normal 0.0 0.0 0.0
  outer loop
    vertex 49.42109680175781 13.965301513671875 6.67572021484375e-06
    vertex 48.087554931640625 14.878799438476562 1.0000061988830566
    vertex 49.42109680175781 13.965301513671875 1.0000066757202148
  endloop
endfacet
facet normal 0.0 0.0 0.0
  outer loop
    vertex 49.42109680175781 13.965301513671875 6.67572021484375e-06
    vertex 49.42109680175781 13.965301513671875 1.0000066757202148
    vertex 50.66466522216797 12.932656288146973 6.67572021484375e-06
  endloop
endfacet
facet normal 0.0 0.0 0.0
  outer loop
    vertex 50.66466522216797 12.932656288146973 6.67572021484375e-06
    vertex 49.42109680175781 13.965301513671875 1.0000066757202148
    vertex 50.66466522216797 12.932656288146973 1.0000066757202148
  endloop
endfacet
facet normal 0.0 0.0 0.0
  outer loop
    vertex 50.66466522216797 12.932656288146973 6.67572021484375e-06
    vertex 50.66466522216797 12.932656288146973 1.0000066757202148
    vertex 51.807647705078125 11.789673805236816 6.67572021484375e-06
  endloop
endfacet
facet normal 0.0 0.0 0.0
  outer loop
    vertex 51.807647705078125 11.789673805236816 6.67572021484375e-06
    vertex 50.66466522216797 12.932656288146973 1.0000066757202148
    vertex 51.807647705078125 11.789673805236816 1.0000066757202148
  endloop
endfacet
facet normal 0.0 0.0 0.0
  outer loop
    vertex 51.807647705078125 11.789673805236816 6.67572021484375e-06
    vertex 51.807647705078125 11.789673805236816 1.0000066757202148
    vertex 52.840293884277344 10.546106338500977 6.67572021484375e-06
  endloop
endfacet
facet normal 0.0 0.0 0.0
  outer loop
    vertex 52.840293884277344 10.546106338500977 6.67572021484375e-06
    vertex 51.807647705078125 11.789673805236816 1.0000066757202148
    vertex 52.840293884277344 10.546106338500977 1.0000066757202148
  endloop
endfacet
facet normal 0.0 0.0 0.0
  outer loop
    vertex 52.840293884277344 10.546106338500977 6.67572021484375e-06
    vertex 52.840293884277344 10.546106338500977 1.0000066757202148
    vertex 53.75379180908203 9.212562561035156 6.67572021484375e-06
  endloop
endfacet
facet normal 0.0 0.0 0.0
  outer loop
    vertex 53.75379180908203 9.212562561035156 6.67572021484375e-06
    vertex 52.840293884277344 10.546106338500977 1.0000066757202148
    vertex 53.75379180908203 9.212562561035156 1.0000066757202148
  endloop
endfacet
facet normal 0.0 0.0 0.0
  outer loop
    vertex 53.75379180908203 9.212562561035156 6.67572021484375e-06
    vertex 53.75379180908203 9.212562561035156 1.0000066757202148
    vertex 54.54035186767578 7.800421237945557 7.152557373046875e-06
  endloop
endfacet
facet normal 0.0 0.0 0.0
  outer loop
    vertex 54.54035186767578 7.800421237945557 7.152557373046875e-06
    vertex 53.75379180908203 9.212562561035156 1.0000066757202148
    vertex 54.54035186767578 7.800421237945557 1.000007152557373
  endloop
endfacet
facet normal 0.0 0.0 0.0
  outer loop
    vertex 54.54035186767578 7.800421237945557 7.152557373046875e-06
    vertex 54.54035186767578 7.800421237945557 1.000007152557373
    vertex 55.193260192871094 6.3217291831970215 7.152557373046875e-06
  endloop
endfacet
facet normal 0.0 0.0 0.0
  outer loop
    vertex 55.193260192871094 6.3217291831970215 7.152557373046875e-06
    vertex 54.54035186767578 7.800421237945557 1.000007152557373
    vertex 55.193260192871094 6.3217291831970215 1.000007152557373
  endloop
endfacet
facet normal 0.0 0.0 0.0
  outer loop
    vertex 55.193260192871094 6.3217291831970215 7.152557373046875e-06
    vertex 55.193260192871094 6.3217291831970215 1.000007152557373
    vertex 55.706939697265625 4.789102554321289 7.152557373046875e-06
  endloop
endfacet
facet normal 0.0 0.0 0.0
  outer loop
    vertex 55.706939697265625 4.789102554321289 7.152557373046875e-06
    vertex 55.193260192871094 6.3217291831970215 1.000007152557373
    vertex 55.706939697265625 4.789102554321289 1.000007152557373
  endloop
endfacet
facet normal 0.0 0.0 0.0
  outer loop
    vertex 55.706939697265625 4.789102554321289 7.152557373046875e-06
    vertex 55.706939697265625 4.789102554321289 1.000007152557373
    vertex 56.07701873779297 3.215616464614868 7.152557373046875e-06
  endloop
endfacet
facet normal 0.0 0.0 0.0
  outer loop
    vertex 56.07701873779297 3.215616464614868 7.152557373046875e-06
    vertex 55.706939697265625 4.789102554321289 1.000007152557373
    vertex 56.07701873779297 3.215616464614868 1.000007152557373
  endloop
endfacet
facet normal 0.0 0.0 0.0
  outer loop
    vertex 56.07701873779297 3.215616464614868 7.152557373046875e-06
    vertex 56.07701873779297 3.215616464614868 1.000007152557373
    vertex 56.30033874511719 1.6146962642669678 7.152557373046875e-06
  endloop
endfacet
facet normal 0.0 0.0 0.0
  outer loop
    vertex 56.30033874511719 1.6146962642669678 7.152557373046875e-06
    vertex 56.07701873779297 3.215616464614868 1.000007152557373
    vertex 56.30033874511719 1.6146962642669678 1.000007152557373
  endloop
endfacet
facet normal 0.0 0.0 0.0
  outer loop
    vertex 56.30033874511719 1.6146962642669678 7.152557373046875e-06
    vertex 56.30033874511719 1.6146962642669678 1.000007152557373
    vertex 56.37499237060547 6.2659402033573165e-15 7.152557373046875e-06
  endloop
endfacet
facet normal 0.0 0.0 0.0
  outer loop
    vertex 56.37499237060547 6.2659402033573165e-15 7.152557373046875e-06
    vertex 56.30033874511719 1.6146962642669678 1.000007152557373
    vertex 56.37499237060547 -1.5056209690187793e-15 1.000007152557373
  endloop
endfacet
facet normal 0.0 0.0 0.0
  outer loop
    vertex 56.37499237060547 6.2659402033573165e-15 7.152557373046875e-06
    vertex 56.37499237060547 -1.5056209690187793e-15 1.000007152557373
    vertex 56.30033874511719 -1.6146962642669678 7.152557373046875e-06
  endloop
endfacet
facet normal 0.0 0.0 0.0
  outer loop
    vertex 56.30033874511719 -1.6146962642669678 7.152557373046875e-06
    vertex 56.37499237060547 -1.5056209690187793e-15 1.000007152557373
    vertex 56.30033874511719 -1.6146962642669678 1.000007152557373
  endloop
endfacet
facet normal 0.0 0.0 0.0
  outer loop
    vertex 56.30033874511719 -1.6146962642669678 7.152557373046875e-06
    vertex 56.30033874511719 -1.6146962642669678 1.000007152557373
    vertex 56.07701873779297 -3.215616464614868 7.152557373046875e-06
  endloop
endfacet
facet normal 0.0 0.0 0.0
  outer loop
    vertex 56.07701873779297 -3.215616464614868 7.152557373046875e-06
    vertex 56.30033874511719 -1.6146962642669678 1.000007152557373
    vertex 56.07701873779297 -3.215616464614868 1.000007152557373
  endloop
endfacet
facet normal 0.0 0.0 0.0
  outer loop
    vertex 56.07701873779297 -3.215616464614868 7.152557373046875e-06
    vertex 56.07701873779297 -3.215616464614868 1.000007152557373
    vertex 55.706939697265625 -4.789102554321289 7.152557373046875e-06
  endloop
endfacet
facet normal 0.0 0.0 0.0
  outer loop
    vertex 55.706939697265625 -4.789102554321289 7.152557373046875e-06
    vertex 56.07701873779297 -3.215616464614868 1.000007152557373
    vertex 55.706939697265625 -4.789102554321289 1.000007152557373
  endloop
endfacet
facet normal 0.0 0.0 0.0
  outer loop
    vertex 55.706939697265625 -4.789102554321289 7.152557373046875e-06
    vertex 55.706939697265625 -4.789102554321289 1.000007152557373
    vertex 55.193260192871094 -6.3217291831970215 7.152557373046875e-06
  endloop
endfacet
facet normal 0.0 0.0 0.0
  outer loop
    vertex 55.193260192871094 -6.3217291831970215 7.152557373046875e-06
    vertex 55.706939697265625 -4.789102554321289 1.000007152557373
    vertex 55.193260192871094 -6.3217291831970215 1.000007152557373
  endloop
endfacet
facet normal 0.0 0.0 0.0
  outer loop
    vertex 55.193260192871094 -6.3217291831970215 7.152557373046875e-06
    vertex 55.193260192871094 -6.3217291831970215 1.000007152557373
    vertex 54.54035186767578 -7.800421237945557 7.152557373046875e-06
  endloop
endfacet
facet normal 0.0 0.0 0.0
  outer loop
    vertex 54.54035186767578 -7.800421237945557 7.152557373046875e-06
    vertex 55.193260192871094 -6.3217291831970215 1.000007152557373
    vertex 54.54035186767578 -7.800421237945557 1.000007152557373
  endloop
endfacet
facet normal 0.0 0.0 0.0
  outer loop
    vertex 54.54035186767578 -7.800421237945557 7.152557373046875e-06
    vertex 54.54035186767578 -7.800421237945557 1.000007152557373
    vertex 53.75379180908203 -9.212562561035156 6.67572021484375e-06
  endloop
endfacet
facet normal 0.0 0.0 0.0
  outer loop
    vertex 53.75379180908203 -9.212562561035156 6.67572021484375e-06
    vertex 54.54035186767578 -7.800421237945557 1.000007152557373
    vertex 53.75379180908203 -9.212562561035156 1.0000066757202148
  endloop
endfacet
facet normal 0.0 0.0 0.0
  outer loop
    vertex 53.75379180908203 -9.212562561035156 6.67572021484375e-06
    vertex 53.75379180908203 -9.212562561035156 1.0000066757202148
    vertex 52.840293884277344 -10.546106338500977 6.67572021484375e-06
  endloop
endfacet
facet normal 0.0 0.0 0.0
  outer loop
    vertex 52.840293884277344 -10.546106338500977 6.67572021484375e-06
    vertex 53.75379180908203 -9.212562561035156 1.0000066757202148
    vertex 52.840293884277344 -10.546106338500977 1.0000066757202148
  endloop
endfacet
facet normal 0.0 0.0 0.0
  outer loop
    vertex 52.840293884277344 -10.546106338500977 6.67572021484375e-06
    vertex 52.840293884277344 -10.546106338500977 1.0000066757202148
    vertex 51.807647705078125 -11.789673805236816 6.67572021484375e-06
  endloop
endfacet
facet normal 0.0 0.0 0.0
  outer loop
    vertex 51.807647705078125 -11.789673805236816 6.67572021484375e-06
    vertex 52.840293884277344 -10.546106338500977 1.0000066757202148
    vertex 51.807647705078125 -11.789673805236816 1.0000066757202148
  endloop
endfacet
facet normal 0.0 0.0 0.0
  outer loop
    vertex 51.807647705078125 -11.789673805236816 6.67572021484375e-06
    vertex 51.807647705078125 -11.789673805236816 1.0000066757202148
    vertex 50.66466522216797 -12.932656288146973 6.67572021484375e-06
  endloop
endfacet
facet normal 0.0 0.0 0.0
  outer loop
    vertex 50.66466522216797 -12.932656288146973 6.67572021484375e-06
    vertex 51.807647705078125 -11.789673805236816 1.0000066757202148
    vertex 50.66466522216797 -12.932656288146973 1.0000066757202148
  endloop
endfacet
facet normal 0.0 0.0 0.0
  outer loop
    vertex 50.66466522216797 -12.932656288146973 6.67572021484375e-06
    vertex 50.66466522216797 -12.932656288146973 1.0000066757202148
    vertex 49.42109680175781 -13.965301513671875 6.67572021484375e-06
  endloop
endfacet
facet normal 0.0 0.0 0.0
  outer loop
    vertex 49.42109680175781 -13.965301513671875 6.67572021484375e-06
    vertex 50.66466522216797 -12.932656288146973 1.0000066757202148
    vertex 49.42109680175781 -13.965301513671875 1.0000066757202148
  endloop
endfacet
facet normal 0.0 0.0 0.0
  outer loop
    vertex 49.42109680175781 -13.965301513671875 6.67572021484375e-06
    vertex 49.42109680175781 -13.965301513671875 1.0000066757202148
    vertex 48.087554931640625 -14.878799438476562 6.198883056640625e-06
  endloop
endfacet
facet normal 0.0 0.0 0.0
  outer loop
    vertex 48.087554931640625 -14.878799438476562 6.198883056640625e-06
    vertex 49.42109680175781 -13.965301513671875 1.0000066757202148
    vertex 48.087554931640625 -14.878799438476562 1.0000061988830566
  endloop
endfacet
facet normal 0.0 0.0 0.0
  outer loop
    vertex 48.087554931640625 -14.878799438476562 6.198883056640625e-06
    vertex 48.087554931640625 -14.878799438476562 1.0000061988830566
    vertex 46.675418853759766 -15.66535758972168 6.198883056640625e-06
  endloop
endfacet
facet normal 0.0 0.0 0.0
  outer loop
    vertex 46.675418853759766 -15.66535758972168 6.198883056640625e-06
    vertex 48.087554931640625 -14.878799438476562 1.0000061988830566
    vertex 46.675418853759766 -15.66535758972168 1.0000061988830566
  endloop
endfacet
facet normal 0.0 0.0 0.0
  outer loop
    vertex 46.675418853759766 -15.66535758972168 6.198883056640625e-06
    vertex 46.675418853759766 -15.66535758972168 1.0000061988830566
    vertex 45.19672775268555 -16.31826400756836 6.198883056640625e-06
  endloop
endfacet
facet normal 0.0 0.0 0.0
  outer loop
    vertex 45.19672775268555 -16.31826400756836 6.198883056640625e-06
    vertex 46.675418853759766 -15.66535758972168 1.0000061988830566
    vertex 45.19672775268555 -16.31826400756836 1.0000061988830566
  endloop
endfacet
facet normal 0.0 0.0 0.0
  outer loop
    vertex 45.19672775268555 -16.31826400756836 6.198883056640625e-06
    vertex 45.19672775268555 -16.31826400756836 1.0000061988830566
    vertex 43.66409683227539 -16.83194923400879 5.7220458984375e-06
  endloop
endfacet
facet normal 0.0 0.0 0.0
  outer loop
    vertex 43.66409683227539 -16.83194923400879 5.7220458984375e-06
    vertex 45.19672775268555 -16.31826400756836 1.0000061988830566
    vertex 43.66409683227539 -16.83194923400879 1.0000057220458984
  endloop
endfacet
facet normal 0.0 0.0 0.0
  outer loop
    vertex 43.66409683227539 -16.83194923400879 5.7220458984375e-06
    vertex 43.66409683227539 -16.83194923400879 1.0000057220458984
    vertex 42.09061050415039 -17.202030181884766 5.7220458984375e-06
  endloop
endfacet
facet normal 0.0 0.0 0.0
  outer loop
    vertex 42.09061050415039 -17.202030181884766 5.7220458984375e-06
    vertex 43.66409683227539 -16.83194923400879 1.0000057220458984
    vertex 42.09061050415039 -17.202030181884766 1.0000057220458984
  endloop
endfacet
facet normal 0.0 0.0 0.0
  outer loop
    vertex 42.09061050415039 -17.202030181884766 5.7220458984375e-06
    vertex 42.09061050415039 -17.202030181884766 1.0000057220458984
    vertex 40.489688873291016 -17.42534828186035 5.7220458984375e-06
  endloop
endfacet
facet normal 0.0 0.0 0.0
  outer loop
    vertex 40.489688873291016 -17.42534828186035 5.7220458984375e-06
    vertex 42.09061050415039 -17.202030181884766 1.0000057220458984
    vertex 40.489688873291016 -17.42534828186035 1.0000057220458984
  endloop
endfacet
facet normal 0.0 0.0 0.0
  outer loop
    vertex 40.489688873291016 -17.42534828186035 5.7220458984375e-06
    vertex 40.489688873291016 -17.42534828186035 1.0000057220458984
    vertex 38.874996185302734 -17.5 5.7220458984375e-06
  endloop
endfacet
facet normal 0.0 0.0 0.0
  outer loop
    vertex 38.874996185302734 -17.5 5.7220458984375e-06
    vertex 40.489688873291016 -17.42534828186035 1.0000057220458984
    vertex 38.874996185302734 -17.5 1.0000057220458984
  endloop
endfacet
endsolid Uranium STLWriter Mon 20 Aug 2018 11:55:43
