solid Uranium STLWriter Tue 28 Aug 2018 09:31:11
facet normal 0.0 0.0 0.0
  outer loop
    vertex 24.602825164794922 27.499996185302734 3.051114797592163
    vertex 24.602825164794922 24.999080657958984 3.051114797592163
    vertex 24.99105453491211 27.499996185302734 3.0000038146972656
  endloop
endfacet
facet normal 0.0 0.0 0.0
  outer loop
    vertex 24.99105453491211 27.499996185302734 3.0000038146972656
    vertex 24.602825164794922 24.999080657958984 3.051114797592163
    vertex 24.99105453491211 24.999080657958984 3.0000038146972656
  endloop
endfacet
facet normal 0.0 0.0 0.0
  outer loop
    vertex 24.99105453491211 27.499996185302734 3.0000038146972656
    vertex 24.99105453491211 24.999080657958984 3.0000038146972656
    vertex 25.379283905029297 27.499996185302734 3.051114797592163
  endloop
endfacet
facet normal 0.0 0.0 0.0
  outer loop
    vertex 25.379283905029297 27.499996185302734 3.051114797592163
    vertex 24.99105453491211 24.999080657958984 3.0000038146972656
    vertex 25.379283905029297 24.999080657958984 3.051114797592163
  endloop
endfacet
facet normal 0.0 0.0 0.0
  outer loop
    vertex 25.379283905029297 27.499996185302734 3.051114797592163
    vertex 25.379283905029297 24.999080657958984 3.051114797592163
    vertex 25.74105453491211 27.499996185302734 3.200965642929077
  endloop
endfacet
facet normal 0.0 0.0 0.0
  outer loop
    vertex 25.74105453491211 27.499996185302734 3.200965642929077
    vertex 25.379283905029297 24.999080657958984 3.051114797592163
    vertex 25.74105453491211 24.999080657958984 3.200965642929077
  endloop
endfacet
facet normal 0.0 0.0 0.0
  outer loop
    vertex 25.74105453491211 27.499996185302734 3.200965642929077
    vertex 25.74105453491211 24.999080657958984 3.200965642929077
    vertex 26.051715850830078 27.499996185302734 3.4393444061279297
  endloop
endfacet
facet normal 0.0 0.0 0.0
  outer loop
    vertex 26.051715850830078 27.499996185302734 3.4393444061279297
    vertex 25.74105453491211 24.999080657958984 3.200965642929077
    vertex 26.051715850830078 24.999080657958984 3.4393444061279297
  endloop
endfacet
facet normal 0.0 0.0 0.0
  outer loop
    vertex 26.051715850830078 27.499996185302734 3.4393444061279297
    vertex 26.051715850830078 24.999080657958984 3.4393444061279297
    vertex 26.290088653564453 27.499996185302734 3.7500038146972656
  endloop
endfacet
facet normal 0.0 0.0 0.0
  outer loop
    vertex 26.290088653564453 27.499996185302734 3.7500038146972656
    vertex 26.051715850830078 24.999080657958984 3.4393444061279297
    vertex 26.290088653564453 24.999080657958984 3.7500038146972656
  endloop
endfacet
facet normal 0.0 0.0 0.0
  outer loop
    vertex 26.290088653564453 27.499996185302734 3.7500038146972656
    vertex 26.290088653564453 24.999080657958984 3.7500038146972656
    vertex 26.439937591552734 27.499996185302734 4.111774444580078
  endloop
endfacet
facet normal 0.0 0.0 0.0
  outer loop
    vertex 26.439937591552734 27.499996185302734 4.111774444580078
    vertex 26.290088653564453 24.999080657958984 3.7500038146972656
    vertex 26.439937591552734 24.999080657958984 4.111774444580078
  endloop
endfacet
facet normal 0.0 0.0 0.0
  outer loop
    vertex 26.439937591552734 27.499996185302734 4.111774444580078
    vertex 26.439937591552734 24.999080657958984 4.111774444580078
    vertex 26.49105453491211 27.499996185302734 4.500003814697266
  endloop
endfacet
facet normal 0.0 0.0 0.0
  outer loop
    vertex 26.49105453491211 27.499996185302734 4.500003814697266
    vertex 26.439937591552734 24.999080657958984 4.111774444580078
    vertex 26.49105453491211 24.999080657958984 4.500003814697266
  endloop
endfacet
facet normal 0.0 0.0 0.0
  outer loop
    vertex 26.49105453491211 27.499996185302734 4.500003814697266
    vertex 26.49105453491211 24.999080657958984 4.500003814697266
    vertex 26.439937591552734 27.499996185302734 4.888233184814453
  endloop
endfacet
facet normal 0.0 0.0 0.0
  outer loop
    vertex 26.439937591552734 27.499996185302734 4.888233184814453
    vertex 26.49105453491211 24.999080657958984 4.500003814697266
    vertex 26.439937591552734 24.999080657958984 4.888233184814453
  endloop
endfacet
facet normal 0.0 0.0 0.0
  outer loop
    vertex 26.439937591552734 27.499996185302734 4.888233184814453
    vertex 26.439937591552734 24.999080657958984 4.888233184814453
    vertex 26.290088653564453 27.499996185302734 5.250003814697266
  endloop
endfacet
facet normal 0.0 0.0 0.0
  outer loop
    vertex 26.290088653564453 27.499996185302734 5.250003814697266
    vertex 26.439937591552734 24.999080657958984 4.888233184814453
    vertex 26.290088653564453 24.999080657958984 5.250003814697266
  endloop
endfacet
facet normal 0.0 0.0 0.0
  outer loop
    vertex 26.290088653564453 27.499996185302734 5.250003814697266
    vertex 26.290088653564453 24.999080657958984 5.250003814697266
    vertex 26.051715850830078 27.499996185302734 5.560662746429443
  endloop
endfacet
facet normal 0.0 0.0 0.0
  outer loop
    vertex 26.051715850830078 27.499996185302734 5.560662746429443
    vertex 26.290088653564453 24.999080657958984 5.250003814697266
    vertex 26.051715850830078 24.999080657958984 5.560662746429443
  endloop
endfacet
facet normal 0.0 0.0 0.0
  outer loop
    vertex 26.051715850830078 27.499996185302734 5.560662746429443
    vertex 26.051715850830078 24.999080657958984 5.560662746429443
    vertex 25.74105453491211 27.499996185302734 5.799041271209717
  endloop
endfacet
facet normal 0.0 0.0 0.0
  outer loop
    vertex 25.74105453491211 27.499996185302734 5.799041271209717
    vertex 26.051715850830078 24.999080657958984 5.560662746429443
    vertex 25.74105453491211 24.999080657958984 5.799041271209717
  endloop
endfacet
facet normal 0.0 0.0 0.0
  outer loop
    vertex 25.74105453491211 27.499996185302734 5.799041271209717
    vertex 25.74105453491211 24.999080657958984 5.799041271209717
    vertex 25.379283905029297 27.499996185302734 5.948892116546631
  endloop
endfacet
facet normal 0.0 0.0 0.0
  outer loop
    vertex 25.379283905029297 27.499996185302734 5.948892116546631
    vertex 25.74105453491211 24.999080657958984 5.799041271209717
    vertex 25.379283905029297 24.999080657958984 5.948892116546631
  endloop
endfacet
facet normal 0.0 0.0 0.0
  outer loop
    vertex 25.379283905029297 27.499996185302734 5.948892116546631
    vertex 25.379283905029297 24.999080657958984 5.948892116546631
    vertex 24.99105453491211 27.499996185302734 6.000003337860107
  endloop
endfacet
facet normal 0.0 0.0 0.0
  outer loop
    vertex 24.99105453491211 27.499996185302734 6.000003337860107
    vertex 25.379283905029297 24.999080657958984 5.948892116546631
    vertex 24.99105453491211 24.999080657958984 6.000003337860107
  endloop
endfacet
facet normal 0.0 0.0 0.0
  outer loop
    vertex 24.99105453491211 27.499996185302734 6.000003337860107
    vertex 24.99105453491211 24.999080657958984 6.000003337860107
    vertex 24.602825164794922 27.499996185302734 5.948892116546631
  endloop
endfacet
facet normal 0.0 0.0 0.0
  outer loop
    vertex 24.602825164794922 27.499996185302734 5.948892116546631
    vertex 24.99105453491211 24.999080657958984 6.000003337860107
    vertex 24.602825164794922 24.999080657958984 5.948892116546631
  endloop
endfacet
facet normal 0.0 0.0 0.0
  outer loop
    vertex 24.602825164794922 27.499996185302734 5.948892116546631
    vertex 24.602825164794922 24.999080657958984 5.948892116546631
    vertex 24.24105453491211 27.499996185302734 5.799041271209717
  endloop
endfacet
facet normal 0.0 0.0 0.0
  outer loop
    vertex 24.24105453491211 27.499996185302734 5.799041271209717
    vertex 24.602825164794922 24.999080657958984 5.948892116546631
    vertex 24.24105453491211 24.999080657958984 5.799041271209717
  endloop
endfacet
facet normal 0.0 0.0 0.0
  outer loop
    vertex 24.24105453491211 27.499996185302734 5.799041271209717
    vertex 24.24105453491211 24.999080657958984 5.799041271209717
    vertex 23.930395126342773 27.499996185302734 5.560662746429443
  endloop
endfacet
facet normal 0.0 0.0 0.0
  outer loop
    vertex 23.930395126342773 27.499996185302734 5.560662746429443
    vertex 24.24105453491211 24.999080657958984 5.799041271209717
    vertex 23.930395126342773 24.999080657958984 5.560662746429443
  endloop
endfacet
facet normal 0.0 0.0 0.0
  outer loop
    vertex 23.930395126342773 27.499996185302734 5.560662746429443
    vertex 23.930395126342773 24.999080657958984 5.560662746429443
    vertex 23.692014694213867 27.499996185302734 5.250003337860107
  endloop
endfacet
facet normal 0.0 0.0 0.0
  outer loop
    vertex 23.692014694213867 27.499996185302734 5.250003337860107
    vertex 23.930395126342773 24.999080657958984 5.560662746429443
    vertex 23.692014694213867 24.999080657958984 5.250003337860107
  endloop
endfacet
facet normal 0.0 0.0 0.0
  outer loop
    vertex 23.692014694213867 27.499996185302734 5.250003337860107
    vertex 23.692014694213867 24.999080657958984 5.250003337860107
    vertex 23.542165756225586 27.499996185302734 4.888232707977295
  endloop
endfacet
facet normal 0.0 0.0 0.0
  outer loop
    vertex 23.542165756225586 27.499996185302734 4.888232707977295
    vertex 23.692014694213867 24.999080657958984 5.250003337860107
    vertex 23.542165756225586 24.999080657958984 4.888232707977295
  endloop
endfacet
facet normal 0.0 0.0 0.0
  outer loop
    vertex 23.542165756225586 27.499996185302734 4.888232707977295
    vertex 23.542165756225586 24.999080657958984 4.888232707977295
    vertex 23.491056442260742 27.499996185302734 4.500003337860107
  endloop
endfacet
facet normal 0.0 0.0 0.0
  outer loop
    vertex 23.491056442260742 27.499996185302734 4.500003337860107
    vertex 23.542165756225586 24.999080657958984 4.888232707977295
    vertex 23.491056442260742 24.999080657958984 4.500003337860107
  endloop
endfacet
facet normal 0.0 0.0 0.0
  outer loop
    vertex 23.491056442260742 27.499996185302734 4.500003337860107
    vertex 23.491056442260742 24.999080657958984 4.500003337860107
    vertex 23.542165756225586 27.499996185302734 4.11177396774292
  endloop
endfacet
facet normal 0.0 0.0 0.0
  outer loop
    vertex 23.542165756225586 27.499996185302734 4.11177396774292
    vertex 23.491056442260742 24.999080657958984 4.500003337860107
    vertex 23.542165756225586 24.999080657958984 4.11177396774292
  endloop
endfacet
facet normal 0.0 0.0 0.0
  outer loop
    vertex 23.542165756225586 27.499996185302734 4.11177396774292
    vertex 23.542165756225586 24.999080657958984 4.11177396774292
    vertex 23.692014694213867 27.499996185302734 3.7500033378601074
  endloop
endfacet
facet normal 0.0 0.0 0.0
  outer loop
    vertex 23.692014694213867 27.499996185302734 3.7500033378601074
    vertex 23.542165756225586 24.999080657958984 4.11177396774292
    vertex 23.692014694213867 24.999080657958984 3.7500033378601074
  endloop
endfacet
facet normal 0.0 0.0 0.0
  outer loop
    vertex 23.692014694213867 27.499996185302734 3.7500033378601074
    vertex 23.692014694213867 24.999080657958984 3.7500033378601074
    vertex 23.930395126342773 27.499996185302734 3.4393439292907715
  endloop
endfacet
facet normal 0.0 0.0 0.0
  outer loop
    vertex 23.930395126342773 27.499996185302734 3.4393439292907715
    vertex 23.692014694213867 24.999080657958984 3.7500033378601074
    vertex 23.930395126342773 24.999080657958984 3.4393439292907715
  endloop
endfacet
facet normal 0.0 0.0 0.0
  outer loop
    vertex 23.930395126342773 27.499996185302734 3.4393439292907715
    vertex 23.930395126342773 24.999080657958984 3.4393439292907715
    vertex 24.24105453491211 27.499996185302734 3.200965642929077
  endloop
endfacet
facet normal 0.0 0.0 0.0
  outer loop
    vertex 24.24105453491211 27.499996185302734 3.200965642929077
    vertex 23.930395126342773 24.999080657958984 3.4393439292907715
    vertex 24.24105453491211 24.999080657958984 3.200965642929077
  endloop
endfacet
facet normal 0.0 0.0 0.0
  outer loop
    vertex 24.24105453491211 27.499996185302734 3.200965642929077
    vertex 24.24105453491211 24.999080657958984 3.200965642929077
    vertex 24.602825164794922 27.499996185302734 3.051114797592163
  endloop
endfacet
facet normal 0.0 0.0 0.0
  outer loop
    vertex 24.602825164794922 27.499996185302734 3.051114797592163
    vertex 24.24105453491211 24.999080657958984 3.200965642929077
    vertex 24.602825164794922 24.999080657958984 3.051114797592163
  endloop
endfacet
facet normal 0.0 0.0 0.0
  outer loop
    vertex 25.353397369384766 24.999080657958984 3.1477067470550537
    vertex 25.379283905029297 24.999080657958984 3.051114797592163
    vertex 24.99105453491211 24.999080657958984 3.100003957748413
  endloop
endfacet
facet normal 0.0 0.0 0.0
  outer loop
    vertex 24.99105453491211 24.999080657958984 3.100003957748413
    vertex 25.379283905029297 24.999080657958984 3.051114797592163
    vertex 24.99105453491211 24.999080657958984 3.0000038146972656
  endloop
endfacet
facet normal 0.0 0.0 0.0
  outer loop
    vertex 24.99105453491211 24.999080657958984 3.100003957748413
    vertex 24.99105453491211 24.999080657958984 3.0000038146972656
    vertex 24.602825164794922 24.999080657958984 3.051114797592163
  endloop
endfacet
facet normal 0.0 0.0 0.0
  outer loop
    vertex 25.379283905029297 24.999080657958984 3.051114797592163
    vertex 25.353397369384766 24.999080657958984 3.1477067470550537
    vertex 25.74105453491211 24.999080657958984 3.200965642929077
  endloop
endfacet
facet normal 0.0 0.0 0.0
  outer loop
    vertex 25.74105453491211 24.999080657958984 3.200965642929077
    vertex 25.353397369384766 24.999080657958984 3.1477067470550537
    vertex 25.691051483154297 24.999080657958984 3.2875688076019287
  endloop
endfacet
facet normal 0.0 0.0 0.0
  outer loop
    vertex 25.74105453491211 24.999080657958984 3.200965642929077
    vertex 25.691051483154297 24.999080657958984 3.2875688076019287
    vertex 26.051715850830078 24.999080657958984 3.4393444061279297
  endloop
endfacet
facet normal 0.0 0.0 0.0
  outer loop
    vertex 26.051715850830078 24.999080657958984 3.4393444061279297
    vertex 25.691051483154297 24.999080657958984 3.2875688076019287
    vertex 25.980998992919922 24.999080657958984 3.5100536346435547
  endloop
endfacet
facet normal 0.0 0.0 0.0
  outer loop
    vertex 26.051715850830078 24.999080657958984 3.4393444061279297
    vertex 25.980998992919922 24.999080657958984 3.5100536346435547
    vertex 26.290088653564453 24.999080657958984 3.7500038146972656
  endloop
endfacet
facet normal 0.0 0.0 0.0
  outer loop
    vertex 26.290088653564453 24.999080657958984 3.7500038146972656
    vertex 25.980998992919922 24.999080657958984 3.5100536346435547
    vertex 26.203487396240234 24.999080657958984 3.8000030517578125
  endloop
endfacet
facet normal 0.0 0.0 0.0
  outer loop
    vertex 26.290088653564453 24.999080657958984 3.7500038146972656
    vertex 26.203487396240234 24.999080657958984 3.8000030517578125
    vertex 26.439937591552734 24.999080657958984 4.111774444580078
  endloop
endfacet
facet normal 0.0 0.0 0.0
  outer loop
    vertex 26.439937591552734 24.999080657958984 4.111774444580078
    vertex 26.203487396240234 24.999080657958984 3.8000030517578125
    vertex 26.34334945678711 24.999080657958984 4.137657165527344
  endloop
endfacet
facet normal 0.0 0.0 0.0
  outer loop
    vertex 26.439937591552734 24.999080657958984 4.111774444580078
    vertex 26.34334945678711 24.999080657958984 4.137657165527344
    vertex 26.49105453491211 24.999080657958984 4.500003814697266
  endloop
endfacet
facet normal 0.0 0.0 0.0
  outer loop
    vertex 26.49105453491211 24.999080657958984 4.500003814697266
    vertex 26.34334945678711 24.999080657958984 4.137657165527344
    vertex 26.391056060791016 24.999080657958984 4.500003814697266
  endloop
endfacet
facet normal 0.0 0.0 0.0
  outer loop
    vertex 26.49105453491211 24.999080657958984 4.500003814697266
    vertex 26.391056060791016 24.999080657958984 4.500003814697266
    vertex 26.439937591552734 24.999080657958984 4.888233184814453
  endloop
endfacet
facet normal 0.0 0.0 0.0
  outer loop
    vertex 26.439937591552734 24.999080657958984 4.888233184814453
    vertex 26.391056060791016 24.999080657958984 4.500003814697266
    vertex 26.34334945678711 24.999080657958984 4.8623504638671875
  endloop
endfacet
facet normal 0.0 0.0 0.0
  outer loop
    vertex 26.439937591552734 24.999080657958984 4.888233184814453
    vertex 26.34334945678711 24.999080657958984 4.8623504638671875
    vertex 26.203487396240234 24.999080657958984 5.200004577636719
  endloop
endfacet
facet normal 0.0 0.0 0.0
  outer loop
    vertex 26.439937591552734 24.999080657958984 4.888233184814453
    vertex 26.203487396240234 24.999080657958984 5.200004577636719
    vertex 26.290088653564453 24.999080657958984 5.250003814697266
  endloop
endfacet
facet normal 0.0 0.0 0.0
  outer loop
    vertex 26.290088653564453 24.999080657958984 5.250003814697266
    vertex 26.203487396240234 24.999080657958984 5.200004577636719
    vertex 25.980998992919922 24.999080657958984 5.489953517913818
  endloop
endfacet
facet normal 0.0 0.0 0.0
  outer loop
    vertex 26.290088653564453 24.999080657958984 5.250003814697266
    vertex 25.980998992919922 24.999080657958984 5.489953517913818
    vertex 26.051715850830078 24.999080657958984 5.560662746429443
  endloop
endfacet
facet normal 0.0 0.0 0.0
  outer loop
    vertex 26.051715850830078 24.999080657958984 5.560662746429443
    vertex 25.980998992919922 24.999080657958984 5.489953517913818
    vertex 25.691051483154297 24.999080657958984 5.712438106536865
  endloop
endfacet
facet normal 0.0 0.0 0.0
  outer loop
    vertex 26.051715850830078 24.999080657958984 5.560662746429443
    vertex 25.691051483154297 24.999080657958984 5.712438106536865
    vertex 25.74105453491211 24.999080657958984 5.799041271209717
  endloop
endfacet
facet normal 0.0 0.0 0.0
  outer loop
    vertex 25.74105453491211 24.999080657958984 5.799041271209717
    vertex 25.691051483154297 24.999080657958984 5.712438106536865
    vertex 25.353397369384766 24.999080657958984 5.85230016708374
  endloop
endfacet
facet normal 0.0 0.0 0.0
  outer loop
    vertex 25.74105453491211 24.999080657958984 5.799041271209717
    vertex 25.353397369384766 24.999080657958984 5.85230016708374
    vertex 25.379283905029297 24.999080657958984 5.948892116546631
  endloop
endfacet
facet normal 0.0 0.0 0.0
  outer loop
    vertex 25.379283905029297 24.999080657958984 5.948892116546631
    vertex 25.353397369384766 24.999080657958984 5.85230016708374
    vertex 24.99105453491211 24.999080657958984 5.900002956390381
  endloop
endfacet
facet normal 0.0 0.0 0.0
  outer loop
    vertex 25.379283905029297 24.999080657958984 5.948892116546631
    vertex 24.99105453491211 24.999080657958984 5.900002956390381
    vertex 24.99105453491211 24.999080657958984 6.000003337860107
  endloop
endfacet
facet normal 0.0 0.0 0.0
  outer loop
    vertex 24.99105453491211 24.999080657958984 6.000003337860107
    vertex 24.99105453491211 24.999080657958984 5.900002956390381
    vertex 24.602825164794922 24.999080657958984 5.948892116546631
  endloop
endfacet
facet normal 0.0 0.0 0.0
  outer loop
    vertex 24.602825164794922 24.999080657958984 5.948892116546631
    vertex 24.99105453491211 24.999080657958984 5.900002956390381
    vertex 24.628704071044922 24.999080657958984 5.85230016708374
  endloop
endfacet
facet normal 0.0 0.0 0.0
  outer loop
    vertex 24.602825164794922 24.999080657958984 5.948892116546631
    vertex 24.628704071044922 24.999080657958984 5.85230016708374
    vertex 24.24105453491211 24.999080657958984 5.799041271209717
  endloop
endfacet
facet normal 0.0 0.0 0.0
  outer loop
    vertex 24.24105453491211 24.999080657958984 5.799041271209717
    vertex 24.628704071044922 24.999080657958984 5.85230016708374
    vertex 24.291053771972656 24.999080657958984 5.712438106536865
  endloop
endfacet
facet normal 0.0 0.0 0.0
  outer loop
    vertex 24.24105453491211 24.999080657958984 5.799041271209717
    vertex 24.291053771972656 24.999080657958984 5.712438106536865
    vertex 23.930395126342773 24.999080657958984 5.560662746429443
  endloop
endfacet
facet normal 0.0 0.0 0.0
  outer loop
    vertex 23.930395126342773 24.999080657958984 5.560662746429443
    vertex 24.291053771972656 24.999080657958984 5.712438106536865
    vertex 24.001102447509766 24.999080657958984 5.489953517913818
  endloop
endfacet
facet normal 0.0 0.0 0.0
  outer loop
    vertex 23.930395126342773 24.999080657958984 5.560662746429443
    vertex 24.001102447509766 24.999080657958984 5.489953517913818
    vertex 23.692014694213867 24.999080657958984 5.250003337860107
  endloop
endfacet
facet normal 0.0 0.0 0.0
  outer loop
    vertex 23.692014694213867 24.999080657958984 5.250003337860107
    vertex 24.001102447509766 24.999080657958984 5.489953517913818
    vertex 23.77861976623535 24.999080657958984 5.2000041007995605
  endloop
endfacet
facet normal 0.0 0.0 0.0
  outer loop
    vertex 23.692014694213867 24.999080657958984 5.250003337860107
    vertex 23.77861976623535 24.999080657958984 5.2000041007995605
    vertex 23.542165756225586 24.999080657958984 4.888232707977295
  endloop
endfacet
facet normal 0.0 0.0 0.0
  outer loop
    vertex 23.542165756225586 24.999080657958984 4.888232707977295
    vertex 23.77861976623535 24.999080657958984 5.2000041007995605
    vertex 23.638757705688477 24.999080657958984 4.862349987030029
  endloop
endfacet
facet normal 0.0 0.0 0.0
  outer loop
    vertex 23.542165756225586 24.999080657958984 4.888232707977295
    vertex 23.638757705688477 24.999080657958984 4.862349987030029
    vertex 23.491056442260742 24.999080657958984 4.500003337860107
  endloop
endfacet
facet normal 0.0 0.0 0.0
  outer loop
    vertex 23.491056442260742 24.999080657958984 4.500003337860107
    vertex 23.638757705688477 24.999080657958984 4.862349987030029
    vertex 23.591054916381836 24.999080657958984 4.500003337860107
  endloop
endfacet
facet normal 0.0 0.0 0.0
  outer loop
    vertex 23.491056442260742 24.999080657958984 4.500003337860107
    vertex 23.591054916381836 24.999080657958984 4.500003337860107
    vertex 23.638757705688477 24.999080657958984 4.1376566886901855
  endloop
endfacet
facet normal 0.0 0.0 0.0
  outer loop
    vertex 23.491056442260742 24.999080657958984 4.500003337860107
    vertex 23.638757705688477 24.999080657958984 4.1376566886901855
    vertex 23.542165756225586 24.999080657958984 4.11177396774292
  endloop
endfacet
facet normal 0.0 0.0 0.0
  outer loop
    vertex 23.542165756225586 24.999080657958984 4.11177396774292
    vertex 23.638757705688477 24.999080657958984 4.1376566886901855
    vertex 23.77861976623535 24.999080657958984 3.8000025749206543
  endloop
endfacet
facet normal 0.0 0.0 0.0
  outer loop
    vertex 23.542165756225586 24.999080657958984 4.11177396774292
    vertex 23.77861976623535 24.999080657958984 3.8000025749206543
    vertex 23.692014694213867 24.999080657958984 3.7500033378601074
  endloop
endfacet
facet normal 0.0 0.0 0.0
  outer loop
    vertex 23.692014694213867 24.999080657958984 3.7500033378601074
    vertex 23.77861976623535 24.999080657958984 3.8000025749206543
    vertex 24.001102447509766 24.999080657958984 3.5100531578063965
  endloop
endfacet
facet normal 0.0 0.0 0.0
  outer loop
    vertex 23.692014694213867 24.999080657958984 3.7500033378601074
    vertex 24.001102447509766 24.999080657958984 3.5100531578063965
    vertex 23.930395126342773 24.999080657958984 3.4393439292907715
  endloop
endfacet
facet normal 0.0 0.0 0.0
  outer loop
    vertex 23.930395126342773 24.999080657958984 3.4393439292907715
    vertex 24.001102447509766 24.999080657958984 3.5100531578063965
    vertex 24.291053771972656 24.999080657958984 3.2875688076019287
  endloop
endfacet
facet normal 0.0 0.0 0.0
  outer loop
    vertex 23.930395126342773 24.999080657958984 3.4393439292907715
    vertex 24.291053771972656 24.999080657958984 3.2875688076019287
    vertex 24.24105453491211 24.999080657958984 3.200965642929077
  endloop
endfacet
facet normal 0.0 0.0 0.0
  outer loop
    vertex 24.24105453491211 24.999080657958984 3.200965642929077
    vertex 24.291053771972656 24.999080657958984 3.2875688076019287
    vertex 24.628704071044922 24.999080657958984 3.1477067470550537
  endloop
endfacet
facet normal 0.0 0.0 0.0
  outer loop
    vertex 24.24105453491211 24.999080657958984 3.200965642929077
    vertex 24.628704071044922 24.999080657958984 3.1477067470550537
    vertex 24.602825164794922 24.999080657958984 3.051114797592163
  endloop
endfacet
facet normal 0.0 0.0 0.0
  outer loop
    vertex 24.602825164794922 24.999080657958984 3.051114797592163
    vertex 24.628704071044922 24.999080657958984 3.1477067470550537
    vertex 24.99105453491211 24.999080657958984 3.100003957748413
  endloop
endfacet
facet normal 0.0 0.0 0.0
  outer loop
    vertex -25.397167205810547 27.499996185302734 3.0511081218719482
    vertex -25.397167205810547 24.999080657958984 3.0511081218719482
    vertex -25.008939743041992 27.499996185302734 2.999997138977051
  endloop
endfacet
facet normal 0.0 0.0 0.0
  outer loop
    vertex -25.008939743041992 27.499996185302734 2.999997138977051
    vertex -25.397167205810547 24.999080657958984 3.0511081218719482
    vertex -25.008939743041992 24.999080657958984 2.999997138977051
  endloop
endfacet
facet normal 0.0 0.0 0.0
  outer loop
    vertex -25.008939743041992 27.499996185302734 2.999997138977051
    vertex -25.008939743041992 24.999080657958984 2.999997138977051
    vertex -24.620712280273438 27.499996185302734 3.0511081218719482
  endloop
endfacet
facet normal 0.0 0.0 0.0
  outer loop
    vertex -24.620712280273438 27.499996185302734 3.0511081218719482
    vertex -25.008939743041992 24.999080657958984 2.999997138977051
    vertex -24.620712280273438 24.999080657958984 3.0511081218719482
  endloop
endfacet
facet normal 0.0 0.0 0.0
  outer loop
    vertex -24.620712280273438 27.499996185302734 3.0511081218719482
    vertex -24.620712280273438 24.999080657958984 3.0511081218719482
    vertex -24.258939743041992 27.499996185302734 3.2009589672088623
  endloop
endfacet
facet normal 0.0 0.0 0.0
  outer loop
    vertex -24.258939743041992 27.499996185302734 3.2009589672088623
    vertex -24.620712280273438 24.999080657958984 3.0511081218719482
    vertex -24.258939743041992 24.999080657958984 3.2009589672088623
  endloop
endfacet
facet normal 0.0 0.0 0.0
  outer loop
    vertex -24.258939743041992 27.499996185302734 3.2009589672088623
    vertex -24.258939743041992 24.999080657958984 3.2009589672088623
    vertex -23.94828224182129 27.499996185302734 3.439337730407715
  endloop
endfacet
facet normal 0.0 0.0 0.0
  outer loop
    vertex -23.94828224182129 27.499996185302734 3.439337730407715
    vertex -24.258939743041992 24.999080657958984 3.2009589672088623
    vertex -23.94828224182129 24.999080657958984 3.439337730407715
  endloop
endfacet
facet normal 0.0 0.0 0.0
  outer loop
    vertex -23.94828224182129 27.499996185302734 3.439337730407715
    vertex -23.94828224182129 24.999080657958984 3.439337730407715
    vertex -23.709903717041016 27.499996185302734 3.749997138977051
  endloop
endfacet
facet normal 0.0 0.0 0.0
  outer loop
    vertex -23.709903717041016 27.499996185302734 3.749997138977051
    vertex -23.94828224182129 24.999080657958984 3.439337730407715
    vertex -23.709903717041016 24.999080657958984 3.749997138977051
  endloop
endfacet
facet normal 0.0 0.0 0.0
  outer loop
    vertex -23.709903717041016 27.499996185302734 3.749997138977051
    vertex -23.709903717041016 24.999080657958984 3.749997138977051
    vertex -23.5600528717041 27.499996185302734 4.111767768859863
  endloop
endfacet
facet normal 0.0 0.0 0.0
  outer loop
    vertex -23.5600528717041 27.499996185302734 4.111767768859863
    vertex -23.709903717041016 24.999080657958984 3.749997138977051
    vertex -23.5600528717041 24.999080657958984 4.111767768859863
  endloop
endfacet
facet normal 0.0 0.0 0.0
  outer loop
    vertex -23.5600528717041 27.499996185302734 4.111767768859863
    vertex -23.5600528717041 24.999080657958984 4.111767768859863
    vertex -23.508941650390625 27.499996185302734 4.499997138977051
  endloop
endfacet
facet normal 0.0 0.0 0.0
  outer loop
    vertex -23.508941650390625 27.499996185302734 4.499997138977051
    vertex -23.5600528717041 24.999080657958984 4.111767768859863
    vertex -23.508941650390625 24.999080657958984 4.499997138977051
  endloop
endfacet
facet normal 0.0 0.0 0.0
  outer loop
    vertex -23.508941650390625 27.499996185302734 4.499997138977051
    vertex -23.508941650390625 24.999080657958984 4.499997138977051
    vertex -23.5600528717041 27.499996185302734 4.888226509094238
  endloop
endfacet
facet normal 0.0 0.0 0.0
  outer loop
    vertex -23.5600528717041 27.499996185302734 4.888226509094238
    vertex -23.508941650390625 24.999080657958984 4.499997138977051
    vertex -23.5600528717041 24.999080657958984 4.888226509094238
  endloop
endfacet
facet normal 0.0 0.0 0.0
  outer loop
    vertex -23.5600528717041 27.499996185302734 4.888226509094238
    vertex -23.5600528717041 24.999080657958984 4.888226509094238
    vertex -23.709903717041016 27.499996185302734 5.249997138977051
  endloop
endfacet
facet normal 0.0 0.0 0.0
  outer loop
    vertex -23.709903717041016 27.499996185302734 5.249997138977051
    vertex -23.5600528717041 24.999080657958984 4.888226509094238
    vertex -23.709903717041016 24.999080657958984 5.249997138977051
  endloop
endfacet
facet normal 0.0 0.0 0.0
  outer loop
    vertex -23.709903717041016 27.499996185302734 5.249997138977051
    vertex -23.709903717041016 24.999080657958984 5.249997138977051
    vertex -23.94828224182129 27.499996185302734 5.5606560707092285
  endloop
endfacet
facet normal 0.0 0.0 0.0
  outer loop
    vertex -23.94828224182129 27.499996185302734 5.5606560707092285
    vertex -23.709903717041016 24.999080657958984 5.249997138977051
    vertex -23.94828224182129 24.999080657958984 5.5606560707092285
  endloop
endfacet
facet normal 0.0 0.0 0.0
  outer loop
    vertex -23.94828224182129 27.499996185302734 5.5606560707092285
    vertex -23.94828224182129 24.999080657958984 5.5606560707092285
    vertex -24.258939743041992 27.499996185302734 5.799034595489502
  endloop
endfacet
facet normal 0.0 0.0 0.0
  outer loop
    vertex -24.258939743041992 27.499996185302734 5.799034595489502
    vertex -23.94828224182129 24.999080657958984 5.5606560707092285
    vertex -24.258939743041992 24.999080657958984 5.799034595489502
  endloop
endfacet
facet normal 0.0 0.0 0.0
  outer loop
    vertex -24.258939743041992 27.499996185302734 5.799034595489502
    vertex -24.258939743041992 24.999080657958984 5.799034595489502
    vertex -24.620712280273438 27.499996185302734 5.948885440826416
  endloop
endfacet
facet normal 0.0 0.0 0.0
  outer loop
    vertex -24.620712280273438 27.499996185302734 5.948885440826416
    vertex -24.258939743041992 24.999080657958984 5.799034595489502
    vertex -24.620712280273438 24.999080657958984 5.948885440826416
  endloop
endfacet
facet normal 0.0 0.0 0.0
  outer loop
    vertex -24.620712280273438 27.499996185302734 5.948885440826416
    vertex -24.620712280273438 24.999080657958984 5.948885440826416
    vertex -25.008939743041992 27.499996185302734 5.999996662139893
  endloop
endfacet
facet normal 0.0 0.0 0.0
  outer loop
    vertex -25.008939743041992 27.499996185302734 5.999996662139893
    vertex -24.620712280273438 24.999080657958984 5.948885440826416
    vertex -25.008939743041992 24.999080657958984 5.999996662139893
  endloop
endfacet
facet normal 0.0 0.0 0.0
  outer loop
    vertex -25.008939743041992 27.499996185302734 5.999996662139893
    vertex -25.008939743041992 24.999080657958984 5.999996662139893
    vertex -25.397167205810547 27.499996185302734 5.948885440826416
  endloop
endfacet
facet normal 0.0 0.0 0.0
  outer loop
    vertex -25.397167205810547 27.499996185302734 5.948885440826416
    vertex -25.008939743041992 24.999080657958984 5.999996662139893
    vertex -25.397167205810547 24.999080657958984 5.948885440826416
  endloop
endfacet
facet normal 0.0 0.0 0.0
  outer loop
    vertex -25.397167205810547 27.499996185302734 5.948885440826416
    vertex -25.397167205810547 24.999080657958984 5.948885440826416
    vertex -25.758939743041992 27.499996185302734 5.799034595489502
  endloop
endfacet
facet normal 0.0 0.0 0.0
  outer loop
    vertex -25.758939743041992 27.499996185302734 5.799034595489502
    vertex -25.397167205810547 24.999080657958984 5.948885440826416
    vertex -25.758939743041992 24.999080657958984 5.799034595489502
  endloop
endfacet
facet normal 0.0 0.0 0.0
  outer loop
    vertex -25.758939743041992 27.499996185302734 5.799034595489502
    vertex -25.758939743041992 24.999080657958984 5.799034595489502
    vertex -26.069599151611328 27.499996185302734 5.5606560707092285
  endloop
endfacet
facet normal 0.0 0.0 0.0
  outer loop
    vertex -26.069599151611328 27.499996185302734 5.5606560707092285
    vertex -25.758939743041992 24.999080657958984 5.799034595489502
    vertex -26.069599151611328 24.999080657958984 5.5606560707092285
  endloop
endfacet
facet normal 0.0 0.0 0.0
  outer loop
    vertex -26.069599151611328 27.499996185302734 5.5606560707092285
    vertex -26.069599151611328 24.999080657958984 5.5606560707092285
    vertex -26.3079776763916 27.499996185302734 5.249996662139893
  endloop
endfacet
facet normal 0.0 0.0 0.0
  outer loop
    vertex -26.3079776763916 27.499996185302734 5.249996662139893
    vertex -26.069599151611328 24.999080657958984 5.5606560707092285
    vertex -26.3079776763916 24.999080657958984 5.249996662139893
  endloop
endfacet
facet normal 0.0 0.0 0.0
  outer loop
    vertex -26.3079776763916 27.499996185302734 5.249996662139893
    vertex -26.3079776763916 24.999080657958984 5.249996662139893
    vertex -26.457828521728516 27.499996185302734 4.88822603225708
  endloop
endfacet
facet normal 0.0 0.0 0.0
  outer loop
    vertex -26.457828521728516 27.499996185302734 4.88822603225708
    vertex -26.3079776763916 24.999080657958984 5.249996662139893
    vertex -26.457828521728516 24.999080657958984 4.88822603225708
  endloop
endfacet
facet normal 0.0 0.0 0.0
  outer loop
    vertex -26.457828521728516 27.499996185302734 4.88822603225708
    vertex -26.457828521728516 24.999080657958984 4.88822603225708
    vertex -26.508939743041992 27.499996185302734 4.499996662139893
  endloop
endfacet
facet normal 0.0 0.0 0.0
  outer loop
    vertex -26.508939743041992 27.499996185302734 4.499996662139893
    vertex -26.457828521728516 24.999080657958984 4.88822603225708
    vertex -26.508939743041992 24.999080657958984 4.499996662139893
  endloop
endfacet
facet normal 0.0 0.0 0.0
  outer loop
    vertex -26.508939743041992 27.499996185302734 4.499996662139893
    vertex -26.508939743041992 24.999080657958984 4.499996662139893
    vertex -26.457828521728516 27.499996185302734 4.111767292022705
  endloop
endfacet
facet normal 0.0 0.0 0.0
  outer loop
    vertex -26.457828521728516 27.499996185302734 4.111767292022705
    vertex -26.508939743041992 24.999080657958984 4.499996662139893
    vertex -26.457828521728516 24.999080657958984 4.111767292022705
  endloop
endfacet
facet normal 0.0 0.0 0.0
  outer loop
    vertex -26.457828521728516 27.499996185302734 4.111767292022705
    vertex -26.457828521728516 24.999080657958984 4.111767292022705
    vertex -26.3079776763916 27.499996185302734 3.7499966621398926
  endloop
endfacet
facet normal 0.0 0.0 0.0
  outer loop
    vertex -26.3079776763916 27.499996185302734 3.7499966621398926
    vertex -26.457828521728516 24.999080657958984 4.111767292022705
    vertex -26.3079776763916 24.999080657958984 3.7499966621398926
  endloop
endfacet
facet normal 0.0 0.0 0.0
  outer loop
    vertex -26.3079776763916 27.499996185302734 3.7499966621398926
    vertex -26.3079776763916 24.999080657958984 3.7499966621398926
    vertex -26.069599151611328 27.499996185302734 3.4393372535705566
  endloop
endfacet
facet normal 0.0 0.0 0.0
  outer loop
    vertex -26.069599151611328 27.499996185302734 3.4393372535705566
    vertex -26.3079776763916 24.999080657958984 3.7499966621398926
    vertex -26.069599151611328 24.999080657958984 3.4393372535705566
  endloop
endfacet
facet normal 0.0 0.0 0.0
  outer loop
    vertex -26.069599151611328 27.499996185302734 3.4393372535705566
    vertex -26.069599151611328 24.999080657958984 3.4393372535705566
    vertex -25.758939743041992 27.499996185302734 3.2009589672088623
  endloop
endfacet
facet normal 0.0 0.0 0.0
  outer loop
    vertex -25.758939743041992 27.499996185302734 3.2009589672088623
    vertex -26.069599151611328 24.999080657958984 3.4393372535705566
    vertex -25.758939743041992 24.999080657958984 3.2009589672088623
  endloop
endfacet
facet normal 0.0 0.0 0.0
  outer loop
    vertex -25.758939743041992 27.499996185302734 3.2009589672088623
    vertex -25.758939743041992 24.999080657958984 3.2009589672088623
    vertex -25.397167205810547 27.499996185302734 3.0511081218719482
  endloop
endfacet
facet normal 0.0 0.0 0.0
  outer loop
    vertex -25.397167205810547 27.499996185302734 3.0511081218719482
    vertex -25.758939743041992 24.999080657958984 3.2009589672088623
    vertex -25.397167205810547 24.999080657958984 3.0511081218719482
  endloop
endfacet
facet normal 0.0 0.0 0.0
  outer loop
    vertex -24.64659309387207 24.999080657958984 3.147700071334839
    vertex -24.620712280273438 24.999080657958984 3.0511081218719482
    vertex -25.008939743041992 24.999080657958984 3.0999972820281982
  endloop
endfacet
facet normal 0.0 0.0 0.0
  outer loop
    vertex -25.008939743041992 24.999080657958984 3.0999972820281982
    vertex -24.620712280273438 24.999080657958984 3.0511081218719482
    vertex -25.008939743041992 24.999080657958984 2.999997138977051
  endloop
endfacet
facet normal 0.0 0.0 0.0
  outer loop
    vertex -25.008939743041992 24.999080657958984 3.0999972820281982
    vertex -25.008939743041992 24.999080657958984 2.999997138977051
    vertex -25.397167205810547 24.999080657958984 3.0511081218719482
  endloop
endfacet
facet normal 0.0 0.0 0.0
  outer loop
    vertex -24.620712280273438 24.999080657958984 3.0511081218719482
    vertex -24.64659309387207 24.999080657958984 3.147700071334839
    vertex -24.258939743041992 24.999080657958984 3.2009589672088623
  endloop
endfacet
facet normal 0.0 0.0 0.0
  outer loop
    vertex -24.258939743041992 24.999080657958984 3.2009589672088623
    vertex -24.64659309387207 24.999080657958984 3.147700071334839
    vertex -24.308940887451172 24.999080657958984 3.287562131881714
  endloop
endfacet
facet normal 0.0 0.0 0.0
  outer loop
    vertex -24.258939743041992 24.999080657958984 3.2009589672088623
    vertex -24.308940887451172 24.999080657958984 3.287562131881714
    vertex -23.94828224182129 24.999080657958984 3.439337730407715
  endloop
endfacet
facet normal 0.0 0.0 0.0
  outer loop
    vertex -23.94828224182129 24.999080657958984 3.439337730407715
    vertex -24.308940887451172 24.999080657958984 3.287562131881714
    vertex -24.01898956298828 24.999080657958984 3.51004695892334
  endloop
endfacet
facet normal 0.0 0.0 0.0
  outer loop
    vertex -23.94828224182129 24.999080657958984 3.439337730407715
    vertex -24.01898956298828 24.999080657958984 3.51004695892334
    vertex -23.709903717041016 24.999080657958984 3.749997138977051
  endloop
endfacet
facet normal 0.0 0.0 0.0
  outer loop
    vertex -23.709903717041016 24.999080657958984 3.749997138977051
    vertex -24.01898956298828 24.999080657958984 3.51004695892334
    vertex -23.796506881713867 24.999080657958984 3.7999963760375977
  endloop
endfacet
facet normal 0.0 0.0 0.0
  outer loop
    vertex -23.709903717041016 24.999080657958984 3.749997138977051
    vertex -23.796506881713867 24.999080657958984 3.7999963760375977
    vertex -23.5600528717041 24.999080657958984 4.111767768859863
  endloop
endfacet
facet normal 0.0 0.0 0.0
  outer loop
    vertex -23.5600528717041 24.999080657958984 4.111767768859863
    vertex -23.796506881713867 24.999080657958984 3.7999963760375977
    vertex -23.656644821166992 24.999080657958984 4.137650489807129
  endloop
endfacet
facet normal 0.0 0.0 0.0
  outer loop
    vertex -23.5600528717041 24.999080657958984 4.111767768859863
    vertex -23.656644821166992 24.999080657958984 4.137650489807129
    vertex -23.508941650390625 24.999080657958984 4.499997138977051
  endloop
endfacet
facet normal 0.0 0.0 0.0
  outer loop
    vertex -23.508941650390625 24.999080657958984 4.499997138977051
    vertex -23.656644821166992 24.999080657958984 4.137650489807129
    vertex -23.60894203186035 24.999080657958984 4.499997138977051
  endloop
endfacet
facet normal 0.0 0.0 0.0
  outer loop
    vertex -23.508941650390625 24.999080657958984 4.499997138977051
    vertex -23.60894203186035 24.999080657958984 4.499997138977051
    vertex -23.5600528717041 24.999080657958984 4.888226509094238
  endloop
endfacet
facet normal 0.0 0.0 0.0
  outer loop
    vertex -23.5600528717041 24.999080657958984 4.888226509094238
    vertex -23.60894203186035 24.999080657958984 4.499997138977051
    vertex -23.656644821166992 24.999080657958984 4.862343788146973
  endloop
endfacet
facet normal 0.0 0.0 0.0
  outer loop
    vertex -23.5600528717041 24.999080657958984 4.888226509094238
    vertex -23.656644821166992 24.999080657958984 4.862343788146973
    vertex -23.796506881713867 24.999080657958984 5.199997901916504
  endloop
endfacet
facet normal 0.0 0.0 0.0
  outer loop
    vertex -23.5600528717041 24.999080657958984 4.888226509094238
    vertex -23.796506881713867 24.999080657958984 5.199997901916504
    vertex -23.709903717041016 24.999080657958984 5.249997138977051
  endloop
endfacet
facet normal 0.0 0.0 0.0
  outer loop
    vertex -23.709903717041016 24.999080657958984 5.249997138977051
    vertex -23.796506881713867 24.999080657958984 5.199997901916504
    vertex -24.01898956298828 24.999080657958984 5.4899468421936035
  endloop
endfacet
facet normal 0.0 0.0 0.0
  outer loop
    vertex -23.709903717041016 24.999080657958984 5.249997138977051
    vertex -24.01898956298828 24.999080657958984 5.4899468421936035
    vertex -23.94828224182129 24.999080657958984 5.5606560707092285
  endloop
endfacet
facet normal 0.0 0.0 0.0
  outer loop
    vertex -23.94828224182129 24.999080657958984 5.5606560707092285
    vertex -24.01898956298828 24.999080657958984 5.4899468421936035
    vertex -24.308940887451172 24.999080657958984 5.71243143081665
  endloop
endfacet
facet normal 0.0 0.0 0.0
  outer loop
    vertex -23.94828224182129 24.999080657958984 5.5606560707092285
    vertex -24.308940887451172 24.999080657958984 5.71243143081665
    vertex -24.258939743041992 24.999080657958984 5.799034595489502
  endloop
endfacet
facet normal 0.0 0.0 0.0
  outer loop
    vertex -24.258939743041992 24.999080657958984 5.799034595489502
    vertex -24.308940887451172 24.999080657958984 5.71243143081665
    vertex -24.64659309387207 24.999080657958984 5.852293491363525
  endloop
endfacet
facet normal 0.0 0.0 0.0
  outer loop
    vertex -24.258939743041992 24.999080657958984 5.799034595489502
    vertex -24.64659309387207 24.999080657958984 5.852293491363525
    vertex -24.620712280273438 24.999080657958984 5.948885440826416
  endloop
endfacet
facet normal 0.0 0.0 0.0
  outer loop
    vertex -24.620712280273438 24.999080657958984 5.948885440826416
    vertex -24.64659309387207 24.999080657958984 5.852293491363525
    vertex -25.008939743041992 24.999080657958984 5.899996280670166
  endloop
endfacet
facet normal 0.0 0.0 0.0
  outer loop
    vertex -24.620712280273438 24.999080657958984 5.948885440826416
    vertex -25.008939743041992 24.999080657958984 5.899996280670166
    vertex -25.008939743041992 24.999080657958984 5.999996662139893
  endloop
endfacet
facet normal 0.0 0.0 0.0
  outer loop
    vertex -25.008939743041992 24.999080657958984 5.999996662139893
    vertex -25.008939743041992 24.999080657958984 5.899996280670166
    vertex -25.397167205810547 24.999080657958984 5.948885440826416
  endloop
endfacet
facet normal 0.0 0.0 0.0
  outer loop
    vertex -25.397167205810547 24.999080657958984 5.948885440826416
    vertex -25.008939743041992 24.999080657958984 5.899996280670166
    vertex -25.371286392211914 24.999080657958984 5.852293491363525
  endloop
endfacet
facet normal 0.0 0.0 0.0
  outer loop
    vertex -25.397167205810547 24.999080657958984 5.948885440826416
    vertex -25.371286392211914 24.999080657958984 5.852293491363525
    vertex -25.758939743041992 24.999080657958984 5.799034595489502
  endloop
endfacet
facet normal 0.0 0.0 0.0
  outer loop
    vertex -25.758939743041992 24.999080657958984 5.799034595489502
    vertex -25.371286392211914 24.999080657958984 5.852293491363525
    vertex -25.708938598632812 24.999080657958984 5.71243143081665
  endloop
endfacet
facet normal 0.0 0.0 0.0
  outer loop
    vertex -25.758939743041992 24.999080657958984 5.799034595489502
    vertex -25.708938598632812 24.999080657958984 5.71243143081665
    vertex -26.069599151611328 24.999080657958984 5.5606560707092285
  endloop
endfacet
facet normal 0.0 0.0 0.0
  outer loop
    vertex -26.069599151611328 24.999080657958984 5.5606560707092285
    vertex -25.708938598632812 24.999080657958984 5.71243143081665
    vertex -25.998889923095703 24.999080657958984 5.4899468421936035
  endloop
endfacet
facet normal 0.0 0.0 0.0
  outer loop
    vertex -26.069599151611328 24.999080657958984 5.5606560707092285
    vertex -25.998889923095703 24.999080657958984 5.4899468421936035
    vertex -26.3079776763916 24.999080657958984 5.249996662139893
  endloop
endfacet
facet normal 0.0 0.0 0.0
  outer loop
    vertex -26.3079776763916 24.999080657958984 5.249996662139893
    vertex -25.998889923095703 24.999080657958984 5.4899468421936035
    vertex -26.22137451171875 24.999080657958984 5.199997425079346
  endloop
endfacet
facet normal 0.0 0.0 0.0
  outer loop
    vertex -26.3079776763916 24.999080657958984 5.249996662139893
    vertex -26.22137451171875 24.999080657958984 5.199997425079346
    vertex -26.457828521728516 24.999080657958984 4.88822603225708
  endloop
endfacet
facet normal 0.0 0.0 0.0
  outer loop
    vertex -26.457828521728516 24.999080657958984 4.88822603225708
    vertex -26.22137451171875 24.999080657958984 5.199997425079346
    vertex -26.361236572265625 24.999080657958984 4.8623433113098145
  endloop
endfacet
facet normal 0.0 0.0 0.0
  outer loop
    vertex -26.457828521728516 24.999080657958984 4.88822603225708
    vertex -26.361236572265625 24.999080657958984 4.8623433113098145
    vertex -26.508939743041992 24.999080657958984 4.499996662139893
  endloop
endfacet
facet normal 0.0 0.0 0.0
  outer loop
    vertex -26.508939743041992 24.999080657958984 4.499996662139893
    vertex -26.361236572265625 24.999080657958984 4.8623433113098145
    vertex -26.408939361572266 24.999080657958984 4.499996662139893
  endloop
endfacet
facet normal 0.0 0.0 0.0
  outer loop
    vertex -26.508939743041992 24.999080657958984 4.499996662139893
    vertex -26.408939361572266 24.999080657958984 4.499996662139893
    vertex -26.361236572265625 24.999080657958984 4.137650012969971
  endloop
endfacet
facet normal 0.0 0.0 0.0
  outer loop
    vertex -26.508939743041992 24.999080657958984 4.499996662139893
    vertex -26.361236572265625 24.999080657958984 4.137650012969971
    vertex -26.457828521728516 24.999080657958984 4.111767292022705
  endloop
endfacet
facet normal 0.0 0.0 0.0
  outer loop
    vertex -26.457828521728516 24.999080657958984 4.111767292022705
    vertex -26.361236572265625 24.999080657958984 4.137650012969971
    vertex -26.22137451171875 24.999080657958984 3.7999958992004395
  endloop
endfacet
facet normal 0.0 0.0 0.0
  outer loop
    vertex -26.457828521728516 24.999080657958984 4.111767292022705
    vertex -26.22137451171875 24.999080657958984 3.7999958992004395
    vertex -26.3079776763916 24.999080657958984 3.7499966621398926
  endloop
endfacet
facet normal 0.0 0.0 0.0
  outer loop
    vertex -26.3079776763916 24.999080657958984 3.7499966621398926
    vertex -26.22137451171875 24.999080657958984 3.7999958992004395
    vertex -25.998889923095703 24.999080657958984 3.5100464820861816
  endloop
endfacet
facet normal 0.0 0.0 0.0
  outer loop
    vertex -26.3079776763916 24.999080657958984 3.7499966621398926
    vertex -25.998889923095703 24.999080657958984 3.5100464820861816
    vertex -26.069599151611328 24.999080657958984 3.4393372535705566
  endloop
endfacet
facet normal 0.0 0.0 0.0
  outer loop
    vertex -26.069599151611328 24.999080657958984 3.4393372535705566
    vertex -25.998889923095703 24.999080657958984 3.5100464820861816
    vertex -25.708938598632812 24.999080657958984 3.287562131881714
  endloop
endfacet
facet normal 0.0 0.0 0.0
  outer loop
    vertex -26.069599151611328 24.999080657958984 3.4393372535705566
    vertex -25.708938598632812 24.999080657958984 3.287562131881714
    vertex -25.758939743041992 24.999080657958984 3.2009589672088623
  endloop
endfacet
facet normal 0.0 0.0 0.0
  outer loop
    vertex -25.758939743041992 24.999080657958984 3.2009589672088623
    vertex -25.708938598632812 24.999080657958984 3.287562131881714
    vertex -25.371286392211914 24.999080657958984 3.147700071334839
  endloop
endfacet
facet normal 0.0 0.0 0.0
  outer loop
    vertex -25.758939743041992 24.999080657958984 3.2009589672088623
    vertex -25.371286392211914 24.999080657958984 3.147700071334839
    vertex -25.397167205810547 24.999080657958984 3.0511081218719482
  endloop
endfacet
facet normal 0.0 0.0 0.0
  outer loop
    vertex -25.397167205810547 24.999080657958984 3.0511081218719482
    vertex -25.371286392211914 24.999080657958984 3.147700071334839
    vertex -25.008939743041992 24.999080657958984 3.0999972820281982
  endloop
endfacet
facet normal 0.0 0.0 0.0
  outer loop
    vertex 21.991056442260742 22.499996185302734 4.000003337860107
    vertex 21.991056442260742 27.499996185302734 4.000003337860107
    vertex 21.98142433166504 22.49036407470703 3.803969621658325
  endloop
endfacet
facet normal 0.0 0.0 0.0
  outer loop
    vertex 21.98142433166504 22.49036407470703 3.803969621658325
    vertex 21.991056442260742 27.499996185302734 4.000003337860107
    vertex 21.92290687561035 27.499996185302734 3.482365846633911
  endloop
endfacet
facet normal 0.0 0.0 0.0
  outer loop
    vertex 21.98142433166504 22.49036407470703 3.803969621658325
    vertex 21.92290687561035 27.499996185302734 3.482365846633911
    vertex 21.95262336730957 22.461566925048828 3.6098225116729736
  endloop
endfacet
facet normal 0.0 0.0 0.0
  outer loop
    vertex 21.95262336730957 22.461566925048828 3.6098225116729736
    vertex 21.92290687561035 27.499996185302734 3.482365846633911
    vertex 21.83881187438965 22.347755432128906 3.234635591506958
  endloop
endfacet
facet normal 0.0 0.0 0.0
  outer loop
    vertex 21.83881187438965 22.347755432128906 3.234635591506958
    vertex 21.92290687561035 27.499996185302734 3.482365846633911
    vertex 21.72310447692871 27.499996185302734 3.0000033378601074
  endloop
endfacet
facet normal 0.0 0.0 0.0
  outer loop
    vertex 21.83881187438965 22.347755432128906 3.234635591506958
    vertex 21.72310447692871 27.499996185302734 3.0000033378601074
    vertex 21.653993606567383 22.16293716430664 2.888862133026123
  endloop
endfacet
facet normal 0.0 0.0 0.0
  outer loop
    vertex 21.653993606567383 22.16293716430664 2.888862133026123
    vertex 21.72310447692871 27.499996185302734 3.0000033378601074
    vertex 21.4052677154541 27.499996185302734 2.5857901573181152
  endloop
endfacet
facet normal 0.0 0.0 0.0
  outer loop
    vertex 21.653993606567383 22.16293716430664 2.888862133026123
    vertex 21.4052677154541 27.499996185302734 2.5857901573181152
    vertex 21.4052677154541 21.91421127319336 2.5857901573181152
  endloop
endfacet
facet normal 0.0 0.0 0.0
  outer loop
    vertex 21.4052677154541 21.91421127319336 2.5857901573181152
    vertex 21.4052677154541 27.499996185302734 2.5857901573181152
    vertex 21.10219383239746 21.61113739013672 2.337064266204834
  endloop
endfacet
facet normal 0.0 0.0 0.0
  outer loop
    vertex 21.10219383239746 21.61113739013672 2.337064266204834
    vertex 21.4052677154541 27.499996185302734 2.5857901573181152
    vertex 20.991056442260742 27.499996185302734 2.267953395843506
  endloop
endfacet
facet normal 0.0 0.0 0.0
  outer loop
    vertex 21.10219383239746 21.61113739013672 2.337064266204834
    vertex 20.991056442260742 27.499996185302734 2.267953395843506
    vertex 20.75642204284668 21.265361785888672 2.1522440910339355
  endloop
endfacet
facet normal 0.0 0.0 0.0
  outer loop
    vertex 20.75642204284668 21.265361785888672 2.1522440910339355
    vertex 20.991056442260742 27.499996185302734 2.267953395843506
    vertex 20.508691787719727 27.499996185302734 2.068150758743286
  endloop
endfacet
facet normal 0.0 0.0 0.0
  outer loop
    vertex 20.75642204284668 21.265361785888672 2.1522440910339355
    vertex 20.508691787719727 27.499996185302734 2.068150758743286
    vertex 20.381235122680664 20.890178680419922 2.0384323596954346
  endloop
endfacet
facet normal 0.0 0.0 0.0
  outer loop
    vertex 20.381235122680664 20.890178680419922 2.0384323596954346
    vertex 20.508691787719727 27.499996185302734 2.068150758743286
    vertex 19.991056442260742 27.499996185302734 2.0000030994415283
  endloop
endfacet
facet normal 0.0 0.0 0.0
  outer loop
    vertex 20.381235122680664 20.890178680419922 2.0384323596954346
    vertex 19.991056442260742 27.499996185302734 2.0000030994415283
    vertex 19.991056442260742 20.499996185302734 2.0000030994415283
  endloop
endfacet
facet normal 0.0 0.0 0.0
  outer loop
    vertex 29.99105453491211 20.499996185302734 2.000004529953003
    vertex 29.99105453491211 27.499996185302734 2.000004529953003
    vertex 29.600872039794922 20.890178680419922 2.038433790206909
  endloop
endfacet
facet normal 0.0 0.0 0.0
  outer loop
    vertex 29.600872039794922 20.890178680419922 2.038433790206909
    vertex 29.99105453491211 27.499996185302734 2.000004529953003
    vertex 29.47341537475586 27.499996185302734 2.0681519508361816
  endloop
endfacet
facet normal 0.0 0.0 0.0
  outer loop
    vertex 29.600872039794922 20.890178680419922 2.038433790206909
    vertex 29.47341537475586 27.499996185302734 2.0681519508361816
    vertex 29.225688934326172 21.265361785888672 2.152245044708252
  endloop
endfacet
facet normal 0.0 0.0 0.0
  outer loop
    vertex 29.225688934326172 21.265361785888672 2.152245044708252
    vertex 29.47341537475586 27.499996185302734 2.0681519508361816
    vertex 28.99105453491211 27.499996185302734 2.2679543495178223
  endloop
endfacet
facet normal 0.0 0.0 0.0
  outer loop
    vertex 29.225688934326172 21.265361785888672 2.152245044708252
    vertex 28.99105453491211 27.499996185302734 2.2679543495178223
    vertex 28.87990951538086 21.61113739013672 2.3370652198791504
  endloop
endfacet
facet normal 0.0 0.0 0.0
  outer loop
    vertex 28.87990951538086 21.61113739013672 2.3370652198791504
    vertex 28.99105453491211 27.499996185302734 2.2679543495178223
    vertex 28.576839447021484 27.499996185302734 2.5857911109924316
  endloop
endfacet
facet normal 0.0 0.0 0.0
  outer loop
    vertex 28.87990951538086 21.61113739013672 2.3370652198791504
    vertex 28.576839447021484 27.499996185302734 2.5857911109924316
    vertex 28.576839447021484 21.91421127319336 2.5857911109924316
  endloop
endfacet
facet normal 0.0 0.0 0.0
  outer loop
    vertex 28.576839447021484 21.91421127319336 2.5857911109924316
    vertex 28.576839447021484 27.499996185302734 2.5857911109924316
    vertex 28.328113555908203 22.16293716430664 2.8888630867004395
  endloop
endfacet
facet normal 0.0 0.0 0.0
  outer loop
    vertex 28.328113555908203 22.16293716430664 2.8888630867004395
    vertex 28.576839447021484 27.499996185302734 2.5857911109924316
    vertex 28.25899887084961 27.499996185302734 3.000004291534424
  endloop
endfacet
facet normal 0.0 0.0 0.0
  outer loop
    vertex 28.328113555908203 22.16293716430664 2.8888630867004395
    vertex 28.25899887084961 27.499996185302734 3.000004291534424
    vertex 28.143291473388672 22.347755432128906 3.2346365451812744
  endloop
endfacet
facet normal 0.0 0.0 0.0
  outer loop
    vertex 28.143291473388672 22.347755432128906 3.2346365451812744
    vertex 28.25899887084961 27.499996185302734 3.000004291534424
    vertex 28.059200286865234 27.499996185302734 3.4823668003082275
  endloop
endfacet
facet normal 0.0 0.0 0.0
  outer loop
    vertex 28.143291473388672 22.347755432128906 3.2346365451812744
    vertex 28.059200286865234 27.499996185302734 3.4823668003082275
    vertex 28.029483795166016 22.461566925048828 3.60982346534729
  endloop
endfacet
facet normal 0.0 0.0 0.0
  outer loop
    vertex 28.029483795166016 22.461566925048828 3.60982346534729
    vertex 28.059200286865234 27.499996185302734 3.4823668003082275
    vertex 28.000682830810547 22.49036407470703 3.8039705753326416
  endloop
endfacet
facet normal 0.0 0.0 0.0
  outer loop
    vertex 28.000682830810547 22.49036407470703 3.8039705753326416
    vertex 28.059200286865234 27.499996185302734 3.4823668003082275
    vertex 27.99105453491211 27.499996185302734 4.000003814697266
  endloop
endfacet
facet normal 0.0 0.0 0.0
  outer loop
    vertex 28.000682830810547 22.49036407470703 3.8039705753326416
    vertex 27.99105453491211 27.499996185302734 4.000003814697266
    vertex 27.99105453491211 22.499996185302734 4.000003814697266
  endloop
endfacet
facet normal 0.0 0.0 0.0
  outer loop
    vertex 26.298725128173828 22.499996185302734 4.000003814697266
    vertex 26.20639419555664 22.490375518798828 3.805736541748047
    vertex 27.99105453491211 22.499996185302734 4.000003814697266
  endloop
endfacet
facet normal 0.0 0.0 0.0
  outer loop
    vertex 27.99105453491211 22.499996185302734 4.000003814697266
    vertex 26.20639419555664 22.490375518798828 3.805736541748047
    vertex 28.000682830810547 22.49036407470703 3.8039705753326416
  endloop
endfacet
facet normal 0.0 0.0 0.0
  outer loop
    vertex 28.000682830810547 22.49036407470703 3.8039705753326416
    vertex 26.20639419555664 22.490375518798828 3.805736541748047
    vertex 26.087665557861328 22.465370178222656 3.630125045776367
  endloop
endfacet
facet normal 0.0 0.0 0.0
  outer loop
    vertex 28.000682830810547 22.49036407470703 3.8039705753326416
    vertex 26.087665557861328 22.465370178222656 3.630125045776367
    vertex 28.029483795166016 22.461566925048828 3.60982346534729
  endloop
endfacet
facet normal 0.0 0.0 0.0
  outer loop
    vertex 28.029483795166016 22.461566925048828 3.60982346534729
    vertex 26.087665557861328 22.465370178222656 3.630125045776367
    vertex 25.949214935302734 22.431007385253906 3.479329824447632
  endloop
endfacet
facet normal 0.0 0.0 0.0
  outer loop
    vertex 28.029483795166016 22.461566925048828 3.60982346534729
    vertex 25.949214935302734 22.431007385253906 3.479329824447632
    vertex 28.143291473388672 22.347755432128906 3.2346365451812744
  endloop
endfacet
facet normal 0.0 0.0 0.0
  outer loop
    vertex 28.143291473388672 22.347755432128906 3.2346365451812744
    vertex 25.949214935302734 22.431007385253906 3.479329824447632
    vertex 25.787593841552734 22.39095687866211 3.3490922451019287
  endloop
endfacet
facet normal 0.0 0.0 0.0
  outer loop
    vertex 28.143291473388672 22.347755432128906 3.2346365451812744
    vertex 25.787593841552734 22.39095687866211 3.3490922451019287
    vertex 25.604755401611328 22.350662231445312 3.241758108139038
  endloop
endfacet
facet normal 0.0 0.0 0.0
  outer loop
    vertex 25.604755401611328 22.350662231445312 3.241758108139038
    vertex 25.406116485595703 22.31662368774414 3.163156270980835
    vertex 28.143291473388672 22.347755432128906 3.2346365451812744
  endloop
endfacet
facet normal 0.0 0.0 0.0
  outer loop
    vertex 28.143291473388672 22.347755432128906 3.2346365451812744
    vertex 25.406116485595703 22.31662368774414 3.163156270980835
    vertex 25.198734283447266 22.294147491455078 3.11582350730896
  endloop
endfacet
facet normal 0.0 0.0 0.0
  outer loop
    vertex 28.143291473388672 22.347755432128906 3.2346365451812744
    vertex 25.198734283447266 22.294147491455078 3.11582350730896
    vertex 24.99105453491211 22.286052703857422 3.100003957748413
  endloop
endfacet
facet normal 0.0 0.0 0.0
  outer loop
    vertex 24.783370971679688 22.294147491455078 3.11582350730896
    vertex 21.83881187438965 22.347755432128906 3.234635591506958
    vertex 24.99105453491211 22.286052703857422 3.100003957748413
  endloop
endfacet
facet normal 0.0 0.0 0.0
  outer loop
    vertex 24.99105453491211 22.286052703857422 3.100003957748413
    vertex 21.83881187438965 22.347755432128906 3.234635591506958
    vertex 21.653993606567383 22.16293716430664 2.888862133026123
  endloop
endfacet
facet normal 0.0 0.0 0.0
  outer loop
    vertex 24.99105453491211 22.286052703857422 3.100003957748413
    vertex 21.653993606567383 22.16293716430664 2.888862133026123
    vertex 28.328113555908203 22.16293716430664 2.8888630867004395
  endloop
endfacet
facet normal 0.0 0.0 0.0
  outer loop
    vertex 28.328113555908203 22.16293716430664 2.8888630867004395
    vertex 21.653993606567383 22.16293716430664 2.888862133026123
    vertex 28.576839447021484 21.91421127319336 2.5857911109924316
  endloop
endfacet
facet normal 0.0 0.0 0.0
  outer loop
    vertex 28.576839447021484 21.91421127319336 2.5857911109924316
    vertex 21.653993606567383 22.16293716430664 2.888862133026123
    vertex 21.4052677154541 21.91421127319336 2.5857901573181152
  endloop
endfacet
facet normal 0.0 0.0 0.0
  outer loop
    vertex 28.576839447021484 21.91421127319336 2.5857911109924316
    vertex 21.4052677154541 21.91421127319336 2.5857901573181152
    vertex 28.87990951538086 21.61113739013672 2.3370652198791504
  endloop
endfacet
facet normal 0.0 0.0 0.0
  outer loop
    vertex 28.87990951538086 21.61113739013672 2.3370652198791504
    vertex 21.4052677154541 21.91421127319336 2.5857901573181152
    vertex 21.10219383239746 21.61113739013672 2.337064266204834
  endloop
endfacet
facet normal 0.0 0.0 0.0
  outer loop
    vertex 28.87990951538086 21.61113739013672 2.3370652198791504
    vertex 21.10219383239746 21.61113739013672 2.337064266204834
    vertex 20.75642204284668 21.265361785888672 2.1522440910339355
  endloop
endfacet
facet normal 0.0 0.0 0.0
  outer loop
    vertex 24.783370971679688 22.294147491455078 3.11582350730896
    vertex 24.575984954833984 22.31662368774414 3.163156270980835
    vertex 21.83881187438965 22.347755432128906 3.234635591506958
  endloop
endfacet
facet normal 0.0 0.0 0.0
  outer loop
    vertex 21.83881187438965 22.347755432128906 3.234635591506958
    vertex 24.575984954833984 22.31662368774414 3.163156270980835
    vertex 24.37735366821289 22.350662231445312 3.241758108139038
  endloop
endfacet
facet normal 0.0 0.0 0.0
  outer loop
    vertex 21.83881187438965 22.347755432128906 3.234635591506958
    vertex 24.37735366821289 22.350662231445312 3.241758108139038
    vertex 24.19451141357422 22.39095687866211 3.3490922451019287
  endloop
endfacet
facet normal 0.0 0.0 0.0
  outer loop
    vertex 24.19451141357422 22.39095687866211 3.3490922451019287
    vertex 24.032886505126953 22.431007385253906 3.4793295860290527
    vertex 21.83881187438965 22.347755432128906 3.234635591506958
  endloop
endfacet
facet normal 0.0 0.0 0.0
  outer loop
    vertex 21.83881187438965 22.347755432128906 3.234635591506958
    vertex 24.032886505126953 22.431007385253906 3.4793295860290527
    vertex 21.95262336730957 22.461566925048828 3.6098225116729736
  endloop
endfacet
facet normal 0.0 0.0 0.0
  outer loop
    vertex 21.95262336730957 22.461566925048828 3.6098225116729736
    vertex 24.032886505126953 22.431007385253906 3.4793295860290527
    vertex 23.894437789916992 22.465370178222656 3.630124568939209
  endloop
endfacet
facet normal 0.0 0.0 0.0
  outer loop
    vertex 21.95262336730957 22.461566925048828 3.6098225116729736
    vertex 23.894437789916992 22.465370178222656 3.630124568939209
    vertex 21.98142433166504 22.49036407470703 3.803969621658325
  endloop
endfacet
facet normal 0.0 0.0 0.0
  outer loop
    vertex 21.98142433166504 22.49036407470703 3.803969621658325
    vertex 23.894437789916992 22.465370178222656 3.630124568939209
    vertex 23.775712966918945 22.490375518798828 3.8057360649108887
  endloop
endfacet
facet normal 0.0 0.0 0.0
  outer loop
    vertex 21.98142433166504 22.49036407470703 3.803969621658325
    vertex 23.775712966918945 22.490375518798828 3.8057360649108887
    vertex 21.991056442260742 22.499996185302734 4.000003337860107
  endloop
endfacet
facet normal 0.0 0.0 0.0
  outer loop
    vertex 21.991056442260742 22.499996185302734 4.000003337860107
    vertex 23.775712966918945 22.490375518798828 3.8057360649108887
    vertex 23.683385848999023 22.499996185302734 4.000003337860107
  endloop
endfacet
facet normal 0.0 0.0 0.0
  outer loop
    vertex 28.87990951538086 21.61113739013672 2.3370652198791504
    vertex 20.75642204284668 21.265361785888672 2.1522440910339355
    vertex 29.225688934326172 21.265361785888672 2.152245044708252
  endloop
endfacet
facet normal 0.0 0.0 0.0
  outer loop
    vertex 29.225688934326172 21.265361785888672 2.152245044708252
    vertex 20.75642204284668 21.265361785888672 2.1522440910339355
    vertex 20.381235122680664 20.890178680419922 2.0384323596954346
  endloop
endfacet
facet normal 0.0 0.0 0.0
  outer loop
    vertex 29.225688934326172 21.265361785888672 2.152245044708252
    vertex 20.381235122680664 20.890178680419922 2.0384323596954346
    vertex 29.600872039794922 20.890178680419922 2.038433790206909
  endloop
endfacet
facet normal 0.0 0.0 0.0
  outer loop
    vertex 29.600872039794922 20.890178680419922 2.038433790206909
    vertex 20.381235122680664 20.890178680419922 2.0384323596954346
    vertex 19.991056442260742 20.499996185302734 2.0000030994415283
  endloop
endfacet
facet normal 0.0 0.0 0.0
  outer loop
    vertex 29.600872039794922 20.890178680419922 2.038433790206909
    vertex 19.991056442260742 20.499996185302734 2.0000030994415283
    vertex 29.99105453491211 20.499996185302734 2.000004529953003
  endloop
endfacet
facet normal 0.0 0.0 0.0
  outer loop
    vertex 28.328113555908203 22.16293716430664 2.8888630867004395
    vertex 28.143291473388672 22.347755432128906 3.2346365451812744
    vertex 24.99105453491211 22.286052703857422 3.100003957748413
  endloop
endfacet
facet normal 0.0 0.0 0.0
  outer loop
    vertex 23.683385848999023 22.499996185302734 4.000003337860107
    vertex 23.59907341003418 22.499996185302734 4.350387096405029
    vertex 21.991056442260742 22.499996185302734 4.000003337860107
  endloop
endfacet
facet normal 0.0 0.0 0.0
  outer loop
    vertex 21.991056442260742 22.499996185302734 4.000003337860107
    vertex 23.59907341003418 22.499996185302734 4.350387096405029
    vertex 21.991056442260742 22.499996185302734 4.500003337860107
  endloop
endfacet
facet normal 0.0 0.0 0.0
  outer loop
    vertex 21.991056442260742 22.499996185302734 4.500003337860107
    vertex 23.59907341003418 22.499996185302734 4.350387096405029
    vertex 23.606996536254883 22.499996185302734 4.7106852531433105
  endloop
endfacet
facet normal 0.0 0.0 0.0
  outer loop
    vertex 21.991056442260742 22.499996185302734 4.500003337860107
    vertex 23.606996536254883 22.499996185302734 4.7106852531433105
    vertex 22.078229904174805 22.499996185302734 5.217949867248535
  endloop
endfacet
facet normal 0.0 0.0 0.0
  outer loop
    vertex 22.078229904174805 22.499996185302734 5.217949867248535
    vertex 23.606996536254883 22.499996185302734 4.7106852531433105
    vertex 23.706636428833008 22.499996185302734 5.057021617889404
  endloop
endfacet
facet normal 0.0 0.0 0.0
  outer loop
    vertex 22.078229904174805 22.499996185302734 5.217949867248535
    vertex 23.706636428833008 22.499996185302734 5.057021617889404
    vertex 23.891386032104492 22.499996185302734 5.366448879241943
  endloop
endfacet
facet normal 0.0 0.0 0.0
  outer loop
    vertex 22.078229904174805 22.499996185302734 5.217949867248535
    vertex 23.891386032104492 22.499996185302734 5.366448879241943
    vertex 22.334688186645508 22.499996185302734 5.894171714782715
  endloop
endfacet
facet normal 0.0 0.0 0.0
  outer loop
    vertex 22.334688186645508 22.499996185302734 5.894171714782715
    vertex 23.891386032104492 22.499996185302734 5.366448879241943
    vertex 24.149002075195312 22.499996185302734 5.6184611320495605
  endloop
endfacet
facet normal 0.0 0.0 0.0
  outer loop
    vertex 22.334688186645508 22.499996185302734 5.894171714782715
    vertex 24.149002075195312 22.499996185302734 5.6184611320495605
    vertex 22.74552345275879 22.499996185302734 6.489371299743652
  endloop
endfacet
facet normal 0.0 0.0 0.0
  outer loop
    vertex 22.74552345275879 22.499996185302734 6.489371299743652
    vertex 24.149002075195312 22.499996185302734 5.6184611320495605
    vertex 24.462413787841797 22.499996185302734 5.796361446380615
  endloop
endfacet
facet normal 0.0 0.0 0.0
  outer loop
    vertex 22.74552345275879 22.499996185302734 6.489371299743652
    vertex 24.462413787841797 22.499996185302734 5.796361446380615
    vertex 23.2868595123291 22.499996185302734 6.968955039978027
  endloop
endfacet
facet normal 0.0 0.0 0.0
  outer loop
    vertex 23.2868595123291 22.499996185302734 6.968955039978027
    vertex 24.462413787841797 22.499996185302734 5.796361446380615
    vertex 24.81085968017578 22.499996185302734 5.8883585929870605
  endloop
endfacet
facet normal 0.0 0.0 0.0
  outer loop
    vertex 23.2868595123291 22.499996185302734 6.968955039978027
    vertex 24.81085968017578 22.499996185302734 5.8883585929870605
    vertex 23.9272403717041 22.499996185302734 7.305050849914551
  endloop
endfacet
facet normal 0.0 0.0 0.0
  outer loop
    vertex 23.9272403717041 22.499996185302734 7.305050849914551
    vertex 24.81085968017578 22.499996185302734 5.8883585929870605
    vertex 24.629444122314453 22.499996185302734 7.4781293869018555
  endloop
endfacet
facet normal 0.0 0.0 0.0
  outer loop
    vertex 24.629444122314453 22.499996185302734 7.4781293869018555
    vertex 24.81085968017578 22.499996185302734 5.8883585929870605
    vertex 25.171245574951172 22.499996185302734 5.8883585929870605
  endloop
endfacet
facet normal 0.0 0.0 0.0
  outer loop
    vertex 24.629444122314453 22.499996185302734 7.4781293869018555
    vertex 25.171245574951172 22.499996185302734 5.8883585929870605
    vertex 25.352664947509766 22.499996185302734 7.478129863739014
  endloop
endfacet
facet normal 0.0 0.0 0.0
  outer loop
    vertex 25.352664947509766 22.499996185302734 7.478129863739014
    vertex 25.171245574951172 22.499996185302734 5.8883585929870605
    vertex 26.054866790771484 22.499996185302734 7.305051326751709
  endloop
endfacet
facet normal 0.0 0.0 0.0
  outer loop
    vertex 26.054866790771484 22.499996185302734 7.305051326751709
    vertex 25.171245574951172 22.499996185302734 5.8883585929870605
    vertex 26.695247650146484 22.499996185302734 6.9689555168151855
  endloop
endfacet
facet normal 0.0 0.0 0.0
  outer loop
    vertex 26.695247650146484 22.499996185302734 6.9689555168151855
    vertex 25.171245574951172 22.499996185302734 5.8883585929870605
    vertex 25.51968765258789 22.499996185302734 5.796361446380615
  endloop
endfacet
facet normal 0.0 0.0 0.0
  outer loop
    vertex 26.695247650146484 22.499996185302734 6.9689555168151855
    vertex 25.51968765258789 22.499996185302734 5.796361446380615
    vertex 27.236583709716797 22.499996185302734 6.489372253417969
  endloop
endfacet
facet normal 0.0 0.0 0.0
  outer loop
    vertex 27.236583709716797 22.499996185302734 6.489372253417969
    vertex 25.51968765258789 22.499996185302734 5.796361446380615
    vertex 25.83310317993164 22.499996185302734 5.6184611320495605
  endloop
endfacet
facet normal 0.0 0.0 0.0
  outer loop
    vertex 27.236583709716797 22.499996185302734 6.489372253417969
    vertex 25.83310317993164 22.499996185302734 5.6184611320495605
    vertex 27.647418975830078 22.499996185302734 5.894172668457031
  endloop
endfacet
facet normal 0.0 0.0 0.0
  outer loop
    vertex 27.647418975830078 22.499996185302734 5.894172668457031
    vertex 25.83310317993164 22.499996185302734 5.6184611320495605
    vertex 26.09072494506836 22.499996185302734 5.366448879241943
  endloop
endfacet
facet normal 0.0 0.0 0.0
  outer loop
    vertex 27.647418975830078 22.499996185302734 5.894172668457031
    vertex 26.09072494506836 22.499996185302734 5.366448879241943
    vertex 27.903881072998047 22.499996185302734 5.217950820922852
  endloop
endfacet
facet normal 0.0 0.0 0.0
  outer loop
    vertex 27.903881072998047 22.499996185302734 5.217950820922852
    vertex 26.09072494506836 22.499996185302734 5.366448879241943
    vertex 26.275470733642578 22.499996185302734 5.0570220947265625
  endloop
endfacet
facet normal 0.0 0.0 0.0
  outer loop
    vertex 27.903881072998047 22.499996185302734 5.217950820922852
    vertex 26.275470733642578 22.499996185302734 5.0570220947265625
    vertex 26.375110626220703 22.499996185302734 4.710685729980469
  endloop
endfacet
facet normal 0.0 0.0 0.0
  outer loop
    vertex 27.903881072998047 22.499996185302734 5.217950820922852
    vertex 26.375110626220703 22.499996185302734 4.710685729980469
    vertex 27.99105453491211 22.499996185302734 4.500003814697266
  endloop
endfacet
facet normal 0.0 0.0 0.0
  outer loop
    vertex 27.99105453491211 22.499996185302734 4.500003814697266
    vertex 26.375110626220703 22.499996185302734 4.710685729980469
    vertex 26.383037567138672 22.499996185302734 4.3503875732421875
  endloop
endfacet
facet normal 0.0 0.0 0.0
  outer loop
    vertex 27.99105453491211 22.499996185302734 4.500003814697266
    vertex 26.383037567138672 22.499996185302734 4.3503875732421875
    vertex 27.99105453491211 22.499996185302734 4.000003814697266
  endloop
endfacet
facet normal 0.0 0.0 0.0
  outer loop
    vertex 27.99105453491211 22.499996185302734 4.000003814697266
    vertex 26.383037567138672 22.499996185302734 4.3503875732421875
    vertex 26.298725128173828 22.499996185302734 4.000003814697266
  endloop
endfacet
facet normal 0.0 0.0 0.0
  outer loop
    vertex 27.99105453491211 27.499996185302734 4.000003814697266
    vertex 27.99105453491211 27.499996185302734 4.500003814697266
    vertex 27.99105453491211 22.499996185302734 4.000003814697266
  endloop
endfacet
facet normal 0.0 0.0 0.0
  outer loop
    vertex 27.99105453491211 22.499996185302734 4.000003814697266
    vertex 27.99105453491211 27.499996185302734 4.500003814697266
    vertex 27.99105453491211 22.499996185302734 4.500003814697266
  endloop
endfacet
facet normal 0.0 0.0 0.0
  outer loop
    vertex -20.008941650390625 20.499996185302734 1.999997615814209
    vertex -20.008941650390625 27.499996185302734 1.999997615814209
    vertex -20.39912223815918 20.890178680419922 2.0384271144866943
  endloop
endfacet
facet normal 0.0 0.0 0.0
  outer loop
    vertex -20.39912223815918 20.890178680419922 2.0384271144866943
    vertex -20.008941650390625 27.499996185302734 1.999997615814209
    vertex -20.526578903198242 27.499996185302734 2.068145513534546
  endloop
endfacet
facet normal 0.0 0.0 0.0
  outer loop
    vertex -20.39912223815918 20.890178680419922 2.0384271144866943
    vertex -20.526578903198242 27.499996185302734 2.068145513534546
    vertex -20.774309158325195 21.265361785888672 2.152238368988037
  endloop
endfacet
facet normal 0.0 0.0 0.0
  outer loop
    vertex -20.774309158325195 21.265361785888672 2.152238368988037
    vertex -20.526578903198242 27.499996185302734 2.068145513534546
    vertex -21.008941650390625 27.499996185302734 2.2679476737976074
  endloop
endfacet
facet normal 0.0 0.0 0.0
  outer loop
    vertex -20.774309158325195 21.265361785888672 2.152238368988037
    vertex -21.008941650390625 27.499996185302734 2.2679476737976074
    vertex -21.12008285522461 21.61113739013672 2.3370585441589355
  endloop
endfacet
facet normal 0.0 0.0 0.0
  outer loop
    vertex -21.12008285522461 21.61113739013672 2.3370585441589355
    vertex -21.008941650390625 27.499996185302734 2.2679476737976074
    vertex -21.423154830932617 27.499996185302734 2.585784435272217
  endloop
endfacet
facet normal 0.0 0.0 0.0
  outer loop
    vertex -21.12008285522461 21.61113739013672 2.3370585441589355
    vertex -21.423154830932617 27.499996185302734 2.585784435272217
    vertex -21.423154830932617 21.91421127319336 2.585784435272217
  endloop
endfacet
facet normal 0.0 0.0 0.0
  outer loop
    vertex -21.423154830932617 21.91421127319336 2.585784435272217
    vertex -21.423154830932617 27.499996185302734 2.585784435272217
    vertex -21.6718807220459 22.16293716430664 2.8888564109802246
  endloop
endfacet
facet normal 0.0 0.0 0.0
  outer loop
    vertex -21.6718807220459 22.16293716430664 2.8888564109802246
    vertex -21.423154830932617 27.499996185302734 2.585784435272217
    vertex -21.740991592407227 27.499996185302734 2.999997615814209
  endloop
endfacet
facet normal 0.0 0.0 0.0
  outer loop
    vertex -21.6718807220459 22.16293716430664 2.8888564109802246
    vertex -21.740991592407227 27.499996185302734 2.999997615814209
    vertex -21.856700897216797 22.347755432128906 3.2346298694610596
  endloop
endfacet
facet normal 0.0 0.0 0.0
  outer loop
    vertex -21.856700897216797 22.347755432128906 3.2346298694610596
    vertex -21.740991592407227 27.499996185302734 2.999997615814209
    vertex -21.940793991088867 27.499996185302734 3.4823601245880127
  endloop
endfacet
facet normal 0.0 0.0 0.0
  outer loop
    vertex -21.856700897216797 22.347755432128906 3.2346298694610596
    vertex -21.940793991088867 27.499996185302734 3.4823601245880127
    vertex -21.97051239013672 22.461566925048828 3.609816789627075
  endloop
endfacet
facet normal 0.0 0.0 0.0
  outer loop
    vertex -21.97051239013672 22.461566925048828 3.609816789627075
    vertex -21.940793991088867 27.499996185302734 3.4823601245880127
    vertex -21.999311447143555 22.49036407470703 3.8039638996124268
  endloop
endfacet
facet normal 0.0 0.0 0.0
  outer loop
    vertex -21.999311447143555 22.49036407470703 3.8039638996124268
    vertex -21.940793991088867 27.499996185302734 3.4823601245880127
    vertex -22.008941650390625 27.499996185302734 3.99999737739563
  endloop
endfacet
facet normal 0.0 0.0 0.0
  outer loop
    vertex -21.999311447143555 22.49036407470703 3.8039638996124268
    vertex -22.008941650390625 27.499996185302734 3.99999737739563
    vertex -22.008941650390625 22.499996185302734 3.99999737739563
  endloop
endfacet
facet normal 0.0 0.0 0.0
  outer loop
    vertex -28.008939743041992 22.499996185302734 3.9999964237213135
    vertex -28.008939743041992 27.499996185302734 3.9999964237213135
    vertex -28.018569946289062 22.49036407470703 3.8039629459381104
  endloop
endfacet
facet normal 0.0 0.0 0.0
  outer loop
    vertex -28.018569946289062 22.49036407470703 3.8039629459381104
    vertex -28.008939743041992 27.499996185302734 3.9999964237213135
    vertex -28.07708740234375 27.499996185302734 3.4823591709136963
  endloop
endfacet
facet normal 0.0 0.0 0.0
  outer loop
    vertex -28.018569946289062 22.49036407470703 3.8039629459381104
    vertex -28.07708740234375 27.499996185302734 3.4823591709136963
    vertex -28.0473690032959 22.461566925048828 3.609815835952759
  endloop
endfacet
facet normal 0.0 0.0 0.0
  outer loop
    vertex -28.0473690032959 22.461566925048828 3.609815835952759
    vertex -28.07708740234375 27.499996185302734 3.4823591709136963
    vertex -28.16118049621582 22.347755432128906 3.234628915786743
  endloop
endfacet
facet normal 0.0 0.0 0.0
  outer loop
    vertex -28.16118049621582 22.347755432128906 3.234628915786743
    vertex -28.07708740234375 27.499996185302734 3.4823591709136963
    vertex -28.27688980102539 27.499996185302734 2.9999966621398926
  endloop
endfacet
facet normal 0.0 0.0 0.0
  outer loop
    vertex -28.16118049621582 22.347755432128906 3.234628915786743
    vertex -28.27688980102539 27.499996185302734 2.9999966621398926
    vertex -28.34600067138672 22.16293716430664 2.888855457305908
  endloop
endfacet
facet normal 0.0 0.0 0.0
  outer loop
    vertex -28.34600067138672 22.16293716430664 2.888855457305908
    vertex -28.27688980102539 27.499996185302734 2.9999966621398926
    vertex -28.5947265625 27.499996185302734 2.5857834815979004
  endloop
endfacet
facet normal 0.0 0.0 0.0
  outer loop
    vertex -28.34600067138672 22.16293716430664 2.888855457305908
    vertex -28.5947265625 27.499996185302734 2.5857834815979004
    vertex -28.5947265625 21.91421127319336 2.5857834815979004
  endloop
endfacet
facet normal 0.0 0.0 0.0
  outer loop
    vertex -28.5947265625 21.91421127319336 2.5857834815979004
    vertex -28.5947265625 27.499996185302734 2.5857834815979004
    vertex -28.89780044555664 21.61113739013672 2.337057590484619
  endloop
endfacet
facet normal 0.0 0.0 0.0
  outer loop
    vertex -28.89780044555664 21.61113739013672 2.337057590484619
    vertex -28.5947265625 27.499996185302734 2.5857834815979004
    vertex -29.008939743041992 27.499996185302734 2.267946720123291
  endloop
endfacet
facet normal 0.0 0.0 0.0
  outer loop
    vertex -28.89780044555664 21.61113739013672 2.337057590484619
    vertex -29.008939743041992 27.499996185302734 2.267946720123291
    vertex -29.243572235107422 21.265361785888672 2.1522374153137207
  endloop
endfacet
facet normal 0.0 0.0 0.0
  outer loop
    vertex -29.243572235107422 21.265361785888672 2.1522374153137207
    vertex -29.008939743041992 27.499996185302734 2.267946720123291
    vertex -29.491302490234375 27.499996185302734 2.0681443214416504
  endloop
endfacet
facet normal 0.0 0.0 0.0
  outer loop
    vertex -29.243572235107422 21.265361785888672 2.1522374153137207
    vertex -29.491302490234375 27.499996185302734 2.0681443214416504
    vertex -29.618759155273438 20.890178680419922 2.0384256839752197
  endloop
endfacet
facet normal 0.0 0.0 0.0
  outer loop
    vertex -29.618759155273438 20.890178680419922 2.0384256839752197
    vertex -29.491302490234375 27.499996185302734 2.0681443214416504
    vertex -30.008939743041992 27.499996185302734 1.9999966621398926
  endloop
endfacet
facet normal 0.0 0.0 0.0
  outer loop
    vertex -29.618759155273438 20.890178680419922 2.0384256839752197
    vertex -30.008939743041992 27.499996185302734 1.9999966621398926
    vertex -30.008939743041992 20.499996185302734 1.9999966621398926
  endloop
endfacet
facet normal 0.0 0.0 0.0
  outer loop
    vertex -23.70127296447754 22.499996185302734 3.999997138977051
    vertex -23.793598175048828 22.490375518798828 3.805729866027832
    vertex -22.008941650390625 22.499996185302734 3.99999737739563
  endloop
endfacet
facet normal 0.0 0.0 0.0
  outer loop
    vertex -22.008941650390625 22.499996185302734 3.99999737739563
    vertex -23.793598175048828 22.490375518798828 3.805729866027832
    vertex -21.999311447143555 22.49036407470703 3.8039638996124268
  endloop
endfacet
facet normal 0.0 0.0 0.0
  outer loop
    vertex -21.999311447143555 22.49036407470703 3.8039638996124268
    vertex -23.793598175048828 22.490375518798828 3.805729866027832
    vertex -23.912324905395508 22.465370178222656 3.6301183700561523
  endloop
endfacet
facet normal 0.0 0.0 0.0
  outer loop
    vertex -21.999311447143555 22.49036407470703 3.8039638996124268
    vertex -23.912324905395508 22.465370178222656 3.6301183700561523
    vertex -21.97051239013672 22.461566925048828 3.609816789627075
  endloop
endfacet
facet normal 0.0 0.0 0.0
  outer loop
    vertex -21.97051239013672 22.461566925048828 3.609816789627075
    vertex -23.912324905395508 22.465370178222656 3.6301183700561523
    vertex -24.0507755279541 22.431007385253906 3.479323387145996
  endloop
endfacet
facet normal 0.0 0.0 0.0
  outer loop
    vertex -21.97051239013672 22.461566925048828 3.609816789627075
    vertex -24.0507755279541 22.431007385253906 3.479323387145996
    vertex -21.856700897216797 22.347755432128906 3.2346298694610596
  endloop
endfacet
facet normal 0.0 0.0 0.0
  outer loop
    vertex -21.856700897216797 22.347755432128906 3.2346298694610596
    vertex -24.0507755279541 22.431007385253906 3.479323387145996
    vertex -24.212398529052734 22.39095687866211 3.349085569381714
  endloop
endfacet
facet normal 0.0 0.0 0.0
  outer loop
    vertex -21.856700897216797 22.347755432128906 3.2346298694610596
    vertex -24.212398529052734 22.39095687866211 3.349085569381714
    vertex -24.395240783691406 22.350662231445312 3.2417514324188232
  endloop
endfacet
facet normal 0.0 0.0 0.0
  outer loop
    vertex -24.395240783691406 22.350662231445312 3.2417514324188232
    vertex -24.593873977661133 22.31662368774414 3.16314959526062
    vertex -21.856700897216797 22.347755432128906 3.2346298694610596
  endloop
endfacet
facet normal 0.0 0.0 0.0
  outer loop
    vertex -21.856700897216797 22.347755432128906 3.2346298694610596
    vertex -24.593873977661133 22.31662368774414 3.16314959526062
    vertex -24.801258087158203 22.294147491455078 3.115816831588745
  endloop
endfacet
facet normal 0.0 0.0 0.0
  outer loop
    vertex -21.856700897216797 22.347755432128906 3.2346298694610596
    vertex -24.801258087158203 22.294147491455078 3.115816831588745
    vertex -25.008939743041992 22.286052703857422 3.0999972820281982
  endloop
endfacet
facet normal 0.0 0.0 0.0
  outer loop
    vertex -25.21662139892578 22.294147491455078 3.115816831588745
    vertex -28.16118049621582 22.347755432128906 3.234628915786743
    vertex -25.008939743041992 22.286052703857422 3.0999972820281982
  endloop
endfacet
facet normal 0.0 0.0 0.0
  outer loop
    vertex -25.008939743041992 22.286052703857422 3.0999972820281982
    vertex -28.16118049621582 22.347755432128906 3.234628915786743
    vertex -28.34600067138672 22.16293716430664 2.888855457305908
  endloop
endfacet
facet normal 0.0 0.0 0.0
  outer loop
    vertex -25.008939743041992 22.286052703857422 3.0999972820281982
    vertex -28.34600067138672 22.16293716430664 2.888855457305908
    vertex -21.6718807220459 22.16293716430664 2.8888564109802246
  endloop
endfacet
facet normal 0.0 0.0 0.0
  outer loop
    vertex -21.6718807220459 22.16293716430664 2.8888564109802246
    vertex -28.34600067138672 22.16293716430664 2.888855457305908
    vertex -21.423154830932617 21.91421127319336 2.585784435272217
  endloop
endfacet
facet normal 0.0 0.0 0.0
  outer loop
    vertex -21.423154830932617 21.91421127319336 2.585784435272217
    vertex -28.34600067138672 22.16293716430664 2.888855457305908
    vertex -28.5947265625 21.91421127319336 2.5857834815979004
  endloop
endfacet
facet normal 0.0 0.0 0.0
  outer loop
    vertex -21.423154830932617 21.91421127319336 2.585784435272217
    vertex -28.5947265625 21.91421127319336 2.5857834815979004
    vertex -28.89780044555664 21.61113739013672 2.337057590484619
  endloop
endfacet
facet normal 0.0 0.0 0.0
  outer loop
    vertex -25.21662139892578 22.294147491455078 3.115816831588745
    vertex -25.42400550842285 22.31662368774414 3.16314959526062
    vertex -28.16118049621582 22.347755432128906 3.234628915786743
  endloop
endfacet
facet normal 0.0 0.0 0.0
  outer loop
    vertex -28.16118049621582 22.347755432128906 3.234628915786743
    vertex -25.42400550842285 22.31662368774414 3.16314959526062
    vertex -25.622638702392578 22.350662231445312 3.2417514324188232
  endloop
endfacet
facet normal 0.0 0.0 0.0
  outer loop
    vertex -28.16118049621582 22.347755432128906 3.234628915786743
    vertex -25.622638702392578 22.350662231445312 3.2417514324188232
    vertex -25.80548095703125 22.39095687866211 3.349085569381714
  endloop
endfacet
facet normal 0.0 0.0 0.0
  outer loop
    vertex -25.80548095703125 22.39095687866211 3.349085569381714
    vertex -25.967103958129883 22.431007385253906 3.479323148727417
    vertex -28.16118049621582 22.347755432128906 3.234628915786743
  endloop
endfacet
facet normal 0.0 0.0 0.0
  outer loop
    vertex -28.16118049621582 22.347755432128906 3.234628915786743
    vertex -25.967103958129883 22.431007385253906 3.479323148727417
    vertex -28.0473690032959 22.461566925048828 3.609815835952759
  endloop
endfacet
facet normal 0.0 0.0 0.0
  outer loop
    vertex -28.0473690032959 22.461566925048828 3.609815835952759
    vertex -25.967103958129883 22.431007385253906 3.479323148727417
    vertex -26.10555648803711 22.465370178222656 3.630117893218994
  endloop
endfacet
facet normal 0.0 0.0 0.0
  outer loop
    vertex -28.0473690032959 22.461566925048828 3.609815835952759
    vertex -26.10555648803711 22.465370178222656 3.630117893218994
    vertex -28.018569946289062 22.49036407470703 3.8039629459381104
  endloop
endfacet
facet normal 0.0 0.0 0.0
  outer loop
    vertex -28.018569946289062 22.49036407470703 3.8039629459381104
    vertex -26.10555648803711 22.465370178222656 3.630117893218994
    vertex -26.22428321838379 22.490375518798828 3.805729389190674
  endloop
endfacet
facet normal 0.0 0.0 0.0
  outer loop
    vertex -28.018569946289062 22.49036407470703 3.8039629459381104
    vertex -26.22428321838379 22.490375518798828 3.805729389190674
    vertex -28.008939743041992 22.499996185302734 3.9999964237213135
  endloop
endfacet
facet normal 0.0 0.0 0.0
  outer loop
    vertex -28.008939743041992 22.499996185302734 3.9999964237213135
    vertex -26.22428321838379 22.490375518798828 3.805729389190674
    vertex -26.316608428955078 22.499996185302734 3.9999966621398926
  endloop
endfacet
facet normal 0.0 0.0 0.0
  outer loop
    vertex -29.243572235107422 21.265361785888672 2.1522374153137207
    vertex -21.25670623779297 21.499996185302734 2.2679476737976074
    vertex -28.89780044555664 21.61113739013672 2.337057590484619
  endloop
endfacet
facet normal 0.0 0.0 0.0
  outer loop
    vertex -28.89780044555664 21.61113739013672 2.337057590484619
    vertex -21.25670623779297 21.499996185302734 2.2679476737976074
    vertex -21.12008285522461 21.61113739013672 2.3370585441589355
  endloop
endfacet
facet normal 0.0 0.0 0.0
  outer loop
    vertex -28.89780044555664 21.61113739013672 2.337057590484619
    vertex -21.12008285522461 21.61113739013672 2.3370585441589355
    vertex -21.423154830932617 21.91421127319336 2.585784435272217
  endloop
endfacet
facet normal 0.0 0.0 0.0
  outer loop
    vertex -29.618759155273438 20.890178680419922 2.0384256839752197
    vertex -21.25670623779297 21.017635345458984 2.068145275115967
    vertex -29.243572235107422 21.265361785888672 2.1522374153137207
  endloop
endfacet
facet normal 0.0 0.0 0.0
  outer loop
    vertex -29.243572235107422 21.265361785888672 2.1522374153137207
    vertex -21.25670623779297 21.017635345458984 2.068145275115967
    vertex -20.774309158325195 21.265361785888672 2.152238368988037
  endloop
endfacet
facet normal 0.0 0.0 0.0
  outer loop
    vertex -29.243572235107422 21.265361785888672 2.1522374153137207
    vertex -20.774309158325195 21.265361785888672 2.152238368988037
    vertex -21.25670623779297 21.499996185302734 2.2679476737976074
  endloop
endfacet
facet normal 0.0 0.0 0.0
  outer loop
    vertex -21.25670623779297 21.499996185302734 2.2679476737976074
    vertex -20.774309158325195 21.265361785888672 2.152238368988037
    vertex -21.12008285522461 21.61113739013672 2.3370585441589355
  endloop
endfacet
facet normal 0.0 0.0 0.0
  outer loop
    vertex -30.008939743041992 20.499996185302734 1.9999966621398926
    vertex -20.008941650390625 20.499996185302734 1.999997615814209
    vertex -29.618759155273438 20.890178680419922 2.0384256839752197
  endloop
endfacet
facet normal 0.0 0.0 0.0
  outer loop
    vertex -29.618759155273438 20.890178680419922 2.0384256839752197
    vertex -20.008941650390625 20.499996185302734 1.999997615814209
    vertex -20.39912223815918 20.890178680419922 2.0384271144866943
  endloop
endfacet
facet normal 0.0 0.0 0.0
  outer loop
    vertex -29.618759155273438 20.890178680419922 2.0384256839752197
    vertex -20.39912223815918 20.890178680419922 2.0384271144866943
    vertex -21.25670623779297 21.017635345458984 2.068145275115967
  endloop
endfacet
facet normal 0.0 0.0 0.0
  outer loop
    vertex -21.25670623779297 21.017635345458984 2.068145275115967
    vertex -20.39912223815918 20.890178680419922 2.0384271144866943
    vertex -20.774309158325195 21.265361785888672 2.152238368988037
  endloop
endfacet
facet normal 0.0 0.0 0.0
  outer loop
    vertex -21.6718807220459 22.16293716430664 2.8888564109802246
    vertex -21.856700897216797 22.347755432128906 3.2346298694610596
    vertex -25.008939743041992 22.286052703857422 3.0999972820281982
  endloop
endfacet
facet normal 0.0 0.0 0.0
  outer loop
    vertex 29.99105453491211 27.499996185302734 2.000004529953003
    vertex 38.86295700073242 29.999996185302734 2.0000057220458984
    vertex 19.991056442260742 27.499996185302734 2.0000030994415283
  endloop
endfacet
facet normal 0.0 0.0 0.0
  outer loop
    vertex 19.991056442260742 27.499996185302734 2.0000030994415283
    vertex 38.86295700073242 29.999996185302734 2.0000057220458984
    vertex -20.008941650390625 27.499996185302734 1.999997615814209
  endloop
endfacet
facet normal 0.0 0.0 0.0
  outer loop
    vertex 19.991056442260742 27.499996185302734 2.0000030994415283
    vertex -20.008941650390625 27.499996185302734 1.999997615814209
    vertex -6.506555557250977 23.2120361328125 1.9999995231628418
  endloop
endfacet
facet normal 0.0 0.0 0.0
  outer loop
    vertex -6.506555557250977 23.2120361328125 1.9999995231628418
    vertex -20.008941650390625 27.499996185302734 1.999997615814209
    vertex -7.153604507446289 23.126850128173828 1.9999995231628418
  endloop
endfacet
facet normal 0.0 0.0 0.0
  outer loop
    vertex -7.153604507446289 23.126850128173828 1.9999995231628418
    vertex -20.008941650390625 27.499996185302734 1.999997615814209
    vertex -7.756557464599609 22.87710189819336 1.9999995231628418
  endloop
endfacet
facet normal 0.0 0.0 0.0
  outer loop
    vertex -7.756557464599609 22.87710189819336 1.9999995231628418
    vertex -20.008941650390625 27.499996185302734 1.999997615814209
    vertex -8.274323463439941 22.47980499267578 1.9999995231628418
  endloop
endfacet
facet normal 0.0 0.0 0.0
  outer loop
    vertex -8.274323463439941 22.47980499267578 1.9999995231628418
    vertex -20.008941650390625 27.499996185302734 1.999997615814209
    vertex -20.008941650390625 20.499996185302734 1.999997615814209
  endloop
endfacet
facet normal 0.0 0.0 0.0
  outer loop
    vertex -8.274323463439941 22.47980499267578 1.9999995231628418
    vertex -20.008941650390625 20.499996185302734 1.999997615814209
    vertex -8.671618461608887 21.9620361328125 1.9999995231628418
  endloop
endfacet
facet normal 0.0 0.0 0.0
  outer loop
    vertex -8.671618461608887 21.9620361328125 1.9999995231628418
    vertex -20.008941650390625 20.499996185302734 1.999997615814209
    vertex -8.921370506286621 21.359085083007812 1.9999995231628418
  endloop
endfacet
facet normal 0.0 0.0 0.0
  outer loop
    vertex -8.921370506286621 21.359085083007812 1.9999995231628418
    vertex -20.008941650390625 20.499996185302734 1.999997615814209
    vertex -9.006556510925293 20.7120361328125 1.9999990463256836
  endloop
endfacet
facet normal 0.0 0.0 0.0
  outer loop
    vertex -9.006556510925293 20.7120361328125 1.9999990463256836
    vertex -20.008941650390625 20.499996185302734 1.999997615814209
    vertex -8.921370506286621 20.064990997314453 1.9999995231628418
  endloop
endfacet
facet normal 0.0 0.0 0.0
  outer loop
    vertex -8.921370506286621 20.064990997314453 1.9999995231628418
    vertex -20.008941650390625 20.499996185302734 1.999997615814209
    vertex -8.671618461608887 19.4620361328125 1.9999995231628418
  endloop
endfacet
facet normal 0.0 0.0 0.0
  outer loop
    vertex -8.671618461608887 19.4620361328125 1.9999995231628418
    vertex -20.008941650390625 20.499996185302734 1.999997615814209
    vertex -8.274323463439941 18.944271087646484 1.9999995231628418
  endloop
endfacet
facet normal 0.0 0.0 0.0
  outer loop
    vertex -8.274323463439941 18.944271087646484 1.9999995231628418
    vertex -20.008941650390625 20.499996185302734 1.999997615814209
    vertex -7.756557464599609 18.546974182128906 1.9999995231628418
  endloop
endfacet
facet normal 0.0 0.0 0.0
  outer loop
    vertex -7.756557464599609 18.546974182128906 1.9999995231628418
    vertex -20.008941650390625 20.499996185302734 1.999997615814209
    vertex -4.45311975479126 12.303170204162598 2.0
  endloop
endfacet
facet normal 0.0 0.0 0.0
  outer loop
    vertex -7.756557464599609 18.546974182128906 1.9999995231628418
    vertex -4.45311975479126 12.303170204162598 2.0
    vertex -3.9392073154449463 13.102831840515137 2.0
  endloop
endfacet
facet normal 0.0 0.0 0.0
  outer loop
    vertex 29.99105453491211 20.499996185302734 2.000004529953003
    vertex 48.135223388671875 28.531116485595703 2.000006914138794
    vertex 29.99105453491211 27.499996185302734 2.000004529953003
  endloop
endfacet
facet normal 0.0 0.0 0.0
  outer loop
    vertex 29.99105453491211 27.499996185302734 2.000004529953003
    vertex 48.135223388671875 28.531116485595703 2.000006914138794
    vertex 45.867671966552734 29.17076873779297 2.000006675720215
  endloop
endfacet
facet normal 0.0 0.0 0.0
  outer loop
    vertex 29.99105453491211 27.499996185302734 2.000004529953003
    vertex 45.867671966552734 29.17076873779297 2.000006675720215
    vertex 43.55690383911133 29.63050079345703 2.0000061988830566
  endloop
endfacet
facet normal 0.0 0.0 0.0
  outer loop
    vertex 19.991056442260742 20.499996185302734 2.0000030994415283
    vertex 4.900700092315674 10.958293914794922 2.0000011920928955
    vertex 29.99105453491211 20.499996185302734 2.000004529953003
  endloop
endfacet
facet normal 0.0 0.0 0.0
  outer loop
    vertex 29.99105453491211 20.499996185302734 2.000004529953003
    vertex 4.900700092315674 10.958293914794922 2.0000011920928955
    vertex 4.991058826446533 10.01203727722168 2.0000011920928955
  endloop
endfacet
facet normal 0.0 0.0 0.0
  outer loop
    vertex 29.99105453491211 20.499996185302734 2.000004529953003
    vertex 4.991058826446533 10.01203727722168 2.0000011920928955
    vertex 4.900700092315674 9.065780639648438 2.0000011920928955
  endloop
endfacet
facet normal 0.0 0.0 0.0
  outer loop
    vertex 19.991056442260742 27.499996185302734 2.0000030994415283
    vertex 8.261208534240723 22.47980499267578 2.0000016689300537
    vertex 19.991056442260742 20.499996185302734 2.0000030994415283
  endloop
endfacet
facet normal 0.0 0.0 0.0
  outer loop
    vertex 19.991056442260742 20.499996185302734 2.0000030994415283
    vertex 8.261208534240723 22.47980499267578 2.0000016689300537
    vertex 8.6585054397583 21.9620361328125 2.0000016689300537
  endloop
endfacet
facet normal 0.0 0.0 0.0
  outer loop
    vertex 19.991056442260742 20.499996185302734 2.0000030994415283
    vertex 8.6585054397583 21.9620361328125 2.0000016689300537
    vertex 8.908257484436035 21.359085083007812 2.0000016689300537
  endloop
endfacet
facet normal 0.0 0.0 0.0
  outer loop
    vertex 56.991050720214844 -6.975920677185059 2.0000081062316895
    vertex -38.052581787109375 -3.6319003105163574 1.999995231628418
    vertex -57.008934020996094 -6.975920677185059 1.999992847442627
  endloop
endfacet
facet normal 0.0 0.0 0.0
  outer loop
    vertex -57.008934020996094 -6.975920677185059 1.999992847442627
    vertex -38.052581787109375 -3.6319003105163574 1.999995231628418
    vertex -38.88703536987305 -3.7259206771850586 1.999995231628418
  endloop
endfacet
facet normal 0.0 0.0 0.0
  outer loop
    vertex -57.008934020996094 -6.975920677185059 1.999992847442627
    vertex -38.88703536987305 -3.7259206771850586 1.999995231628418
    vertex -39.72148895263672 -3.6319003105163574 1.999995231628418
  endloop
endfacet
facet normal 0.0 0.0 0.0
  outer loop
    vertex 56.991050720214844 -16.975921630859375 2.0000081062316895
    vertex 65.58766174316406 -13.630480766296387 2.000009298324585
    vertex 56.991050720214844 -6.975920677185059 2.0000081062316895
  endloop
endfacet
facet normal 0.0 0.0 0.0
  outer loop
    vertex 56.991050720214844 -6.975920677185059 2.0000081062316895
    vertex 65.58766174316406 -13.630480766296387 2.000009298324585
    vertex 66.57489013671875 -11.49123764038086 2.000009298324585
  endloop
endfacet
facet normal 0.0 0.0 0.0
  outer loop
    vertex 56.991050720214844 -6.975920677185059 2.0000081062316895
    vertex 66.57489013671875 -11.49123764038086 2.000009298324585
    vertex 67.39119720458984 -9.281118392944336 2.000009536743164
  endloop
endfacet
facet normal 0.0 0.0 0.0
  outer loop
    vertex -57.008934020996094 -16.975921630859375 1.999992847442627
    vertex -6.519380569458008 -18.18393325805664 1.9999995231628418
    vertex 56.991050720214844 -16.975921630859375 2.0000081062316895
  endloop
endfacet
facet normal 0.0 0.0 0.0
  outer loop
    vertex 56.991050720214844 -16.975921630859375 2.0000081062316895
    vertex -6.519380569458008 -18.18393325805664 1.9999995231628418
    vertex 6.480617523193359 -18.191986083984375 2.0000014305114746
  endloop
endfacet
facet normal 0.0 0.0 0.0
  outer loop
    vertex 56.991050720214844 -16.975921630859375 2.0000081062316895
    vertex 6.480617523193359 -18.191986083984375 2.0000014305114746
    vertex 7.127662658691406 -18.277172088623047 2.0000014305114746
  endloop
endfacet
facet normal 0.0 0.0 0.0
  outer loop
    vertex -57.008934020996094 -6.975920677185059 1.999992847442627
    vertex -65.60124969482422 -13.573945999145508 1.9999918937683105
    vertex -57.008934020996094 -16.975921630859375 1.999992847442627
  endloop
endfacet
facet normal 0.0 0.0 0.0
  outer loop
    vertex -57.008934020996094 -16.975921630859375 1.999992847442627
    vertex -65.60124969482422 -13.573945999145508 1.9999918937683105
    vertex -64.4522476196289 -15.627605438232422 1.9999918937683105
  endloop
endfacet
facet normal 0.0 0.0 0.0
  outer loop
    vertex -57.008934020996094 -16.975921630859375 1.999992847442627
    vertex -64.4522476196289 -15.627605438232422 1.9999918937683105
    vertex -63.14569854736328 -17.58480453491211 1.9999918937683105
  endloop
endfacet
facet normal 0.0 0.0 0.0
  outer loop
    vertex 41.19865798950195 -29.908939361572266 2.0000059604644775
    vertex 43.53854751586914 -29.633411407470703 2.0000061988830566
    vertex 38.8443717956543 -29.999996185302734 2.0000057220458984
  endloop
endfacet
facet normal 0.0 0.0 0.0
  outer loop
    vertex 38.8443717956543 -29.999996185302734 2.0000057220458984
    vertex 43.53854751586914 -29.633411407470703 2.0000061988830566
    vertex 45.8495979309082 -29.17510986328125 2.000006675720215
  endloop
endfacet
facet normal 0.0 0.0 0.0
  outer loop
    vertex 38.8443717956543 -29.999996185302734 2.0000057220458984
    vertex 45.8495979309082 -29.17510986328125 2.000006675720215
    vertex 48.1175537109375 -28.536865234375 2.000006914138794
  endloop
endfacet
facet normal 0.0 0.0 0.0
  outer loop
    vertex 48.1175537109375 -28.536865234375 2.000006914138794
    vertex 50.32843017578125 -27.722610473632812 2.000007152557373
    vertex 38.8443717956543 -29.999996185302734 2.0000057220458984
  endloop
endfacet
facet normal 0.0 0.0 0.0
  outer loop
    vertex 38.8443717956543 -29.999996185302734 2.0000057220458984
    vertex 50.32843017578125 -27.722610473632812 2.000007152557373
    vertex 52.468589782714844 -26.73736572265625 2.000007390975952
  endloop
endfacet
facet normal 0.0 0.0 0.0
  outer loop
    vertex 38.8443717956543 -29.999996185302734 2.0000057220458984
    vertex 52.468589782714844 -26.73736572265625 2.000007390975952
    vertex 54.52483367919922 -25.587215423583984 2.0000076293945312
  endloop
endfacet
facet normal 0.0 0.0 0.0
  outer loop
    vertex 56.484474182128906 -24.279251098632812 2.0000081062316895
    vertex 56.991050720214844 -16.975921630859375 2.0000081062316895
    vertex 54.52483367919922 -25.587215423583984 2.0000076293945312
  endloop
endfacet
facet normal 0.0 0.0 0.0
  outer loop
    vertex 54.52483367919922 -25.587215423583984 2.0000076293945312
    vertex 56.991050720214844 -16.975921630859375 2.0000081062316895
    vertex 8.895432472229004 -20.044940948486328 2.0000016689300537
  endloop
endfacet
facet normal 0.0 0.0 0.0
  outer loop
    vertex 54.52483367919922 -25.587215423583984 2.0000076293945312
    vertex 8.895432472229004 -20.044940948486328 2.0000016689300537
    vertex 38.8443717956543 -29.999996185302734 2.0000057220458984
  endloop
endfacet
facet normal 0.0 0.0 0.0
  outer loop
    vertex 38.8443717956543 -29.999996185302734 2.0000057220458984
    vertex 8.895432472229004 -20.044940948486328 2.0000016689300537
    vertex 8.980618476867676 -20.691986083984375 2.0000016689300537
  endloop
endfacet
facet normal 0.0 0.0 0.0
  outer loop
    vertex 38.8443717956543 -29.999996185302734 2.0000057220458984
    vertex 8.980618476867676 -20.691986083984375 2.0000016689300537
    vertex 8.895432472229004 -21.339035034179688 2.0000016689300537
  endloop
endfacet
facet normal 0.0 0.0 0.0
  outer loop
    vertex 56.484474182128906 -24.279251098632812 2.0000081062316895
    vertex 58.33543395996094 -22.821533203125 2.0000083446502686
    vertex 56.991050720214844 -16.975921630859375 2.0000081062316895
  endloop
endfacet
facet normal 0.0 0.0 0.0
  outer loop
    vertex 56.991050720214844 -16.975921630859375 2.0000081062316895
    vertex 58.33543395996094 -22.821533203125 2.0000083446502686
    vertex 60.06629180908203 -21.223060607910156 2.0000085830688477
  endloop
endfacet
facet normal 0.0 0.0 0.0
  outer loop
    vertex 56.991050720214844 -16.975921630859375 2.0000081062316895
    vertex 60.06629180908203 -21.223060607910156 2.0000085830688477
    vertex 61.66637420654297 -19.493690490722656 2.0000085830688477
  endloop
endfacet
facet normal 0.0 0.0 0.0
  outer loop
    vertex 61.66637420654297 -19.493690490722656 2.0000085830688477
    vertex 63.12580871582031 -17.644084930419922 2.0000088214874268
    vertex 56.991050720214844 -16.975921630859375 2.0000081062316895
  endloop
endfacet
facet normal 0.0 0.0 0.0
  outer loop
    vertex 56.991050720214844 -16.975921630859375 2.0000081062316895
    vertex 63.12580871582031 -17.644084930419922 2.0000088214874268
    vertex 64.43560028076172 -15.68565559387207 2.000009059906006
  endloop
endfacet
facet normal 0.0 0.0 0.0
  outer loop
    vertex 56.991050720214844 -16.975921630859375 2.0000081062316895
    vertex 64.43560028076172 -15.68565559387207 2.000009059906006
    vertex 65.58766174316406 -13.630480766296387 2.000009298324585
  endloop
endfacet
facet normal 0.0 0.0 0.0
  outer loop
    vertex 67.39119720458984 -9.281118392944336 2.000009536743164
    vertex 68.03154754638672 -7.0137553215026855 2.000009536743164
    vertex 56.991050720214844 -6.975920677185059 2.0000081062316895
  endloop
endfacet
facet normal 0.0 0.0 0.0
  outer loop
    vertex 56.991050720214844 -6.975920677185059 2.0000081062316895
    vertex 68.03154754638672 -7.0137553215026855 2.000009536743164
    vertex 68.49199676513672 -4.7031331062316895 2.000009536743164
  endloop
endfacet
facet normal 0.0 0.0 0.0
  outer loop
    vertex 56.991050720214844 -6.975920677185059 2.0000081062316895
    vertex 68.49199676513672 -4.7031331062316895 2.000009536743164
    vertex 68.76969909667969 -2.3635034561157227 2.000009536743164
  endloop
endfacet
facet normal 0.0 0.0 0.0
  outer loop
    vertex 68.76969909667969 -2.3635034561157227 2.000009536743164
    vertex 68.86294555664062 -0.009296216070652008 2.000009536743164
    vertex 56.991050720214844 -6.975920677185059 2.0000081062316895
  endloop
endfacet
facet normal 0.0 0.0 0.0
  outer loop
    vertex 56.991050720214844 -6.975920677185059 2.0000081062316895
    vertex 68.86294555664062 -0.009296216070652008 2.000009536743164
    vertex 68.77116394042969 2.344968318939209 2.000009536743164
  endloop
endfacet
facet normal 0.0 0.0 0.0
  outer loop
    vertex 56.991050720214844 -6.975920677185059 2.0000081062316895
    vertex 68.77116394042969 2.344968318939209 2.000009536743164
    vertex 68.49490356445312 4.684769630432129 2.000009536743164
  endloop
endfacet
facet normal 0.0 0.0 0.0
  outer loop
    vertex 56.991050720214844 -6.975920677185059 2.0000081062316895
    vertex 68.49490356445312 4.684769630432129 2.000009536743164
    vertex 4.197323322296143 7.308833122253418 2.0000009536743164
  endloop
endfacet
facet normal 0.0 0.0 0.0
  outer loop
    vertex 4.197323322296143 7.308833122253418 2.0000009536743164
    vertex 68.49490356445312 4.684769630432129 2.000009536743164
    vertex 68.035888671875 6.995676517486572 2.000009536743164
  endloop
endfacet
facet normal 0.0 0.0 0.0
  outer loop
    vertex 4.197323322296143 7.308833122253418 2.0000009536743164
    vertex 68.035888671875 6.995676517486572 2.000009536743164
    vertex 4.632896900177002 8.153724670410156 2.0000011920928955
  endloop
endfacet
facet normal 0.0 0.0 0.0
  outer loop
    vertex 4.632896900177002 8.153724670410156 2.0000011920928955
    vertex 68.035888671875 6.995676517486572 2.000009536743164
    vertex 67.39694213867188 9.263435363769531 2.000009536743164
  endloop
endfacet
facet normal 0.0 0.0 0.0
  outer loop
    vertex 4.632896900177002 8.153724670410156 2.0000011920928955
    vertex 67.39694213867188 9.263435363769531 2.000009536743164
    vertex 4.900700092315674 9.065780639648438 2.0000011920928955
  endloop
endfacet
facet normal 0.0 0.0 0.0
  outer loop
    vertex 4.900700092315674 9.065780639648438 2.0000011920928955
    vertex 67.39694213867188 9.263435363769531 2.000009536743164
    vertex 29.99105453491211 20.499996185302734 2.000004529953003
  endloop
endfacet
facet normal 0.0 0.0 0.0
  outer loop
    vertex 67.39694213867188 9.263435363769531 2.000009536743164
    vertex 66.58200073242188 11.47406005859375 2.000009298324585
    vertex 29.99105453491211 20.499996185302734 2.000004529953003
  endloop
endfacet
facet normal 0.0 0.0 0.0
  outer loop
    vertex 29.99105453491211 20.499996185302734 2.000004529953003
    vertex 66.58200073242188 11.47406005859375 2.000009298324585
    vertex 65.59609985351562 13.61391544342041 2.000009298324585
  endloop
endfacet
facet normal 0.0 0.0 0.0
  outer loop
    vertex 29.99105453491211 20.499996185302734 2.000004529953003
    vertex 65.59609985351562 13.61391544342041 2.000009298324585
    vertex 64.4453125 15.66980266571045 2.000009059906006
  endloop
endfacet
facet normal 0.0 0.0 0.0
  outer loop
    vertex 64.4453125 15.66980266571045 2.000009059906006
    vertex 63.13673400878906 17.629043579101562 2.0000088214874268
    vertex 29.99105453491211 20.499996185302734 2.000004529953003
  endloop
endfacet
facet normal 0.0 0.0 0.0
  outer loop
    vertex 29.99105453491211 20.499996185302734 2.000004529953003
    vertex 63.13673400878906 17.629043579101562 2.0000088214874268
    vertex 61.678443908691406 19.479549407958984 2.0000085830688477
  endloop
endfacet
facet normal 0.0 0.0 0.0
  outer loop
    vertex 29.99105453491211 20.499996185302734 2.000004529953003
    vertex 61.678443908691406 19.479549407958984 2.0000085830688477
    vertex 60.079437255859375 21.209915161132812 2.0000085830688477
  endloop
endfacet
facet normal 0.0 0.0 0.0
  outer loop
    vertex 60.079437255859375 21.209915161132812 2.0000085830688477
    vertex 58.349571228027344 22.809459686279297 2.0000083446502686
    vertex 29.99105453491211 20.499996185302734 2.000004529953003
  endloop
endfacet
facet normal 0.0 0.0 0.0
  outer loop
    vertex 29.99105453491211 20.499996185302734 2.000004529953003
    vertex 58.349571228027344 22.809459686279297 2.0000083446502686
    vertex 56.49951171875 24.268321990966797 2.0000081062316895
  endloop
endfacet
facet normal 0.0 0.0 0.0
  outer loop
    vertex 29.99105453491211 20.499996185302734 2.000004529953003
    vertex 56.49951171875 24.268321990966797 2.0000081062316895
    vertex 54.540679931640625 25.577503204345703 2.0000076293945312
  endloop
endfacet
facet normal 0.0 0.0 0.0
  outer loop
    vertex 54.540679931640625 25.577503204345703 2.0000076293945312
    vertex 52.485145568847656 26.728927612304688 2.000007390975952
    vertex 29.99105453491211 20.499996185302734 2.000004529953003
  endloop
endfacet
facet normal 0.0 0.0 0.0
  outer loop
    vertex 29.99105453491211 20.499996185302734 2.000004529953003
    vertex 52.485145568847656 26.728927612304688 2.000007390975952
    vertex 50.34559631347656 27.715492248535156 2.000007152557373
  endloop
endfacet
facet normal 0.0 0.0 0.0
  outer loop
    vertex 29.99105453491211 20.499996185302734 2.000004529953003
    vertex 50.34559631347656 27.715492248535156 2.000007152557373
    vertex 48.135223388671875 28.531116485595703 2.000006914138794
  endloop
endfacet
facet normal 0.0 0.0 0.0
  outer loop
    vertex 43.55690383911133 29.63050079345703 2.0000061988830566
    vertex 41.21718978881836 29.90747833251953 2.0000059604644775
    vertex 29.99105453491211 27.499996185302734 2.000004529953003
  endloop
endfacet
facet normal 0.0 0.0 0.0
  outer loop
    vertex 29.99105453491211 27.499996185302734 2.000004529953003
    vertex 41.21718978881836 29.90747833251953 2.0000059604644775
    vertex 38.86295700073242 29.999996185302734 2.0000057220458984
  endloop
endfacet
facet normal 0.0 0.0 0.0
  outer loop
    vertex 38.86295700073242 29.999996185302734 2.0000057220458984
    vertex -38.88703536987305 29.999996185302734 1.999995231628418
    vertex -20.008941650390625 27.499996185302734 1.999997615814209
  endloop
endfacet
facet normal 0.0 0.0 0.0
  outer loop
    vertex -20.008941650390625 27.499996185302734 1.999997615814209
    vertex -38.88703536987305 29.999996185302734 1.999995231628418
    vertex -30.008939743041992 27.499996185302734 1.9999966621398926
  endloop
endfacet
facet normal 0.0 0.0 0.0
  outer loop
    vertex -30.008939743041992 27.499996185302734 1.9999966621398926
    vertex -38.88703536987305 29.999996185302734 1.999995231628418
    vertex -41.23845672607422 29.90762710571289 1.9999947547912598
  endloop
endfacet
facet normal 0.0 0.0 0.0
  outer loop
    vertex -30.008939743041992 27.499996185302734 1.9999966621398926
    vertex -41.23845672607422 29.90762710571289 1.9999947547912598
    vertex -43.57538604736328 29.631088256835938 1.9999947547912598
  endloop
endfacet
facet normal 0.0 0.0 0.0
  outer loop
    vertex -43.57538604736328 29.631088256835938 1.9999947547912598
    vertex -45.883419036865234 29.17208480834961 1.9999942779541016
    vertex -30.008939743041992 27.499996185302734 1.9999966621398926
  endloop
endfacet
facet normal 0.0 0.0 0.0
  outer loop
    vertex -30.008939743041992 27.499996185302734 1.9999966621398926
    vertex -45.883419036865234 29.17208480834961 1.9999942779541016
    vertex -48.14833450317383 28.533443450927734 1.9999942779541016
  endloop
endfacet
facet normal 0.0 0.0 0.0
  outer loop
    vertex -30.008939743041992 27.499996185302734 1.9999966621398926
    vertex -48.14833450317383 28.533443450927734 1.9999942779541016
    vertex -30.008939743041992 20.499996185302734 1.9999966621398926
  endloop
endfacet
facet normal 0.0 0.0 0.0
  outer loop
    vertex -30.008939743041992 20.499996185302734 1.9999966621398926
    vertex -48.14833450317383 28.533443450927734 1.9999942779541016
    vertex -50.35617446899414 27.719104766845703 1.9999938011169434
  endloop
endfacet
facet normal 0.0 0.0 0.0
  outer loop
    vertex -30.008939743041992 20.499996185302734 1.9999966621398926
    vertex -50.35617446899414 27.719104766845703 1.9999938011169434
    vertex -52.49333190917969 26.734081268310547 1.9999933242797852
  endloop
endfacet
facet normal 0.0 0.0 0.0
  outer loop
    vertex -52.49333190917969 26.734081268310547 1.9999933242797852
    vertex -54.546634674072266 25.584449768066406 1.9999933242797852
    vertex -30.008939743041992 20.499996185302734 1.9999966621398926
  endloop
endfacet
facet normal 0.0 0.0 0.0
  outer loop
    vertex -30.008939743041992 20.499996185302734 1.9999966621398926
    vertex -54.546634674072266 25.584449768066406 1.9999933242797852
    vertex -56.5034294128418 24.277286529541016 1.999992847442627
  endloop
endfacet
facet normal 0.0 0.0 0.0
  outer loop
    vertex -30.008939743041992 20.499996185302734 1.9999966621398926
    vertex -56.5034294128418 24.277286529541016 1.999992847442627
    vertex -58.351654052734375 22.820659637451172 1.999992847442627
  endloop
endfacet
facet normal 0.0 0.0 0.0
  outer loop
    vertex -58.351654052734375 22.820659637451172 1.999992847442627
    vertex -60.079925537109375 21.22353744506836 1.9999923706054688
    vertex -30.008939743041992 20.499996185302734 1.9999966621398926
  endloop
endfacet
facet normal 0.0 0.0 0.0
  outer loop
    vertex -30.008939743041992 20.499996185302734 1.9999966621398926
    vertex -60.079925537109375 21.22353744506836 1.9999923706054688
    vertex -61.677581787109375 19.49576187133789 1.9999923706054688
  endloop
endfacet
facet normal 0.0 0.0 0.0
  outer loop
    vertex -30.008939743041992 20.499996185302734 1.9999966621398926
    vertex -61.677581787109375 19.49576187133789 1.9999923706054688
    vertex -63.13478088378906 17.647987365722656 1.9999918937683105
  endloop
endfacet
facet normal 0.0 0.0 0.0
  outer loop
    vertex -63.13478088378906 17.647987365722656 1.9999918937683105
    vertex -64.44255065917969 15.691598892211914 1.9999918937683105
    vertex -30.008939743041992 20.499996185302734 1.9999966621398926
  endloop
endfacet
facet normal 0.0 0.0 0.0
  outer loop
    vertex -30.008939743041992 20.499996185302734 1.9999966621398926
    vertex -64.44255065917969 15.691598892211914 1.9999918937683105
    vertex -38.88703536987305 3.7740793228149414 1.999995231628418
  endloop
endfacet
facet normal 0.0 0.0 0.0
  outer loop
    vertex -30.008939743041992 20.499996185302734 1.9999966621398926
    vertex -38.88703536987305 3.7740793228149414 1.999995231628418
    vertex -38.052581787109375 3.6800589561462402 1.999995231628418
  endloop
endfacet
facet normal 0.0 0.0 0.0
  outer loop
    vertex -64.44255065917969 15.691598892211914 1.9999918937683105
    vertex -65.59281921386719 13.638651847839355 1.9999918937683105
    vertex -38.88703536987305 3.7740793228149414 1.999995231628418
  endloop
endfacet
facet normal 0.0 0.0 0.0
  outer loop
    vertex -38.88703536987305 3.7740793228149414 1.999995231628418
    vertex -65.59281921386719 13.638651847839355 1.9999918937683105
    vertex -39.72148895263672 3.6800589561462402 1.999995231628418
  endloop
endfacet
facet normal 0.0 0.0 0.0
  outer loop
    vertex -39.72148895263672 3.6800589561462402 1.999995231628418
    vertex -65.59281921386719 13.638651847839355 1.9999918937683105
    vertex -66.57849884033203 11.501799583435059 1.9999914169311523
  endloop
endfacet
facet normal 0.0 0.0 0.0
  outer loop
    vertex -39.72148895263672 3.6800589561462402 1.999995231628418
    vertex -66.57849884033203 11.501799583435059 1.9999914169311523
    vertex -67.39352416992188 9.294211387634277 1.9999914169311523
  endloop
endfacet
facet normal 0.0 0.0 0.0
  outer loop
    vertex -39.72148895263672 3.6800589561462402 1.999995231628418
    vertex -67.39352416992188 9.294211387634277 1.9999914169311523
    vertex -40.51409912109375 3.40271258354187 1.999995231628418
  endloop
endfacet
facet normal 0.0 0.0 0.0
  outer loop
    vertex -40.51409912109375 3.40271258354187 1.999995231628418
    vertex -67.39352416992188 9.294211387634277 1.9999914169311523
    vertex -68.03286743164062 7.029491901397705 1.9999914169311523
  endloop
endfacet
facet normal 0.0 0.0 0.0
  outer loop
    vertex -40.51409912109375 3.40271258354187 1.999995231628418
    vertex -68.03286743164062 7.029491901397705 1.9999914169311523
    vertex -41.225120544433594 2.9559473991394043 1.9999947547912598
  endloop
endfacet
facet normal 0.0 0.0 0.0
  outer loop
    vertex -41.225120544433594 2.9559473991394043 1.9999947547912598
    vertex -68.03286743164062 7.029491901397705 1.9999914169311523
    vertex -68.49258422851562 4.721599102020264 1.9999914169311523
  endloop
endfacet
facet normal 0.0 0.0 0.0
  outer loop
    vertex -41.225120544433594 2.9559473991394043 1.9999947547912598
    vertex -68.49258422851562 4.721599102020264 1.9999914169311523
    vertex -41.818904876708984 2.362166166305542 1.9999947547912598
  endloop
endfacet
facet normal 0.0 0.0 0.0
  outer loop
    vertex -41.818904876708984 2.362166166305542 1.9999947547912598
    vertex -68.49258422851562 4.721599102020264 1.9999914169311523
    vertex -42.26566696166992 1.6511433124542236 1.9999947547912598
  endloop
endfacet
facet normal 0.0 0.0 0.0
  outer loop
    vertex -42.26566696166992 1.6511433124542236 1.9999947547912598
    vertex -68.49258422851562 4.721599102020264 1.9999914169311523
    vertex -68.76985168457031 2.384756088256836 1.9999914169311523
  endloop
endfacet
facet normal 0.0 0.0 0.0
  outer loop
    vertex -42.26566696166992 1.6511433124542236 1.9999947547912598
    vertex -68.76985168457031 2.384756088256836 1.9999914169311523
    vertex -42.54301452636719 0.8585328459739685 1.9999947547912598
  endloop
endfacet
facet normal 0.0 0.0 0.0
  outer loop
    vertex -42.54301452636719 0.8585328459739685 1.9999947547912598
    vertex -68.76985168457031 2.384756088256836 1.9999914169311523
    vertex -68.86294555664062 0.03336435556411743 1.9999914169311523
  endloop
endfacet
facet normal 0.0 0.0 0.0
  outer loop
    vertex -42.54301452636719 0.8585328459739685 1.9999947547912598
    vertex -68.86294555664062 0.03336435556411743 1.9999914169311523
    vertex -42.63703536987305 0.024079322814941406 1.9999947547912598
  endloop
endfacet
facet normal 0.0 0.0 0.0
  outer loop
    vertex -42.63703536987305 0.024079322814941406 1.9999947547912598
    vertex -68.86294555664062 0.03336435556411743 1.9999914169311523
    vertex -42.54301452636719 -0.8103742003440857 1.9999947547912598
  endloop
endfacet
facet normal 0.0 0.0 0.0
  outer loop
    vertex -42.54301452636719 -0.8103742003440857 1.9999947547912598
    vertex -68.86294555664062 0.03336435556411743 1.9999914169311523
    vertex -68.77130889892578 -2.318084716796875 1.9999914169311523
  endloop
endfacet
facet normal 0.0 0.0 0.0
  outer loop
    vertex -42.54301452636719 -0.8103742003440857 1.9999947547912598
    vertex -68.77130889892578 -2.318084716796875 1.9999914169311523
    vertex -57.008934020996094 -6.975920677185059 1.999992847442627
  endloop
endfacet
facet normal 0.0 0.0 0.0
  outer loop
    vertex -57.008934020996094 -6.975920677185059 1.999992847442627
    vertex -68.77130889892578 -2.318084716796875 1.9999914169311523
    vertex -68.49549102783203 -4.655098915100098 1.9999914169311523
  endloop
endfacet
facet normal 0.0 0.0 0.0
  outer loop
    vertex -57.008934020996094 -6.975920677185059 1.999992847442627
    vertex -68.49549102783203 -4.655098915100098 1.9999914169311523
    vertex -68.03720092773438 -6.963276386260986 1.9999914169311523
  endloop
endfacet
facet normal 0.0 0.0 0.0
  outer loop
    vertex -68.03720092773438 -6.963276386260986 1.9999914169311523
    vertex -67.39926147460938 -9.22839069366455 1.9999914169311523
    vertex -57.008934020996094 -6.975920677185059 1.999992847442627
  endloop
endfacet
facet normal 0.0 0.0 0.0
  outer loop
    vertex -57.008934020996094 -6.975920677185059 1.999992847442627
    vertex -67.39926147460938 -9.22839069366455 1.9999914169311523
    vertex -66.58560943603516 -11.436483383178711 1.9999914169311523
  endloop
endfacet
facet normal 0.0 0.0 0.0
  outer loop
    vertex -57.008934020996094 -6.975920677185059 1.999992847442627
    vertex -66.58560943603516 -11.436483383178711 1.9999914169311523
    vertex -65.60124969482422 -13.573945999145508 1.9999918937683105
  endloop
endfacet
facet normal 0.0 0.0 0.0
  outer loop
    vertex -63.14569854736328 -17.58480453491211 1.9999918937683105
    vertex -61.68963623046875 -19.433483123779297 1.9999923706054688
    vertex -57.008934020996094 -16.975921630859375 1.999992847442627
  endloop
endfacet
facet normal 0.0 0.0 0.0
  outer loop
    vertex -57.008934020996094 -16.975921630859375 1.999992847442627
    vertex -61.68963623046875 -19.433483123779297 1.9999923706054688
    vertex -60.09305191040039 -21.162242889404297 1.9999923706054688
  endloop
endfacet
facet normal 0.0 0.0 0.0
  outer loop
    vertex -57.008934020996094 -16.975921630859375 1.999992847442627
    vertex -60.09305191040039 -21.162242889404297 1.9999923706054688
    vertex -58.36577606201172 -22.76043701171875 1.999992847442627
  endloop
endfacet
facet normal 0.0 0.0 0.0
  outer loop
    vertex -58.36577606201172 -22.76043701171875 1.999992847442627
    vertex -56.51844787597656 -24.218212127685547 1.999992847442627
    vertex -57.008934020996094 -16.975921630859375 1.999992847442627
  endloop
endfacet
facet normal 0.0 0.0 0.0
  outer loop
    vertex -57.008934020996094 -16.975921630859375 1.999992847442627
    vertex -56.51844787597656 -24.218212127685547 1.999992847442627
    vertex -54.56246566772461 -25.52658462524414 1.9999933242797852
  endloop
endfacet
facet normal 0.0 0.0 0.0
  outer loop
    vertex -57.008934020996094 -16.975921630859375 1.999992847442627
    vertex -54.56246566772461 -25.52658462524414 1.9999933242797852
    vertex -9.019377708435059 -20.68393325805664 1.9999990463256836
  endloop
endfacet
facet normal 0.0 0.0 0.0
  outer loop
    vertex -9.019377708435059 -20.68393325805664 1.9999990463256836
    vertex -54.56246566772461 -25.52658462524414 1.9999933242797852
    vertex -38.90560531616211 -29.951831817626953 1.999995231628418
  endloop
endfacet
facet normal 0.0 0.0 0.0
  outer loop
    vertex -9.019377708435059 -20.68393325805664 1.9999990463256836
    vertex -38.90560531616211 -29.951831817626953 1.999995231628418
    vertex -8.934191703796387 -21.330982208251953 1.9999995231628418
  endloop
endfacet
facet normal 0.0 0.0 0.0
  outer loop
    vertex -8.934191703796387 -21.330982208251953 1.9999995231628418
    vertex -38.90560531616211 -29.951831817626953 1.999995231628418
    vertex -8.684441566467285 -21.93393325805664 1.9999995231628418
  endloop
endfacet
facet normal 0.0 0.0 0.0
  outer loop
    vertex -8.684441566467285 -21.93393325805664 1.9999995231628418
    vertex -38.90560531616211 -29.951831817626953 1.999995231628418
    vertex -8.287144660949707 -22.451702117919922 1.9999995231628418
  endloop
endfacet
facet normal 0.0 0.0 0.0
  outer loop
    vertex -8.287144660949707 -22.451702117919922 1.9999995231628418
    vertex -38.90560531616211 -29.951831817626953 1.999995231628418
    vertex -7.769378662109375 -22.8489990234375 1.9999995231628418
  endloop
endfacet
facet normal 0.0 0.0 0.0
  outer loop
    vertex -7.769378662109375 -22.8489990234375 1.9999995231628418
    vertex -38.90560531616211 -29.951831817626953 1.999995231628418
    vertex -7.166425704956055 -23.09874725341797 1.9999995231628418
  endloop
endfacet
facet normal 0.0 0.0 0.0
  outer loop
    vertex -7.166425704956055 -23.09874725341797 1.9999995231628418
    vertex -38.90560531616211 -29.951831817626953 1.999995231628418
    vertex -6.519380569458008 -23.18393325805664 1.9999995231628418
  endloop
endfacet
facet normal 0.0 0.0 0.0
  outer loop
    vertex -6.519380569458008 -23.18393325805664 1.9999995231628418
    vertex -38.90560531616211 -29.951831817626953 1.999995231628418
    vertex 6.480617523193359 -23.191986083984375 2.0000014305114746
  endloop
endfacet
facet normal 0.0 0.0 0.0
  outer loop
    vertex -6.519380569458008 -23.18393325805664 1.9999995231628418
    vertex 6.480617523193359 -23.191986083984375 2.0000014305114746
    vertex 5.833569049835205 -23.10680389404297 2.0000011920928955
  endloop
endfacet
facet normal 0.0 0.0 0.0
  outer loop
    vertex -54.56246566772461 -25.52658462524414 1.9999933242797852
    vertex -52.5098762512207 -26.677490234375 1.9999933242797852
    vertex -38.90560531616211 -29.951831817626953 1.999995231628418
  endloop
endfacet
facet normal 0.0 0.0 0.0
  outer loop
    vertex -38.90560531616211 -29.951831817626953 1.999995231628418
    vertex -52.5098762512207 -26.677490234375 1.9999933242797852
    vertex -50.373329162597656 -27.663833618164062 1.9999938011169434
  endloop
endfacet
facet normal 0.0 0.0 0.0
  outer loop
    vertex -38.90560531616211 -29.951831817626953 1.999995231628418
    vertex -50.373329162597656 -27.663833618164062 1.9999938011169434
    vertex -48.165992736816406 -28.479541778564453 1.9999942779541016
  endloop
endfacet
facet normal 0.0 0.0 0.0
  outer loop
    vertex -48.165992736816406 -28.479541778564453 1.9999942779541016
    vertex -45.9014778137207 -29.119586944580078 1.9999942779541016
    vertex -38.90560531616211 -29.951831817626953 1.999995231628418
  endloop
endfacet
facet normal 0.0 0.0 0.0
  outer loop
    vertex -38.90560531616211 -29.951831817626953 1.999995231628418
    vertex -45.9014778137207 -29.119586944580078 1.9999942779541016
    vertex -43.593727111816406 -29.580020904541016 1.9999947547912598
  endloop
endfacet
facet normal 0.0 0.0 0.0
  outer loop
    vertex -38.90560531616211 -29.951831817626953 1.999995231628418
    vertex -43.593727111816406 -29.580020904541016 1.9999947547912598
    vertex -41.2569694519043 -29.85800552368164 1.9999947547912598
  endloop
endfacet
facet normal 0.0 0.0 0.0
  outer loop
    vertex -38.90560531616211 -29.951831817626953 1.999995231628418
    vertex 38.8443717956543 -29.999996185302734 2.0000057220458984
    vertex 6.480617523193359 -23.191986083984375 2.0000014305114746
  endloop
endfacet
facet normal 0.0 0.0 0.0
  outer loop
    vertex 6.480617523193359 -23.191986083984375 2.0000014305114746
    vertex 38.8443717956543 -29.999996185302734 2.0000057220458984
    vertex 7.127662658691406 -23.10680389404297 2.0000014305114746
  endloop
endfacet
facet normal 0.0 0.0 0.0
  outer loop
    vertex 7.127662658691406 -23.10680389404297 2.0000014305114746
    vertex 38.8443717956543 -29.999996185302734 2.0000057220458984
    vertex 7.730617523193359 -22.857051849365234 2.0000014305114746
  endloop
endfacet
facet normal 0.0 0.0 0.0
  outer loop
    vertex 7.730617523193359 -22.857051849365234 2.0000014305114746
    vertex 38.8443717956543 -29.999996185302734 2.0000057220458984
    vertex 8.248383522033691 -22.459754943847656 2.0000016689300537
  endloop
endfacet
facet normal 0.0 0.0 0.0
  outer loop
    vertex 8.248383522033691 -22.459754943847656 2.0000016689300537
    vertex 38.8443717956543 -29.999996185302734 2.0000057220458984
    vertex 8.64568042755127 -21.941986083984375 2.0000016689300537
  endloop
endfacet
facet normal 0.0 0.0 0.0
  outer loop
    vertex 8.64568042755127 -21.941986083984375 2.0000016689300537
    vertex 38.8443717956543 -29.999996185302734 2.0000057220458984
    vertex 8.895432472229004 -21.339035034179688 2.0000016689300537
  endloop
endfacet
facet normal 0.0 0.0 0.0
  outer loop
    vertex -4.104563236236572 -21.330982208251953 2.0
    vertex 3.9806182384490967 -20.691986083984375 2.0000009536743164
    vertex -4.019381046295166 -20.68393325805664 2.0
  endloop
endfacet
facet normal 0.0 0.0 0.0
  outer loop
    vertex -4.019381046295166 -20.68393325805664 2.0
    vertex 3.9806182384490967 -20.691986083984375 2.0000009536743164
    vertex 4.0658040046691895 -20.044940948486328 2.0000009536743164
  endloop
endfacet
facet normal 0.0 0.0 0.0
  outer loop
    vertex -4.019381046295166 -20.68393325805664 2.0
    vertex 4.0658040046691895 -20.044940948486328 2.0000009536743164
    vertex -4.104563236236572 -20.036888122558594 2.0
  endloop
endfacet
facet normal 0.0 0.0 0.0
  outer loop
    vertex -4.104563236236572 -20.036888122558594 2.0
    vertex 4.0658040046691895 -20.044940948486328 2.0000009536743164
    vertex 4.315552234649658 -19.441986083984375 2.0000009536743164
  endloop
endfacet
facet normal 0.0 0.0 0.0
  outer loop
    vertex -4.104563236236572 -20.036888122558594 2.0
    vertex 4.315552234649658 -19.441986083984375 2.0000009536743164
    vertex -4.354315280914307 -19.43393325805664 2.0
  endloop
endfacet
facet normal 0.0 0.0 0.0
  outer loop
    vertex -4.354315280914307 -19.43393325805664 2.0
    vertex 4.315552234649658 -19.441986083984375 2.0000009536743164
    vertex 4.712849140167236 -18.92422103881836 2.0000011920928955
  endloop
endfacet
facet normal 0.0 0.0 0.0
  outer loop
    vertex -4.354315280914307 -19.43393325805664 2.0
    vertex 4.712849140167236 -18.92422103881836 2.0000011920928955
    vertex -4.751612186431885 -18.916168212890625 2.0
  endloop
endfacet
facet normal 0.0 0.0 0.0
  outer loop
    vertex -4.751612186431885 -18.916168212890625 2.0
    vertex 4.712849140167236 -18.92422103881836 2.0000011920928955
    vertex 5.230618000030518 -18.52692413330078 2.0000011920928955
  endloop
endfacet
facet normal 0.0 0.0 0.0
  outer loop
    vertex -4.751612186431885 -18.916168212890625 2.0
    vertex 5.230618000030518 -18.52692413330078 2.0000011920928955
    vertex -5.269381046295166 -18.518871307373047 2.0
  endloop
endfacet
facet normal 0.0 0.0 0.0
  outer loop
    vertex -5.269381046295166 -18.518871307373047 2.0
    vertex 5.230618000030518 -18.52692413330078 2.0000011920928955
    vertex 5.833569049835205 -18.277172088623047 2.0000011920928955
  endloop
endfacet
facet normal 0.0 0.0 0.0
  outer loop
    vertex -5.269381046295166 -18.518871307373047 2.0
    vertex 5.833569049835205 -18.277172088623047 2.0000011920928955
    vertex -5.8723320960998535 -18.269119262695312 1.9999995231628418
  endloop
endfacet
facet normal 0.0 0.0 0.0
  outer loop
    vertex -5.8723320960998535 -18.269119262695312 1.9999995231628418
    vertex 5.833569049835205 -18.277172088623047 2.0000011920928955
    vertex 6.480617523193359 -18.191986083984375 2.0000014305114746
  endloop
endfacet
facet normal 0.0 0.0 0.0
  outer loop
    vertex -5.8723320960998535 -18.269119262695312 1.9999995231628418
    vertex 6.480617523193359 -18.191986083984375 2.0000014305114746
    vertex -6.519380569458008 -18.18393325805664 1.9999995231628418
  endloop
endfacet
facet normal 0.0 0.0 0.0
  outer loop
    vertex 3.9806182384490967 -20.691986083984375 2.0000009536743164
    vertex -4.104563236236572 -21.330982208251953 2.0
    vertex 4.0658040046691895 -21.339035034179688 2.0000009536743164
  endloop
endfacet
facet normal 0.0 0.0 0.0
  outer loop
    vertex 4.0658040046691895 -21.339035034179688 2.0000009536743164
    vertex -4.104563236236572 -21.330982208251953 2.0
    vertex -4.354315280914307 -21.93393325805664 2.0
  endloop
endfacet
facet normal 0.0 0.0 0.0
  outer loop
    vertex 4.0658040046691895 -21.339035034179688 2.0000009536743164
    vertex -4.354315280914307 -21.93393325805664 2.0
    vertex 4.315552234649658 -21.941986083984375 2.0000009536743164
  endloop
endfacet
facet normal 0.0 0.0 0.0
  outer loop
    vertex 4.315552234649658 -21.941986083984375 2.0000009536743164
    vertex -4.354315280914307 -21.93393325805664 2.0
    vertex -4.751612186431885 -22.451702117919922 2.0
  endloop
endfacet
facet normal 0.0 0.0 0.0
  outer loop
    vertex 4.315552234649658 -21.941986083984375 2.0000009536743164
    vertex -4.751612186431885 -22.451702117919922 2.0
    vertex 4.712849140167236 -22.459754943847656 2.0000011920928955
  endloop
endfacet
facet normal 0.0 0.0 0.0
  outer loop
    vertex 4.712849140167236 -22.459754943847656 2.0000011920928955
    vertex -4.751612186431885 -22.451702117919922 2.0
    vertex -5.269381046295166 -22.8489990234375 2.0
  endloop
endfacet
facet normal 0.0 0.0 0.0
  outer loop
    vertex 4.712849140167236 -22.459754943847656 2.0000011920928955
    vertex -5.269381046295166 -22.8489990234375 2.0
    vertex 5.230618000030518 -22.857051849365234 2.0000011920928955
  endloop
endfacet
facet normal 0.0 0.0 0.0
  outer loop
    vertex 5.230618000030518 -22.857051849365234 2.0000011920928955
    vertex -5.269381046295166 -22.8489990234375 2.0
    vertex -5.8723320960998535 -23.09874725341797 1.9999995231628418
  endloop
endfacet
facet normal 0.0 0.0 0.0
  outer loop
    vertex 5.230618000030518 -22.857051849365234 2.0000011920928955
    vertex -5.8723320960998535 -23.09874725341797 1.9999995231628418
    vertex 5.833569049835205 -23.10680389404297 2.0000011920928955
  endloop
endfacet
facet normal 0.0 0.0 0.0
  outer loop
    vertex 5.833569049835205 -23.10680389404297 2.0000011920928955
    vertex -5.8723320960998535 -23.09874725341797 1.9999995231628418
    vertex -6.519380569458008 -23.18393325805664 1.9999995231628418
  endloop
endfacet
facet normal 0.0 0.0 0.0
  outer loop
    vertex -9.019377708435059 -20.68393325805664 1.9999990463256836
    vertex -8.934191703796387 -20.036888122558594 1.9999995231628418
    vertex -57.008934020996094 -16.975921630859375 1.999992847442627
  endloop
endfacet
facet normal 0.0 0.0 0.0
  outer loop
    vertex -57.008934020996094 -16.975921630859375 1.999992847442627
    vertex -8.934191703796387 -20.036888122558594 1.9999995231628418
    vertex -8.684441566467285 -19.43393325805664 1.9999995231628418
  endloop
endfacet
facet normal 0.0 0.0 0.0
  outer loop
    vertex -57.008934020996094 -16.975921630859375 1.999992847442627
    vertex -8.684441566467285 -19.43393325805664 1.9999995231628418
    vertex -8.287144660949707 -18.916168212890625 1.9999995231628418
  endloop
endfacet
facet normal 0.0 0.0 0.0
  outer loop
    vertex -8.287144660949707 -18.916168212890625 1.9999995231628418
    vertex -7.769378662109375 -18.518871307373047 1.9999995231628418
    vertex -57.008934020996094 -16.975921630859375 1.999992847442627
  endloop
endfacet
facet normal 0.0 0.0 0.0
  outer loop
    vertex -57.008934020996094 -16.975921630859375 1.999992847442627
    vertex -7.769378662109375 -18.518871307373047 1.9999995231628418
    vertex -7.166425704956055 -18.269119262695312 1.9999995231628418
  endloop
endfacet
facet normal 0.0 0.0 0.0
  outer loop
    vertex -57.008934020996094 -16.975921630859375 1.999992847442627
    vertex -7.166425704956055 -18.269119262695312 1.9999995231628418
    vertex -6.519380569458008 -18.18393325805664 1.9999995231628418
  endloop
endfacet
facet normal 0.0 0.0 0.0
  outer loop
    vertex 8.908257484436035 21.359085083007812 2.0000016689300537
    vertex 8.993443489074707 20.7120361328125 2.0000016689300537
    vertex 19.991056442260742 20.499996185302734 2.0000030994415283
  endloop
endfacet
facet normal 0.0 0.0 0.0
  outer loop
    vertex 19.991056442260742 20.499996185302734 2.0000030994415283
    vertex 8.993443489074707 20.7120361328125 2.0000016689300537
    vertex 8.908257484436035 20.064990997314453 2.0000016689300537
  endloop
endfacet
facet normal 0.0 0.0 0.0
  outer loop
    vertex 19.991056442260742 20.499996185302734 2.0000030994415283
    vertex 8.908257484436035 20.064990997314453 2.0000016689300537
    vertex 8.6585054397583 19.4620361328125 2.0000016689300537
  endloop
endfacet
facet normal 0.0 0.0 0.0
  outer loop
    vertex 8.6585054397583 19.4620361328125 2.0000016689300537
    vertex 8.261208534240723 18.944271087646484 2.0000016689300537
    vertex 19.991056442260742 20.499996185302734 2.0000030994415283
  endloop
endfacet
facet normal 0.0 0.0 0.0
  outer loop
    vertex 19.991056442260742 20.499996185302734 2.0000030994415283
    vertex 8.261208534240723 18.944271087646484 2.0000016689300537
    vertex 7.743442535400391 18.546974182128906 2.0000014305114746
  endloop
endfacet
facet normal 0.0 0.0 0.0
  outer loop
    vertex 19.991056442260742 20.499996185302734 2.0000030994415283
    vertex 7.743442535400391 18.546974182128906 2.0000014305114746
    vertex 4.197323322296143 12.715241432189941 2.0000009536743164
  endloop
endfacet
facet normal 0.0 0.0 0.0
  outer loop
    vertex 4.197323322296143 12.715241432189941 2.0000009536743164
    vertex 7.743442535400391 18.546974182128906 2.0000014305114746
    vertex 7.1404876708984375 18.297222137451172 2.0000014305114746
  endloop
endfacet
facet normal 0.0 0.0 0.0
  outer loop
    vertex 4.197323322296143 12.715241432189941 2.0000009536743164
    vertex 7.1404876708984375 18.297222137451172 2.0000014305114746
    vertex 3.609726667404175 13.462431907653809 2.0000009536743164
  endloop
endfacet
facet normal 0.0 0.0 0.0
  outer loop
    vertex 3.609726667404175 13.462431907653809 2.0000009536743164
    vertex 7.1404876708984375 18.297222137451172 2.0000014305114746
    vertex 2.891343116760254 14.084917068481445 2.0000009536743164
  endloop
endfacet
facet normal 0.0 0.0 0.0
  outer loop
    vertex 2.891343116760254 14.084917068481445 2.0000009536743164
    vertex 7.1404876708984375 18.297222137451172 2.0000014305114746
    vertex 6.493442535400391 18.2120361328125 2.0000014305114746
  endloop
endfacet
facet normal 0.0 0.0 0.0
  outer loop
    vertex 2.891343116760254 14.084917068481445 2.0000009536743164
    vertex 6.493442535400391 18.2120361328125 2.0000014305114746
    vertex 2.068131446838379 14.560196876525879 2.0000007152557373
  endloop
endfacet
facet normal 0.0 0.0 0.0
  outer loop
    vertex 2.068131446838379 14.560196876525879 2.0000007152557373
    vertex 6.493442535400391 18.2120361328125 2.0000014305114746
    vertex 5.846394062042236 18.297222137451172 2.0000011920928955
  endloop
endfacet
facet normal 0.0 0.0 0.0
  outer loop
    vertex 2.068131446838379 14.560196876525879 2.0000007152557373
    vertex 5.846394062042236 18.297222137451172 2.0000011920928955
    vertex 1.169850468635559 14.871094703674316 2.0000007152557373
  endloop
endfacet
facet normal 0.0 0.0 0.0
  outer loop
    vertex 1.169850468635559 14.871094703674316 2.0000007152557373
    vertex 5.846394062042236 18.297222137451172 2.0000011920928955
    vertex 0.22896695137023926 15.00637435913086 2.000000476837158
  endloop
endfacet
facet normal 0.0 0.0 0.0
  outer loop
    vertex 0.22896695137023926 15.00637435913086 2.000000476837158
    vertex 5.846394062042236 18.297222137451172 2.0000011920928955
    vertex 5.243443012237549 18.546974182128906 2.0000011920928955
  endloop
endfacet
facet normal 0.0 0.0 0.0
  outer loop
    vertex 0.22896695137023926 15.00637435913086 2.000000476837158
    vertex 5.243443012237549 18.546974182128906 2.0000011920928955
    vertex -5.256556034088135 18.546974182128906 2.0
  endloop
endfacet
facet normal 0.0 0.0 0.0
  outer loop
    vertex -5.256556034088135 18.546974182128906 2.0
    vertex 5.243443012237549 18.546974182128906 2.0000011920928955
    vertex -4.738790988922119 18.944271087646484 2.0
  endloop
endfacet
facet normal 0.0 0.0 0.0
  outer loop
    vertex -4.738790988922119 18.944271087646484 2.0
    vertex 5.243443012237549 18.546974182128906 2.0000011920928955
    vertex 4.725674152374268 18.944271087646484 2.0000011920928955
  endloop
endfacet
facet normal 0.0 0.0 0.0
  outer loop
    vertex -4.738790988922119 18.944271087646484 2.0
    vertex 4.725674152374268 18.944271087646484 2.0000011920928955
    vertex -4.341494083404541 19.4620361328125 2.0
  endloop
endfacet
facet normal 0.0 0.0 0.0
  outer loop
    vertex -4.341494083404541 19.4620361328125 2.0
    vertex 4.725674152374268 18.944271087646484 2.0000011920928955
    vertex 4.3283772468566895 19.4620361328125 2.0000009536743164
  endloop
endfacet
facet normal 0.0 0.0 0.0
  outer loop
    vertex -4.341494083404541 19.4620361328125 2.0
    vertex 4.3283772468566895 19.4620361328125 2.0000009536743164
    vertex -4.091742038726807 20.064990997314453 2.0
  endloop
endfacet
facet normal 0.0 0.0 0.0
  outer loop
    vertex -4.091742038726807 20.064990997314453 2.0
    vertex 4.3283772468566895 19.4620361328125 2.0000009536743164
    vertex 4.078629016876221 20.064990997314453 2.0000009536743164
  endloop
endfacet
facet normal 0.0 0.0 0.0
  outer loop
    vertex -4.091742038726807 20.064990997314453 2.0
    vertex 4.078629016876221 20.064990997314453 2.0000009536743164
    vertex -4.006556034088135 20.7120361328125 2.0
  endloop
endfacet
facet normal 0.0 0.0 0.0
  outer loop
    vertex -4.006556034088135 20.7120361328125 2.0
    vertex 4.078629016876221 20.064990997314453 2.0000009536743164
    vertex 3.993443250656128 20.7120361328125 2.0000009536743164
  endloop
endfacet
facet normal 0.0 0.0 0.0
  outer loop
    vertex -4.006556034088135 20.7120361328125 2.0
    vertex 3.993443250656128 20.7120361328125 2.0000009536743164
    vertex -4.091742038726807 21.359085083007812 2.0
  endloop
endfacet
facet normal 0.0 0.0 0.0
  outer loop
    vertex -4.091742038726807 21.359085083007812 2.0
    vertex 3.993443250656128 20.7120361328125 2.0000009536743164
    vertex 4.078629016876221 21.359085083007812 2.0000009536743164
  endloop
endfacet
facet normal 0.0 0.0 0.0
  outer loop
    vertex -4.091742038726807 21.359085083007812 2.0
    vertex 4.078629016876221 21.359085083007812 2.0000009536743164
    vertex -4.341494083404541 21.9620361328125 2.0
  endloop
endfacet
facet normal 0.0 0.0 0.0
  outer loop
    vertex -4.341494083404541 21.9620361328125 2.0
    vertex 4.078629016876221 21.359085083007812 2.0000009536743164
    vertex 4.3283772468566895 21.9620361328125 2.0000009536743164
  endloop
endfacet
facet normal 0.0 0.0 0.0
  outer loop
    vertex -4.341494083404541 21.9620361328125 2.0
    vertex 4.3283772468566895 21.9620361328125 2.0000009536743164
    vertex -4.738790988922119 22.47980499267578 2.0
  endloop
endfacet
facet normal 0.0 0.0 0.0
  outer loop
    vertex -4.738790988922119 22.47980499267578 2.0
    vertex 4.3283772468566895 21.9620361328125 2.0000009536743164
    vertex 4.725674152374268 22.47980499267578 2.0000011920928955
  endloop
endfacet
facet normal 0.0 0.0 0.0
  outer loop
    vertex -4.738790988922119 22.47980499267578 2.0
    vertex 4.725674152374268 22.47980499267578 2.0000011920928955
    vertex -5.256556034088135 22.87710189819336 2.0
  endloop
endfacet
facet normal 0.0 0.0 0.0
  outer loop
    vertex -5.256556034088135 22.87710189819336 2.0
    vertex 4.725674152374268 22.47980499267578 2.0000011920928955
    vertex 5.243443012237549 22.87710189819336 2.0000011920928955
  endloop
endfacet
facet normal 0.0 0.0 0.0
  outer loop
    vertex -5.256556034088135 22.87710189819336 2.0
    vertex 5.243443012237549 22.87710189819336 2.0000011920928955
    vertex -5.859510898590088 23.126850128173828 1.9999995231628418
  endloop
endfacet
facet normal 0.0 0.0 0.0
  outer loop
    vertex -5.859510898590088 23.126850128173828 1.9999995231628418
    vertex 5.243443012237549 22.87710189819336 2.0000011920928955
    vertex 5.846394062042236 23.126850128173828 2.0000011920928955
  endloop
endfacet
facet normal 0.0 0.0 0.0
  outer loop
    vertex -5.859510898590088 23.126850128173828 1.9999995231628418
    vertex 5.846394062042236 23.126850128173828 2.0000011920928955
    vertex -6.506555557250977 23.2120361328125 1.9999995231628418
  endloop
endfacet
facet normal 0.0 0.0 0.0
  outer loop
    vertex -6.506555557250977 23.2120361328125 1.9999995231628418
    vertex 5.846394062042236 23.126850128173828 2.0000011920928955
    vertex 6.493442535400391 23.2120361328125 2.0000014305114746
  endloop
endfacet
facet normal 0.0 0.0 0.0
  outer loop
    vertex -6.506555557250977 23.2120361328125 1.9999995231628418
    vertex 6.493442535400391 23.2120361328125 2.0000014305114746
    vertex 19.991056442260742 27.499996185302734 2.0000030994415283
  endloop
endfacet
facet normal 0.0 0.0 0.0
  outer loop
    vertex 19.991056442260742 27.499996185302734 2.0000030994415283
    vertex 6.493442535400391 23.2120361328125 2.0000014305114746
    vertex 7.1404876708984375 23.126850128173828 2.0000014305114746
  endloop
endfacet
facet normal 0.0 0.0 0.0
  outer loop
    vertex 19.991056442260742 27.499996185302734 2.0000030994415283
    vertex 7.1404876708984375 23.126850128173828 2.0000014305114746
    vertex 7.743442535400391 22.87710189819336 2.0000014305114746
  endloop
endfacet
facet normal 0.0 0.0 0.0
  outer loop
    vertex 7.743442535400391 22.87710189819336 2.0000014305114746
    vertex 8.261208534240723 22.47980499267578 2.0000016689300537
    vertex 19.991056442260742 27.499996185302734 2.0000030994415283
  endloop
endfacet
facet normal 0.0 0.0 0.0
  outer loop
    vertex -35.231056213378906 -0.8103742003440857 1.9999957084655762
    vertex -1.6442818641662598 5.2870330810546875 2.000000238418579
    vertex -35.13703536987305 0.024079322814941406 1.9999957084655762
  endloop
endfacet
facet normal 0.0 0.0 0.0
  outer loop
    vertex -35.13703536987305 0.024079322814941406 1.9999957084655762
    vertex -1.6442818641662598 5.2870330810546875 2.000000238418579
    vertex -2.5089402198791504 5.681910514831543 2.000000238418579
  endloop
endfacet
facet normal 0.0 0.0 0.0
  outer loop
    vertex -35.13703536987305 0.024079322814941406 1.9999957084655762
    vertex -2.5089402198791504 5.681910514831543 2.000000238418579
    vertex -35.231056213378906 0.8585328459739685 1.9999957084655762
  endloop
endfacet
facet normal 0.0 0.0 0.0
  outer loop
    vertex -35.231056213378906 0.8585328459739685 1.9999957084655762
    vertex -2.5089402198791504 5.681910514831543 2.000000238418579
    vertex -3.283247232437134 6.2332892417907715 2.0
  endloop
endfacet
facet normal 0.0 0.0 0.0
  outer loop
    vertex -35.231056213378906 0.8585328459739685 1.9999957084655762
    vertex -3.283247232437134 6.2332892417907715 2.0
    vertex -35.50840377807617 1.6511433124542236 1.9999957084655762
  endloop
endfacet
facet normal 0.0 0.0 0.0
  outer loop
    vertex -35.50840377807617 1.6511433124542236 1.9999957084655762
    vertex -3.283247232437134 6.2332892417907715 2.0
    vertex -35.95516586303711 2.362166166305542 1.9999957084655762
  endloop
endfacet
facet normal 0.0 0.0 0.0
  outer loop
    vertex -35.95516586303711 2.362166166305542 1.9999957084655762
    vertex -3.283247232437134 6.2332892417907715 2.0
    vertex -3.9392073154449463 6.9212422370910645 2.0
  endloop
endfacet
facet normal 0.0 0.0 0.0
  outer loop
    vertex -35.95516586303711 2.362166166305542 1.9999957084655762
    vertex -3.9392073154449463 6.9212422370910645 2.0
    vertex -36.5489501953125 2.9559473991394043 1.9999957084655762
  endloop
endfacet
facet normal 0.0 0.0 0.0
  outer loop
    vertex -36.5489501953125 2.9559473991394043 1.9999957084655762
    vertex -3.9392073154449463 6.9212422370910645 2.0
    vertex -4.45311975479126 7.72090482711792 2.0
  endloop
endfacet
facet normal 0.0 0.0 0.0
  outer loop
    vertex -36.5489501953125 2.9559473991394043 1.9999957084655762
    vertex -4.45311975479126 7.72090482711792 2.0
    vertex -4.806406497955322 8.603374481201172 2.0
  endloop
endfacet
facet normal 0.0 0.0 0.0
  outer loop
    vertex -35.231056213378906 -0.8103742003440857 1.9999957084655762
    vertex -35.50840377807617 -1.6029846668243408 1.9999957084655762
    vertex -1.6442818641662598 5.2870330810546875 2.000000238418579
  endloop
endfacet
facet normal 0.0 0.0 0.0
  outer loop
    vertex -1.6442818641662598 5.2870330810546875 2.000000238418579
    vertex -35.50840377807617 -1.6029846668243408 1.9999957084655762
    vertex -0.7205149531364441 5.062930107116699 2.000000476837158
  endloop
endfacet
facet normal 0.0 0.0 0.0
  outer loop
    vertex -0.7205149531364441 5.062930107116699 2.000000476837158
    vertex -35.50840377807617 -1.6029846668243408 1.9999957084655762
    vertex -35.95516586303711 -2.314007520675659 1.9999957084655762
  endloop
endfacet
facet normal 0.0 0.0 0.0
  outer loop
    vertex -0.7205149531364441 5.062930107116699 2.000000476837158
    vertex -35.95516586303711 -2.314007520675659 1.9999957084655762
    vertex -36.5489501953125 -2.9077887535095215 1.9999957084655762
  endloop
endfacet
facet normal 0.0 0.0 0.0
  outer loop
    vertex -0.7205149531364441 5.062930107116699 2.000000476837158
    vertex -36.5489501953125 -2.9077887535095215 1.9999957084655762
    vertex 0.22896695137023926 5.017700672149658 2.000000476837158
  endloop
endfacet
facet normal 0.0 0.0 0.0
  outer loop
    vertex 0.22896695137023926 5.017700672149658 2.000000476837158
    vertex -36.5489501953125 -2.9077887535095215 1.9999957084655762
    vertex -37.259971618652344 -3.3545539379119873 1.9999957084655762
  endloop
endfacet
facet normal 0.0 0.0 0.0
  outer loop
    vertex 0.22896695137023926 5.017700672149658 2.000000476837158
    vertex -37.259971618652344 -3.3545539379119873 1.9999957084655762
    vertex 56.991050720214844 -6.975920677185059 2.0000081062316895
  endloop
endfacet
facet normal 0.0 0.0 0.0
  outer loop
    vertex 56.991050720214844 -6.975920677185059 2.0000081062316895
    vertex -37.259971618652344 -3.3545539379119873 1.9999957084655762
    vertex -38.052581787109375 -3.6319003105163574 1.999995231628418
  endloop
endfacet
facet normal 0.0 0.0 0.0
  outer loop
    vertex -39.72148895263672 -3.6319003105163574 1.999995231628418
    vertex -40.51409912109375 -3.3545539379119873 1.999995231628418
    vertex -57.008934020996094 -6.975920677185059 1.999992847442627
  endloop
endfacet
facet normal 0.0 0.0 0.0
  outer loop
    vertex -57.008934020996094 -6.975920677185059 1.999992847442627
    vertex -40.51409912109375 -3.3545539379119873 1.999995231628418
    vertex -41.225120544433594 -2.9077887535095215 1.9999947547912598
  endloop
endfacet
facet normal 0.0 0.0 0.0
  outer loop
    vertex -57.008934020996094 -6.975920677185059 1.999992847442627
    vertex -41.225120544433594 -2.9077887535095215 1.9999947547912598
    vertex -41.818904876708984 -2.314007520675659 1.9999947547912598
  endloop
endfacet
facet normal 0.0 0.0 0.0
  outer loop
    vertex -41.818904876708984 -2.314007520675659 1.9999947547912598
    vertex -42.26566696166992 -1.6029846668243408 1.9999947547912598
    vertex -57.008934020996094 -6.975920677185059 1.999992847442627
  endloop
endfacet
facet normal 0.0 0.0 0.0
  outer loop
    vertex -57.008934020996094 -6.975920677185059 1.999992847442627
    vertex -42.26566696166992 -1.6029846668243408 1.9999947547912598
    vertex -42.54301452636719 -0.8103742003440857 1.9999947547912598
  endloop
endfacet
facet normal 0.0 0.0 0.0
  outer loop
    vertex -30.008939743041992 20.499996185302734 1.9999966621398926
    vertex -38.052581787109375 3.6800589561462402 1.999995231628418
    vertex -4.986299991607666 10.487317085266113 2.0
  endloop
endfacet
facet normal 0.0 0.0 0.0
  outer loop
    vertex -4.986299991607666 10.487317085266113 2.0
    vertex -38.052581787109375 3.6800589561462402 1.999995231628418
    vertex -37.259971618652344 3.40271258354187 1.9999957084655762
  endloop
endfacet
facet normal 0.0 0.0 0.0
  outer loop
    vertex -4.986299991607666 10.487317085266113 2.0
    vertex -37.259971618652344 3.40271258354187 1.9999957084655762
    vertex -4.986299991607666 9.536757469177246 2.0
  endloop
endfacet
facet normal 0.0 0.0 0.0
  outer loop
    vertex -4.986299991607666 9.536757469177246 2.0
    vertex -37.259971618652344 3.40271258354187 1.9999957084655762
    vertex -4.806406497955322 8.603374481201172 2.0
  endloop
endfacet
facet normal 0.0 0.0 0.0
  outer loop
    vertex -4.806406497955322 8.603374481201172 2.0
    vertex -37.259971618652344 3.40271258354187 1.9999957084655762
    vertex -36.5489501953125 2.9559473991394043 1.9999957084655762
  endloop
endfacet
facet normal 0.0 0.0 0.0
  outer loop
    vertex 0.22896695137023926 15.00637435913086 2.000000476837158
    vertex -5.256556034088135 18.546974182128906 2.0
    vertex -0.7205149531364441 14.96114444732666 2.000000476837158
  endloop
endfacet
facet normal 0.0 0.0 0.0
  outer loop
    vertex -0.7205149531364441 14.96114444732666 2.000000476837158
    vertex -5.256556034088135 18.546974182128906 2.0
    vertex -5.859510898590088 18.297222137451172 1.9999995231628418
  endloop
endfacet
facet normal 0.0 0.0 0.0
  outer loop
    vertex -0.7205149531364441 14.96114444732666 2.000000476837158
    vertex -5.859510898590088 18.297222137451172 1.9999995231628418
    vertex -1.6442818641662598 14.737041473388672 2.000000238418579
  endloop
endfacet
facet normal 0.0 0.0 0.0
  outer loop
    vertex -1.6442818641662598 14.737041473388672 2.000000238418579
    vertex -5.859510898590088 18.297222137451172 1.9999995231628418
    vertex -6.506555557250977 18.2120361328125 1.9999995231628418
  endloop
endfacet
facet normal 0.0 0.0 0.0
  outer loop
    vertex -1.6442818641662598 14.737041473388672 2.000000238418579
    vertex -6.506555557250977 18.2120361328125 1.9999995231628418
    vertex -2.5089402198791504 14.342164039611816 2.000000238418579
  endloop
endfacet
facet normal 0.0 0.0 0.0
  outer loop
    vertex -2.5089402198791504 14.342164039611816 2.000000238418579
    vertex -6.506555557250977 18.2120361328125 1.9999995231628418
    vertex -3.283247232437134 13.79078483581543 2.0
  endloop
endfacet
facet normal 0.0 0.0 0.0
  outer loop
    vertex -3.283247232437134 13.79078483581543 2.0
    vertex -6.506555557250977 18.2120361328125 1.9999995231628418
    vertex -7.153604507446289 18.297222137451172 1.9999995231628418
  endloop
endfacet
facet normal 0.0 0.0 0.0
  outer loop
    vertex -3.283247232437134 13.79078483581543 2.0
    vertex -7.153604507446289 18.297222137451172 1.9999995231628418
    vertex -3.9392073154449463 13.102831840515137 2.0
  endloop
endfacet
facet normal 0.0 0.0 0.0
  outer loop
    vertex -3.9392073154449463 13.102831840515137 2.0
    vertex -7.153604507446289 18.297222137451172 1.9999995231628418
    vertex -7.756557464599609 18.546974182128906 1.9999995231628418
  endloop
endfacet
facet normal 0.0 0.0 0.0
  outer loop
    vertex 7.127662658691406 -18.277172088623047 2.0000014305114746
    vertex 7.730617523193359 -18.52692413330078 2.0000014305114746
    vertex 56.991050720214844 -16.975921630859375 2.0000081062316895
  endloop
endfacet
facet normal 0.0 0.0 0.0
  outer loop
    vertex 56.991050720214844 -16.975921630859375 2.0000081062316895
    vertex 7.730617523193359 -18.52692413330078 2.0000014305114746
    vertex 8.248383522033691 -18.92422103881836 2.0000016689300537
  endloop
endfacet
facet normal 0.0 0.0 0.0
  outer loop
    vertex 56.991050720214844 -16.975921630859375 2.0000081062316895
    vertex 8.248383522033691 -18.92422103881836 2.0000016689300537
    vertex 8.64568042755127 -19.441986083984375 2.0000016689300537
  endloop
endfacet
facet normal 0.0 0.0 0.0
  outer loop
    vertex 8.64568042755127 -19.441986083984375 2.0000016689300537
    vertex 8.895432472229004 -20.044940948486328 2.0000016689300537
    vertex 56.991050720214844 -16.975921630859375 2.0000081062316895
  endloop
endfacet
facet normal 0.0 0.0 0.0
  outer loop
    vertex 4.197323322296143 7.308833122253418 2.0000009536743164
    vertex 3.609726667404175 6.561642169952393 2.0000009536743164
    vertex 56.991050720214844 -6.975920677185059 2.0000081062316895
  endloop
endfacet
facet normal 0.0 0.0 0.0
  outer loop
    vertex 56.991050720214844 -6.975920677185059 2.0000081062316895
    vertex 3.609726667404175 6.561642169952393 2.0000009536743164
    vertex 2.891343116760254 5.939157485961914 2.0000009536743164
  endloop
endfacet
facet normal 0.0 0.0 0.0
  outer loop
    vertex 56.991050720214844 -6.975920677185059 2.0000081062316895
    vertex 2.891343116760254 5.939157485961914 2.0000009536743164
    vertex 2.068131446838379 5.463877201080322 2.0000007152557373
  endloop
endfacet
facet normal 0.0 0.0 0.0
  outer loop
    vertex 2.068131446838379 5.463877201080322 2.0000007152557373
    vertex 1.169850468635559 5.152979373931885 2.0000007152557373
    vertex 56.991050720214844 -6.975920677185059 2.0000081062316895
  endloop
endfacet
facet normal 0.0 0.0 0.0
  outer loop
    vertex 56.991050720214844 -6.975920677185059 2.0000081062316895
    vertex 1.169850468635559 5.152979373931885 2.0000007152557373
    vertex 0.22896695137023926 5.017700672149658 2.000000476837158
  endloop
endfacet
facet normal 0.0 0.0 0.0
  outer loop
    vertex -4.986299991607666 10.487317085266113 2.0
    vertex -4.806406497955322 11.420700073242188 2.0
    vertex -30.008939743041992 20.499996185302734 1.9999966621398926
  endloop
endfacet
facet normal 0.0 0.0 0.0
  outer loop
    vertex -30.008939743041992 20.499996185302734 1.9999966621398926
    vertex -4.806406497955322 11.420700073242188 2.0
    vertex -20.008941650390625 20.499996185302734 1.999997615814209
  endloop
endfacet
facet normal 0.0 0.0 0.0
  outer loop
    vertex -20.008941650390625 20.499996185302734 1.999997615814209
    vertex -4.806406497955322 11.420700073242188 2.0
    vertex -4.45311975479126 12.303170204162598 2.0
  endloop
endfacet
facet normal 0.0 0.0 0.0
  outer loop
    vertex 4.197323322296143 12.715241432189941 2.0000009536743164
    vertex 4.632896900177002 11.870349884033203 2.0000011920928955
    vertex 19.991056442260742 20.499996185302734 2.0000030994415283
  endloop
endfacet
facet normal 0.0 0.0 0.0
  outer loop
    vertex 19.991056442260742 20.499996185302734 2.0000030994415283
    vertex 4.632896900177002 11.870349884033203 2.0000011920928955
    vertex 4.900700092315674 10.958293914794922 2.0000011920928955
  endloop
endfacet
facet normal 0.0 0.0 0.0
  outer loop
    vertex 24.628704071044922 24.999080657958984 3.1477067470550537
    vertex 24.783370971679688 22.294147491455078 3.11582350730896
    vertex 24.99105453491211 24.999080657958984 3.100003957748413
  endloop
endfacet
facet normal 0.0 0.0 0.0
  outer loop
    vertex 24.99105453491211 24.999080657958984 3.100003957748413
    vertex 24.783370971679688 22.294147491455078 3.11582350730896
    vertex 24.99105453491211 22.286052703857422 3.100003957748413
  endloop
endfacet
facet normal 0.0 0.0 0.0
  outer loop
    vertex 24.99105453491211 24.999080657958984 3.100003957748413
    vertex 24.99105453491211 22.286052703857422 3.100003957748413
    vertex 25.198734283447266 22.294147491455078 3.11582350730896
  endloop
endfacet
facet normal 0.0 0.0 0.0
  outer loop
    vertex 24.291053771972656 24.999080657958984 3.2875688076019287
    vertex 24.37735366821289 22.350662231445312 3.241758108139038
    vertex 24.628704071044922 24.999080657958984 3.1477067470550537
  endloop
endfacet
facet normal 0.0 0.0 0.0
  outer loop
    vertex 24.628704071044922 24.999080657958984 3.1477067470550537
    vertex 24.37735366821289 22.350662231445312 3.241758108139038
    vertex 24.575984954833984 22.31662368774414 3.163156270980835
  endloop
endfacet
facet normal 0.0 0.0 0.0
  outer loop
    vertex 24.628704071044922 24.999080657958984 3.1477067470550537
    vertex 24.575984954833984 22.31662368774414 3.163156270980835
    vertex 24.783370971679688 22.294147491455078 3.11582350730896
  endloop
endfacet
facet normal 0.0 0.0 0.0
  outer loop
    vertex 24.37735366821289 22.350662231445312 3.241758108139038
    vertex 24.291053771972656 24.999080657958984 3.2875688076019287
    vertex 24.19451141357422 22.39095687866211 3.3490922451019287
  endloop
endfacet
facet normal 0.0 0.0 0.0
  outer loop
    vertex 24.19451141357422 22.39095687866211 3.3490922451019287
    vertex 24.291053771972656 24.999080657958984 3.2875688076019287
    vertex 24.001102447509766 24.999080657958984 3.5100531578063965
  endloop
endfacet
facet normal 0.0 0.0 0.0
  outer loop
    vertex 24.19451141357422 22.39095687866211 3.3490922451019287
    vertex 24.001102447509766 24.999080657958984 3.5100531578063965
    vertex 24.032886505126953 22.431007385253906 3.4793295860290527
  endloop
endfacet
facet normal 0.0 0.0 0.0
  outer loop
    vertex 24.032886505126953 22.431007385253906 3.4793295860290527
    vertex 24.001102447509766 24.999080657958984 3.5100531578063965
    vertex 23.894437789916992 22.465370178222656 3.630124568939209
  endloop
endfacet
facet normal 0.0 0.0 0.0
  outer loop
    vertex 23.894437789916992 22.465370178222656 3.630124568939209
    vertex 24.001102447509766 24.999080657958984 3.5100531578063965
    vertex 23.77861976623535 24.999080657958984 3.8000025749206543
  endloop
endfacet
facet normal 0.0 0.0 0.0
  outer loop
    vertex 23.894437789916992 22.465370178222656 3.630124568939209
    vertex 23.77861976623535 24.999080657958984 3.8000025749206543
    vertex 23.775712966918945 22.490375518798828 3.8057360649108887
  endloop
endfacet
facet normal 0.0 0.0 0.0
  outer loop
    vertex 23.775712966918945 22.490375518798828 3.8057360649108887
    vertex 23.77861976623535 24.999080657958984 3.8000025749206543
    vertex 23.683385848999023 22.499996185302734 4.000003337860107
  endloop
endfacet
facet normal 0.0 0.0 0.0
  outer loop
    vertex 23.683385848999023 22.499996185302734 4.000003337860107
    vertex 23.77861976623535 24.999080657958984 3.8000025749206543
    vertex 23.638757705688477 24.999080657958984 4.1376566886901855
  endloop
endfacet
facet normal 0.0 0.0 0.0
  outer loop
    vertex 23.683385848999023 22.499996185302734 4.000003337860107
    vertex 23.638757705688477 24.999080657958984 4.1376566886901855
    vertex 23.59907341003418 22.499996185302734 4.350387096405029
  endloop
endfacet
facet normal 0.0 0.0 0.0
  outer loop
    vertex 23.59907341003418 22.499996185302734 4.350387096405029
    vertex 23.638757705688477 24.999080657958984 4.1376566886901855
    vertex 23.591054916381836 24.999080657958984 4.500003337860107
  endloop
endfacet
facet normal 0.0 0.0 0.0
  outer loop
    vertex 23.59907341003418 22.499996185302734 4.350387096405029
    vertex 23.591054916381836 24.999080657958984 4.500003337860107
    vertex 23.606996536254883 22.499996185302734 4.7106852531433105
  endloop
endfacet
facet normal 0.0 0.0 0.0
  outer loop
    vertex 23.606996536254883 22.499996185302734 4.7106852531433105
    vertex 23.591054916381836 24.999080657958984 4.500003337860107
    vertex 23.638757705688477 24.999080657958984 4.862349987030029
  endloop
endfacet
facet normal 0.0 0.0 0.0
  outer loop
    vertex 23.606996536254883 22.499996185302734 4.7106852531433105
    vertex 23.638757705688477 24.999080657958984 4.862349987030029
    vertex 23.706636428833008 22.499996185302734 5.057021617889404
  endloop
endfacet
facet normal 0.0 0.0 0.0
  outer loop
    vertex 23.706636428833008 22.499996185302734 5.057021617889404
    vertex 23.638757705688477 24.999080657958984 4.862349987030029
    vertex 23.77861976623535 24.999080657958984 5.2000041007995605
  endloop
endfacet
facet normal 0.0 0.0 0.0
  outer loop
    vertex 23.706636428833008 22.499996185302734 5.057021617889404
    vertex 23.77861976623535 24.999080657958984 5.2000041007995605
    vertex 23.891386032104492 22.499996185302734 5.366448879241943
  endloop
endfacet
facet normal 0.0 0.0 0.0
  outer loop
    vertex 23.891386032104492 22.499996185302734 5.366448879241943
    vertex 23.77861976623535 24.999080657958984 5.2000041007995605
    vertex 24.001102447509766 24.999080657958984 5.489953517913818
  endloop
endfacet
facet normal 0.0 0.0 0.0
  outer loop
    vertex 23.891386032104492 22.499996185302734 5.366448879241943
    vertex 24.001102447509766 24.999080657958984 5.489953517913818
    vertex 24.149002075195312 22.499996185302734 5.6184611320495605
  endloop
endfacet
facet normal 0.0 0.0 0.0
  outer loop
    vertex 24.149002075195312 22.499996185302734 5.6184611320495605
    vertex 24.001102447509766 24.999080657958984 5.489953517913818
    vertex 24.291053771972656 24.999080657958984 5.712438106536865
  endloop
endfacet
facet normal 0.0 0.0 0.0
  outer loop
    vertex 24.149002075195312 22.499996185302734 5.6184611320495605
    vertex 24.291053771972656 24.999080657958984 5.712438106536865
    vertex 24.462413787841797 22.499996185302734 5.796361446380615
  endloop
endfacet
facet normal 0.0 0.0 0.0
  outer loop
    vertex 24.462413787841797 22.499996185302734 5.796361446380615
    vertex 24.291053771972656 24.999080657958984 5.712438106536865
    vertex 24.628704071044922 24.999080657958984 5.85230016708374
  endloop
endfacet
facet normal 0.0 0.0 0.0
  outer loop
    vertex 24.462413787841797 22.499996185302734 5.796361446380615
    vertex 24.628704071044922 24.999080657958984 5.85230016708374
    vertex 24.81085968017578 22.499996185302734 5.8883585929870605
  endloop
endfacet
facet normal 0.0 0.0 0.0
  outer loop
    vertex 24.81085968017578 22.499996185302734 5.8883585929870605
    vertex 24.628704071044922 24.999080657958984 5.85230016708374
    vertex 24.99105453491211 24.999080657958984 5.900002956390381
  endloop
endfacet
facet normal 0.0 0.0 0.0
  outer loop
    vertex 24.81085968017578 22.499996185302734 5.8883585929870605
    vertex 24.99105453491211 24.999080657958984 5.900002956390381
    vertex 25.171245574951172 22.499996185302734 5.8883585929870605
  endloop
endfacet
facet normal 0.0 0.0 0.0
  outer loop
    vertex 25.171245574951172 22.499996185302734 5.8883585929870605
    vertex 24.99105453491211 24.999080657958984 5.900002956390381
    vertex 25.353397369384766 24.999080657958984 5.85230016708374
  endloop
endfacet
facet normal 0.0 0.0 0.0
  outer loop
    vertex 25.171245574951172 22.499996185302734 5.8883585929870605
    vertex 25.353397369384766 24.999080657958984 5.85230016708374
    vertex 25.51968765258789 22.499996185302734 5.796361446380615
  endloop
endfacet
facet normal 0.0 0.0 0.0
  outer loop
    vertex 25.51968765258789 22.499996185302734 5.796361446380615
    vertex 25.353397369384766 24.999080657958984 5.85230016708374
    vertex 25.691051483154297 24.999080657958984 5.712438106536865
  endloop
endfacet
facet normal 0.0 0.0 0.0
  outer loop
    vertex 25.51968765258789 22.499996185302734 5.796361446380615
    vertex 25.691051483154297 24.999080657958984 5.712438106536865
    vertex 25.83310317993164 22.499996185302734 5.6184611320495605
  endloop
endfacet
facet normal 0.0 0.0 0.0
  outer loop
    vertex 25.83310317993164 22.499996185302734 5.6184611320495605
    vertex 25.691051483154297 24.999080657958984 5.712438106536865
    vertex 25.980998992919922 24.999080657958984 5.489953517913818
  endloop
endfacet
facet normal 0.0 0.0 0.0
  outer loop
    vertex 25.83310317993164 22.499996185302734 5.6184611320495605
    vertex 25.980998992919922 24.999080657958984 5.489953517913818
    vertex 26.09072494506836 22.499996185302734 5.366448879241943
  endloop
endfacet
facet normal 0.0 0.0 0.0
  outer loop
    vertex 26.09072494506836 22.499996185302734 5.366448879241943
    vertex 25.980998992919922 24.999080657958984 5.489953517913818
    vertex 26.203487396240234 24.999080657958984 5.200004577636719
  endloop
endfacet
facet normal 0.0 0.0 0.0
  outer loop
    vertex 26.09072494506836 22.499996185302734 5.366448879241943
    vertex 26.203487396240234 24.999080657958984 5.200004577636719
    vertex 26.275470733642578 22.499996185302734 5.0570220947265625
  endloop
endfacet
facet normal 0.0 0.0 0.0
  outer loop
    vertex 26.275470733642578 22.499996185302734 5.0570220947265625
    vertex 26.203487396240234 24.999080657958984 5.200004577636719
    vertex 26.34334945678711 24.999080657958984 4.8623504638671875
  endloop
endfacet
facet normal 0.0 0.0 0.0
  outer loop
    vertex 26.275470733642578 22.499996185302734 5.0570220947265625
    vertex 26.34334945678711 24.999080657958984 4.8623504638671875
    vertex 26.375110626220703 22.499996185302734 4.710685729980469
  endloop
endfacet
facet normal 0.0 0.0 0.0
  outer loop
    vertex 26.375110626220703 22.499996185302734 4.710685729980469
    vertex 26.34334945678711 24.999080657958984 4.8623504638671875
    vertex 26.391056060791016 24.999080657958984 4.500003814697266
  endloop
endfacet
facet normal 0.0 0.0 0.0
  outer loop
    vertex 26.375110626220703 22.499996185302734 4.710685729980469
    vertex 26.391056060791016 24.999080657958984 4.500003814697266
    vertex 26.383037567138672 22.499996185302734 4.3503875732421875
  endloop
endfacet
facet normal 0.0 0.0 0.0
  outer loop
    vertex 26.383037567138672 22.499996185302734 4.3503875732421875
    vertex 26.391056060791016 24.999080657958984 4.500003814697266
    vertex 26.34334945678711 24.999080657958984 4.137657165527344
  endloop
endfacet
facet normal 0.0 0.0 0.0
  outer loop
    vertex 26.383037567138672 22.499996185302734 4.3503875732421875
    vertex 26.34334945678711 24.999080657958984 4.137657165527344
    vertex 26.298725128173828 22.499996185302734 4.000003814697266
  endloop
endfacet
facet normal 0.0 0.0 0.0
  outer loop
    vertex 26.298725128173828 22.499996185302734 4.000003814697266
    vertex 26.34334945678711 24.999080657958984 4.137657165527344
    vertex 26.203487396240234 24.999080657958984 3.8000030517578125
  endloop
endfacet
facet normal 0.0 0.0 0.0
  outer loop
    vertex 26.298725128173828 22.499996185302734 4.000003814697266
    vertex 26.203487396240234 24.999080657958984 3.8000030517578125
    vertex 26.20639419555664 22.490375518798828 3.805736541748047
  endloop
endfacet
facet normal 0.0 0.0 0.0
  outer loop
    vertex 26.20639419555664 22.490375518798828 3.805736541748047
    vertex 26.203487396240234 24.999080657958984 3.8000030517578125
    vertex 26.087665557861328 22.465370178222656 3.630125045776367
  endloop
endfacet
facet normal 0.0 0.0 0.0
  outer loop
    vertex 26.087665557861328 22.465370178222656 3.630125045776367
    vertex 26.203487396240234 24.999080657958984 3.8000030517578125
    vertex 25.980998992919922 24.999080657958984 3.5100536346435547
  endloop
endfacet
facet normal 0.0 0.0 0.0
  outer loop
    vertex 26.087665557861328 22.465370178222656 3.630125045776367
    vertex 25.980998992919922 24.999080657958984 3.5100536346435547
    vertex 25.949214935302734 22.431007385253906 3.479329824447632
  endloop
endfacet
facet normal 0.0 0.0 0.0
  outer loop
    vertex 25.949214935302734 22.431007385253906 3.479329824447632
    vertex 25.980998992919922 24.999080657958984 3.5100536346435547
    vertex 25.787593841552734 22.39095687866211 3.3490922451019287
  endloop
endfacet
facet normal 0.0 0.0 0.0
  outer loop
    vertex 25.787593841552734 22.39095687866211 3.3490922451019287
    vertex 25.980998992919922 24.999080657958984 3.5100536346435547
    vertex 25.691051483154297 24.999080657958984 3.2875688076019287
  endloop
endfacet
facet normal 0.0 0.0 0.0
  outer loop
    vertex 25.787593841552734 22.39095687866211 3.3490922451019287
    vertex 25.691051483154297 24.999080657958984 3.2875688076019287
    vertex 25.604755401611328 22.350662231445312 3.241758108139038
  endloop
endfacet
facet normal 0.0 0.0 0.0
  outer loop
    vertex 25.604755401611328 22.350662231445312 3.241758108139038
    vertex 25.691051483154297 24.999080657958984 3.2875688076019287
    vertex 25.353397369384766 24.999080657958984 3.1477067470550537
  endloop
endfacet
facet normal 0.0 0.0 0.0
  outer loop
    vertex 25.604755401611328 22.350662231445312 3.241758108139038
    vertex 25.353397369384766 24.999080657958984 3.1477067470550537
    vertex 25.406116485595703 22.31662368774414 3.163156270980835
  endloop
endfacet
facet normal 0.0 0.0 0.0
  outer loop
    vertex 25.406116485595703 22.31662368774414 3.163156270980835
    vertex 25.353397369384766 24.999080657958984 3.1477067470550537
    vertex 25.198734283447266 22.294147491455078 3.11582350730896
  endloop
endfacet
facet normal 0.0 0.0 0.0
  outer loop
    vertex 25.198734283447266 22.294147491455078 3.11582350730896
    vertex 25.353397369384766 24.999080657958984 3.1477067470550537
    vertex 24.99105453491211 24.999080657958984 3.100003957748413
  endloop
endfacet
facet normal 0.0 0.0 0.0
  outer loop
    vertex 27.99105453491211 27.499996185302734 4.500003814697266
    vertex 27.903881072998047 27.499996185302734 5.217950820922852
    vertex 27.99105453491211 22.499996185302734 4.500003814697266
  endloop
endfacet
facet normal 0.0 0.0 0.0
  outer loop
    vertex 27.99105453491211 22.499996185302734 4.500003814697266
    vertex 27.903881072998047 27.499996185302734 5.217950820922852
    vertex 27.903881072998047 22.499996185302734 5.217950820922852
  endloop
endfacet
facet normal 0.0 0.0 0.0
  outer loop
    vertex 27.903881072998047 22.499996185302734 5.217950820922852
    vertex 27.903881072998047 27.499996185302734 5.217950820922852
    vertex 27.647418975830078 27.499996185302734 5.894172668457031
  endloop
endfacet
facet normal 0.0 0.0 0.0
  outer loop
    vertex 27.903881072998047 22.499996185302734 5.217950820922852
    vertex 27.647418975830078 27.499996185302734 5.894172668457031
    vertex 27.647418975830078 22.499996185302734 5.894172668457031
  endloop
endfacet
facet normal 0.0 0.0 0.0
  outer loop
    vertex 27.647418975830078 22.499996185302734 5.894172668457031
    vertex 27.647418975830078 27.499996185302734 5.894172668457031
    vertex 27.236583709716797 27.499996185302734 6.489372253417969
  endloop
endfacet
facet normal 0.0 0.0 0.0
  outer loop
    vertex 27.647418975830078 22.499996185302734 5.894172668457031
    vertex 27.236583709716797 27.499996185302734 6.489372253417969
    vertex 27.236583709716797 22.499996185302734 6.489372253417969
  endloop
endfacet
facet normal 0.0 0.0 0.0
  outer loop
    vertex 27.236583709716797 22.499996185302734 6.489372253417969
    vertex 27.236583709716797 27.499996185302734 6.489372253417969
    vertex 26.695247650146484 27.499996185302734 6.9689555168151855
  endloop
endfacet
facet normal 0.0 0.0 0.0
  outer loop
    vertex 27.236583709716797 22.499996185302734 6.489372253417969
    vertex 26.695247650146484 27.499996185302734 6.9689555168151855
    vertex 26.695247650146484 22.499996185302734 6.9689555168151855
  endloop
endfacet
facet normal 0.0 0.0 0.0
  outer loop
    vertex 26.695247650146484 22.499996185302734 6.9689555168151855
    vertex 26.695247650146484 27.499996185302734 6.9689555168151855
    vertex 26.054866790771484 27.499996185302734 7.305051326751709
  endloop
endfacet
facet normal 0.0 0.0 0.0
  outer loop
    vertex 26.695247650146484 22.499996185302734 6.9689555168151855
    vertex 26.054866790771484 27.499996185302734 7.305051326751709
    vertex 26.054866790771484 22.499996185302734 7.305051326751709
  endloop
endfacet
facet normal 0.0 0.0 0.0
  outer loop
    vertex 26.054866790771484 22.499996185302734 7.305051326751709
    vertex 26.054866790771484 27.499996185302734 7.305051326751709
    vertex 25.352664947509766 27.499996185302734 7.478129863739014
  endloop
endfacet
facet normal 0.0 0.0 0.0
  outer loop
    vertex 26.054866790771484 22.499996185302734 7.305051326751709
    vertex 25.352664947509766 27.499996185302734 7.478129863739014
    vertex 25.352664947509766 22.499996185302734 7.478129863739014
  endloop
endfacet
facet normal 0.0 0.0 0.0
  outer loop
    vertex 25.352664947509766 22.499996185302734 7.478129863739014
    vertex 25.352664947509766 27.499996185302734 7.478129863739014
    vertex 24.629444122314453 22.499996185302734 7.4781293869018555
  endloop
endfacet
facet normal 0.0 0.0 0.0
  outer loop
    vertex 24.629444122314453 22.499996185302734 7.4781293869018555
    vertex 25.352664947509766 27.499996185302734 7.478129863739014
    vertex 24.629444122314453 27.499996185302734 7.4781293869018555
  endloop
endfacet
facet normal 0.0 0.0 0.0
  outer loop
    vertex 24.629444122314453 22.499996185302734 7.4781293869018555
    vertex 24.629444122314453 27.499996185302734 7.4781293869018555
    vertex 23.9272403717041 27.499996185302734 7.305050849914551
  endloop
endfacet
facet normal 0.0 0.0 0.0
  outer loop
    vertex 24.629444122314453 22.499996185302734 7.4781293869018555
    vertex 23.9272403717041 27.499996185302734 7.305050849914551
    vertex 23.9272403717041 22.499996185302734 7.305050849914551
  endloop
endfacet
facet normal 0.0 0.0 0.0
  outer loop
    vertex 23.9272403717041 22.499996185302734 7.305050849914551
    vertex 23.9272403717041 27.499996185302734 7.305050849914551
    vertex 23.2868595123291 27.499996185302734 6.968955039978027
  endloop
endfacet
facet normal 0.0 0.0 0.0
  outer loop
    vertex 23.9272403717041 22.499996185302734 7.305050849914551
    vertex 23.2868595123291 27.499996185302734 6.968955039978027
    vertex 23.2868595123291 22.499996185302734 6.968955039978027
  endloop
endfacet
facet normal 0.0 0.0 0.0
  outer loop
    vertex 23.2868595123291 22.499996185302734 6.968955039978027
    vertex 23.2868595123291 27.499996185302734 6.968955039978027
    vertex 22.74552345275879 27.499996185302734 6.489371299743652
  endloop
endfacet
facet normal 0.0 0.0 0.0
  outer loop
    vertex 23.2868595123291 22.499996185302734 6.968955039978027
    vertex 22.74552345275879 27.499996185302734 6.489371299743652
    vertex 22.74552345275879 22.499996185302734 6.489371299743652
  endloop
endfacet
facet normal 0.0 0.0 0.0
  outer loop
    vertex 22.74552345275879 22.499996185302734 6.489371299743652
    vertex 22.74552345275879 27.499996185302734 6.489371299743652
    vertex 22.334688186645508 27.499996185302734 5.894171714782715
  endloop
endfacet
facet normal 0.0 0.0 0.0
  outer loop
    vertex 22.74552345275879 22.499996185302734 6.489371299743652
    vertex 22.334688186645508 27.499996185302734 5.894171714782715
    vertex 22.334688186645508 22.499996185302734 5.894171714782715
  endloop
endfacet
facet normal 0.0 0.0 0.0
  outer loop
    vertex 22.334688186645508 22.499996185302734 5.894171714782715
    vertex 22.334688186645508 27.499996185302734 5.894171714782715
    vertex 22.078229904174805 27.499996185302734 5.217949867248535
  endloop
endfacet
facet normal 0.0 0.0 0.0
  outer loop
    vertex 22.334688186645508 22.499996185302734 5.894171714782715
    vertex 22.078229904174805 27.499996185302734 5.217949867248535
    vertex 22.078229904174805 22.499996185302734 5.217949867248535
  endloop
endfacet
facet normal 0.0 0.0 0.0
  outer loop
    vertex 22.078229904174805 22.499996185302734 5.217949867248535
    vertex 22.078229904174805 27.499996185302734 5.217949867248535
    vertex 21.991056442260742 27.499996185302734 4.500003337860107
  endloop
endfacet
facet normal 0.0 0.0 0.0
  outer loop
    vertex 22.078229904174805 22.499996185302734 5.217949867248535
    vertex 21.991056442260742 27.499996185302734 4.500003337860107
    vertex 21.991056442260742 22.499996185302734 4.500003337860107
  endloop
endfacet
facet normal 0.0 0.0 0.0
  outer loop
    vertex 21.991056442260742 22.499996185302734 4.000003337860107
    vertex 21.991056442260742 22.499996185302734 4.500003337860107
    vertex 21.991056442260742 27.499996185302734 4.000003337860107
  endloop
endfacet
facet normal 0.0 0.0 0.0
  outer loop
    vertex 21.991056442260742 27.499996185302734 4.000003337860107
    vertex 21.991056442260742 22.499996185302734 4.500003337860107
    vertex 21.991056442260742 27.499996185302734 4.500003337860107
  endloop
endfacet
facet normal 0.0 0.0 0.0
  outer loop
    vertex 25.379283905029297 27.499996185302734 3.051114797592163
    vertex 28.99105453491211 27.499996185302734 2.2679543495178223
    vertex 24.99105453491211 27.499996185302734 3.0000038146972656
  endloop
endfacet
facet normal 0.0 0.0 0.0
  outer loop
    vertex 24.99105453491211 27.499996185302734 3.0000038146972656
    vertex 28.99105453491211 27.499996185302734 2.2679543495178223
    vertex 20.991056442260742 27.499996185302734 2.267953395843506
  endloop
endfacet
facet normal 0.0 0.0 0.0
  outer loop
    vertex 24.99105453491211 27.499996185302734 3.0000038146972656
    vertex 20.991056442260742 27.499996185302734 2.267953395843506
    vertex 24.602825164794922 27.499996185302734 3.051114797592163
  endloop
endfacet
facet normal 0.0 0.0 0.0
  outer loop
    vertex 24.602825164794922 27.499996185302734 3.051114797592163
    vertex 20.991056442260742 27.499996185302734 2.267953395843506
    vertex 21.4052677154541 27.499996185302734 2.5857901573181152
  endloop
endfacet
facet normal 0.0 0.0 0.0
  outer loop
    vertex 24.602825164794922 27.499996185302734 3.051114797592163
    vertex 21.4052677154541 27.499996185302734 2.5857901573181152
    vertex 24.24105453491211 27.499996185302734 3.200965642929077
  endloop
endfacet
facet normal 0.0 0.0 0.0
  outer loop
    vertex 24.24105453491211 27.499996185302734 3.200965642929077
    vertex 21.4052677154541 27.499996185302734 2.5857901573181152
    vertex 21.72310447692871 27.499996185302734 3.0000033378601074
  endloop
endfacet
facet normal 0.0 0.0 0.0
  outer loop
    vertex 24.24105453491211 27.499996185302734 3.200965642929077
    vertex 21.72310447692871 27.499996185302734 3.0000033378601074
    vertex 23.930395126342773 27.499996185302734 3.4393439292907715
  endloop
endfacet
facet normal 0.0 0.0 0.0
  outer loop
    vertex 23.930395126342773 27.499996185302734 3.4393439292907715
    vertex 21.72310447692871 27.499996185302734 3.0000033378601074
    vertex 21.92290687561035 27.499996185302734 3.482365846633911
  endloop
endfacet
facet normal 0.0 0.0 0.0
  outer loop
    vertex 23.930395126342773 27.499996185302734 3.4393439292907715
    vertex 21.92290687561035 27.499996185302734 3.482365846633911
    vertex 23.692014694213867 27.499996185302734 3.7500033378601074
  endloop
endfacet
facet normal 0.0 0.0 0.0
  outer loop
    vertex 23.692014694213867 27.499996185302734 3.7500033378601074
    vertex 21.92290687561035 27.499996185302734 3.482365846633911
    vertex 21.991056442260742 27.499996185302734 4.000003337860107
  endloop
endfacet
facet normal 0.0 0.0 0.0
  outer loop
    vertex 23.692014694213867 27.499996185302734 3.7500033378601074
    vertex 21.991056442260742 27.499996185302734 4.000003337860107
    vertex 23.542165756225586 27.499996185302734 4.11177396774292
  endloop
endfacet
facet normal 0.0 0.0 0.0
  outer loop
    vertex 23.542165756225586 27.499996185302734 4.11177396774292
    vertex 21.991056442260742 27.499996185302734 4.000003337860107
    vertex 21.991056442260742 27.499996185302734 4.500003337860107
  endloop
endfacet
facet normal 0.0 0.0 0.0
  outer loop
    vertex 23.542165756225586 27.499996185302734 4.11177396774292
    vertex 21.991056442260742 27.499996185302734 4.500003337860107
    vertex 23.491056442260742 27.499996185302734 4.500003337860107
  endloop
endfacet
facet normal 0.0 0.0 0.0
  outer loop
    vertex 23.491056442260742 27.499996185302734 4.500003337860107
    vertex 21.991056442260742 27.499996185302734 4.500003337860107
    vertex 23.542165756225586 27.499996185302734 4.888232707977295
  endloop
endfacet
facet normal 0.0 0.0 0.0
  outer loop
    vertex 23.542165756225586 27.499996185302734 4.888232707977295
    vertex 21.991056442260742 27.499996185302734 4.500003337860107
    vertex 22.078229904174805 27.499996185302734 5.217949867248535
  endloop
endfacet
facet normal 0.0 0.0 0.0
  outer loop
    vertex 23.542165756225586 27.499996185302734 4.888232707977295
    vertex 22.078229904174805 27.499996185302734 5.217949867248535
    vertex 23.692014694213867 27.499996185302734 5.250003337860107
  endloop
endfacet
facet normal 0.0 0.0 0.0
  outer loop
    vertex 23.692014694213867 27.499996185302734 5.250003337860107
    vertex 22.078229904174805 27.499996185302734 5.217949867248535
    vertex 22.334688186645508 27.499996185302734 5.894171714782715
  endloop
endfacet
facet normal 0.0 0.0 0.0
  outer loop
    vertex 23.692014694213867 27.499996185302734 5.250003337860107
    vertex 22.334688186645508 27.499996185302734 5.894171714782715
    vertex 23.930395126342773 27.499996185302734 5.560662746429443
  endloop
endfacet
facet normal 0.0 0.0 0.0
  outer loop
    vertex 23.930395126342773 27.499996185302734 5.560662746429443
    vertex 22.334688186645508 27.499996185302734 5.894171714782715
    vertex 24.24105453491211 27.499996185302734 5.799041271209717
  endloop
endfacet
facet normal 0.0 0.0 0.0
  outer loop
    vertex 24.24105453491211 27.499996185302734 5.799041271209717
    vertex 22.334688186645508 27.499996185302734 5.894171714782715
    vertex 22.74552345275879 27.499996185302734 6.489371299743652
  endloop
endfacet
facet normal 0.0 0.0 0.0
  outer loop
    vertex 24.24105453491211 27.499996185302734 5.799041271209717
    vertex 22.74552345275879 27.499996185302734 6.489371299743652
    vertex 24.602825164794922 27.499996185302734 5.948892116546631
  endloop
endfacet
facet normal 0.0 0.0 0.0
  outer loop
    vertex 24.602825164794922 27.499996185302734 5.948892116546631
    vertex 22.74552345275879 27.499996185302734 6.489371299743652
    vertex 23.2868595123291 27.499996185302734 6.968955039978027
  endloop
endfacet
facet normal 0.0 0.0 0.0
  outer loop
    vertex 24.602825164794922 27.499996185302734 5.948892116546631
    vertex 23.2868595123291 27.499996185302734 6.968955039978027
    vertex 23.9272403717041 27.499996185302734 7.305050849914551
  endloop
endfacet
facet normal 0.0 0.0 0.0
  outer loop
    vertex 28.99105453491211 27.499996185302734 2.2679543495178223
    vertex 25.379283905029297 27.499996185302734 3.051114797592163
    vertex 28.576839447021484 27.499996185302734 2.5857911109924316
  endloop
endfacet
facet normal 0.0 0.0 0.0
  outer loop
    vertex 28.576839447021484 27.499996185302734 2.5857911109924316
    vertex 25.379283905029297 27.499996185302734 3.051114797592163
    vertex 25.74105453491211 27.499996185302734 3.200965642929077
  endloop
endfacet
facet normal 0.0 0.0 0.0
  outer loop
    vertex 28.576839447021484 27.499996185302734 2.5857911109924316
    vertex 25.74105453491211 27.499996185302734 3.200965642929077
    vertex 28.25899887084961 27.499996185302734 3.000004291534424
  endloop
endfacet
facet normal 0.0 0.0 0.0
  outer loop
    vertex 28.25899887084961 27.499996185302734 3.000004291534424
    vertex 25.74105453491211 27.499996185302734 3.200965642929077
    vertex 26.051715850830078 27.499996185302734 3.4393444061279297
  endloop
endfacet
facet normal 0.0 0.0 0.0
  outer loop
    vertex 28.25899887084961 27.499996185302734 3.000004291534424
    vertex 26.051715850830078 27.499996185302734 3.4393444061279297
    vertex 28.059200286865234 27.499996185302734 3.4823668003082275
  endloop
endfacet
facet normal 0.0 0.0 0.0
  outer loop
    vertex 28.059200286865234 27.499996185302734 3.4823668003082275
    vertex 26.051715850830078 27.499996185302734 3.4393444061279297
    vertex 26.290088653564453 27.499996185302734 3.7500038146972656
  endloop
endfacet
facet normal 0.0 0.0 0.0
  outer loop
    vertex 28.059200286865234 27.499996185302734 3.4823668003082275
    vertex 26.290088653564453 27.499996185302734 3.7500038146972656
    vertex 27.99105453491211 27.499996185302734 4.000003814697266
  endloop
endfacet
facet normal 0.0 0.0 0.0
  outer loop
    vertex 27.99105453491211 27.499996185302734 4.000003814697266
    vertex 26.290088653564453 27.499996185302734 3.7500038146972656
    vertex 26.439937591552734 27.499996185302734 4.111774444580078
  endloop
endfacet
facet normal 0.0 0.0 0.0
  outer loop
    vertex 27.99105453491211 27.499996185302734 4.000003814697266
    vertex 26.439937591552734 27.499996185302734 4.111774444580078
    vertex 27.99105453491211 27.499996185302734 4.500003814697266
  endloop
endfacet
facet normal 0.0 0.0 0.0
  outer loop
    vertex 27.99105453491211 27.499996185302734 4.500003814697266
    vertex 26.439937591552734 27.499996185302734 4.111774444580078
    vertex 26.49105453491211 27.499996185302734 4.500003814697266
  endloop
endfacet
facet normal 0.0 0.0 0.0
  outer loop
    vertex 27.99105453491211 27.499996185302734 4.500003814697266
    vertex 26.49105453491211 27.499996185302734 4.500003814697266
    vertex 26.439937591552734 27.499996185302734 4.888233184814453
  endloop
endfacet
facet normal 0.0 0.0 0.0
  outer loop
    vertex 27.99105453491211 27.499996185302734 4.500003814697266
    vertex 26.439937591552734 27.499996185302734 4.888233184814453
    vertex 27.903881072998047 27.499996185302734 5.217950820922852
  endloop
endfacet
facet normal 0.0 0.0 0.0
  outer loop
    vertex 27.903881072998047 27.499996185302734 5.217950820922852
    vertex 26.439937591552734 27.499996185302734 4.888233184814453
    vertex 26.290088653564453 27.499996185302734 5.250003814697266
  endloop
endfacet
facet normal 0.0 0.0 0.0
  outer loop
    vertex 27.903881072998047 27.499996185302734 5.217950820922852
    vertex 26.290088653564453 27.499996185302734 5.250003814697266
    vertex 27.647418975830078 27.499996185302734 5.894172668457031
  endloop
endfacet
facet normal 0.0 0.0 0.0
  outer loop
    vertex 27.647418975830078 27.499996185302734 5.894172668457031
    vertex 26.290088653564453 27.499996185302734 5.250003814697266
    vertex 26.051715850830078 27.499996185302734 5.560662746429443
  endloop
endfacet
facet normal 0.0 0.0 0.0
  outer loop
    vertex 27.647418975830078 27.499996185302734 5.894172668457031
    vertex 26.051715850830078 27.499996185302734 5.560662746429443
    vertex 25.74105453491211 27.499996185302734 5.799041271209717
  endloop
endfacet
facet normal 0.0 0.0 0.0
  outer loop
    vertex 27.647418975830078 27.499996185302734 5.894172668457031
    vertex 25.74105453491211 27.499996185302734 5.799041271209717
    vertex 27.236583709716797 27.499996185302734 6.489372253417969
  endloop
endfacet
facet normal 0.0 0.0 0.0
  outer loop
    vertex 27.236583709716797 27.499996185302734 6.489372253417969
    vertex 25.74105453491211 27.499996185302734 5.799041271209717
    vertex 25.379283905029297 27.499996185302734 5.948892116546631
  endloop
endfacet
facet normal 0.0 0.0 0.0
  outer loop
    vertex 27.236583709716797 27.499996185302734 6.489372253417969
    vertex 25.379283905029297 27.499996185302734 5.948892116546631
    vertex 26.695247650146484 27.499996185302734 6.9689555168151855
  endloop
endfacet
facet normal 0.0 0.0 0.0
  outer loop
    vertex 26.695247650146484 27.499996185302734 6.9689555168151855
    vertex 25.379283905029297 27.499996185302734 5.948892116546631
    vertex 26.054866790771484 27.499996185302734 7.305051326751709
  endloop
endfacet
facet normal 0.0 0.0 0.0
  outer loop
    vertex 26.054866790771484 27.499996185302734 7.305051326751709
    vertex 25.379283905029297 27.499996185302734 5.948892116546631
    vertex 24.99105453491211 27.499996185302734 6.000003337860107
  endloop
endfacet
facet normal 0.0 0.0 0.0
  outer loop
    vertex 26.054866790771484 27.499996185302734 7.305051326751709
    vertex 24.99105453491211 27.499996185302734 6.000003337860107
    vertex 25.352664947509766 27.499996185302734 7.478129863739014
  endloop
endfacet
facet normal 0.0 0.0 0.0
  outer loop
    vertex 25.352664947509766 27.499996185302734 7.478129863739014
    vertex 24.99105453491211 27.499996185302734 6.000003337860107
    vertex 24.629444122314453 27.499996185302734 7.4781293869018555
  endloop
endfacet
facet normal 0.0 0.0 0.0
  outer loop
    vertex 24.629444122314453 27.499996185302734 7.4781293869018555
    vertex 24.99105453491211 27.499996185302734 6.000003337860107
    vertex 23.9272403717041 27.499996185302734 7.305050849914551
  endloop
endfacet
facet normal 0.0 0.0 0.0
  outer loop
    vertex 23.9272403717041 27.499996185302734 7.305050849914551
    vertex 24.99105453491211 27.499996185302734 6.000003337860107
    vertex 24.602825164794922 27.499996185302734 5.948892116546631
  endloop
endfacet
facet normal 0.0 0.0 0.0
  outer loop
    vertex 20.991056442260742 27.499996185302734 2.267953395843506
    vertex 28.99105453491211 27.499996185302734 2.2679543495178223
    vertex 20.508691787719727 27.499996185302734 2.068150758743286
  endloop
endfacet
facet normal 0.0 0.0 0.0
  outer loop
    vertex 20.508691787719727 27.499996185302734 2.068150758743286
    vertex 28.99105453491211 27.499996185302734 2.2679543495178223
    vertex 29.47341537475586 27.499996185302734 2.0681519508361816
  endloop
endfacet
facet normal 0.0 0.0 0.0
  outer loop
    vertex 20.508691787719727 27.499996185302734 2.068150758743286
    vertex 29.47341537475586 27.499996185302734 2.0681519508361816
    vertex 19.991056442260742 27.499996185302734 2.0000030994415283
  endloop
endfacet
facet normal 0.0 0.0 0.0
  outer loop
    vertex 19.991056442260742 27.499996185302734 2.0000030994415283
    vertex 29.47341537475586 27.499996185302734 2.0681519508361816
    vertex 29.99105453491211 27.499996185302734 2.000004529953003
  endloop
endfacet
facet normal 0.0 0.0 0.0
  outer loop
    vertex -25.371286392211914 24.999080657958984 3.147700071334839
    vertex -25.21662139892578 22.294147491455078 3.115816831588745
    vertex -25.008939743041992 24.999080657958984 3.0999972820281982
  endloop
endfacet
facet normal 0.0 0.0 0.0
  outer loop
    vertex -25.008939743041992 24.999080657958984 3.0999972820281982
    vertex -25.21662139892578 22.294147491455078 3.115816831588745
    vertex -25.008939743041992 22.286052703857422 3.0999972820281982
  endloop
endfacet
facet normal 0.0 0.0 0.0
  outer loop
    vertex -25.008939743041992 24.999080657958984 3.0999972820281982
    vertex -25.008939743041992 22.286052703857422 3.0999972820281982
    vertex -24.801258087158203 22.294147491455078 3.115816831588745
  endloop
endfacet
facet normal 0.0 0.0 0.0
  outer loop
    vertex -25.708938598632812 24.999080657958984 3.287562131881714
    vertex -25.622638702392578 22.350662231445312 3.2417514324188232
    vertex -25.371286392211914 24.999080657958984 3.147700071334839
  endloop
endfacet
facet normal 0.0 0.0 0.0
  outer loop
    vertex -25.371286392211914 24.999080657958984 3.147700071334839
    vertex -25.622638702392578 22.350662231445312 3.2417514324188232
    vertex -25.42400550842285 22.31662368774414 3.16314959526062
  endloop
endfacet
facet normal 0.0 0.0 0.0
  outer loop
    vertex -25.371286392211914 24.999080657958984 3.147700071334839
    vertex -25.42400550842285 22.31662368774414 3.16314959526062
    vertex -25.21662139892578 22.294147491455078 3.115816831588745
  endloop
endfacet
facet normal 0.0 0.0 0.0
  outer loop
    vertex -25.622638702392578 22.350662231445312 3.2417514324188232
    vertex -25.708938598632812 24.999080657958984 3.287562131881714
    vertex -25.80548095703125 22.39095687866211 3.349085569381714
  endloop
endfacet
facet normal 0.0 0.0 0.0
  outer loop
    vertex -25.80548095703125 22.39095687866211 3.349085569381714
    vertex -25.708938598632812 24.999080657958984 3.287562131881714
    vertex -25.998889923095703 24.999080657958984 3.5100464820861816
  endloop
endfacet
facet normal 0.0 0.0 0.0
  outer loop
    vertex -25.80548095703125 22.39095687866211 3.349085569381714
    vertex -25.998889923095703 24.999080657958984 3.5100464820861816
    vertex -25.967103958129883 22.431007385253906 3.479323148727417
  endloop
endfacet
facet normal 0.0 0.0 0.0
  outer loop
    vertex -25.967103958129883 22.431007385253906 3.479323148727417
    vertex -25.998889923095703 24.999080657958984 3.5100464820861816
    vertex -26.10555648803711 22.465370178222656 3.630117893218994
  endloop
endfacet
facet normal 0.0 0.0 0.0
  outer loop
    vertex -26.10555648803711 22.465370178222656 3.630117893218994
    vertex -25.998889923095703 24.999080657958984 3.5100464820861816
    vertex -26.22137451171875 24.999080657958984 3.7999958992004395
  endloop
endfacet
facet normal 0.0 0.0 0.0
  outer loop
    vertex -26.10555648803711 22.465370178222656 3.630117893218994
    vertex -26.22137451171875 24.999080657958984 3.7999958992004395
    vertex -26.22428321838379 22.490375518798828 3.805729389190674
  endloop
endfacet
facet normal 0.0 0.0 0.0
  outer loop
    vertex -26.22428321838379 22.490375518798828 3.805729389190674
    vertex -26.22137451171875 24.999080657958984 3.7999958992004395
    vertex -26.316608428955078 22.499996185302734 3.9999966621398926
  endloop
endfacet
facet normal 0.0 0.0 0.0
  outer loop
    vertex -26.316608428955078 22.499996185302734 3.9999966621398926
    vertex -26.22137451171875 24.999080657958984 3.7999958992004395
    vertex -26.361236572265625 24.999080657958984 4.137650012969971
  endloop
endfacet
facet normal 0.0 0.0 0.0
  outer loop
    vertex -26.316608428955078 22.499996185302734 3.9999966621398926
    vertex -26.361236572265625 24.999080657958984 4.137650012969971
    vertex -26.400920867919922 22.499996185302734 4.3503804206848145
  endloop
endfacet
facet normal 0.0 0.0 0.0
  outer loop
    vertex -26.400920867919922 22.499996185302734 4.3503804206848145
    vertex -26.361236572265625 24.999080657958984 4.137650012969971
    vertex -26.408939361572266 24.999080657958984 4.499996662139893
  endloop
endfacet
facet normal 0.0 0.0 0.0
  outer loop
    vertex -26.400920867919922 22.499996185302734 4.3503804206848145
    vertex -26.408939361572266 24.999080657958984 4.499996662139893
    vertex -26.39299774169922 22.499996185302734 4.710678577423096
  endloop
endfacet
facet normal 0.0 0.0 0.0
  outer loop
    vertex -26.39299774169922 22.499996185302734 4.710678577423096
    vertex -26.408939361572266 24.999080657958984 4.499996662139893
    vertex -26.361236572265625 24.999080657958984 4.8623433113098145
  endloop
endfacet
facet normal 0.0 0.0 0.0
  outer loop
    vertex -26.39299774169922 22.499996185302734 4.710678577423096
    vertex -26.361236572265625 24.999080657958984 4.8623433113098145
    vertex -26.293357849121094 22.499996185302734 5.0570149421691895
  endloop
endfacet
facet normal 0.0 0.0 0.0
  outer loop
    vertex -26.293357849121094 22.499996185302734 5.0570149421691895
    vertex -26.361236572265625 24.999080657958984 4.8623433113098145
    vertex -26.22137451171875 24.999080657958984 5.199997425079346
  endloop
endfacet
facet normal 0.0 0.0 0.0
  outer loop
    vertex -26.293357849121094 22.499996185302734 5.0570149421691895
    vertex -26.22137451171875 24.999080657958984 5.199997425079346
    vertex -26.10860824584961 22.499996185302734 5.3664422035217285
  endloop
endfacet
facet normal 0.0 0.0 0.0
  outer loop
    vertex -26.10860824584961 22.499996185302734 5.3664422035217285
    vertex -26.22137451171875 24.999080657958984 5.199997425079346
    vertex -25.998889923095703 24.999080657958984 5.4899468421936035
  endloop
endfacet
facet normal 0.0 0.0 0.0
  outer loop
    vertex -26.10860824584961 22.499996185302734 5.3664422035217285
    vertex -25.998889923095703 24.999080657958984 5.4899468421936035
    vertex -25.85099220275879 22.499996185302734 5.618454456329346
  endloop
endfacet
facet normal 0.0 0.0 0.0
  outer loop
    vertex -25.85099220275879 22.499996185302734 5.618454456329346
    vertex -25.998889923095703 24.999080657958984 5.4899468421936035
    vertex -25.708938598632812 24.999080657958984 5.71243143081665
  endloop
endfacet
facet normal 0.0 0.0 0.0
  outer loop
    vertex -25.85099220275879 22.499996185302734 5.618454456329346
    vertex -25.708938598632812 24.999080657958984 5.71243143081665
    vertex -25.53757667541504 22.499996185302734 5.7963547706604
  endloop
endfacet
facet normal 0.0 0.0 0.0
  outer loop
    vertex -25.53757667541504 22.499996185302734 5.7963547706604
    vertex -25.708938598632812 24.999080657958984 5.71243143081665
    vertex -25.371286392211914 24.999080657958984 5.852293491363525
  endloop
endfacet
facet normal 0.0 0.0 0.0
  outer loop
    vertex -25.53757667541504 22.499996185302734 5.7963547706604
    vertex -25.371286392211914 24.999080657958984 5.852293491363525
    vertex -25.189132690429688 22.499996185302734 5.888351917266846
  endloop
endfacet
facet normal 0.0 0.0 0.0
  outer loop
    vertex -25.189132690429688 22.499996185302734 5.888351917266846
    vertex -25.371286392211914 24.999080657958984 5.852293491363525
    vertex -25.008939743041992 24.999080657958984 5.899996280670166
  endloop
endfacet
facet normal 0.0 0.0 0.0
  outer loop
    vertex -25.189132690429688 22.499996185302734 5.888351917266846
    vertex -25.008939743041992 24.999080657958984 5.899996280670166
    vertex -24.828746795654297 22.499996185302734 5.888351917266846
  endloop
endfacet
facet normal 0.0 0.0 0.0
  outer loop
    vertex -24.828746795654297 22.499996185302734 5.888351917266846
    vertex -25.008939743041992 24.999080657958984 5.899996280670166
    vertex -24.64659309387207 24.999080657958984 5.852293491363525
  endloop
endfacet
facet normal 0.0 0.0 0.0
  outer loop
    vertex -24.828746795654297 22.499996185302734 5.888351917266846
    vertex -24.64659309387207 24.999080657958984 5.852293491363525
    vertex -24.480302810668945 22.499996185302734 5.7963547706604
  endloop
endfacet
facet normal 0.0 0.0 0.0
  outer loop
    vertex -24.480302810668945 22.499996185302734 5.7963547706604
    vertex -24.64659309387207 24.999080657958984 5.852293491363525
    vertex -24.308940887451172 24.999080657958984 5.71243143081665
  endloop
endfacet
facet normal 0.0 0.0 0.0
  outer loop
    vertex -24.480302810668945 22.499996185302734 5.7963547706604
    vertex -24.308940887451172 24.999080657958984 5.71243143081665
    vertex -24.166887283325195 22.499996185302734 5.618454456329346
  endloop
endfacet
facet normal 0.0 0.0 0.0
  outer loop
    vertex -24.166887283325195 22.499996185302734 5.618454456329346
    vertex -24.308940887451172 24.999080657958984 5.71243143081665
    vertex -24.01898956298828 24.999080657958984 5.4899468421936035
  endloop
endfacet
facet normal 0.0 0.0 0.0
  outer loop
    vertex -24.166887283325195 22.499996185302734 5.618454456329346
    vertex -24.01898956298828 24.999080657958984 5.4899468421936035
    vertex -23.909273147583008 22.499996185302734 5.366442680358887
  endloop
endfacet
facet normal 0.0 0.0 0.0
  outer loop
    vertex -23.909273147583008 22.499996185302734 5.366442680358887
    vertex -24.01898956298828 24.999080657958984 5.4899468421936035
    vertex -23.796506881713867 24.999080657958984 5.199997901916504
  endloop
endfacet
facet normal 0.0 0.0 0.0
  outer loop
    vertex -23.909273147583008 22.499996185302734 5.366442680358887
    vertex -23.796506881713867 24.999080657958984 5.199997901916504
    vertex -23.724523544311523 22.499996185302734 5.057015419006348
  endloop
endfacet
facet normal 0.0 0.0 0.0
  outer loop
    vertex -23.724523544311523 22.499996185302734 5.057015419006348
    vertex -23.796506881713867 24.999080657958984 5.199997901916504
    vertex -23.656644821166992 24.999080657958984 4.862343788146973
  endloop
endfacet
facet normal 0.0 0.0 0.0
  outer loop
    vertex -23.724523544311523 22.499996185302734 5.057015419006348
    vertex -23.656644821166992 24.999080657958984 4.862343788146973
    vertex -23.6248836517334 22.499996185302734 4.710679054260254
  endloop
endfacet
facet normal 0.0 0.0 0.0
  outer loop
    vertex -23.6248836517334 22.499996185302734 4.710679054260254
    vertex -23.656644821166992 24.999080657958984 4.862343788146973
    vertex -23.60894203186035 24.999080657958984 4.499997138977051
  endloop
endfacet
facet normal 0.0 0.0 0.0
  outer loop
    vertex -23.6248836517334 22.499996185302734 4.710679054260254
    vertex -23.60894203186035 24.999080657958984 4.499997138977051
    vertex -23.616960525512695 22.499996185302734 4.350380897521973
  endloop
endfacet
facet normal 0.0 0.0 0.0
  outer loop
    vertex -23.616960525512695 22.499996185302734 4.350380897521973
    vertex -23.60894203186035 24.999080657958984 4.499997138977051
    vertex -23.656644821166992 24.999080657958984 4.137650489807129
  endloop
endfacet
facet normal 0.0 0.0 0.0
  outer loop
    vertex -23.616960525512695 22.499996185302734 4.350380897521973
    vertex -23.656644821166992 24.999080657958984 4.137650489807129
    vertex -23.70127296447754 22.499996185302734 3.999997138977051
  endloop
endfacet
facet normal 0.0 0.0 0.0
  outer loop
    vertex -23.70127296447754 22.499996185302734 3.999997138977051
    vertex -23.656644821166992 24.999080657958984 4.137650489807129
    vertex -23.796506881713867 24.999080657958984 3.7999963760375977
  endloop
endfacet
facet normal 0.0 0.0 0.0
  outer loop
    vertex -23.70127296447754 22.499996185302734 3.999997138977051
    vertex -23.796506881713867 24.999080657958984 3.7999963760375977
    vertex -23.793598175048828 22.490375518798828 3.805729866027832
  endloop
endfacet
facet normal 0.0 0.0 0.0
  outer loop
    vertex -23.793598175048828 22.490375518798828 3.805729866027832
    vertex -23.796506881713867 24.999080657958984 3.7999963760375977
    vertex -23.912324905395508 22.465370178222656 3.6301183700561523
  endloop
endfacet
facet normal 0.0 0.0 0.0
  outer loop
    vertex -23.912324905395508 22.465370178222656 3.6301183700561523
    vertex -23.796506881713867 24.999080657958984 3.7999963760375977
    vertex -24.01898956298828 24.999080657958984 3.51004695892334
  endloop
endfacet
facet normal 0.0 0.0 0.0
  outer loop
    vertex -23.912324905395508 22.465370178222656 3.6301183700561523
    vertex -24.01898956298828 24.999080657958984 3.51004695892334
    vertex -24.0507755279541 22.431007385253906 3.479323387145996
  endloop
endfacet
facet normal 0.0 0.0 0.0
  outer loop
    vertex -24.0507755279541 22.431007385253906 3.479323387145996
    vertex -24.01898956298828 24.999080657958984 3.51004695892334
    vertex -24.212398529052734 22.39095687866211 3.349085569381714
  endloop
endfacet
facet normal 0.0 0.0 0.0
  outer loop
    vertex -24.212398529052734 22.39095687866211 3.349085569381714
    vertex -24.01898956298828 24.999080657958984 3.51004695892334
    vertex -24.308940887451172 24.999080657958984 3.287562131881714
  endloop
endfacet
facet normal 0.0 0.0 0.0
  outer loop
    vertex -24.212398529052734 22.39095687866211 3.349085569381714
    vertex -24.308940887451172 24.999080657958984 3.287562131881714
    vertex -24.395240783691406 22.350662231445312 3.2417514324188232
  endloop
endfacet
facet normal 0.0 0.0 0.0
  outer loop
    vertex -24.395240783691406 22.350662231445312 3.2417514324188232
    vertex -24.308940887451172 24.999080657958984 3.287562131881714
    vertex -24.64659309387207 24.999080657958984 3.147700071334839
  endloop
endfacet
facet normal 0.0 0.0 0.0
  outer loop
    vertex -24.395240783691406 22.350662231445312 3.2417514324188232
    vertex -24.64659309387207 24.999080657958984 3.147700071334839
    vertex -24.593873977661133 22.31662368774414 3.16314959526062
  endloop
endfacet
facet normal 0.0 0.0 0.0
  outer loop
    vertex -24.593873977661133 22.31662368774414 3.16314959526062
    vertex -24.64659309387207 24.999080657958984 3.147700071334839
    vertex -24.801258087158203 22.294147491455078 3.115816831588745
  endloop
endfacet
facet normal 0.0 0.0 0.0
  outer loop
    vertex -24.801258087158203 22.294147491455078 3.115816831588745
    vertex -24.64659309387207 24.999080657958984 3.147700071334839
    vertex -25.008939743041992 24.999080657958984 3.0999972820281982
  endloop
endfacet
facet normal 0.0 0.0 0.0
  outer loop
    vertex -22.008941650390625 27.499996185302734 3.99999737739563
    vertex -22.008941650390625 27.499996185302734 4.499997138977051
    vertex -22.008941650390625 22.499996185302734 3.99999737739563
  endloop
endfacet
facet normal 0.0 0.0 0.0
  outer loop
    vertex -22.008941650390625 22.499996185302734 3.99999737739563
    vertex -22.008941650390625 27.499996185302734 4.499997138977051
    vertex -22.008941650390625 22.499996185302734 4.499997138977051
  endloop
endfacet
facet normal 0.0 0.0 0.0
  outer loop
    vertex -28.008939743041992 22.499996185302734 3.9999964237213135
    vertex -28.008939743041992 22.499996185302734 4.499996662139893
    vertex -28.008939743041992 27.499996185302734 3.9999964237213135
  endloop
endfacet
facet normal 0.0 0.0 0.0
  outer loop
    vertex -28.008939743041992 27.499996185302734 3.9999964237213135
    vertex -28.008939743041992 22.499996185302734 4.499996662139893
    vertex -28.008939743041992 27.499996185302734 4.499996662139893
  endloop
endfacet
facet normal 0.0 0.0 0.0
  outer loop
    vertex -22.008941650390625 27.499996185302734 4.499997138977051
    vertex -22.09611701965332 27.499996185302734 5.217944145202637
    vertex -22.008941650390625 22.499996185302734 4.499997138977051
  endloop
endfacet
facet normal 0.0 0.0 0.0
  outer loop
    vertex -22.008941650390625 22.499996185302734 4.499997138977051
    vertex -22.09611701965332 27.499996185302734 5.217944145202637
    vertex -22.09611701965332 22.499996185302734 5.217944145202637
  endloop
endfacet
facet normal 0.0 0.0 0.0
  outer loop
    vertex -22.09611701965332 22.499996185302734 5.217944145202637
    vertex -22.09611701965332 27.499996185302734 5.217944145202637
    vertex -22.35257339477539 27.499996185302734 5.894165992736816
  endloop
endfacet
facet normal 0.0 0.0 0.0
  outer loop
    vertex -22.09611701965332 22.499996185302734 5.217944145202637
    vertex -22.35257339477539 27.499996185302734 5.894165992736816
    vertex -22.35257339477539 22.499996185302734 5.894165992736816
  endloop
endfacet
facet normal 0.0 0.0 0.0
  outer loop
    vertex -22.35257339477539 22.499996185302734 5.894165992736816
    vertex -22.35257339477539 27.499996185302734 5.894165992736816
    vertex -22.763408660888672 27.499996185302734 6.489365577697754
  endloop
endfacet
facet normal 0.0 0.0 0.0
  outer loop
    vertex -22.35257339477539 22.499996185302734 5.894165992736816
    vertex -22.763408660888672 27.499996185302734 6.489365577697754
    vertex -22.763408660888672 22.499996185302734 6.489365577697754
  endloop
endfacet
facet normal 0.0 0.0 0.0
  outer loop
    vertex -22.763408660888672 22.499996185302734 6.489365577697754
    vertex -22.763408660888672 27.499996185302734 6.489365577697754
    vertex -23.304746627807617 27.499996185302734 6.968948841094971
  endloop
endfacet
facet normal 0.0 0.0 0.0
  outer loop
    vertex -22.763408660888672 22.499996185302734 6.489365577697754
    vertex -23.304746627807617 27.499996185302734 6.968948841094971
    vertex -23.304746627807617 22.499996185302734 6.968948841094971
  endloop
endfacet
facet normal 0.0 0.0 0.0
  outer loop
    vertex -23.304746627807617 22.499996185302734 6.968948841094971
    vertex -23.304746627807617 27.499996185302734 6.968948841094971
    vertex -23.945127487182617 27.499996185302734 7.305044651031494
  endloop
endfacet
facet normal 0.0 0.0 0.0
  outer loop
    vertex -23.304746627807617 22.499996185302734 6.968948841094971
    vertex -23.945127487182617 27.499996185302734 7.305044651031494
    vertex -23.945127487182617 22.499996185302734 7.305044651031494
  endloop
endfacet
facet normal 0.0 0.0 0.0
  outer loop
    vertex -23.945127487182617 22.499996185302734 7.305044651031494
    vertex -23.945127487182617 27.499996185302734 7.305044651031494
    vertex -24.647329330444336 27.499996185302734 7.478123188018799
  endloop
endfacet
facet normal 0.0 0.0 0.0
  outer loop
    vertex -23.945127487182617 22.499996185302734 7.305044651031494
    vertex -24.647329330444336 27.499996185302734 7.478123188018799
    vertex -24.647329330444336 22.499996185302734 7.478123188018799
  endloop
endfacet
facet normal 0.0 0.0 0.0
  outer loop
    vertex -24.647329330444336 22.499996185302734 7.478123188018799
    vertex -24.647329330444336 27.499996185302734 7.478123188018799
    vertex -25.37055015563965 22.499996185302734 7.478123188018799
  endloop
endfacet
facet normal 0.0 0.0 0.0
  outer loop
    vertex -25.37055015563965 22.499996185302734 7.478123188018799
    vertex -24.647329330444336 27.499996185302734 7.478123188018799
    vertex -25.37055015563965 27.499996185302734 7.478123188018799
  endloop
endfacet
facet normal 0.0 0.0 0.0
  outer loop
    vertex -25.37055015563965 22.499996185302734 7.478123188018799
    vertex -25.37055015563965 27.499996185302734 7.478123188018799
    vertex -26.07275390625 27.499996185302734 7.305044174194336
  endloop
endfacet
facet normal 0.0 0.0 0.0
  outer loop
    vertex -25.37055015563965 22.499996185302734 7.478123188018799
    vertex -26.07275390625 27.499996185302734 7.305044174194336
    vertex -26.07275390625 22.499996185302734 7.305044174194336
  endloop
endfacet
facet normal 0.0 0.0 0.0
  outer loop
    vertex -26.07275390625 22.499996185302734 7.305044174194336
    vertex -26.07275390625 27.499996185302734 7.305044174194336
    vertex -26.713134765625 27.499996185302734 6.9689483642578125
  endloop
endfacet
facet normal 0.0 0.0 0.0
  outer loop
    vertex -26.07275390625 22.499996185302734 7.305044174194336
    vertex -26.713134765625 27.499996185302734 6.9689483642578125
    vertex -26.713134765625 22.499996185302734 6.9689483642578125
  endloop
endfacet
facet normal 0.0 0.0 0.0
  outer loop
    vertex -26.713134765625 22.499996185302734 6.9689483642578125
    vertex -26.713134765625 27.499996185302734 6.9689483642578125
    vertex -27.254470825195312 27.499996185302734 6.4893646240234375
  endloop
endfacet
facet normal 0.0 0.0 0.0
  outer loop
    vertex -26.713134765625 22.499996185302734 6.9689483642578125
    vertex -27.254470825195312 27.499996185302734 6.4893646240234375
    vertex -27.254470825195312 22.499996185302734 6.4893646240234375
  endloop
endfacet
facet normal 0.0 0.0 0.0
  outer loop
    vertex -27.254470825195312 22.499996185302734 6.4893646240234375
    vertex -27.254470825195312 27.499996185302734 6.4893646240234375
    vertex -27.665307998657227 27.499996185302734 5.8941650390625
  endloop
endfacet
facet normal 0.0 0.0 0.0
  outer loop
    vertex -27.254470825195312 22.499996185302734 6.4893646240234375
    vertex -27.665307998657227 27.499996185302734 5.8941650390625
    vertex -27.665307998657227 22.499996185302734 5.8941650390625
  endloop
endfacet
facet normal 0.0 0.0 0.0
  outer loop
    vertex -27.665307998657227 22.499996185302734 5.8941650390625
    vertex -27.665307998657227 27.499996185302734 5.8941650390625
    vertex -27.921764373779297 27.499996185302734 5.21794319152832
  endloop
endfacet
facet normal 0.0 0.0 0.0
  outer loop
    vertex -27.665307998657227 22.499996185302734 5.8941650390625
    vertex -27.921764373779297 27.499996185302734 5.21794319152832
    vertex -27.921764373779297 22.499996185302734 5.21794319152832
  endloop
endfacet
facet normal 0.0 0.0 0.0
  outer loop
    vertex -27.921764373779297 22.499996185302734 5.21794319152832
    vertex -27.921764373779297 27.499996185302734 5.21794319152832
    vertex -28.008939743041992 27.499996185302734 4.499996662139893
  endloop
endfacet
facet normal 0.0 0.0 0.0
  outer loop
    vertex -27.921764373779297 22.499996185302734 5.21794319152832
    vertex -28.008939743041992 27.499996185302734 4.499996662139893
    vertex -28.008939743041992 22.499996185302734 4.499996662139893
  endloop
endfacet
facet normal 0.0 0.0 0.0
  outer loop
    vertex -24.620712280273438 27.499996185302734 3.0511081218719482
    vertex -21.008941650390625 27.499996185302734 2.2679476737976074
    vertex -25.008939743041992 27.499996185302734 2.999997138977051
  endloop
endfacet
facet normal 0.0 0.0 0.0
  outer loop
    vertex -25.008939743041992 27.499996185302734 2.999997138977051
    vertex -21.008941650390625 27.499996185302734 2.2679476737976074
    vertex -29.008939743041992 27.499996185302734 2.267946720123291
  endloop
endfacet
facet normal 0.0 0.0 0.0
  outer loop
    vertex -25.008939743041992 27.499996185302734 2.999997138977051
    vertex -29.008939743041992 27.499996185302734 2.267946720123291
    vertex -25.397167205810547 27.499996185302734 3.0511081218719482
  endloop
endfacet
facet normal 0.0 0.0 0.0
  outer loop
    vertex -25.397167205810547 27.499996185302734 3.0511081218719482
    vertex -29.008939743041992 27.499996185302734 2.267946720123291
    vertex -28.5947265625 27.499996185302734 2.5857834815979004
  endloop
endfacet
facet normal 0.0 0.0 0.0
  outer loop
    vertex -25.397167205810547 27.499996185302734 3.0511081218719482
    vertex -28.5947265625 27.499996185302734 2.5857834815979004
    vertex -25.758939743041992 27.499996185302734 3.2009589672088623
  endloop
endfacet
facet normal 0.0 0.0 0.0
  outer loop
    vertex -25.758939743041992 27.499996185302734 3.2009589672088623
    vertex -28.5947265625 27.499996185302734 2.5857834815979004
    vertex -28.27688980102539 27.499996185302734 2.9999966621398926
  endloop
endfacet
facet normal 0.0 0.0 0.0
  outer loop
    vertex -25.758939743041992 27.499996185302734 3.2009589672088623
    vertex -28.27688980102539 27.499996185302734 2.9999966621398926
    vertex -26.069599151611328 27.499996185302734 3.4393372535705566
  endloop
endfacet
facet normal 0.0 0.0 0.0
  outer loop
    vertex -26.069599151611328 27.499996185302734 3.4393372535705566
    vertex -28.27688980102539 27.499996185302734 2.9999966621398926
    vertex -28.07708740234375 27.499996185302734 3.4823591709136963
  endloop
endfacet
facet normal 0.0 0.0 0.0
  outer loop
    vertex -26.069599151611328 27.499996185302734 3.4393372535705566
    vertex -28.07708740234375 27.499996185302734 3.4823591709136963
    vertex -26.3079776763916 27.499996185302734 3.7499966621398926
  endloop
endfacet
facet normal 0.0 0.0 0.0
  outer loop
    vertex -26.3079776763916 27.499996185302734 3.7499966621398926
    vertex -28.07708740234375 27.499996185302734 3.4823591709136963
    vertex -28.008939743041992 27.499996185302734 3.9999964237213135
  endloop
endfacet
facet normal 0.0 0.0 0.0
  outer loop
    vertex -26.3079776763916 27.499996185302734 3.7499966621398926
    vertex -28.008939743041992 27.499996185302734 3.9999964237213135
    vertex -26.457828521728516 27.499996185302734 4.111767292022705
  endloop
endfacet
facet normal 0.0 0.0 0.0
  outer loop
    vertex -26.457828521728516 27.499996185302734 4.111767292022705
    vertex -28.008939743041992 27.499996185302734 3.9999964237213135
    vertex -28.008939743041992 27.499996185302734 4.499996662139893
  endloop
endfacet
facet normal 0.0 0.0 0.0
  outer loop
    vertex -26.457828521728516 27.499996185302734 4.111767292022705
    vertex -28.008939743041992 27.499996185302734 4.499996662139893
    vertex -26.508939743041992 27.499996185302734 4.499996662139893
  endloop
endfacet
facet normal 0.0 0.0 0.0
  outer loop
    vertex -26.508939743041992 27.499996185302734 4.499996662139893
    vertex -28.008939743041992 27.499996185302734 4.499996662139893
    vertex -26.457828521728516 27.499996185302734 4.88822603225708
  endloop
endfacet
facet normal 0.0 0.0 0.0
  outer loop
    vertex -26.457828521728516 27.499996185302734 4.88822603225708
    vertex -28.008939743041992 27.499996185302734 4.499996662139893
    vertex -27.921764373779297 27.499996185302734 5.21794319152832
  endloop
endfacet
facet normal 0.0 0.0 0.0
  outer loop
    vertex -26.457828521728516 27.499996185302734 4.88822603225708
    vertex -27.921764373779297 27.499996185302734 5.21794319152832
    vertex -26.3079776763916 27.499996185302734 5.249996662139893
  endloop
endfacet
facet normal 0.0 0.0 0.0
  outer loop
    vertex -26.3079776763916 27.499996185302734 5.249996662139893
    vertex -27.921764373779297 27.499996185302734 5.21794319152832
    vertex -27.665307998657227 27.499996185302734 5.8941650390625
  endloop
endfacet
facet normal 0.0 0.0 0.0
  outer loop
    vertex -26.3079776763916 27.499996185302734 5.249996662139893
    vertex -27.665307998657227 27.499996185302734 5.8941650390625
    vertex -26.069599151611328 27.499996185302734 5.5606560707092285
  endloop
endfacet
facet normal 0.0 0.0 0.0
  outer loop
    vertex -26.069599151611328 27.499996185302734 5.5606560707092285
    vertex -27.665307998657227 27.499996185302734 5.8941650390625
    vertex -25.758939743041992 27.499996185302734 5.799034595489502
  endloop
endfacet
facet normal 0.0 0.0 0.0
  outer loop
    vertex -25.758939743041992 27.499996185302734 5.799034595489502
    vertex -27.665307998657227 27.499996185302734 5.8941650390625
    vertex -27.254470825195312 27.499996185302734 6.4893646240234375
  endloop
endfacet
facet normal 0.0 0.0 0.0
  outer loop
    vertex -25.758939743041992 27.499996185302734 5.799034595489502
    vertex -27.254470825195312 27.499996185302734 6.4893646240234375
    vertex -25.397167205810547 27.499996185302734 5.948885440826416
  endloop
endfacet
facet normal 0.0 0.0 0.0
  outer loop
    vertex -25.397167205810547 27.499996185302734 5.948885440826416
    vertex -27.254470825195312 27.499996185302734 6.4893646240234375
    vertex -26.713134765625 27.499996185302734 6.9689483642578125
  endloop
endfacet
facet normal 0.0 0.0 0.0
  outer loop
    vertex -25.397167205810547 27.499996185302734 5.948885440826416
    vertex -26.713134765625 27.499996185302734 6.9689483642578125
    vertex -26.07275390625 27.499996185302734 7.305044174194336
  endloop
endfacet
facet normal 0.0 0.0 0.0
  outer loop
    vertex -21.008941650390625 27.499996185302734 2.2679476737976074
    vertex -24.620712280273438 27.499996185302734 3.0511081218719482
    vertex -21.423154830932617 27.499996185302734 2.585784435272217
  endloop
endfacet
facet normal 0.0 0.0 0.0
  outer loop
    vertex -21.423154830932617 27.499996185302734 2.585784435272217
    vertex -24.620712280273438 27.499996185302734 3.0511081218719482
    vertex -24.258939743041992 27.499996185302734 3.2009589672088623
  endloop
endfacet
facet normal 0.0 0.0 0.0
  outer loop
    vertex -21.423154830932617 27.499996185302734 2.585784435272217
    vertex -24.258939743041992 27.499996185302734 3.2009589672088623
    vertex -21.740991592407227 27.499996185302734 2.999997615814209
  endloop
endfacet
facet normal 0.0 0.0 0.0
  outer loop
    vertex -21.740991592407227 27.499996185302734 2.999997615814209
    vertex -24.258939743041992 27.499996185302734 3.2009589672088623
    vertex -23.94828224182129 27.499996185302734 3.439337730407715
  endloop
endfacet
facet normal 0.0 0.0 0.0
  outer loop
    vertex -21.740991592407227 27.499996185302734 2.999997615814209
    vertex -23.94828224182129 27.499996185302734 3.439337730407715
    vertex -21.940793991088867 27.499996185302734 3.4823601245880127
  endloop
endfacet
facet normal 0.0 0.0 0.0
  outer loop
    vertex -21.940793991088867 27.499996185302734 3.4823601245880127
    vertex -23.94828224182129 27.499996185302734 3.439337730407715
    vertex -23.709903717041016 27.499996185302734 3.749997138977051
  endloop
endfacet
facet normal 0.0 0.0 0.0
  outer loop
    vertex -21.940793991088867 27.499996185302734 3.4823601245880127
    vertex -23.709903717041016 27.499996185302734 3.749997138977051
    vertex -22.008941650390625 27.499996185302734 3.99999737739563
  endloop
endfacet
facet normal 0.0 0.0 0.0
  outer loop
    vertex -22.008941650390625 27.499996185302734 3.99999737739563
    vertex -23.709903717041016 27.499996185302734 3.749997138977051
    vertex -23.5600528717041 27.499996185302734 4.111767768859863
  endloop
endfacet
facet normal 0.0 0.0 0.0
  outer loop
    vertex -22.008941650390625 27.499996185302734 3.99999737739563
    vertex -23.5600528717041 27.499996185302734 4.111767768859863
    vertex -22.008941650390625 27.499996185302734 4.499997138977051
  endloop
endfacet
facet normal 0.0 0.0 0.0
  outer loop
    vertex -22.008941650390625 27.499996185302734 4.499997138977051
    vertex -23.5600528717041 27.499996185302734 4.111767768859863
    vertex -23.508941650390625 27.499996185302734 4.499997138977051
  endloop
endfacet
facet normal 0.0 0.0 0.0
  outer loop
    vertex -22.008941650390625 27.499996185302734 4.499997138977051
    vertex -23.508941650390625 27.499996185302734 4.499997138977051
    vertex -23.5600528717041 27.499996185302734 4.888226509094238
  endloop
endfacet
facet normal 0.0 0.0 0.0
  outer loop
    vertex -22.008941650390625 27.499996185302734 4.499997138977051
    vertex -23.5600528717041 27.499996185302734 4.888226509094238
    vertex -22.09611701965332 27.499996185302734 5.217944145202637
  endloop
endfacet
facet normal 0.0 0.0 0.0
  outer loop
    vertex -22.09611701965332 27.499996185302734 5.217944145202637
    vertex -23.5600528717041 27.499996185302734 4.888226509094238
    vertex -23.709903717041016 27.499996185302734 5.249997138977051
  endloop
endfacet
facet normal 0.0 0.0 0.0
  outer loop
    vertex -22.09611701965332 27.499996185302734 5.217944145202637
    vertex -23.709903717041016 27.499996185302734 5.249997138977051
    vertex -22.35257339477539 27.499996185302734 5.894165992736816
  endloop
endfacet
facet normal 0.0 0.0 0.0
  outer loop
    vertex -22.35257339477539 27.499996185302734 5.894165992736816
    vertex -23.709903717041016 27.499996185302734 5.249997138977051
    vertex -23.94828224182129 27.499996185302734 5.5606560707092285
  endloop
endfacet
facet normal 0.0 0.0 0.0
  outer loop
    vertex -22.35257339477539 27.499996185302734 5.894165992736816
    vertex -23.94828224182129 27.499996185302734 5.5606560707092285
    vertex -24.258939743041992 27.499996185302734 5.799034595489502
  endloop
endfacet
facet normal 0.0 0.0 0.0
  outer loop
    vertex -22.35257339477539 27.499996185302734 5.894165992736816
    vertex -24.258939743041992 27.499996185302734 5.799034595489502
    vertex -22.763408660888672 27.499996185302734 6.489365577697754
  endloop
endfacet
facet normal 0.0 0.0 0.0
  outer loop
    vertex -22.763408660888672 27.499996185302734 6.489365577697754
    vertex -24.258939743041992 27.499996185302734 5.799034595489502
    vertex -24.620712280273438 27.499996185302734 5.948885440826416
  endloop
endfacet
facet normal 0.0 0.0 0.0
  outer loop
    vertex -22.763408660888672 27.499996185302734 6.489365577697754
    vertex -24.620712280273438 27.499996185302734 5.948885440826416
    vertex -23.304746627807617 27.499996185302734 6.968948841094971
  endloop
endfacet
facet normal 0.0 0.0 0.0
  outer loop
    vertex -23.304746627807617 27.499996185302734 6.968948841094971
    vertex -24.620712280273438 27.499996185302734 5.948885440826416
    vertex -23.945127487182617 27.499996185302734 7.305044651031494
  endloop
endfacet
facet normal 0.0 0.0 0.0
  outer loop
    vertex -23.945127487182617 27.499996185302734 7.305044651031494
    vertex -24.620712280273438 27.499996185302734 5.948885440826416
    vertex -25.008939743041992 27.499996185302734 5.999996662139893
  endloop
endfacet
facet normal 0.0 0.0 0.0
  outer loop
    vertex -23.945127487182617 27.499996185302734 7.305044651031494
    vertex -25.008939743041992 27.499996185302734 5.999996662139893
    vertex -24.647329330444336 27.499996185302734 7.478123188018799
  endloop
endfacet
facet normal 0.0 0.0 0.0
  outer loop
    vertex -24.647329330444336 27.499996185302734 7.478123188018799
    vertex -25.008939743041992 27.499996185302734 5.999996662139893
    vertex -25.37055015563965 27.499996185302734 7.478123188018799
  endloop
endfacet
facet normal 0.0 0.0 0.0
  outer loop
    vertex -25.37055015563965 27.499996185302734 7.478123188018799
    vertex -25.008939743041992 27.499996185302734 5.999996662139893
    vertex -26.07275390625 27.499996185302734 7.305044174194336
  endloop
endfacet
facet normal 0.0 0.0 0.0
  outer loop
    vertex -26.07275390625 27.499996185302734 7.305044174194336
    vertex -25.008939743041992 27.499996185302734 5.999996662139893
    vertex -25.397167205810547 27.499996185302734 5.948885440826416
  endloop
endfacet
facet normal 0.0 0.0 0.0
  outer loop
    vertex -29.008939743041992 27.499996185302734 2.267946720123291
    vertex -21.008941650390625 27.499996185302734 2.2679476737976074
    vertex -29.491302490234375 27.499996185302734 2.0681443214416504
  endloop
endfacet
facet normal 0.0 0.0 0.0
  outer loop
    vertex -29.491302490234375 27.499996185302734 2.0681443214416504
    vertex -21.008941650390625 27.499996185302734 2.2679476737976074
    vertex -20.526578903198242 27.499996185302734 2.068145513534546
  endloop
endfacet
facet normal 0.0 0.0 0.0
  outer loop
    vertex -29.491302490234375 27.499996185302734 2.0681443214416504
    vertex -20.526578903198242 27.499996185302734 2.068145513534546
    vertex -30.008939743041992 27.499996185302734 1.9999966621398926
  endloop
endfacet
facet normal 0.0 0.0 0.0
  outer loop
    vertex -30.008939743041992 27.499996185302734 1.9999966621398926
    vertex -20.526578903198242 27.499996185302734 2.068145513534546
    vertex -20.008941650390625 27.499996185302734 1.999997615814209
  endloop
endfacet
facet normal 0.0 0.0 0.0
  outer loop
    vertex -23.70127296447754 22.499996185302734 3.999997138977051
    vertex -22.008941650390625 22.499996185302734 3.99999737739563
    vertex -23.616960525512695 22.499996185302734 4.350380897521973
  endloop
endfacet
facet normal 0.0 0.0 0.0
  outer loop
    vertex -23.616960525512695 22.499996185302734 4.350380897521973
    vertex -22.008941650390625 22.499996185302734 3.99999737739563
    vertex -22.008941650390625 22.499996185302734 4.499997138977051
  endloop
endfacet
facet normal 0.0 0.0 0.0
  outer loop
    vertex -23.616960525512695 22.499996185302734 4.350380897521973
    vertex -22.008941650390625 22.499996185302734 4.499997138977051
    vertex -23.6248836517334 22.499996185302734 4.710679054260254
  endloop
endfacet
facet normal 0.0 0.0 0.0
  outer loop
    vertex -23.6248836517334 22.499996185302734 4.710679054260254
    vertex -22.008941650390625 22.499996185302734 4.499997138977051
    vertex -22.09611701965332 22.499996185302734 5.217944145202637
  endloop
endfacet
facet normal 0.0 0.0 0.0
  outer loop
    vertex -23.6248836517334 22.499996185302734 4.710679054260254
    vertex -22.09611701965332 22.499996185302734 5.217944145202637
    vertex -23.724523544311523 22.499996185302734 5.057015419006348
  endloop
endfacet
facet normal 0.0 0.0 0.0
  outer loop
    vertex -23.724523544311523 22.499996185302734 5.057015419006348
    vertex -22.09611701965332 22.499996185302734 5.217944145202637
    vertex -23.909273147583008 22.499996185302734 5.366442680358887
  endloop
endfacet
facet normal 0.0 0.0 0.0
  outer loop
    vertex -23.909273147583008 22.499996185302734 5.366442680358887
    vertex -22.09611701965332 22.499996185302734 5.217944145202637
    vertex -22.35257339477539 22.499996185302734 5.894165992736816
  endloop
endfacet
facet normal 0.0 0.0 0.0
  outer loop
    vertex -23.909273147583008 22.499996185302734 5.366442680358887
    vertex -22.35257339477539 22.499996185302734 5.894165992736816
    vertex -24.166887283325195 22.499996185302734 5.618454456329346
  endloop
endfacet
facet normal 0.0 0.0 0.0
  outer loop
    vertex -24.166887283325195 22.499996185302734 5.618454456329346
    vertex -22.35257339477539 22.499996185302734 5.894165992736816
    vertex -22.763408660888672 22.499996185302734 6.489365577697754
  endloop
endfacet
facet normal 0.0 0.0 0.0
  outer loop
    vertex -24.166887283325195 22.499996185302734 5.618454456329346
    vertex -22.763408660888672 22.499996185302734 6.489365577697754
    vertex -24.480302810668945 22.499996185302734 5.7963547706604
  endloop
endfacet
facet normal 0.0 0.0 0.0
  outer loop
    vertex -24.480302810668945 22.499996185302734 5.7963547706604
    vertex -22.763408660888672 22.499996185302734 6.489365577697754
    vertex -23.304746627807617 22.499996185302734 6.968948841094971
  endloop
endfacet
facet normal 0.0 0.0 0.0
  outer loop
    vertex -24.480302810668945 22.499996185302734 5.7963547706604
    vertex -23.304746627807617 22.499996185302734 6.968948841094971
    vertex -24.828746795654297 22.499996185302734 5.888351917266846
  endloop
endfacet
facet normal 0.0 0.0 0.0
  outer loop
    vertex -24.828746795654297 22.499996185302734 5.888351917266846
    vertex -23.304746627807617 22.499996185302734 6.968948841094971
    vertex -23.945127487182617 22.499996185302734 7.305044651031494
  endloop
endfacet
facet normal 0.0 0.0 0.0
  outer loop
    vertex -24.828746795654297 22.499996185302734 5.888351917266846
    vertex -23.945127487182617 22.499996185302734 7.305044651031494
    vertex -24.647329330444336 22.499996185302734 7.478123188018799
  endloop
endfacet
facet normal 0.0 0.0 0.0
  outer loop
    vertex -24.647329330444336 22.499996185302734 7.478123188018799
    vertex -25.37055015563965 22.499996185302734 7.478123188018799
    vertex -24.828746795654297 22.499996185302734 5.888351917266846
  endloop
endfacet
facet normal 0.0 0.0 0.0
  outer loop
    vertex -24.828746795654297 22.499996185302734 5.888351917266846
    vertex -25.37055015563965 22.499996185302734 7.478123188018799
    vertex -25.189132690429688 22.499996185302734 5.888351917266846
  endloop
endfacet
facet normal 0.0 0.0 0.0
  outer loop
    vertex -25.189132690429688 22.499996185302734 5.888351917266846
    vertex -25.37055015563965 22.499996185302734 7.478123188018799
    vertex -26.07275390625 22.499996185302734 7.305044174194336
  endloop
endfacet
facet normal 0.0 0.0 0.0
  outer loop
    vertex -25.189132690429688 22.499996185302734 5.888351917266846
    vertex -26.07275390625 22.499996185302734 7.305044174194336
    vertex -26.713134765625 22.499996185302734 6.9689483642578125
  endloop
endfacet
facet normal 0.0 0.0 0.0
  outer loop
    vertex -25.189132690429688 22.499996185302734 5.888351917266846
    vertex -26.713134765625 22.499996185302734 6.9689483642578125
    vertex -25.53757667541504 22.499996185302734 5.7963547706604
  endloop
endfacet
facet normal 0.0 0.0 0.0
  outer loop
    vertex -25.53757667541504 22.499996185302734 5.7963547706604
    vertex -26.713134765625 22.499996185302734 6.9689483642578125
    vertex -27.254470825195312 22.499996185302734 6.4893646240234375
  endloop
endfacet
facet normal 0.0 0.0 0.0
  outer loop
    vertex -25.53757667541504 22.499996185302734 5.7963547706604
    vertex -27.254470825195312 22.499996185302734 6.4893646240234375
    vertex -25.85099220275879 22.499996185302734 5.618454456329346
  endloop
endfacet
facet normal 0.0 0.0 0.0
  outer loop
    vertex -25.85099220275879 22.499996185302734 5.618454456329346
    vertex -27.254470825195312 22.499996185302734 6.4893646240234375
    vertex -27.665307998657227 22.499996185302734 5.8941650390625
  endloop
endfacet
facet normal 0.0 0.0 0.0
  outer loop
    vertex -25.85099220275879 22.499996185302734 5.618454456329346
    vertex -27.665307998657227 22.499996185302734 5.8941650390625
    vertex -26.10860824584961 22.499996185302734 5.3664422035217285
  endloop
endfacet
facet normal 0.0 0.0 0.0
  outer loop
    vertex -26.10860824584961 22.499996185302734 5.3664422035217285
    vertex -27.665307998657227 22.499996185302734 5.8941650390625
    vertex -27.921764373779297 22.499996185302734 5.21794319152832
  endloop
endfacet
facet normal 0.0 0.0 0.0
  outer loop
    vertex -26.10860824584961 22.499996185302734 5.3664422035217285
    vertex -27.921764373779297 22.499996185302734 5.21794319152832
    vertex -26.293357849121094 22.499996185302734 5.0570149421691895
  endloop
endfacet
facet normal 0.0 0.0 0.0
  outer loop
    vertex -26.293357849121094 22.499996185302734 5.0570149421691895
    vertex -27.921764373779297 22.499996185302734 5.21794319152832
    vertex -26.39299774169922 22.499996185302734 4.710678577423096
  endloop
endfacet
facet normal 0.0 0.0 0.0
  outer loop
    vertex -26.39299774169922 22.499996185302734 4.710678577423096
    vertex -27.921764373779297 22.499996185302734 5.21794319152832
    vertex -28.008939743041992 22.499996185302734 4.499996662139893
  endloop
endfacet
facet normal 0.0 0.0 0.0
  outer loop
    vertex -26.39299774169922 22.499996185302734 4.710678577423096
    vertex -28.008939743041992 22.499996185302734 4.499996662139893
    vertex -26.400920867919922 22.499996185302734 4.3503804206848145
  endloop
endfacet
facet normal 0.0 0.0 0.0
  outer loop
    vertex -26.400920867919922 22.499996185302734 4.3503804206848145
    vertex -28.008939743041992 22.499996185302734 4.499996662139893
    vertex -28.008939743041992 22.499996185302734 3.9999964237213135
  endloop
endfacet
facet normal 0.0 0.0 0.0
  outer loop
    vertex -26.400920867919922 22.499996185302734 4.3503804206848145
    vertex -28.008939743041992 22.499996185302734 3.9999964237213135
    vertex -26.316608428955078 22.499996185302734 3.9999966621398926
  endloop
endfacet
facet normal 0.0 0.0 0.0
  outer loop
    vertex -39.73276138305664 -10.004085540771484 8.372093200683594
    vertex -40.00893783569336 -10.00168228149414 8.399993896484375
    vertex -40.00893783569336 -6.975920677185059 8.399993896484375
  endloop
endfacet
facet normal 0.0 0.0 0.0
  outer loop
    vertex -40.00893783569336 -6.975920677185059 8.399993896484375
    vertex -40.00893783569336 -10.00168228149414 8.399993896484375
    vertex -40.28516387939453 -10.0040864944458 8.372087478637695
  endloop
endfacet
facet normal 0.0 0.0 0.0
  outer loop
    vertex -40.00893783569336 -6.975920677185059 8.399993896484375
    vertex -40.28516387939453 -10.0040864944458 8.372087478637695
    vertex -40.37128829956055 -6.975920677185059 8.352291107177734
  endloop
endfacet
facet normal 0.0 0.0 0.0
  outer loop
    vertex -40.37128829956055 -6.975920677185059 8.352291107177734
    vertex -40.28516387939453 -10.0040864944458 8.372087478637695
    vertex -40.55805969238281 -10.012245178222656 8.287803649902344
  endloop
endfacet
facet normal 0.0 0.0 0.0
  outer loop
    vertex -40.37128829956055 -6.975920677185059 8.352291107177734
    vertex -40.55805969238281 -10.012245178222656 8.287803649902344
    vertex -40.70893859863281 -6.975920677185059 8.21242904663086
  endloop
endfacet
facet normal 0.0 0.0 0.0
  outer loop
    vertex -40.70893859863281 -6.975920677185059 8.21242904663086
    vertex -40.55805969238281 -10.012245178222656 8.287803649902344
    vertex -40.807186126708984 -10.027785301208496 8.149665832519531
  endloop
endfacet
facet normal 0.0 0.0 0.0
  outer loop
    vertex -40.70893859863281 -6.975920677185059 8.21242904663086
    vertex -40.807186126708984 -10.027785301208496 8.149665832519531
    vertex -40.9988899230957 -6.975920677185059 7.9899444580078125
  endloop
endfacet
facet normal 0.0 0.0 0.0
  outer loop
    vertex -40.9988899230957 -6.975920677185059 7.9899444580078125
    vertex -40.807186126708984 -10.027785301208496 8.149665832519531
    vertex -41.01699447631836 -10.051895141601562 7.971477508544922
  endloop
endfacet
facet normal 0.0 0.0 0.0
  outer loop
    vertex -40.9988899230957 -6.975920677185059 7.9899444580078125
    vertex -41.01699447631836 -10.051895141601562 7.971477508544922
    vertex -41.18784713745117 -10.087696075439453 7.754360198974609
  endloop
endfacet
facet normal 0.0 0.0 0.0
  outer loop
    vertex -40.9988899230957 -6.975920677185059 7.9899444580078125
    vertex -41.18784713745117 -10.087696075439453 7.754360198974609
    vertex -41.22137451171875 -6.975920677185059 7.699995040893555
  endloop
endfacet
facet normal 0.0 0.0 0.0
  outer loop
    vertex -41.22137451171875 -6.975920677185059 7.699995040893555
    vertex -41.18784713745117 -10.087696075439453 7.754360198974609
    vertex -41.315223693847656 -10.137748718261719 7.503557205200195
  endloop
endfacet
facet normal 0.0 0.0 0.0
  outer loop
    vertex -41.22137451171875 -6.975920677185059 7.699995040893555
    vertex -41.315223693847656 -10.137748718261719 7.503557205200195
    vertex -41.361236572265625 -6.975920677185059 7.362340927124023
  endloop
endfacet
facet normal 0.0 0.0 0.0
  outer loop
    vertex -41.361236572265625 -6.975920677185059 7.362340927124023
    vertex -41.315223693847656 -10.137748718261719 7.503557205200195
    vertex -41.388607025146484 -10.202091217041016 7.23552131652832
  endloop
endfacet
facet normal 0.0 0.0 0.0
  outer loop
    vertex -41.361236572265625 -6.975920677185059 7.362340927124023
    vertex -41.388607025146484 -10.202091217041016 7.23552131652832
    vertex -41.408939361572266 -6.975920677185059 6.999994277954102
  endloop
endfacet
facet normal 0.0 0.0 0.0
  outer loop
    vertex -41.408939361572266 -6.975920677185059 6.999994277954102
    vertex -41.388607025146484 -10.202091217041016 7.23552131652832
    vertex -41.408607482910156 -10.276686668395996 6.970170974731445
  endloop
endfacet
facet normal 0.0 0.0 0.0
  outer loop
    vertex -41.408939361572266 -6.975920677185059 6.999994277954102
    vertex -41.408607482910156 -10.276686668395996 6.970170974731445
    vertex -41.37752151489258 -10.362367630004883 6.706748962402344
  endloop
endfacet
facet normal 0.0 0.0 0.0
  outer loop
    vertex -41.408939361572266 -6.975920677185059 6.999994277954102
    vertex -41.37752151489258 -10.362367630004883 6.706748962402344
    vertex -41.361236572265625 -6.975920677185059 6.63764762878418
  endloop
endfacet
facet normal 0.0 0.0 0.0
  outer loop
    vertex -41.361236572265625 -6.975920677185059 6.63764762878418
    vertex -41.37752151489258 -10.362367630004883 6.706748962402344
    vertex -41.296016693115234 -10.457242012023926 6.449146270751953
  endloop
endfacet
facet normal 0.0 0.0 0.0
  outer loop
    vertex -41.361236572265625 -6.975920677185059 6.63764762878418
    vertex -41.296016693115234 -10.457242012023926 6.449146270751953
    vertex -41.22137451171875 -6.975920677185059 6.299993515014648
  endloop
endfacet
facet normal 0.0 0.0 0.0
  outer loop
    vertex -41.22137451171875 -6.975920677185059 6.299993515014648
    vertex -41.296016693115234 -10.457242012023926 6.449146270751953
    vertex -41.166446685791016 -10.554698944091797 6.213064193725586
  endloop
endfacet
facet normal 0.0 0.0 0.0
  outer loop
    vertex -41.22137451171875 -6.975920677185059 6.299993515014648
    vertex -41.166446685791016 -10.554698944091797 6.213064193725586
    vertex -40.9988899230957 -6.975920677185059 6.010044574737549
  endloop
endfacet
facet normal 0.0 0.0 0.0
  outer loop
    vertex -40.9988899230957 -6.975920677185059 6.010044574737549
    vertex -41.166446685791016 -10.554698944091797 6.213064193725586
    vertex -40.999061584472656 -10.646522521972656 6.010229587554932
  endloop
endfacet
facet normal 0.0 0.0 0.0
  outer loop
    vertex -40.9988899230957 -6.975920677185059 6.010044574737549
    vertex -40.999061584472656 -10.646522521972656 6.010229587554932
    vertex -40.79503631591797 -10.728836059570312 5.841946125030518
  endloop
endfacet
facet normal 0.0 0.0 0.0
  outer loop
    vertex -40.9988899230957 -6.975920677185059 6.010044574737549
    vertex -40.79503631591797 -10.728836059570312 5.841946125030518
    vertex -40.70893859863281 -6.975920677185059 5.787559986114502
  endloop
endfacet
facet normal 0.0 0.0 0.0
  outer loop
    vertex -40.70893859863281 -6.975920677185059 5.787559986114502
    vertex -40.79503631591797 -10.728836059570312 5.841946125030518
    vertex -40.551944732666016 -10.797470092773438 5.709593296051025
  endloop
endfacet
facet normal 0.0 0.0 0.0
  outer loop
    vertex -40.70893859863281 -6.975920677185059 5.787559986114502
    vertex -40.551944732666016 -10.797470092773438 5.709593296051025
    vertex -40.37128829956055 -6.975920677185059 5.647697925567627
  endloop
endfacet
facet normal 0.0 0.0 0.0
  outer loop
    vertex -40.37128829956055 -6.975920677185059 5.647697925567627
    vertex -40.551944732666016 -10.797470092773438 5.709593296051025
    vertex -40.2834587097168 -10.841789245605469 5.627567768096924
  endloop
endfacet
facet normal 0.0 0.0 0.0
  outer loop
    vertex -40.37128829956055 -6.975920677185059 5.647697925567627
    vertex -40.2834587097168 -10.841789245605469 5.627567768096924
    vertex -40.00893783569336 -6.975920677185059 5.599995136260986
  endloop
endfacet
facet normal 0.0 0.0 0.0
  outer loop
    vertex -40.00893783569336 -6.975920677185059 5.599995136260986
    vertex -40.2834587097168 -10.841789245605469 5.627567768096924
    vertex -40.00887680053711 -10.857097625732422 5.599995136260986
  endloop
endfacet
facet normal 0.0 0.0 0.0
  outer loop
    vertex -40.00893783569336 -6.975920677185059 5.599995136260986
    vertex -40.00887680053711 -10.857097625732422 5.599995136260986
    vertex -39.734596252441406 -10.841796875 5.62754487991333
  endloop
endfacet
facet normal 0.0 0.0 0.0
  outer loop
    vertex -40.00893783569336 -6.975920677185059 5.599995136260986
    vertex -39.734596252441406 -10.841796875 5.62754487991333
    vertex -39.6465950012207 -6.975920677185059 5.647697925567627
  endloop
endfacet
facet normal 0.0 0.0 0.0
  outer loop
    vertex -39.6465950012207 -6.975920677185059 5.647697925567627
    vertex -39.734596252441406 -10.841796875 5.62754487991333
    vertex -39.46654510498047 -10.797608375549316 5.70933198928833
  endloop
endfacet
facet normal 0.0 0.0 0.0
  outer loop
    vertex -39.6465950012207 -6.975920677185059 5.647697925567627
    vertex -39.46654510498047 -10.797608375549316 5.70933198928833
    vertex -39.30894088745117 -6.975920677185059 5.787559986114502
  endloop
endfacet
facet normal 0.0 0.0 0.0
  outer loop
    vertex -39.30894088745117 -6.975920677185059 5.787559986114502
    vertex -39.46654510498047 -10.797608375549316 5.70933198928833
    vertex -39.22353744506836 -10.729068756103516 5.841494083404541
  endloop
endfacet
facet normal 0.0 0.0 0.0
  outer loop
    vertex -39.30894088745117 -6.975920677185059 5.787559986114502
    vertex -39.22353744506836 -10.729068756103516 5.841494083404541
    vertex -39.01898956298828 -6.975920677185059 6.010044574737549
  endloop
endfacet
facet normal 0.0 0.0 0.0
  outer loop
    vertex -39.01898956298828 -6.975920677185059 6.010044574737549
    vertex -39.22353744506836 -10.729068756103516 5.841494083404541
    vertex -39.01887130737305 -10.646551132202148 6.010164737701416
  endloop
endfacet
facet normal 0.0 0.0 0.0
  outer loop
    vertex -39.01898956298828 -6.975920677185059 6.010044574737549
    vertex -39.01887130737305 -10.646551132202148 6.010164737701416
    vertex -38.85187911987305 -10.554986000061035 6.212399005889893
  endloop
endfacet
facet normal 0.0 0.0 0.0
  outer loop
    vertex -39.01898956298828 -6.975920677185059 6.010044574737549
    vertex -38.85187911987305 -10.554986000061035 6.212399005889893
    vertex -38.796504974365234 -6.975920677185059 6.299993991851807
  endloop
endfacet
facet normal 0.0 0.0 0.0
  outer loop
    vertex -38.796504974365234 -6.975920677185059 6.299993991851807
    vertex -38.85187911987305 -10.554986000061035 6.212399005889893
    vertex -38.722137451171875 -10.457489967346191 6.44851541519165
  endloop
endfacet
facet normal 0.0 0.0 0.0
  outer loop
    vertex -38.796504974365234 -6.975920677185059 6.299993991851807
    vertex -38.722137451171875 -10.457489967346191 6.44851541519165
    vertex -38.65664291381836 -6.975920677185059 6.637648105621338
  endloop
endfacet
facet normal 0.0 0.0 0.0
  outer loop
    vertex -38.65664291381836 -6.975920677185059 6.637648105621338
    vertex -38.722137451171875 -10.457489967346191 6.44851541519165
    vertex -38.64040756225586 -10.362459182739258 6.70646333694458
  endloop
endfacet
facet normal 0.0 0.0 0.0
  outer loop
    vertex -38.65664291381836 -6.975920677185059 6.637648105621338
    vertex -38.64040756225586 -10.362459182739258 6.70646333694458
    vertex -38.60894012451172 -6.975920677185059 6.99999475479126
  endloop
endfacet
facet normal 0.0 0.0 0.0
  outer loop
    vertex -38.60894012451172 -6.975920677185059 6.99999475479126
    vertex -38.64040756225586 -10.362459182739258 6.70646333694458
    vertex -38.60927200317383 -10.276688575744629 6.970163822174072
  endloop
endfacet
facet normal 0.0 0.0 0.0
  outer loop
    vertex -38.60894012451172 -6.975920677185059 6.99999475479126
    vertex -38.60927200317383 -10.276688575744629 6.970163822174072
    vertex -38.629276275634766 -10.202082633972168 7.2355523109436035
  endloop
endfacet
facet normal 0.0 0.0 0.0
  outer loop
    vertex -38.60894012451172 -6.975920677185059 6.99999475479126
    vertex -38.629276275634766 -10.202082633972168 7.2355523109436035
    vertex -38.65664291381836 -6.975920677185059 7.362341403961182
  endloop
endfacet
facet normal 0.0 0.0 0.0
  outer loop
    vertex -38.65664291381836 -6.975920677185059 7.362341403961182
    vertex -38.629276275634766 -10.202082633972168 7.2355523109436035
    vertex -38.70269012451172 -10.137727737426758 7.503653049468994
  endloop
endfacet
facet normal 0.0 0.0 0.0
  outer loop
    vertex -38.65664291381836 -6.975920677185059 7.362341403961182
    vertex -38.70269012451172 -10.137727737426758 7.503653049468994
    vertex -38.796504974365234 -6.975920677185059 7.699995517730713
  endloop
endfacet
facet normal 0.0 0.0 0.0
  outer loop
    vertex -38.796504974365234 -6.975920677185059 7.699995517730713
    vertex -38.70269012451172 -10.137727737426758 7.503653049468994
    vertex -38.83010482788086 -10.087675094604492 7.754477024078369
  endloop
endfacet
facet normal 0.0 0.0 0.0
  outer loop
    vertex -38.796504974365234 -6.975920677185059 7.699995517730713
    vertex -38.83010482788086 -10.087675094604492 7.754477024078369
    vertex -39.01898956298828 -6.975920677185059 7.9899444580078125
  endloop
endfacet
facet normal 0.0 0.0 0.0
  outer loop
    vertex -39.01898956298828 -6.975920677185059 7.9899444580078125
    vertex -38.83010482788086 -10.087675094604492 7.754477024078369
    vertex -39.000911712646484 -10.05189037322998 7.971508026123047
  endloop
endfacet
facet normal 0.0 0.0 0.0
  outer loop
    vertex -39.01898956298828 -6.975920677185059 7.9899444580078125
    vertex -39.000911712646484 -10.05189037322998 7.971508026123047
    vertex -39.21080780029297 -10.027776718139648 8.149742126464844
  endloop
endfacet
facet normal 0.0 0.0 0.0
  outer loop
    vertex -39.01898956298828 -6.975920677185059 7.9899444580078125
    vertex -39.21080780029297 -10.027776718139648 8.149742126464844
    vertex -39.30894088745117 -6.975920677185059 8.21242904663086
  endloop
endfacet
facet normal 0.0 0.0 0.0
  outer loop
    vertex -39.30894088745117 -6.975920677185059 8.21242904663086
    vertex -39.21080780029297 -10.027776718139648 8.149742126464844
    vertex -39.45992660522461 -10.012239456176758 8.287851333618164
  endloop
endfacet
facet normal 0.0 0.0 0.0
  outer loop
    vertex -39.30894088745117 -6.975920677185059 8.21242904663086
    vertex -39.45992660522461 -10.012239456176758 8.287851333618164
    vertex -39.6465950012207 -6.975920677185059 8.352291107177734
  endloop
endfacet
facet normal 0.0 0.0 0.0
  outer loop
    vertex -39.6465950012207 -6.975920677185059 8.352291107177734
    vertex -39.45992660522461 -10.012239456176758 8.287851333618164
    vertex -39.73276138305664 -10.004085540771484 8.372093200683594
  endloop
endfacet
facet normal 0.0 0.0 0.0
  outer loop
    vertex -39.6465950012207 -6.975920677185059 8.352291107177734
    vertex -39.73276138305664 -10.004085540771484 8.372093200683594
    vertex -40.00893783569336 -6.975920677185059 8.399993896484375
  endloop
endfacet
facet normal 0.0 0.0 0.0
  outer loop
    vertex 0.2672770917415619 -10.0040864944458 8.372093200683594
    vertex -0.0089412871748209 -10.00168228149414 8.399999618530273
    vertex -0.0089412871748209 -6.975920677185059 8.399999618530273
  endloop
endfacet
facet normal 0.0 0.0 0.0
  outer loop
    vertex -0.0089412871748209 -6.975920677185059 8.399999618530273
    vertex -0.0089412871748209 -10.00168228149414 8.399999618530273
    vertex -0.2851634919643402 -10.0040864944458 8.372093200683594
  endloop
endfacet
facet normal 0.0 0.0 0.0
  outer loop
    vertex -0.0089412871748209 -6.975920677185059 8.399999618530273
    vertex -0.2851634919643402 -10.0040864944458 8.372093200683594
    vertex -0.37129172682762146 -6.975920677185059 8.352296829223633
  endloop
endfacet
facet normal 0.0 0.0 0.0
  outer loop
    vertex -0.37129172682762146 -6.975920677185059 8.352296829223633
    vertex -0.2851634919643402 -10.0040864944458 8.372093200683594
    vertex -0.5580554604530334 -10.01224422454834 8.287813186645508
  endloop
endfacet
facet normal 0.0 0.0 0.0
  outer loop
    vertex -0.37129172682762146 -6.975920677185059 8.352296829223633
    vertex -0.5580554604530334 -10.01224422454834 8.287813186645508
    vertex -0.7089419960975647 -6.975920677185059 8.212434768676758
  endloop
endfacet
facet normal 0.0 0.0 0.0
  outer loop
    vertex -0.7089419960975647 -6.975920677185059 8.212434768676758
    vertex -0.5580554604530334 -10.01224422454834 8.287813186645508
    vertex -0.8071818351745605 -10.02778434753418 8.149679183959961
  endloop
endfacet
facet normal 0.0 0.0 0.0
  outer loop
    vertex -0.7089419960975647 -6.975920677185059 8.212434768676758
    vertex -0.8071818351745605 -10.02778434753418 8.149679183959961
    vertex -0.9988932013511658 -6.975920677185059 7.989949703216553
  endloop
endfacet
facet normal 0.0 0.0 0.0
  outer loop
    vertex -0.9988932013511658 -6.975920677185059 7.989949703216553
    vertex -0.8071818351745605 -10.02778434753418 8.149679183959961
    vertex -1.0169862508773804 -10.051894187927246 7.971494197845459
  endloop
endfacet
facet normal 0.0 0.0 0.0
  outer loop
    vertex -0.9988932013511658 -6.975920677185059 7.989949703216553
    vertex -1.0169862508773804 -10.051894187927246 7.971494197845459
    vertex -1.1878389120101929 -10.087693214416504 7.754382610321045
  endloop
endfacet
facet normal 0.0 0.0 0.0
  outer loop
    vertex -0.9988932013511658 -6.975920677185059 7.989949703216553
    vertex -1.1878389120101929 -10.087693214416504 7.754382610321045
    vertex -1.2213777303695679 -6.975920677185059 7.700000286102295
  endloop
endfacet
facet normal 0.0 0.0 0.0
  outer loop
    vertex -1.2213777303695679 -6.975920677185059 7.700000286102295
    vertex -1.1878389120101929 -10.087693214416504 7.754382610321045
    vertex -1.3152192831039429 -10.137743949890137 7.503585338592529
  endloop
endfacet
facet normal 0.0 0.0 0.0
  outer loop
    vertex -1.2213777303695679 -6.975920677185059 7.700000286102295
    vertex -1.3152192831039429 -10.137743949890137 7.503585338592529
    vertex -1.3612397909164429 -6.975920677185059 7.362346172332764
  endloop
endfacet
facet normal 0.0 0.0 0.0
  outer loop
    vertex -1.3612397909164429 -6.975920677185059 7.362346172332764
    vertex -1.3152192831039429 -10.137743949890137 7.503585338592529
    vertex -1.388606309890747 -10.202083587646484 7.235555171966553
  endloop
endfacet
facet normal 0.0 0.0 0.0
  outer loop
    vertex -1.3612397909164429 -6.975920677185059 7.362346172332764
    vertex -1.388606309890747 -10.202083587646484 7.235555171966553
    vertex -1.408942461013794 -6.975920677185059 6.999999523162842
  endloop
endfacet
facet normal 0.0 0.0 0.0
  outer loop
    vertex -1.408942461013794 -6.975920677185059 6.999999523162842
    vertex -1.388606309890747 -10.202083587646484 7.235555171966553
    vertex -1.4086105823516846 -10.276678085327148 6.9702067375183105
  endloop
endfacet
facet normal 0.0 0.0 0.0
  outer loop
    vertex -1.408942461013794 -6.975920677185059 6.999999523162842
    vertex -1.4086105823516846 -10.276678085327148 6.9702067375183105
    vertex -1.3775322437286377 -10.36235523223877 6.706789016723633
  endloop
endfacet
facet normal 0.0 0.0 0.0
  outer loop
    vertex -1.408942461013794 -6.975920677185059 6.999999523162842
    vertex -1.3775322437286377 -10.36235523223877 6.706789016723633
    vertex -1.3612396717071533 -6.975920677185059 6.637653350830078
  endloop
endfacet
facet normal 0.0 0.0 0.0
  outer loop
    vertex -1.3612396717071533 -6.975920677185059 6.637653350830078
    vertex -1.3775322437286377 -10.36235523223877 6.706789016723633
    vertex -1.2960350513458252 -10.45722770690918 6.449188232421875
  endloop
endfacet
facet normal 0.0 0.0 0.0
  outer loop
    vertex -1.3612396717071533 -6.975920677185059 6.637653350830078
    vertex -1.2960350513458252 -10.45722770690918 6.449188232421875
    vertex -1.2213774919509888 -6.975920677185059 6.299999237060547
  endloop
endfacet
facet normal 0.0 0.0 0.0
  outer loop
    vertex -1.2213774919509888 -6.975920677185059 6.299999237060547
    vertex -1.2960350513458252 -10.45722770690918 6.449188232421875
    vertex -1.1664725542068481 -10.554683685302734 6.213106155395508
  endloop
endfacet
facet normal 0.0 0.0 0.0
  outer loop
    vertex -1.2213774919509888 -6.975920677185059 6.299999237060547
    vertex -1.1664725542068481 -10.554683685302734 6.213106155395508
    vertex -0.9988929629325867 -6.975920677185059 6.010049819946289
  endloop
endfacet
facet normal 0.0 0.0 0.0
  outer loop
    vertex -0.9988929629325867 -6.975920677185059 6.010049819946289
    vertex -1.1664725542068481 -10.554683685302734 6.213106155395508
    vertex -0.9990989565849304 -10.646507263183594 6.01026725769043
  endloop
endfacet
facet normal 0.0 0.0 0.0
  outer loop
    vertex -0.9988929629325867 -6.975920677185059 6.010049819946289
    vertex -0.9990989565849304 -10.646507263183594 6.01026725769043
    vertex -0.7950813174247742 -10.728821754455566 5.84197998046875
  endloop
endfacet
facet normal 0.0 0.0 0.0
  outer loop
    vertex -0.9988929629325867 -6.975920677185059 6.010049819946289
    vertex -0.7950813174247742 -10.728821754455566 5.84197998046875
    vertex -0.7089416980743408 -6.975920677185059 5.787565231323242
  endloop
endfacet
facet normal 0.0 0.0 0.0
  outer loop
    vertex -0.7089416980743408 -6.975920677185059 5.787565231323242
    vertex -0.7950813174247742 -10.728821754455566 5.84197998046875
    vertex -0.5520011782646179 -10.79745864868164 5.709619522094727
  endloop
endfacet
facet normal 0.0 0.0 0.0
  outer loop
    vertex -0.7089416980743408 -6.975920677185059 5.787565231323242
    vertex -0.5520011782646179 -10.79745864868164 5.709619522094727
    vertex -0.3712913393974304 -6.975920677185059 5.647703170776367
  endloop
endfacet
facet normal 0.0 0.0 0.0
  outer loop
    vertex -0.3712913393974304 -6.975920677185059 5.647703170776367
    vertex -0.5520011782646179 -10.79745864868164 5.709619522094727
    vertex -0.2835227847099304 -10.841782569885254 5.627584457397461
  endloop
endfacet
facet normal 0.0 0.0 0.0
  outer loop
    vertex -0.3712913393974304 -6.975920677185059 5.647703170776367
    vertex -0.2835227847099304 -10.841782569885254 5.627584457397461
    vertex -0.008940914645791054 -6.975920677185059 5.600000381469727
  endloop
endfacet
facet normal 0.0 0.0 0.0
  outer loop
    vertex -0.008940914645791054 -6.975920677185059 5.600000381469727
    vertex -0.2835227847099304 -10.841782569885254 5.627584457397461
    vertex -0.008940914645791054 -10.857097625732422 5.600000381469727
  endloop
endfacet
facet normal 0.0 0.0 0.0
  outer loop
    vertex -0.008940914645791054 -6.975920677185059 5.600000381469727
    vertex -0.008940914645791054 -10.857097625732422 5.600000381469727
    vertex 0.2656371593475342 -10.841782569885254 5.627584457397461
  endloop
endfacet
facet normal 0.0 0.0 0.0
  outer loop
    vertex -0.008940914645791054 -6.975920677185059 5.600000381469727
    vertex 0.2656371593475342 -10.841782569885254 5.627584457397461
    vertex 0.3534057140350342 -6.975920677185059 5.647703170776367
  endloop
endfacet
facet normal 0.0 0.0 0.0
  outer loop
    vertex 0.3534057140350342 -6.975920677185059 5.647703170776367
    vertex 0.2656371593475342 -10.841782569885254 5.627584457397461
    vertex 0.5341154932975769 -10.79745864868164 5.709619522094727
  endloop
endfacet
facet normal 0.0 0.0 0.0
  outer loop
    vertex 0.3534057140350342 -6.975920677185059 5.647703170776367
    vertex 0.5341154932975769 -10.79745864868164 5.709619522094727
    vertex 0.6910558938980103 -6.975920677185059 5.787565231323242
  endloop
endfacet
facet normal 0.0 0.0 0.0
  outer loop
    vertex 0.6910558938980103 -6.975920677185059 5.787565231323242
    vertex 0.5341154932975769 -10.79745864868164 5.709619522094727
    vertex 0.7771955132484436 -10.728821754455566 5.84197998046875
  endloop
endfacet
facet normal 0.0 0.0 0.0
  outer loop
    vertex 0.6910558938980103 -6.975920677185059 5.787565231323242
    vertex 0.7771955132484436 -10.728821754455566 5.84197998046875
    vertex 0.9810071587562561 -6.975920677185059 6.010049819946289
  endloop
endfacet
facet normal 0.0 0.0 0.0
  outer loop
    vertex 0.9810071587562561 -6.975920677185059 6.010049819946289
    vertex 0.7771955132484436 -10.728821754455566 5.84197998046875
    vertex 0.9812131524085999 -10.646507263183594 6.01026725769043
  endloop
endfacet
facet normal 0.0 0.0 0.0
  outer loop
    vertex 0.9810071587562561 -6.975920677185059 6.010049819946289
    vertex 0.9812131524085999 -10.646507263183594 6.01026725769043
    vertex 1.1485868692398071 -10.554683685302734 6.213106155395508
  endloop
endfacet
facet normal 0.0 0.0 0.0
  outer loop
    vertex 0.9810071587562561 -6.975920677185059 6.010049819946289
    vertex 1.1485868692398071 -10.554683685302734 6.213106155395508
    vertex 1.2034918069839478 -6.975920677185059 6.299999237060547
  endloop
endfacet
facet normal 0.0 0.0 0.0
  outer loop
    vertex 1.2034918069839478 -6.975920677185059 6.299999237060547
    vertex 1.1485868692398071 -10.554683685302734 6.213106155395508
    vertex 1.278149127960205 -10.45722770690918 6.449188232421875
  endloop
endfacet
facet normal 0.0 0.0 0.0
  outer loop
    vertex 1.2034918069839478 -6.975920677185059 6.299999237060547
    vertex 1.278149127960205 -10.45722770690918 6.449188232421875
    vertex 1.3433537483215332 -6.975920677185059 6.637653350830078
  endloop
endfacet
facet normal 0.0 0.0 0.0
  outer loop
    vertex 1.3433537483215332 -6.975920677185059 6.637653350830078
    vertex 1.278149127960205 -10.45722770690918 6.449188232421875
    vertex 1.3596463203430176 -10.36235523223877 6.706789016723633
  endloop
endfacet
facet normal 0.0 0.0 0.0
  outer loop
    vertex 1.3433537483215332 -6.975920677185059 6.637653350830078
    vertex 1.3596463203430176 -10.36235523223877 6.706789016723633
    vertex 1.3910565376281738 -6.975920677185059 7.0
  endloop
endfacet
facet normal 0.0 0.0 0.0
  outer loop
    vertex 1.3910565376281738 -6.975920677185059 7.0
    vertex 1.3596463203430176 -10.36235523223877 6.706789016723633
    vertex 1.3907246589660645 -10.276678085327148 6.970207214355469
  endloop
endfacet
facet normal 0.0 0.0 0.0
  outer loop
    vertex 1.3910565376281738 -6.975920677185059 7.0
    vertex 1.3907246589660645 -10.276678085327148 6.970207214355469
    vertex 1.370720386505127 -10.202083587646484 7.235555648803711
  endloop
endfacet
facet normal 0.0 0.0 0.0
  outer loop
    vertex 1.3910565376281738 -6.975920677185059 7.0
    vertex 1.370720386505127 -10.202083587646484 7.235555648803711
    vertex 1.3433536291122437 -6.975920677185059 7.362346649169922
  endloop
endfacet
facet normal 0.0 0.0 0.0
  outer loop
    vertex 1.3433536291122437 -6.975920677185059 7.362346649169922
    vertex 1.370720386505127 -10.202083587646484 7.235555648803711
    vertex 1.2973331212997437 -10.137743949890137 7.5035858154296875
  endloop
endfacet
facet normal 0.0 0.0 0.0
  outer loop
    vertex 1.3433536291122437 -6.975920677185059 7.362346649169922
    vertex 1.2973331212997437 -10.137743949890137 7.5035858154296875
    vertex 1.2034915685653687 -6.975920677185059 7.700000762939453
  endloop
endfacet
facet normal 0.0 0.0 0.0
  outer loop
    vertex 1.2034915685653687 -6.975920677185059 7.700000762939453
    vertex 1.2973331212997437 -10.137743949890137 7.5035858154296875
    vertex 1.1699527502059937 -10.087693214416504 7.754383087158203
  endloop
endfacet
facet normal 0.0 0.0 0.0
  outer loop
    vertex 1.2034915685653687 -6.975920677185059 7.700000762939453
    vertex 1.1699527502059937 -10.087693214416504 7.754383087158203
    vertex 0.981006920337677 -6.975920677185059 7.989950180053711
  endloop
endfacet
facet normal 0.0 0.0 0.0
  outer loop
    vertex 0.981006920337677 -6.975920677185059 7.989950180053711
    vertex 1.1699527502059937 -10.087693214416504 7.754383087158203
    vertex 0.9991000294685364 -10.051894187927246 7.971494674682617
  endloop
endfacet
facet normal 0.0 0.0 0.0
  outer loop
    vertex 0.981006920337677 -6.975920677185059 7.989950180053711
    vertex 0.9991000294685364 -10.051894187927246 7.971494674682617
    vertex 0.7892954349517822 -10.02778434753418 8.149679183959961
  endloop
endfacet
facet normal 0.0 0.0 0.0
  outer loop
    vertex 0.981006920337677 -6.975920677185059 7.989950180053711
    vertex 0.7892954349517822 -10.02778434753418 8.149679183959961
    vertex 0.6910555958747864 -6.975920677185059 8.212434768676758
  endloop
endfacet
facet normal 0.0 0.0 0.0
  outer loop
    vertex 0.6910555958747864 -6.975920677185059 8.212434768676758
    vertex 0.7892954349517822 -10.02778434753418 8.149679183959961
    vertex 0.5401690602302551 -10.01224422454834 8.287813186645508
  endloop
endfacet
facet normal 0.0 0.0 0.0
  outer loop
    vertex 0.6910555958747864 -6.975920677185059 8.212434768676758
    vertex 0.5401690602302551 -10.01224422454834 8.287813186645508
    vertex 0.35340532660484314 -6.975920677185059 8.352296829223633
  endloop
endfacet
facet normal 0.0 0.0 0.0
  outer loop
    vertex 0.35340532660484314 -6.975920677185059 8.352296829223633
    vertex 0.5401690602302551 -10.01224422454834 8.287813186645508
    vertex 0.2672770917415619 -10.0040864944458 8.372093200683594
  endloop
endfacet
facet normal 0.0 0.0 0.0
  outer loop
    vertex 0.35340532660484314 -6.975920677185059 8.352296829223633
    vertex 0.2672770917415619 -10.0040864944458 8.372093200683594
    vertex -0.0089412871748209 -6.975920677185059 8.399999618530273
  endloop
endfacet
facet normal 0.0 0.0 0.0
  outer loop
    vertex 40.267269134521484 -10.0040864944458 8.372097969055176
    vertex 39.99105453491211 -10.00168228149414 8.400004386901855
    vertex 39.99105453491211 -6.975920677185059 8.400004386901855
  endloop
endfacet
facet normal 0.0 0.0 0.0
  outer loop
    vertex 39.99105453491211 -6.975920677185059 8.400004386901855
    vertex 39.99105453491211 -10.00168228149414 8.400004386901855
    vertex 39.7148323059082 -10.0040864944458 8.372097969055176
  endloop
endfacet
facet normal 0.0 0.0 0.0
  outer loop
    vertex 39.99105453491211 -6.975920677185059 8.400004386901855
    vertex 39.7148323059082 -10.0040864944458 8.372097969055176
    vertex 39.62870407104492 -6.975920677185059 8.352301597595215
  endloop
endfacet
facet normal 0.0 0.0 0.0
  outer loop
    vertex 39.62870407104492 -6.975920677185059 8.352301597595215
    vertex 39.7148323059082 -10.0040864944458 8.372097969055176
    vertex 39.44193649291992 -10.01224422454834 8.28781795501709
  endloop
endfacet
facet normal 0.0 0.0 0.0
  outer loop
    vertex 39.62870407104492 -6.975920677185059 8.352301597595215
    vertex 39.44193649291992 -10.01224422454834 8.28781795501709
    vertex 39.29104995727539 -6.975920677185059 8.21243953704834
  endloop
endfacet
facet normal 0.0 0.0 0.0
  outer loop
    vertex 39.29104995727539 -6.975920677185059 8.21243953704834
    vertex 39.44193649291992 -10.01224422454834 8.28781795501709
    vertex 39.192813873291016 -10.02778434753418 8.149683952331543
  endloop
endfacet
facet normal 0.0 0.0 0.0
  outer loop
    vertex 39.29104995727539 -6.975920677185059 8.21243953704834
    vertex 39.192813873291016 -10.02778434753418 8.149683952331543
    vertex 39.001102447509766 -6.975920677185059 7.989954948425293
  endloop
endfacet
facet normal 0.0 0.0 0.0
  outer loop
    vertex 39.001102447509766 -6.975920677185059 7.989954948425293
    vertex 39.192813873291016 -10.02778434753418 8.149683952331543
    vertex 38.98301315307617 -10.051894187927246 7.971499443054199
  endloop
endfacet
facet normal 0.0 0.0 0.0
  outer loop
    vertex 39.001102447509766 -6.975920677185059 7.989954948425293
    vertex 38.98301315307617 -10.051894187927246 7.971499443054199
    vertex 38.81216049194336 -10.087693214416504 7.754387855529785
  endloop
endfacet
facet normal 0.0 0.0 0.0
  outer loop
    vertex 39.001102447509766 -6.975920677185059 7.989954948425293
    vertex 38.81216049194336 -10.087693214416504 7.754387855529785
    vertex 38.77861404418945 -6.975920677185059 7.700005531311035
  endloop
endfacet
facet normal 0.0 0.0 0.0
  outer loop
    vertex 38.77861404418945 -6.975920677185059 7.700005531311035
    vertex 38.81216049194336 -10.087693214416504 7.754387855529785
    vertex 38.68478012084961 -10.137743949890137 7.5035905838012695
  endloop
endfacet
facet normal 0.0 0.0 0.0
  outer loop
    vertex 38.77861404418945 -6.975920677185059 7.700005531311035
    vertex 38.68478012084961 -10.137743949890137 7.5035905838012695
    vertex 38.63875961303711 -6.975920677185059 7.362351417541504
  endloop
endfacet
facet normal 0.0 0.0 0.0
  outer loop
    vertex 38.63875961303711 -6.975920677185059 7.362351417541504
    vertex 38.68478012084961 -10.137743949890137 7.5035905838012695
    vertex 38.611392974853516 -10.202083587646484 7.235560417175293
  endloop
endfacet
facet normal 0.0 0.0 0.0
  outer loop
    vertex 38.63875961303711 -6.975920677185059 7.362351417541504
    vertex 38.611392974853516 -10.202083587646484 7.235560417175293
    vertex 38.5910530090332 -6.975920677185059 7.000004768371582
  endloop
endfacet
facet normal 0.0 0.0 0.0
  outer loop
    vertex 38.5910530090332 -6.975920677185059 7.000004768371582
    vertex 38.611392974853516 -10.202083587646484 7.235560417175293
    vertex 38.59138870239258 -10.276678085327148 6.970211982727051
  endloop
endfacet
facet normal 0.0 0.0 0.0
  outer loop
    vertex 38.5910530090332 -6.975920677185059 7.000004768371582
    vertex 38.59138870239258 -10.276678085327148 6.970211982727051
    vertex 38.62246322631836 -10.36235523223877 6.706794261932373
  endloop
endfacet
facet normal 0.0 0.0 0.0
  outer loop
    vertex 38.5910530090332 -6.975920677185059 7.000004768371582
    vertex 38.62246322631836 -10.36235523223877 6.706794261932373
    vertex 38.63875961303711 -6.975920677185059 6.637658596038818
  endloop
endfacet
facet normal 0.0 0.0 0.0
  outer loop
    vertex 38.63875961303711 -6.975920677185059 6.637658596038818
    vertex 38.62246322631836 -10.36235523223877 6.706794261932373
    vertex 38.70396041870117 -10.45722770690918 6.449193477630615
  endloop
endfacet
facet normal 0.0 0.0 0.0
  outer loop
    vertex 38.63875961303711 -6.975920677185059 6.637658596038818
    vertex 38.70396041870117 -10.45722770690918 6.449193477630615
    vertex 38.77861404418945 -6.975920677185059 6.300004482269287
  endloop
endfacet
facet normal 0.0 0.0 0.0
  outer loop
    vertex 38.77861404418945 -6.975920677185059 6.300004482269287
    vertex 38.70396041870117 -10.45722770690918 6.449193477630615
    vertex 38.83352279663086 -10.554683685302734 6.213111400604248
  endloop
endfacet
facet normal 0.0 0.0 0.0
  outer loop
    vertex 38.77861404418945 -6.975920677185059 6.300004482269287
    vertex 38.83352279663086 -10.554683685302734 6.213111400604248
    vertex 39.001102447509766 -6.975920677185059 6.010055065155029
  endloop
endfacet
facet normal 0.0 0.0 0.0
  outer loop
    vertex 39.001102447509766 -6.975920677185059 6.010055065155029
    vertex 38.83352279663086 -10.554683685302734 6.213111400604248
    vertex 39.00089645385742 -10.646507263183594 6.01027250289917
  endloop
endfacet
facet normal 0.0 0.0 0.0
  outer loop
    vertex 39.001102447509766 -6.975920677185059 6.010055065155029
    vertex 39.00089645385742 -10.646507263183594 6.01027250289917
    vertex 39.20491409301758 -10.728821754455566 5.84198522567749
  endloop
endfacet
facet normal 0.0 0.0 0.0
  outer loop
    vertex 39.001102447509766 -6.975920677185059 6.010055065155029
    vertex 39.20491409301758 -10.728821754455566 5.84198522567749
    vertex 39.29104995727539 -6.975920677185059 5.787570476531982
  endloop
endfacet
facet normal 0.0 0.0 0.0
  outer loop
    vertex 39.29104995727539 -6.975920677185059 5.787570476531982
    vertex 39.20491409301758 -10.728821754455566 5.84198522567749
    vertex 39.447994232177734 -10.79745864868164 5.709624767303467
  endloop
endfacet
facet normal 0.0 0.0 0.0
  outer loop
    vertex 39.29104995727539 -6.975920677185059 5.787570476531982
    vertex 39.447994232177734 -10.79745864868164 5.709624767303467
    vertex 39.62870407104492 -6.975920677185059 5.647708415985107
  endloop
endfacet
facet normal 0.0 0.0 0.0
  outer loop
    vertex 39.62870407104492 -6.975920677185059 5.647708415985107
    vertex 39.447994232177734 -10.79745864868164 5.709624767303467
    vertex 39.71647262573242 -10.841782569885254 5.627589702606201
  endloop
endfacet
facet normal 0.0 0.0 0.0
  outer loop
    vertex 39.62870407104492 -6.975920677185059 5.647708415985107
    vertex 39.71647262573242 -10.841782569885254 5.627589702606201
    vertex 39.99105453491211 -6.975920677185059 5.600005626678467
  endloop
endfacet
facet normal 0.0 0.0 0.0
  outer loop
    vertex 39.99105453491211 -6.975920677185059 5.600005626678467
    vertex 39.71647262573242 -10.841782569885254 5.627589702606201
    vertex 39.99105453491211 -10.857097625732422 5.600005626678467
  endloop
endfacet
facet normal 0.0 0.0 0.0
  outer loop
    vertex 39.99105453491211 -6.975920677185059 5.600005626678467
    vertex 39.99105453491211 -10.857097625732422 5.600005626678467
    vertex 40.265628814697266 -10.841782569885254 5.627589702606201
  endloop
endfacet
facet normal 0.0 0.0 0.0
  outer loop
    vertex 39.99105453491211 -6.975920677185059 5.600005626678467
    vertex 40.265628814697266 -10.841782569885254 5.627589702606201
    vertex 40.353397369384766 -6.975920677185059 5.647708415985107
  endloop
endfacet
facet normal 0.0 0.0 0.0
  outer loop
    vertex 40.353397369384766 -6.975920677185059 5.647708415985107
    vertex 40.265628814697266 -10.841782569885254 5.627589702606201
    vertex 40.534114837646484 -10.79745864868164 5.709624767303467
  endloop
endfacet
facet normal 0.0 0.0 0.0
  outer loop
    vertex 40.353397369384766 -6.975920677185059 5.647708415985107
    vertex 40.534114837646484 -10.79745864868164 5.709624767303467
    vertex 40.6910514831543 -6.975920677185059 5.787570476531982
  endloop
endfacet
facet normal 0.0 0.0 0.0
  outer loop
    vertex 40.6910514831543 -6.975920677185059 5.787570476531982
    vertex 40.534114837646484 -10.79745864868164 5.709624767303467
    vertex 40.77718734741211 -10.728821754455566 5.84198522567749
  endloop
endfacet
facet normal 0.0 0.0 0.0
  outer loop
    vertex 40.6910514831543 -6.975920677185059 5.787570476531982
    vertex 40.77718734741211 -10.728821754455566 5.84198522567749
    vertex 40.98099899291992 -6.975920677185059 6.010055065155029
  endloop
endfacet
facet normal 0.0 0.0 0.0
  outer loop
    vertex 40.98099899291992 -6.975920677185059 6.010055065155029
    vertex 40.77718734741211 -10.728821754455566 5.84198522567749
    vertex 40.981204986572266 -10.646507263183594 6.01027250289917
  endloop
endfacet
facet normal 0.0 0.0 0.0
  outer loop
    vertex 40.98099899291992 -6.975920677185059 6.010055065155029
    vertex 40.981204986572266 -10.646507263183594 6.01027250289917
    vertex 41.14858627319336 -10.554683685302734 6.213111400604248
  endloop
endfacet
facet normal 0.0 0.0 0.0
  outer loop
    vertex 40.98099899291992 -6.975920677185059 6.010055065155029
    vertex 41.14858627319336 -10.554683685302734 6.213111400604248
    vertex 41.203487396240234 -6.975920677185059 6.300004482269287
  endloop
endfacet
facet normal 0.0 0.0 0.0
  outer loop
    vertex 41.203487396240234 -6.975920677185059 6.300004482269287
    vertex 41.14858627319336 -10.554683685302734 6.213111400604248
    vertex 41.278141021728516 -10.45722770690918 6.449193477630615
  endloop
endfacet
facet normal 0.0 0.0 0.0
  outer loop
    vertex 41.203487396240234 -6.975920677185059 6.300004482269287
    vertex 41.278141021728516 -10.45722770690918 6.449193477630615
    vertex 41.34334945678711 -6.975920677185059 6.637658596038818
  endloop
endfacet
facet normal 0.0 0.0 0.0
  outer loop
    vertex 41.34334945678711 -6.975920677185059 6.637658596038818
    vertex 41.278141021728516 -10.45722770690918 6.449193477630615
    vertex 41.35963821411133 -10.36235523223877 6.706794261932373
  endloop
endfacet
facet normal 0.0 0.0 0.0
  outer loop
    vertex 41.34334945678711 -6.975920677185059 6.637658596038818
    vertex 41.35963821411133 -10.36235523223877 6.706794261932373
    vertex 41.391056060791016 -6.975920677185059 7.00000524520874
  endloop
endfacet
facet normal 0.0 0.0 0.0
  outer loop
    vertex 41.391056060791016 -6.975920677185059 7.00000524520874
    vertex 41.35963821411133 -10.36235523223877 6.706794261932373
    vertex 41.39072036743164 -10.276678085327148 6.970212459564209
  endloop
endfacet
facet normal 0.0 0.0 0.0
  outer loop
    vertex 41.391056060791016 -6.975920677185059 7.00000524520874
    vertex 41.39072036743164 -10.276678085327148 6.970212459564209
    vertex 41.3707160949707 -10.202083587646484 7.235560894012451
  endloop
endfacet
facet normal 0.0 0.0 0.0
  outer loop
    vertex 41.391056060791016 -6.975920677185059 7.00000524520874
    vertex 41.3707160949707 -10.202083587646484 7.235560894012451
    vertex 41.34334945678711 -6.975920677185059 7.362351894378662
  endloop
endfacet
facet normal 0.0 0.0 0.0
  outer loop
    vertex 41.34334945678711 -6.975920677185059 7.362351894378662
    vertex 41.3707160949707 -10.202083587646484 7.235560894012451
    vertex 41.29732894897461 -10.137743949890137 7.503591060638428
  endloop
endfacet
facet normal 0.0 0.0 0.0
  outer loop
    vertex 41.34334945678711 -6.975920677185059 7.362351894378662
    vertex 41.29732894897461 -10.137743949890137 7.503591060638428
    vertex 41.203487396240234 -6.975920677185059 7.700006008148193
  endloop
endfacet
facet normal 0.0 0.0 0.0
  outer loop
    vertex 41.203487396240234 -6.975920677185059 7.700006008148193
    vertex 41.29732894897461 -10.137743949890137 7.503591060638428
    vertex 41.16994857788086 -10.087693214416504 7.754388332366943
  endloop
endfacet
facet normal 0.0 0.0 0.0
  outer loop
    vertex 41.203487396240234 -6.975920677185059 7.700006008148193
    vertex 41.16994857788086 -10.087693214416504 7.754388332366943
    vertex 40.98099899291992 -6.975920677185059 7.989955425262451
  endloop
endfacet
facet normal 0.0 0.0 0.0
  outer loop
    vertex 40.98099899291992 -6.975920677185059 7.989955425262451
    vertex 41.16994857788086 -10.087693214416504 7.754388332366943
    vertex 40.99909591674805 -10.051894187927246 7.971499919891357
  endloop
endfacet
facet normal 0.0 0.0 0.0
  outer loop
    vertex 40.98099899291992 -6.975920677185059 7.989955425262451
    vertex 40.99909591674805 -10.051894187927246 7.971499919891357
    vertex 40.78928756713867 -10.02778434753418 8.14968490600586
  endloop
endfacet
facet normal 0.0 0.0 0.0
  outer loop
    vertex 40.98099899291992 -6.975920677185059 7.989955425262451
    vertex 40.78928756713867 -10.02778434753418 8.14968490600586
    vertex 40.6910514831543 -6.975920677185059 8.212440490722656
  endloop
endfacet
facet normal 0.0 0.0 0.0
  outer loop
    vertex 40.6910514831543 -6.975920677185059 8.212440490722656
    vertex 40.78928756713867 -10.02778434753418 8.14968490600586
    vertex 40.540164947509766 -10.01224422454834 8.287818908691406
  endloop
endfacet
facet normal 0.0 0.0 0.0
  outer loop
    vertex 40.6910514831543 -6.975920677185059 8.212440490722656
    vertex 40.540164947509766 -10.01224422454834 8.287818908691406
    vertex 40.353397369384766 -6.975920677185059 8.352302551269531
  endloop
endfacet
facet normal 0.0 0.0 0.0
  outer loop
    vertex 40.353397369384766 -6.975920677185059 8.352302551269531
    vertex 40.540164947509766 -10.01224422454834 8.287818908691406
    vertex 40.267269134521484 -10.0040864944458 8.372097969055176
  endloop
endfacet
facet normal 0.0 0.0 0.0
  outer loop
    vertex 40.353397369384766 -6.975920677185059 8.352302551269531
    vertex 40.267269134521484 -10.0040864944458 8.372097969055176
    vertex 39.99105453491211 -6.975920677185059 8.400004386901855
  endloop
endfacet
facet normal 0.0 0.0 0.0
  outer loop
    vertex -47.68500518798828 -10.449166297912598 6.4698805809021
    vertex -47.4257926940918 -10.267716407775879 6.999993324279785
    vertex -48.31708526611328 -10.290273666381836 6.667265892028809
  endloop
endfacet
facet normal 0.0 0.0 0.0
  outer loop
    vertex -48.31708526611328 -10.290273666381836 6.667265892028809
    vertex -47.4257926940918 -10.267716407775879 6.999993324279785
    vertex -48.13434982299805 -10.121790885925293 7.167738914489746
  endloop
endfacet
facet normal 0.0 0.0 0.0
  outer loop
    vertex -48.31708526611328 -10.290273666381836 6.667265892028809
    vertex -48.13434982299805 -10.121790885925293 7.167738914489746
    vertex -48.650211334228516 -10.14914608001709 6.740645408630371
  endloop
endfacet
facet normal 0.0 0.0 0.0
  outer loop
    vertex -48.650211334228516 -10.14914608001709 6.740645408630371
    vertex -48.13434982299805 -10.121790885925293 7.167738914489746
    vertex -48.799495697021484 -9.808637619018555 7.272683143615723
  endloop
endfacet
facet normal 0.0 0.0 0.0
  outer loop
    vertex -48.650211334228516 -10.14914608001709 6.740645408630371
    vertex -48.799495697021484 -9.808637619018555 7.272683143615723
    vertex -48.96852493286133 -9.969887733459473 6.793784141540527
  endloop
endfacet
facet normal 0.0 0.0 0.0
  outer loop
    vertex -48.96852493286133 -9.969887733459473 6.793784141540527
    vertex -48.799495697021484 -9.808637619018555 7.272683143615723
    vertex -49.26734161376953 -9.755435943603516 6.826020240783691
  endloop
endfacet
facet normal 0.0 0.0 0.0
  outer loop
    vertex -48.96852493286133 -9.969887733459473 6.793784141540527
    vertex -49.26734161376953 -9.755435943603516 6.826020240783691
    vertex -49.201080322265625 -10.16187858581543 6.3161115646362305
  endloop
endfacet
facet normal 0.0 0.0 0.0
  outer loop
    vertex -49.201080322265625 -10.16187858581543 6.3161115646362305
    vertex -49.26734161376953 -9.755435943603516 6.826020240783691
    vertex -49.484535217285156 -9.951903343200684 6.350869178771973
  endloop
endfacet
facet normal 0.0 0.0 0.0
  outer loop
    vertex -49.201080322265625 -10.16187858581543 6.3161115646362305
    vertex -49.484535217285156 -9.951903343200684 6.350869178771973
    vertex -49.48162078857422 -10.395720481872559 5.841843605041504
  endloop
endfacet
facet normal 0.0 0.0 0.0
  outer loop
    vertex -49.48162078857422 -10.395720481872559 5.841843605041504
    vertex -49.484535217285156 -9.951903343200684 6.350869178771973
    vertex -49.74803924560547 -10.191582679748535 5.877558708190918
  endloop
endfacet
facet normal 0.0 0.0 0.0
  outer loop
    vertex -49.48162078857422 -10.395720481872559 5.841843605041504
    vertex -49.74803924560547 -10.191582679748535 5.877558708190918
    vertex -49.8106689453125 -10.672561645507812 5.3748579025268555
  endloop
endfacet
facet normal 0.0 0.0 0.0
  outer loop
    vertex -49.8106689453125 -10.672561645507812 5.3748579025268555
    vertex -49.74803924560547 -10.191582679748535 5.877558708190918
    vertex -50.05879211425781 -10.47575855255127 5.41007137298584
  endloop
endfacet
facet normal 0.0 0.0 0.0
  outer loop
    vertex -49.8106689453125 -10.672561645507812 5.3748579025268555
    vertex -50.05879211425781 -10.47575855255127 5.41007137298584
    vertex -50.188743591308594 -10.993545532226562 4.9190568923950195
  endloop
endfacet
facet normal 0.0 0.0 0.0
  outer loop
    vertex -50.188743591308594 -10.993545532226562 4.9190568923950195
    vertex -50.05879211425781 -10.47575855255127 5.41007137298584
    vertex -50.41773986816406 -10.805703163146973 4.95241641998291
  endloop
endfacet
facet normal 0.0 0.0 0.0
  outer loop
    vertex -50.188743591308594 -10.993545532226562 4.9190568923950195
    vertex -50.41773986816406 -10.805703163146973 4.95241641998291
    vertex -50.614906311035156 -11.358367919921875 4.480093955993652
  endloop
endfacet
facet normal 0.0 0.0 0.0
  outer loop
    vertex -50.614906311035156 -11.358367919921875 4.480093955993652
    vertex -50.41773986816406 -10.805703163146973 4.95241641998291
    vertex -50.82426834106445 -11.181136131286621 4.510563850402832
  endloop
endfacet
facet normal 0.0 0.0 0.0
  outer loop
    vertex -50.614906311035156 -11.358367919921875 4.480093955993652
    vertex -50.82426834106445 -11.181136131286621 4.510563850402832
    vertex -51.086097717285156 -11.764488220214844 4.063530921936035
  endloop
endfacet
facet normal 0.0 0.0 0.0
  outer loop
    vertex -51.086097717285156 -11.764488220214844 4.063530921936035
    vertex -50.82426834106445 -11.181136131286621 4.510563850402832
    vertex -51.27545166015625 -11.599403381347656 4.0904130935668945
  endloop
endfacet
facet normal 0.0 0.0 0.0
  outer loop
    vertex -51.086097717285156 -11.764488220214844 4.063530921936035
    vertex -51.27545166015625 -11.599403381347656 4.0904130935668945
    vertex -51.59919738769531 -12.209263801574707 3.674107551574707
  endloop
endfacet
facet normal 0.0 0.0 0.0
  outer loop
    vertex -51.59919738769531 -12.209263801574707 3.674107551574707
    vertex -51.27545166015625 -11.599403381347656 4.0904130935668945
    vertex -51.76830291748047 -12.057760238647461 3.696967124938965
  endloop
endfacet
facet normal 0.0 0.0 0.0
  outer loop
    vertex -51.59919738769531 -12.209263801574707 3.674107551574707
    vertex -51.76830291748047 -12.057760238647461 3.696967124938965
    vertex -52.35429000854492 -12.867616653442383 3.1990270614624023
  endloop
endfacet
facet normal 0.0 0.0 0.0
  outer loop
    vertex -52.35429000854492 -12.867616653442383 3.1990270614624023
    vertex -51.76830291748047 -12.057760238647461 3.696967124938965
    vertex -52.495845794677734 -12.736572265625 3.2162179946899414
  endloop
endfacet
facet normal 0.0 0.0 0.0
  outer loop
    vertex -52.35429000854492 -12.867616653442383 3.1990270614624023
    vertex -52.495845794677734 -12.736572265625 3.2162179946899414
    vertex -53.17182922363281 -13.584447860717773 2.7933549880981445
  endloop
endfacet
facet normal 0.0 0.0 0.0
  outer loop
    vertex -53.17182922363281 -13.584447860717773 2.7933549880981445
    vertex -52.495845794677734 -12.736572265625 3.2162179946899414
    vertex -53.285884857177734 -13.475994110107422 2.805161476135254
  endloop
endfacet
facet normal 0.0 0.0 0.0
  outer loop
    vertex -53.17182922363281 -13.584447860717773 2.7933549880981445
    vertex -53.285884857177734 -13.475994110107422 2.805161476135254
    vertex -54.080902099609375 -14.384942054748535 2.451962471008301
  endloop
endfacet
facet normal 0.0 0.0 0.0
  outer loop
    vertex -54.080902099609375 -14.384942054748535 2.451962471008301
    vertex -53.285884857177734 -13.475994110107422 2.805161476135254
    vertex -54.16629409790039 -14.3019380569458 2.458876609802246
  endloop
endfacet
facet normal 0.0 0.0 0.0
  outer loop
    vertex -54.080902099609375 -14.384942054748535 2.451962471008301
    vertex -54.16629409790039 -14.3019380569458 2.458876609802246
    vertex -55.03276824951172 -15.225772857666016 2.202681303024292
  endloop
endfacet
facet normal 0.0 0.0 0.0
  outer loop
    vertex -55.03276824951172 -15.225772857666016 2.202681303024292
    vertex -54.16629409790039 -14.3019380569458 2.458876609802246
    vertex -55.08960723876953 -15.169642448425293 2.2058398723602295
  endloop
endfacet
facet normal 0.0 0.0 0.0
  outer loop
    vertex -55.03276824951172 -15.225772857666016 2.202681303024292
    vertex -55.08960723876953 -15.169642448425293 2.2058398723602295
    vertex -56.01358413696289 -16.093975067138672 2.0510966777801514
  endloop
endfacet
facet normal 0.0 0.0 0.0
  outer loop
    vertex -56.01358413696289 -16.093975067138672 2.0510966777801514
    vertex -55.08960723876953 -15.169642448425293 2.2058398723602295
    vertex -56.04197692871094 -16.065670013427734 2.0519073009490967
  endloop
endfacet
facet normal 0.0 0.0 0.0
  outer loop
    vertex -56.01358413696289 -16.093975067138672 2.0510966777801514
    vertex -56.04197692871094 -16.065670013427734 2.0519073009490967
    vertex -57.008934020996094 -16.975921630859375 1.999992847442627
  endloop
endfacet
facet normal 0.0 0.0 0.0
  outer loop
    vertex -48.799495697021484 -9.808637619018555 7.272683143615723
    vertex -49.380462646484375 -9.347447395324707 7.308394432067871
    vertex -49.26734161376953 -9.755435943603516 6.826020240783691
  endloop
endfacet
facet normal 0.0 0.0 0.0
  outer loop
    vertex -49.26734161376953 -9.755435943603516 6.826020240783691
    vertex -49.380462646484375 -9.347447395324707 7.308394432067871
    vertex -49.54209899902344 -9.509081840515137 6.8368730545043945
  endloop
endfacet
facet normal 0.0 0.0 0.0
  outer loop
    vertex -49.26734161376953 -9.755435943603516 6.826020240783691
    vertex -49.54209899902344 -9.509081840515137 6.8368730545043945
    vertex -49.484535217285156 -9.951903343200684 6.350869178771973
  endloop
endfacet
facet normal 0.0 0.0 0.0
  outer loop
    vertex -49.484535217285156 -9.951903343200684 6.350869178771973
    vertex -49.54209899902344 -9.509081840515137 6.8368730545043945
    vertex -49.74708557128906 -9.714072227478027 6.362561225891113
  endloop
endfacet
facet normal 0.0 0.0 0.0
  outer loop
    vertex -49.484535217285156 -9.951903343200684 6.350869178771973
    vertex -49.74708557128906 -9.714072227478027 6.362561225891113
    vertex -49.74803924560547 -10.191582679748535 5.877558708190918
  endloop
endfacet
facet normal 0.0 0.0 0.0
  outer loop
    vertex -49.74803924560547 -10.191582679748535 5.877558708190918
    vertex -49.74708557128906 -9.714072227478027 6.362561225891113
    vertex -49.99678421020508 -9.963769912719727 5.88956356048584
  endloop
endfacet
facet normal 0.0 0.0 0.0
  outer loop
    vertex -49.74803924560547 -10.191582679748535 5.877558708190918
    vertex -49.99678421020508 -9.963769912719727 5.88956356048584
    vertex -50.05879211425781 -10.47575855255127 5.41007137298584
  endloop
endfacet
facet normal 0.0 0.0 0.0
  outer loop
    vertex -50.05879211425781 -10.47575855255127 5.41007137298584
    vertex -49.99678421020508 -9.963769912719727 5.88956356048584
    vertex -50.29240036010742 -10.259385108947754 5.4218950271606445
  endloop
endfacet
facet normal 0.0 0.0 0.0
  outer loop
    vertex -50.05879211425781 -10.47575855255127 5.41007137298584
    vertex -50.29240036010742 -10.259385108947754 5.4218950271606445
    vertex -50.41773986816406 -10.805703163146973 4.95241641998291
  endloop
endfacet
facet normal 0.0 0.0 0.0
  outer loop
    vertex -50.41773986816406 -10.805703163146973 4.95241641998291
    vertex -50.29240036010742 -10.259385108947754 5.4218950271606445
    vertex -50.6351318359375 -10.602118492126465 4.963608741760254
  endloop
endfacet
facet normal 0.0 0.0 0.0
  outer loop
    vertex -50.41773986816406 -10.805703163146973 4.95241641998291
    vertex -50.6351318359375 -10.602118492126465 4.963608741760254
    vertex -50.82426834106445 -11.181136131286621 4.510563850402832
  endloop
endfacet
facet normal 0.0 0.0 0.0
  outer loop
    vertex -50.82426834106445 -11.181136131286621 4.510563850402832
    vertex -50.6351318359375 -10.602118492126465 4.963608741760254
    vertex -51.024593353271484 -10.991578102111816 4.520777702331543
  endloop
endfacet
facet normal 0.0 0.0 0.0
  outer loop
    vertex -50.82426834106445 -11.181136131286621 4.510563850402832
    vertex -51.024593353271484 -10.991578102111816 4.520777702331543
    vertex -51.27545166015625 -11.599403381347656 4.0904130935668945
  endloop
endfacet
facet normal 0.0 0.0 0.0
  outer loop
    vertex -51.27545166015625 -11.599403381347656 4.0904130935668945
    vertex -51.024593353271484 -10.991578102111816 4.520777702331543
    vertex -51.4579963684082 -11.424982070922852 4.0994157791137695
  endloop
endfacet
facet normal 0.0 0.0 0.0
  outer loop
    vertex -51.27545166015625 -11.599403381347656 4.0904130935668945
    vertex -51.4579963684082 -11.424982070922852 4.0994157791137695
    vertex -51.76830291748047 -12.057760238647461 3.696967124938965
  endloop
endfacet
facet normal 0.0 0.0 0.0
  outer loop
    vertex -51.76830291748047 -12.057760238647461 3.696967124938965
    vertex -51.4579963684082 -11.424982070922852 4.0994157791137695
    vertex -51.93247985839844 -11.899466514587402 3.704615592956543
  endloop
endfacet
facet normal 0.0 0.0 0.0
  outer loop
    vertex -51.76830291748047 -12.057760238647461 3.696967124938965
    vertex -51.93247985839844 -11.899466514587402 3.704615592956543
    vertex -52.495845794677734 -12.736572265625 3.2162179946899414
  endloop
endfacet
facet normal 0.0 0.0 0.0
  outer loop
    vertex -52.495845794677734 -12.736572265625 3.2162179946899414
    vertex -51.93247985839844 -11.899466514587402 3.704615592956543
    vertex -52.63447570800781 -12.601458549499512 3.2219629287719727
  endloop
endfacet
facet normal 0.0 0.0 0.0
  outer loop
    vertex -52.495845794677734 -12.736572265625 3.2162179946899414
    vertex -52.63447570800781 -12.601458549499512 3.2219629287719727
    vertex -53.285884857177734 -13.475994110107422 2.805161476135254
  endloop
endfacet
facet normal 0.0 0.0 0.0
  outer loop
    vertex -53.285884857177734 -13.475994110107422 2.805161476135254
    vertex -52.63447570800781 -12.601458549499512 3.2219629287719727
    vertex -53.39838409423828 -13.36536693572998 2.8091039657592773
  endloop
endfacet
facet normal 0.0 0.0 0.0
  outer loop
    vertex -53.285884857177734 -13.475994110107422 2.805161476135254
    vertex -53.39838409423828 -13.36536693572998 2.8091039657592773
    vertex -54.16629409790039 -14.3019380569458 2.458876609802246
  endloop
endfacet
facet normal 0.0 0.0 0.0
  outer loop
    vertex -54.16629409790039 -14.3019380569458 2.458876609802246
    vertex -53.39838409423828 -13.36536693572998 2.8091039657592773
    vertex -54.25102233886719 -14.218006134033203 2.461184501647949
  endloop
endfacet
facet normal 0.0 0.0 0.0
  outer loop
    vertex -54.16629409790039 -14.3019380569458 2.458876609802246
    vertex -54.25102233886719 -14.218006134033203 2.461184501647949
    vertex -55.08960723876953 -15.169642448425293 2.2058398723602295
  endloop
endfacet
facet normal 0.0 0.0 0.0
  outer loop
    vertex -55.08960723876953 -15.169642448425293 2.2058398723602295
    vertex -54.25102233886719 -14.218006134033203 2.461184501647949
    vertex -55.1462516784668 -15.113235473632812 2.206892728805542
  endloop
endfacet
facet normal 0.0 0.0 0.0
  outer loop
    vertex -55.08960723876953 -15.169642448425293 2.2058398723602295
    vertex -55.1462516784668 -15.113235473632812 2.206892728805542
    vertex -56.04197692871094 -16.065670013427734 2.0519073009490967
  endloop
endfacet
facet normal 0.0 0.0 0.0
  outer loop
    vertex -56.04197692871094 -16.065670013427734 2.0519073009490967
    vertex -55.1462516784668 -15.113235473632812 2.206892728805542
    vertex -56.07034683227539 -16.037330627441406 2.0521762371063232
  endloop
endfacet
facet normal 0.0 0.0 0.0
  outer loop
    vertex -56.04197692871094 -16.065670013427734 2.0519073009490967
    vertex -56.07034683227539 -16.037330627441406 2.0521762371063232
    vertex -57.008934020996094 -16.975921630859375 1.999992847442627
  endloop
endfacet
facet normal 0.0 0.0 0.0
  outer loop
    vertex -49.54209899902344 -9.509081840515137 6.8368730545043945
    vertex -49.380462646484375 -9.347447395324707 7.308394432067871
    vertex -49.838226318359375 -9.170825958251953 6.82077693939209
  endloop
endfacet
facet normal 0.0 0.0 0.0
  outer loop
    vertex -49.838226318359375 -9.170825958251953 6.82077693939209
    vertex -49.380462646484375 -9.347447395324707 7.308394432067871
    vertex -49.841651916503906 -8.7664794921875 7.272683143615723
  endloop
endfacet
facet normal 0.0 0.0 0.0
  outer loop
    vertex -49.838226318359375 -9.170825958251953 6.82077693939209
    vertex -49.841651916503906 -8.7664794921875 7.272683143615723
    vertex -50.07476806640625 -8.817593574523926 6.776186943054199
  endloop
endfacet
facet normal 0.0 0.0 0.0
  outer loop
    vertex -50.07476806640625 -8.817593574523926 6.776186943054199
    vertex -49.841651916503906 -8.7664794921875 7.272683143615723
    vertex -50.154808044433594 -8.101335525512695 7.167738914489746
  endloop
endfacet
facet normal 0.0 0.0 0.0
  outer loop
    vertex -50.07476806640625 -8.817593574523926 6.776186943054199
    vertex -50.154808044433594 -8.101335525512695 7.167738914489746
    vertex -50.26251983642578 -8.44053840637207 6.703843116760254
  endloop
endfacet
facet normal 0.0 0.0 0.0
  outer loop
    vertex -50.26251983642578 -8.44053840637207 6.703843116760254
    vertex -50.154808044433594 -8.101335525512695 7.167738914489746
    vertex -50.397735595703125 -8.047266006469727 6.605202674865723
  endloop
endfacet
facet normal 0.0 0.0 0.0
  outer loop
    vertex -50.26251983642578 -8.44053840637207 6.703843116760254
    vertex -50.397735595703125 -8.047266006469727 6.605202674865723
    vertex -50.45624542236328 -8.701485633850098 6.219016075134277
  endloop
endfacet
facet normal 0.0 0.0 0.0
  outer loop
    vertex -50.45624542236328 -8.701485633850098 6.219016075134277
    vertex -50.397735595703125 -8.047266006469727 6.605202674865723
    vertex -50.60002899169922 -8.332297325134277 6.11234188079834
  endloop
endfacet
facet normal 0.0 0.0 0.0
  outer loop
    vertex -50.45624542236328 -8.701485633850098 6.219016075134277
    vertex -50.60002899169922 -8.332297325134277 6.11234188079834
    vertex -50.69005584716797 -9.013113021850586 5.741948127746582
  endloop
endfacet
facet normal 0.0 0.0 0.0
  outer loop
    vertex -50.69005584716797 -9.013113021850586 5.741948127746582
    vertex -50.60002899169922 -8.332297325134277 6.11234188079834
    vertex -50.84140396118164 -8.670098304748535 5.631987571716309
  endloop
endfacet
facet normal 0.0 0.0 0.0
  outer loop
    vertex -50.69005584716797 -9.013113021850586 5.741948127746582
    vertex -50.84140396118164 -8.670098304748535 5.631987571716309
    vertex -50.9644660949707 -9.375041007995605 5.276236534118652
  endloop
endfacet
facet normal 0.0 0.0 0.0
  outer loop
    vertex -50.9644660949707 -9.375041007995605 5.276236534118652
    vertex -50.84140396118164 -8.670098304748535 5.631987571716309
    vertex -51.12153244018555 -9.059467315673828 5.16745662689209
  endloop
endfacet
facet normal 0.0 0.0 0.0
  outer loop
    vertex -50.9644660949707 -9.375041007995605 5.276236534118652
    vertex -51.12153244018555 -9.059467315673828 5.16745662689209
    vertex -51.27998352050781 -9.786880493164062 4.825491905212402
  endloop
endfacet
facet normal 0.0 0.0 0.0
  outer loop
    vertex -51.27998352050781 -9.786880493164062 4.825491905212402
    vertex -51.12153244018555 -9.059467315673828 5.16745662689209
    vertex -51.440093994140625 -9.499195098876953 4.722077369689941
  endloop
endfacet
facet normal 0.0 0.0 0.0
  outer loop
    vertex -51.27998352050781 -9.786880493164062 4.825491905212402
    vertex -51.440093994140625 -9.499195098876953 4.722077369689941
    vertex -51.635982513427734 -10.247063636779785 4.394522666931152
  endloop
endfacet
facet normal 0.0 0.0 0.0
  outer loop
    vertex -51.635982513427734 -10.247063636779785 4.394522666931152
    vertex -51.440093994140625 -9.499195098876953 4.722077369689941
    vertex -51.79594421386719 -9.987161636352539 4.299750328063965
  endloop
endfacet
facet normal 0.0 0.0 0.0
  outer loop
    vertex -51.635982513427734 -10.247063636779785 4.394522666931152
    vertex -51.79594421386719 -9.987161636352539 4.299750328063965
    vertex -52.030025482177734 -10.752314567565918 3.9879350662231445
  endloop
endfacet
facet normal 0.0 0.0 0.0
  outer loop
    vertex -52.030025482177734 -10.752314567565918 3.9879350662231445
    vertex -51.79594421386719 -9.987161636352539 4.299750328063965
    vertex -52.186668395996094 -10.519932746887207 3.904047966003418
  endloop
endfacet
facet normal 0.0 0.0 0.0
  outer loop
    vertex -52.030025482177734 -10.752314567565918 3.9879350662231445
    vertex -52.186668395996094 -10.519932746887207 3.904047966003418
    vertex -52.459590911865234 -11.29931926727295 3.609744071960449
  endloop
endfacet
facet normal 0.0 0.0 0.0
  outer loop
    vertex -52.459590911865234 -11.29931926727295 3.609744071960449
    vertex -52.186668395996094 -10.519932746887207 3.904047966003418
    vertex -52.609764099121094 -11.09404468536377 3.5381784439086914
  endloop
endfacet
facet normal 0.0 0.0 0.0
  outer loop
    vertex -52.459590911865234 -11.29931926727295 3.609744071960449
    vertex -52.609764099121094 -11.09404468536377 3.5381784439086914
    vertex -53.09259796142578 -12.099660873413086 3.150545835494995
  endloop
endfacet
facet normal 0.0 0.0 0.0
  outer loop
    vertex -53.09259796142578 -12.099660873413086 3.150545835494995
    vertex -52.609764099121094 -11.09404468536377 3.5381784439086914
    vertex -53.22908020019531 -11.930130958557129 3.0965049266815186
  endloop
endfacet
facet normal 0.0 0.0 0.0
  outer loop
    vertex -53.09259796142578 -12.099660873413086 3.150545835494995
    vertex -53.22908020019531 -11.930130958557129 3.0965049266815186
    vertex -53.77900695800781 -12.961456298828125 2.760014533996582
  endloop
endfacet
facet normal 0.0 0.0 0.0
  outer loop
    vertex -53.77900695800781 -12.961456298828125 2.760014533996582
    vertex -53.22908020019531 -11.930130958557129 3.0965049266815186
    vertex -53.89637756347656 -12.82641315460205 2.722775459289551
  endloop
endfacet
facet normal 0.0 0.0 0.0
  outer loop
    vertex -53.77900695800781 -12.961456298828125 2.760014533996582
    vertex -53.89637756347656 -12.82641315460205 2.722775459289551
    vertex -54.54324722290039 -13.915849685668945 2.4324159622192383
  endloop
endfacet
facet normal 0.0 0.0 0.0
  outer loop
    vertex -54.54324722290039 -13.915849685668945 2.4324159622192383
    vertex -53.89637756347656 -12.82641315460205 2.722775459289551
    vertex -54.63583755493164 -13.815710067749023 2.4105422496795654
  endloop
endfacet
facet normal 0.0 0.0 0.0
  outer loop
    vertex -54.54324722290039 -13.915849685668945 2.4324159622192383
    vertex -54.63583755493164 -13.815710067749023 2.4105422496795654
    vertex -55.34431076049805 -14.912217140197754 2.1937434673309326
  endloop
endfacet
facet normal 0.0 0.0 0.0
  outer loop
    vertex -55.34431076049805 -14.912217140197754 2.1937434673309326
    vertex -54.63583755493164 -13.815710067749023 2.4105422496795654
    vertex -55.40824890136719 -14.84602165222168 2.1837317943573
  endloop
endfacet
facet normal 0.0 0.0 0.0
  outer loop
    vertex -55.34431076049805 -14.912217140197754 2.1937434673309326
    vertex -55.40824890136719 -14.84602165222168 2.1837317943573
    vertex -56.17034912109375 -15.936952590942383 2.0488040447235107
  endloop
endfacet
facet normal 0.0 0.0 0.0
  outer loop
    vertex -56.17034912109375 -15.936952590942383 2.0488040447235107
    vertex -55.40824890136719 -14.84602165222168 2.1837317943573
    vertex -56.20298767089844 -15.904025077819824 2.0462310314178467
  endloop
endfacet
facet normal 0.0 0.0 0.0
  outer loop
    vertex -56.17034912109375 -15.936952590942383 2.0488040447235107
    vertex -56.20298767089844 -15.904025077819824 2.0462310314178467
    vertex -57.008934020996094 -16.975921630859375 1.999992847442627
  endloop
endfacet
facet normal 0.0 0.0 0.0
  outer loop
    vertex -50.154808044433594 -8.101335525512695 7.167738914489746
    vertex -50.30073165893555 -7.392772197723389 6.999993324279785
    vertex -50.397735595703125 -8.047266006469727 6.605202674865723
  endloop
endfacet
facet normal 0.0 0.0 0.0
  outer loop
    vertex -50.397735595703125 -8.047266006469727 6.605202674865723
    vertex -50.30073165893555 -7.392772197723389 6.999993324279785
    vertex -50.482181549072266 -7.6519856452941895 6.469880104064941
  endloop
endfacet
facet normal 0.0 0.0 0.0
  outer loop
    vertex -50.397735595703125 -8.047266006469727 6.605202674865723
    vertex -50.482181549072266 -7.6519856452941895 6.469880104064941
    vertex -50.60002899169922 -8.332297325134277 6.11234188079834
  endloop
endfacet
facet normal 0.0 0.0 0.0
  outer loop
    vertex -50.60002899169922 -8.332297325134277 6.11234188079834
    vertex -50.482181549072266 -7.6519856452941895 6.469880104064941
    vertex -50.705448150634766 -7.970937728881836 5.955977439880371
  endloop
endfacet
facet normal 0.0 0.0 0.0
  outer loop
    vertex -50.60002899169922 -8.332297325134277 6.11234188079834
    vertex -50.705448150634766 -7.970937728881836 5.955977439880371
    vertex -50.84140396118164 -8.670098304748535 5.631987571716309
  endloop
endfacet
facet normal 0.0 0.0 0.0
  outer loop
    vertex -50.84140396118164 -8.670098304748535 5.631987571716309
    vertex -50.705448150634766 -7.970937728881836 5.955977439880371
    vertex -50.96910095214844 -8.34758472442627 5.461577415466309
  endloop
endfacet
facet normal 0.0 0.0 0.0
  outer loop
    vertex -50.84140396118164 -8.670098304748535 5.631987571716309
    vertex -50.96910095214844 -8.34758472442627 5.461577415466309
    vertex -51.12153244018555 -9.059467315673828 5.16745662689209
  endloop
endfacet
facet normal 0.0 0.0 0.0
  outer loop
    vertex -51.12153244018555 -9.059467315673828 5.16745662689209
    vertex -50.96910095214844 -8.34758472442627 5.461577415466309
    vertex -51.27145004272461 -8.77951431274414 4.9898481369018555
  endloop
endfacet
facet normal 0.0 0.0 0.0
  outer loop
    vertex -51.12153244018555 -9.059467315673828 5.16745662689209
    vertex -51.27145004272461 -8.77951431274414 4.9898481369018555
    vertex -51.440093994140625 -9.499195098876953 4.722077369689941
  endloop
endfacet
facet normal 0.0 0.0 0.0
  outer loop
    vertex -51.440093994140625 -9.499195098876953 4.722077369689941
    vertex -51.27145004272461 -8.77951431274414 4.9898481369018555
    vertex -51.61056137084961 -9.263957977294922 4.543810844421387
  endloop
endfacet
facet normal 0.0 0.0 0.0
  outer loop
    vertex -51.440093994140625 -9.499195098876953 4.722077369689941
    vertex -51.61056137084961 -9.263957977294922 4.543810844421387
    vertex -51.79594421386719 -9.987161636352539 4.299750328063965
  endloop
endfacet
facet normal 0.0 0.0 0.0
  outer loop
    vertex -51.79594421386719 -9.987161636352539 4.299750328063965
    vertex -51.61056137084961 -9.263957977294922 4.543810844421387
    vertex -51.98426055908203 -9.797812461853027 4.126326560974121
  endloop
endfacet
facet normal 0.0 0.0 0.0
  outer loop
    vertex -51.79594421386719 -9.987161636352539 4.299750328063965
    vertex -51.98426055908203 -9.797812461853027 4.126326560974121
    vertex -52.186668395996094 -10.519932746887207 3.904047966003418
  endloop
endfacet
facet normal 0.0 0.0 0.0
  outer loop
    vertex -52.186668395996094 -10.519932746887207 3.904047966003418
    vertex -51.98426055908203 -9.797812461853027 4.126326560974121
    vertex -52.39015197753906 -10.377657890319824 3.740065574645996
  endloop
endfacet
facet normal 0.0 0.0 0.0
  outer loop
    vertex -52.186668395996094 -10.519932746887207 3.904047966003418
    vertex -52.39015197753906 -10.377657890319824 3.740065574645996
    vertex -52.609764099121094 -11.09404468536377 3.5381784439086914
  endloop
endfacet
facet normal 0.0 0.0 0.0
  outer loop
    vertex -52.609764099121094 -11.09404468536377 3.5381784439086914
    vertex -52.39015197753906 -10.377657890319824 3.740065574645996
    vertex -52.82563781738281 -10.999777793884277 3.387507438659668
  endloop
endfacet
facet normal 0.0 0.0 0.0
  outer loop
    vertex -52.609764099121094 -11.09404468536377 3.5381784439086914
    vertex -52.82563781738281 -10.999777793884277 3.387507438659668
    vertex -53.22908020019531 -11.930130958557129 3.0965049266815186
  endloop
endfacet
facet normal 0.0 0.0 0.0
  outer loop
    vertex -53.22908020019531 -11.930130958557129 3.0965049266815186
    vertex -52.82563781738281 -10.999777793884277 3.387507438659668
    vertex -53.28792190551758 -11.660186767578125 3.070906400680542
  endloop
endfacet
facet normal 0.0 0.0 0.0
  outer loop
    vertex -53.22908020019531 -11.930130958557129 3.0965049266815186
    vertex -53.28792190551758 -11.660186767578125 3.070906400680542
    vertex -53.7740478515625 -12.354654312133789 2.7922964096069336
  endloop
endfacet
facet normal 0.0 0.0 0.0
  outer loop
    vertex -53.22908020019531 -11.930130958557129 3.0965049266815186
    vertex -53.7740478515625 -12.354654312133789 2.7922964096069336
    vertex -53.89637756347656 -12.82641315460205 2.722775459289551
  endloop
endfacet
facet normal 0.0 0.0 0.0
  outer loop
    vertex -53.89637756347656 -12.82641315460205 2.722775459289551
    vertex -53.7740478515625 -12.354654312133789 2.7922964096069336
    vertex -54.28090286254883 -13.078730583190918 2.5534563064575195
  endloop
endfacet
facet normal 0.0 0.0 0.0
  outer loop
    vertex -53.89637756347656 -12.82641315460205 2.722775459289551
    vertex -54.28090286254883 -13.078730583190918 2.5534563064575195
    vertex -54.63583755493164 -13.815710067749023 2.4105422496795654
  endloop
endfacet
facet normal 0.0 0.0 0.0
  outer loop
    vertex -54.63583755493164 -13.815710067749023 2.4105422496795654
    vertex -54.28090286254883 -13.078730583190918 2.5534563064575195
    vertex -54.80523681640625 -13.827775955200195 2.355919599533081
  endloop
endfacet
facet normal 0.0 0.0 0.0
  outer loop
    vertex -54.63583755493164 -13.815710067749023 2.4105422496795654
    vertex -54.80523681640625 -13.827775955200195 2.355919599533081
    vertex -55.40824890136719 -14.84602165222168 2.1837317943573
  endloop
endfacet
facet normal 0.0 0.0 0.0
  outer loop
    vertex -55.40824890136719 -14.84602165222168 2.1837317943573
    vertex -54.80523681640625 -13.827775955200195 2.355919599533081
    vertex -55.89280700683594 -15.381449699401855 2.0895469188690186
  endloop
endfacet
facet normal 0.0 0.0 0.0
  outer loop
    vertex -55.40824890136719 -14.84602165222168 2.1837317943573
    vertex -55.89280700683594 -15.381449699401855 2.0895469188690186
    vertex -56.20298767089844 -15.904025077819824 2.0462310314178467
  endloop
endfacet
facet normal 0.0 0.0 0.0
  outer loop
    vertex -56.20298767089844 -15.904025077819824 2.0462310314178467
    vertex -55.89280700683594 -15.381449699401855 2.0895469188690186
    vertex -57.008934020996094 -16.975921630859375 1.999992847442627
  endloop
endfacet
facet normal 0.0 0.0 0.0
  outer loop
    vertex -53.86079025268555 -14.77221965789795 2.35591983795166
    vertex -54.91865539550781 -15.337042808532715 2.1900603771209717
    vertex -55.414466857910156 -15.859790802001953 2.0895469188690186
  endloop
endfacet
facet normal 0.0 0.0 0.0
  outer loop
    vertex -55.414466857910156 -15.859790802001953 2.0895469188690186
    vertex -54.91865539550781 -15.337042808532715 2.1900603771209717
    vertex -55.95674133300781 -16.150455474853516 2.0478579998016357
  endloop
endfacet
facet normal 0.0 0.0 0.0
  outer loop
    vertex -55.414466857910156 -15.859790802001953 2.0895469188690186
    vertex -55.95674133300781 -16.150455474853516 2.0478579998016357
    vertex -57.008934020996094 -16.975921630859375 1.999992847442627
  endloop
endfacet
facet normal 0.0 0.0 0.0
  outer loop
    vertex -54.91865539550781 -15.337042808532715 2.1900603771209717
    vertex -53.86079025268555 -14.77221965789795 2.35591983795166
    vertex -53.9086799621582 -14.547636985778809 2.424363136291504
  endloop
endfacet
facet normal 0.0 0.0 0.0
  outer loop
    vertex -53.9086799621582 -14.547636985778809 2.424363136291504
    vertex -53.86079025268555 -14.77221965789795 2.35591983795166
    vertex -53.11174774169922 -14.24788761138916 2.5534563064575195
  endloop
endfacet
facet normal 0.0 0.0 0.0
  outer loop
    vertex -53.9086799621582 -14.547636985778809 2.424363136291504
    vertex -53.11174774169922 -14.24788761138916 2.5534563064575195
    vertex -52.94032287597656 -13.793630599975586 2.7462968826293945
  endloop
endfacet
facet normal 0.0 0.0 0.0
  outer loop
    vertex -52.94032287597656 -13.793630599975586 2.7462968826293945
    vertex -53.11174774169922 -14.24788761138916 2.5534563064575195
    vertex -52.38766860961914 -13.741034507751465 2.7922966480255127
  endloop
endfacet
facet normal 0.0 0.0 0.0
  outer loop
    vertex -52.94032287597656 -13.793630599975586 2.7462968826293945
    vertex -52.38766860961914 -13.741034507751465 2.7922966480255127
    vertex -52.06475830078125 -13.115320205688477 3.1306238174438477
  endloop
endfacet
facet normal 0.0 0.0 0.0
  outer loop
    vertex -52.06475830078125 -13.115320205688477 3.1306238174438477
    vertex -52.38766860961914 -13.741034507751465 2.7922966480255127
    vertex -51.69320297241211 -13.254907608032227 3.070906639099121
  endloop
endfacet
facet normal 0.0 0.0 0.0
  outer loop
    vertex -52.06475830078125 -13.115320205688477 3.1306238174438477
    vertex -51.69320297241211 -13.254907608032227 3.070906639099121
    vertex -51.03279113769531 -12.792620658874512 3.387507677078247
  endloop
endfacet
facet normal 0.0 0.0 0.0
  outer loop
    vertex -52.06475830078125 -13.115320205688477 3.1306238174438477
    vertex -51.03279113769531 -12.792620658874512 3.387507677078247
    vertex -51.250179290771484 -12.488402366638184 3.58333683013916
  endloop
endfacet
facet normal 0.0 0.0 0.0
  outer loop
    vertex -51.250179290771484 -12.488402366638184 3.58333683013916
    vertex -51.03279113769531 -12.792620658874512 3.387507677078247
    vertex -50.410675048828125 -12.357136726379395 3.740065813064575
  endloop
endfacet
facet normal 0.0 0.0 0.0
  outer loop
    vertex -51.250179290771484 -12.488402366638184 3.58333683013916
    vertex -50.410675048828125 -12.357136726379395 3.740065813064575
    vertex -50.69240188598633 -12.061972618103027 3.9569599628448486
  endloop
endfacet
facet normal 0.0 0.0 0.0
  outer loop
    vertex -50.69240188598633 -12.061972618103027 3.9569599628448486
    vertex -50.410675048828125 -12.357136726379395 3.740065813064575
    vertex -49.83082580566406 -11.951245307922363 4.126326560974121
  endloop
endfacet
facet normal 0.0 0.0 0.0
  outer loop
    vertex -50.69240188598633 -12.061972618103027 3.9569599628448486
    vertex -49.83082580566406 -11.951245307922363 4.126326560974121
    vertex -50.176231384277344 -11.669883728027344 4.359503746032715
  endloop
endfacet
facet normal 0.0 0.0 0.0
  outer loop
    vertex -50.176231384277344 -11.669883728027344 4.359503746032715
    vertex -49.83082580566406 -11.951245307922363 4.126326560974121
    vertex -49.296974182128906 -11.577547073364258 4.543810844421387
  endloop
endfacet
facet normal 0.0 0.0 0.0
  outer loop
    vertex -50.176231384277344 -11.669883728027344 4.359503746032715
    vertex -49.296974182128906 -11.577547073364258 4.543810844421387
    vertex -49.70505142211914 -11.3146390914917 4.7872514724731445
  endloop
endfacet
facet normal 0.0 0.0 0.0
  outer loop
    vertex -49.70505142211914 -11.3146390914917 4.7872514724731445
    vertex -49.296974182128906 -11.577547073364258 4.543810844421387
    vertex -48.812530517578125 -11.238435745239258 4.989848613739014
  endloop
endfacet
facet normal 0.0 0.0 0.0
  outer loop
    vertex -49.70505142211914 -11.3146390914917 4.7872514724731445
    vertex -48.812530517578125 -11.238435745239258 4.989848613739014
    vertex -49.28219223022461 -10.9986572265625 5.2359819412231445
  endloop
endfacet
facet normal 0.0 0.0 0.0
  outer loop
    vertex -49.28219223022461 -10.9986572265625 5.2359819412231445
    vertex -48.812530517578125 -11.238435745239258 4.989848613739014
    vertex -48.38059997558594 -10.93608570098877 5.461577892303467
  endloop
endfacet
facet normal 0.0 0.0 0.0
  outer loop
    vertex -49.28219223022461 -10.9986572265625 5.2359819412231445
    vertex -48.38059997558594 -10.93608570098877 5.461577892303467
    vertex -48.90943908691406 -10.722743034362793 5.701228141784668
  endloop
endfacet
facet normal 0.0 0.0 0.0
  outer loop
    vertex -48.90943908691406 -10.722743034362793 5.701228141784668
    vertex -48.38059997558594 -10.93608570098877 5.461577892303467
    vertex -48.00395202636719 -10.672432899475098 5.955977916717529
  endloop
endfacet
facet normal 0.0 0.0 0.0
  outer loop
    vertex -48.90943908691406 -10.722743034362793 5.701228141784668
    vertex -48.00395202636719 -10.672432899475098 5.955977916717529
    vertex -48.58750534057617 -10.486687660217285 6.1794843673706055
  endloop
endfacet
facet normal 0.0 0.0 0.0
  outer loop
    vertex -48.58750534057617 -10.486687660217285 6.1794843673706055
    vertex -48.00395202636719 -10.672432899475098 5.955977916717529
    vertex -47.68500518798828 -10.449166297912598 6.4698805809021
  endloop
endfacet
facet normal 0.0 0.0 0.0
  outer loop
    vertex -48.58750534057617 -10.486687660217285 6.1794843673706055
    vertex -47.68500518798828 -10.449166297912598 6.4698805809021
    vertex -48.31708526611328 -10.290273666381836 6.667265892028809
  endloop
endfacet
facet normal 0.0 0.0 0.0
  outer loop
    vertex -56.17034912109375 -15.936952590942383 2.0488040447235107
    vertex -57.008934020996094 -16.975921630859375 1.999992847442627
    vertex -56.13764572143555 -15.969863891601562 2.050652265548706
  endloop
endfacet
facet normal 0.0 0.0 0.0
  outer loop
    vertex -56.13764572143555 -15.969863891601562 2.050652265548706
    vertex -57.008934020996094 -16.975921630859375 1.999992847442627
    vertex -56.104881286621094 -16.002750396728516 2.0517756938934326
  endloop
endfacet
facet normal 0.0 0.0 0.0
  outer loop
    vertex -56.104881286621094 -16.002750396728516 2.0517756938934326
    vertex -57.008934020996094 -16.975921630859375 1.999992847442627
    vertex -56.07034683227539 -16.037330627441406 2.0521762371063232
  endloop
endfacet
facet normal 0.0 0.0 0.0
  outer loop
    vertex -56.01358413696289 -16.093975067138672 2.0510966777801514
    vertex -57.008934020996094 -16.975921630859375 1.999992847442627
    vertex -55.985172271728516 -16.122238159179688 2.049748182296753
  endloop
endfacet
facet normal 0.0 0.0 0.0
  outer loop
    vertex -55.985172271728516 -16.122238159179688 2.049748182296753
    vertex -57.008934020996094 -16.975921630859375 1.999992847442627
    vertex -55.95674133300781 -16.150455474853516 2.0478579998016357
  endloop
endfacet
facet normal 0.0 0.0 0.0
  outer loop
    vertex -50.07476806640625 -8.817593574523926 6.776186943054199
    vertex -50.26251983642578 -8.44053840637207 6.703843116760254
    vertex -50.26618957519531 -9.056635856628418 6.297125816345215
  endloop
endfacet
facet normal 0.0 0.0 0.0
  outer loop
    vertex -50.26618957519531 -9.056635856628418 6.297125816345215
    vertex -50.26251983642578 -8.44053840637207 6.703843116760254
    vertex -50.45624542236328 -8.701485633850098 6.219016075134277
  endloop
endfacet
facet normal 0.0 0.0 0.0
  outer loop
    vertex -50.26618957519531 -9.056635856628418 6.297125816345215
    vertex -50.45624542236328 -8.701485633850098 6.219016075134277
    vertex -50.498985290527344 -9.344315528869629 5.822323799133301
  endloop
endfacet
facet normal 0.0 0.0 0.0
  outer loop
    vertex -50.498985290527344 -9.344315528869629 5.822323799133301
    vertex -50.45624542236328 -8.701485633850098 6.219016075134277
    vertex -50.69005584716797 -9.013113021850586 5.741948127746582
  endloop
endfacet
facet normal 0.0 0.0 0.0
  outer loop
    vertex -50.498985290527344 -9.344315528869629 5.822323799133301
    vertex -50.69005584716797 -9.013113021850586 5.741948127746582
    vertex -50.774208068847656 -9.680959701538086 5.355599403381348
  endloop
endfacet
facet normal 0.0 0.0 0.0
  outer loop
    vertex -50.774208068847656 -9.680959701538086 5.355599403381348
    vertex -50.69005584716797 -9.013113021850586 5.741948127746582
    vertex -50.9644660949707 -9.375041007995605 5.276236534118652
  endloop
endfacet
facet normal 0.0 0.0 0.0
  outer loop
    vertex -50.774208068847656 -9.680959701538086 5.355599403381348
    vertex -50.9644660949707 -9.375041007995605 5.276236534118652
    vertex -51.0928840637207 -10.066884994506836 4.900799751281738
  endloop
endfacet
facet normal 0.0 0.0 0.0
  outer loop
    vertex -51.0928840637207 -10.066884994506836 4.900799751281738
    vertex -50.9644660949707 -9.375041007995605 5.276236534118652
    vertex -51.27998352050781 -9.786880493164062 4.825491905212402
  endloop
endfacet
facet normal 0.0 0.0 0.0
  outer loop
    vertex -51.0928840637207 -10.066884994506836 4.900799751281738
    vertex -51.27998352050781 -9.786880493164062 4.825491905212402
    vertex -51.45466613769531 -10.50101375579834 4.463408470153809
  endloop
endfacet
facet normal 0.0 0.0 0.0
  outer loop
    vertex -51.45466613769531 -10.50101375579834 4.463408470153809
    vertex -51.27998352050781 -9.786880493164062 4.825491905212402
    vertex -51.635982513427734 -10.247063636779785 4.394522666931152
  endloop
endfacet
facet normal 0.0 0.0 0.0
  outer loop
    vertex -51.45466613769531 -10.50101375579834 4.463408470153809
    vertex -51.635982513427734 -10.247063636779785 4.394522666931152
    vertex -51.857051849365234 -10.98023509979248 4.048800468444824
  endloop
endfacet
facet normal 0.0 0.0 0.0
  outer loop
    vertex -51.857051849365234 -10.98023509979248 4.048800468444824
    vertex -51.635982513427734 -10.247063636779785 4.394522666931152
    vertex -52.030025482177734 -10.752314567565918 3.9879350662231445
  endloop
endfacet
facet normal 0.0 0.0 0.0
  outer loop
    vertex -51.857051849365234 -10.98023509979248 4.048800468444824
    vertex -52.030025482177734 -10.752314567565918 3.9879350662231445
    vertex -52.29743194580078 -11.501380920410156 3.661574363708496
  endloop
endfacet
facet normal 0.0 0.0 0.0
  outer loop
    vertex -52.29743194580078 -11.501380920410156 3.661574363708496
    vertex -52.030025482177734 -10.752314567565918 3.9879350662231445
    vertex -52.459590911865234 -11.29931926727295 3.609744071960449
  endloop
endfacet
facet normal 0.0 0.0 0.0
  outer loop
    vertex -52.29743194580078 -11.501380920410156 3.661574363708496
    vertex -52.459590911865234 -11.29931926727295 3.609744071960449
    vertex -52.948848724365234 -12.267289161682129 3.1895949840545654
  endloop
endfacet
facet normal 0.0 0.0 0.0
  outer loop
    vertex -52.948848724365234 -12.267289161682129 3.1895949840545654
    vertex -52.459590911865234 -11.29931926727295 3.609744071960449
    vertex -53.09259796142578 -12.099660873413086 3.150545835494995
  endloop
endfacet
facet normal 0.0 0.0 0.0
  outer loop
    vertex -52.948848724365234 -12.267289161682129 3.1895949840545654
    vertex -53.09259796142578 -12.099660873413086 3.150545835494995
    vertex -53.65770721435547 -13.095494270324707 2.7868738174438477
  endloop
endfacet
facet normal 0.0 0.0 0.0
  outer loop
    vertex -53.65770721435547 -13.095494270324707 2.7868738174438477
    vertex -53.09259796142578 -12.099660873413086 3.150545835494995
    vertex -53.77900695800781 -12.961456298828125 2.760014533996582
  endloop
endfacet
facet normal 0.0 0.0 0.0
  outer loop
    vertex -53.65770721435547 -13.095494270324707 2.7868738174438477
    vertex -53.77900695800781 -12.961456298828125 2.760014533996582
    vertex -54.448970794677734 -14.01556396484375 2.448164939880371
  endloop
endfacet
facet normal 0.0 0.0 0.0
  outer loop
    vertex -54.448970794677734 -14.01556396484375 2.448164939880371
    vertex -53.77900695800781 -12.961456298828125 2.760014533996582
    vertex -54.54324722290039 -13.915849685668945 2.4324159622192383
  endloop
endfacet
facet normal 0.0 0.0 0.0
  outer loop
    vertex -54.448970794677734 -14.01556396484375 2.448164939880371
    vertex -54.54324722290039 -13.915849685668945 2.4324159622192383
    vertex -55.27986145019531 -14.978286743164062 2.2009456157684326
  endloop
endfacet
facet normal 0.0 0.0 0.0
  outer loop
    vertex -55.27986145019531 -14.978286743164062 2.2009456157684326
    vertex -54.54324722290039 -13.915849685668945 2.4324159622192383
    vertex -55.34431076049805 -14.912217140197754 2.1937434673309326
  endloop
endfacet
facet normal 0.0 0.0 0.0
  outer loop
    vertex -55.27986145019531 -14.978286743164062 2.2009456157684326
    vertex -55.34431076049805 -14.912217140197754 2.1937434673309326
    vertex -56.13764572143555 -15.969863891601562 2.050652265548706
  endloop
endfacet
facet normal 0.0 0.0 0.0
  outer loop
    vertex -56.13764572143555 -15.969863891601562 2.050652265548706
    vertex -55.34431076049805 -14.912217140197754 2.1937434673309326
    vertex -56.17034912109375 -15.936952590942383 2.0488040447235107
  endloop
endfacet
facet normal 0.0 0.0 0.0
  outer loop
    vertex -49.74708557128906 -9.714072227478027 6.362561225891113
    vertex -49.54209899902344 -9.509081840515137 6.8368730545043945
    vertex -49.838226318359375 -9.170825958251953 6.82077693939209
  endloop
endfacet
facet normal 0.0 0.0 0.0
  outer loop
    vertex -49.838226318359375 -9.170825958251953 6.82077693939209
    vertex -50.07476806640625 -8.817593574523926 6.776186943054199
    vertex -50.033355712890625 -9.391132354736328 6.345217704772949
  endloop
endfacet
facet normal 0.0 0.0 0.0
  outer loop
    vertex -50.033355712890625 -9.391132354736328 6.345217704772949
    vertex -50.07476806640625 -8.817593574523926 6.776186943054199
    vertex -50.26618957519531 -9.056635856628418 6.297125816345215
  endloop
endfacet
facet normal 0.0 0.0 0.0
  outer loop
    vertex -50.033355712890625 -9.391132354736328 6.345217704772949
    vertex -50.26618957519531 -9.056635856628418 6.297125816345215
    vertex -50.27138900756836 -9.658106803894043 5.8717546463012695
  endloop
endfacet
facet normal 0.0 0.0 0.0
  outer loop
    vertex -50.27138900756836 -9.658106803894043 5.8717546463012695
    vertex -50.26618957519531 -9.056635856628418 6.297125816345215
    vertex -50.498985290527344 -9.344315528869629 5.822323799133301
  endloop
endfacet
facet normal 0.0 0.0 0.0
  outer loop
    vertex -50.27138900756836 -9.658106803894043 5.8717546463012695
    vertex -50.498985290527344 -9.344315528869629 5.822323799133301
    vertex -50.55359649658203 -9.972618103027344 5.404349327087402
  endloop
endfacet
facet normal 0.0 0.0 0.0
  outer loop
    vertex -50.55359649658203 -9.972618103027344 5.404349327087402
    vertex -50.498985290527344 -9.344315528869629 5.822323799133301
    vertex -50.774208068847656 -9.680959701538086 5.355599403381348
  endloop
endfacet
facet normal 0.0 0.0 0.0
  outer loop
    vertex -50.55359649658203 -9.972618103027344 5.404349327087402
    vertex -50.774208068847656 -9.680959701538086 5.355599403381348
    vertex -50.88124084472656 -10.335522651672363 4.946999549865723
  endloop
endfacet
facet normal 0.0 0.0 0.0
  outer loop
    vertex -50.88124084472656 -10.335522651672363 4.946999549865723
    vertex -50.774208068847656 -9.680959701538086 5.355599403381348
    vertex -51.0928840637207 -10.066884994506836 4.900799751281738
  endloop
endfacet
facet normal 0.0 0.0 0.0
  outer loop
    vertex -50.88124084472656 -10.335522651672363 4.946999549865723
    vertex -51.0928840637207 -10.066884994506836 4.900799751281738
    vertex -51.25404357910156 -10.746142387390137 4.505618095397949
  endloop
endfacet
facet normal 0.0 0.0 0.0
  outer loop
    vertex -51.25404357910156 -10.746142387390137 4.505618095397949
    vertex -51.0928840637207 -10.066884994506836 4.900799751281738
    vertex -51.45466613769531 -10.50101375579834 4.463408470153809
  endloop
endfacet
facet normal 0.0 0.0 0.0
  outer loop
    vertex -51.25404357910156 -10.746142387390137 4.505618095397949
    vertex -51.45466613769531 -10.50101375579834 4.463408470153809
    vertex -51.66938781738281 -11.201528549194336 4.086050987243652
  endloop
endfacet
facet normal 0.0 0.0 0.0
  outer loop
    vertex -51.66938781738281 -11.201528549194336 4.086050987243652
    vertex -51.45466613769531 -10.50101375579834 4.463408470153809
    vertex -51.857051849365234 -10.98023509979248 4.048800468444824
  endloop
endfacet
facet normal 0.0 0.0 0.0
  outer loop
    vertex -51.66938781738281 -11.201528549194336 4.086050987243652
    vertex -51.857051849365234 -10.98023509979248 4.048800468444824
    vertex -52.124542236328125 -11.698662757873535 3.6932592391967773
  endloop
endfacet
facet normal 0.0 0.0 0.0
  outer loop
    vertex -52.124542236328125 -11.698662757873535 3.6932592391967773
    vertex -51.857051849365234 -10.98023509979248 4.048800468444824
    vertex -52.29743194580078 -11.501380920410156 3.661574363708496
  endloop
endfacet
facet normal 0.0 0.0 0.0
  outer loop
    vertex -52.124542236328125 -11.698662757873535 3.6932592391967773
    vertex -52.29743194580078 -11.501380920410156 3.661574363708496
    vertex -52.79863357543945 -12.43208122253418 3.2134313583374023
  endloop
endfacet
facet normal 0.0 0.0 0.0
  outer loop
    vertex -52.79863357543945 -12.43208122253418 3.2134313583374023
    vertex -52.29743194580078 -11.501380920410156 3.661574363708496
    vertex -52.948848724365234 -12.267289161682129 3.1895949840545654
  endloop
endfacet
facet normal 0.0 0.0 0.0
  outer loop
    vertex -52.79863357543945 -12.43208122253418 3.2134313583374023
    vertex -52.948848724365234 -12.267289161682129 3.1895949840545654
    vertex -53.53294372558594 -13.22803020477295 2.803248405456543
  endloop
endfacet
facet normal 0.0 0.0 0.0
  outer loop
    vertex -53.53294372558594 -13.22803020477295 2.803248405456543
    vertex -52.948848724365234 -12.267289161682129 3.1895949840545654
    vertex -53.65770721435547 -13.095494270324707 2.7868738174438477
  endloop
endfacet
facet normal 0.0 0.0 0.0
  outer loop
    vertex -53.53294372558594 -13.22803020477295 2.803248405456543
    vertex -53.65770721435547 -13.095494270324707 2.7868738174438477
    vertex -54.35320281982422 -14.114641189575195 2.457756996154785
  endloop
endfacet
facet normal 0.0 0.0 0.0
  outer loop
    vertex -54.35320281982422 -14.114641189575195 2.457756996154785
    vertex -53.65770721435547 -13.095494270324707 2.7868738174438477
    vertex -54.448970794677734 -14.01556396484375 2.448164939880371
  endloop
endfacet
facet normal 0.0 0.0 0.0
  outer loop
    vertex -54.35320281982422 -14.114641189575195 2.457756996154785
    vertex -54.448970794677734 -14.01556396484375 2.448164939880371
    vertex -55.2149658203125 -15.044166564941406 2.2053287029266357
  endloop
endfacet
facet normal 0.0 0.0 0.0
  outer loop
    vertex -55.2149658203125 -15.044166564941406 2.2053287029266357
    vertex -54.448970794677734 -14.01556396484375 2.448164939880371
    vertex -55.27986145019531 -14.978286743164062 2.2009456157684326
  endloop
endfacet
facet normal 0.0 0.0 0.0
  outer loop
    vertex -55.2149658203125 -15.044166564941406 2.2053287029266357
    vertex -55.27986145019531 -14.978286743164062 2.2009456157684326
    vertex -56.104881286621094 -16.002750396728516 2.0517756938934326
  endloop
endfacet
facet normal 0.0 0.0 0.0
  outer loop
    vertex -56.104881286621094 -16.002750396728516 2.0517756938934326
    vertex -55.27986145019531 -14.978286743164062 2.2009456157684326
    vertex -56.13764572143555 -15.969863891601562 2.050652265548706
  endloop
endfacet
facet normal 0.0 0.0 0.0
  outer loop
    vertex -48.58750534057617 -10.486687660217285 6.1794843673706055
    vertex -48.31708526611328 -10.290273666381836 6.667265892028809
    vertex -48.650211334228516 -10.14914608001709 6.740645408630371
  endloop
endfacet
facet normal 0.0 0.0 0.0
  outer loop
    vertex -48.650211334228516 -10.14914608001709 6.740645408630371
    vertex -48.96852493286133 -9.969887733459473 6.793784141540527
    vertex -48.90070343017578 -10.341033935546875 6.258763313293457
  endloop
endfacet
facet normal 0.0 0.0 0.0
  outer loop
    vertex -48.90070343017578 -10.341033935546875 6.258763313293457
    vertex -48.96852493286133 -9.969887733459473 6.793784141540527
    vertex -49.201080322265625 -10.16187858581543 6.3161115646362305
  endloop
endfacet
facet normal 0.0 0.0 0.0
  outer loop
    vertex -48.90070343017578 -10.341033935546875 6.258763313293457
    vertex -49.201080322265625 -10.16187858581543 6.3161115646362305
    vertex -49.200927734375 -10.573570251464844 5.782862663269043
  endloop
endfacet
facet normal 0.0 0.0 0.0
  outer loop
    vertex -49.200927734375 -10.573570251464844 5.782862663269043
    vertex -49.201080322265625 -10.16187858581543 6.3161115646362305
    vertex -49.48162078857422 -10.395720481872559 5.841843605041504
  endloop
endfacet
facet normal 0.0 0.0 0.0
  outer loop
    vertex -49.200927734375 -10.573570251464844 5.782862663269043
    vertex -49.48162078857422 -10.395720481872559 5.841843605041504
    vertex -49.550846099853516 -10.847554206848145 5.316647529602051
  endloop
endfacet
facet normal 0.0 0.0 0.0
  outer loop
    vertex -49.550846099853516 -10.847554206848145 5.316647529602051
    vertex -49.48162078857422 -10.395720481872559 5.841843605041504
    vertex -49.8106689453125 -10.672561645507812 5.3748579025268555
  endloop
endfacet
facet normal 0.0 0.0 0.0
  outer loop
    vertex -49.550846099853516 -10.847554206848145 5.316647529602051
    vertex -49.8106689453125 -10.672561645507812 5.3748579025268555
    vertex -49.950408935546875 -11.163775444030762 4.8638505935668945
  endloop
endfacet
facet normal 0.0 0.0 0.0
  outer loop
    vertex -49.950408935546875 -11.163775444030762 4.8638505935668945
    vertex -49.8106689453125 -10.672561645507812 5.3748579025268555
    vertex -50.188743591308594 -10.993545532226562 4.9190568923950195
  endloop
endfacet
facet normal 0.0 0.0 0.0
  outer loop
    vertex -49.950408935546875 -11.163775444030762 4.8638505935668945
    vertex -50.188743591308594 -10.993545532226562 4.9190568923950195
    vertex -50.398292541503906 -11.52176284790039 4.429621696472168
  endloop
endfacet
facet normal 0.0 0.0 0.0
  outer loop
    vertex -50.398292541503906 -11.52176284790039 4.429621696472168
    vertex -50.188743591308594 -10.993545532226562 4.9190568923950195
    vertex -50.614906311035156 -11.358367919921875 4.480093955993652
  endloop
endfacet
facet normal 0.0 0.0 0.0
  outer loop
    vertex -50.398292541503906 -11.52176284790039 4.429621696472168
    vertex -50.614906311035156 -11.358367919921875 4.480093955993652
    vertex -50.891292572021484 -11.919054985046387 4.01895809173584
  endloop
endfacet
facet normal 0.0 0.0 0.0
  outer loop
    vertex -50.891292572021484 -11.919054985046387 4.01895809173584
    vertex -50.614906311035156 -11.358367919921875 4.480093955993652
    vertex -51.086097717285156 -11.764488220214844 4.063530921936035
  endloop
endfacet
facet normal 0.0 0.0 0.0
  outer loop
    vertex -50.891292572021484 -11.919054985046387 4.01895809173584
    vertex -51.086097717285156 -11.764488220214844 4.063530921936035
    vertex -51.4261589050293 -12.353096008300781 3.6361703872680664
  endloop
endfacet
facet normal 0.0 0.0 0.0
  outer loop
    vertex -51.4261589050293 -12.353096008300781 3.6361703872680664
    vertex -51.086097717285156 -11.764488220214844 4.063530921936035
    vertex -51.59919738769531 -12.209263801574707 3.674107551574707
  endloop
endfacet
facet normal 0.0 0.0 0.0
  outer loop
    vertex -51.4261589050293 -12.353096008300781 3.6361703872680664
    vertex -51.59919738769531 -12.209263801574707 3.674107551574707
    vertex -52.21039581298828 -12.994044303894043 3.170464515686035
  endloop
endfacet
facet normal 0.0 0.0 0.0
  outer loop
    vertex -52.21039581298828 -12.994044303894043 3.170464515686035
    vertex -51.59919738769531 -12.209263801574707 3.674107551574707
    vertex -52.35429000854492 -12.867616653442383 3.1990270614624023
  endloop
endfacet
facet normal 0.0 0.0 0.0
  outer loop
    vertex -52.21039581298828 -12.994044303894043 3.170464515686035
    vertex -52.35429000854492 -12.867616653442383 3.1990270614624023
    vertex -53.05653762817383 -13.690425872802734 2.77371883392334
  endloop
endfacet
facet normal 0.0 0.0 0.0
  outer loop
    vertex -53.05653762817383 -13.690425872802734 2.77371883392334
    vertex -52.35429000854492 -12.867616653442383 3.1990270614624023
    vertex -53.17182922363281 -13.584447860717773 2.7933549880981445
  endloop
endfacet
facet normal 0.0 0.0 0.0
  outer loop
    vertex -53.05653762817383 -13.690425872802734 2.77371883392334
    vertex -53.17182922363281 -13.584447860717773 2.7933549880981445
    vertex -53.99498748779297 -14.46688461303711 2.44045352935791
  endloop
endfacet
facet normal 0.0 0.0 0.0
  outer loop
    vertex -53.99498748779297 -14.46688461303711 2.44045352935791
    vertex -53.17182922363281 -13.584447860717773 2.7933549880981445
    vertex -54.080902099609375 -14.384942054748535 2.451962471008301
  endloop
endfacet
facet normal 0.0 0.0 0.0
  outer loop
    vertex -53.99498748779297 -14.46688461303711 2.44045352935791
    vertex -54.080902099609375 -14.384942054748535 2.451962471008301
    vertex -54.97576904296875 -15.281586647033691 2.197420835494995
  endloop
endfacet
facet normal 0.0 0.0 0.0
  outer loop
    vertex -54.97576904296875 -15.281586647033691 2.197420835494995
    vertex -54.080902099609375 -14.384942054748535 2.451962471008301
    vertex -55.03276824951172 -15.225772857666016 2.202681303024292
  endloop
endfacet
facet normal 0.0 0.0 0.0
  outer loop
    vertex -54.97576904296875 -15.281586647033691 2.197420835494995
    vertex -55.03276824951172 -15.225772857666016 2.202681303024292
    vertex -55.985172271728516 -16.122238159179688 2.049748182296753
  endloop
endfacet
facet normal 0.0 0.0 0.0
  outer loop
    vertex -55.985172271728516 -16.122238159179688 2.049748182296753
    vertex -55.03276824951172 -15.225772857666016 2.202681303024292
    vertex -56.01358413696289 -16.093975067138672 2.0510966777801514
  endloop
endfacet
facet normal 0.0 0.0 0.0
  outer loop
    vertex -49.99678421020508 -9.963769912719727 5.88956356048584
    vertex -49.74708557128906 -9.714072227478027 6.362561225891113
    vertex -50.033355712890625 -9.391132354736328 6.345217704772949
  endloop
endfacet
facet normal 0.0 0.0 0.0
  outer loop
    vertex -50.033355712890625 -9.391132354736328 6.345217704772949
    vertex -49.74708557128906 -9.714072227478027 6.362561225891113
    vertex -49.838226318359375 -9.170825958251953 6.82077693939209
  endloop
endfacet
facet normal 0.0 0.0 0.0
  outer loop
    vertex -49.99678421020508 -9.963769912719727 5.88956356048584
    vertex -50.033355712890625 -9.391132354736328 6.345217704772949
    vertex -50.27138900756836 -9.658106803894043 5.8717546463012695
  endloop
endfacet
facet normal 0.0 0.0 0.0
  outer loop
    vertex -48.90943908691406 -10.722743034362793 5.701228141784668
    vertex -48.58750534057617 -10.486687660217285 6.1794843673706055
    vertex -48.90070343017578 -10.341033935546875 6.258763313293457
  endloop
endfacet
facet normal 0.0 0.0 0.0
  outer loop
    vertex -48.90070343017578 -10.341033935546875 6.258763313293457
    vertex -48.58750534057617 -10.486687660217285 6.1794843673706055
    vertex -48.650211334228516 -10.14914608001709 6.740645408630371
  endloop
endfacet
facet normal 0.0 0.0 0.0
  outer loop
    vertex -48.90943908691406 -10.722743034362793 5.701228141784668
    vertex -48.90070343017578 -10.341033935546875 6.258763313293457
    vertex -49.200927734375 -10.573570251464844 5.782862663269043
  endloop
endfacet
facet normal 0.0 0.0 0.0
  outer loop
    vertex -50.29240036010742 -10.259385108947754 5.4218950271606445
    vertex -49.99678421020508 -9.963769912719727 5.88956356048584
    vertex -50.27138900756836 -9.658106803894043 5.8717546463012695
  endloop
endfacet
facet normal 0.0 0.0 0.0
  outer loop
    vertex -50.29240036010742 -10.259385108947754 5.4218950271606445
    vertex -50.27138900756836 -9.658106803894043 5.8717546463012695
    vertex -50.55359649658203 -9.972618103027344 5.404349327087402
  endloop
endfacet
facet normal 0.0 0.0 0.0
  outer loop
    vertex -49.28219223022461 -10.9986572265625 5.2359819412231445
    vertex -48.90943908691406 -10.722743034362793 5.701228141784668
    vertex -49.200927734375 -10.573570251464844 5.782862663269043
  endloop
endfacet
facet normal 0.0 0.0 0.0
  outer loop
    vertex -49.28219223022461 -10.9986572265625 5.2359819412231445
    vertex -49.200927734375 -10.573570251464844 5.782862663269043
    vertex -49.550846099853516 -10.847554206848145 5.316647529602051
  endloop
endfacet
facet normal 0.0 0.0 0.0
  outer loop
    vertex -50.6351318359375 -10.602118492126465 4.963608741760254
    vertex -50.29240036010742 -10.259385108947754 5.4218950271606445
    vertex -50.55359649658203 -9.972618103027344 5.404349327087402
  endloop
endfacet
facet normal 0.0 0.0 0.0
  outer loop
    vertex -50.6351318359375 -10.602118492126465 4.963608741760254
    vertex -50.55359649658203 -9.972618103027344 5.404349327087402
    vertex -50.88124084472656 -10.335522651672363 4.946999549865723
  endloop
endfacet
facet normal 0.0 0.0 0.0
  outer loop
    vertex -49.70505142211914 -11.3146390914917 4.7872514724731445
    vertex -49.28219223022461 -10.9986572265625 5.2359819412231445
    vertex -49.550846099853516 -10.847554206848145 5.316647529602051
  endloop
endfacet
facet normal 0.0 0.0 0.0
  outer loop
    vertex -49.70505142211914 -11.3146390914917 4.7872514724731445
    vertex -49.550846099853516 -10.847554206848145 5.316647529602051
    vertex -49.950408935546875 -11.163775444030762 4.8638505935668945
  endloop
endfacet
facet normal 0.0 0.0 0.0
  outer loop
    vertex -51.024593353271484 -10.991578102111816 4.520777702331543
    vertex -50.6351318359375 -10.602118492126465 4.963608741760254
    vertex -50.88124084472656 -10.335522651672363 4.946999549865723
  endloop
endfacet
facet normal 0.0 0.0 0.0
  outer loop
    vertex -51.024593353271484 -10.991578102111816 4.520777702331543
    vertex -50.88124084472656 -10.335522651672363 4.946999549865723
    vertex -51.25404357910156 -10.746142387390137 4.505618095397949
  endloop
endfacet
facet normal 0.0 0.0 0.0
  outer loop
    vertex -50.176231384277344 -11.669883728027344 4.359503746032715
    vertex -49.70505142211914 -11.3146390914917 4.7872514724731445
    vertex -49.950408935546875 -11.163775444030762 4.8638505935668945
  endloop
endfacet
facet normal 0.0 0.0 0.0
  outer loop
    vertex -50.176231384277344 -11.669883728027344 4.359503746032715
    vertex -49.950408935546875 -11.163775444030762 4.8638505935668945
    vertex -50.398292541503906 -11.52176284790039 4.429621696472168
  endloop
endfacet
facet normal 0.0 0.0 0.0
  outer loop
    vertex -51.4579963684082 -11.424982070922852 4.0994157791137695
    vertex -51.024593353271484 -10.991578102111816 4.520777702331543
    vertex -51.25404357910156 -10.746142387390137 4.505618095397949
  endloop
endfacet
facet normal 0.0 0.0 0.0
  outer loop
    vertex -51.4579963684082 -11.424982070922852 4.0994157791137695
    vertex -51.25404357910156 -10.746142387390137 4.505618095397949
    vertex -51.66938781738281 -11.201528549194336 4.086050987243652
  endloop
endfacet
facet normal 0.0 0.0 0.0
  outer loop
    vertex -50.69240188598633 -12.061972618103027 3.9569599628448486
    vertex -50.176231384277344 -11.669883728027344 4.359503746032715
    vertex -50.398292541503906 -11.52176284790039 4.429621696472168
  endloop
endfacet
facet normal 0.0 0.0 0.0
  outer loop
    vertex -50.69240188598633 -12.061972618103027 3.9569599628448486
    vertex -50.398292541503906 -11.52176284790039 4.429621696472168
    vertex -50.891292572021484 -11.919054985046387 4.01895809173584
  endloop
endfacet
facet normal 0.0 0.0 0.0
  outer loop
    vertex -51.93247985839844 -11.899466514587402 3.704615592956543
    vertex -51.4579963684082 -11.424982070922852 4.0994157791137695
    vertex -51.66938781738281 -11.201528549194336 4.086050987243652
  endloop
endfacet
facet normal 0.0 0.0 0.0
  outer loop
    vertex -51.93247985839844 -11.899466514587402 3.704615592956543
    vertex -51.66938781738281 -11.201528549194336 4.086050987243652
    vertex -52.124542236328125 -11.698662757873535 3.6932592391967773
  endloop
endfacet
facet normal 0.0 0.0 0.0
  outer loop
    vertex -51.250179290771484 -12.488402366638184 3.58333683013916
    vertex -50.69240188598633 -12.061972618103027 3.9569599628448486
    vertex -50.891292572021484 -11.919054985046387 4.01895809173584
  endloop
endfacet
facet normal 0.0 0.0 0.0
  outer loop
    vertex -51.250179290771484 -12.488402366638184 3.58333683013916
    vertex -50.891292572021484 -11.919054985046387 4.01895809173584
    vertex -51.4261589050293 -12.353096008300781 3.6361703872680664
  endloop
endfacet
facet normal 0.0 0.0 0.0
  outer loop
    vertex -52.63447570800781 -12.601458549499512 3.2219629287719727
    vertex -51.93247985839844 -11.899466514587402 3.704615592956543
    vertex -52.124542236328125 -11.698662757873535 3.6932592391967773
  endloop
endfacet
facet normal 0.0 0.0 0.0
  outer loop
    vertex -52.63447570800781 -12.601458549499512 3.2219629287719727
    vertex -52.124542236328125 -11.698662757873535 3.6932592391967773
    vertex -52.79863357543945 -12.43208122253418 3.2134313583374023
  endloop
endfacet
facet normal 0.0 0.0 0.0
  outer loop
    vertex -52.06475830078125 -13.115320205688477 3.1306238174438477
    vertex -51.250179290771484 -12.488402366638184 3.58333683013916
    vertex -51.4261589050293 -12.353096008300781 3.6361703872680664
  endloop
endfacet
facet normal 0.0 0.0 0.0
  outer loop
    vertex -52.06475830078125 -13.115320205688477 3.1306238174438477
    vertex -51.4261589050293 -12.353096008300781 3.6361703872680664
    vertex -52.21039581298828 -12.994044303894043 3.170464515686035
  endloop
endfacet
facet normal 0.0 0.0 0.0
  outer loop
    vertex -53.39838409423828 -13.36536693572998 2.8091039657592773
    vertex -52.63447570800781 -12.601458549499512 3.2219629287719727
    vertex -52.79863357543945 -12.43208122253418 3.2134313583374023
  endloop
endfacet
facet normal 0.0 0.0 0.0
  outer loop
    vertex -53.39838409423828 -13.36536693572998 2.8091039657592773
    vertex -52.79863357543945 -12.43208122253418 3.2134313583374023
    vertex -53.53294372558594 -13.22803020477295 2.803248405456543
  endloop
endfacet
facet normal 0.0 0.0 0.0
  outer loop
    vertex -52.94032287597656 -13.793630599975586 2.7462968826293945
    vertex -52.06475830078125 -13.115320205688477 3.1306238174438477
    vertex -52.21039581298828 -12.994044303894043 3.170464515686035
  endloop
endfacet
facet normal 0.0 0.0 0.0
  outer loop
    vertex -52.94032287597656 -13.793630599975586 2.7462968826293945
    vertex -52.21039581298828 -12.994044303894043 3.170464515686035
    vertex -53.05653762817383 -13.690425872802734 2.77371883392334
  endloop
endfacet
facet normal 0.0 0.0 0.0
  outer loop
    vertex -54.25102233886719 -14.218006134033203 2.461184501647949
    vertex -53.39838409423828 -13.36536693572998 2.8091039657592773
    vertex -53.53294372558594 -13.22803020477295 2.803248405456543
  endloop
endfacet
facet normal 0.0 0.0 0.0
  outer loop
    vertex -54.25102233886719 -14.218006134033203 2.461184501647949
    vertex -53.53294372558594 -13.22803020477295 2.803248405456543
    vertex -54.35320281982422 -14.114641189575195 2.457756996154785
  endloop
endfacet
facet normal 0.0 0.0 0.0
  outer loop
    vertex -53.9086799621582 -14.547636985778809 2.424363136291504
    vertex -52.94032287597656 -13.793630599975586 2.7462968826293945
    vertex -53.05653762817383 -13.690425872802734 2.77371883392334
  endloop
endfacet
facet normal 0.0 0.0 0.0
  outer loop
    vertex -53.9086799621582 -14.547636985778809 2.424363136291504
    vertex -53.05653762817383 -13.690425872802734 2.77371883392334
    vertex -53.99498748779297 -14.46688461303711 2.44045352935791
  endloop
endfacet
facet normal 0.0 0.0 0.0
  outer loop
    vertex -55.1462516784668 -15.113235473632812 2.206892728805542
    vertex -54.25102233886719 -14.218006134033203 2.461184501647949
    vertex -54.35320281982422 -14.114641189575195 2.457756996154785
  endloop
endfacet
facet normal 0.0 0.0 0.0
  outer loop
    vertex -55.1462516784668 -15.113235473632812 2.206892728805542
    vertex -54.35320281982422 -14.114641189575195 2.457756996154785
    vertex -55.2149658203125 -15.044166564941406 2.2053287029266357
  endloop
endfacet
facet normal 0.0 0.0 0.0
  outer loop
    vertex -54.91865539550781 -15.337042808532715 2.1900603771209717
    vertex -53.9086799621582 -14.547636985778809 2.424363136291504
    vertex -53.99498748779297 -14.46688461303711 2.44045352935791
  endloop
endfacet
facet normal 0.0 0.0 0.0
  outer loop
    vertex -54.91865539550781 -15.337042808532715 2.1900603771209717
    vertex -53.99498748779297 -14.46688461303711 2.44045352935791
    vertex -54.97576904296875 -15.281586647033691 2.197420835494995
  endloop
endfacet
facet normal 0.0 0.0 0.0
  outer loop
    vertex -56.07034683227539 -16.037330627441406 2.0521762371063232
    vertex -55.1462516784668 -15.113235473632812 2.206892728805542
    vertex -55.2149658203125 -15.044166564941406 2.2053287029266357
  endloop
endfacet
facet normal 0.0 0.0 0.0
  outer loop
    vertex -56.07034683227539 -16.037330627441406 2.0521762371063232
    vertex -55.2149658203125 -15.044166564941406 2.2053287029266357
    vertex -56.104881286621094 -16.002750396728516 2.0517756938934326
  endloop
endfacet
facet normal 0.0 0.0 0.0
  outer loop
    vertex -55.95674133300781 -16.150455474853516 2.0478579998016357
    vertex -54.91865539550781 -15.337042808532715 2.1900603771209717
    vertex -54.97576904296875 -15.281586647033691 2.197420835494995
  endloop
endfacet
facet normal 0.0 0.0 0.0
  outer loop
    vertex -55.95674133300781 -16.150455474853516 2.0478579998016357
    vertex -54.97576904296875 -15.281586647033691 2.197420835494995
    vertex -55.985172271728516 -16.122238159179688 2.049748182296753
  endloop
endfacet
facet normal 0.0 0.0 0.0
  outer loop
    vertex -44.234596252441406 -9.975801467895508 8.963483810424805
    vertex -43.592533111572266 -9.975920677185059 8.999994277954102
    vertex -44.24040222167969 -9.898231506347656 9.631165504455566
  endloop
endfacet
facet normal 0.0 0.0 0.0
  outer loop
    vertex -44.24040222167969 -9.898231506347656 9.631165504455566
    vertex -43.592533111572266 -9.975920677185059 8.999994277954102
    vertex -43.592533111572266 -9.900704383850098 9.667556762695312
  endloop
endfacet
facet normal 0.0 0.0 0.0
  outer loop
    vertex -44.24040222167969 -9.898231506347656 9.631165504455566
    vertex -43.592533111572266 -9.900704383850098 9.667556762695312
    vertex -44.296112060546875 -9.775384902954102 10.028312683105469
  endloop
endfacet
facet normal 0.0 0.0 0.0
  outer loop
    vertex -44.296112060546875 -9.775384902954102 10.028312683105469
    vertex -43.592533111572266 -9.900704383850098 9.667556762695312
    vertex -43.592533111572266 -9.678827285766602 10.301645278930664
  endloop
endfacet
facet normal 0.0 0.0 0.0
  outer loop
    vertex -44.296112060546875 -9.775384902954102 10.028312683105469
    vertex -43.592533111572266 -9.678827285766602 10.301645278930664
    vertex -44.3488655090332 -9.597553253173828 10.404478073120117
  endloop
endfacet
facet normal 0.0 0.0 0.0
  outer loop
    vertex -44.3488655090332 -9.597553253173828 10.404478073120117
    vertex -43.592533111572266 -9.678827285766602 10.301645278930664
    vertex -43.592533111572266 -9.321414947509766 10.870464324951172
  endloop
endfacet
facet normal 0.0 0.0 0.0
  outer loop
    vertex -44.3488655090332 -9.597553253173828 10.404478073120117
    vertex -43.592533111572266 -9.321414947509766 10.870464324951172
    vertex -44.39773178100586 -9.368502616882324 10.752513885498047
  endloop
endfacet
facet normal 0.0 0.0 0.0
  outer loop
    vertex -44.39773178100586 -9.368502616882324 10.752513885498047
    vertex -43.592533111572266 -9.321414947509766 10.870464324951172
    vertex -44.4418830871582 -9.092842102050781 11.065608978271484
  endloop
endfacet
facet normal 0.0 0.0 0.0
  outer loop
    vertex -44.39773178100586 -9.368502616882324 10.752513885498047
    vertex -44.4418830871582 -9.092842102050781 11.065608978271484
    vertex -45.18479919433594 -9.357842445373535 10.602181434631348
  endloop
endfacet
facet normal 0.0 0.0 0.0
  outer loop
    vertex -45.18479919433594 -9.357842445373535 10.602181434631348
    vertex -44.4418830871582 -9.092842102050781 11.065608978271484
    vertex -45.271881103515625 -9.082236289978027 10.902127265930176
  endloop
endfacet
facet normal 0.0 0.0 0.0
  outer loop
    vertex -45.18479919433594 -9.357842445373535 10.602181434631348
    vertex -45.271881103515625 -9.082236289978027 10.902127265930176
    vertex -45.86846923828125 -9.345959663391113 10.384303092956543
  endloop
endfacet
facet normal 0.0 0.0 0.0
  outer loop
    vertex -45.86846923828125 -9.345959663391113 10.384303092956543
    vertex -45.271881103515625 -9.082236289978027 10.902127265930176
    vertex -45.99274444580078 -9.070509910583496 10.665204048156738
  endloop
endfacet
facet normal 0.0 0.0 0.0
  outer loop
    vertex -45.86846923828125 -9.345959663391113 10.384303092956543
    vertex -45.99274444580078 -9.070509910583496 10.665204048156738
    vertex -46.51063537597656 -9.335695266723633 10.093688011169434
  endloop
endfacet
facet normal 0.0 0.0 0.0
  outer loop
    vertex -46.51063537597656 -9.335695266723633 10.093688011169434
    vertex -45.99274444580078 -9.070509910583496 10.665204048156738
    vertex -46.669769287109375 -9.060572624206543 10.349202156066895
  endloop
endfacet
facet normal 0.0 0.0 0.0
  outer loop
    vertex -46.51063537597656 -9.335695266723633 10.093688011169434
    vertex -46.669769287109375 -9.060572624206543 10.349202156066895
    vertex -47.10240173339844 -9.33270263671875 9.738175392150879
  endloop
endfacet
facet normal 0.0 0.0 0.0
  outer loop
    vertex -47.10240173339844 -9.33270263671875 9.738175392150879
    vertex -46.669769287109375 -9.060572624206543 10.349202156066895
    vertex -47.293556213378906 -9.058184623718262 9.962651252746582
  endloop
endfacet
facet normal 0.0 0.0 0.0
  outer loop
    vertex -47.10240173339844 -9.33270263671875 9.738175392150879
    vertex -47.293556213378906 -9.058184623718262 9.962651252746582
    vertex -47.636016845703125 -9.342604637145996 9.326041221618652
  endloop
endfacet
facet normal 0.0 0.0 0.0
  outer loop
    vertex -47.636016845703125 -9.342604637145996 9.326041221618652
    vertex -47.293556213378906 -9.058184623718262 9.962651252746582
    vertex -47.85597610473633 -9.069070816040039 9.514533042907715
  endloop
endfacet
facet normal 0.0 0.0 0.0
  outer loop
    vertex -47.636016845703125 -9.342604637145996 9.326041221618652
    vertex -47.85597610473633 -9.069070816040039 9.514533042907715
    vertex -48.10431671142578 -9.371034622192383 8.865893363952637
  endloop
endfacet
facet normal 0.0 0.0 0.0
  outer loop
    vertex -48.10431671142578 -9.371034622192383 8.865893363952637
    vertex -47.85597610473633 -9.069070816040039 9.514533042907715
    vertex -48.34954071044922 -9.098969459533691 9.01418399810791
  endloop
endfacet
facet normal 0.0 0.0 0.0
  outer loop
    vertex -48.10431671142578 -9.371034622192383 8.865893363952637
    vertex -48.34954071044922 -9.098969459533691 9.01418399810791
    vertex -48.5031623840332 -9.422826766967773 8.367684364318848
  endloop
endfacet
facet normal 0.0 0.0 0.0
  outer loop
    vertex -48.5031623840332 -9.422826766967773 8.367684364318848
    vertex -48.34954071044922 -9.098969459533691 9.01418399810791
    vertex -48.76996994018555 -9.152804374694824 8.472355842590332
  endloop
endfacet
facet normal 0.0 0.0 0.0
  outer loop
    vertex -48.5031623840332 -9.422826766967773 8.367684364318848
    vertex -48.76996994018555 -9.152804374694824 8.472355842590332
    vertex -48.82940673828125 -9.502069473266602 7.841599464416504
  endloop
endfacet
facet normal 0.0 0.0 0.0
  outer loop
    vertex -48.82940673828125 -9.502069473266602 7.841599464416504
    vertex -48.76996994018555 -9.152804374694824 8.472355842590332
    vertex -49.11402130126953 -9.23473834991455 7.900025367736816
  endloop
endfacet
facet normal 0.0 0.0 0.0
  outer loop
    vertex -48.82940673828125 -9.502069473266602 7.841599464416504
    vertex -49.11402130126953 -9.23473834991455 7.900025367736816
    vertex -49.380462646484375 -9.347447395324707 7.308394432067871
  endloop
endfacet
facet normal 0.0 0.0 0.0
  outer loop
    vertex -49.380462646484375 -9.347447395324707 7.308394432067871
    vertex -49.11402130126953 -9.23473834991455 7.900025367736816
    vertex -49.40207290649414 -8.883971214294434 7.939349174499512
  endloop
endfacet
facet normal 0.0 0.0 0.0
  outer loop
    vertex -49.380462646484375 -9.347447395324707 7.308394432067871
    vertex -49.40207290649414 -8.883971214294434 7.939349174499512
    vertex -49.841651916503906 -8.7664794921875 7.272683143615723
  endloop
endfacet
facet normal 0.0 0.0 0.0
  outer loop
    vertex -49.841651916503906 -8.7664794921875 7.272683143615723
    vertex -49.40207290649414 -8.883971214294434 7.939349174499512
    vertex -49.632850646972656 -8.511122703552246 7.948180198669434
  endloop
endfacet
facet normal 0.0 0.0 0.0
  outer loop
    vertex -49.841651916503906 -8.7664794921875 7.272683143615723
    vertex -49.632850646972656 -8.511122703552246 7.948180198669434
    vertex -49.812774658203125 -8.111711502075195 7.9282121658325195
  endloop
endfacet
facet normal 0.0 0.0 0.0
  outer loop
    vertex -49.812774658203125 -8.111711502075195 7.9282121658325195
    vertex -49.632850646972656 -8.511122703552246 7.948180198669434
    vertex -49.426490783691406 -8.020049095153809 8.636462211608887
  endloop
endfacet
facet normal 0.0 0.0 0.0
  outer loop
    vertex -49.812774658203125 -8.111711502075195 7.9282121658325195
    vertex -49.426490783691406 -8.020049095153809 8.636462211608887
    vertex -49.544960021972656 -7.599206447601318 8.622881889343262
  endloop
endfacet
facet normal 0.0 0.0 0.0
  outer loop
    vertex -49.544960021972656 -7.599206447601318 8.622881889343262
    vertex -49.426490783691406 -8.020049095153809 8.636462211608887
    vertex -49.05878448486328 -7.53032922744751 9.320878028869629
  endloop
endfacet
facet normal 0.0 0.0 0.0
  outer loop
    vertex -49.544960021972656 -7.599206447601318 8.622881889343262
    vertex -49.05878448486328 -7.53032922744751 9.320878028869629
    vertex -49.34989547729492 -7.125899314880371 8.981122016906738
  endloop
endfacet
facet normal 0.0 0.0 0.0
  outer loop
    vertex -49.34989547729492 -7.125899314880371 8.981122016906738
    vertex -49.05878448486328 -7.53032922744751 9.320878028869629
    vertex -48.64155960083008 -7.051787853240967 9.848423957824707
  endloop
endfacet
facet normal 0.0 0.0 0.0
  outer loop
    vertex -48.64155960083008 -7.051787853240967 9.848423957824707
    vertex -49.05878448486328 -7.53032922744751 9.320878028869629
    vertex -48.485660552978516 -7.4841108322143555 9.959870338439941
  endloop
endfacet
facet normal 0.0 0.0 0.0
  outer loop
    vertex -48.64155960083008 -7.051787853240967 9.848423957824707
    vertex -48.485660552978516 -7.4841108322143555 9.959870338439941
    vertex -47.79966354370117 -7.008184432983398 10.594038963317871
  endloop
endfacet
facet normal 0.0 0.0 0.0
  outer loop
    vertex -47.79966354370117 -7.008184432983398 10.594038963317871
    vertex -48.485660552978516 -7.4841108322143555 9.959870338439941
    vertex -47.83308029174805 -7.456442832946777 10.526644706726074
  endloop
endfacet
facet normal 0.0 0.0 0.0
  outer loop
    vertex -47.79966354370117 -7.008184432983398 10.594038963317871
    vertex -47.83308029174805 -7.456442832946777 10.526644706726074
    vertex -47.11153030395508 -7.442639350891113 11.01101016998291
  endloop
endfacet
facet normal 0.0 0.0 0.0
  outer loop
    vertex -47.11153030395508 -7.442639350891113 11.01101016998291
    vertex -47.83308029174805 -7.456442832946777 10.526644706726074
    vertex -47.7546501159668 -7.8922295570373535 10.461747169494629
  endloop
endfacet
facet normal 0.0 0.0 0.0
  outer loop
    vertex -47.11153030395508 -7.442639350891113 11.01101016998291
    vertex -47.7546501159668 -7.8922295570373535 10.461747169494629
    vertex -47.04926681518555 -7.8839006423950195 10.929596900939941
  endloop
endfacet
facet normal 0.0 0.0 0.0
  outer loop
    vertex -47.04926681518555 -7.8839006423950195 10.929596900939941
    vertex -47.7546501159668 -7.8922295570373535 10.461747169494629
    vertex -47.63801193237305 -8.308331489562988 10.345688819885254
  endloop
endfacet
facet normal 0.0 0.0 0.0
  outer loop
    vertex -47.04926681518555 -7.8839006423950195 10.929596900939941
    vertex -47.63801193237305 -8.308331489562988 10.345688819885254
    vertex -46.95439529418945 -8.304730415344238 10.791546821594238
  endloop
endfacet
facet normal 0.0 0.0 0.0
  outer loop
    vertex -46.95439529418945 -8.304730415344238 10.791546821594238
    vertex -47.63801193237305 -8.308331489562988 10.345688819885254
    vertex -47.48571014404297 -8.695575714111328 10.181015968322754
  endloop
endfacet
facet normal 0.0 0.0 0.0
  outer loop
    vertex -46.95439529418945 -8.304730415344238 10.791546821594238
    vertex -47.48571014404297 -8.695575714111328 10.181015968322754
    vertex -46.82904052734375 -8.695625305175781 10.599955558776855
  endloop
endfacet
facet normal 0.0 0.0 0.0
  outer loop
    vertex -46.82904052734375 -8.695625305175781 10.599955558776855
    vertex -47.48571014404297 -8.695575714111328 10.181015968322754
    vertex -47.293556213378906 -9.058184623718262 9.962651252746582
  endloop
endfacet
facet normal 0.0 0.0 0.0
  outer loop
    vertex -46.82904052734375 -8.695625305175781 10.599955558776855
    vertex -47.293556213378906 -9.058184623718262 9.962651252746582
    vertex -46.669769287109375 -9.060572624206543 10.349202156066895
  endloop
endfacet
facet normal 0.0 0.0 0.0
  outer loop
    vertex -43.592533111572266 -9.321414947509766 10.870464324951172
    vertex -43.592533111572266 -8.846389770507812 11.345489501953125
    vertex -44.4418830871582 -9.092842102050781 11.065608978271484
  endloop
endfacet
facet normal 0.0 0.0 0.0
  outer loop
    vertex -44.4418830871582 -9.092842102050781 11.065608978271484
    vertex -43.592533111572266 -8.846389770507812 11.345489501953125
    vertex -44.48582077026367 -8.72335147857666 11.375223159790039
  endloop
endfacet
facet normal 0.0 0.0 0.0
  outer loop
    vertex -44.4418830871582 -9.092842102050781 11.065608978271484
    vertex -44.48582077026367 -8.72335147857666 11.375223159790039
    vertex -45.271881103515625 -9.082236289978027 10.902127265930176
  endloop
endfacet
facet normal 0.0 0.0 0.0
  outer loop
    vertex -45.271881103515625 -9.082236289978027 10.902127265930176
    vertex -44.48582077026367 -8.72335147857666 11.375223159790039
    vertex -45.358463287353516 -8.713811874389648 11.198456764221191
  endloop
endfacet
facet normal 0.0 0.0 0.0
  outer loop
    vertex -45.271881103515625 -9.082236289978027 10.902127265930176
    vertex -45.358463287353516 -8.713811874389648 11.198456764221191
    vertex -45.99274444580078 -9.070509910583496 10.665204048156738
  endloop
endfacet
facet normal 0.0 0.0 0.0
  outer loop
    vertex -45.99274444580078 -9.070509910583496 10.665204048156738
    vertex -45.358463287353516 -8.713811874389648 11.198456764221191
    vertex -46.116580963134766 -8.703597068786621 10.942116737365723
  endloop
endfacet
facet normal 0.0 0.0 0.0
  outer loop
    vertex -45.99274444580078 -9.070509910583496 10.665204048156738
    vertex -46.116580963134766 -8.703597068786621 10.942116737365723
    vertex -46.669769287109375 -9.060572624206543 10.349202156066895
  endloop
endfacet
facet normal 0.0 0.0 0.0
  outer loop
    vertex -46.669769287109375 -9.060572624206543 10.349202156066895
    vertex -46.116580963134766 -8.703597068786621 10.942116737365723
    vertex -46.82904052734375 -8.695625305175781 10.599955558776855
  endloop
endfacet
facet normal 0.0 0.0 0.0
  outer loop
    vertex -43.592533111572266 -8.846389770507812 11.345489501953125
    vertex -43.592533111572266 -8.277571678161621 11.702899932861328
    vertex -44.48582077026367 -8.72335147857666 11.375223159790039
  endloop
endfacet
facet normal 0.0 0.0 0.0
  outer loop
    vertex -44.48582077026367 -8.72335147857666 11.375223159790039
    vertex -43.592533111572266 -8.277571678161621 11.702899932861328
    vertex -44.51956558227539 -8.32474136352539 11.614204406738281
  endloop
endfacet
facet normal 0.0 0.0 0.0
  outer loop
    vertex -44.48582077026367 -8.72335147857666 11.375223159790039
    vertex -44.51956558227539 -8.32474136352539 11.614204406738281
    vertex -45.358463287353516 -8.713811874389648 11.198456764221191
  endloop
endfacet
facet normal 0.0 0.0 0.0
  outer loop
    vertex -45.358463287353516 -8.713811874389648 11.198456764221191
    vertex -44.51956558227539 -8.32474136352539 11.614204406738281
    vertex -45.42561340332031 -8.317083358764648 11.426947593688965
  endloop
endfacet
facet normal 0.0 0.0 0.0
  outer loop
    vertex -45.358463287353516 -8.713811874389648 11.198456764221191
    vertex -45.42561340332031 -8.317083358764648 11.426947593688965
    vertex -46.116580963134766 -8.703597068786621 10.942116737365723
  endloop
endfacet
facet normal 0.0 0.0 0.0
  outer loop
    vertex -46.116580963134766 -8.703597068786621 10.942116737365723
    vertex -45.42561340332031 -8.317083358764648 11.426947593688965
    vertex -46.213356018066406 -8.309457778930664 11.155035972595215
  endloop
endfacet
facet normal 0.0 0.0 0.0
  outer loop
    vertex -46.116580963134766 -8.703597068786621 10.942116737365723
    vertex -46.213356018066406 -8.309457778930664 11.155035972595215
    vertex -46.82904052734375 -8.695625305175781 10.599955558776855
  endloop
endfacet
facet normal 0.0 0.0 0.0
  outer loop
    vertex -46.82904052734375 -8.695625305175781 10.599955558776855
    vertex -46.213356018066406 -8.309457778930664 11.155035972595215
    vertex -46.95439529418945 -8.304730415344238 10.791546821594238
  endloop
endfacet
facet normal 0.0 0.0 0.0
  outer loop
    vertex -44.51956558227539 -8.32474136352539 11.614204406738281
    vertex -43.592533111572266 -8.277571678161621 11.702899932861328
    vertex -44.543495178222656 -7.893611431121826 11.789064407348633
  endloop
endfacet
facet normal 0.0 0.0 0.0
  outer loop
    vertex -44.543495178222656 -7.893611431121826 11.789064407348633
    vertex -43.592533111572266 -8.277571678161621 11.702899932861328
    vertex -43.592533111572266 -7.643483638763428 11.92477798461914
  endloop
endfacet
facet normal 0.0 0.0 0.0
  outer loop
    vertex -44.543495178222656 -7.893611431121826 11.789064407348633
    vertex -43.592533111572266 -7.643483638763428 11.92477798461914
    vertex -44.55790328979492 -7.440254211425781 11.895652770996094
  endloop
endfacet
facet normal 0.0 0.0 0.0
  outer loop
    vertex -44.55790328979492 -7.440254211425781 11.895652770996094
    vertex -43.592533111572266 -7.643483638763428 11.92477798461914
    vertex -43.592533111572266 -6.975920677185059 11.999993324279785
  endloop
endfacet
facet normal 0.0 0.0 0.0
  outer loop
    vertex -44.55790328979492 -7.440254211425781 11.895652770996094
    vertex -43.592533111572266 -6.975920677185059 11.999993324279785
    vertex -44.71614456176758 -6.975749969482422 11.90871810913086
  endloop
endfacet
facet normal 0.0 0.0 0.0
  outer loop
    vertex -44.55790328979492 -7.440254211425781 11.895652770996094
    vertex -44.71614456176758 -6.975749969482422 11.90871810913086
    vertex -45.505577087402344 -7.438142776489258 11.695467948913574
  endloop
endfacet
facet normal 0.0 0.0 0.0
  outer loop
    vertex -45.505577087402344 -7.438142776489258 11.695467948913574
    vertex -44.71614456176758 -6.975749969482422 11.90871810913086
    vertex -45.81074905395508 -6.977883338928223 11.638941764831543
  endloop
endfacet
facet normal 0.0 0.0 0.0
  outer loop
    vertex -45.505577087402344 -7.438142776489258 11.695467948913574
    vertex -45.81074905395508 -6.977883338928223 11.638941764831543
    vertex -46.331966400146484 -7.438064098358154 11.403449058532715
  endloop
endfacet
facet normal 0.0 0.0 0.0
  outer loop
    vertex -46.331966400146484 -7.438064098358154 11.403449058532715
    vertex -45.81074905395508 -6.977883338928223 11.638941764831543
    vertex -46.847721099853516 -6.986432075500488 11.19688892364502
  endloop
endfacet
facet normal 0.0 0.0 0.0
  outer loop
    vertex -46.331966400146484 -7.438064098358154 11.403449058532715
    vertex -46.847721099853516 -6.986432075500488 11.19688892364502
    vertex -47.11153030395508 -7.442639350891113 11.01101016998291
  endloop
endfacet
facet normal 0.0 0.0 0.0
  outer loop
    vertex -47.11153030395508 -7.442639350891113 11.01101016998291
    vertex -46.847721099853516 -6.986432075500488 11.19688892364502
    vertex -47.79966354370117 -7.008184432983398 10.594038963317871
  endloop
endfacet
facet normal 0.0 0.0 0.0
  outer loop
    vertex -49.34989547729492 -7.125899314880371 8.981122016906738
    vertex -49.90708541870117 -7.237847328186035 8.020964622497559
    vertex -49.544960021972656 -7.599206447601318 8.622881889343262
  endloop
endfacet
facet normal 0.0 0.0 0.0
  outer loop
    vertex -49.544960021972656 -7.599206447601318 8.622881889343262
    vertex -49.90708541870117 -7.237847328186035 8.020964622497559
    vertex -49.938045501708984 -7.6941986083984375 7.879879951477051
  endloop
endfacet
facet normal 0.0 0.0 0.0
  outer loop
    vertex -49.544960021972656 -7.599206447601318 8.622881889343262
    vertex -49.938045501708984 -7.6941986083984375 7.879879951477051
    vertex -49.812774658203125 -8.111711502075195 7.9282121658325195
  endloop
endfacet
facet normal 0.0 0.0 0.0
  outer loop
    vertex -49.812774658203125 -8.111711502075195 7.9282121658325195
    vertex -49.938045501708984 -7.6941986083984375 7.879879951477051
    vertex -50.154808044433594 -8.101335525512695 7.167738914489746
  endloop
endfacet
facet normal 0.0 0.0 0.0
  outer loop
    vertex -49.812774658203125 -8.111711502075195 7.9282121658325195
    vertex -50.154808044433594 -8.101335525512695 7.167738914489746
    vertex -49.841651916503906 -8.7664794921875 7.272683143615723
  endloop
endfacet
facet normal 0.0 0.0 0.0
  outer loop
    vertex -49.90708541870117 -7.237847328186035 8.020964622497559
    vertex -50.30073165893555 -7.392772197723389 6.999993324279785
    vertex -49.938045501708984 -7.6941986083984375 7.879879951477051
  endloop
endfacet
facet normal 0.0 0.0 0.0
  outer loop
    vertex -49.938045501708984 -7.6941986083984375 7.879879951477051
    vertex -50.30073165893555 -7.392772197723389 6.999993324279785
    vertex -50.154808044433594 -8.101335525512695 7.167738914489746
  endloop
endfacet
facet normal 0.0 0.0 0.0
  outer loop
    vertex -49.380462646484375 -9.347447395324707 7.308394432067871
    vertex -48.799495697021484 -9.808637619018555 7.272683143615723
    vertex -48.82940673828125 -9.502069473266602 7.841599464416504
  endloop
endfacet
facet normal 0.0 0.0 0.0
  outer loop
    vertex -48.82940673828125 -9.502069473266602 7.841599464416504
    vertex -48.799495697021484 -9.808637619018555 7.272683143615723
    vertex -48.51762771606445 -9.730822563171387 7.761765480041504
  endloop
endfacet
facet normal 0.0 0.0 0.0
  outer loop
    vertex -48.82940673828125 -9.502069473266602 7.841599464416504
    vertex -48.51762771606445 -9.730822563171387 7.761765480041504
    vertex -48.5031623840332 -9.422826766967773 8.367684364318848
  endloop
endfacet
facet normal 0.0 0.0 0.0
  outer loop
    vertex -48.5031623840332 -9.422826766967773 8.367684364318848
    vertex -48.51762771606445 -9.730822563171387 7.761765480041504
    vertex -48.21104431152344 -9.654147148132324 8.240250587463379
  endloop
endfacet
facet normal 0.0 0.0 0.0
  outer loop
    vertex -48.5031623840332 -9.422826766967773 8.367684364318848
    vertex -48.21104431152344 -9.654147148132324 8.240250587463379
    vertex -48.10431671142578 -9.371034622192383 8.865893363952637
  endloop
endfacet
facet normal 0.0 0.0 0.0
  outer loop
    vertex -48.10431671142578 -9.371034622192383 8.865893363952637
    vertex -48.21104431152344 -9.654147148132324 8.240250587463379
    vertex -47.835636138916016 -9.603750228881836 8.693198204040527
  endloop
endfacet
facet normal 0.0 0.0 0.0
  outer loop
    vertex -48.10431671142578 -9.371034622192383 8.865893363952637
    vertex -47.835636138916016 -9.603750228881836 8.693198204040527
    vertex -47.636016845703125 -9.342604637145996 9.326041221618652
  endloop
endfacet
facet normal 0.0 0.0 0.0
  outer loop
    vertex -47.636016845703125 -9.342604637145996 9.326041221618652
    vertex -47.835636138916016 -9.603750228881836 8.693198204040527
    vertex -47.39459228515625 -9.575735092163086 9.111273765563965
  endloop
endfacet
facet normal 0.0 0.0 0.0
  outer loop
    vertex -47.636016845703125 -9.342604637145996 9.326041221618652
    vertex -47.39459228515625 -9.575735092163086 9.111273765563965
    vertex -47.10240173339844 -9.33270263671875 9.738175392150879
  endloop
endfacet
facet normal 0.0 0.0 0.0
  outer loop
    vertex -47.10240173339844 -9.33270263671875 9.738175392150879
    vertex -47.39459228515625 -9.575735092163086 9.111273765563965
    vertex -46.89209747314453 -9.565485954284668 9.485394477844238
  endloop
endfacet
facet normal 0.0 0.0 0.0
  outer loop
    vertex -47.10240173339844 -9.33270263671875 9.738175392150879
    vertex -46.89209747314453 -9.565485954284668 9.485394477844238
    vertex -46.51063537597656 -9.335695266723633 10.093688011169434
  endloop
endfacet
facet normal 0.0 0.0 0.0
  outer loop
    vertex -46.51063537597656 -9.335695266723633 10.093688011169434
    vertex -46.89209747314453 -9.565485954284668 9.485394477844238
    vertex -46.335079193115234 -9.56763744354248 9.807829856872559
  endloop
endfacet
facet normal 0.0 0.0 0.0
  outer loop
    vertex -46.51063537597656 -9.335695266723633 10.093688011169434
    vertex -46.335079193115234 -9.56763744354248 9.807829856872559
    vertex -45.86846923828125 -9.345959663391113 10.384303092956543
  endloop
endfacet
facet normal 0.0 0.0 0.0
  outer loop
    vertex -45.86846923828125 -9.345959663391113 10.384303092956543
    vertex -46.335079193115234 -9.56763744354248 9.807829856872559
    vertex -45.73099136352539 -9.576837539672852 10.071173667907715
  endloop
endfacet
facet normal 0.0 0.0 0.0
  outer loop
    vertex -45.86846923828125 -9.345959663391113 10.384303092956543
    vertex -45.73099136352539 -9.576837539672852 10.071173667907715
    vertex -45.18479919433594 -9.357842445373535 10.602181434631348
  endloop
endfacet
facet normal 0.0 0.0 0.0
  outer loop
    vertex -45.18479919433594 -9.357842445373535 10.602181434631348
    vertex -45.73099136352539 -9.576837539672852 10.071173667907715
    vertex -45.08833312988281 -9.587712287902832 10.268450736999512
  endloop
endfacet
facet normal 0.0 0.0 0.0
  outer loop
    vertex -45.18479919433594 -9.357842445373535 10.602181434631348
    vertex -45.08833312988281 -9.587712287902832 10.268450736999512
    vertex -44.39773178100586 -9.368502616882324 10.752513885498047
  endloop
endfacet
facet normal 0.0 0.0 0.0
  outer loop
    vertex -44.39773178100586 -9.368502616882324 10.752513885498047
    vertex -45.08833312988281 -9.587712287902832 10.268450736999512
    vertex -44.3488655090332 -9.597553253173828 10.404478073120117
  endloop
endfacet
facet normal 0.0 0.0 0.0
  outer loop
    vertex -48.51762771606445 -9.730822563171387 7.761765480041504
    vertex -48.799495697021484 -9.808637619018555 7.272683143615723
    vertex -48.18408203125 -9.916934967041016 7.6618852615356445
  endloop
endfacet
facet normal 0.0 0.0 0.0
  outer loop
    vertex -48.18408203125 -9.916934967041016 7.6618852615356445
    vertex -48.799495697021484 -9.808637619018555 7.272683143615723
    vertex -48.13434982299805 -10.121790885925293 7.167738914489746
  endloop
endfacet
facet normal 0.0 0.0 0.0
  outer loop
    vertex -48.18408203125 -9.916934967041016 7.6618852615356445
    vertex -48.13434982299805 -10.121790885925293 7.167738914489746
    vertex -47.83441162109375 -10.056973457336426 7.543576240539551
  endloop
endfacet
facet normal 0.0 0.0 0.0
  outer loop
    vertex -47.83441162109375 -10.056973457336426 7.543576240539551
    vertex -48.13434982299805 -10.121790885925293 7.167738914489746
    vertex -47.4257926940918 -10.267716407775879 6.999993324279785
  endloop
endfacet
facet normal 0.0 0.0 0.0
  outer loop
    vertex -47.83441162109375 -10.056973457336426 7.543576240539551
    vertex -47.4257926940918 -10.267716407775879 6.999993324279785
    vertex -47.20084762573242 -10.159269332885742 7.408381462097168
  endloop
endfacet
facet normal 0.0 0.0 0.0
  outer loop
    vertex -47.83441162109375 -10.056973457336426 7.543576240539551
    vertex -47.20084762573242 -10.159269332885742 7.408381462097168
    vertex -47.571258544921875 -9.984964370727539 7.9260663986206055
  endloop
endfacet
facet normal 0.0 0.0 0.0
  outer loop
    vertex -47.571258544921875 -9.984964370727539 7.9260663986206055
    vertex -47.20084762573242 -10.159269332885742 7.408381462097168
    vertex -46.8824577331543 -10.08090591430664 7.792445182800293
  endloop
endfacet
facet normal 0.0 0.0 0.0
  outer loop
    vertex -47.571258544921875 -9.984964370727539 7.9260663986206055
    vertex -46.8824577331543 -10.08090591430664 7.792445182800293
    vertex -47.24675369262695 -9.93521785736084 8.286799430847168
  endloop
endfacet
facet normal 0.0 0.0 0.0
  outer loop
    vertex -47.24675369262695 -9.93521785736084 8.286799430847168
    vertex -46.8824577331543 -10.08090591430664 7.792445182800293
    vertex -46.477691650390625 -10.029027938842773 8.139365196228027
  endloop
endfacet
facet normal 0.0 0.0 0.0
  outer loop
    vertex -47.24675369262695 -9.93521785736084 8.286799430847168
    vertex -46.477691650390625 -10.029027938842773 8.139365196228027
    vertex -46.864601135253906 -9.904582023620605 8.618292808532715
  endloop
endfacet
facet normal 0.0 0.0 0.0
  outer loop
    vertex -46.864601135253906 -9.904582023620605 8.618292808532715
    vertex -46.477691650390625 -10.029027938842773 8.139365196228027
    vertex -45.99660873413086 -9.998505592346191 8.43761157989502
  endloop
endfacet
facet normal 0.0 0.0 0.0
  outer loop
    vertex -46.864601135253906 -9.904582023620605 8.618292808532715
    vertex -45.99660873413086 -9.998505592346191 8.43761157989502
    vertex -46.42939376831055 -9.88931655883789 8.913422584533691
  endloop
endfacet
facet normal 0.0 0.0 0.0
  outer loop
    vertex -46.42939376831055 -9.88931655883789 8.913422584533691
    vertex -45.99660873413086 -9.998505592346191 8.43761157989502
    vertex -45.94783401489258 -9.885116577148438 9.166518211364746
  endloop
endfacet
facet normal 0.0 0.0 0.0
  outer loop
    vertex -46.42939376831055 -9.88931655883789 8.913422584533691
    vertex -45.94783401489258 -9.885116577148438 9.166518211364746
    vertex -46.14634704589844 -9.751997947692871 9.496914863586426
  endloop
endfacet
facet normal 0.0 0.0 0.0
  outer loop
    vertex -46.14634704589844 -9.751997947692871 9.496914863586426
    vertex -45.94783401489258 -9.885116577148438 9.166518211364746
    vertex -45.58292007446289 -9.758654594421387 9.73173999786377
  endloop
endfacet
facet normal 0.0 0.0 0.0
  outer loop
    vertex -46.14634704589844 -9.751997947692871 9.496914863586426
    vertex -45.58292007446289 -9.758654594421387 9.73173999786377
    vertex -45.73099136352539 -9.576837539672852 10.071173667907715
  endloop
endfacet
facet normal 0.0 0.0 0.0
  outer loop
    vertex -45.73099136352539 -9.576837539672852 10.071173667907715
    vertex -45.58292007446289 -9.758654594421387 9.73173999786377
    vertex -45.08833312988281 -9.587712287902832 10.268450736999512
  endloop
endfacet
facet normal 0.0 0.0 0.0
  outer loop
    vertex -45.99660873413086 -9.998505592346191 8.43761157989502
    vertex -45.452640533447266 -9.983278274536133 8.678752899169922
    vertex -45.94783401489258 -9.885116577148438 9.166518211364746
  endloop
endfacet
facet normal 0.0 0.0 0.0
  outer loop
    vertex -45.94783401489258 -9.885116577148438 9.166518211364746
    vertex -45.452640533447266 -9.983278274536133 8.678752899169922
    vertex -45.42697525024414 -9.88770580291748 9.372237205505371
  endloop
endfacet
facet normal 0.0 0.0 0.0
  outer loop
    vertex -45.94783401489258 -9.885116577148438 9.166518211364746
    vertex -45.42697525024414 -9.88770580291748 9.372237205505371
    vertex -45.58292007446289 -9.758654594421387 9.73173999786377
  endloop
endfacet
facet normal 0.0 0.0 0.0
  outer loop
    vertex -45.58292007446289 -9.758654594421387 9.73173999786377
    vertex -45.42697525024414 -9.88770580291748 9.372237205505371
    vertex -44.98428726196289 -9.767288208007812 9.90737247467041
  endloop
endfacet
facet normal 0.0 0.0 0.0
  outer loop
    vertex -45.58292007446289 -9.758654594421387 9.73173999786377
    vertex -44.98428726196289 -9.767288208007812 9.90737247467041
    vertex -45.08833312988281 -9.587712287902832 10.268450736999512
  endloop
endfacet
facet normal 0.0 0.0 0.0
  outer loop
    vertex -45.08833312988281 -9.587712287902832 10.268450736999512
    vertex -44.98428726196289 -9.767288208007812 9.90737247467041
    vertex -44.3488655090332 -9.597553253173828 10.404478073120117
  endloop
endfacet
facet normal 0.0 0.0 0.0
  outer loop
    vertex -45.452640533447266 -9.983278274536133 8.678752899169922
    vertex -44.860084533691406 -9.977293968200684 8.855573654174805
    vertex -45.42697525024414 -9.88770580291748 9.372237205505371
  endloop
endfacet
facet normal 0.0 0.0 0.0
  outer loop
    vertex -45.42697525024414 -9.88770580291748 9.372237205505371
    vertex -44.860084533691406 -9.977293968200684 8.855573654174805
    vertex -44.87457275390625 -9.892828941345215 9.525713920593262
  endloop
endfacet
facet normal 0.0 0.0 0.0
  outer loop
    vertex -45.42697525024414 -9.88770580291748 9.372237205505371
    vertex -44.87457275390625 -9.892828941345215 9.525713920593262
    vertex -44.98428726196289 -9.767288208007812 9.90737247467041
  endloop
endfacet
facet normal 0.0 0.0 0.0
  outer loop
    vertex -44.98428726196289 -9.767288208007812 9.90737247467041
    vertex -44.87457275390625 -9.892828941345215 9.525713920593262
    vertex -44.296112060546875 -9.775384902954102 10.028312683105469
  endloop
endfacet
facet normal 0.0 0.0 0.0
  outer loop
    vertex -44.98428726196289 -9.767288208007812 9.90737247467041
    vertex -44.296112060546875 -9.775384902954102 10.028312683105469
    vertex -44.3488655090332 -9.597553253173828 10.404478073120117
  endloop
endfacet
facet normal 0.0 0.0 0.0
  outer loop
    vertex -44.860084533691406 -9.977293968200684 8.855573654174805
    vertex -44.234596252441406 -9.975801467895508 8.963483810424805
    vertex -44.87457275390625 -9.892828941345215 9.525713920593262
  endloop
endfacet
facet normal 0.0 0.0 0.0
  outer loop
    vertex -44.87457275390625 -9.892828941345215 9.525713920593262
    vertex -44.234596252441406 -9.975801467895508 8.963483810424805
    vertex -44.24040222167969 -9.898231506347656 9.631165504455566
  endloop
endfacet
facet normal 0.0 0.0 0.0
  outer loop
    vertex -44.87457275390625 -9.892828941345215 9.525713920593262
    vertex -44.24040222167969 -9.898231506347656 9.631165504455566
    vertex -44.296112060546875 -9.775384902954102 10.028312683105469
  endloop
endfacet
facet normal 0.0 0.0 0.0
  outer loop
    vertex -45.42561340332031 -8.317083358764648 11.426947593688965
    vertex -44.51956558227539 -8.32474136352539 11.614204406738281
    vertex -44.543495178222656 -7.893611431121826 11.789064407348633
  endloop
endfacet
facet normal 0.0 0.0 0.0
  outer loop
    vertex -44.543495178222656 -7.893611431121826 11.789064407348633
    vertex -44.55790328979492 -7.440254211425781 11.895652770996094
    vertex -45.474891662597656 -7.888496398925781 11.593920707702637
  endloop
endfacet
facet normal 0.0 0.0 0.0
  outer loop
    vertex -45.474891662597656 -7.888496398925781 11.593920707702637
    vertex -44.55790328979492 -7.440254211425781 11.895652770996094
    vertex -45.505577087402344 -7.438142776489258 11.695467948913574
  endloop
endfacet
facet normal 0.0 0.0 0.0
  outer loop
    vertex -45.474891662597656 -7.888496398925781 11.593920707702637
    vertex -45.505577087402344 -7.438142776489258 11.695467948913574
    vertex -46.285701751708984 -7.884339332580566 11.3100004196167
  endloop
endfacet
facet normal 0.0 0.0 0.0
  outer loop
    vertex -46.285701751708984 -7.884339332580566 11.3100004196167
    vertex -45.505577087402344 -7.438142776489258 11.695467948913574
    vertex -46.331966400146484 -7.438064098358154 11.403449058532715
  endloop
endfacet
facet normal 0.0 0.0 0.0
  outer loop
    vertex -46.285701751708984 -7.884339332580566 11.3100004196167
    vertex -46.331966400146484 -7.438064098358154 11.403449058532715
    vertex -47.04926681518555 -7.8839006423950195 10.929596900939941
  endloop
endfacet
facet normal 0.0 0.0 0.0
  outer loop
    vertex -47.04926681518555 -7.8839006423950195 10.929596900939941
    vertex -46.331966400146484 -7.438064098358154 11.403449058532715
    vertex -47.11153030395508 -7.442639350891113 11.01101016998291
  endloop
endfacet
facet normal 0.0 0.0 0.0
  outer loop
    vertex -46.213356018066406 -8.309457778930664 11.155035972595215
    vertex -45.42561340332031 -8.317083358764648 11.426947593688965
    vertex -45.474891662597656 -7.888496398925781 11.593920707702637
  endloop
endfacet
facet normal 0.0 0.0 0.0
  outer loop
    vertex -45.474891662597656 -7.888496398925781 11.593920707702637
    vertex -45.42561340332031 -8.317083358764648 11.426947593688965
    vertex -44.543495178222656 -7.893611431121826 11.789064407348633
  endloop
endfacet
facet normal 0.0 0.0 0.0
  outer loop
    vertex -46.213356018066406 -8.309457778930664 11.155035972595215
    vertex -45.474891662597656 -7.888496398925781 11.593920707702637
    vertex -46.285701751708984 -7.884339332580566 11.3100004196167
  endloop
endfacet
facet normal 0.0 0.0 0.0
  outer loop
    vertex -46.95439529418945 -8.304730415344238 10.791546821594238
    vertex -46.213356018066406 -8.309457778930664 11.155035972595215
    vertex -46.285701751708984 -7.884339332580566 11.3100004196167
  endloop
endfacet
facet normal 0.0 0.0 0.0
  outer loop
    vertex -46.95439529418945 -8.304730415344238 10.791546821594238
    vertex -46.285701751708984 -7.884339332580566 11.3100004196167
    vertex -47.04926681518555 -7.8839006423950195 10.929596900939941
  endloop
endfacet
facet normal 0.0 0.0 0.0
  outer loop
    vertex -46.14634704589844 -9.751997947692871 9.496914863586426
    vertex -45.73099136352539 -9.576837539672852 10.071173667907715
    vertex -46.335079193115234 -9.56763744354248 9.807829856872559
  endloop
endfacet
facet normal 0.0 0.0 0.0
  outer loop
    vertex -46.14634704589844 -9.751997947692871 9.496914863586426
    vertex -46.335079193115234 -9.56763744354248 9.807829856872559
    vertex -46.666439056396484 -9.752225875854492 9.208867073059082
  endloop
endfacet
facet normal 0.0 0.0 0.0
  outer loop
    vertex -46.666439056396484 -9.752225875854492 9.208867073059082
    vertex -46.335079193115234 -9.56763744354248 9.807829856872559
    vertex -46.89209747314453 -9.565485954284668 9.485394477844238
  endloop
endfacet
facet normal 0.0 0.0 0.0
  outer loop
    vertex -46.666439056396484 -9.752225875854492 9.208867073059082
    vertex -46.89209747314453 -9.565485954284668 9.485394477844238
    vertex -47.13597106933594 -9.764244079589844 8.874009132385254
  endloop
endfacet
facet normal 0.0 0.0 0.0
  outer loop
    vertex -47.13597106933594 -9.764244079589844 8.874009132385254
    vertex -46.89209747314453 -9.565485954284668 9.485394477844238
    vertex -47.39459228515625 -9.575735092163086 9.111273765563965
  endloop
endfacet
facet normal 0.0 0.0 0.0
  outer loop
    vertex -47.13597106933594 -9.764244079589844 8.874009132385254
    vertex -47.39459228515625 -9.575735092163086 9.111273765563965
    vertex -47.54815673828125 -9.792978286743164 8.4990873336792
  endloop
endfacet
facet normal 0.0 0.0 0.0
  outer loop
    vertex -47.54815673828125 -9.792978286743164 8.4990873336792
    vertex -47.39459228515625 -9.575735092163086 9.111273765563965
    vertex -47.835636138916016 -9.603750228881836 8.693198204040527
  endloop
endfacet
facet normal 0.0 0.0 0.0
  outer loop
    vertex -47.54815673828125 -9.792978286743164 8.4990873336792
    vertex -47.835636138916016 -9.603750228881836 8.693198204040527
    vertex -47.89866256713867 -9.842679023742676 8.09223461151123
  endloop
endfacet
facet normal 0.0 0.0 0.0
  outer loop
    vertex -47.89866256713867 -9.842679023742676 8.09223461151123
    vertex -47.835636138916016 -9.603750228881836 8.693198204040527
    vertex -48.21104431152344 -9.654147148132324 8.240250587463379
  endloop
endfacet
facet normal 0.0 0.0 0.0
  outer loop
    vertex -47.89866256713867 -9.842679023742676 8.09223461151123
    vertex -48.21104431152344 -9.654147148132324 8.240250587463379
    vertex -48.18408203125 -9.916934967041016 7.6618852615356445
  endloop
endfacet
facet normal 0.0 0.0 0.0
  outer loop
    vertex -48.18408203125 -9.916934967041016 7.6618852615356445
    vertex -48.21104431152344 -9.654147148132324 8.240250587463379
    vertex -48.51762771606445 -9.730822563171387 7.761765480041504
  endloop
endfacet
facet normal 0.0 0.0 0.0
  outer loop
    vertex -47.7546501159668 -7.8922295570373535 10.461747169494629
    vertex -47.83308029174805 -7.456442832946777 10.526644706726074
    vertex -48.39178466796875 -7.914401531219482 9.916281700134277
  endloop
endfacet
facet normal 0.0 0.0 0.0
  outer loop
    vertex -48.39178466796875 -7.914401531219482 9.916281700134277
    vertex -47.83308029174805 -7.456442832946777 10.526644706726074
    vertex -48.485660552978516 -7.4841108322143555 9.959870338439941
  endloop
endfacet
facet normal 0.0 0.0 0.0
  outer loop
    vertex -48.39178466796875 -7.914401531219482 9.916281700134277
    vertex -48.485660552978516 -7.4841108322143555 9.959870338439941
    vertex -48.95115661621094 -7.955527305603027 9.303593635559082
  endloop
endfacet
facet normal 0.0 0.0 0.0
  outer loop
    vertex -48.95115661621094 -7.955527305603027 9.303593635559082
    vertex -48.485660552978516 -7.4841108322143555 9.959870338439941
    vertex -49.05878448486328 -7.53032922744751 9.320878028869629
  endloop
endfacet
facet normal 0.0 0.0 0.0
  outer loop
    vertex -48.95115661621094 -7.955527305603027 9.303593635559082
    vertex -49.05878448486328 -7.53032922744751 9.320878028869629
    vertex -49.426490783691406 -8.020049095153809 8.636462211608887
  endloop
endfacet
facet normal 0.0 0.0 0.0
  outer loop
    vertex -47.63801193237305 -8.308331489562988 10.345688819885254
    vertex -47.7546501159668 -7.8922295570373535 10.461747169494629
    vertex -48.25489044189453 -8.325689315795898 9.82730770111084
  endloop
endfacet
facet normal 0.0 0.0 0.0
  outer loop
    vertex -48.25489044189453 -8.325689315795898 9.82730770111084
    vertex -47.7546501159668 -7.8922295570373535 10.461747169494629
    vertex -48.39178466796875 -7.914401531219482 9.916281700134277
  endloop
endfacet
facet normal 0.0 0.0 0.0
  outer loop
    vertex -48.25489044189453 -8.325689315795898 9.82730770111084
    vertex -48.39178466796875 -7.914401531219482 9.916281700134277
    vertex -48.796363830566406 -8.36225700378418 9.24671459197998
  endloop
endfacet
facet normal 0.0 0.0 0.0
  outer loop
    vertex -48.796363830566406 -8.36225700378418 9.24671459197998
    vertex -48.39178466796875 -7.914401531219482 9.916281700134277
    vertex -48.95115661621094 -7.955527305603027 9.303593635559082
  endloop
endfacet
facet normal 0.0 0.0 0.0
  outer loop
    vertex -48.796363830566406 -8.36225700378418 9.24671459197998
    vertex -48.95115661621094 -7.955527305603027 9.303593635559082
    vertex -49.25706481933594 -8.42274284362793 8.616137504577637
  endloop
endfacet
facet normal 0.0 0.0 0.0
  outer loop
    vertex -49.25706481933594 -8.42274284362793 8.616137504577637
    vertex -48.95115661621094 -7.955527305603027 9.303593635559082
    vertex -49.426490783691406 -8.020049095153809 8.636462211608887
  endloop
endfacet
facet normal 0.0 0.0 0.0
  outer loop
    vertex -49.25706481933594 -8.42274284362793 8.616137504577637
    vertex -49.426490783691406 -8.020049095153809 8.636462211608887
    vertex -49.632850646972656 -8.511122703552246 7.948180198669434
  endloop
endfacet
facet normal 0.0 0.0 0.0
  outer loop
    vertex -47.85597610473633 -9.069070816040039 9.514533042907715
    vertex -47.293556213378906 -9.058184623718262 9.962651252746582
    vertex -47.48571014404297 -8.695575714111328 10.181015968322754
  endloop
endfacet
facet normal 0.0 0.0 0.0
  outer loop
    vertex -47.48571014404297 -8.695575714111328 10.181015968322754
    vertex -47.63801193237305 -8.308331489562988 10.345688819885254
    vertex -48.077919006347656 -8.7091064453125 9.694857597351074
  endloop
endfacet
facet normal 0.0 0.0 0.0
  outer loop
    vertex -48.077919006347656 -8.7091064453125 9.694857597351074
    vertex -47.63801193237305 -8.308331489562988 10.345688819885254
    vertex -48.25489044189453 -8.325689315795898 9.82730770111084
  endloop
endfacet
facet normal 0.0 0.0 0.0
  outer loop
    vertex -48.077919006347656 -8.7091064453125 9.694857597351074
    vertex -48.25489044189453 -8.325689315795898 9.82730770111084
    vertex -48.59766387939453 -8.741889953613281 9.151440620422363
  endloop
endfacet
facet normal 0.0 0.0 0.0
  outer loop
    vertex -48.59766387939453 -8.741889953613281 9.151440620422363
    vertex -48.25489044189453 -8.325689315795898 9.82730770111084
    vertex -48.796363830566406 -8.36225700378418 9.24671459197998
  endloop
endfacet
facet normal 0.0 0.0 0.0
  outer loop
    vertex -48.59766387939453 -8.741889953613281 9.151440620422363
    vertex -48.796363830566406 -8.36225700378418 9.24671459197998
    vertex -49.04023742675781 -8.79880428314209 8.562325477600098
  endloop
endfacet
facet normal 0.0 0.0 0.0
  outer loop
    vertex -49.04023742675781 -8.79880428314209 8.562325477600098
    vertex -48.796363830566406 -8.36225700378418 9.24671459197998
    vertex -49.25706481933594 -8.42274284362793 8.616137504577637
  endloop
endfacet
facet normal 0.0 0.0 0.0
  outer loop
    vertex -49.04023742675781 -8.79880428314209 8.562325477600098
    vertex -49.25706481933594 -8.42274284362793 8.616137504577637
    vertex -49.40207290649414 -8.883971214294434 7.939349174499512
  endloop
endfacet
facet normal 0.0 0.0 0.0
  outer loop
    vertex -49.40207290649414 -8.883971214294434 7.939349174499512
    vertex -49.25706481933594 -8.42274284362793 8.616137504577637
    vertex -49.632850646972656 -8.511122703552246 7.948180198669434
  endloop
endfacet
facet normal 0.0 0.0 0.0
  outer loop
    vertex -46.864601135253906 -9.904582023620605 8.618292808532715
    vertex -46.42939376831055 -9.88931655883789 8.913422584533691
    vertex -46.666439056396484 -9.752225875854492 9.208867073059082
  endloop
endfacet
facet normal 0.0 0.0 0.0
  outer loop
    vertex -46.666439056396484 -9.752225875854492 9.208867073059082
    vertex -46.42939376831055 -9.88931655883789 8.913422584533691
    vertex -46.14634704589844 -9.751997947692871 9.496914863586426
  endloop
endfacet
facet normal 0.0 0.0 0.0
  outer loop
    vertex -46.864601135253906 -9.904582023620605 8.618292808532715
    vertex -46.666439056396484 -9.752225875854492 9.208867073059082
    vertex -47.13597106933594 -9.764244079589844 8.874009132385254
  endloop
endfacet
facet normal 0.0 0.0 0.0
  outer loop
    vertex -48.59766387939453 -8.741889953613281 9.151440620422363
    vertex -48.34954071044922 -9.098969459533691 9.01418399810791
    vertex -48.077919006347656 -8.7091064453125 9.694857597351074
  endloop
endfacet
facet normal 0.0 0.0 0.0
  outer loop
    vertex -48.077919006347656 -8.7091064453125 9.694857597351074
    vertex -48.34954071044922 -9.098969459533691 9.01418399810791
    vertex -47.85597610473633 -9.069070816040039 9.514533042907715
  endloop
endfacet
facet normal 0.0 0.0 0.0
  outer loop
    vertex -48.077919006347656 -8.7091064453125 9.694857597351074
    vertex -47.85597610473633 -9.069070816040039 9.514533042907715
    vertex -47.48571014404297 -8.695575714111328 10.181015968322754
  endloop
endfacet
facet normal 0.0 0.0 0.0
  outer loop
    vertex -48.34954071044922 -9.098969459533691 9.01418399810791
    vertex -48.59766387939453 -8.741889953613281 9.151440620422363
    vertex -48.76996994018555 -9.152804374694824 8.472355842590332
  endloop
endfacet
facet normal 0.0 0.0 0.0
  outer loop
    vertex -48.76996994018555 -9.152804374694824 8.472355842590332
    vertex -48.59766387939453 -8.741889953613281 9.151440620422363
    vertex -49.04023742675781 -8.79880428314209 8.562325477600098
  endloop
endfacet
facet normal 0.0 0.0 0.0
  outer loop
    vertex -48.76996994018555 -9.152804374694824 8.472355842590332
    vertex -49.04023742675781 -8.79880428314209 8.562325477600098
    vertex -49.11402130126953 -9.23473834991455 7.900025367736816
  endloop
endfacet
facet normal 0.0 0.0 0.0
  outer loop
    vertex -49.11402130126953 -9.23473834991455 7.900025367736816
    vertex -49.04023742675781 -8.79880428314209 8.562325477600098
    vertex -49.40207290649414 -8.883971214294434 7.939349174499512
  endloop
endfacet
facet normal 0.0 0.0 0.0
  outer loop
    vertex -46.864601135253906 -9.904582023620605 8.618292808532715
    vertex -47.13597106933594 -9.764244079589844 8.874009132385254
    vertex -47.24675369262695 -9.93521785736084 8.286799430847168
  endloop
endfacet
facet normal 0.0 0.0 0.0
  outer loop
    vertex -47.24675369262695 -9.93521785736084 8.286799430847168
    vertex -47.13597106933594 -9.764244079589844 8.874009132385254
    vertex -47.54815673828125 -9.792978286743164 8.4990873336792
  endloop
endfacet
facet normal 0.0 0.0 0.0
  outer loop
    vertex -47.24675369262695 -9.93521785736084 8.286799430847168
    vertex -47.54815673828125 -9.792978286743164 8.4990873336792
    vertex -47.571258544921875 -9.984964370727539 7.9260663986206055
  endloop
endfacet
facet normal 0.0 0.0 0.0
  outer loop
    vertex -47.571258544921875 -9.984964370727539 7.9260663986206055
    vertex -47.54815673828125 -9.792978286743164 8.4990873336792
    vertex -47.89866256713867 -9.842679023742676 8.09223461151123
  endloop
endfacet
facet normal 0.0 0.0 0.0
  outer loop
    vertex -47.571258544921875 -9.984964370727539 7.9260663986206055
    vertex -47.89866256713867 -9.842679023742676 8.09223461151123
    vertex -47.83441162109375 -10.056973457336426 7.543576240539551
  endloop
endfacet
facet normal 0.0 0.0 0.0
  outer loop
    vertex -47.83441162109375 -10.056973457336426 7.543576240539551
    vertex -47.89866256713867 -9.842679023742676 8.09223461151123
    vertex -48.18408203125 -9.916934967041016 7.6618852615356445
  endloop
endfacet
facet normal 0.0 0.0 0.0
  outer loop
    vertex -43.592533111572266 -7.643483638763428 11.92477798461914
    vertex -29.064666748046875 -7.445224285125732 11.96306037902832
    vertex -43.592533111572266 -6.975920677185059 11.999993324279785
  endloop
endfacet
facet normal 0.0 0.0 0.0
  outer loop
    vertex -43.592533111572266 -6.975920677185059 11.999993324279785
    vertex -29.064666748046875 -7.445224285125732 11.96306037902832
    vertex -14.536806106567383 -7.445224285125732 11.963062286376953
  endloop
endfacet
facet normal 0.0 0.0 0.0
  outer loop
    vertex -43.592533111572266 -6.975920677185059 11.999993324279785
    vertex -14.536806106567383 -7.445224285125732 11.963062286376953
    vertex -0.00894176121801138 -7.445224285125732 11.963064193725586
  endloop
endfacet
facet normal 0.0 0.0 0.0
  outer loop
    vertex -0.00894176121801138 -7.445224285125732 11.963064193725586
    vertex -14.536806106567383 -7.445224285125732 11.963062286376953
    vertex -0.00894173327833414 -8.167364120483398 11.753263473510742
  endloop
endfacet
facet normal 0.0 0.0 0.0
  outer loop
    vertex -0.00894176121801138 -7.445224285125732 11.963064193725586
    vertex -0.00894173327833414 -8.167364120483398 11.753263473510742
    vertex 14.518918991088867 -8.167364120483398 11.753265380859375
  endloop
endfacet
facet normal 0.0 0.0 0.0
  outer loop
    vertex 14.518918991088867 -8.167364120483398 11.753265380859375
    vertex -0.00894173327833414 -8.167364120483398 11.753263473510742
    vertex 14.518918991088867 -8.814641952514648 11.370466232299805
  endloop
endfacet
facet normal 0.0 0.0 0.0
  outer loop
    vertex 14.518918991088867 -8.167364120483398 11.753265380859375
    vertex 14.518918991088867 -8.814641952514648 11.370466232299805
    vertex 29.04677963256836 -8.814641952514648 11.370468139648438
  endloop
endfacet
facet normal 0.0 0.0 0.0
  outer loop
    vertex 29.04677963256836 -8.814641952514648 11.370468139648438
    vertex 14.518918991088867 -8.814641952514648 11.370466232299805
    vertex 29.04677963256836 -9.346385955810547 10.838724136352539
  endloop
endfacet
facet normal 0.0 0.0 0.0
  outer loop
    vertex 29.04677963256836 -8.814641952514648 11.370468139648438
    vertex 29.04677963256836 -9.346385955810547 10.838724136352539
    vertex 43.574642181396484 -9.321414947509766 10.870475769042969
  endloop
endfacet
facet normal 0.0 0.0 0.0
  outer loop
    vertex 43.574642181396484 -9.321414947509766 10.870475769042969
    vertex 29.04677963256836 -9.346385955810547 10.838724136352539
    vertex 43.574642181396484 -9.678827285766602 10.301656723022461
  endloop
endfacet
facet normal 0.0 0.0 0.0
  outer loop
    vertex 43.574642181396484 -9.678827285766602 10.301656723022461
    vertex 29.04677963256836 -9.346385955810547 10.838724136352539
    vertex 29.04677963256836 -9.7291841506958 10.191448211669922
  endloop
endfacet
facet normal 0.0 0.0 0.0
  outer loop
    vertex 43.574642181396484 -9.678827285766602 10.301656723022461
    vertex 29.04677963256836 -9.7291841506958 10.191448211669922
    vertex 43.574642181396484 -9.900704383850098 9.66756820678711
  endloop
endfacet
facet normal 0.0 0.0 0.0
  outer loop
    vertex 43.574642181396484 -9.900704383850098 9.66756820678711
    vertex 29.04677963256836 -9.7291841506958 10.191448211669922
    vertex 29.04677963256836 -9.938985824584961 9.469306945800781
  endloop
endfacet
facet normal 0.0 0.0 0.0
  outer loop
    vertex 43.574642181396484 -9.900704383850098 9.66756820678711
    vertex 29.04677963256836 -9.938985824584961 9.469306945800781
    vertex 43.574642181396484 -9.975920677185059 9.000005722045898
  endloop
endfacet
facet normal 0.0 0.0 0.0
  outer loop
    vertex 43.574642181396484 -9.975920677185059 9.000005722045898
    vertex 29.04677963256836 -9.938985824584961 9.469306945800781
    vertex 14.518919944763184 -9.938985824584961 9.469305038452148
  endloop
endfacet
facet normal 0.0 0.0 0.0
  outer loop
    vertex 43.574642181396484 -9.975920677185059 9.000005722045898
    vertex 14.518919944763184 -9.938985824584961 9.469305038452148
    vertex -0.008941429667174816 -9.938985824584961 9.469303131103516
  endloop
endfacet
facet normal 0.0 0.0 0.0
  outer loop
    vertex -0.008941429667174816 -9.938985824584961 9.469303131103516
    vertex 14.518919944763184 -9.938985824584961 9.469305038452148
    vertex -0.008941525593400002 -9.7291841506958 10.191444396972656
  endloop
endfacet
facet normal 0.0 0.0 0.0
  outer loop
    vertex -0.008941429667174816 -9.938985824584961 9.469303131103516
    vertex -0.008941525593400002 -9.7291841506958 10.191444396972656
    vertex -14.536806106567383 -9.7291841506958 10.191442489624023
  endloop
endfacet
facet normal 0.0 0.0 0.0
  outer loop
    vertex -14.536806106567383 -9.7291841506958 10.191442489624023
    vertex -0.008941525593400002 -9.7291841506958 10.191444396972656
    vertex -14.536806106567383 -9.346385955810547 10.83871841430664
  endloop
endfacet
facet normal 0.0 0.0 0.0
  outer loop
    vertex -14.536806106567383 -9.7291841506958 10.191442489624023
    vertex -14.536806106567383 -9.346385955810547 10.83871841430664
    vertex -29.064666748046875 -9.346385955810547 10.838716506958008
  endloop
endfacet
facet normal 0.0 0.0 0.0
  outer loop
    vertex -29.064666748046875 -9.346385955810547 10.838716506958008
    vertex -14.536806106567383 -9.346385955810547 10.83871841430664
    vertex -29.064666748046875 -8.814641952514648 11.370460510253906
  endloop
endfacet
facet normal 0.0 0.0 0.0
  outer loop
    vertex -29.064666748046875 -9.346385955810547 10.838716506958008
    vertex -29.064666748046875 -8.814641952514648 11.370460510253906
    vertex -43.592533111572266 -9.321414947509766 10.870464324951172
  endloop
endfacet
facet normal 0.0 0.0 0.0
  outer loop
    vertex -43.592533111572266 -9.321414947509766 10.870464324951172
    vertex -29.064666748046875 -8.814641952514648 11.370460510253906
    vertex -43.592533111572266 -8.846389770507812 11.345489501953125
  endloop
endfacet
facet normal 0.0 0.0 0.0
  outer loop
    vertex -43.592533111572266 -8.846389770507812 11.345489501953125
    vertex -29.064666748046875 -8.814641952514648 11.370460510253906
    vertex -43.592533111572266 -8.277571678161621 11.702899932861328
  endloop
endfacet
facet normal 0.0 0.0 0.0
  outer loop
    vertex -43.592533111572266 -8.277571678161621 11.702899932861328
    vertex -29.064666748046875 -8.814641952514648 11.370460510253906
    vertex -29.064666748046875 -8.167364120483398 11.753259658813477
  endloop
endfacet
facet normal 0.0 0.0 0.0
  outer loop
    vertex -43.592533111572266 -8.277571678161621 11.702899932861328
    vertex -29.064666748046875 -8.167364120483398 11.753259658813477
    vertex -43.592533111572266 -7.643483638763428 11.92477798461914
  endloop
endfacet
facet normal 0.0 0.0 0.0
  outer loop
    vertex -43.592533111572266 -7.643483638763428 11.92477798461914
    vertex -29.064666748046875 -8.167364120483398 11.753259658813477
    vertex -29.064666748046875 -7.445224285125732 11.96306037902832
  endloop
endfacet
facet normal 0.0 0.0 0.0
  outer loop
    vertex -43.592533111572266 -9.321414947509766 10.870464324951172
    vertex -43.592533111572266 -9.678827285766602 10.301645278930664
    vertex -29.064666748046875 -9.346385955810547 10.838716506958008
  endloop
endfacet
facet normal 0.0 0.0 0.0
  outer loop
    vertex -29.064666748046875 -9.346385955810547 10.838716506958008
    vertex -43.592533111572266 -9.678827285766602 10.301645278930664
    vertex -29.064666748046875 -9.7291841506958 10.19144058227539
  endloop
endfacet
facet normal 0.0 0.0 0.0
  outer loop
    vertex -29.064666748046875 -9.346385955810547 10.838716506958008
    vertex -29.064666748046875 -9.7291841506958 10.19144058227539
    vertex -14.536806106567383 -9.7291841506958 10.191442489624023
  endloop
endfacet
facet normal 0.0 0.0 0.0
  outer loop
    vertex -14.536806106567383 -9.7291841506958 10.191442489624023
    vertex -29.064666748046875 -9.7291841506958 10.19144058227539
    vertex -14.536805152893066 -9.938985824584961 9.469301223754883
  endloop
endfacet
facet normal 0.0 0.0 0.0
  outer loop
    vertex -14.536806106567383 -9.7291841506958 10.191442489624023
    vertex -14.536805152893066 -9.938985824584961 9.469301223754883
    vertex -0.008941429667174816 -9.938985824584961 9.469303131103516
  endloop
endfacet
facet normal 0.0 0.0 0.0
  outer loop
    vertex -0.008941429667174816 -9.938985824584961 9.469303131103516
    vertex -14.536805152893066 -9.938985824584961 9.469301223754883
    vertex -43.592533111572266 -9.975920677185059 8.999994277954102
  endloop
endfacet
facet normal 0.0 0.0 0.0
  outer loop
    vertex -0.008941429667174816 -9.938985824584961 9.469303131103516
    vertex -43.592533111572266 -9.975920677185059 8.999994277954102
    vertex 43.574642181396484 -9.975920677185059 9.000005722045898
  endloop
endfacet
facet normal 0.0 0.0 0.0
  outer loop
    vertex -43.592533111572266 -9.678827285766602 10.301645278930664
    vertex -43.592533111572266 -9.900704383850098 9.667556762695312
    vertex -29.064666748046875 -9.7291841506958 10.19144058227539
  endloop
endfacet
facet normal 0.0 0.0 0.0
  outer loop
    vertex -29.064666748046875 -9.7291841506958 10.19144058227539
    vertex -43.592533111572266 -9.900704383850098 9.667556762695312
    vertex -29.064666748046875 -9.938985824584961 9.46929931640625
  endloop
endfacet
facet normal 0.0 0.0 0.0
  outer loop
    vertex -29.064666748046875 -9.7291841506958 10.19144058227539
    vertex -29.064666748046875 -9.938985824584961 9.46929931640625
    vertex -14.536805152893066 -9.938985824584961 9.469301223754883
  endloop
endfacet
facet normal 0.0 0.0 0.0
  outer loop
    vertex -14.536805152893066 -9.938985824584961 9.469301223754883
    vertex -29.064666748046875 -9.938985824584961 9.46929931640625
    vertex -43.592533111572266 -9.975920677185059 8.999994277954102
  endloop
endfacet
facet normal 0.0 0.0 0.0
  outer loop
    vertex -43.592533111572266 -9.900704383850098 9.667556762695312
    vertex -43.592533111572266 -9.975920677185059 8.999994277954102
    vertex -29.064666748046875 -9.938985824584961 9.46929931640625
  endloop
endfacet
facet normal 0.0 0.0 0.0
  outer loop
    vertex 43.574642181396484 -9.321414947509766 10.870475769042969
    vertex 43.574642181396484 -8.846389770507812 11.345500946044922
    vertex 29.04677963256836 -8.814641952514648 11.370468139648438
  endloop
endfacet
facet normal 0.0 0.0 0.0
  outer loop
    vertex 29.04677963256836 -8.814641952514648 11.370468139648438
    vertex 43.574642181396484 -8.846389770507812 11.345500946044922
    vertex 43.574642181396484 -8.277571678161621 11.702911376953125
  endloop
endfacet
facet normal 0.0 0.0 0.0
  outer loop
    vertex 29.04677963256836 -8.814641952514648 11.370468139648438
    vertex 43.574642181396484 -8.277571678161621 11.702911376953125
    vertex 29.04677963256836 -8.167364120483398 11.753267288208008
  endloop
endfacet
facet normal 0.0 0.0 0.0
  outer loop
    vertex 29.04677963256836 -8.167364120483398 11.753267288208008
    vertex 43.574642181396484 -8.277571678161621 11.702911376953125
    vertex 43.574642181396484 -7.643483638763428 11.924789428710938
  endloop
endfacet
facet normal 0.0 0.0 0.0
  outer loop
    vertex 29.04677963256836 -8.167364120483398 11.753267288208008
    vertex 43.574642181396484 -7.643483638763428 11.924789428710938
    vertex 29.04677963256836 -7.445224285125732 11.963068008422852
  endloop
endfacet
facet normal 0.0 0.0 0.0
  outer loop
    vertex 29.04677963256836 -7.445224285125732 11.963068008422852
    vertex 43.574642181396484 -7.643483638763428 11.924789428710938
    vertex 43.574642181396484 -6.975920677185059 12.000004768371582
  endloop
endfacet
facet normal 0.0 0.0 0.0
  outer loop
    vertex 29.04677963256836 -7.445224285125732 11.963068008422852
    vertex 43.574642181396484 -6.975920677185059 12.000004768371582
    vertex 14.518918991088867 -7.445224285125732 11.963066101074219
  endloop
endfacet
facet normal 0.0 0.0 0.0
  outer loop
    vertex 14.518918991088867 -7.445224285125732 11.963066101074219
    vertex 43.574642181396484 -6.975920677185059 12.000004768371582
    vertex -0.00894176121801138 -7.445224285125732 11.963064193725586
  endloop
endfacet
facet normal 0.0 0.0 0.0
  outer loop
    vertex 14.518918991088867 -7.445224285125732 11.963066101074219
    vertex -0.00894176121801138 -7.445224285125732 11.963064193725586
    vertex 14.518918991088867 -8.167364120483398 11.753265380859375
  endloop
endfacet
facet normal 0.0 0.0 0.0
  outer loop
    vertex 43.574642181396484 -6.975920677185059 12.000004768371582
    vertex -43.592533111572266 -6.975920677185059 11.999993324279785
    vertex -0.00894176121801138 -7.445224285125732 11.963064193725586
  endloop
endfacet
facet normal 0.0 0.0 0.0
  outer loop
    vertex -14.536806106567383 -7.445224285125732 11.963062286376953
    vertex -29.064666748046875 -7.445224285125732 11.96306037902832
    vertex -14.536806106567383 -8.167364120483398 11.75326156616211
  endloop
endfacet
facet normal 0.0 0.0 0.0
  outer loop
    vertex -14.536806106567383 -8.167364120483398 11.75326156616211
    vertex -29.064666748046875 -7.445224285125732 11.96306037902832
    vertex -29.064666748046875 -8.167364120483398 11.753259658813477
  endloop
endfacet
facet normal 0.0 0.0 0.0
  outer loop
    vertex -14.536806106567383 -8.167364120483398 11.75326156616211
    vertex -29.064666748046875 -8.167364120483398 11.753259658813477
    vertex -14.536806106567383 -8.814641952514648 11.370462417602539
  endloop
endfacet
facet normal 0.0 0.0 0.0
  outer loop
    vertex -14.536806106567383 -8.814641952514648 11.370462417602539
    vertex -29.064666748046875 -8.167364120483398 11.753259658813477
    vertex -29.064666748046875 -8.814641952514648 11.370460510253906
  endloop
endfacet
facet normal 0.0 0.0 0.0
  outer loop
    vertex -14.536806106567383 -8.814641952514648 11.370462417602539
    vertex -29.064666748046875 -8.814641952514648 11.370460510253906
    vertex -14.536806106567383 -9.346385955810547 10.83871841430664
  endloop
endfacet
facet normal 0.0 0.0 0.0
  outer loop
    vertex 29.04677963256836 -8.167364120483398 11.753267288208008
    vertex 29.04677963256836 -7.445224285125732 11.963068008422852
    vertex 14.518918991088867 -7.445224285125732 11.963066101074219
  endloop
endfacet
facet normal 0.0 0.0 0.0
  outer loop
    vertex 29.04677963256836 -8.167364120483398 11.753267288208008
    vertex 14.518918991088867 -7.445224285125732 11.963066101074219
    vertex 14.518918991088867 -8.167364120483398 11.753265380859375
  endloop
endfacet
facet normal 0.0 0.0 0.0
  outer loop
    vertex -14.536806106567383 -7.445224285125732 11.963062286376953
    vertex -14.536806106567383 -8.167364120483398 11.75326156616211
    vertex -0.00894173327833414 -8.167364120483398 11.753263473510742
  endloop
endfacet
facet normal 0.0 0.0 0.0
  outer loop
    vertex -0.00894173327833414 -8.167364120483398 11.753263473510742
    vertex -14.536806106567383 -8.167364120483398 11.75326156616211
    vertex -0.008941682986915112 -8.814641952514648 11.370464324951172
  endloop
endfacet
facet normal 0.0 0.0 0.0
  outer loop
    vertex -0.00894173327833414 -8.167364120483398 11.753263473510742
    vertex -0.008941682986915112 -8.814641952514648 11.370464324951172
    vertex 14.518918991088867 -8.814641952514648 11.370466232299805
  endloop
endfacet
facet normal 0.0 0.0 0.0
  outer loop
    vertex 14.518918991088867 -8.814641952514648 11.370466232299805
    vertex -0.008941682986915112 -8.814641952514648 11.370464324951172
    vertex 14.518918991088867 -9.346385955810547 10.838722229003906
  endloop
endfacet
facet normal 0.0 0.0 0.0
  outer loop
    vertex 14.518918991088867 -8.814641952514648 11.370466232299805
    vertex 14.518918991088867 -9.346385955810547 10.838722229003906
    vertex 29.04677963256836 -9.346385955810547 10.838724136352539
  endloop
endfacet
facet normal 0.0 0.0 0.0
  outer loop
    vertex 29.04677963256836 -9.346385955810547 10.838724136352539
    vertex 14.518918991088867 -9.346385955810547 10.838722229003906
    vertex 29.04677963256836 -9.7291841506958 10.191448211669922
  endloop
endfacet
facet normal 0.0 0.0 0.0
  outer loop
    vertex -0.008941682986915112 -8.814641952514648 11.370464324951172
    vertex -14.536806106567383 -8.167364120483398 11.75326156616211
    vertex -14.536806106567383 -8.814641952514648 11.370462417602539
  endloop
endfacet
facet normal 0.0 0.0 0.0
  outer loop
    vertex 29.04677963256836 -8.814641952514648 11.370468139648438
    vertex 29.04677963256836 -8.167364120483398 11.753267288208008
    vertex 14.518918991088867 -8.167364120483398 11.753265380859375
  endloop
endfacet
facet normal 0.0 0.0 0.0
  outer loop
    vertex -0.008941682986915112 -8.814641952514648 11.370464324951172
    vertex -14.536806106567383 -8.814641952514648 11.370462417602539
    vertex -0.00894161220639944 -9.346385955810547 10.838720321655273
  endloop
endfacet
facet normal 0.0 0.0 0.0
  outer loop
    vertex -0.00894161220639944 -9.346385955810547 10.838720321655273
    vertex -14.536806106567383 -8.814641952514648 11.370462417602539
    vertex -14.536806106567383 -9.346385955810547 10.83871841430664
  endloop
endfacet
facet normal 0.0 0.0 0.0
  outer loop
    vertex -0.00894161220639944 -9.346385955810547 10.838720321655273
    vertex -14.536806106567383 -9.346385955810547 10.83871841430664
    vertex -0.008941525593400002 -9.7291841506958 10.191444396972656
  endloop
endfacet
facet normal 0.0 0.0 0.0
  outer loop
    vertex -0.008941682986915112 -8.814641952514648 11.370464324951172
    vertex -0.00894161220639944 -9.346385955810547 10.838720321655273
    vertex 14.518918991088867 -9.346385955810547 10.838722229003906
  endloop
endfacet
facet normal 0.0 0.0 0.0
  outer loop
    vertex 14.518918991088867 -9.346385955810547 10.838722229003906
    vertex -0.00894161220639944 -9.346385955810547 10.838720321655273
    vertex 14.518918991088867 -9.7291841506958 10.191446304321289
  endloop
endfacet
facet normal 0.0 0.0 0.0
  outer loop
    vertex 14.518918991088867 -9.346385955810547 10.838722229003906
    vertex 14.518918991088867 -9.7291841506958 10.191446304321289
    vertex 29.04677963256836 -9.7291841506958 10.191448211669922
  endloop
endfacet
facet normal 0.0 0.0 0.0
  outer loop
    vertex 29.04677963256836 -9.7291841506958 10.191448211669922
    vertex 14.518918991088867 -9.7291841506958 10.191446304321289
    vertex 29.04677963256836 -9.938985824584961 9.469306945800781
  endloop
endfacet
facet normal 0.0 0.0 0.0
  outer loop
    vertex 14.518918991088867 -9.7291841506958 10.191446304321289
    vertex -0.00894161220639944 -9.346385955810547 10.838720321655273
    vertex -0.008941525593400002 -9.7291841506958 10.191444396972656
  endloop
endfacet
facet normal 0.0 0.0 0.0
  outer loop
    vertex 29.04677963256836 -9.938985824584961 9.469306945800781
    vertex 14.518918991088867 -9.7291841506958 10.191446304321289
    vertex 14.518919944763184 -9.938985824584961 9.469305038452148
  endloop
endfacet
facet normal 0.0 0.0 0.0
  outer loop
    vertex 14.518919944763184 -9.938985824584961 9.469305038452148
    vertex 14.518918991088867 -9.7291841506958 10.191446304321289
    vertex -0.008941525593400002 -9.7291841506958 10.191444396972656
  endloop
endfacet
facet normal 0.0 0.0 0.0
  outer loop
    vertex 47.18293380737305 -10.159284591674805 7.4083943367004395
    vertex 47.407901763916016 -10.267716407775879 7.000006198883057
    vertex 47.74936294555664 -10.03507137298584 7.650383472442627
  endloop
endfacet
facet normal 0.0 0.0 0.0
  outer loop
    vertex 47.74936294555664 -10.03507137298584 7.650383472442627
    vertex 47.407901763916016 -10.267716407775879 7.000006198883057
    vertex 48.11646270751953 -10.121790885925293 7.167751789093018
  endloop
endfacet
facet normal 0.0 0.0 0.0
  outer loop
    vertex 47.74936294555664 -10.03507137298584 7.650383472442627
    vertex 48.11646270751953 -10.121790885925293 7.167751789093018
    vertex 48.09349822998047 -9.894181251525879 7.782127857208252
  endloop
endfacet
facet normal 0.0 0.0 0.0
  outer loop
    vertex 48.09349822998047 -9.894181251525879 7.782127857208252
    vertex 48.11646270751953 -10.121790885925293 7.167751789093018
    vertex 48.78160858154297 -9.808637619018555 7.272696018218994
  endloop
endfacet
facet normal 0.0 0.0 0.0
  outer loop
    vertex 48.09349822998047 -9.894181251525879 7.782127857208252
    vertex 48.78160858154297 -9.808637619018555 7.272696018218994
    vertex 48.42180633544922 -9.707167625427246 7.895534992218018
  endloop
endfacet
facet normal 0.0 0.0 0.0
  outer loop
    vertex 48.42180633544922 -9.707167625427246 7.895534992218018
    vertex 48.78160858154297 -9.808637619018555 7.272696018218994
    vertex 48.728759765625 -9.4774751663208 7.988754749298096
  endloop
endfacet
facet normal 0.0 0.0 0.0
  outer loop
    vertex 48.42180633544922 -9.707167625427246 7.895534992218018
    vertex 48.728759765625 -9.4774751663208 7.988754749298096
    vertex 47.99411392211914 -9.623638153076172 8.493486404418945
  endloop
endfacet
facet normal 0.0 0.0 0.0
  outer loop
    vertex 47.99411392211914 -9.623638153076172 8.493486404418945
    vertex 48.728759765625 -9.4774751663208 7.988754749298096
    vertex 48.27397155761719 -9.391307830810547 8.646331787109375
  endloop
endfacet
facet normal 0.0 0.0 0.0
  outer loop
    vertex 47.99411392211914 -9.623638153076172 8.493486404418945
    vertex 48.27397155761719 -9.391307830810547 8.646331787109375
    vertex 47.457088470458984 -9.579533576965332 9.041461944580078
  endloop
endfacet
facet normal 0.0 0.0 0.0
  outer loop
    vertex 47.457088470458984 -9.579533576965332 9.041461944580078
    vertex 48.27397155761719 -9.391307830810547 8.646331787109375
    vertex 47.703670501708984 -9.346311569213867 9.249370574951172
  endloop
endfacet
facet normal 0.0 0.0 0.0
  outer loop
    vertex 47.457088470458984 -9.579533576965332 9.041461944580078
    vertex 47.703670501708984 -9.346311569213867 9.249370574951172
    vertex 46.81941604614258 -9.56548023223877 9.520751953125
  endloop
endfacet
facet normal 0.0 0.0 0.0
  outer loop
    vertex 46.81941604614258 -9.56548023223877 9.520751953125
    vertex 47.703670501708984 -9.346311569213867 9.249370574951172
    vertex 47.026493072509766 -9.332657814025879 9.77735710144043
  endloop
endfacet
facet normal 0.0 0.0 0.0
  outer loop
    vertex 46.81941604614258 -9.56548023223877 9.520751953125
    vertex 47.026493072509766 -9.332657814025879 9.77735710144043
    vertex 46.09321975708008 -9.57064437866211 9.9140625
  endloop
endfacet
facet normal 0.0 0.0 0.0
  outer loop
    vertex 46.09321975708008 -9.57064437866211 9.9140625
    vertex 47.026493072509766 -9.332657814025879 9.77735710144043
    vertex 46.25480270385742 -9.338981628417969 10.211151123046875
  endloop
endfacet
facet normal 0.0 0.0 0.0
  outer loop
    vertex 46.09321975708008 -9.57064437866211 9.9140625
    vertex 46.25480270385742 -9.338981628417969 10.211151123046875
    vertex 45.29655075073242 -9.58443546295166 10.207681655883789
  endloop
endfacet
facet normal 0.0 0.0 0.0
  outer loop
    vertex 45.29655075073242 -9.58443546295166 10.207681655883789
    vertex 46.25480270385742 -9.338981628417969 10.211151123046875
    vertex 45.407596588134766 -9.354146003723145 10.535341262817383
  endloop
endfacet
facet normal 0.0 0.0 0.0
  outer loop
    vertex 45.29655075073242 -9.58443546295166 10.207681655883789
    vertex 45.407596588134766 -9.354146003723145 10.535341262817383
    vertex 44.44881820678711 -9.596901893615723 10.388917922973633
  endloop
endfacet
facet normal 0.0 0.0 0.0
  outer loop
    vertex 44.44881820678711 -9.596901893615723 10.388917922973633
    vertex 45.407596588134766 -9.354146003723145 10.535341262817383
    vertex 44.5053825378418 -9.367670059204102 10.735620498657227
  endloop
endfacet
facet normal 0.0 0.0 0.0
  outer loop
    vertex 44.44881820678711 -9.596901893615723 10.388917922973633
    vertex 44.5053825378418 -9.367670059204102 10.735620498657227
    vertex 43.574642181396484 -9.321414947509766 10.870475769042969
  endloop
endfacet
facet normal 0.0 0.0 0.0
  outer loop
    vertex 43.574642181396484 -9.321414947509766 10.870475769042969
    vertex 44.5053825378418 -9.367670059204102 10.735620498657227
    vertex 44.55636978149414 -9.09185791015625 11.047468185424805
  endloop
endfacet
facet normal 0.0 0.0 0.0
  outer loop
    vertex 43.574642181396484 -9.321414947509766 10.870475769042969
    vertex 44.55636978149414 -9.09185791015625 11.047468185424805
    vertex 43.574642181396484 -8.846389770507812 11.345500946044922
  endloop
endfacet
facet normal 0.0 0.0 0.0
  outer loop
    vertex 43.574642181396484 -8.846389770507812 11.345500946044922
    vertex 44.55636978149414 -9.09185791015625 11.047468185424805
    vertex 44.60683822631836 -8.723135948181152 11.355138778686523
  endloop
endfacet
facet normal 0.0 0.0 0.0
  outer loop
    vertex 43.574642181396484 -8.846389770507812 11.345500946044922
    vertex 44.60683822631836 -8.723135948181152 11.355138778686523
    vertex 43.574642181396484 -8.277571678161621 11.702911376953125
  endloop
endfacet
facet normal 0.0 0.0 0.0
  outer loop
    vertex 43.574642181396484 -8.277571678161621 11.702911376953125
    vertex 44.60683822631836 -8.723135948181152 11.355138778686523
    vertex 44.6458854675293 -8.324614524841309 11.593135833740234
  endloop
endfacet
facet normal 0.0 0.0 0.0
  outer loop
    vertex 43.574642181396484 -8.277571678161621 11.702911376953125
    vertex 44.6458854675293 -8.324614524841309 11.593135833740234
    vertex 44.67422103881836 -7.893601417541504 11.767240524291992
  endloop
endfacet
facet normal 0.0 0.0 0.0
  outer loop
    vertex 44.67422103881836 -7.893601417541504 11.767240524291992
    vertex 44.6458854675293 -8.324614524841309 11.593135833740234
    vertex 45.74238204956055 -7.887396335601807 11.507022857666016
  endloop
endfacet
facet normal 0.0 0.0 0.0
  outer loop
    vertex 44.67422103881836 -7.893601417541504 11.767240524291992
    vertex 45.74238204956055 -7.887396335601807 11.507022857666016
    vertex 45.77865219116211 -7.438124656677246 11.606222152709961
  endloop
endfacet
facet normal 0.0 0.0 0.0
  outer loop
    vertex 45.77865219116211 -7.438124656677246 11.606222152709961
    vertex 45.74238204956055 -7.887396335601807 11.507022857666016
    vertex 46.80471420288086 -7.440075397491455 11.17022705078125
  endloop
endfacet
facet normal 0.0 0.0 0.0
  outer loop
    vertex 45.77865219116211 -7.438124656677246 11.606222152709961
    vertex 46.80471420288086 -7.440075397491455 11.17022705078125
    vertex 46.82961654663086 -6.9862470626831055 11.196386337280273
  endloop
endfacet
facet normal 0.0 0.0 0.0
  outer loop
    vertex 46.82961654663086 -6.9862470626831055 11.196386337280273
    vertex 46.80471420288086 -7.440075397491455 11.17022705078125
    vertex 47.78189468383789 -7.0081915855407715 10.59439468383789
  endloop
endfacet
facet normal 0.0 0.0 0.0
  outer loop
    vertex 47.78189468383789 -7.0081915855407715 10.59439468383789
    vertex 46.80471420288086 -7.440075397491455 11.17022705078125
    vertex 47.74436569213867 -7.4546589851379395 10.580522537231445
  endloop
endfacet
facet normal 0.0 0.0 0.0
  outer loop
    vertex 47.78189468383789 -7.0081915855407715 10.59439468383789
    vertex 47.74436569213867 -7.4546589851379395 10.580522537231445
    vertex 48.62342071533203 -7.051868438720703 9.84819221496582
  endloop
endfacet
facet normal 0.0 0.0 0.0
  outer loop
    vertex 48.62342071533203 -7.051868438720703 9.84819221496582
    vertex 47.74436569213867 -7.4546589851379395 10.580522537231445
    vertex 48.572654724121094 -7.4909257888793945 9.853902816772461
  endloop
endfacet
facet normal 0.0 0.0 0.0
  outer loop
    vertex 48.62342071533203 -7.051868438720703 9.84819221496582
    vertex 48.572654724121094 -7.4909257888793945 9.853902816772461
    vertex 49.33197021484375 -7.1259026527404785 8.981080055236816
  endloop
endfacet
facet normal 0.0 0.0 0.0
  outer loop
    vertex 49.33197021484375 -7.1259026527404785 8.981080055236816
    vertex 48.572654724121094 -7.4909257888793945 9.853902816772461
    vertex 49.270111083984375 -7.558413505554199 9.01409912109375
  endloop
endfacet
facet normal 0.0 0.0 0.0
  outer loop
    vertex 49.33197021484375 -7.1259026527404785 8.981080055236816
    vertex 49.270111083984375 -7.558413505554199 9.01409912109375
    vertex 49.88914489746094 -7.2378692626953125 8.020977973937988
  endloop
endfacet
facet normal 0.0 0.0 0.0
  outer loop
    vertex 49.88914489746094 -7.2378692626953125 8.020977973937988
    vertex 49.270111083984375 -7.558413505554199 9.01409912109375
    vertex 49.82130432128906 -7.665450096130371 8.088356971740723
  endloop
endfacet
facet normal 0.0 0.0 0.0
  outer loop
    vertex 49.88914489746094 -7.2378692626953125 8.020977973937988
    vertex 49.82130432128906 -7.665450096130371 8.088356971740723
    vertex 50.28284454345703 -7.392772197723389 7.000006675720215
  endloop
endfacet
facet normal 0.0 0.0 0.0
  outer loop
    vertex 50.28284454345703 -7.392772197723389 7.000006675720215
    vertex 49.82130432128906 -7.665450096130371 8.088356971740723
    vertex 50.13691711425781 -8.101335525512695 7.167752265930176
  endloop
endfacet
facet normal 0.0 0.0 0.0
  outer loop
    vertex 50.13691711425781 -8.101335525512695 7.167752265930176
    vertex 49.82130432128906 -7.665450096130371 8.088356971740723
    vertex 49.697357177734375 -8.083935737609863 8.126774787902832
  endloop
endfacet
facet normal 0.0 0.0 0.0
  outer loop
    vertex 50.13691711425781 -8.101335525512695 7.167752265930176
    vertex 49.697357177734375 -8.083935737609863 8.126774787902832
    vertex 49.519744873046875 -8.484312057495117 8.135285377502441
  endloop
endfacet
facet normal 0.0 0.0 0.0
  outer loop
    vertex 49.519744873046875 -8.484312057495117 8.135285377502441
    vertex 49.697357177734375 -8.083935737609863 8.126774787902832
    vertex 48.99517059326172 -8.386713027954102 8.969091415405273
  endloop
endfacet
facet normal 0.0 0.0 0.0
  outer loop
    vertex 49.519744873046875 -8.484312057495117 8.135285377502441
    vertex 48.99517059326172 -8.386713027954102 8.969091415405273
    vertex 48.787696838378906 -8.764824867248535 8.891857147216797
  endloop
endfacet
facet normal 0.0 0.0 0.0
  outer loop
    vertex 48.787696838378906 -8.764824867248535 8.891857147216797
    vertex 48.99517059326172 -8.386713027954102 8.969091415405273
    vertex 48.15479278564453 -8.713980674743652 9.604249954223633
  endloop
endfacet
facet normal 0.0 0.0 0.0
  outer loop
    vertex 48.787696838378906 -8.764824867248535 8.891857147216797
    vertex 48.15479278564453 -8.713980674743652 9.604249954223633
    vertex 47.928401947021484 -9.072834014892578 9.431304931640625
  endloop
endfacet
facet normal 0.0 0.0 0.0
  outer loop
    vertex 47.928401947021484 -9.072834014892578 9.431304931640625
    vertex 48.15479278564453 -8.713980674743652 9.604249954223633
    vertex 47.21464920043945 -9.05789852142334 10.005416870117188
  endloop
endfacet
facet normal 0.0 0.0 0.0
  outer loop
    vertex 47.928401947021484 -9.072834014892578 9.431304931640625
    vertex 47.21464920043945 -9.05789852142334 10.005416870117188
    vertex 47.026493072509766 -9.332657814025879 9.77735710144043
  endloop
endfacet
facet normal 0.0 0.0 0.0
  outer loop
    vertex 47.026493072509766 -9.332657814025879 9.77735710144043
    vertex 47.21464920043945 -9.05789852142334 10.005416870117188
    vertex 46.25480270385742 -9.338981628417969 10.211151123046875
  endloop
endfacet
facet normal 0.0 0.0 0.0
  outer loop
    vertex 48.78160858154297 -9.808637619018555 7.272696018218994
    vertex 49.362571716308594 -9.347447395324707 7.308407783508301
    vertex 48.728759765625 -9.4774751663208 7.988754749298096
  endloop
endfacet
facet normal 0.0 0.0 0.0
  outer loop
    vertex 48.728759765625 -9.4774751663208 7.988754749298096
    vertex 49.362571716308594 -9.347447395324707 7.308407783508301
    vertex 49.00902557373047 -9.209175109863281 8.060195922851562
  endloop
endfacet
facet normal 0.0 0.0 0.0
  outer loop
    vertex 48.728759765625 -9.4774751663208 7.988754749298096
    vertex 49.00902557373047 -9.209175109863281 8.060195922851562
    vertex 48.27397155761719 -9.391307830810547 8.646331787109375
  endloop
endfacet
facet normal 0.0 0.0 0.0
  outer loop
    vertex 48.27397155761719 -9.391307830810547 8.646331787109375
    vertex 49.00902557373047 -9.209175109863281 8.060195922851562
    vertex 48.529518127441406 -9.119922637939453 8.775514602661133
  endloop
endfacet
facet normal 0.0 0.0 0.0
  outer loop
    vertex 48.27397155761719 -9.391307830810547 8.646331787109375
    vertex 48.529518127441406 -9.119922637939453 8.775514602661133
    vertex 47.703670501708984 -9.346311569213867 9.249370574951172
  endloop
endfacet
facet normal 0.0 0.0 0.0
  outer loop
    vertex 47.703670501708984 -9.346311569213867 9.249370574951172
    vertex 48.529518127441406 -9.119922637939453 8.775514602661133
    vertex 47.928401947021484 -9.072834014892578 9.431304931640625
  endloop
endfacet
facet normal 0.0 0.0 0.0
  outer loop
    vertex 47.703670501708984 -9.346311569213867 9.249370574951172
    vertex 47.928401947021484 -9.072834014892578 9.431304931640625
    vertex 47.026493072509766 -9.332657814025879 9.77735710144043
  endloop
endfacet
facet normal 0.0 0.0 0.0
  outer loop
    vertex 49.00902557373047 -9.209175109863281 8.060195922851562
    vertex 49.362571716308594 -9.347447395324707 7.308407783508301
    vertex 49.292198181152344 -8.85811710357666 8.113701820373535
  endloop
endfacet
facet normal 0.0 0.0 0.0
  outer loop
    vertex 49.292198181152344 -8.85811710357666 8.113701820373535
    vertex 49.362571716308594 -9.347447395324707 7.308407783508301
    vertex 49.823768615722656 -8.7664794921875 7.272696495056152
  endloop
endfacet
facet normal 0.0 0.0 0.0
  outer loop
    vertex 49.292198181152344 -8.85811710357666 8.113701820373535
    vertex 49.823768615722656 -8.7664794921875 7.272696495056152
    vertex 49.519744873046875 -8.484312057495117 8.135285377502441
  endloop
endfacet
facet normal 0.0 0.0 0.0
  outer loop
    vertex 49.519744873046875 -8.484312057495117 8.135285377502441
    vertex 49.823768615722656 -8.7664794921875 7.272696495056152
    vertex 50.13691711425781 -8.101335525512695 7.167752265930176
  endloop
endfacet
facet normal 0.0 0.0 0.0
  outer loop
    vertex 46.82961654663086 -6.9862470626831055 11.196386337280273
    vertex 45.792850494384766 -6.9779953956604 11.639089584350586
    vertex 45.77865219116211 -7.438124656677246 11.606222152709961
  endloop
endfacet
facet normal 0.0 0.0 0.0
  outer loop
    vertex 45.77865219116211 -7.438124656677246 11.606222152709961
    vertex 45.792850494384766 -6.9779953956604 11.639089584350586
    vertex 44.691532135009766 -7.440382480621338 11.873329162597656
  endloop
endfacet
facet normal 0.0 0.0 0.0
  outer loop
    vertex 45.77865219116211 -7.438124656677246 11.606222152709961
    vertex 44.691532135009766 -7.440382480621338 11.873329162597656
    vertex 44.67422103881836 -7.893601417541504 11.767240524291992
  endloop
endfacet
facet normal 0.0 0.0 0.0
  outer loop
    vertex 44.67422103881836 -7.893601417541504 11.767240524291992
    vertex 44.691532135009766 -7.440382480621338 11.873329162597656
    vertex 43.574642181396484 -7.643483638763428 11.924789428710938
  endloop
endfacet
facet normal 0.0 0.0 0.0
  outer loop
    vertex 44.67422103881836 -7.893601417541504 11.767240524291992
    vertex 43.574642181396484 -7.643483638763428 11.924789428710938
    vertex 43.574642181396484 -8.277571678161621 11.702911376953125
  endloop
endfacet
facet normal 0.0 0.0 0.0
  outer loop
    vertex 45.792850494384766 -6.9779953956604 11.639089584350586
    vertex 44.69832229614258 -6.9760026931762695 11.909147262573242
    vertex 44.691532135009766 -7.440382480621338 11.873329162597656
  endloop
endfacet
facet normal 0.0 0.0 0.0
  outer loop
    vertex 44.691532135009766 -7.440382480621338 11.873329162597656
    vertex 44.69832229614258 -6.9760026931762695 11.909147262573242
    vertex 43.574642181396484 -6.975920677185059 12.000004768371582
  endloop
endfacet
facet normal 0.0 0.0 0.0
  outer loop
    vertex 44.691532135009766 -7.440382480621338 11.873329162597656
    vertex 43.574642181396484 -6.975920677185059 12.000004768371582
    vertex 43.574642181396484 -7.643483638763428 11.924789428710938
  endloop
endfacet
facet normal 0.0 0.0 0.0
  outer loop
    vertex 43.574642181396484 -9.321414947509766 10.870475769042969
    vertex 43.574642181396484 -9.678827285766602 10.301656723022461
    vertex 44.44881820678711 -9.596901893615723 10.388917922973633
  endloop
endfacet
facet normal 0.0 0.0 0.0
  outer loop
    vertex 44.44881820678711 -9.596901893615723 10.388917922973633
    vertex 43.574642181396484 -9.678827285766602 10.301656723022461
    vertex 44.387752532958984 -9.774941444396973 10.014141082763672
  endloop
endfacet
facet normal 0.0 0.0 0.0
  outer loop
    vertex 44.44881820678711 -9.596901893615723 10.388917922973633
    vertex 44.387752532958984 -9.774941444396973 10.014141082763672
    vertex 45.29655075073242 -9.58443546295166 10.207681655883789
  endloop
endfacet
facet normal 0.0 0.0 0.0
  outer loop
    vertex 45.29655075073242 -9.58443546295166 10.207681655883789
    vertex 44.387752532958984 -9.774941444396973 10.014141082763672
    vertex 45.176815032958984 -9.76474666595459 9.852973937988281
  endloop
endfacet
facet normal 0.0 0.0 0.0
  outer loop
    vertex 45.29655075073242 -9.58443546295166 10.207681655883789
    vertex 45.176815032958984 -9.76474666595459 9.852973937988281
    vertex 46.09321975708008 -9.57064437866211 9.9140625
  endloop
endfacet
facet normal 0.0 0.0 0.0
  outer loop
    vertex 46.09321975708008 -9.57064437866211 9.9140625
    vertex 45.176815032958984 -9.76474666595459 9.852973937988281
    vertex 45.91938400268555 -9.754087448120117 9.591405868530273
  endloop
endfacet
facet normal 0.0 0.0 0.0
  outer loop
    vertex 46.09321975708008 -9.57064437866211 9.9140625
    vertex 45.91938400268555 -9.754087448120117 9.591405868530273
    vertex 46.81941604614258 -9.56548023223877 9.520751953125
  endloop
endfacet
facet normal 0.0 0.0 0.0
  outer loop
    vertex 46.81941604614258 -9.56548023223877 9.520751953125
    vertex 45.91938400268555 -9.754087448120117 9.591405868530273
    vertex 46.597171783447266 -9.752042770385742 9.240245819091797
  endloop
endfacet
facet normal 0.0 0.0 0.0
  outer loop
    vertex 46.81941604614258 -9.56548023223877 9.520751953125
    vertex 46.597171783447266 -9.752042770385742 9.240245819091797
    vertex 47.457088470458984 -9.579533576965332 9.041461944580078
  endloop
endfacet
facet normal 0.0 0.0 0.0
  outer loop
    vertex 47.457088470458984 -9.579533576965332 9.041461944580078
    vertex 46.597171783447266 -9.752042770385742 9.240245819091797
    vertex 47.1930046081543 -9.768292427062988 8.81123161315918
  endloop
endfacet
facet normal 0.0 0.0 0.0
  outer loop
    vertex 47.457088470458984 -9.579533576965332 9.041461944580078
    vertex 47.1930046081543 -9.768292427062988 8.81123161315918
    vertex 47.99411392211914 -9.623638153076172 8.493486404418945
  endloop
endfacet
facet normal 0.0 0.0 0.0
  outer loop
    vertex 47.99411392211914 -9.623638153076172 8.493486404418945
    vertex 47.1930046081543 -9.768292427062988 8.81123161315918
    vertex 47.694766998291016 -9.81279468536377 8.31960678100586
  endloop
endfacet
facet normal 0.0 0.0 0.0
  outer loop
    vertex 47.99411392211914 -9.623638153076172 8.493486404418945
    vertex 47.694766998291016 -9.81279468536377 8.31960678100586
    vertex 48.42180633544922 -9.707167625427246 7.895534992218018
  endloop
endfacet
facet normal 0.0 0.0 0.0
  outer loop
    vertex 48.42180633544922 -9.707167625427246 7.895534992218018
    vertex 47.694766998291016 -9.81279468536377 8.31960678100586
    vertex 48.09349822998047 -9.894181251525879 7.782127857208252
  endloop
endfacet
facet normal 0.0 0.0 0.0
  outer loop
    vertex 43.574642181396484 -9.678827285766602 10.301656723022461
    vertex 43.574642181396484 -9.900704383850098 9.66756820678711
    vertex 44.387752532958984 -9.774941444396973 10.014141082763672
  endloop
endfacet
facet normal 0.0 0.0 0.0
  outer loop
    vertex 44.387752532958984 -9.774941444396973 10.014141082763672
    vertex 43.574642181396484 -9.900704383850098 9.66756820678711
    vertex 44.32329177856445 -9.89802074432373 9.618413925170898
  endloop
endfacet
facet normal 0.0 0.0 0.0
  outer loop
    vertex 44.387752532958984 -9.774941444396973 10.014141082763672
    vertex 44.32329177856445 -9.89802074432373 9.618413925170898
    vertex 45.176815032958984 -9.76474666595459 9.852973937988281
  endloop
endfacet
facet normal 0.0 0.0 0.0
  outer loop
    vertex 45.176815032958984 -9.76474666595459 9.852973937988281
    vertex 44.32329177856445 -9.89802074432373 9.618413925170898
    vertex 45.05062484741211 -9.891343116760254 9.477832794189453
  endloop
endfacet
facet normal 0.0 0.0 0.0
  outer loop
    vertex 45.176815032958984 -9.76474666595459 9.852973937988281
    vertex 45.05062484741211 -9.891343116760254 9.477832794189453
    vertex 45.91938400268555 -9.754087448120117 9.591405868530273
  endloop
endfacet
facet normal 0.0 0.0 0.0
  outer loop
    vertex 45.91938400268555 -9.754087448120117 9.591405868530273
    vertex 45.05062484741211 -9.891343116760254 9.477832794189453
    vertex 45.73646926879883 -9.885627746582031 9.249031066894531
  endloop
endfacet
facet normal 0.0 0.0 0.0
  outer loop
    vertex 45.91938400268555 -9.754087448120117 9.591405868530273
    vertex 45.73646926879883 -9.885627746582031 9.249031066894531
    vertex 46.597171783447266 -9.752042770385742 9.240245819091797
  endloop
endfacet
facet normal 0.0 0.0 0.0
  outer loop
    vertex 46.597171783447266 -9.752042770385742 9.240245819091797
    vertex 45.73646926879883 -9.885627746582031 9.249031066894531
    vertex 46.36368179321289 -9.888727188110352 8.940755844116211
  endloop
endfacet
facet normal 0.0 0.0 0.0
  outer loop
    vertex 46.597171783447266 -9.752042770385742 9.240245819091797
    vertex 46.36368179321289 -9.888727188110352 8.940755844116211
    vertex 47.1930046081543 -9.768292427062988 8.81123161315918
  endloop
endfacet
facet normal 0.0 0.0 0.0
  outer loop
    vertex 47.1930046081543 -9.768292427062988 8.81123161315918
    vertex 46.36368179321289 -9.888727188110352 8.940755844116211
    vertex 46.91594314575195 -9.909040451049805 8.562597274780273
  endloop
endfacet
facet normal 0.0 0.0 0.0
  outer loop
    vertex 47.1930046081543 -9.768292427062988 8.81123161315918
    vertex 46.91594314575195 -9.909040451049805 8.562597274780273
    vertex 47.694766998291016 -9.81279468536377 8.31960678100586
  endloop
endfacet
facet normal 0.0 0.0 0.0
  outer loop
    vertex 47.694766998291016 -9.81279468536377 8.31960678100586
    vertex 46.91594314575195 -9.909040451049805 8.562597274780273
    vertex 47.38100051879883 -9.955292701721191 8.12757682800293
  endloop
endfacet
facet normal 0.0 0.0 0.0
  outer loop
    vertex 47.694766998291016 -9.81279468536377 8.31960678100586
    vertex 47.38100051879883 -9.955292701721191 8.12757682800293
    vertex 48.09349822998047 -9.894181251525879 7.782127857208252
  endloop
endfacet
facet normal 0.0 0.0 0.0
  outer loop
    vertex 48.09349822998047 -9.894181251525879 7.782127857208252
    vertex 47.38100051879883 -9.955292701721191 8.12757682800293
    vertex 47.74936294555664 -10.03507137298584 7.650383472442627
  endloop
endfacet
facet normal 0.0 0.0 0.0
  outer loop
    vertex 43.574642181396484 -9.900704383850098 9.66756820678711
    vertex 43.574642181396484 -9.975920677185059 9.000005722045898
    vertex 44.32329177856445 -9.89802074432373 9.618413925170898
  endloop
endfacet
facet normal 0.0 0.0 0.0
  outer loop
    vertex 44.32329177856445 -9.89802074432373 9.618413925170898
    vertex 43.574642181396484 -9.975920677185059 9.000005722045898
    vertex 44.21674728393555 -9.975977897644043 8.963663101196289
  endloop
endfacet
facet normal 0.0 0.0 0.0
  outer loop
    vertex 44.32329177856445 -9.89802074432373 9.618413925170898
    vertex 44.21674728393555 -9.975977897644043 8.963663101196289
    vertex 45.05062484741211 -9.891343116760254 9.477832794189453
  endloop
endfacet
facet normal 0.0 0.0 0.0
  outer loop
    vertex 45.05062484741211 -9.891343116760254 9.477832794189453
    vertex 44.21674728393555 -9.975977897644043 8.963663101196289
    vertex 44.84218978881836 -9.977373123168945 8.85563850402832
  endloop
endfacet
facet normal 0.0 0.0 0.0
  outer loop
    vertex 45.05062484741211 -9.891343116760254 9.477832794189453
    vertex 44.84218978881836 -9.977373123168945 8.85563850402832
    vertex 45.73646926879883 -9.885627746582031 9.249031066894531
  endloop
endfacet
facet normal 0.0 0.0 0.0
  outer loop
    vertex 45.73646926879883 -9.885627746582031 9.249031066894531
    vertex 44.84218978881836 -9.977373123168945 8.85563850402832
    vertex 45.434627532958984 -9.983149528503418 8.678558349609375
  endloop
endfacet
facet normal 0.0 0.0 0.0
  outer loop
    vertex 45.73646926879883 -9.885627746582031 9.249031066894531
    vertex 45.434627532958984 -9.983149528503418 8.678558349609375
    vertex 46.36368179321289 -9.888727188110352 8.940755844116211
  endloop
endfacet
facet normal 0.0 0.0 0.0
  outer loop
    vertex 46.36368179321289 -9.888727188110352 8.940755844116211
    vertex 45.434627532958984 -9.983149528503418 8.678558349609375
    vertex 45.97878646850586 -9.998510360717773 8.437761306762695
  endloop
endfacet
facet normal 0.0 0.0 0.0
  outer loop
    vertex 46.36368179321289 -9.888727188110352 8.940755844116211
    vertex 45.97878646850586 -9.998510360717773 8.437761306762695
    vertex 46.91594314575195 -9.909040451049805 8.562597274780273
  endloop
endfacet
facet normal 0.0 0.0 0.0
  outer loop
    vertex 46.91594314575195 -9.909040451049805 8.562597274780273
    vertex 45.97878646850586 -9.998510360717773 8.437761306762695
    vertex 46.459659576416016 -10.029084205627441 8.139280319213867
  endloop
endfacet
facet normal 0.0 0.0 0.0
  outer loop
    vertex 46.91594314575195 -9.909040451049805 8.562597274780273
    vertex 46.459659576416016 -10.029084205627441 8.139280319213867
    vertex 47.38100051879883 -9.955292701721191 8.12757682800293
  endloop
endfacet
facet normal 0.0 0.0 0.0
  outer loop
    vertex 47.38100051879883 -9.955292701721191 8.12757682800293
    vertex 46.459659576416016 -10.029084205627441 8.139280319213867
    vertex 46.86454391479492 -10.080907821655273 7.7924346923828125
  endloop
endfacet
facet normal 0.0 0.0 0.0
  outer loop
    vertex 47.38100051879883 -9.955292701721191 8.12757682800293
    vertex 46.86454391479492 -10.080907821655273 7.7924346923828125
    vertex 47.74936294555664 -10.03507137298584 7.650383472442627
  endloop
endfacet
facet normal 0.0 0.0 0.0
  outer loop
    vertex 47.74936294555664 -10.03507137298584 7.650383472442627
    vertex 46.86454391479492 -10.080907821655273 7.7924346923828125
    vertex 47.18293380737305 -10.159284591674805 7.4083943367004395
  endloop
endfacet
facet normal 0.0 0.0 0.0
  outer loop
    vertex 49.697357177734375 -8.083935737609863 8.126774787902832
    vertex 49.82130432128906 -7.665450096130371 8.088356971740723
    vertex 49.1571044921875 -7.981722831726074 9.010126113891602
  endloop
endfacet
facet normal 0.0 0.0 0.0
  outer loop
    vertex 49.1571044921875 -7.981722831726074 9.010126113891602
    vertex 49.82130432128906 -7.665450096130371 8.088356971740723
    vertex 49.270111083984375 -7.558413505554199 9.01409912109375
  endloop
endfacet
facet normal 0.0 0.0 0.0
  outer loop
    vertex 49.1571044921875 -7.981722831726074 9.010126113891602
    vertex 49.270111083984375 -7.558413505554199 9.01409912109375
    vertex 48.476173400878906 -7.920477867126465 9.81451416015625
  endloop
endfacet
facet normal 0.0 0.0 0.0
  outer loop
    vertex 48.476173400878906 -7.920477867126465 9.81451416015625
    vertex 49.270111083984375 -7.558413505554199 9.01409912109375
    vertex 48.572654724121094 -7.4909257888793945 9.853902816772461
  endloop
endfacet
facet normal 0.0 0.0 0.0
  outer loop
    vertex 48.476173400878906 -7.920477867126465 9.81451416015625
    vertex 48.572654724121094 -7.4909257888793945 9.853902816772461
    vertex 47.66756057739258 -7.891186237335205 10.513603210449219
  endloop
endfacet
facet normal 0.0 0.0 0.0
  outer loop
    vertex 47.66756057739258 -7.891186237335205 10.513603210449219
    vertex 48.572654724121094 -7.4909257888793945 9.853902816772461
    vertex 47.74436569213867 -7.4546589851379395 10.580522537231445
  endloop
endfacet
facet normal 0.0 0.0 0.0
  outer loop
    vertex 47.66756057739258 -7.891186237335205 10.513603210449219
    vertex 47.74436569213867 -7.4546589851379395 10.580522537231445
    vertex 46.748409271240234 -7.883483409881592 11.083709716796875
  endloop
endfacet
facet normal 0.0 0.0 0.0
  outer loop
    vertex 46.748409271240234 -7.883483409881592 11.083709716796875
    vertex 47.74436569213867 -7.4546589851379395 10.580522537231445
    vertex 46.80471420288086 -7.440075397491455 11.17022705078125
  endloop
endfacet
facet normal 0.0 0.0 0.0
  outer loop
    vertex 46.748409271240234 -7.883483409881592 11.083709716796875
    vertex 46.80471420288086 -7.440075397491455 11.17022705078125
    vertex 45.74238204956055 -7.887396335601807 11.507022857666016
  endloop
endfacet
facet normal 0.0 0.0 0.0
  outer loop
    vertex 48.529518127441406 -9.119922637939453 8.775514602661133
    vertex 49.00902557373047 -9.209175109863281 8.060195922851562
    vertex 49.292198181152344 -8.85811710357666 8.113701820373535
  endloop
endfacet
facet normal 0.0 0.0 0.0
  outer loop
    vertex 48.529518127441406 -9.119922637939453 8.775514602661133
    vertex 49.292198181152344 -8.85811710357666 8.113701820373535
    vertex 48.787696838378906 -8.764824867248535 8.891857147216797
  endloop
endfacet
facet normal 0.0 0.0 0.0
  outer loop
    vertex 48.787696838378906 -8.764824867248535 8.891857147216797
    vertex 49.292198181152344 -8.85811710357666 8.113701820373535
    vertex 49.519744873046875 -8.484312057495117 8.135285377502441
  endloop
endfacet
facet normal 0.0 0.0 0.0
  outer loop
    vertex 49.697357177734375 -8.083935737609863 8.126774787902832
    vertex 49.1571044921875 -7.981722831726074 9.010126113891602
    vertex 48.99517059326172 -8.386713027954102 8.969091415405273
  endloop
endfacet
facet normal 0.0 0.0 0.0
  outer loop
    vertex 48.99517059326172 -8.386713027954102 8.969091415405273
    vertex 49.1571044921875 -7.981722831726074 9.010126113891602
    vertex 48.33588409423828 -8.331107139587402 9.73069953918457
  endloop
endfacet
facet normal 0.0 0.0 0.0
  outer loop
    vertex 48.99517059326172 -8.386713027954102 8.969091415405273
    vertex 48.33588409423828 -8.331107139587402 9.73069953918457
    vertex 48.15479278564453 -8.713980674743652 9.604249954223633
  endloop
endfacet
facet normal 0.0 0.0 0.0
  outer loop
    vertex 48.15479278564453 -8.713980674743652 9.604249954223633
    vertex 48.33588409423828 -8.331107139587402 9.73069953918457
    vertex 47.40328598022461 -8.695672988891602 10.227060317993164
  endloop
endfacet
facet normal 0.0 0.0 0.0
  outer loop
    vertex 48.15479278564453 -8.713980674743652 9.604249954223633
    vertex 47.40328598022461 -8.695672988891602 10.227060317993164
    vertex 47.21464920043945 -9.05789852142334 10.005416870117188
  endloop
endfacet
facet normal 0.0 0.0 0.0
  outer loop
    vertex 47.21464920043945 -9.05789852142334 10.005416870117188
    vertex 47.40328598022461 -8.695672988891602 10.227060317993164
    vertex 46.4011344909668 -9.063543319702148 10.477121353149414
  endloop
endfacet
facet normal 0.0 0.0 0.0
  outer loop
    vertex 47.21464920043945 -9.05789852142334 10.005416870117188
    vertex 46.4011344909668 -9.063543319702148 10.477121353149414
    vertex 46.25480270385742 -9.338981628417969 10.211151123046875
  endloop
endfacet
facet normal 0.0 0.0 0.0
  outer loop
    vertex 46.25480270385742 -9.338981628417969 10.211151123046875
    vertex 46.4011344909668 -9.063543319702148 10.477121353149414
    vertex 45.407596588134766 -9.354146003723145 10.535341262817383
  endloop
endfacet
facet normal 0.0 0.0 0.0
  outer loop
    vertex 48.33588409423828 -8.331107139587402 9.73069953918457
    vertex 49.1571044921875 -7.981722831726074 9.010126113891602
    vertex 48.476173400878906 -7.920477867126465 9.81451416015625
  endloop
endfacet
facet normal 0.0 0.0 0.0
  outer loop
    vertex 47.928401947021484 -9.072834014892578 9.431304931640625
    vertex 48.529518127441406 -9.119922637939453 8.775514602661133
    vertex 48.787696838378906 -8.764824867248535 8.891857147216797
  endloop
endfacet
facet normal 0.0 0.0 0.0
  outer loop
    vertex 48.33588409423828 -8.331107139587402 9.73069953918457
    vertex 48.476173400878906 -7.920477867126465 9.81451416015625
    vertex 47.55302810668945 -8.307929992675781 10.394912719726562
  endloop
endfacet
facet normal 0.0 0.0 0.0
  outer loop
    vertex 47.55302810668945 -8.307929992675781 10.394912719726562
    vertex 48.476173400878906 -7.920477867126465 9.81451416015625
    vertex 47.66756057739258 -7.891186237335205 10.513603210449219
  endloop
endfacet
facet normal 0.0 0.0 0.0
  outer loop
    vertex 47.55302810668945 -8.307929992675781 10.394912719726562
    vertex 47.66756057739258 -7.891186237335205 10.513603210449219
    vertex 46.661869049072266 -8.306153297424316 10.938573837280273
  endloop
endfacet
facet normal 0.0 0.0 0.0
  outer loop
    vertex 46.661869049072266 -8.306153297424316 10.938573837280273
    vertex 47.66756057739258 -7.891186237335205 10.513603210449219
    vertex 46.748409271240234 -7.883483409881592 11.083709716796875
  endloop
endfacet
facet normal 0.0 0.0 0.0
  outer loop
    vertex 46.661869049072266 -8.306153297424316 10.938573837280273
    vertex 46.748409271240234 -7.883483409881592 11.083709716796875
    vertex 45.68479537963867 -8.315064430236816 11.343555450439453
  endloop
endfacet
facet normal 0.0 0.0 0.0
  outer loop
    vertex 45.68479537963867 -8.315064430236816 11.343555450439453
    vertex 46.748409271240234 -7.883483409881592 11.083709716796875
    vertex 45.74238204956055 -7.887396335601807 11.507022857666016
  endloop
endfacet
facet normal 0.0 0.0 0.0
  outer loop
    vertex 45.68479537963867 -8.315064430236816 11.343555450439453
    vertex 45.74238204956055 -7.887396335601807 11.507022857666016
    vertex 44.6458854675293 -8.324614524841309 11.593135833740234
  endloop
endfacet
facet normal 0.0 0.0 0.0
  outer loop
    vertex 48.33588409423828 -8.331107139587402 9.73069953918457
    vertex 47.55302810668945 -8.307929992675781 10.394912719726562
    vertex 47.40328598022461 -8.695672988891602 10.227060317993164
  endloop
endfacet
facet normal 0.0 0.0 0.0
  outer loop
    vertex 47.40328598022461 -8.695672988891602 10.227060317993164
    vertex 47.55302810668945 -8.307929992675781 10.394912719726562
    vertex 46.54704666137695 -8.698446273803711 10.738109588623047
  endloop
endfacet
facet normal 0.0 0.0 0.0
  outer loop
    vertex 47.40328598022461 -8.695672988891602 10.227060317993164
    vertex 46.54704666137695 -8.698446273803711 10.738109588623047
    vertex 46.4011344909668 -9.063543319702148 10.477121353149414
  endloop
endfacet
facet normal 0.0 0.0 0.0
  outer loop
    vertex 46.4011344909668 -9.063543319702148 10.477121353149414
    vertex 46.54704666137695 -8.698446273803711 10.738109588623047
    vertex 45.50783157348633 -9.078421592712402 10.829658508300781
  endloop
endfacet
facet normal 0.0 0.0 0.0
  outer loop
    vertex 46.4011344909668 -9.063543319702148 10.477121353149414
    vertex 45.50783157348633 -9.078421592712402 10.829658508300781
    vertex 45.407596588134766 -9.354146003723145 10.535341262817383
  endloop
endfacet
facet normal 0.0 0.0 0.0
  outer loop
    vertex 45.407596588134766 -9.354146003723145 10.535341262817383
    vertex 45.50783157348633 -9.078421592712402 10.829658508300781
    vertex 44.5053825378418 -9.367670059204102 10.735620498657227
  endloop
endfacet
facet normal 0.0 0.0 0.0
  outer loop
    vertex 46.54704666137695 -8.698446273803711 10.738109588623047
    vertex 47.55302810668945 -8.307929992675781 10.394912719726562
    vertex 46.661869049072266 -8.306153297424316 10.938573837280273
  endloop
endfacet
facet normal 0.0 0.0 0.0
  outer loop
    vertex 46.54704666137695 -8.698446273803711 10.738109588623047
    vertex 46.661869049072266 -8.306153297424316 10.938573837280273
    vertex 45.607242584228516 -8.711108207702637 11.119625091552734
  endloop
endfacet
facet normal 0.0 0.0 0.0
  outer loop
    vertex 45.607242584228516 -8.711108207702637 11.119625091552734
    vertex 46.661869049072266 -8.306153297424316 10.938573837280273
    vertex 45.68479537963867 -8.315064430236816 11.343555450439453
  endloop
endfacet
facet normal 0.0 0.0 0.0
  outer loop
    vertex 45.607242584228516 -8.711108207702637 11.119625091552734
    vertex 45.68479537963867 -8.315064430236816 11.343555450439453
    vertex 44.60683822631836 -8.723135948181152 11.355138778686523
  endloop
endfacet
facet normal 0.0 0.0 0.0
  outer loop
    vertex 44.60683822631836 -8.723135948181152 11.355138778686523
    vertex 45.68479537963867 -8.315064430236816 11.343555450439453
    vertex 44.6458854675293 -8.324614524841309 11.593135833740234
  endloop
endfacet
facet normal 0.0 0.0 0.0
  outer loop
    vertex 46.54704666137695 -8.698446273803711 10.738109588623047
    vertex 45.607242584228516 -8.711108207702637 11.119625091552734
    vertex 45.50783157348633 -9.078421592712402 10.829658508300781
  endloop
endfacet
facet normal 0.0 0.0 0.0
  outer loop
    vertex 45.50783157348633 -9.078421592712402 10.829658508300781
    vertex 45.607242584228516 -8.711108207702637 11.119625091552734
    vertex 44.55636978149414 -9.09185791015625 11.047468185424805
  endloop
endfacet
facet normal 0.0 0.0 0.0
  outer loop
    vertex 45.50783157348633 -9.078421592712402 10.829658508300781
    vertex 44.55636978149414 -9.09185791015625 11.047468185424805
    vertex 44.5053825378418 -9.367670059204102 10.735620498657227
  endloop
endfacet
facet normal 0.0 0.0 0.0
  outer loop
    vertex 44.55636978149414 -9.09185791015625 11.047468185424805
    vertex 45.607242584228516 -8.711108207702637 11.119625091552734
    vertex 44.60683822631836 -8.723135948181152 11.355138778686523
  endloop
endfacet
facet normal 0.0 0.0 0.0
  outer loop
    vertex 47.407901763916016 -10.267716407775879 7.000006198883057
    vertex 47.667118072509766 -10.449166297912598 6.469892978668213
    vertex 48.11646270751953 -10.121790885925293 7.167751789093018
  endloop
endfacet
facet normal 0.0 0.0 0.0
  outer loop
    vertex 48.11646270751953 -10.121790885925293 7.167751789093018
    vertex 47.667118072509766 -10.449166297912598 6.469892978668213
    vertex 48.38294219970703 -10.309601783752441 6.5844807624816895
  endloop
endfacet
facet normal 0.0 0.0 0.0
  outer loop
    vertex 48.11646270751953 -10.121790885925293 7.167751789093018
    vertex 48.38294219970703 -10.309601783752441 6.5844807624816895
    vertex 48.78160858154297 -9.808637619018555 7.272696018218994
  endloop
endfacet
facet normal 0.0 0.0 0.0
  outer loop
    vertex 48.78160858154297 -9.808637619018555 7.272696018218994
    vertex 48.38294219970703 -10.309601783752441 6.5844807624816895
    vertex 49.00691223144531 -9.990804672241211 6.70729923248291
  endloop
endfacet
facet normal 0.0 0.0 0.0
  outer loop
    vertex 48.78160858154297 -9.808637619018555 7.272696018218994
    vertex 49.00691223144531 -9.990804672241211 6.70729923248291
    vertex 49.362571716308594 -9.347447395324707 7.308407783508301
  endloop
endfacet
facet normal 0.0 0.0 0.0
  outer loop
    vertex 49.362571716308594 -9.347447395324707 7.308407783508301
    vertex 49.00691223144531 -9.990804672241211 6.70729923248291
    vertex 49.558326721191406 -9.543200492858887 6.749079704284668
  endloop
endfacet
facet normal 0.0 0.0 0.0
  outer loop
    vertex 49.362571716308594 -9.347447395324707 7.308407783508301
    vertex 49.558326721191406 -9.543200492858887 6.749079704284668
    vertex 49.8521728515625 -9.208511352539062 6.73264217376709
  endloop
endfacet
facet normal 0.0 0.0 0.0
  outer loop
    vertex 49.8521728515625 -9.208511352539062 6.73264217376709
    vertex 49.558326721191406 -9.543200492858887 6.749079704284668
    vertex 50.097999572753906 -9.485509872436523 6.168139457702637
  endloop
endfacet
facet normal 0.0 0.0 0.0
  outer loop
    vertex 49.8521728515625 -9.208511352539062 6.73264217376709
    vertex 50.097999572753906 -9.485509872436523 6.168139457702637
    vertex 50.329437255859375 -9.15865707397461 6.118962287902832
  endloop
endfacet
facet normal 0.0 0.0 0.0
  outer loop
    vertex 50.329437255859375 -9.15865707397461 6.118962287902832
    vertex 50.097999572753906 -9.485509872436523 6.168139457702637
    vertex 50.630882263183594 -9.529040336608887 5.5575971603393555
  endloop
endfacet
facet normal 0.0 0.0 0.0
  outer loop
    vertex 50.329437255859375 -9.15865707397461 6.118962287902832
    vertex 50.630882263183594 -9.529040336608887 5.5575971603393555
    vertex 50.82200622558594 -9.211966514587402 5.47714900970459
  endloop
endfacet
facet normal 0.0 0.0 0.0
  outer loop
    vertex 50.82200622558594 -9.211966514587402 5.47714900970459
    vertex 50.630882263183594 -9.529040336608887 5.5575971603393555
    vertex 51.181297302246094 -9.68226146697998 4.934355735778809
  endloop
endfacet
facet normal 0.0 0.0 0.0
  outer loop
    vertex 50.82200622558594 -9.211966514587402 5.47714900970459
    vertex 51.181297302246094 -9.68226146697998 4.934355735778809
    vertex 51.34093475341797 -9.387476921081543 4.829272270202637
  endloop
endfacet
facet normal 0.0 0.0 0.0
  outer loop
    vertex 51.34093475341797 -9.387476921081543 4.829272270202637
    vertex 51.181297302246094 -9.68226146697998 4.934355735778809
    vertex 51.75682830810547 -9.958456993103027 4.32282018661499
  endloop
endfacet
facet normal 0.0 0.0 0.0
  outer loop
    vertex 51.34093475341797 -9.387476921081543 4.829272270202637
    vertex 51.75682830810547 -9.958456993103027 4.32282018661499
    vertex 51.592674255371094 -9.263957977294922 4.543824672698975
  endloop
endfacet
facet normal 0.0 0.0 0.0
  outer loop
    vertex 51.592674255371094 -9.263957977294922 4.543824672698975
    vertex 51.75682830810547 -9.958456993103027 4.32282018661499
    vertex 51.96636962890625 -9.797812461853027 4.126340389251709
  endloop
endfacet
facet normal 0.0 0.0 0.0
  outer loop
    vertex 51.96636962890625 -9.797812461853027 4.126340389251709
    vertex 51.75682830810547 -9.958456993103027 4.32282018661499
    vertex 52.22233581542969 -10.593156814575195 3.8537440299987793
  endloop
endfacet
facet normal 0.0 0.0 0.0
  outer loop
    vertex 51.96636962890625 -9.797812461853027 4.126340389251709
    vertex 52.22233581542969 -10.593156814575195 3.8537440299987793
    vertex 52.37226104736328 -10.377657890319824 3.740079402923584
  endloop
endfacet
facet normal 0.0 0.0 0.0
  outer loop
    vertex 52.37226104736328 -10.377657890319824 3.740079402923584
    vertex 52.22233581542969 -10.593156814575195 3.8537440299987793
    vertex 52.80774688720703 -10.999777793884277 3.387521266937256
  endloop
endfacet
facet normal 0.0 0.0 0.0
  outer loop
    vertex 52.80774688720703 -10.999777793884277 3.387521266937256
    vertex 52.22233581542969 -10.593156814575195 3.8537440299987793
    vertex 52.73375701904297 -11.28624439239502 3.4278769493103027
  endloop
endfacet
facet normal 0.0 0.0 0.0
  outer loop
    vertex 52.80774688720703 -10.999777793884277 3.387521266937256
    vertex 52.73375701904297 -11.28624439239502 3.4278769493103027
    vertex 53.27003479003906 -11.660186767578125 3.070920705795288
  endloop
endfacet
facet normal 0.0 0.0 0.0
  outer loop
    vertex 53.27003479003906 -11.660186767578125 3.070920705795288
    vertex 52.73375701904297 -11.28624439239502 3.4278769493103027
    vertex 53.2861328125 -12.031126976013184 3.049978017807007
  endloop
endfacet
facet normal 0.0 0.0 0.0
  outer loop
    vertex 53.27003479003906 -11.660186767578125 3.070920705795288
    vertex 53.2861328125 -12.031126976013184 3.049978017807007
    vertex 53.75616455078125 -12.354654312133789 2.7923107147216797
  endloop
endfacet
facet normal 0.0 0.0 0.0
  outer loop
    vertex 53.75616455078125 -12.354654312133789 2.7923107147216797
    vertex 53.2861328125 -12.031126976013184 3.049978017807007
    vertex 54.144134521484375 -13.182380676269531 2.5990562438964844
  endloop
endfacet
facet normal 0.0 0.0 0.0
  outer loop
    vertex 53.75616455078125 -12.354654312133789 2.7923107147216797
    vertex 54.144134521484375 -13.182380676269531 2.5990562438964844
    vertex 54.26301574707031 -13.078730583190918 2.5534706115722656
  endloop
endfacet
facet normal 0.0 0.0 0.0
  outer loop
    vertex 54.26301574707031 -13.078730583190918 2.5534706115722656
    vertex 54.144134521484375 -13.182380676269531 2.5990562438964844
    vertex 54.78734588623047 -13.827775955200195 2.3559343814849854
  endloop
endfacet
facet normal 0.0 0.0 0.0
  outer loop
    vertex 54.78734588623047 -13.827775955200195 2.3559343814849854
    vertex 54.144134521484375 -13.182380676269531 2.5990562438964844
    vertex 55.06036376953125 -14.406197547912598 2.2696897983551025
  endloop
endfacet
facet normal 0.0 0.0 0.0
  outer loop
    vertex 54.78734588623047 -13.827775955200195 2.3559343814849854
    vertex 55.06036376953125 -14.406197547912598 2.2696897983551025
    vertex 55.874916076660156 -15.381449699401855 2.089561700820923
  endloop
endfacet
facet normal 0.0 0.0 0.0
  outer loop
    vertex 55.874916076660156 -15.381449699401855 2.089561700820923
    vertex 55.06036376953125 -14.406197547912598 2.2696897983551025
    vertex 56.015785217285156 -15.67874813079834 2.068289041519165
  endloop
endfacet
facet normal 0.0 0.0 0.0
  outer loop
    vertex 55.874916076660156 -15.381449699401855 2.089561700820923
    vertex 56.015785217285156 -15.67874813079834 2.068289041519165
    vertex 56.991050720214844 -16.975921630859375 2.0000081062316895
  endloop
endfacet
facet normal 0.0 0.0 0.0
  outer loop
    vertex 47.667118072509766 -10.449166297912598 6.469892978668213
    vertex 47.9860725402832 -10.672432899475098 5.955990314483643
    vertex 48.38294219970703 -10.309601783752441 6.5844807624816895
  endloop
endfacet
facet normal 0.0 0.0 0.0
  outer loop
    vertex 48.38294219970703 -10.309601783752441 6.5844807624816895
    vertex 47.9860725402832 -10.672432899475098 5.955990314483643
    vertex 48.718658447265625 -10.555232048034668 6.00856876373291
  endloop
endfacet
facet normal 0.0 0.0 0.0
  outer loop
    vertex 48.38294219970703 -10.309601783752441 6.5844807624816895
    vertex 48.718658447265625 -10.555232048034668 6.00856876373291
    vertex 49.297874450683594 -10.232749938964844 6.140883445739746
  endloop
endfacet
facet normal 0.0 0.0 0.0
  outer loop
    vertex 49.297874450683594 -10.232749938964844 6.140883445739746
    vertex 48.718658447265625 -10.555232048034668 6.00856876373291
    vertex 49.6583251953125 -10.53608512878418 5.579628944396973
  endloop
endfacet
facet normal 0.0 0.0 0.0
  outer loop
    vertex 49.297874450683594 -10.232749938964844 6.140883445739746
    vertex 49.6583251953125 -10.53608512878418 5.579628944396973
    vertex 50.14006805419922 -10.124943733215332 5.624728202819824
  endloop
endfacet
facet normal 0.0 0.0 0.0
  outer loop
    vertex 50.14006805419922 -10.124943733215332 5.624728202819824
    vertex 49.6583251953125 -10.53608512878418 5.579628944396973
    vertex 50.529563903808594 -10.514433860778809 5.074645042419434
  endloop
endfacet
facet normal 0.0 0.0 0.0
  outer loop
    vertex 50.14006805419922 -10.124943733215332 5.624728202819824
    vertex 50.529563903808594 -10.514433860778809 5.074645042419434
    vertex 50.77897644042969 -10.243392944335938 5.057829856872559
  endloop
endfacet
facet normal 0.0 0.0 0.0
  outer loop
    vertex 50.77897644042969 -10.243392944335938 5.057829856872559
    vertex 50.529563903808594 -10.514433860778809 5.074645042419434
    vertex 51.213287353515625 -10.72214126586914 4.529803276062012
  endloop
endfacet
facet normal 0.0 0.0 0.0
  outer loop
    vertex 50.77897644042969 -10.243392944335938 5.057829856872559
    vertex 51.213287353515625 -10.72214126586914 4.529803276062012
    vertex 51.41474914550781 -10.475574493408203 4.487393856048584
  endloop
endfacet
facet normal 0.0 0.0 0.0
  outer loop
    vertex 51.41474914550781 -10.475574493408203 4.487393856048584
    vertex 51.213287353515625 -10.72214126586914 4.529803276062012
    vertex 51.894203186035156 -11.046477317810059 3.995694637298584
  endloop
endfacet
facet normal 0.0 0.0 0.0
  outer loop
    vertex 51.41474914550781 -10.475574493408203 4.487393856048584
    vertex 51.894203186035156 -11.046477317810059 3.995694637298584
    vertex 52.06610870361328 -10.821953773498535 3.936032772064209
  endloop
endfacet
facet normal 0.0 0.0 0.0
  outer loop
    vertex 52.06610870361328 -10.821953773498535 3.936032772064209
    vertex 51.894203186035156 -11.046477317810059 3.995694637298584
    vertex 52.58619689941406 -11.483036041259766 3.495358943939209
  endloop
endfacet
facet normal 0.0 0.0 0.0
  outer loop
    vertex 52.06610870361328 -10.821953773498535 3.936032772064209
    vertex 52.58619689941406 -11.483036041259766 3.495358943939209
    vertex 52.73375701904297 -11.28624439239502 3.4278769493103027
  endloop
endfacet
facet normal 0.0 0.0 0.0
  outer loop
    vertex 52.73375701904297 -11.28624439239502 3.4278769493103027
    vertex 52.58619689941406 -11.483036041259766 3.495358943939209
    vertex 53.2861328125 -12.031126976013184 3.049978017807007
  endloop
endfacet
facet normal 0.0 0.0 0.0
  outer loop
    vertex 47.9860725402832 -10.672432899475098 5.955990314483643
    vertex 48.36271667480469 -10.93608570098877 5.461590766906738
    vertex 48.718658447265625 -10.555232048034668 6.00856876373291
  endloop
endfacet
facet normal 0.0 0.0 0.0
  outer loop
    vertex 48.718658447265625 -10.555232048034668 6.00856876373291
    vertex 48.36271667480469 -10.93608570098877 5.461590766906738
    vertex 49.12769317626953 -10.858288764953613 5.44649600982666
  endloop
endfacet
facet normal 0.0 0.0 0.0
  outer loop
    vertex 48.718658447265625 -10.555232048034668 6.00856876373291
    vertex 49.12769317626953 -10.858288764953613 5.44649600982666
    vertex 49.6583251953125 -10.53608512878418 5.579628944396973
  endloop
endfacet
facet normal 0.0 0.0 0.0
  outer loop
    vertex 49.6583251953125 -10.53608512878418 5.579628944396973
    vertex 49.12769317626953 -10.858288764953613 5.44649600982666
    vertex 50.087669372558594 -10.901257514953613 5.031830787658691
  endloop
endfacet
facet normal 0.0 0.0 0.0
  outer loop
    vertex 49.6583251953125 -10.53608512878418 5.579628944396973
    vertex 50.087669372558594 -10.901257514953613 5.031830787658691
    vertex 50.529563903808594 -10.514433860778809 5.074645042419434
  endloop
endfacet
facet normal 0.0 0.0 0.0
  outer loop
    vertex 50.529563903808594 -10.514433860778809 5.074645042419434
    vertex 50.087669372558594 -10.901257514953613 5.031830787658691
    vertex 50.98334503173828 -10.968218803405762 4.544978141784668
  endloop
endfacet
facet normal 0.0 0.0 0.0
  outer loop
    vertex 50.529563903808594 -10.514433860778809 5.074645042419434
    vertex 50.98334503173828 -10.968218803405762 4.544978141784668
    vertex 51.213287353515625 -10.72214126586914 4.529803276062012
  endloop
endfacet
facet normal 0.0 0.0 0.0
  outer loop
    vertex 51.213287353515625 -10.72214126586914 4.529803276062012
    vertex 50.98334503173828 -10.968218803405762 4.544978141784668
    vertex 51.70819854736328 -11.264650344848633 4.032174587249756
  endloop
endfacet
facet normal 0.0 0.0 0.0
  outer loop
    vertex 51.213287353515625 -10.72214126586914 4.529803276062012
    vertex 51.70819854736328 -11.264650344848633 4.032174587249756
    vertex 51.894203186035156 -11.046477317810059 3.995694637298584
  endloop
endfacet
facet normal 0.0 0.0 0.0
  outer loop
    vertex 51.894203186035156 -11.046477317810059 3.995694637298584
    vertex 51.70819854736328 -11.264650344848633 4.032174587249756
    vertex 52.427879333496094 -11.676963806152344 3.544188976287842
  endloop
endfacet
facet normal 0.0 0.0 0.0
  outer loop
    vertex 51.894203186035156 -11.046477317810059 3.995694637298584
    vertex 52.427879333496094 -11.676963806152344 3.544188976287842
    vertex 52.58619689941406 -11.483036041259766 3.495358943939209
  endloop
endfacet
facet normal 0.0 0.0 0.0
  outer loop
    vertex 52.58619689941406 -11.483036041259766 3.495358943939209
    vertex 52.427879333496094 -11.676963806152344 3.544188976287842
    vertex 53.15156555175781 -12.196742057800293 3.1020867824554443
  endloop
endfacet
facet normal 0.0 0.0 0.0
  outer loop
    vertex 52.58619689941406 -11.483036041259766 3.495358943939209
    vertex 53.15156555175781 -12.196742057800293 3.1020867824554443
    vertex 53.2861328125 -12.031126976013184 3.049978017807007
  endloop
endfacet
facet normal 0.0 0.0 0.0
  outer loop
    vertex 53.2861328125 -12.031126976013184 3.049978017807007
    vertex 53.15156555175781 -12.196742057800293 3.1020867824554443
    vertex 54.144134521484375 -13.182380676269531 2.5990562438964844
  endloop
endfacet
facet normal 0.0 0.0 0.0
  outer loop
    vertex 48.36271667480469 -10.93608570098877 5.461590766906738
    vertex 48.794639587402344 -11.238435745239258 4.989861488342285
    vertex 49.12769317626953 -10.858288764953613 5.44649600982666
  endloop
endfacet
facet normal 0.0 0.0 0.0
  outer loop
    vertex 49.12769317626953 -10.858288764953613 5.44649600982666
    vertex 48.794639587402344 -11.238435745239258 4.989861488342285
    vertex 49.60784912109375 -11.218159675598145 4.905156135559082
  endloop
endfacet
facet normal 0.0 0.0 0.0
  outer loop
    vertex 49.12769317626953 -10.858288764953613 5.44649600982666
    vertex 49.60784912109375 -11.218159675598145 4.905156135559082
    vertex 50.087669372558594 -10.901257514953613 5.031830787658691
  endloop
endfacet
facet normal 0.0 0.0 0.0
  outer loop
    vertex 50.087669372558594 -10.901257514953613 5.031830787658691
    vertex 49.60784912109375 -11.218159675598145 4.905156135559082
    vertex 50.58356475830078 -11.326883316040039 4.506319999694824
  endloop
endfacet
facet normal 0.0 0.0 0.0
  outer loop
    vertex 50.087669372558594 -10.901257514953613 5.031830787658691
    vertex 50.58356475830078 -11.326883316040039 4.506319999694824
    vertex 50.98334503173828 -10.968218803405762 4.544978141784668
  endloop
endfacet
facet normal 0.0 0.0 0.0
  outer loop
    vertex 50.98334503173828 -10.968218803405762 4.544978141784668
    vertex 50.58356475830078 -11.326883316040039 4.506319999694824
    vertex 51.49974060058594 -11.484609603881836 4.045211315155029
  endloop
endfacet
facet normal 0.0 0.0 0.0
  outer loop
    vertex 50.98334503173828 -10.968218803405762 4.544978141784668
    vertex 51.49974060058594 -11.484609603881836 4.045211315155029
    vertex 51.70819854736328 -11.264650344848633 4.032174587249756
  endloop
endfacet
facet normal 0.0 0.0 0.0
  outer loop
    vertex 51.70819854736328 -11.264650344848633 4.032174587249756
    vertex 51.49974060058594 -11.484609603881836 4.045211315155029
    vertex 52.25996398925781 -11.86662769317627 3.5740065574645996
  endloop
endfacet
facet normal 0.0 0.0 0.0
  outer loop
    vertex 51.70819854736328 -11.264650344848633 4.032174587249756
    vertex 52.25996398925781 -11.86662769317627 3.5740065574645996
    vertex 52.427879333496094 -11.676963806152344 3.544188976287842
  endloop
endfacet
facet normal 0.0 0.0 0.0
  outer loop
    vertex 52.427879333496094 -11.676963806152344 3.544188976287842
    vertex 52.25996398925781 -11.86662769317627 3.5740065574645996
    vertex 53.010162353515625 -12.360569953918457 3.1397225856781006
  endloop
endfacet
facet normal 0.0 0.0 0.0
  outer loop
    vertex 52.427879333496094 -11.676963806152344 3.544188976287842
    vertex 53.010162353515625 -12.360569953918457 3.1397225856781006
    vertex 53.15156555175781 -12.196742057800293 3.1020867824554443
  endloop
endfacet
facet normal 0.0 0.0 0.0
  outer loop
    vertex 53.15156555175781 -12.196742057800293 3.1020867824554443
    vertex 53.010162353515625 -12.360569953918457 3.1397225856781006
    vertex 54.03522491455078 -13.304608345031738 2.630340576171875
  endloop
endfacet
facet normal 0.0 0.0 0.0
  outer loop
    vertex 53.15156555175781 -12.196742057800293 3.1020867824554443
    vertex 54.03522491455078 -13.304608345031738 2.630340576171875
    vertex 54.144134521484375 -13.182380676269531 2.5990562438964844
  endloop
endfacet
facet normal 0.0 0.0 0.0
  outer loop
    vertex 54.144134521484375 -13.182380676269531 2.5990562438964844
    vertex 54.03522491455078 -13.304608345031738 2.630340576171875
    vertex 55.06036376953125 -14.406197547912598 2.2696897983551025
  endloop
endfacet
facet normal 0.0 0.0 0.0
  outer loop
    vertex 48.794639587402344 -11.238435745239258 4.989861488342285
    vertex 49.279083251953125 -11.577547073364258 4.543824195861816
    vertex 49.60784912109375 -11.218159675598145 4.905156135559082
  endloop
endfacet
facet normal 0.0 0.0 0.0
  outer loop
    vertex 49.60784912109375 -11.218159675598145 4.905156135559082
    vertex 49.279083251953125 -11.577547073364258 4.543824195861816
    vertex 50.155609130859375 -11.63290786743164 4.391676902770996
  endloop
endfacet
facet normal 0.0 0.0 0.0
  outer loop
    vertex 49.60784912109375 -11.218159675598145 4.905156135559082
    vertex 50.155609130859375 -11.63290786743164 4.391676902770996
    vertex 50.58356475830078 -11.326883316040039 4.506319999694824
  endloop
endfacet
facet normal 0.0 0.0 0.0
  outer loop
    vertex 50.58356475830078 -11.326883316040039 4.506319999694824
    vertex 50.155609130859375 -11.63290786743164 4.391676902770996
    vertex 51.14356231689453 -11.81147575378418 4.01198148727417
  endloop
endfacet
facet normal 0.0 0.0 0.0
  outer loop
    vertex 50.58356475830078 -11.326883316040039 4.506319999694824
    vertex 51.14356231689453 -11.81147575378418 4.01198148727417
    vertex 51.49974060058594 -11.484609603881836 4.045211315155029
  endloop
endfacet
facet normal 0.0 0.0 0.0
  outer loop
    vertex 51.49974060058594 -11.484609603881836 4.045211315155029
    vertex 51.14356231689453 -11.81147575378418 4.01198148727417
    vertex 52.074745178222656 -12.059614181518555 3.584651470184326
  endloop
endfacet
facet normal 0.0 0.0 0.0
  outer loop
    vertex 51.49974060058594 -11.484609603881836 4.045211315155029
    vertex 52.074745178222656 -12.059614181518555 3.584651470184326
    vertex 52.25996398925781 -11.86662769317627 3.5740065574645996
  endloop
endfacet
facet normal 0.0 0.0 0.0
  outer loop
    vertex 52.25996398925781 -11.86662769317627 3.5740065574645996
    vertex 52.074745178222656 -12.059614181518555 3.584651470184326
    vertex 52.8626708984375 -12.521732330322266 3.162675619125366
  endloop
endfacet
facet normal 0.0 0.0 0.0
  outer loop
    vertex 52.25996398925781 -11.86662769317627 3.5740065574645996
    vertex 52.8626708984375 -12.521732330322266 3.162675619125366
    vertex 53.010162353515625 -12.360569953918457 3.1397225856781006
  endloop
endfacet
facet normal 0.0 0.0 0.0
  outer loop
    vertex 53.010162353515625 -12.360569953918457 3.1397225856781006
    vertex 52.8626708984375 -12.521732330322266 3.162675619125366
    vertex 53.92333984375 -13.426079750061035 2.652881622314453
  endloop
endfacet
facet normal 0.0 0.0 0.0
  outer loop
    vertex 53.010162353515625 -12.360569953918457 3.1397225856781006
    vertex 53.92333984375 -13.426079750061035 2.652881622314453
    vertex 54.03522491455078 -13.304608345031738 2.630340576171875
  endloop
endfacet
facet normal 0.0 0.0 0.0
  outer loop
    vertex 54.03522491455078 -13.304608345031738 2.630340576171875
    vertex 53.92333984375 -13.426079750061035 2.652881622314453
    vertex 54.98390197753906 -14.486717224121094 2.2843973636627197
  endloop
endfacet
facet normal 0.0 0.0 0.0
  outer loop
    vertex 54.03522491455078 -13.304608345031738 2.630340576171875
    vertex 54.98390197753906 -14.486717224121094 2.2843973636627197
    vertex 55.06036376953125 -14.406197547912598 2.2696897983551025
  endloop
endfacet
facet normal 0.0 0.0 0.0
  outer loop
    vertex 55.06036376953125 -14.406197547912598 2.2696897983551025
    vertex 54.98390197753906 -14.486717224121094 2.2843973636627197
    vertex 56.015785217285156 -15.67874813079834 2.068289041519165
  endloop
endfacet
facet normal 0.0 0.0 0.0
  outer loop
    vertex 49.279083251953125 -11.577547073364258 4.543824195861816
    vertex 49.81294250488281 -11.951245307922363 4.126339912414551
    vertex 50.155609130859375 -11.63290786743164 4.391676902770996
  endloop
endfacet
facet normal 0.0 0.0 0.0
  outer loop
    vertex 50.155609130859375 -11.63290786743164 4.391676902770996
    vertex 49.81294250488281 -11.951245307922363 4.126339912414551
    vertex 50.76741027832031 -12.100525856018066 3.913213014602661
  endloop
endfacet
facet normal 0.0 0.0 0.0
  outer loop
    vertex 50.155609130859375 -11.63290786743164 4.391676902770996
    vertex 50.76741027832031 -12.100525856018066 3.913213014602661
    vertex 51.14356231689453 -11.81147575378418 4.01198148727417
  endloop
endfacet
facet normal 0.0 0.0 0.0
  outer loop
    vertex 51.14356231689453 -11.81147575378418 4.01198148727417
    vertex 50.76741027832031 -12.100525856018066 3.913213014602661
    vertex 51.76317596435547 -12.351384162902832 3.5575060844421387
  endloop
endfacet
facet normal 0.0 0.0 0.0
  outer loop
    vertex 51.14356231689453 -11.81147575378418 4.01198148727417
    vertex 51.76317596435547 -12.351384162902832 3.5575060844421387
    vertex 52.074745178222656 -12.059614181518555 3.584651470184326
  endloop
endfacet
facet normal 0.0 0.0 0.0
  outer loop
    vertex 52.074745178222656 -12.059614181518555 3.584651470184326
    vertex 51.76317596435547 -12.351384162902832 3.5575060844421387
    vertex 52.70220184326172 -12.687076568603516 3.1708598136901855
  endloop
endfacet
facet normal 0.0 0.0 0.0
  outer loop
    vertex 52.074745178222656 -12.059614181518555 3.584651470184326
    vertex 52.70220184326172 -12.687076568603516 3.1708598136901855
    vertex 52.8626708984375 -12.521732330322266 3.162675619125366
  endloop
endfacet
facet normal 0.0 0.0 0.0
  outer loop
    vertex 52.8626708984375 -12.521732330322266 3.162675619125366
    vertex 52.70220184326172 -12.687076568603516 3.1708598136901855
    vertex 53.80884552001953 -13.54642105102539 2.6666088104248047
  endloop
endfacet
facet normal 0.0 0.0 0.0
  outer loop
    vertex 52.8626708984375 -12.521732330322266 3.162675619125366
    vertex 53.80884552001953 -13.54642105102539 2.6666088104248047
    vertex 53.92333984375 -13.426079750061035 2.652881622314453
  endloop
endfacet
facet normal 0.0 0.0 0.0
  outer loop
    vertex 53.92333984375 -13.426079750061035 2.652881622314453
    vertex 53.80884552001953 -13.54642105102539 2.6666088104248047
    vertex 54.906517028808594 -14.567011833190918 2.2949717044830322
  endloop
endfacet
facet normal 0.0 0.0 0.0
  outer loop
    vertex 53.92333984375 -13.426079750061035 2.652881622314453
    vertex 54.906517028808594 -14.567011833190918 2.2949717044830322
    vertex 54.98390197753906 -14.486717224121094 2.2843973636627197
  endloop
endfacet
facet normal 0.0 0.0 0.0
  outer loop
    vertex 54.98390197753906 -14.486717224121094 2.2843973636627197
    vertex 54.906517028808594 -14.567011833190918 2.2949717044830322
    vertex 55.97637176513672 -15.718708992004395 2.07216477394104
  endloop
endfacet
facet normal 0.0 0.0 0.0
  outer loop
    vertex 54.98390197753906 -14.486717224121094 2.2843973636627197
    vertex 55.97637176513672 -15.718708992004395 2.07216477394104
    vertex 56.015785217285156 -15.67874813079834 2.068289041519165
  endloop
endfacet
facet normal 0.0 0.0 0.0
  outer loop
    vertex 56.015785217285156 -15.67874813079834 2.068289041519165
    vertex 55.97637176513672 -15.718708992004395 2.07216477394104
    vertex 56.991050720214844 -16.975921630859375 2.0000081062316895
  endloop
endfacet
facet normal 0.0 0.0 0.0
  outer loop
    vertex 49.81294250488281 -11.951245307922363 4.126339912414551
    vertex 50.392784118652344 -12.357136726379395 3.740079164505005
    vertex 50.76741027832031 -12.100525856018066 3.913213014602661
  endloop
endfacet
facet normal 0.0 0.0 0.0
  outer loop
    vertex 50.76741027832031 -12.100525856018066 3.913213014602661
    vertex 50.392784118652344 -12.357136726379395 3.740079164505005
    vertex 51.01490783691406 -12.792620658874512 3.3875210285186768
  endloop
endfacet
facet normal 0.0 0.0 0.0
  outer loop
    vertex 50.76741027832031 -12.100525856018066 3.913213014602661
    vertex 51.01490783691406 -12.792620658874512 3.3875210285186768
    vertex 51.43817138671875 -12.617419242858887 3.476663112640381
  endloop
endfacet
facet normal 0.0 0.0 0.0
  outer loop
    vertex 51.43817138671875 -12.617419242858887 3.476663112640381
    vertex 51.01490783691406 -12.792620658874512 3.3875210285186768
    vertex 51.675315856933594 -13.254907608032227 3.070920467376709
  endloop
endfacet
facet normal 0.0 0.0 0.0
  outer loop
    vertex 51.43817138671875 -12.617419242858887 3.476663112640381
    vertex 51.675315856933594 -13.254907608032227 3.070920467376709
    vertex 52.16133117675781 -13.178384780883789 3.0876612663269043
  endloop
endfacet
facet normal 0.0 0.0 0.0
  outer loop
    vertex 52.16133117675781 -13.178384780883789 3.0876612663269043
    vertex 51.675315856933594 -13.254907608032227 3.070920467376709
    vertex 52.369781494140625 -13.741034507751465 2.7923104763031006
  endloop
endfacet
facet normal 0.0 0.0 0.0
  outer loop
    vertex 52.16133117675781 -13.178384780883789 3.0876612663269043
    vertex 52.369781494140625 -13.741034507751465 2.7923104763031006
    vertex 53.282386779785156 -14.053756713867188 2.6216907501220703
  endloop
endfacet
facet normal 0.0 0.0 0.0
  outer loop
    vertex 53.282386779785156 -14.053756713867188 2.6216907501220703
    vertex 52.369781494140625 -13.741034507751465 2.7923104763031006
    vertex 53.09385681152344 -14.24788761138916 2.5534706115722656
  endloop
endfacet
facet normal 0.0 0.0 0.0
  outer loop
    vertex 53.282386779785156 -14.053756713867188 2.6216907501220703
    vertex 53.09385681152344 -14.24788761138916 2.5534706115722656
    vertex 53.84290313720703 -14.77221965789795 2.3559341430664062
  endloop
endfacet
facet normal 0.0 0.0 0.0
  outer loop
    vertex 53.282386779785156 -14.053756713867188 2.6216907501220703
    vertex 53.84290313720703 -14.77221965789795 2.3559341430664062
    vertex 54.47721862792969 -14.992279052734375 2.280332565307617
  endloop
endfacet
facet normal 0.0 0.0 0.0
  outer loop
    vertex 54.47721862792969 -14.992279052734375 2.280332565307617
    vertex 53.84290313720703 -14.77221965789795 2.3559341430664062
    vertex 55.396575927734375 -15.859790802001953 2.089561700820923
  endloop
endfacet
facet normal 0.0 0.0 0.0
  outer loop
    vertex 54.47721862792969 -14.992279052734375 2.280332565307617
    vertex 55.396575927734375 -15.859790802001953 2.089561700820923
    vertex 55.72161102294922 -15.973320007324219 2.0710947513580322
  endloop
endfacet
facet normal 0.0 0.0 0.0
  outer loop
    vertex 55.72161102294922 -15.973320007324219 2.0710947513580322
    vertex 55.396575927734375 -15.859790802001953 2.089561700820923
    vertex 56.991050720214844 -16.975921630859375 2.0000081062316895
  endloop
endfacet
facet normal 0.0 0.0 0.0
  outer loop
    vertex 51.592674255371094 -9.263957977294922 4.543824672698975
    vertex 51.253562927246094 -8.77951431274414 4.989861488342285
    vertex 51.34093475341797 -9.387476921081543 4.829272270202637
  endloop
endfacet
facet normal 0.0 0.0 0.0
  outer loop
    vertex 51.34093475341797 -9.387476921081543 4.829272270202637
    vertex 51.253562927246094 -8.77951431274414 4.989861488342285
    vertex 50.97712707519531 -8.884321212768555 5.366942405700684
  endloop
endfacet
facet normal 0.0 0.0 0.0
  outer loop
    vertex 51.34093475341797 -9.387476921081543 4.829272270202637
    vertex 50.97712707519531 -8.884321212768555 5.366942405700684
    vertex 50.82200622558594 -9.211966514587402 5.47714900970459
  endloop
endfacet
facet normal 0.0 0.0 0.0
  outer loop
    vertex 50.82200622558594 -9.211966514587402 5.47714900970459
    vertex 50.97712707519531 -8.884321212768555 5.366942405700684
    vertex 50.5205078125 -8.812427520751953 6.039000511169434
  endloop
endfacet
facet normal 0.0 0.0 0.0
  outer loop
    vertex 50.82200622558594 -9.211966514587402 5.47714900970459
    vertex 50.5205078125 -8.812427520751953 6.039000511169434
    vertex 50.329437255859375 -9.15865707397461 6.118962287902832
  endloop
endfacet
facet normal 0.0 0.0 0.0
  outer loop
    vertex 50.329437255859375 -9.15865707397461 6.118962287902832
    vertex 50.5205078125 -8.812427520751953 6.039000511169434
    vertex 50.088478088378906 -8.858624458312988 6.6869306564331055
  endloop
endfacet
facet normal 0.0 0.0 0.0
  outer loop
    vertex 50.329437255859375 -9.15865707397461 6.118962287902832
    vertex 50.088478088378906 -8.858624458312988 6.6869306564331055
    vertex 49.8521728515625 -9.208511352539062 6.73264217376709
  endloop
endfacet
facet normal 0.0 0.0 0.0
  outer loop
    vertex 49.8521728515625 -9.208511352539062 6.73264217376709
    vertex 50.088478088378906 -8.858624458312988 6.6869306564331055
    vertex 49.823768615722656 -8.7664794921875 7.272696495056152
  endloop
endfacet
facet normal 0.0 0.0 0.0
  outer loop
    vertex 49.8521728515625 -9.208511352539062 6.73264217376709
    vertex 49.823768615722656 -8.7664794921875 7.272696495056152
    vertex 49.362571716308594 -9.347447395324707 7.308407783508301
  endloop
endfacet
facet normal 0.0 0.0 0.0
  outer loop
    vertex 51.253562927246094 -8.77951431274414 4.989861488342285
    vertex 50.951210021972656 -8.34758472442627 5.461590766906738
    vertex 50.97712707519531 -8.884321212768555 5.366942405700684
  endloop
endfacet
facet normal 0.0 0.0 0.0
  outer loop
    vertex 50.97712707519531 -8.884321212768555 5.366942405700684
    vertex 50.951210021972656 -8.34758472442627 5.461590766906738
    vertex 50.667816162109375 -8.453038215637207 5.9296979904174805
  endloop
endfacet
facet normal 0.0 0.0 0.0
  outer loop
    vertex 50.97712707519531 -8.884321212768555 5.366942405700684
    vertex 50.667816162109375 -8.453038215637207 5.9296979904174805
    vertex 50.5205078125 -8.812427520751953 6.039000511169434
  endloop
endfacet
facet normal 0.0 0.0 0.0
  outer loop
    vertex 50.5205078125 -8.812427520751953 6.039000511169434
    vertex 50.667816162109375 -8.453038215637207 5.9296979904174805
    vertex 50.277137756347656 -8.485526084899902 6.612700462341309
  endloop
endfacet
facet normal 0.0 0.0 0.0
  outer loop
    vertex 50.5205078125 -8.812427520751953 6.039000511169434
    vertex 50.277137756347656 -8.485526084899902 6.612700462341309
    vertex 50.088478088378906 -8.858624458312988 6.6869306564331055
  endloop
endfacet
facet normal 0.0 0.0 0.0
  outer loop
    vertex 50.088478088378906 -8.858624458312988 6.6869306564331055
    vertex 50.277137756347656 -8.485526084899902 6.612700462341309
    vertex 49.823768615722656 -8.7664794921875 7.272696495056152
  endloop
endfacet
facet normal 0.0 0.0 0.0
  outer loop
    vertex 50.951210021972656 -8.34758472442627 5.461590766906738
    vertex 50.68756103515625 -7.970937728881836 5.955990791320801
    vertex 50.667816162109375 -8.453038215637207 5.9296979904174805
  endloop
endfacet
facet normal 0.0 0.0 0.0
  outer loop
    vertex 50.667816162109375 -8.453038215637207 5.9296979904174805
    vertex 50.68756103515625 -7.970937728881836 5.955990791320801
    vertex 50.41442108154297 -8.096630096435547 6.511435508728027
  endloop
endfacet
facet normal 0.0 0.0 0.0
  outer loop
    vertex 50.667816162109375 -8.453038215637207 5.9296979904174805
    vertex 50.41442108154297 -8.096630096435547 6.511435508728027
    vertex 50.277137756347656 -8.485526084899902 6.612700462341309
  endloop
endfacet
facet normal 0.0 0.0 0.0
  outer loop
    vertex 50.277137756347656 -8.485526084899902 6.612700462341309
    vertex 50.41442108154297 -8.096630096435547 6.511435508728027
    vertex 50.13691711425781 -8.101335525512695 7.167752265930176
  endloop
endfacet
facet normal 0.0 0.0 0.0
  outer loop
    vertex 50.277137756347656 -8.485526084899902 6.612700462341309
    vertex 50.13691711425781 -8.101335525512695 7.167752265930176
    vertex 49.823768615722656 -8.7664794921875 7.272696495056152
  endloop
endfacet
facet normal 0.0 0.0 0.0
  outer loop
    vertex 50.68756103515625 -7.970937728881836 5.955990791320801
    vertex 50.46429443359375 -7.6519856452941895 6.469893455505371
    vertex 50.41442108154297 -8.096630096435547 6.511435508728027
  endloop
endfacet
facet normal 0.0 0.0 0.0
  outer loop
    vertex 50.41442108154297 -8.096630096435547 6.511435508728027
    vertex 50.46429443359375 -7.6519856452941895 6.469893455505371
    vertex 50.28284454345703 -7.392772197723389 7.000006675720215
  endloop
endfacet
facet normal 0.0 0.0 0.0
  outer loop
    vertex 50.41442108154297 -8.096630096435547 6.511435508728027
    vertex 50.28284454345703 -7.392772197723389 7.000006675720215
    vertex 50.13691711425781 -8.101335525512695 7.167752265930176
  endloop
endfacet
facet normal 0.0 0.0 0.0
  outer loop
    vertex 55.72161102294922 -15.973320007324219 2.0710947513580322
    vertex 56.991050720214844 -16.975921630859375 2.0000081062316895
    vertex 55.788604736328125 -15.90697193145752 2.07570481300354
  endloop
endfacet
facet normal 0.0 0.0 0.0
  outer loop
    vertex 55.788604736328125 -15.90697193145752 2.07570481300354
    vertex 56.991050720214844 -16.975921630859375 2.0000081062316895
    vertex 55.85546112060547 -15.840330123901367 2.077240228652954
  endloop
endfacet
facet normal 0.0 0.0 0.0
  outer loop
    vertex 55.85546112060547 -15.840330123901367 2.077240228652954
    vertex 56.991050720214844 -16.975921630859375 2.0000081062316895
    vertex 55.897178649902344 -15.798527717590332 2.076639413833618
  endloop
endfacet
facet normal 0.0 0.0 0.0
  outer loop
    vertex 55.897178649902344 -15.798527717590332 2.076639413833618
    vertex 56.991050720214844 -16.975921630859375 2.0000081062316895
    vertex 55.93682861328125 -15.75864028930664 2.0749475955963135
  endloop
endfacet
facet normal 0.0 0.0 0.0
  outer loop
    vertex 55.93682861328125 -15.75864028930664 2.0749475955963135
    vertex 56.991050720214844 -16.975921630859375 2.0000081062316895
    vertex 55.97637176513672 -15.718708992004395 2.07216477394104
  endloop
endfacet
facet normal 0.0 0.0 0.0
  outer loop
    vertex 48.38294219970703 -10.309601783752441 6.5844807624816895
    vertex 49.297874450683594 -10.232749938964844 6.140883445739746
    vertex 49.00691223144531 -9.990804672241211 6.70729923248291
  endloop
endfacet
facet normal 0.0 0.0 0.0
  outer loop
    vertex 49.00691223144531 -9.990804672241211 6.70729923248291
    vertex 49.297874450683594 -10.232749938964844 6.140883445739746
    vertex 49.81645965576172 -9.801328659057617 6.1858015060424805
  endloop
endfacet
facet normal 0.0 0.0 0.0
  outer loop
    vertex 49.00691223144531 -9.990804672241211 6.70729923248291
    vertex 49.81645965576172 -9.801328659057617 6.1858015060424805
    vertex 49.558326721191406 -9.543200492858887 6.749079704284668
  endloop
endfacet
facet normal 0.0 0.0 0.0
  outer loop
    vertex 49.558326721191406 -9.543200492858887 6.749079704284668
    vertex 49.81645965576172 -9.801328659057617 6.1858015060424805
    vertex 50.097999572753906 -9.485509872436523 6.168139457702637
  endloop
endfacet
facet normal 0.0 0.0 0.0
  outer loop
    vertex 49.297874450683594 -10.232749938964844 6.140883445739746
    vertex 50.14006805419922 -10.124943733215332 5.624728202819824
    vertex 49.81645965576172 -9.801328659057617 6.1858015060424805
  endloop
endfacet
facet normal 0.0 0.0 0.0
  outer loop
    vertex 49.81645965576172 -9.801328659057617 6.1858015060424805
    vertex 50.14006805419922 -10.124943733215332 5.624728202819824
    vertex 50.40675354003906 -9.830513954162598 5.6070051193237305
  endloop
endfacet
facet normal 0.0 0.0 0.0
  outer loop
    vertex 49.81645965576172 -9.801328659057617 6.1858015060424805
    vertex 50.40675354003906 -9.830513954162598 5.6070051193237305
    vertex 50.097999572753906 -9.485509872436523 6.168139457702637
  endloop
endfacet
facet normal 0.0 0.0 0.0
  outer loop
    vertex 50.097999572753906 -9.485509872436523 6.168139457702637
    vertex 50.40675354003906 -9.830513954162598 5.6070051193237305
    vertex 50.630882263183594 -9.529040336608887 5.5575971603393555
  endloop
endfacet
facet normal 0.0 0.0 0.0
  outer loop
    vertex 50.14006805419922 -10.124943733215332 5.624728202819824
    vertex 50.77897644042969 -10.243392944335938 5.057829856872559
    vertex 50.40675354003906 -9.830513954162598 5.6070051193237305
  endloop
endfacet
facet normal 0.0 0.0 0.0
  outer loop
    vertex 50.40675354003906 -9.830513954162598 5.6070051193237305
    vertex 50.77897644042969 -10.243392944335938 5.057829856872559
    vertex 50.993125915527344 -9.968871116638184 5.010891914367676
  endloop
endfacet
facet normal 0.0 0.0 0.0
  outer loop
    vertex 50.40675354003906 -9.830513954162598 5.6070051193237305
    vertex 50.993125915527344 -9.968871116638184 5.010891914367676
    vertex 50.630882263183594 -9.529040336608887 5.5575971603393555
  endloop
endfacet
facet normal 0.0 0.0 0.0
  outer loop
    vertex 50.630882263183594 -9.529040336608887 5.5575971603393555
    vertex 50.993125915527344 -9.968871116638184 5.010891914367676
    vertex 51.181297302246094 -9.68226146697998 4.934355735778809
  endloop
endfacet
facet normal 0.0 0.0 0.0
  outer loop
    vertex 50.77897644042969 -10.243392944335938 5.057829856872559
    vertex 51.41474914550781 -10.475574493408203 4.487393856048584
    vertex 50.993125915527344 -9.968871116638184 5.010891914367676
  endloop
endfacet
facet normal 0.0 0.0 0.0
  outer loop
    vertex 50.993125915527344 -9.968871116638184 5.010891914367676
    vertex 51.41474914550781 -10.475574493408203 4.487393856048584
    vertex 51.59661865234375 -10.220040321350098 4.4181342124938965
  endloop
endfacet
facet normal 0.0 0.0 0.0
  outer loop
    vertex 50.993125915527344 -9.968871116638184 5.010891914367676
    vertex 51.59661865234375 -10.220040321350098 4.4181342124938965
    vertex 51.181297302246094 -9.68226146697998 4.934355735778809
  endloop
endfacet
facet normal 0.0 0.0 0.0
  outer loop
    vertex 51.181297302246094 -9.68226146697998 4.934355735778809
    vertex 51.59661865234375 -10.220040321350098 4.4181342124938965
    vertex 51.75682830810547 -9.958456993103027 4.32282018661499
  endloop
endfacet
facet normal 0.0 0.0 0.0
  outer loop
    vertex 52.22233581542969 -10.593156814575195 3.8537440299987793
    vertex 51.75682830810547 -9.958456993103027 4.32282018661499
    vertex 51.59661865234375 -10.220040321350098 4.4181342124938965
  endloop
endfacet
facet normal 0.0 0.0 0.0
  outer loop
    vertex 52.22233581542969 -10.593156814575195 3.8537440299987793
    vertex 51.59661865234375 -10.220040321350098 4.4181342124938965
    vertex 52.06610870361328 -10.821953773498535 3.936032772064209
  endloop
endfacet
facet normal 0.0 0.0 0.0
  outer loop
    vertex 52.06610870361328 -10.821953773498535 3.936032772064209
    vertex 51.59661865234375 -10.220040321350098 4.4181342124938965
    vertex 51.41474914550781 -10.475574493408203 4.487393856048584
  endloop
endfacet
facet normal 0.0 0.0 0.0
  outer loop
    vertex 52.73375701904297 -11.28624439239502 3.4278769493103027
    vertex 52.22233581542969 -10.593156814575195 3.8537440299987793
    vertex 52.06610870361328 -10.821953773498535 3.936032772064209
  endloop
endfacet
facet normal 0.0 0.0 0.0
  outer loop
    vertex 50.76741027832031 -12.100525856018066 3.913213014602661
    vertex 51.43817138671875 -12.617419242858887 3.476663112640381
    vertex 51.76317596435547 -12.351384162902832 3.5575060844421387
  endloop
endfacet
facet normal 0.0 0.0 0.0
  outer loop
    vertex 51.76317596435547 -12.351384162902832 3.5575060844421387
    vertex 51.43817138671875 -12.617419242858887 3.476663112640381
    vertex 52.43597412109375 -12.94087028503418 3.1499762535095215
  endloop
endfacet
facet normal 0.0 0.0 0.0
  outer loop
    vertex 51.76317596435547 -12.351384162902832 3.5575060844421387
    vertex 52.43597412109375 -12.94087028503418 3.1499762535095215
    vertex 52.70220184326172 -12.687076568603516 3.1708598136901855
  endloop
endfacet
facet normal 0.0 0.0 0.0
  outer loop
    vertex 52.70220184326172 -12.687076568603516 3.1708598136901855
    vertex 52.43597412109375 -12.94087028503418 3.1499762535095215
    vertex 53.68623352050781 -13.67110824584961 2.671497344970703
  endloop
endfacet
facet normal 0.0 0.0 0.0
  outer loop
    vertex 52.70220184326172 -12.687076568603516 3.1708598136901855
    vertex 53.68623352050781 -13.67110824584961 2.671497344970703
    vertex 53.80884552001953 -13.54642105102539 2.6666088104248047
  endloop
endfacet
facet normal 0.0 0.0 0.0
  outer loop
    vertex 53.80884552001953 -13.54642105102539 2.6666088104248047
    vertex 53.68623352050781 -13.67110824584961 2.671497344970703
    vertex 54.828330993652344 -14.646967887878418 2.301403284072876
  endloop
endfacet
facet normal 0.0 0.0 0.0
  outer loop
    vertex 53.80884552001953 -13.54642105102539 2.6666088104248047
    vertex 54.828330993652344 -14.646967887878418 2.301403284072876
    vertex 54.906517028808594 -14.567011833190918 2.2949717044830322
  endloop
endfacet
facet normal 0.0 0.0 0.0
  outer loop
    vertex 54.906517028808594 -14.567011833190918 2.2949717044830322
    vertex 54.828330993652344 -14.646967887878418 2.301403284072876
    vertex 55.93682861328125 -15.75864028930664 2.0749475955963135
  endloop
endfacet
facet normal 0.0 0.0 0.0
  outer loop
    vertex 54.906517028808594 -14.567011833190918 2.2949717044830322
    vertex 55.93682861328125 -15.75864028930664 2.0749475955963135
    vertex 55.97637176513672 -15.718708992004395 2.07216477394104
  endloop
endfacet
facet normal 0.0 0.0 0.0
  outer loop
    vertex 51.43817138671875 -12.617419242858887 3.476663112640381
    vertex 52.16133117675781 -13.178384780883789 3.0876612663269043
    vertex 52.43597412109375 -12.94087028503418 3.1499762535095215
  endloop
endfacet
facet normal 0.0 0.0 0.0
  outer loop
    vertex 52.43597412109375 -12.94087028503418 3.1499762535095215
    vertex 52.16133117675781 -13.178384780883789 3.0876612663269043
    vertex 53.48609924316406 -13.865934371948242 2.659017562866211
  endloop
endfacet
facet normal 0.0 0.0 0.0
  outer loop
    vertex 52.43597412109375 -12.94087028503418 3.1499762535095215
    vertex 53.48609924316406 -13.865934371948242 2.659017562866211
    vertex 53.68623352050781 -13.67110824584961 2.671497344970703
  endloop
endfacet
facet normal 0.0 0.0 0.0
  outer loop
    vertex 53.68623352050781 -13.67110824584961 2.671497344970703
    vertex 53.48609924316406 -13.865934371948242 2.659017562866211
    vertex 54.74552917480469 -14.730401039123535 2.303692102432251
  endloop
endfacet
facet normal 0.0 0.0 0.0
  outer loop
    vertex 53.68623352050781 -13.67110824584961 2.671497344970703
    vertex 54.74552917480469 -14.730401039123535 2.303692102432251
    vertex 54.828330993652344 -14.646967887878418 2.301403284072876
  endloop
endfacet
facet normal 0.0 0.0 0.0
  outer loop
    vertex 54.828330993652344 -14.646967887878418 2.301403284072876
    vertex 54.74552917480469 -14.730401039123535 2.303692102432251
    vertex 55.897178649902344 -15.798527717590332 2.076639413833618
  endloop
endfacet
facet normal 0.0 0.0 0.0
  outer loop
    vertex 54.828330993652344 -14.646967887878418 2.301403284072876
    vertex 55.897178649902344 -15.798527717590332 2.076639413833618
    vertex 55.93682861328125 -15.75864028930664 2.0749475955963135
  endloop
endfacet
facet normal 0.0 0.0 0.0
  outer loop
    vertex 52.16133117675781 -13.178384780883789 3.0876612663269043
    vertex 53.282386779785156 -14.053756713867188 2.6216907501220703
    vertex 53.48609924316406 -13.865934371948242 2.659017562866211
  endloop
endfacet
facet normal 0.0 0.0 0.0
  outer loop
    vertex 53.48609924316406 -13.865934371948242 2.659017562866211
    vertex 53.282386779785156 -14.053756713867188 2.6216907501220703
    vertex 54.611907958984375 -14.862411499023438 2.2978477478027344
  endloop
endfacet
facet normal 0.0 0.0 0.0
  outer loop
    vertex 53.48609924316406 -13.865934371948242 2.659017562866211
    vertex 54.611907958984375 -14.862411499023438 2.2978477478027344
    vertex 54.74552917480469 -14.730401039123535 2.303692102432251
  endloop
endfacet
facet normal 0.0 0.0 0.0
  outer loop
    vertex 54.74552917480469 -14.730401039123535 2.303692102432251
    vertex 54.611907958984375 -14.862411499023438 2.2978477478027344
    vertex 55.85546112060547 -15.840330123901367 2.077240228652954
  endloop
endfacet
facet normal 0.0 0.0 0.0
  outer loop
    vertex 54.74552917480469 -14.730401039123535 2.303692102432251
    vertex 55.85546112060547 -15.840330123901367 2.077240228652954
    vertex 55.897178649902344 -15.798527717590332 2.076639413833618
  endloop
endfacet
facet normal 0.0 0.0 0.0
  outer loop
    vertex 53.282386779785156 -14.053756713867188 2.6216907501220703
    vertex 54.47721862792969 -14.992279052734375 2.280332565307617
    vertex 54.611907958984375 -14.862411499023438 2.2978477478027344
  endloop
endfacet
facet normal 0.0 0.0 0.0
  outer loop
    vertex 54.611907958984375 -14.862411499023438 2.2978477478027344
    vertex 54.47721862792969 -14.992279052734375 2.280332565307617
    vertex 55.788604736328125 -15.90697193145752 2.07570481300354
  endloop
endfacet
facet normal 0.0 0.0 0.0
  outer loop
    vertex 54.611907958984375 -14.862411499023438 2.2978477478027344
    vertex 55.788604736328125 -15.90697193145752 2.07570481300354
    vertex 55.85546112060547 -15.840330123901367 2.077240228652954
  endloop
endfacet
facet normal 0.0 0.0 0.0
  outer loop
    vertex 55.72161102294922 -15.973320007324219 2.0710947513580322
    vertex 55.788604736328125 -15.90697193145752 2.07570481300354
    vertex 54.47721862792969 -14.992279052734375 2.280332565307617
  endloop
endfacet
facet normal 0.0 0.0 0.0
  outer loop
    vertex -39.73276138305664 -10.004085540771484 8.372093200683594
    vertex -34.20893859863281 -10.00168228149414 8.399994850158691
    vertex -40.00893783569336 -10.00168228149414 8.399993896484375
  endloop
endfacet
facet normal 0.0 0.0 0.0
  outer loop
    vertex -40.00893783569336 -10.00168228149414 8.399993896484375
    vertex -34.20893859863281 -10.00168228149414 8.399994850158691
    vertex -34.20893859863281 -9.9989652633667 8.43245792388916
  endloop
endfacet
facet normal 0.0 0.0 0.0
  outer loop
    vertex -40.00893783569336 -10.00168228149414 8.399993896484375
    vertex -34.20893859863281 -9.9989652633667 8.43245792388916
    vertex -45.99660873413086 -9.998505592346191 8.43761157989502
  endloop
endfacet
facet normal 0.0 0.0 0.0
  outer loop
    vertex -45.99660873413086 -9.998505592346191 8.43761157989502
    vertex -34.20893859863281 -9.9989652633667 8.43245792388916
    vertex -45.452640533447266 -9.983278274536133 8.678752899169922
  endloop
endfacet
facet normal 0.0 0.0 0.0
  outer loop
    vertex -45.452640533447266 -9.983278274536133 8.678752899169922
    vertex -34.20893859863281 -9.9989652633667 8.43245792388916
    vertex -43.592533111572266 -9.975920677185059 8.999994277954102
  endloop
endfacet
facet normal 0.0 0.0 0.0
  outer loop
    vertex -45.452640533447266 -9.983278274536133 8.678752899169922
    vertex -43.592533111572266 -9.975920677185059 8.999994277954102
    vertex -44.860084533691406 -9.977293968200684 8.855573654174805
  endloop
endfacet
facet normal 0.0 0.0 0.0
  outer loop
    vertex -44.860084533691406 -9.977293968200684 8.855573654174805
    vertex -43.592533111572266 -9.975920677185059 8.999994277954102
    vertex -44.234596252441406 -9.975801467895508 8.963483810424805
  endloop
endfacet
facet normal 0.0 0.0 0.0
  outer loop
    vertex -39.73276138305664 -10.004085540771484 8.372093200683594
    vertex -39.45992660522461 -10.012239456176758 8.287851333618164
    vertex -34.20893859863281 -10.00168228149414 8.399994850158691
  endloop
endfacet
facet normal 0.0 0.0 0.0
  outer loop
    vertex -34.20893859863281 -10.00168228149414 8.399994850158691
    vertex -39.45992660522461 -10.012239456176758 8.287851333618164
    vertex -34.20893859863281 -10.02967643737793 8.134146690368652
  endloop
endfacet
facet normal 0.0 0.0 0.0
  outer loop
    vertex -34.20893859863281 -10.00168228149414 8.399994850158691
    vertex -34.20893859863281 -10.02967643737793 8.134146690368652
    vertex -11.408941268920898 -10.02967643737793 8.134149551391602
  endloop
endfacet
facet normal 0.0 0.0 0.0
  outer loop
    vertex -11.408941268920898 -10.02967643737793 8.134149551391602
    vertex -34.20893859863281 -10.02967643737793 8.134146690368652
    vertex -11.408941268920898 -10.266928672790527 7.002643585205078
  endloop
endfacet
facet normal 0.0 0.0 0.0
  outer loop
    vertex -11.408941268920898 -10.02967643737793 8.134149551391602
    vertex -11.408941268920898 -10.266928672790527 7.002643585205078
    vertex -1.3152192831039429 -10.137743949890137 7.503585338592529
  endloop
endfacet
facet normal 0.0 0.0 0.0
  outer loop
    vertex -1.3152192831039429 -10.137743949890137 7.503585338592529
    vertex -11.408941268920898 -10.266928672790527 7.002643585205078
    vertex -1.388606309890747 -10.202083587646484 7.235555171966553
  endloop
endfacet
facet normal 0.0 0.0 0.0
  outer loop
    vertex -1.388606309890747 -10.202083587646484 7.235555171966553
    vertex -11.408941268920898 -10.266928672790527 7.002643585205078
    vertex -1.4086105823516846 -10.276678085327148 6.9702067375183105
  endloop
endfacet
facet normal 0.0 0.0 0.0
  outer loop
    vertex -1.4086105823516846 -10.276678085327148 6.9702067375183105
    vertex -11.408941268920898 -10.266928672790527 7.002643585205078
    vertex -1.3775322437286377 -10.36235523223877 6.706789016723633
  endloop
endfacet
facet normal 0.0 0.0 0.0
  outer loop
    vertex -1.3775322437286377 -10.36235523223877 6.706789016723633
    vertex -11.408941268920898 -10.266928672790527 7.002643585205078
    vertex -1.2960350513458252 -10.45722770690918 6.449188232421875
  endloop
endfacet
facet normal 0.0 0.0 0.0
  outer loop
    vertex -1.2960350513458252 -10.45722770690918 6.449188232421875
    vertex -11.408941268920898 -10.266928672790527 7.002643585205078
    vertex -11.408941268920898 -10.687183380126953 5.925621509552002
  endloop
endfacet
facet normal 0.0 0.0 0.0
  outer loop
    vertex -1.2960350513458252 -10.45722770690918 6.449188232421875
    vertex -11.408941268920898 -10.687183380126953 5.925621509552002
    vertex -1.1664725542068481 -10.554683685302734 6.213106155395508
  endloop
endfacet
facet normal 0.0 0.0 0.0
  outer loop
    vertex -1.1664725542068481 -10.554683685302734 6.213106155395508
    vertex -11.408941268920898 -10.687183380126953 5.925621509552002
    vertex -0.9990989565849304 -10.646507263183594 6.01026725769043
  endloop
endfacet
facet normal 0.0 0.0 0.0
  outer loop
    vertex -0.9990989565849304 -10.646507263183594 6.01026725769043
    vertex -11.408941268920898 -10.687183380126953 5.925621509552002
    vertex -0.7950813174247742 -10.728821754455566 5.84197998046875
  endloop
endfacet
facet normal 0.0 0.0 0.0
  outer loop
    vertex -0.7950813174247742 -10.728821754455566 5.84197998046875
    vertex -11.408941268920898 -10.687183380126953 5.925621509552002
    vertex -0.5520011782646179 -10.79745864868164 5.709619522094727
  endloop
endfacet
facet normal 0.0 0.0 0.0
  outer loop
    vertex -0.5520011782646179 -10.79745864868164 5.709619522094727
    vertex -11.408941268920898 -10.687183380126953 5.925621509552002
    vertex -0.2835227847099304 -10.841782569885254 5.627584457397461
  endloop
endfacet
facet normal 0.0 0.0 0.0
  outer loop
    vertex -0.2835227847099304 -10.841782569885254 5.627584457397461
    vertex -11.408941268920898 -10.687183380126953 5.925621509552002
    vertex -0.008940914645791054 -10.857097625732422 5.600000381469727
  endloop
endfacet
facet normal 0.0 0.0 0.0
  outer loop
    vertex -0.008940914645791054 -10.857097625732422 5.600000381469727
    vertex -11.408941268920898 -10.687183380126953 5.925621509552002
    vertex -11.408941268920898 -11.278979301452637 4.932461261749268
  endloop
endfacet
facet normal 0.0 0.0 0.0
  outer loop
    vertex -0.008940914645791054 -10.857097625732422 5.600000381469727
    vertex -11.408941268920898 -11.278979301452637 4.932461261749268
    vertex 11.391056060791016 -11.278979301452637 4.932464599609375
  endloop
endfacet
facet normal 0.0 0.0 0.0
  outer loop
    vertex 11.391056060791016 -11.278979301452637 4.932464599609375
    vertex -11.408941268920898 -11.278979301452637 4.932461261749268
    vertex 11.391056060791016 -12.02617359161377 4.050254821777344
  endloop
endfacet
facet normal 0.0 0.0 0.0
  outer loop
    vertex 11.391056060791016 -11.278979301452637 4.932464599609375
    vertex 11.391056060791016 -12.02617359161377 4.050254821777344
    vertex 34.1910514831543 -12.02617359161377 4.050257682800293
  endloop
endfacet
facet normal 0.0 0.0 0.0
  outer loop
    vertex 34.1910514831543 -12.02617359161377 4.050257682800293
    vertex 11.391056060791016 -12.02617359161377 4.050254821777344
    vertex 34.1910514831543 -12.9083833694458 3.30306339263916
  endloop
endfacet
facet normal 0.0 0.0 0.0
  outer loop
    vertex 34.1910514831543 -12.02617359161377 4.050257682800293
    vertex 34.1910514831543 -12.9083833694458 3.30306339263916
    vertex 50.392784118652344 -12.357136726379395 3.740079164505005
  endloop
endfacet
facet normal 0.0 0.0 0.0
  outer loop
    vertex 50.392784118652344 -12.357136726379395 3.740079164505005
    vertex 34.1910514831543 -12.9083833694458 3.30306339263916
    vertex 51.01490783691406 -12.792620658874512 3.3875210285186768
  endloop
endfacet
facet normal 0.0 0.0 0.0
  outer loop
    vertex 51.01490783691406 -12.792620658874512 3.3875210285186768
    vertex 34.1910514831543 -12.9083833694458 3.30306339263916
    vertex 51.675315856933594 -13.254907608032227 3.070920467376709
  endloop
endfacet
facet normal 0.0 0.0 0.0
  outer loop
    vertex 51.675315856933594 -13.254907608032227 3.070920467376709
    vertex 34.1910514831543 -12.9083833694458 3.30306339263916
    vertex 34.1910514831543 -13.901544570922852 2.711268663406372
  endloop
endfacet
facet normal 0.0 0.0 0.0
  outer loop
    vertex 51.675315856933594 -13.254907608032227 3.070920467376709
    vertex 34.1910514831543 -13.901544570922852 2.711268663406372
    vertex 52.369781494140625 -13.741034507751465 2.7923104763031006
  endloop
endfacet
facet normal 0.0 0.0 0.0
  outer loop
    vertex 52.369781494140625 -13.741034507751465 2.7923104763031006
    vertex 34.1910514831543 -13.901544570922852 2.711268663406372
    vertex 53.09385681152344 -14.24788761138916 2.5534706115722656
  endloop
endfacet
facet normal 0.0 0.0 0.0
  outer loop
    vertex 53.09385681152344 -14.24788761138916 2.5534706115722656
    vertex 34.1910514831543 -13.901544570922852 2.711268663406372
    vertex 34.1910514831543 -14.978567123413086 2.29101300239563
  endloop
endfacet
facet normal 0.0 0.0 0.0
  outer loop
    vertex 53.09385681152344 -14.24788761138916 2.5534706115722656
    vertex 34.1910514831543 -14.978567123413086 2.29101300239563
    vertex 53.84290313720703 -14.77221965789795 2.3559341430664062
  endloop
endfacet
facet normal 0.0 0.0 0.0
  outer loop
    vertex 53.84290313720703 -14.77221965789795 2.3559341430664062
    vertex 34.1910514831543 -14.978567123413086 2.29101300239563
    vertex 55.396575927734375 -15.859790802001953 2.089561700820923
  endloop
endfacet
facet normal 0.0 0.0 0.0
  outer loop
    vertex 55.396575927734375 -15.859790802001953 2.089561700820923
    vertex 34.1910514831543 -14.978567123413086 2.29101300239563
    vertex 34.1910514831543 -16.11007308959961 2.0537617206573486
  endloop
endfacet
facet normal 0.0 0.0 0.0
  outer loop
    vertex 55.396575927734375 -15.859790802001953 2.089561700820923
    vertex 34.1910514831543 -16.11007308959961 2.0537617206573486
    vertex 56.991050720214844 -16.975921630859375 2.0000081062316895
  endloop
endfacet
facet normal 0.0 0.0 0.0
  outer loop
    vertex 56.991050720214844 -16.975921630859375 2.0000081062316895
    vertex 34.1910514831543 -16.11007308959961 2.0537617206573486
    vertex 11.391057014465332 -16.11007308959961 2.0537586212158203
  endloop
endfacet
facet normal 0.0 0.0 0.0
  outer loop
    vertex 56.991050720214844 -16.975921630859375 2.0000081062316895
    vertex 11.391057014465332 -16.11007308959961 2.0537586212158203
    vertex -11.408940315246582 -16.11007308959961 2.053755760192871
  endloop
endfacet
facet normal 0.0 0.0 0.0
  outer loop
    vertex -11.408940315246582 -16.11007308959961 2.053755760192871
    vertex 11.391057014465332 -16.11007308959961 2.0537586212158203
    vertex -11.408940315246582 -14.978567123413086 2.2910070419311523
  endloop
endfacet
facet normal 0.0 0.0 0.0
  outer loop
    vertex -11.408940315246582 -16.11007308959961 2.053755760192871
    vertex -11.408940315246582 -14.978567123413086 2.2910070419311523
    vertex -34.20893859863281 -14.978567123413086 2.291003942489624
  endloop
endfacet
facet normal 0.0 0.0 0.0
  outer loop
    vertex -34.20893859863281 -14.978567123413086 2.291003942489624
    vertex -11.408940315246582 -14.978567123413086 2.2910070419311523
    vertex -34.20893859863281 -13.901544570922852 2.711259603500366
  endloop
endfacet
facet normal 0.0 0.0 0.0
  outer loop
    vertex -34.20893859863281 -14.978567123413086 2.291003942489624
    vertex -34.20893859863281 -13.901544570922852 2.711259603500366
    vertex -53.11174774169922 -14.24788761138916 2.5534563064575195
  endloop
endfacet
facet normal 0.0 0.0 0.0
  outer loop
    vertex -53.11174774169922 -14.24788761138916 2.5534563064575195
    vertex -34.20893859863281 -13.901544570922852 2.711259603500366
    vertex -52.38766860961914 -13.741034507751465 2.7922966480255127
  endloop
endfacet
facet normal 0.0 0.0 0.0
  outer loop
    vertex -52.38766860961914 -13.741034507751465 2.7922966480255127
    vertex -34.20893859863281 -13.901544570922852 2.711259603500366
    vertex -51.69320297241211 -13.254907608032227 3.070906639099121
  endloop
endfacet
facet normal 0.0 0.0 0.0
  outer loop
    vertex -51.69320297241211 -13.254907608032227 3.070906639099121
    vertex -34.20893859863281 -13.901544570922852 2.711259603500366
    vertex -34.20893859863281 -12.9083833694458 3.3030543327331543
  endloop
endfacet
facet normal 0.0 0.0 0.0
  outer loop
    vertex -51.69320297241211 -13.254907608032227 3.070906639099121
    vertex -34.20893859863281 -12.9083833694458 3.3030543327331543
    vertex -51.03279113769531 -12.792620658874512 3.387507677078247
  endloop
endfacet
facet normal 0.0 0.0 0.0
  outer loop
    vertex -51.03279113769531 -12.792620658874512 3.387507677078247
    vertex -34.20893859863281 -12.9083833694458 3.3030543327331543
    vertex -50.410675048828125 -12.357136726379395 3.740065813064575
  endloop
endfacet
facet normal 0.0 0.0 0.0
  outer loop
    vertex -50.410675048828125 -12.357136726379395 3.740065813064575
    vertex -34.20893859863281 -12.9083833694458 3.3030543327331543
    vertex -34.20893859863281 -12.02617359161377 4.050248622894287
  endloop
endfacet
facet normal 0.0 0.0 0.0
  outer loop
    vertex -50.410675048828125 -12.357136726379395 3.740065813064575
    vertex -34.20893859863281 -12.02617359161377 4.050248622894287
    vertex -49.83082580566406 -11.951245307922363 4.126326560974121
  endloop
endfacet
facet normal 0.0 0.0 0.0
  outer loop
    vertex -49.83082580566406 -11.951245307922363 4.126326560974121
    vertex -34.20893859863281 -12.02617359161377 4.050248622894287
    vertex -49.296974182128906 -11.577547073364258 4.543810844421387
  endloop
endfacet
facet normal 0.0 0.0 0.0
  outer loop
    vertex -49.296974182128906 -11.577547073364258 4.543810844421387
    vertex -34.20893859863281 -12.02617359161377 4.050248622894287
    vertex -34.20893859863281 -11.278979301452637 4.932458400726318
  endloop
endfacet
facet normal 0.0 0.0 0.0
  outer loop
    vertex -49.296974182128906 -11.577547073364258 4.543810844421387
    vertex -34.20893859863281 -11.278979301452637 4.932458400726318
    vertex -48.812530517578125 -11.238435745239258 4.989848613739014
  endloop
endfacet
facet normal 0.0 0.0 0.0
  outer loop
    vertex -48.812530517578125 -11.238435745239258 4.989848613739014
    vertex -34.20893859863281 -11.278979301452637 4.932458400726318
    vertex -48.38059997558594 -10.93608570098877 5.461577892303467
  endloop
endfacet
facet normal 0.0 0.0 0.0
  outer loop
    vertex -48.38059997558594 -10.93608570098877 5.461577892303467
    vertex -34.20893859863281 -11.278979301452637 4.932458400726318
    vertex -40.00887680053711 -10.857097625732422 5.599995136260986
  endloop
endfacet
facet normal 0.0 0.0 0.0
  outer loop
    vertex -48.38059997558594 -10.93608570098877 5.461577892303467
    vertex -40.00887680053711 -10.857097625732422 5.599995136260986
    vertex -40.2834587097168 -10.841789245605469 5.627567768096924
  endloop
endfacet
facet normal 0.0 0.0 0.0
  outer loop
    vertex -39.45992660522461 -10.012239456176758 8.287851333618164
    vertex -39.21080780029297 -10.027776718139648 8.149742126464844
    vertex -34.20893859863281 -10.02967643737793 8.134146690368652
  endloop
endfacet
facet normal 0.0 0.0 0.0
  outer loop
    vertex -34.20893859863281 -10.02967643737793 8.134146690368652
    vertex -39.21080780029297 -10.027776718139648 8.149742126464844
    vertex -39.000911712646484 -10.05189037322998 7.971508026123047
  endloop
endfacet
facet normal 0.0 0.0 0.0
  outer loop
    vertex -34.20893859863281 -10.02967643737793 8.134146690368652
    vertex -39.000911712646484 -10.05189037322998 7.971508026123047
    vertex -38.83010482788086 -10.087675094604492 7.754477024078369
  endloop
endfacet
facet normal 0.0 0.0 0.0
  outer loop
    vertex -38.83010482788086 -10.087675094604492 7.754477024078369
    vertex -38.70269012451172 -10.137727737426758 7.503653049468994
    vertex -34.20893859863281 -10.02967643737793 8.134146690368652
  endloop
endfacet
facet normal 0.0 0.0 0.0
  outer loop
    vertex -34.20893859863281 -10.02967643737793 8.134146690368652
    vertex -38.70269012451172 -10.137727737426758 7.503653049468994
    vertex -11.408941268920898 -10.266928672790527 7.002643585205078
  endloop
endfacet
facet normal 0.0 0.0 0.0
  outer loop
    vertex -11.408941268920898 -10.266928672790527 7.002643585205078
    vertex -38.70269012451172 -10.137727737426758 7.503653049468994
    vertex -34.20893859863281 -10.266928672790527 7.002640724182129
  endloop
endfacet
facet normal 0.0 0.0 0.0
  outer loop
    vertex -34.20893859863281 -10.266928672790527 7.002640724182129
    vertex -38.70269012451172 -10.137727737426758 7.503653049468994
    vertex -38.629276275634766 -10.202082633972168 7.2355523109436035
  endloop
endfacet
facet normal 0.0 0.0 0.0
  outer loop
    vertex -34.20893859863281 -10.266928672790527 7.002640724182129
    vertex -38.629276275634766 -10.202082633972168 7.2355523109436035
    vertex -38.60927200317383 -10.276688575744629 6.970163822174072
  endloop
endfacet
facet normal 0.0 0.0 0.0
  outer loop
    vertex -38.60927200317383 -10.276688575744629 6.970163822174072
    vertex -38.64040756225586 -10.362459182739258 6.70646333694458
    vertex -34.20893859863281 -10.266928672790527 7.002640724182129
  endloop
endfacet
facet normal 0.0 0.0 0.0
  outer loop
    vertex -34.20893859863281 -10.266928672790527 7.002640724182129
    vertex -38.64040756225586 -10.362459182739258 6.70646333694458
    vertex -38.722137451171875 -10.457489967346191 6.44851541519165
  endloop
endfacet
facet normal 0.0 0.0 0.0
  outer loop
    vertex -34.20893859863281 -10.266928672790527 7.002640724182129
    vertex -38.722137451171875 -10.457489967346191 6.44851541519165
    vertex -11.408941268920898 -10.687183380126953 5.925621509552002
  endloop
endfacet
facet normal 0.0 0.0 0.0
  outer loop
    vertex -11.408941268920898 -10.687183380126953 5.925621509552002
    vertex -38.722137451171875 -10.457489967346191 6.44851541519165
    vertex -34.20893859863281 -10.687183380126953 5.9256181716918945
  endloop
endfacet
facet normal 0.0 0.0 0.0
  outer loop
    vertex -11.408941268920898 -10.687183380126953 5.925621509552002
    vertex -34.20893859863281 -10.687183380126953 5.9256181716918945
    vertex -11.408941268920898 -11.278979301452637 4.932461261749268
  endloop
endfacet
facet normal 0.0 0.0 0.0
  outer loop
    vertex -11.408941268920898 -11.278979301452637 4.932461261749268
    vertex -34.20893859863281 -10.687183380126953 5.9256181716918945
    vertex -34.20893859863281 -11.278979301452637 4.932458400726318
  endloop
endfacet
facet normal 0.0 0.0 0.0
  outer loop
    vertex -11.408941268920898 -11.278979301452637 4.932461261749268
    vertex -34.20893859863281 -11.278979301452637 4.932458400726318
    vertex -11.408941268920898 -12.02617359161377 4.050251483917236
  endloop
endfacet
facet normal 0.0 0.0 0.0
  outer loop
    vertex -11.408941268920898 -12.02617359161377 4.050251483917236
    vertex -34.20893859863281 -11.278979301452637 4.932458400726318
    vertex -34.20893859863281 -12.02617359161377 4.050248622894287
  endloop
endfacet
facet normal 0.0 0.0 0.0
  outer loop
    vertex -11.408941268920898 -12.02617359161377 4.050251483917236
    vertex -34.20893859863281 -12.02617359161377 4.050248622894287
    vertex -11.408941268920898 -12.9083833694458 3.3030574321746826
  endloop
endfacet
facet normal 0.0 0.0 0.0
  outer loop
    vertex -11.408941268920898 -12.9083833694458 3.3030574321746826
    vertex -34.20893859863281 -12.02617359161377 4.050248622894287
    vertex -34.20893859863281 -12.9083833694458 3.3030543327331543
  endloop
endfacet
facet normal 0.0 0.0 0.0
  outer loop
    vertex -11.408941268920898 -12.9083833694458 3.3030574321746826
    vertex -34.20893859863281 -12.9083833694458 3.3030543327331543
    vertex -11.408941268920898 -13.901544570922852 2.7112627029418945
  endloop
endfacet
facet normal 0.0 0.0 0.0
  outer loop
    vertex -11.408941268920898 -13.901544570922852 2.7112627029418945
    vertex -34.20893859863281 -12.9083833694458 3.3030543327331543
    vertex -34.20893859863281 -13.901544570922852 2.711259603500366
  endloop
endfacet
facet normal 0.0 0.0 0.0
  outer loop
    vertex -11.408941268920898 -13.901544570922852 2.7112627029418945
    vertex -34.20893859863281 -13.901544570922852 2.711259603500366
    vertex -11.408940315246582 -14.978567123413086 2.2910070419311523
  endloop
endfacet
facet normal 0.0 0.0 0.0
  outer loop
    vertex -38.722137451171875 -10.457489967346191 6.44851541519165
    vertex -38.85187911987305 -10.554986000061035 6.212399005889893
    vertex -34.20893859863281 -10.687183380126953 5.9256181716918945
  endloop
endfacet
facet normal 0.0 0.0 0.0
  outer loop
    vertex -34.20893859863281 -10.687183380126953 5.9256181716918945
    vertex -38.85187911987305 -10.554986000061035 6.212399005889893
    vertex -39.01887130737305 -10.646551132202148 6.010164737701416
  endloop
endfacet
facet normal 0.0 0.0 0.0
  outer loop
    vertex -34.20893859863281 -10.687183380126953 5.9256181716918945
    vertex -39.01887130737305 -10.646551132202148 6.010164737701416
    vertex -39.22353744506836 -10.729068756103516 5.841494083404541
  endloop
endfacet
facet normal 0.0 0.0 0.0
  outer loop
    vertex -39.22353744506836 -10.729068756103516 5.841494083404541
    vertex -39.46654510498047 -10.797608375549316 5.70933198928833
    vertex -34.20893859863281 -10.687183380126953 5.9256181716918945
  endloop
endfacet
facet normal 0.0 0.0 0.0
  outer loop
    vertex -34.20893859863281 -10.687183380126953 5.9256181716918945
    vertex -39.46654510498047 -10.797608375549316 5.70933198928833
    vertex -39.734596252441406 -10.841796875 5.62754487991333
  endloop
endfacet
facet normal 0.0 0.0 0.0
  outer loop
    vertex -34.20893859863281 -10.687183380126953 5.9256181716918945
    vertex -39.734596252441406 -10.841796875 5.62754487991333
    vertex -40.00887680053711 -10.857097625732422 5.599995136260986
  endloop
endfacet
facet normal 0.0 0.0 0.0
  outer loop
    vertex -40.2834587097168 -10.841789245605469 5.627567768096924
    vertex -40.551944732666016 -10.797470092773438 5.709593296051025
    vertex -48.38059997558594 -10.93608570098877 5.461577892303467
  endloop
endfacet
facet normal 0.0 0.0 0.0
  outer loop
    vertex -48.38059997558594 -10.93608570098877 5.461577892303467
    vertex -40.551944732666016 -10.797470092773438 5.709593296051025
    vertex -48.00395202636719 -10.672432899475098 5.955977916717529
  endloop
endfacet
facet normal 0.0 0.0 0.0
  outer loop
    vertex -48.00395202636719 -10.672432899475098 5.955977916717529
    vertex -40.551944732666016 -10.797470092773438 5.709593296051025
    vertex -40.79503631591797 -10.728836059570312 5.841946125030518
  endloop
endfacet
facet normal 0.0 0.0 0.0
  outer loop
    vertex -48.00395202636719 -10.672432899475098 5.955977916717529
    vertex -40.79503631591797 -10.728836059570312 5.841946125030518
    vertex -40.999061584472656 -10.646522521972656 6.010229587554932
  endloop
endfacet
facet normal 0.0 0.0 0.0
  outer loop
    vertex -40.999061584472656 -10.646522521972656 6.010229587554932
    vertex -41.166446685791016 -10.554698944091797 6.213064193725586
    vertex -48.00395202636719 -10.672432899475098 5.955977916717529
  endloop
endfacet
facet normal 0.0 0.0 0.0
  outer loop
    vertex -48.00395202636719 -10.672432899475098 5.955977916717529
    vertex -41.166446685791016 -10.554698944091797 6.213064193725586
    vertex -47.68500518798828 -10.449166297912598 6.4698805809021
  endloop
endfacet
facet normal 0.0 0.0 0.0
  outer loop
    vertex -47.68500518798828 -10.449166297912598 6.4698805809021
    vertex -41.166446685791016 -10.554698944091797 6.213064193725586
    vertex -41.296016693115234 -10.457242012023926 6.449146270751953
  endloop
endfacet
facet normal 0.0 0.0 0.0
  outer loop
    vertex -47.68500518798828 -10.449166297912598 6.4698805809021
    vertex -41.296016693115234 -10.457242012023926 6.449146270751953
    vertex -41.37752151489258 -10.362367630004883 6.706748962402344
  endloop
endfacet
facet normal 0.0 0.0 0.0
  outer loop
    vertex -47.68500518798828 -10.449166297912598 6.4698805809021
    vertex -41.37752151489258 -10.362367630004883 6.706748962402344
    vertex -47.4257926940918 -10.267716407775879 6.999993324279785
  endloop
endfacet
facet normal 0.0 0.0 0.0
  outer loop
    vertex -47.4257926940918 -10.267716407775879 6.999993324279785
    vertex -41.37752151489258 -10.362367630004883 6.706748962402344
    vertex -41.408607482910156 -10.276686668395996 6.970170974731445
  endloop
endfacet
facet normal 0.0 0.0 0.0
  outer loop
    vertex -47.4257926940918 -10.267716407775879 6.999993324279785
    vertex -41.408607482910156 -10.276686668395996 6.970170974731445
    vertex -41.388607025146484 -10.202091217041016 7.23552131652832
  endloop
endfacet
facet normal 0.0 0.0 0.0
  outer loop
    vertex -47.4257926940918 -10.267716407775879 6.999993324279785
    vertex -41.388607025146484 -10.202091217041016 7.23552131652832
    vertex -47.20084762573242 -10.159269332885742 7.408381462097168
  endloop
endfacet
facet normal 0.0 0.0 0.0
  outer loop
    vertex -47.20084762573242 -10.159269332885742 7.408381462097168
    vertex -41.388607025146484 -10.202091217041016 7.23552131652832
    vertex -41.315223693847656 -10.137748718261719 7.503557205200195
  endloop
endfacet
facet normal 0.0 0.0 0.0
  outer loop
    vertex -47.20084762573242 -10.159269332885742 7.408381462097168
    vertex -41.315223693847656 -10.137748718261719 7.503557205200195
    vertex -46.8824577331543 -10.08090591430664 7.792445182800293
  endloop
endfacet
facet normal 0.0 0.0 0.0
  outer loop
    vertex -46.8824577331543 -10.08090591430664 7.792445182800293
    vertex -41.315223693847656 -10.137748718261719 7.503557205200195
    vertex -41.18784713745117 -10.087696075439453 7.754360198974609
  endloop
endfacet
facet normal 0.0 0.0 0.0
  outer loop
    vertex -46.8824577331543 -10.08090591430664 7.792445182800293
    vertex -41.18784713745117 -10.087696075439453 7.754360198974609
    vertex -41.01699447631836 -10.051895141601562 7.971477508544922
  endloop
endfacet
facet normal 0.0 0.0 0.0
  outer loop
    vertex -46.8824577331543 -10.08090591430664 7.792445182800293
    vertex -41.01699447631836 -10.051895141601562 7.971477508544922
    vertex -46.477691650390625 -10.029027938842773 8.139365196228027
  endloop
endfacet
facet normal 0.0 0.0 0.0
  outer loop
    vertex -46.477691650390625 -10.029027938842773 8.139365196228027
    vertex -41.01699447631836 -10.051895141601562 7.971477508544922
    vertex -40.807186126708984 -10.027785301208496 8.149665832519531
  endloop
endfacet
facet normal 0.0 0.0 0.0
  outer loop
    vertex -46.477691650390625 -10.029027938842773 8.139365196228027
    vertex -40.807186126708984 -10.027785301208496 8.149665832519531
    vertex -40.55805969238281 -10.012245178222656 8.287803649902344
  endloop
endfacet
facet normal 0.0 0.0 0.0
  outer loop
    vertex -46.477691650390625 -10.029027938842773 8.139365196228027
    vertex -40.55805969238281 -10.012245178222656 8.287803649902344
    vertex -45.99660873413086 -9.998505592346191 8.43761157989502
  endloop
endfacet
facet normal 0.0 0.0 0.0
  outer loop
    vertex -45.99660873413086 -9.998505592346191 8.43761157989502
    vertex -40.55805969238281 -10.012245178222656 8.287803649902344
    vertex -40.28516387939453 -10.0040864944458 8.372087478637695
  endloop
endfacet
facet normal 0.0 0.0 0.0
  outer loop
    vertex -45.99660873413086 -9.998505592346191 8.43761157989502
    vertex -40.28516387939453 -10.0040864944458 8.372087478637695
    vertex -40.00893783569336 -10.00168228149414 8.399993896484375
  endloop
endfacet
facet normal 0.0 0.0 0.0
  outer loop
    vertex 0.2672770917415619 -10.0040864944458 8.372093200683594
    vertex 11.391056060791016 -10.00168228149414 8.40000057220459
    vertex -0.0089412871748209 -10.00168228149414 8.399999618530273
  endloop
endfacet
facet normal 0.0 0.0 0.0
  outer loop
    vertex -0.0089412871748209 -10.00168228149414 8.399999618530273
    vertex 11.391056060791016 -10.00168228149414 8.40000057220459
    vertex 11.391056060791016 -10.000617027282715 8.41251277923584
  endloop
endfacet
facet normal 0.0 0.0 0.0
  outer loop
    vertex -0.0089412871748209 -10.00168228149414 8.399999618530273
    vertex 11.391056060791016 -10.000617027282715 8.41251277923584
    vertex -11.408941268920898 -9.999784469604492 8.4224853515625
  endloop
endfacet
facet normal 0.0 0.0 0.0
  outer loop
    vertex -11.408941268920898 -9.999784469604492 8.4224853515625
    vertex 11.391056060791016 -10.000617027282715 8.41251277923584
    vertex -43.592533111572266 -9.975920677185059 8.999994277954102
  endloop
endfacet
facet normal 0.0 0.0 0.0
  outer loop
    vertex -11.408941268920898 -9.999784469604492 8.4224853515625
    vertex -43.592533111572266 -9.975920677185059 8.999994277954102
    vertex -34.20893859863281 -9.9989652633667 8.43245792388916
  endloop
endfacet
facet normal 0.0 0.0 0.0
  outer loop
    vertex 0.2672770917415619 -10.0040864944458 8.372093200683594
    vertex 0.5401690602302551 -10.01224422454834 8.287813186645508
    vertex 11.391056060791016 -10.00168228149414 8.40000057220459
  endloop
endfacet
facet normal 0.0 0.0 0.0
  outer loop
    vertex 11.391056060791016 -10.00168228149414 8.40000057220459
    vertex 0.5401690602302551 -10.01224422454834 8.287813186645508
    vertex 11.391056060791016 -10.02967643737793 8.13415241241455
  endloop
endfacet
facet normal 0.0 0.0 0.0
  outer loop
    vertex 11.391056060791016 -10.00168228149414 8.40000057220459
    vertex 11.391056060791016 -10.02967643737793 8.13415241241455
    vertex 34.1910514831543 -10.02967643737793 8.1341552734375
  endloop
endfacet
facet normal 0.0 0.0 0.0
  outer loop
    vertex 34.1910514831543 -10.02967643737793 8.1341552734375
    vertex 11.391056060791016 -10.02967643737793 8.13415241241455
    vertex 38.68478012084961 -10.137743949890137 7.5035905838012695
  endloop
endfacet
facet normal 0.0 0.0 0.0
  outer loop
    vertex 34.1910514831543 -10.02967643737793 8.1341552734375
    vertex 38.68478012084961 -10.137743949890137 7.5035905838012695
    vertex 38.81216049194336 -10.087693214416504 7.754387855529785
  endloop
endfacet
facet normal 0.0 0.0 0.0
  outer loop
    vertex 0.5401690602302551 -10.01224422454834 8.287813186645508
    vertex 0.7892954349517822 -10.02778434753418 8.149679183959961
    vertex 11.391056060791016 -10.02967643737793 8.13415241241455
  endloop
endfacet
facet normal 0.0 0.0 0.0
  outer loop
    vertex 11.391056060791016 -10.02967643737793 8.13415241241455
    vertex 0.7892954349517822 -10.02778434753418 8.149679183959961
    vertex 0.9991000294685364 -10.051894187927246 7.971494674682617
  endloop
endfacet
facet normal 0.0 0.0 0.0
  outer loop
    vertex 11.391056060791016 -10.02967643737793 8.13415241241455
    vertex 0.9991000294685364 -10.051894187927246 7.971494674682617
    vertex 1.1699527502059937 -10.087693214416504 7.754383087158203
  endloop
endfacet
facet normal 0.0 0.0 0.0
  outer loop
    vertex 1.1699527502059937 -10.087693214416504 7.754383087158203
    vertex 1.2973331212997437 -10.137743949890137 7.5035858154296875
    vertex 11.391056060791016 -10.02967643737793 8.13415241241455
  endloop
endfacet
facet normal 0.0 0.0 0.0
  outer loop
    vertex 11.391056060791016 -10.02967643737793 8.13415241241455
    vertex 1.2973331212997437 -10.137743949890137 7.5035858154296875
    vertex 11.391056060791016 -10.266928672790527 7.0026469230651855
  endloop
endfacet
facet normal 0.0 0.0 0.0
  outer loop
    vertex 11.391056060791016 -10.02967643737793 8.13415241241455
    vertex 11.391056060791016 -10.266928672790527 7.0026469230651855
    vertex 34.1910514831543 -10.266928672790527 7.002649784088135
  endloop
endfacet
facet normal 0.0 0.0 0.0
  outer loop
    vertex 34.1910514831543 -10.266928672790527 7.002649784088135
    vertex 11.391056060791016 -10.266928672790527 7.0026469230651855
    vertex 38.70396041870117 -10.45722770690918 6.449193477630615
  endloop
endfacet
facet normal 0.0 0.0 0.0
  outer loop
    vertex 34.1910514831543 -10.266928672790527 7.002649784088135
    vertex 38.70396041870117 -10.45722770690918 6.449193477630615
    vertex 38.62246322631836 -10.36235523223877 6.706794261932373
  endloop
endfacet
facet normal 0.0 0.0 0.0
  outer loop
    vertex 1.2973331212997437 -10.137743949890137 7.5035858154296875
    vertex 1.370720386505127 -10.202083587646484 7.235555648803711
    vertex 11.391056060791016 -10.266928672790527 7.0026469230651855
  endloop
endfacet
facet normal 0.0 0.0 0.0
  outer loop
    vertex 11.391056060791016 -10.266928672790527 7.0026469230651855
    vertex 1.370720386505127 -10.202083587646484 7.235555648803711
    vertex 1.3907246589660645 -10.276678085327148 6.970207214355469
  endloop
endfacet
facet normal 0.0 0.0 0.0
  outer loop
    vertex 11.391056060791016 -10.266928672790527 7.0026469230651855
    vertex 1.3907246589660645 -10.276678085327148 6.970207214355469
    vertex 1.3596463203430176 -10.36235523223877 6.706789016723633
  endloop
endfacet
facet normal 0.0 0.0 0.0
  outer loop
    vertex 1.3596463203430176 -10.36235523223877 6.706789016723633
    vertex 1.278149127960205 -10.45722770690918 6.449188232421875
    vertex 11.391056060791016 -10.266928672790527 7.0026469230651855
  endloop
endfacet
facet normal 0.0 0.0 0.0
  outer loop
    vertex 11.391056060791016 -10.266928672790527 7.0026469230651855
    vertex 1.278149127960205 -10.45722770690918 6.449188232421875
    vertex 11.391056060791016 -10.687183380126953 5.925624370574951
  endloop
endfacet
facet normal 0.0 0.0 0.0
  outer loop
    vertex 11.391056060791016 -10.266928672790527 7.0026469230651855
    vertex 11.391056060791016 -10.687183380126953 5.925624370574951
    vertex 34.1910514831543 -10.687183380126953 5.925627708435059
  endloop
endfacet
facet normal 0.0 0.0 0.0
  outer loop
    vertex 34.1910514831543 -10.687183380126953 5.925627708435059
    vertex 11.391056060791016 -10.687183380126953 5.925624370574951
    vertex 34.1910514831543 -11.278979301452637 4.932467460632324
  endloop
endfacet
facet normal 0.0 0.0 0.0
  outer loop
    vertex 34.1910514831543 -10.687183380126953 5.925627708435059
    vertex 34.1910514831543 -11.278979301452637 4.932467460632324
    vertex 39.99105453491211 -10.857097625732422 5.600005626678467
  endloop
endfacet
facet normal 0.0 0.0 0.0
  outer loop
    vertex 39.99105453491211 -10.857097625732422 5.600005626678467
    vertex 34.1910514831543 -11.278979301452637 4.932467460632324
    vertex 48.36271667480469 -10.93608570098877 5.461590766906738
  endloop
endfacet
facet normal 0.0 0.0 0.0
  outer loop
    vertex 39.99105453491211 -10.857097625732422 5.600005626678467
    vertex 48.36271667480469 -10.93608570098877 5.461590766906738
    vertex 40.265628814697266 -10.841782569885254 5.627589702606201
  endloop
endfacet
facet normal 0.0 0.0 0.0
  outer loop
    vertex 40.265628814697266 -10.841782569885254 5.627589702606201
    vertex 48.36271667480469 -10.93608570098877 5.461590766906738
    vertex 40.534114837646484 -10.79745864868164 5.709624767303467
  endloop
endfacet
facet normal 0.0 0.0 0.0
  outer loop
    vertex 40.534114837646484 -10.79745864868164 5.709624767303467
    vertex 48.36271667480469 -10.93608570098877 5.461590766906738
    vertex 47.9860725402832 -10.672432899475098 5.955990314483643
  endloop
endfacet
facet normal 0.0 0.0 0.0
  outer loop
    vertex 40.534114837646484 -10.79745864868164 5.709624767303467
    vertex 47.9860725402832 -10.672432899475098 5.955990314483643
    vertex 40.77718734741211 -10.728821754455566 5.84198522567749
  endloop
endfacet
facet normal 0.0 0.0 0.0
  outer loop
    vertex 40.77718734741211 -10.728821754455566 5.84198522567749
    vertex 47.9860725402832 -10.672432899475098 5.955990314483643
    vertex 40.981204986572266 -10.646507263183594 6.01027250289917
  endloop
endfacet
facet normal 0.0 0.0 0.0
  outer loop
    vertex 40.981204986572266 -10.646507263183594 6.01027250289917
    vertex 47.9860725402832 -10.672432899475098 5.955990314483643
    vertex 41.14858627319336 -10.554683685302734 6.213111400604248
  endloop
endfacet
facet normal 0.0 0.0 0.0
  outer loop
    vertex 41.14858627319336 -10.554683685302734 6.213111400604248
    vertex 47.9860725402832 -10.672432899475098 5.955990314483643
    vertex 47.667118072509766 -10.449166297912598 6.469892978668213
  endloop
endfacet
facet normal 0.0 0.0 0.0
  outer loop
    vertex 41.14858627319336 -10.554683685302734 6.213111400604248
    vertex 47.667118072509766 -10.449166297912598 6.469892978668213
    vertex 41.278141021728516 -10.45722770690918 6.449193477630615
  endloop
endfacet
facet normal 0.0 0.0 0.0
  outer loop
    vertex 41.278141021728516 -10.45722770690918 6.449193477630615
    vertex 47.667118072509766 -10.449166297912598 6.469892978668213
    vertex 41.35963821411133 -10.36235523223877 6.706794261932373
  endloop
endfacet
facet normal 0.0 0.0 0.0
  outer loop
    vertex 41.35963821411133 -10.36235523223877 6.706794261932373
    vertex 47.667118072509766 -10.449166297912598 6.469892978668213
    vertex 47.407901763916016 -10.267716407775879 7.000006198883057
  endloop
endfacet
facet normal 0.0 0.0 0.0
  outer loop
    vertex 41.35963821411133 -10.36235523223877 6.706794261932373
    vertex 47.407901763916016 -10.267716407775879 7.000006198883057
    vertex 41.39072036743164 -10.276678085327148 6.970212459564209
  endloop
endfacet
facet normal 0.0 0.0 0.0
  outer loop
    vertex 41.39072036743164 -10.276678085327148 6.970212459564209
    vertex 47.407901763916016 -10.267716407775879 7.000006198883057
    vertex 41.3707160949707 -10.202083587646484 7.235560894012451
  endloop
endfacet
facet normal 0.0 0.0 0.0
  outer loop
    vertex 41.3707160949707 -10.202083587646484 7.235560894012451
    vertex 47.407901763916016 -10.267716407775879 7.000006198883057
    vertex 47.18293380737305 -10.159284591674805 7.4083943367004395
  endloop
endfacet
facet normal 0.0 0.0 0.0
  outer loop
    vertex 41.3707160949707 -10.202083587646484 7.235560894012451
    vertex 47.18293380737305 -10.159284591674805 7.4083943367004395
    vertex 41.29732894897461 -10.137743949890137 7.503591060638428
  endloop
endfacet
facet normal 0.0 0.0 0.0
  outer loop
    vertex 41.29732894897461 -10.137743949890137 7.503591060638428
    vertex 47.18293380737305 -10.159284591674805 7.4083943367004395
    vertex 46.86454391479492 -10.080907821655273 7.7924346923828125
  endloop
endfacet
facet normal 0.0 0.0 0.0
  outer loop
    vertex 41.29732894897461 -10.137743949890137 7.503591060638428
    vertex 46.86454391479492 -10.080907821655273 7.7924346923828125
    vertex 41.16994857788086 -10.087693214416504 7.754388332366943
  endloop
endfacet
facet normal 0.0 0.0 0.0
  outer loop
    vertex 41.16994857788086 -10.087693214416504 7.754388332366943
    vertex 46.86454391479492 -10.080907821655273 7.7924346923828125
    vertex 40.99909591674805 -10.051894187927246 7.971499919891357
  endloop
endfacet
facet normal 0.0 0.0 0.0
  outer loop
    vertex 40.99909591674805 -10.051894187927246 7.971499919891357
    vertex 46.86454391479492 -10.080907821655273 7.7924346923828125
    vertex 46.459659576416016 -10.029084205627441 8.139280319213867
  endloop
endfacet
facet normal 0.0 0.0 0.0
  outer loop
    vertex 40.99909591674805 -10.051894187927246 7.971499919891357
    vertex 46.459659576416016 -10.029084205627441 8.139280319213867
    vertex 40.78928756713867 -10.02778434753418 8.14968490600586
  endloop
endfacet
facet normal 0.0 0.0 0.0
  outer loop
    vertex 40.78928756713867 -10.02778434753418 8.14968490600586
    vertex 46.459659576416016 -10.029084205627441 8.139280319213867
    vertex 40.540164947509766 -10.01224422454834 8.287818908691406
  endloop
endfacet
facet normal 0.0 0.0 0.0
  outer loop
    vertex 40.540164947509766 -10.01224422454834 8.287818908691406
    vertex 46.459659576416016 -10.029084205627441 8.139280319213867
    vertex 45.97878646850586 -9.998510360717773 8.437761306762695
  endloop
endfacet
facet normal 0.0 0.0 0.0
  outer loop
    vertex 40.540164947509766 -10.01224422454834 8.287818908691406
    vertex 45.97878646850586 -9.998510360717773 8.437761306762695
    vertex 40.267269134521484 -10.0040864944458 8.372097969055176
  endloop
endfacet
facet normal 0.0 0.0 0.0
  outer loop
    vertex 40.267269134521484 -10.0040864944458 8.372097969055176
    vertex 45.97878646850586 -9.998510360717773 8.437761306762695
    vertex 39.99105453491211 -10.00168228149414 8.400004386901855
  endloop
endfacet
facet normal 0.0 0.0 0.0
  outer loop
    vertex 39.99105453491211 -10.00168228149414 8.400004386901855
    vertex 45.97878646850586 -9.998510360717773 8.437761306762695
    vertex 34.1910514831543 -10.00146484375 8.40254020690918
  endloop
endfacet
facet normal 0.0 0.0 0.0
  outer loop
    vertex 39.99105453491211 -10.00168228149414 8.400004386901855
    vertex 34.1910514831543 -10.00146484375 8.40254020690918
    vertex 34.1910514831543 -10.00168228149414 8.400003433227539
  endloop
endfacet
facet normal 0.0 0.0 0.0
  outer loop
    vertex 34.1910514831543 -10.00168228149414 8.400003433227539
    vertex 34.1910514831543 -10.00146484375 8.40254020690918
    vertex 11.391056060791016 -10.00168228149414 8.40000057220459
  endloop
endfacet
facet normal 0.0 0.0 0.0
  outer loop
    vertex 34.1910514831543 -10.00168228149414 8.400003433227539
    vertex 11.391056060791016 -10.00168228149414 8.40000057220459
    vertex 34.1910514831543 -10.02967643737793 8.1341552734375
  endloop
endfacet
facet normal 0.0 0.0 0.0
  outer loop
    vertex 1.278149127960205 -10.45722770690918 6.449188232421875
    vertex 1.1485868692398071 -10.554683685302734 6.213106155395508
    vertex 11.391056060791016 -10.687183380126953 5.925624370574951
  endloop
endfacet
facet normal 0.0 0.0 0.0
  outer loop
    vertex 11.391056060791016 -10.687183380126953 5.925624370574951
    vertex 1.1485868692398071 -10.554683685302734 6.213106155395508
    vertex 0.9812131524085999 -10.646507263183594 6.01026725769043
  endloop
endfacet
facet normal 0.0 0.0 0.0
  outer loop
    vertex 11.391056060791016 -10.687183380126953 5.925624370574951
    vertex 0.9812131524085999 -10.646507263183594 6.01026725769043
    vertex 0.7771955132484436 -10.728821754455566 5.84197998046875
  endloop
endfacet
facet normal 0.0 0.0 0.0
  outer loop
    vertex 0.7771955132484436 -10.728821754455566 5.84197998046875
    vertex 0.5341154932975769 -10.79745864868164 5.709619522094727
    vertex 11.391056060791016 -10.687183380126953 5.925624370574951
  endloop
endfacet
facet normal 0.0 0.0 0.0
  outer loop
    vertex 11.391056060791016 -10.687183380126953 5.925624370574951
    vertex 0.5341154932975769 -10.79745864868164 5.709619522094727
    vertex 0.2656371593475342 -10.841782569885254 5.627584457397461
  endloop
endfacet
facet normal 0.0 0.0 0.0
  outer loop
    vertex 11.391056060791016 -10.687183380126953 5.925624370574951
    vertex 0.2656371593475342 -10.841782569885254 5.627584457397461
    vertex -0.008940914645791054 -10.857097625732422 5.600000381469727
  endloop
endfacet
facet normal 0.0 0.0 0.0
  outer loop
    vertex -1.3152192831039429 -10.137743949890137 7.503585338592529
    vertex -1.1878389120101929 -10.087693214416504 7.754382610321045
    vertex -11.408941268920898 -10.02967643737793 8.134149551391602
  endloop
endfacet
facet normal 0.0 0.0 0.0
  outer loop
    vertex -11.408941268920898 -10.02967643737793 8.134149551391602
    vertex -1.1878389120101929 -10.087693214416504 7.754382610321045
    vertex -1.0169862508773804 -10.051894187927246 7.971494197845459
  endloop
endfacet
facet normal 0.0 0.0 0.0
  outer loop
    vertex -11.408941268920898 -10.02967643737793 8.134149551391602
    vertex -1.0169862508773804 -10.051894187927246 7.971494197845459
    vertex -0.8071818351745605 -10.02778434753418 8.149679183959961
  endloop
endfacet
facet normal 0.0 0.0 0.0
  outer loop
    vertex -0.8071818351745605 -10.02778434753418 8.149679183959961
    vertex -0.5580554604530334 -10.01224422454834 8.287813186645508
    vertex -11.408941268920898 -10.02967643737793 8.134149551391602
  endloop
endfacet
facet normal 0.0 0.0 0.0
  outer loop
    vertex -11.408941268920898 -10.02967643737793 8.134149551391602
    vertex -0.5580554604530334 -10.01224422454834 8.287813186645508
    vertex -11.408941268920898 -10.00168228149414 8.39999771118164
  endloop
endfacet
facet normal 0.0 0.0 0.0
  outer loop
    vertex -11.408941268920898 -10.02967643737793 8.134149551391602
    vertex -11.408941268920898 -10.00168228149414 8.39999771118164
    vertex -34.20893859863281 -10.00168228149414 8.399994850158691
  endloop
endfacet
facet normal 0.0 0.0 0.0
  outer loop
    vertex -34.20893859863281 -10.00168228149414 8.399994850158691
    vertex -11.408941268920898 -10.00168228149414 8.39999771118164
    vertex -11.408941268920898 -9.999784469604492 8.4224853515625
  endloop
endfacet
facet normal 0.0 0.0 0.0
  outer loop
    vertex -34.20893859863281 -10.00168228149414 8.399994850158691
    vertex -11.408941268920898 -9.999784469604492 8.4224853515625
    vertex -34.20893859863281 -9.9989652633667 8.43245792388916
  endloop
endfacet
facet normal 0.0 0.0 0.0
  outer loop
    vertex -0.5580554604530334 -10.01224422454834 8.287813186645508
    vertex -0.2851634919643402 -10.0040864944458 8.372093200683594
    vertex -11.408941268920898 -10.00168228149414 8.39999771118164
  endloop
endfacet
facet normal 0.0 0.0 0.0
  outer loop
    vertex -11.408941268920898 -10.00168228149414 8.39999771118164
    vertex -0.2851634919643402 -10.0040864944458 8.372093200683594
    vertex -0.0089412871748209 -10.00168228149414 8.399999618530273
  endloop
endfacet
facet normal 0.0 0.0 0.0
  outer loop
    vertex -11.408941268920898 -10.00168228149414 8.39999771118164
    vertex -0.0089412871748209 -10.00168228149414 8.399999618530273
    vertex -11.408941268920898 -9.999784469604492 8.4224853515625
  endloop
endfacet
facet normal 0.0 0.0 0.0
  outer loop
    vertex 39.99105453491211 -10.857097625732422 5.600005626678467
    vertex 39.71647262573242 -10.841782569885254 5.627589702606201
    vertex 34.1910514831543 -10.687183380126953 5.925627708435059
  endloop
endfacet
facet normal 0.0 0.0 0.0
  outer loop
    vertex 34.1910514831543 -10.687183380126953 5.925627708435059
    vertex 39.71647262573242 -10.841782569885254 5.627589702606201
    vertex 39.447994232177734 -10.79745864868164 5.709624767303467
  endloop
endfacet
facet normal 0.0 0.0 0.0
  outer loop
    vertex 34.1910514831543 -10.687183380126953 5.925627708435059
    vertex 39.447994232177734 -10.79745864868164 5.709624767303467
    vertex 39.20491409301758 -10.728821754455566 5.84198522567749
  endloop
endfacet
facet normal 0.0 0.0 0.0
  outer loop
    vertex 39.20491409301758 -10.728821754455566 5.84198522567749
    vertex 39.00089645385742 -10.646507263183594 6.01027250289917
    vertex 34.1910514831543 -10.687183380126953 5.925627708435059
  endloop
endfacet
facet normal 0.0 0.0 0.0
  outer loop
    vertex 34.1910514831543 -10.687183380126953 5.925627708435059
    vertex 39.00089645385742 -10.646507263183594 6.01027250289917
    vertex 38.83352279663086 -10.554683685302734 6.213111400604248
  endloop
endfacet
facet normal 0.0 0.0 0.0
  outer loop
    vertex 34.1910514831543 -10.687183380126953 5.925627708435059
    vertex 38.83352279663086 -10.554683685302734 6.213111400604248
    vertex 38.70396041870117 -10.45722770690918 6.449193477630615
  endloop
endfacet
facet normal 0.0 0.0 0.0
  outer loop
    vertex 38.62246322631836 -10.36235523223877 6.706794261932373
    vertex 38.59138870239258 -10.276678085327148 6.970211982727051
    vertex 34.1910514831543 -10.266928672790527 7.002649784088135
  endloop
endfacet
facet normal 0.0 0.0 0.0
  outer loop
    vertex 34.1910514831543 -10.266928672790527 7.002649784088135
    vertex 38.59138870239258 -10.276678085327148 6.970211982727051
    vertex 38.611392974853516 -10.202083587646484 7.235560417175293
  endloop
endfacet
facet normal 0.0 0.0 0.0
  outer loop
    vertex 34.1910514831543 -10.266928672790527 7.002649784088135
    vertex 38.611392974853516 -10.202083587646484 7.235560417175293
    vertex 38.68478012084961 -10.137743949890137 7.5035905838012695
  endloop
endfacet
facet normal 0.0 0.0 0.0
  outer loop
    vertex 38.81216049194336 -10.087693214416504 7.754387855529785
    vertex 38.98301315307617 -10.051894187927246 7.971499443054199
    vertex 34.1910514831543 -10.02967643737793 8.1341552734375
  endloop
endfacet
facet normal 0.0 0.0 0.0
  outer loop
    vertex 34.1910514831543 -10.02967643737793 8.1341552734375
    vertex 38.98301315307617 -10.051894187927246 7.971499443054199
    vertex 39.192813873291016 -10.02778434753418 8.149683952331543
  endloop
endfacet
facet normal 0.0 0.0 0.0
  outer loop
    vertex 34.1910514831543 -10.02967643737793 8.1341552734375
    vertex 39.192813873291016 -10.02778434753418 8.149683952331543
    vertex 39.44193649291992 -10.01224422454834 8.28781795501709
  endloop
endfacet
facet normal 0.0 0.0 0.0
  outer loop
    vertex 34.1910514831543 -10.02967643737793 8.1341552734375
    vertex 39.44193649291992 -10.01224422454834 8.28781795501709
    vertex 34.1910514831543 -10.00168228149414 8.400003433227539
  endloop
endfacet
facet normal 0.0 0.0 0.0
  outer loop
    vertex 34.1910514831543 -10.00168228149414 8.400003433227539
    vertex 39.44193649291992 -10.01224422454834 8.28781795501709
    vertex 39.7148323059082 -10.0040864944458 8.372097969055176
  endloop
endfacet
facet normal 0.0 0.0 0.0
  outer loop
    vertex 34.1910514831543 -10.00168228149414 8.400003433227539
    vertex 39.7148323059082 -10.0040864944458 8.372097969055176
    vertex 39.99105453491211 -10.00168228149414 8.400004386901855
  endloop
endfacet
facet normal 0.0 0.0 0.0
  outer loop
    vertex 50.392784118652344 -12.357136726379395 3.740079164505005
    vertex 49.81294250488281 -11.951245307922363 4.126339912414551
    vertex 34.1910514831543 -12.02617359161377 4.050257682800293
  endloop
endfacet
facet normal 0.0 0.0 0.0
  outer loop
    vertex 34.1910514831543 -12.02617359161377 4.050257682800293
    vertex 49.81294250488281 -11.951245307922363 4.126339912414551
    vertex 49.279083251953125 -11.577547073364258 4.543824195861816
  endloop
endfacet
facet normal 0.0 0.0 0.0
  outer loop
    vertex 34.1910514831543 -12.02617359161377 4.050257682800293
    vertex 49.279083251953125 -11.577547073364258 4.543824195861816
    vertex 34.1910514831543 -11.278979301452637 4.932467460632324
  endloop
endfacet
facet normal 0.0 0.0 0.0
  outer loop
    vertex 34.1910514831543 -11.278979301452637 4.932467460632324
    vertex 49.279083251953125 -11.577547073364258 4.543824195861816
    vertex 48.794639587402344 -11.238435745239258 4.989861488342285
  endloop
endfacet
facet normal 0.0 0.0 0.0
  outer loop
    vertex 34.1910514831543 -11.278979301452637 4.932467460632324
    vertex 48.794639587402344 -11.238435745239258 4.989861488342285
    vertex 48.36271667480469 -10.93608570098877 5.461590766906738
  endloop
endfacet
facet normal 0.0 0.0 0.0
  outer loop
    vertex 45.97878646850586 -9.998510360717773 8.437761306762695
    vertex 45.434627532958984 -9.983149528503418 8.678558349609375
    vertex 34.1910514831543 -10.00146484375 8.40254020690918
  endloop
endfacet
facet normal 0.0 0.0 0.0
  outer loop
    vertex 34.1910514831543 -10.00146484375 8.40254020690918
    vertex 45.434627532958984 -9.983149528503418 8.678558349609375
    vertex 11.391056060791016 -10.000617027282715 8.41251277923584
  endloop
endfacet
facet normal 0.0 0.0 0.0
  outer loop
    vertex 34.1910514831543 -10.00146484375 8.40254020690918
    vertex 11.391056060791016 -10.000617027282715 8.41251277923584
    vertex 11.391056060791016 -10.00168228149414 8.40000057220459
  endloop
endfacet
facet normal 0.0 0.0 0.0
  outer loop
    vertex 11.391056060791016 -10.000617027282715 8.41251277923584
    vertex 45.434627532958984 -9.983149528503418 8.678558349609375
    vertex -43.592533111572266 -9.975920677185059 8.999994277954102
  endloop
endfacet
facet normal 0.0 0.0 0.0
  outer loop
    vertex -43.592533111572266 -9.975920677185059 8.999994277954102
    vertex 45.434627532958984 -9.983149528503418 8.678558349609375
    vertex 44.84218978881836 -9.977373123168945 8.85563850402832
  endloop
endfacet
facet normal 0.0 0.0 0.0
  outer loop
    vertex -43.592533111572266 -9.975920677185059 8.999994277954102
    vertex 44.84218978881836 -9.977373123168945 8.85563850402832
    vertex 44.21674728393555 -9.975977897644043 8.963663101196289
  endloop
endfacet
facet normal 0.0 0.0 0.0
  outer loop
    vertex 44.21674728393555 -9.975977897644043 8.963663101196289
    vertex 43.574642181396484 -9.975920677185059 9.000005722045898
    vertex -43.592533111572266 -9.975920677185059 8.999994277954102
  endloop
endfacet
facet normal 0.0 0.0 0.0
  outer loop
    vertex -53.11174774169922 -14.24788761138916 2.5534563064575195
    vertex -53.86079025268555 -14.77221965789795 2.35591983795166
    vertex -34.20893859863281 -14.978567123413086 2.291003942489624
  endloop
endfacet
facet normal 0.0 0.0 0.0
  outer loop
    vertex -34.20893859863281 -14.978567123413086 2.291003942489624
    vertex -53.86079025268555 -14.77221965789795 2.35591983795166
    vertex -55.414466857910156 -15.859790802001953 2.0895469188690186
  endloop
endfacet
facet normal 0.0 0.0 0.0
  outer loop
    vertex -34.20893859863281 -14.978567123413086 2.291003942489624
    vertex -55.414466857910156 -15.859790802001953 2.0895469188690186
    vertex -34.20893859863281 -16.11007308959961 2.0537526607513428
  endloop
endfacet
facet normal 0.0 0.0 0.0
  outer loop
    vertex -34.20893859863281 -16.11007308959961 2.0537526607513428
    vertex -55.414466857910156 -15.859790802001953 2.0895469188690186
    vertex -57.008934020996094 -16.975921630859375 1.999992847442627
  endloop
endfacet
facet normal 0.0 0.0 0.0
  outer loop
    vertex -34.20893859863281 -16.11007308959961 2.0537526607513428
    vertex -57.008934020996094 -16.975921630859375 1.999992847442627
    vertex -11.408940315246582 -16.11007308959961 2.053755760192871
  endloop
endfacet
facet normal 0.0 0.0 0.0
  outer loop
    vertex -11.408940315246582 -16.11007308959961 2.053755760192871
    vertex -57.008934020996094 -16.975921630859375 1.999992847442627
    vertex 56.991050720214844 -16.975921630859375 2.0000081062316895
  endloop
endfacet
facet normal 0.0 0.0 0.0
  outer loop
    vertex -11.408941268920898 -10.687183380126953 5.925621509552002
    vertex -11.408941268920898 -10.266928672790527 7.002643585205078
    vertex -34.20893859863281 -10.266928672790527 7.002640724182129
  endloop
endfacet
facet normal 0.0 0.0 0.0
  outer loop
    vertex -40.00887680053711 -10.857097625732422 5.599995136260986
    vertex -34.20893859863281 -11.278979301452637 4.932458400726318
    vertex -34.20893859863281 -10.687183380126953 5.9256181716918945
  endloop
endfacet
facet normal 0.0 0.0 0.0
  outer loop
    vertex 11.391056060791016 -10.687183380126953 5.925624370574951
    vertex -0.008940914645791054 -10.857097625732422 5.600000381469727
    vertex 11.391056060791016 -11.278979301452637 4.932464599609375
  endloop
endfacet
facet normal 0.0 0.0 0.0
  outer loop
    vertex 11.391056060791016 -12.02617359161377 4.050254821777344
    vertex -11.408941268920898 -11.278979301452637 4.932461261749268
    vertex -11.408941268920898 -12.02617359161377 4.050251483917236
  endloop
endfacet
facet normal 0.0 0.0 0.0
  outer loop
    vertex 34.1910514831543 -12.02617359161377 4.050257682800293
    vertex 34.1910514831543 -11.278979301452637 4.932467460632324
    vertex 11.391056060791016 -11.278979301452637 4.932464599609375
  endloop
endfacet
facet normal 0.0 0.0 0.0
  outer loop
    vertex 11.391056060791016 -11.278979301452637 4.932464599609375
    vertex 34.1910514831543 -11.278979301452637 4.932467460632324
    vertex 11.391056060791016 -10.687183380126953 5.925624370574951
  endloop
endfacet
facet normal 0.0 0.0 0.0
  outer loop
    vertex 38.70396041870117 -10.45722770690918 6.449193477630615
    vertex 11.391056060791016 -10.266928672790527 7.0026469230651855
    vertex 34.1910514831543 -10.687183380126953 5.925627708435059
  endloop
endfacet
facet normal 0.0 0.0 0.0
  outer loop
    vertex 34.1910514831543 -10.266928672790527 7.002649784088135
    vertex 38.68478012084961 -10.137743949890137 7.5035905838012695
    vertex 11.391056060791016 -10.02967643737793 8.13415241241455
  endloop
endfacet
facet normal 0.0 0.0 0.0
  outer loop
    vertex 11.391057014465332 -16.11007308959961 2.0537586212158203
    vertex 34.1910514831543 -16.11007308959961 2.0537617206573486
    vertex 11.391057014465332 -14.978567123413086 2.2910099029541016
  endloop
endfacet
facet normal 0.0 0.0 0.0
  outer loop
    vertex 11.391057014465332 -14.978567123413086 2.2910099029541016
    vertex 34.1910514831543 -16.11007308959961 2.0537617206573486
    vertex 34.1910514831543 -14.978567123413086 2.29101300239563
  endloop
endfacet
facet normal 0.0 0.0 0.0
  outer loop
    vertex 11.391057014465332 -14.978567123413086 2.2910099029541016
    vertex 34.1910514831543 -14.978567123413086 2.29101300239563
    vertex 11.391056060791016 -13.901544570922852 2.7112655639648438
  endloop
endfacet
facet normal 0.0 0.0 0.0
  outer loop
    vertex 11.391056060791016 -13.901544570922852 2.7112655639648438
    vertex 34.1910514831543 -14.978567123413086 2.29101300239563
    vertex 34.1910514831543 -13.901544570922852 2.711268663406372
  endloop
endfacet
facet normal 0.0 0.0 0.0
  outer loop
    vertex 11.391056060791016 -13.901544570922852 2.7112655639648438
    vertex 34.1910514831543 -13.901544570922852 2.711268663406372
    vertex 11.391056060791016 -12.9083833694458 3.303060293197632
  endloop
endfacet
facet normal 0.0 0.0 0.0
  outer loop
    vertex 11.391056060791016 -12.9083833694458 3.303060293197632
    vertex 34.1910514831543 -13.901544570922852 2.711268663406372
    vertex 34.1910514831543 -12.9083833694458 3.30306339263916
  endloop
endfacet
facet normal 0.0 0.0 0.0
  outer loop
    vertex 11.391056060791016 -12.9083833694458 3.303060293197632
    vertex 34.1910514831543 -12.9083833694458 3.30306339263916
    vertex 11.391056060791016 -12.02617359161377 4.050254821777344
  endloop
endfacet
facet normal 0.0 0.0 0.0
  outer loop
    vertex -34.20893859863281 -14.978567123413086 2.291003942489624
    vertex -34.20893859863281 -16.11007308959961 2.0537526607513428
    vertex -11.408940315246582 -16.11007308959961 2.053755760192871
  endloop
endfacet
facet normal 0.0 0.0 0.0
  outer loop
    vertex -11.408941268920898 -13.901544570922852 2.7112627029418945
    vertex -11.408940315246582 -14.978567123413086 2.2910070419311523
    vertex 11.391057014465332 -14.978567123413086 2.2910099029541016
  endloop
endfacet
facet normal 0.0 0.0 0.0
  outer loop
    vertex 11.391057014465332 -14.978567123413086 2.2910099029541016
    vertex -11.408940315246582 -14.978567123413086 2.2910070419311523
    vertex 11.391057014465332 -16.11007308959961 2.0537586212158203
  endloop
endfacet
facet normal 0.0 0.0 0.0
  outer loop
    vertex -11.408941268920898 -13.901544570922852 2.7112627029418945
    vertex 11.391057014465332 -14.978567123413086 2.2910099029541016
    vertex 11.391056060791016 -13.901544570922852 2.7112655639648438
  endloop
endfacet
facet normal 0.0 0.0 0.0
  outer loop
    vertex -11.408941268920898 -12.9083833694458 3.3030574321746826
    vertex -11.408941268920898 -13.901544570922852 2.7112627029418945
    vertex 11.391056060791016 -13.901544570922852 2.7112655639648438
  endloop
endfacet
facet normal 0.0 0.0 0.0
  outer loop
    vertex -11.408941268920898 -12.9083833694458 3.3030574321746826
    vertex 11.391056060791016 -13.901544570922852 2.7112655639648438
    vertex 11.391056060791016 -12.9083833694458 3.303060293197632
  endloop
endfacet
facet normal 0.0 0.0 0.0
  outer loop
    vertex -11.408941268920898 -12.02617359161377 4.050251483917236
    vertex -11.408941268920898 -12.9083833694458 3.3030574321746826
    vertex 11.391056060791016 -12.9083833694458 3.303060293197632
  endloop
endfacet
facet normal 0.0 0.0 0.0
  outer loop
    vertex -11.408941268920898 -12.02617359161377 4.050251483917236
    vertex 11.391056060791016 -12.9083833694458 3.303060293197632
    vertex 11.391056060791016 -12.02617359161377 4.050254821777344
  endloop
endfacet
facet normal 0.0 0.0 0.0
  outer loop
    vertex 43.574642181396484 -6.975920677185059 12.000004768371582
    vertex 44.69832229614258 -6.9760026931762695 11.909147262573242
    vertex 44.69077682495117 -6.975920677185059 11.910451889038086
  endloop
endfacet
facet normal 0.0 0.0 0.0
  outer loop
    vertex 44.69077682495117 -6.975920677185059 11.910451889038086
    vertex 44.69832229614258 -6.9760026931762695 11.909147262573242
    vertex 45.77834701538086 -6.975920677185059 11.644079208374023
  endloop
endfacet
facet normal 0.0 0.0 0.0
  outer loop
    vertex 45.77834701538086 -6.975920677185059 11.644079208374023
    vertex 44.69832229614258 -6.9760026931762695 11.909147262573242
    vertex 45.792850494384766 -6.9779953956604 11.639089584350586
  endloop
endfacet
facet normal 0.0 0.0 0.0
  outer loop
    vertex 45.77834701538086 -6.975920677185059 11.644079208374023
    vertex 45.792850494384766 -6.9779953956604 11.639089584350586
    vertex 46.80952835083008 -6.975920677185059 11.20770263671875
  endloop
endfacet
facet normal 0.0 0.0 0.0
  outer loop
    vertex 46.80952835083008 -6.975920677185059 11.20770263671875
    vertex 45.792850494384766 -6.9779953956604 11.639089584350586
    vertex 46.82961654663086 -6.9862470626831055 11.196386337280273
  endloop
endfacet
facet normal 0.0 0.0 0.0
  outer loop
    vertex 46.80952835083008 -6.975920677185059 11.20770263671875
    vertex 46.82961654663086 -6.9862470626831055 11.196386337280273
    vertex 47.7579460144043 -6.975920677185059 10.612491607666016
  endloop
endfacet
facet normal 0.0 0.0 0.0
  outer loop
    vertex 47.7579460144043 -6.975920677185059 10.612491607666016
    vertex 46.82961654663086 -6.9862470626831055 11.196386337280273
    vertex 47.78189468383789 -7.0081915855407715 10.59439468383789
  endloop
endfacet
facet normal 0.0 0.0 0.0
  outer loop
    vertex 47.7579460144043 -6.975920677185059 10.612491607666016
    vertex 47.78189468383789 -7.0081915855407715 10.59439468383789
    vertex 48.59931945800781 -6.975920677185059 9.873672485351562
  endloop
endfacet
facet normal 0.0 0.0 0.0
  outer loop
    vertex 48.59931945800781 -6.975920677185059 9.873672485351562
    vertex 47.78189468383789 -7.0081915855407715 10.59439468383789
    vertex 48.62342071533203 -7.051868438720703 9.84819221496582
  endloop
endfacet
facet normal 0.0 0.0 0.0
  outer loop
    vertex 48.59931945800781 -6.975920677185059 9.873672485351562
    vertex 48.62342071533203 -7.051868438720703 9.84819221496582
    vertex 49.31212615966797 -6.975920677185059 9.010150909423828
  endloop
endfacet
facet normal 0.0 0.0 0.0
  outer loop
    vertex 49.31212615966797 -6.975920677185059 9.010150909423828
    vertex 48.62342071533203 -7.051868438720703 9.84819221496582
    vertex 49.33197021484375 -7.1259026527404785 8.981080055236816
  endloop
endfacet
facet normal 0.0 0.0 0.0
  outer loop
    vertex 49.31212615966797 -6.975920677185059 9.010150909423828
    vertex 49.33197021484375 -7.1259026527404785 8.981080055236816
    vertex 49.87812805175781 -6.975920677185059 8.044022560119629
  endloop
endfacet
facet normal 0.0 0.0 0.0
  outer loop
    vertex 49.87812805175781 -6.975920677185059 8.044022560119629
    vertex 49.33197021484375 -7.1259026527404785 8.981080055236816
    vertex 49.88914489746094 -7.2378692626953125 8.020977973937988
  endloop
endfacet
facet normal 0.0 0.0 0.0
  outer loop
    vertex 49.87812805175781 -6.975920677185059 8.044022560119629
    vertex 49.88914489746094 -7.2378692626953125 8.020977973937988
    vertex 50.28284454345703 -6.975920677185059 7.000006675720215
  endloop
endfacet
facet normal 0.0 0.0 0.0
  outer loop
    vertex 50.28284454345703 -6.975920677185059 7.000006675720215
    vertex 49.88914489746094 -7.2378692626953125 8.020977973937988
    vertex 50.28284454345703 -7.392772197723389 7.000006675720215
  endloop
endfacet
facet normal 0.0 0.0 0.0
  outer loop
    vertex 50.28284454345703 -7.392772197723389 7.000006675720215
    vertex 50.46429443359375 -7.6519856452941895 6.469893455505371
    vertex 50.28284454345703 -6.975920677185059 7.000006675720215
  endloop
endfacet
facet normal 0.0 0.0 0.0
  outer loop
    vertex 50.28284454345703 -6.975920677185059 7.000006675720215
    vertex 50.46429443359375 -7.6519856452941895 6.469893455505371
    vertex 50.68756103515625 -6.975920677185059 5.955990791320801
  endloop
endfacet
facet normal 0.0 0.0 0.0
  outer loop
    vertex 50.68756103515625 -6.975920677185059 5.955990791320801
    vertex 50.46429443359375 -7.6519856452941895 6.469893455505371
    vertex 50.68756103515625 -7.970937728881836 5.955990791320801
  endloop
endfacet
facet normal 0.0 0.0 0.0
  outer loop
    vertex 50.68756103515625 -6.975920677185059 5.955990791320801
    vertex 50.68756103515625 -7.970937728881836 5.955990791320801
    vertex 50.951210021972656 -8.34758472442627 5.461590766906738
  endloop
endfacet
facet normal 0.0 0.0 0.0
  outer loop
    vertex 50.68756103515625 -6.975920677185059 5.955990791320801
    vertex 50.951210021972656 -8.34758472442627 5.461590766906738
    vertex 51.253562927246094 -6.975920677185059 4.989861488342285
  endloop
endfacet
facet normal 0.0 0.0 0.0
  outer loop
    vertex 51.253562927246094 -6.975920677185059 4.989861488342285
    vertex 50.951210021972656 -8.34758472442627 5.461590766906738
    vertex 51.253562927246094 -8.77951431274414 4.989861488342285
  endloop
endfacet
facet normal 0.0 0.0 0.0
  outer loop
    vertex 51.253562927246094 -6.975920677185059 4.989861488342285
    vertex 51.253562927246094 -8.77951431274414 4.989861488342285
    vertex 51.592674255371094 -9.263957977294922 4.543824672698975
  endloop
endfacet
facet normal 0.0 0.0 0.0
  outer loop
    vertex 51.253562927246094 -6.975920677185059 4.989861488342285
    vertex 51.592674255371094 -9.263957977294922 4.543824672698975
    vertex 51.96636962890625 -6.975920677185059 4.126340389251709
  endloop
endfacet
facet normal 0.0 0.0 0.0
  outer loop
    vertex 51.96636962890625 -6.975920677185059 4.126340389251709
    vertex 51.592674255371094 -9.263957977294922 4.543824672698975
    vertex 51.96636962890625 -9.797812461853027 4.126340389251709
  endloop
endfacet
facet normal 0.0 0.0 0.0
  outer loop
    vertex 51.96636962890625 -6.975920677185059 4.126340389251709
    vertex 51.96636962890625 -9.797812461853027 4.126340389251709
    vertex 52.37226104736328 -10.377657890319824 3.740079402923584
  endloop
endfacet
facet normal 0.0 0.0 0.0
  outer loop
    vertex 51.96636962890625 -6.975920677185059 4.126340389251709
    vertex 52.37226104736328 -10.377657890319824 3.740079402923584
    vertex 52.80774688720703 -6.975920677185059 3.387521266937256
  endloop
endfacet
facet normal 0.0 0.0 0.0
  outer loop
    vertex 52.80774688720703 -6.975920677185059 3.387521266937256
    vertex 52.37226104736328 -10.377657890319824 3.740079402923584
    vertex 52.80774688720703 -10.999777793884277 3.387521266937256
  endloop
endfacet
facet normal 0.0 0.0 0.0
  outer loop
    vertex 52.80774688720703 -6.975920677185059 3.387521266937256
    vertex 52.80774688720703 -10.999777793884277 3.387521266937256
    vertex 53.27003479003906 -11.660186767578125 3.070920705795288
  endloop
endfacet
facet normal 0.0 0.0 0.0
  outer loop
    vertex 52.80774688720703 -6.975920677185059 3.387521266937256
    vertex 53.27003479003906 -11.660186767578125 3.070920705795288
    vertex 53.75616455078125 -6.975920677185059 2.7923107147216797
  endloop
endfacet
facet normal 0.0 0.0 0.0
  outer loop
    vertex 53.75616455078125 -6.975920677185059 2.7923107147216797
    vertex 53.27003479003906 -11.660186767578125 3.070920705795288
    vertex 53.75616455078125 -12.354654312133789 2.7923107147216797
  endloop
endfacet
facet normal 0.0 0.0 0.0
  outer loop
    vertex 53.75616455078125 -6.975920677185059 2.7923107147216797
    vertex 53.75616455078125 -12.354654312133789 2.7923107147216797
    vertex 54.26301574707031 -13.078730583190918 2.5534706115722656
  endloop
endfacet
facet normal 0.0 0.0 0.0
  outer loop
    vertex 53.75616455078125 -6.975920677185059 2.7923107147216797
    vertex 54.26301574707031 -13.078730583190918 2.5534706115722656
    vertex 54.78734588623047 -6.975920677185059 2.3559343814849854
  endloop
endfacet
facet normal 0.0 0.0 0.0
  outer loop
    vertex 54.78734588623047 -6.975920677185059 2.3559343814849854
    vertex 54.26301574707031 -13.078730583190918 2.5534706115722656
    vertex 54.78734588623047 -13.827775955200195 2.3559343814849854
  endloop
endfacet
facet normal 0.0 0.0 0.0
  outer loop
    vertex 54.78734588623047 -6.975920677185059 2.3559343814849854
    vertex 54.78734588623047 -13.827775955200195 2.3559343814849854
    vertex 55.874916076660156 -6.975920677185059 2.089561700820923
  endloop
endfacet
facet normal 0.0 0.0 0.0
  outer loop
    vertex 55.874916076660156 -6.975920677185059 2.089561700820923
    vertex 54.78734588623047 -13.827775955200195 2.3559343814849854
    vertex 55.874916076660156 -15.381449699401855 2.089561700820923
  endloop
endfacet
facet normal 0.0 0.0 0.0
  outer loop
    vertex 55.874916076660156 -6.975920677185059 2.089561700820923
    vertex 55.874916076660156 -15.381449699401855 2.089561700820923
    vertex 56.991050720214844 -6.975920677185059 2.0000081062316895
  endloop
endfacet
facet normal 0.0 0.0 0.0
  outer loop
    vertex 56.991050720214844 -6.975920677185059 2.0000081062316895
    vertex 55.874916076660156 -15.381449699401855 2.089561700820923
    vertex 56.991050720214844 -16.975921630859375 2.0000081062316895
  endloop
endfacet
facet normal 0.0 0.0 0.0
  outer loop
    vertex -50.30073165893555 -7.392772197723389 6.999993324279785
    vertex -49.90708541870117 -7.237847328186035 8.020964622497559
    vertex -50.30073165893555 -6.975920677185059 6.999993324279785
  endloop
endfacet
facet normal 0.0 0.0 0.0
  outer loop
    vertex -50.30073165893555 -6.975920677185059 6.999993324279785
    vertex -49.90708541870117 -7.237847328186035 8.020964622497559
    vertex -49.89601516723633 -6.975920677185059 8.0440092086792
  endloop
endfacet
facet normal 0.0 0.0 0.0
  outer loop
    vertex -49.89601516723633 -6.975920677185059 8.0440092086792
    vertex -49.90708541870117 -7.237847328186035 8.020964622497559
    vertex -49.34989547729492 -7.125899314880371 8.981122016906738
  endloop
endfacet
facet normal 0.0 0.0 0.0
  outer loop
    vertex -49.89601516723633 -6.975920677185059 8.0440092086792
    vertex -49.34989547729492 -7.125899314880371 8.981122016906738
    vertex -49.330013275146484 -6.975920677185059 9.010137557983398
  endloop
endfacet
facet normal 0.0 0.0 0.0
  outer loop
    vertex -49.330013275146484 -6.975920677185059 9.010137557983398
    vertex -49.34989547729492 -7.125899314880371 8.981122016906738
    vertex -48.64155960083008 -7.051787853240967 9.848423957824707
  endloop
endfacet
facet normal 0.0 0.0 0.0
  outer loop
    vertex -49.330013275146484 -6.975920677185059 9.010137557983398
    vertex -48.64155960083008 -7.051787853240967 9.848423957824707
    vertex -48.61720275878906 -6.975920677185059 9.87366008758545
  endloop
endfacet
facet normal 0.0 0.0 0.0
  outer loop
    vertex -48.61720275878906 -6.975920677185059 9.87366008758545
    vertex -48.64155960083008 -7.051787853240967 9.848423957824707
    vertex -47.79966354370117 -7.008184432983398 10.594038963317871
  endloop
endfacet
facet normal 0.0 0.0 0.0
  outer loop
    vertex -48.61720275878906 -6.975920677185059 9.87366008758545
    vertex -47.79966354370117 -7.008184432983398 10.594038963317871
    vertex -47.77583312988281 -6.975920677185059 10.612479209899902
  endloop
endfacet
facet normal 0.0 0.0 0.0
  outer loop
    vertex -47.77583312988281 -6.975920677185059 10.612479209899902
    vertex -47.79966354370117 -7.008184432983398 10.594038963317871
    vertex -46.847721099853516 -6.986432075500488 11.19688892364502
  endloop
endfacet
facet normal 0.0 0.0 0.0
  outer loop
    vertex -47.77583312988281 -6.975920677185059 10.612479209899902
    vertex -46.847721099853516 -6.986432075500488 11.19688892364502
    vertex -46.82741928100586 -6.975920677185059 11.207690238952637
  endloop
endfacet
facet normal 0.0 0.0 0.0
  outer loop
    vertex -46.82741928100586 -6.975920677185059 11.207690238952637
    vertex -46.847721099853516 -6.986432075500488 11.19688892364502
    vertex -45.81074905395508 -6.977883338928223 11.638941764831543
  endloop
endfacet
facet normal 0.0 0.0 0.0
  outer loop
    vertex -46.82741928100586 -6.975920677185059 11.207690238952637
    vertex -45.81074905395508 -6.977883338928223 11.638941764831543
    vertex -45.796234130859375 -6.975920677185059 11.64406681060791
  endloop
endfacet
facet normal 0.0 0.0 0.0
  outer loop
    vertex -45.796234130859375 -6.975920677185059 11.64406681060791
    vertex -45.81074905395508 -6.977883338928223 11.638941764831543
    vertex -44.71614456176758 -6.975749969482422 11.90871810913086
  endloop
endfacet
facet normal 0.0 0.0 0.0
  outer loop
    vertex -45.796234130859375 -6.975920677185059 11.64406681060791
    vertex -44.71614456176758 -6.975749969482422 11.90871810913086
    vertex -43.592533111572266 -6.975920677185059 11.999993324279785
  endloop
endfacet
facet normal 0.0 0.0 0.0
  outer loop
    vertex -43.592533111572266 -6.975920677185059 11.999993324279785
    vertex -44.70866012573242 -6.975920677185059 11.910440444946289
    vertex -45.796234130859375 -6.975920677185059 11.64406681060791
  endloop
endfacet
facet normal 0.0 0.0 0.0
  outer loop
    vertex -57.008934020996094 -16.975921630859375 1.999992847442627
    vertex -55.89280700683594 -15.381449699401855 2.0895469188690186
    vertex -57.008934020996094 -6.975920677185059 1.999992847442627
  endloop
endfacet
facet normal 0.0 0.0 0.0
  outer loop
    vertex -57.008934020996094 -6.975920677185059 1.999992847442627
    vertex -55.89280700683594 -15.381449699401855 2.0895469188690186
    vertex -55.89280700683594 -6.975920677185059 2.0895469188690186
  endloop
endfacet
facet normal 0.0 0.0 0.0
  outer loop
    vertex -55.89280700683594 -6.975920677185059 2.0895469188690186
    vertex -55.89280700683594 -15.381449699401855 2.0895469188690186
    vertex -54.80523681640625 -13.827775955200195 2.355919599533081
  endloop
endfacet
facet normal 0.0 0.0 0.0
  outer loop
    vertex -55.89280700683594 -6.975920677185059 2.0895469188690186
    vertex -54.80523681640625 -13.827775955200195 2.355919599533081
    vertex -54.80523681640625 -6.975920677185059 2.355919599533081
  endloop
endfacet
facet normal 0.0 0.0 0.0
  outer loop
    vertex -54.80523681640625 -6.975920677185059 2.355919599533081
    vertex -54.80523681640625 -13.827775955200195 2.355919599533081
    vertex -54.28090286254883 -13.078730583190918 2.5534563064575195
  endloop
endfacet
facet normal 0.0 0.0 0.0
  outer loop
    vertex -54.80523681640625 -6.975920677185059 2.355919599533081
    vertex -54.28090286254883 -13.078730583190918 2.5534563064575195
    vertex -53.7740478515625 -6.975920677185059 2.7922964096069336
  endloop
endfacet
facet normal 0.0 0.0 0.0
  outer loop
    vertex -53.7740478515625 -6.975920677185059 2.7922964096069336
    vertex -54.28090286254883 -13.078730583190918 2.5534563064575195
    vertex -53.7740478515625 -12.354654312133789 2.7922964096069336
  endloop
endfacet
facet normal 0.0 0.0 0.0
  outer loop
    vertex -53.7740478515625 -6.975920677185059 2.7922964096069336
    vertex -53.7740478515625 -12.354654312133789 2.7922964096069336
    vertex -53.28792190551758 -11.660186767578125 3.070906400680542
  endloop
endfacet
facet normal 0.0 0.0 0.0
  outer loop
    vertex -53.7740478515625 -6.975920677185059 2.7922964096069336
    vertex -53.28792190551758 -11.660186767578125 3.070906400680542
    vertex -52.82563781738281 -6.975920677185059 3.387507438659668
  endloop
endfacet
facet normal 0.0 0.0 0.0
  outer loop
    vertex -52.82563781738281 -6.975920677185059 3.387507438659668
    vertex -53.28792190551758 -11.660186767578125 3.070906400680542
    vertex -52.82563781738281 -10.999777793884277 3.387507438659668
  endloop
endfacet
facet normal 0.0 0.0 0.0
  outer loop
    vertex -52.82563781738281 -6.975920677185059 3.387507438659668
    vertex -52.82563781738281 -10.999777793884277 3.387507438659668
    vertex -52.39015197753906 -10.377657890319824 3.740065574645996
  endloop
endfacet
facet normal 0.0 0.0 0.0
  outer loop
    vertex -52.82563781738281 -6.975920677185059 3.387507438659668
    vertex -52.39015197753906 -10.377657890319824 3.740065574645996
    vertex -51.98426055908203 -6.975920677185059 4.126326560974121
  endloop
endfacet
facet normal 0.0 0.0 0.0
  outer loop
    vertex -51.98426055908203 -6.975920677185059 4.126326560974121
    vertex -52.39015197753906 -10.377657890319824 3.740065574645996
    vertex -51.98426055908203 -9.797812461853027 4.126326560974121
  endloop
endfacet
facet normal 0.0 0.0 0.0
  outer loop
    vertex -51.98426055908203 -6.975920677185059 4.126326560974121
    vertex -51.98426055908203 -9.797812461853027 4.126326560974121
    vertex -51.61056137084961 -9.263957977294922 4.543810844421387
  endloop
endfacet
facet normal 0.0 0.0 0.0
  outer loop
    vertex -51.98426055908203 -6.975920677185059 4.126326560974121
    vertex -51.61056137084961 -9.263957977294922 4.543810844421387
    vertex -51.27145004272461 -6.975920677185059 4.9898481369018555
  endloop
endfacet
facet normal 0.0 0.0 0.0
  outer loop
    vertex -51.27145004272461 -6.975920677185059 4.9898481369018555
    vertex -51.61056137084961 -9.263957977294922 4.543810844421387
    vertex -51.27145004272461 -8.77951431274414 4.9898481369018555
  endloop
endfacet
facet normal 0.0 0.0 0.0
  outer loop
    vertex -51.27145004272461 -6.975920677185059 4.9898481369018555
    vertex -51.27145004272461 -8.77951431274414 4.9898481369018555
    vertex -50.96910095214844 -8.34758472442627 5.461577415466309
  endloop
endfacet
facet normal 0.0 0.0 0.0
  outer loop
    vertex -51.27145004272461 -6.975920677185059 4.9898481369018555
    vertex -50.96910095214844 -8.34758472442627 5.461577415466309
    vertex -50.705448150634766 -6.975920677185059 5.955977439880371
  endloop
endfacet
facet normal 0.0 0.0 0.0
  outer loop
    vertex -50.705448150634766 -6.975920677185059 5.955977439880371
    vertex -50.96910095214844 -8.34758472442627 5.461577415466309
    vertex -50.705448150634766 -7.970937728881836 5.955977439880371
  endloop
endfacet
facet normal 0.0 0.0 0.0
  outer loop
    vertex -50.705448150634766 -6.975920677185059 5.955977439880371
    vertex -50.705448150634766 -7.970937728881836 5.955977439880371
    vertex -50.482181549072266 -7.6519856452941895 6.469880104064941
  endloop
endfacet
facet normal 0.0 0.0 0.0
  outer loop
    vertex -50.30073165893555 -7.392772197723389 6.999993324279785
    vertex -50.30073165893555 -6.975920677185059 6.999993324279785
    vertex -50.482181549072266 -7.6519856452941895 6.469880104064941
  endloop
endfacet
facet normal 0.0 0.0 0.0
  outer loop
    vertex -50.482181549072266 -7.6519856452941895 6.469880104064941
    vertex -50.30073165893555 -6.975920677185059 6.999993324279785
    vertex -50.705448150634766 -6.975920677185059 5.955977439880371
  endloop
endfacet
facet normal 0.0 0.0 0.0
  outer loop
    vertex -39.6465950012207 -6.975920677185059 5.647697925567627
    vertex -0.3712913393974304 -6.975920677185059 5.647703170776367
    vertex -40.00893783569336 -6.975920677185059 5.599995136260986
  endloop
endfacet
facet normal 0.0 0.0 0.0
  outer loop
    vertex -40.00893783569336 -6.975920677185059 5.599995136260986
    vertex -0.3712913393974304 -6.975920677185059 5.647703170776367
    vertex -0.008940914645791054 -6.975920677185059 5.600000381469727
  endloop
endfacet
facet normal 0.0 0.0 0.0
  outer loop
    vertex -40.00893783569336 -6.975920677185059 5.599995136260986
    vertex -0.008940914645791054 -6.975920677185059 5.600000381469727
    vertex -52.82563781738281 -6.975920677185059 3.387507438659668
  endloop
endfacet
facet normal 0.0 0.0 0.0
  outer loop
    vertex -52.82563781738281 -6.975920677185059 3.387507438659668
    vertex -0.008940914645791054 -6.975920677185059 5.600000381469727
    vertex -53.7740478515625 -6.975920677185059 2.7922964096069336
  endloop
endfacet
facet normal 0.0 0.0 0.0
  outer loop
    vertex -53.7740478515625 -6.975920677185059 2.7922964096069336
    vertex -0.008940914645791054 -6.975920677185059 5.600000381469727
    vertex -54.80523681640625 -6.975920677185059 2.355919599533081
  endloop
endfacet
facet normal 0.0 0.0 0.0
  outer loop
    vertex -54.80523681640625 -6.975920677185059 2.355919599533081
    vertex -0.008940914645791054 -6.975920677185059 5.600000381469727
    vertex -55.89280700683594 -6.975920677185059 2.0895469188690186
  endloop
endfacet
facet normal 0.0 0.0 0.0
  outer loop
    vertex -55.89280700683594 -6.975920677185059 2.0895469188690186
    vertex -0.008940914645791054 -6.975920677185059 5.600000381469727
    vertex 55.874916076660156 -6.975920677185059 2.089561700820923
  endloop
endfacet
facet normal 0.0 0.0 0.0
  outer loop
    vertex -55.89280700683594 -6.975920677185059 2.0895469188690186
    vertex 55.874916076660156 -6.975920677185059 2.089561700820923
    vertex -57.008934020996094 -6.975920677185059 1.999992847442627
  endloop
endfacet
facet normal 0.0 0.0 0.0
  outer loop
    vertex -57.008934020996094 -6.975920677185059 1.999992847442627
    vertex 55.874916076660156 -6.975920677185059 2.089561700820923
    vertex 56.991050720214844 -6.975920677185059 2.0000081062316895
  endloop
endfacet
facet normal 0.0 0.0 0.0
  outer loop
    vertex -0.3712913393974304 -6.975920677185059 5.647703170776367
    vertex -39.6465950012207 -6.975920677185059 5.647697925567627
    vertex -0.7089416980743408 -6.975920677185059 5.787565231323242
  endloop
endfacet
facet normal 0.0 0.0 0.0
  outer loop
    vertex -0.7089416980743408 -6.975920677185059 5.787565231323242
    vertex -39.6465950012207 -6.975920677185059 5.647697925567627
    vertex -39.30894088745117 -6.975920677185059 5.787559986114502
  endloop
endfacet
facet normal 0.0 0.0 0.0
  outer loop
    vertex -0.7089416980743408 -6.975920677185059 5.787565231323242
    vertex -39.30894088745117 -6.975920677185059 5.787559986114502
    vertex -0.9988929629325867 -6.975920677185059 6.010049819946289
  endloop
endfacet
facet normal 0.0 0.0 0.0
  outer loop
    vertex -0.9988929629325867 -6.975920677185059 6.010049819946289
    vertex -39.30894088745117 -6.975920677185059 5.787559986114502
    vertex -39.01898956298828 -6.975920677185059 6.010044574737549
  endloop
endfacet
facet normal 0.0 0.0 0.0
  outer loop
    vertex -0.9988929629325867 -6.975920677185059 6.010049819946289
    vertex -39.01898956298828 -6.975920677185059 6.010044574737549
    vertex -1.2213774919509888 -6.975920677185059 6.299999237060547
  endloop
endfacet
facet normal 0.0 0.0 0.0
  outer loop
    vertex -1.2213774919509888 -6.975920677185059 6.299999237060547
    vertex -39.01898956298828 -6.975920677185059 6.010044574737549
    vertex -38.796504974365234 -6.975920677185059 6.299993991851807
  endloop
endfacet
facet normal 0.0 0.0 0.0
  outer loop
    vertex -1.2213774919509888 -6.975920677185059 6.299999237060547
    vertex -38.796504974365234 -6.975920677185059 6.299993991851807
    vertex -1.3612396717071533 -6.975920677185059 6.637653350830078
  endloop
endfacet
facet normal 0.0 0.0 0.0
  outer loop
    vertex -1.3612396717071533 -6.975920677185059 6.637653350830078
    vertex -38.796504974365234 -6.975920677185059 6.299993991851807
    vertex -38.65664291381836 -6.975920677185059 6.637648105621338
  endloop
endfacet
facet normal 0.0 0.0 0.0
  outer loop
    vertex -1.3612396717071533 -6.975920677185059 6.637653350830078
    vertex -38.65664291381836 -6.975920677185059 6.637648105621338
    vertex -1.408942461013794 -6.975920677185059 6.999999523162842
  endloop
endfacet
facet normal 0.0 0.0 0.0
  outer loop
    vertex -1.408942461013794 -6.975920677185059 6.999999523162842
    vertex -38.65664291381836 -6.975920677185059 6.637648105621338
    vertex -38.60894012451172 -6.975920677185059 6.99999475479126
  endloop
endfacet
facet normal 0.0 0.0 0.0
  outer loop
    vertex -1.408942461013794 -6.975920677185059 6.999999523162842
    vertex -38.60894012451172 -6.975920677185059 6.99999475479126
    vertex -1.3612397909164429 -6.975920677185059 7.362346172332764
  endloop
endfacet
facet normal 0.0 0.0 0.0
  outer loop
    vertex -1.3612397909164429 -6.975920677185059 7.362346172332764
    vertex -38.60894012451172 -6.975920677185059 6.99999475479126
    vertex -38.65664291381836 -6.975920677185059 7.362341403961182
  endloop
endfacet
facet normal 0.0 0.0 0.0
  outer loop
    vertex -1.3612397909164429 -6.975920677185059 7.362346172332764
    vertex -38.65664291381836 -6.975920677185059 7.362341403961182
    vertex -1.2213777303695679 -6.975920677185059 7.700000286102295
  endloop
endfacet
facet normal 0.0 0.0 0.0
  outer loop
    vertex -1.2213777303695679 -6.975920677185059 7.700000286102295
    vertex -38.65664291381836 -6.975920677185059 7.362341403961182
    vertex -38.796504974365234 -6.975920677185059 7.699995517730713
  endloop
endfacet
facet normal 0.0 0.0 0.0
  outer loop
    vertex -1.2213777303695679 -6.975920677185059 7.700000286102295
    vertex -38.796504974365234 -6.975920677185059 7.699995517730713
    vertex -0.9988932013511658 -6.975920677185059 7.989949703216553
  endloop
endfacet
facet normal 0.0 0.0 0.0
  outer loop
    vertex -0.9988932013511658 -6.975920677185059 7.989949703216553
    vertex -38.796504974365234 -6.975920677185059 7.699995517730713
    vertex -39.01898956298828 -6.975920677185059 7.9899444580078125
  endloop
endfacet
facet normal 0.0 0.0 0.0
  outer loop
    vertex -0.9988932013511658 -6.975920677185059 7.989949703216553
    vertex -39.01898956298828 -6.975920677185059 7.9899444580078125
    vertex -0.7089419960975647 -6.975920677185059 8.212434768676758
  endloop
endfacet
facet normal 0.0 0.0 0.0
  outer loop
    vertex -0.7089419960975647 -6.975920677185059 8.212434768676758
    vertex -39.01898956298828 -6.975920677185059 7.9899444580078125
    vertex -39.30894088745117 -6.975920677185059 8.21242904663086
  endloop
endfacet
facet normal 0.0 0.0 0.0
  outer loop
    vertex -0.7089419960975647 -6.975920677185059 8.212434768676758
    vertex -39.30894088745117 -6.975920677185059 8.21242904663086
    vertex -0.37129172682762146 -6.975920677185059 8.352296829223633
  endloop
endfacet
facet normal 0.0 0.0 0.0
  outer loop
    vertex -0.37129172682762146 -6.975920677185059 8.352296829223633
    vertex -39.30894088745117 -6.975920677185059 8.21242904663086
    vertex -39.6465950012207 -6.975920677185059 8.352291107177734
  endloop
endfacet
facet normal 0.0 0.0 0.0
  outer loop
    vertex -0.37129172682762146 -6.975920677185059 8.352296829223633
    vertex -39.6465950012207 -6.975920677185059 8.352291107177734
    vertex -0.0089412871748209 -6.975920677185059 8.399999618530273
  endloop
endfacet
facet normal 0.0 0.0 0.0
  outer loop
    vertex -0.0089412871748209 -6.975920677185059 8.399999618530273
    vertex -39.6465950012207 -6.975920677185059 8.352291107177734
    vertex -40.00893783569336 -6.975920677185059 8.399993896484375
  endloop
endfacet
facet normal 0.0 0.0 0.0
  outer loop
    vertex -0.0089412871748209 -6.975920677185059 8.399999618530273
    vertex -40.00893783569336 -6.975920677185059 8.399993896484375
    vertex -47.77583312988281 -6.975920677185059 10.612479209899902
  endloop
endfacet
facet normal 0.0 0.0 0.0
  outer loop
    vertex -47.77583312988281 -6.975920677185059 10.612479209899902
    vertex -40.00893783569336 -6.975920677185059 8.399993896484375
    vertex -48.61720275878906 -6.975920677185059 9.87366008758545
  endloop
endfacet
facet normal 0.0 0.0 0.0
  outer loop
    vertex -48.61720275878906 -6.975920677185059 9.87366008758545
    vertex -40.00893783569336 -6.975920677185059 8.399993896484375
    vertex -49.330013275146484 -6.975920677185059 9.010137557983398
  endloop
endfacet
facet normal 0.0 0.0 0.0
  outer loop
    vertex -49.330013275146484 -6.975920677185059 9.010137557983398
    vertex -40.00893783569336 -6.975920677185059 8.399993896484375
    vertex -40.37128829956055 -6.975920677185059 8.352291107177734
  endloop
endfacet
facet normal 0.0 0.0 0.0
  outer loop
    vertex -49.330013275146484 -6.975920677185059 9.010137557983398
    vertex -40.37128829956055 -6.975920677185059 8.352291107177734
    vertex -49.89601516723633 -6.975920677185059 8.0440092086792
  endloop
endfacet
facet normal 0.0 0.0 0.0
  outer loop
    vertex -49.89601516723633 -6.975920677185059 8.0440092086792
    vertex -40.37128829956055 -6.975920677185059 8.352291107177734
    vertex -40.70893859863281 -6.975920677185059 8.21242904663086
  endloop
endfacet
facet normal 0.0 0.0 0.0
  outer loop
    vertex -49.89601516723633 -6.975920677185059 8.0440092086792
    vertex -40.70893859863281 -6.975920677185059 8.21242904663086
    vertex -40.9988899230957 -6.975920677185059 7.9899444580078125
  endloop
endfacet
facet normal 0.0 0.0 0.0
  outer loop
    vertex -40.9988899230957 -6.975920677185059 7.9899444580078125
    vertex -41.22137451171875 -6.975920677185059 7.699995040893555
    vertex -49.89601516723633 -6.975920677185059 8.0440092086792
  endloop
endfacet
facet normal 0.0 0.0 0.0
  outer loop
    vertex -49.89601516723633 -6.975920677185059 8.0440092086792
    vertex -41.22137451171875 -6.975920677185059 7.699995040893555
    vertex -41.361236572265625 -6.975920677185059 7.362340927124023
  endloop
endfacet
facet normal 0.0 0.0 0.0
  outer loop
    vertex -49.89601516723633 -6.975920677185059 8.0440092086792
    vertex -41.361236572265625 -6.975920677185059 7.362340927124023
    vertex -50.30073165893555 -6.975920677185059 6.999993324279785
  endloop
endfacet
facet normal 0.0 0.0 0.0
  outer loop
    vertex -50.30073165893555 -6.975920677185059 6.999993324279785
    vertex -41.361236572265625 -6.975920677185059 7.362340927124023
    vertex -41.408939361572266 -6.975920677185059 6.999994277954102
  endloop
endfacet
facet normal 0.0 0.0 0.0
  outer loop
    vertex -50.30073165893555 -6.975920677185059 6.999993324279785
    vertex -41.408939361572266 -6.975920677185059 6.999994277954102
    vertex -41.361236572265625 -6.975920677185059 6.63764762878418
  endloop
endfacet
facet normal 0.0 0.0 0.0
  outer loop
    vertex -50.30073165893555 -6.975920677185059 6.999993324279785
    vertex -41.361236572265625 -6.975920677185059 6.63764762878418
    vertex -50.705448150634766 -6.975920677185059 5.955977439880371
  endloop
endfacet
facet normal 0.0 0.0 0.0
  outer loop
    vertex -50.705448150634766 -6.975920677185059 5.955977439880371
    vertex -41.361236572265625 -6.975920677185059 6.63764762878418
    vertex -41.22137451171875 -6.975920677185059 6.299993515014648
  endloop
endfacet
facet normal 0.0 0.0 0.0
  outer loop
    vertex -50.705448150634766 -6.975920677185059 5.955977439880371
    vertex -41.22137451171875 -6.975920677185059 6.299993515014648
    vertex -40.9988899230957 -6.975920677185059 6.010044574737549
  endloop
endfacet
facet normal 0.0 0.0 0.0
  outer loop
    vertex -40.9988899230957 -6.975920677185059 6.010044574737549
    vertex -40.70893859863281 -6.975920677185059 5.787559986114502
    vertex -50.705448150634766 -6.975920677185059 5.955977439880371
  endloop
endfacet
facet normal 0.0 0.0 0.0
  outer loop
    vertex -50.705448150634766 -6.975920677185059 5.955977439880371
    vertex -40.70893859863281 -6.975920677185059 5.787559986114502
    vertex -40.37128829956055 -6.975920677185059 5.647697925567627
  endloop
endfacet
facet normal 0.0 0.0 0.0
  outer loop
    vertex -50.705448150634766 -6.975920677185059 5.955977439880371
    vertex -40.37128829956055 -6.975920677185059 5.647697925567627
    vertex -51.27145004272461 -6.975920677185059 4.9898481369018555
  endloop
endfacet
facet normal 0.0 0.0 0.0
  outer loop
    vertex -51.27145004272461 -6.975920677185059 4.9898481369018555
    vertex -40.37128829956055 -6.975920677185059 5.647697925567627
    vertex -40.00893783569336 -6.975920677185059 5.599995136260986
  endloop
endfacet
facet normal 0.0 0.0 0.0
  outer loop
    vertex -51.27145004272461 -6.975920677185059 4.9898481369018555
    vertex -40.00893783569336 -6.975920677185059 5.599995136260986
    vertex -51.98426055908203 -6.975920677185059 4.126326560974121
  endloop
endfacet
facet normal 0.0 0.0 0.0
  outer loop
    vertex -51.98426055908203 -6.975920677185059 4.126326560974121
    vertex -40.00893783569336 -6.975920677185059 5.599995136260986
    vertex -52.82563781738281 -6.975920677185059 3.387507438659668
  endloop
endfacet
facet normal 0.0 0.0 0.0
  outer loop
    vertex 0.3534057140350342 -6.975920677185059 5.647703170776367
    vertex 39.62870407104492 -6.975920677185059 5.647708415985107
    vertex -0.008940914645791054 -6.975920677185059 5.600000381469727
  endloop
endfacet
facet normal 0.0 0.0 0.0
  outer loop
    vertex -0.008940914645791054 -6.975920677185059 5.600000381469727
    vertex 39.62870407104492 -6.975920677185059 5.647708415985107
    vertex 39.99105453491211 -6.975920677185059 5.600005626678467
  endloop
endfacet
facet normal 0.0 0.0 0.0
  outer loop
    vertex -0.008940914645791054 -6.975920677185059 5.600000381469727
    vertex 39.99105453491211 -6.975920677185059 5.600005626678467
    vertex 52.80774688720703 -6.975920677185059 3.387521266937256
  endloop
endfacet
facet normal 0.0 0.0 0.0
  outer loop
    vertex 52.80774688720703 -6.975920677185059 3.387521266937256
    vertex 39.99105453491211 -6.975920677185059 5.600005626678467
    vertex 51.96636962890625 -6.975920677185059 4.126340389251709
  endloop
endfacet
facet normal 0.0 0.0 0.0
  outer loop
    vertex 51.96636962890625 -6.975920677185059 4.126340389251709
    vertex 39.99105453491211 -6.975920677185059 5.600005626678467
    vertex 51.253562927246094 -6.975920677185059 4.989861488342285
  endloop
endfacet
facet normal 0.0 0.0 0.0
  outer loop
    vertex 51.253562927246094 -6.975920677185059 4.989861488342285
    vertex 39.99105453491211 -6.975920677185059 5.600005626678467
    vertex 40.353397369384766 -6.975920677185059 5.647708415985107
  endloop
endfacet
facet normal 0.0 0.0 0.0
  outer loop
    vertex 51.253562927246094 -6.975920677185059 4.989861488342285
    vertex 40.353397369384766 -6.975920677185059 5.647708415985107
    vertex 50.68756103515625 -6.975920677185059 5.955990791320801
  endloop
endfacet
facet normal 0.0 0.0 0.0
  outer loop
    vertex 50.68756103515625 -6.975920677185059 5.955990791320801
    vertex 40.353397369384766 -6.975920677185059 5.647708415985107
    vertex 40.6910514831543 -6.975920677185059 5.787570476531982
  endloop
endfacet
facet normal 0.0 0.0 0.0
  outer loop
    vertex 50.68756103515625 -6.975920677185059 5.955990791320801
    vertex 40.6910514831543 -6.975920677185059 5.787570476531982
    vertex 40.98099899291992 -6.975920677185059 6.010055065155029
  endloop
endfacet
facet normal 0.0 0.0 0.0
  outer loop
    vertex 39.62870407104492 -6.975920677185059 5.647708415985107
    vertex 0.3534057140350342 -6.975920677185059 5.647703170776367
    vertex 39.29104995727539 -6.975920677185059 5.787570476531982
  endloop
endfacet
facet normal 0.0 0.0 0.0
  outer loop
    vertex 39.29104995727539 -6.975920677185059 5.787570476531982
    vertex 0.3534057140350342 -6.975920677185059 5.647703170776367
    vertex 0.6910558938980103 -6.975920677185059 5.787565231323242
  endloop
endfacet
facet normal 0.0 0.0 0.0
  outer loop
    vertex 39.29104995727539 -6.975920677185059 5.787570476531982
    vertex 0.6910558938980103 -6.975920677185059 5.787565231323242
    vertex 39.001102447509766 -6.975920677185059 6.010055065155029
  endloop
endfacet
facet normal 0.0 0.0 0.0
  outer loop
    vertex 39.001102447509766 -6.975920677185059 6.010055065155029
    vertex 0.6910558938980103 -6.975920677185059 5.787565231323242
    vertex 0.9810071587562561 -6.975920677185059 6.010049819946289
  endloop
endfacet
facet normal 0.0 0.0 0.0
  outer loop
    vertex 39.001102447509766 -6.975920677185059 6.010055065155029
    vertex 0.9810071587562561 -6.975920677185059 6.010049819946289
    vertex 38.77861404418945 -6.975920677185059 6.300004482269287
  endloop
endfacet
facet normal 0.0 0.0 0.0
  outer loop
    vertex 38.77861404418945 -6.975920677185059 6.300004482269287
    vertex 0.9810071587562561 -6.975920677185059 6.010049819946289
    vertex 1.2034918069839478 -6.975920677185059 6.299999237060547
  endloop
endfacet
facet normal 0.0 0.0 0.0
  outer loop
    vertex 38.77861404418945 -6.975920677185059 6.300004482269287
    vertex 1.2034918069839478 -6.975920677185059 6.299999237060547
    vertex 38.63875961303711 -6.975920677185059 6.637658596038818
  endloop
endfacet
facet normal 0.0 0.0 0.0
  outer loop
    vertex 38.63875961303711 -6.975920677185059 6.637658596038818
    vertex 1.2034918069839478 -6.975920677185059 6.299999237060547
    vertex 1.3433537483215332 -6.975920677185059 6.637653350830078
  endloop
endfacet
facet normal 0.0 0.0 0.0
  outer loop
    vertex 38.63875961303711 -6.975920677185059 6.637658596038818
    vertex 1.3433537483215332 -6.975920677185059 6.637653350830078
    vertex 38.5910530090332 -6.975920677185059 7.000004768371582
  endloop
endfacet
facet normal 0.0 0.0 0.0
  outer loop
    vertex 38.5910530090332 -6.975920677185059 7.000004768371582
    vertex 1.3433537483215332 -6.975920677185059 6.637653350830078
    vertex 1.3910565376281738 -6.975920677185059 7.0
  endloop
endfacet
facet normal 0.0 0.0 0.0
  outer loop
    vertex 38.5910530090332 -6.975920677185059 7.000004768371582
    vertex 1.3910565376281738 -6.975920677185059 7.0
    vertex 38.63875961303711 -6.975920677185059 7.362351417541504
  endloop
endfacet
facet normal 0.0 0.0 0.0
  outer loop
    vertex 38.63875961303711 -6.975920677185059 7.362351417541504
    vertex 1.3910565376281738 -6.975920677185059 7.0
    vertex 1.3433536291122437 -6.975920677185059 7.362346649169922
  endloop
endfacet
facet normal 0.0 0.0 0.0
  outer loop
    vertex 38.63875961303711 -6.975920677185059 7.362351417541504
    vertex 1.3433536291122437 -6.975920677185059 7.362346649169922
    vertex 38.77861404418945 -6.975920677185059 7.700005531311035
  endloop
endfacet
facet normal 0.0 0.0 0.0
  outer loop
    vertex 38.77861404418945 -6.975920677185059 7.700005531311035
    vertex 1.3433536291122437 -6.975920677185059 7.362346649169922
    vertex 1.2034915685653687 -6.975920677185059 7.700000762939453
  endloop
endfacet
facet normal 0.0 0.0 0.0
  outer loop
    vertex 38.77861404418945 -6.975920677185059 7.700005531311035
    vertex 1.2034915685653687 -6.975920677185059 7.700000762939453
    vertex 39.001102447509766 -6.975920677185059 7.989954948425293
  endloop
endfacet
facet normal 0.0 0.0 0.0
  outer loop
    vertex 39.001102447509766 -6.975920677185059 7.989954948425293
    vertex 1.2034915685653687 -6.975920677185059 7.700000762939453
    vertex 0.981006920337677 -6.975920677185059 7.989950180053711
  endloop
endfacet
facet normal 0.0 0.0 0.0
  outer loop
    vertex 39.001102447509766 -6.975920677185059 7.989954948425293
    vertex 0.981006920337677 -6.975920677185059 7.989950180053711
    vertex 39.29104995727539 -6.975920677185059 8.21243953704834
  endloop
endfacet
facet normal 0.0 0.0 0.0
  outer loop
    vertex 39.29104995727539 -6.975920677185059 8.21243953704834
    vertex 0.981006920337677 -6.975920677185059 7.989950180053711
    vertex 0.6910555958747864 -6.975920677185059 8.212434768676758
  endloop
endfacet
facet normal 0.0 0.0 0.0
  outer loop
    vertex 39.29104995727539 -6.975920677185059 8.21243953704834
    vertex 0.6910555958747864 -6.975920677185059 8.212434768676758
    vertex 39.62870407104492 -6.975920677185059 8.352301597595215
  endloop
endfacet
facet normal 0.0 0.0 0.0
  outer loop
    vertex 39.62870407104492 -6.975920677185059 8.352301597595215
    vertex 0.6910555958747864 -6.975920677185059 8.212434768676758
    vertex 0.35340532660484314 -6.975920677185059 8.352296829223633
  endloop
endfacet
facet normal 0.0 0.0 0.0
  outer loop
    vertex 39.62870407104492 -6.975920677185059 8.352301597595215
    vertex 0.35340532660484314 -6.975920677185059 8.352296829223633
    vertex 39.99105453491211 -6.975920677185059 8.400004386901855
  endloop
endfacet
facet normal 0.0 0.0 0.0
  outer loop
    vertex 39.99105453491211 -6.975920677185059 8.400004386901855
    vertex 0.35340532660484314 -6.975920677185059 8.352296829223633
    vertex -0.0089412871748209 -6.975920677185059 8.399999618530273
  endloop
endfacet
facet normal 0.0 0.0 0.0
  outer loop
    vertex 39.99105453491211 -6.975920677185059 8.400004386901855
    vertex -0.0089412871748209 -6.975920677185059 8.399999618530273
    vertex 47.7579460144043 -6.975920677185059 10.612491607666016
  endloop
endfacet
facet normal 0.0 0.0 0.0
  outer loop
    vertex 47.7579460144043 -6.975920677185059 10.612491607666016
    vertex -0.0089412871748209 -6.975920677185059 8.399999618530273
    vertex 46.80952835083008 -6.975920677185059 11.20770263671875
  endloop
endfacet
facet normal 0.0 0.0 0.0
  outer loop
    vertex 46.80952835083008 -6.975920677185059 11.20770263671875
    vertex -0.0089412871748209 -6.975920677185059 8.399999618530273
    vertex 43.574642181396484 -6.975920677185059 12.000004768371582
  endloop
endfacet
facet normal 0.0 0.0 0.0
  outer loop
    vertex 46.80952835083008 -6.975920677185059 11.20770263671875
    vertex 43.574642181396484 -6.975920677185059 12.000004768371582
    vertex 45.77834701538086 -6.975920677185059 11.644079208374023
  endloop
endfacet
facet normal 0.0 0.0 0.0
  outer loop
    vertex 45.77834701538086 -6.975920677185059 11.644079208374023
    vertex 43.574642181396484 -6.975920677185059 12.000004768371582
    vertex 44.69077682495117 -6.975920677185059 11.910451889038086
  endloop
endfacet
facet normal 0.0 0.0 0.0
  outer loop
    vertex 40.98099899291992 -6.975920677185059 6.010055065155029
    vertex 41.203487396240234 -6.975920677185059 6.300004482269287
    vertex 50.68756103515625 -6.975920677185059 5.955990791320801
  endloop
endfacet
facet normal 0.0 0.0 0.0
  outer loop
    vertex 50.68756103515625 -6.975920677185059 5.955990791320801
    vertex 41.203487396240234 -6.975920677185059 6.300004482269287
    vertex 41.34334945678711 -6.975920677185059 6.637658596038818
  endloop
endfacet
facet normal 0.0 0.0 0.0
  outer loop
    vertex 50.68756103515625 -6.975920677185059 5.955990791320801
    vertex 41.34334945678711 -6.975920677185059 6.637658596038818
    vertex 50.28284454345703 -6.975920677185059 7.000006675720215
  endloop
endfacet
facet normal 0.0 0.0 0.0
  outer loop
    vertex 50.28284454345703 -6.975920677185059 7.000006675720215
    vertex 41.34334945678711 -6.975920677185059 6.637658596038818
    vertex 41.391056060791016 -6.975920677185059 7.00000524520874
  endloop
endfacet
facet normal 0.0 0.0 0.0
  outer loop
    vertex 50.28284454345703 -6.975920677185059 7.000006675720215
    vertex 41.391056060791016 -6.975920677185059 7.00000524520874
    vertex 41.34334945678711 -6.975920677185059 7.362351894378662
  endloop
endfacet
facet normal 0.0 0.0 0.0
  outer loop
    vertex 50.28284454345703 -6.975920677185059 7.000006675720215
    vertex 41.34334945678711 -6.975920677185059 7.362351894378662
    vertex 49.87812805175781 -6.975920677185059 8.044022560119629
  endloop
endfacet
facet normal 0.0 0.0 0.0
  outer loop
    vertex 49.87812805175781 -6.975920677185059 8.044022560119629
    vertex 41.34334945678711 -6.975920677185059 7.362351894378662
    vertex 41.203487396240234 -6.975920677185059 7.700006008148193
  endloop
endfacet
facet normal 0.0 0.0 0.0
  outer loop
    vertex 49.87812805175781 -6.975920677185059 8.044022560119629
    vertex 41.203487396240234 -6.975920677185059 7.700006008148193
    vertex 40.98099899291992 -6.975920677185059 7.989955425262451
  endloop
endfacet
facet normal 0.0 0.0 0.0
  outer loop
    vertex 40.98099899291992 -6.975920677185059 7.989955425262451
    vertex 40.6910514831543 -6.975920677185059 8.212440490722656
    vertex 49.87812805175781 -6.975920677185059 8.044022560119629
  endloop
endfacet
facet normal 0.0 0.0 0.0
  outer loop
    vertex 49.87812805175781 -6.975920677185059 8.044022560119629
    vertex 40.6910514831543 -6.975920677185059 8.212440490722656
    vertex 40.353397369384766 -6.975920677185059 8.352302551269531
  endloop
endfacet
facet normal 0.0 0.0 0.0
  outer loop
    vertex 49.87812805175781 -6.975920677185059 8.044022560119629
    vertex 40.353397369384766 -6.975920677185059 8.352302551269531
    vertex 49.31212615966797 -6.975920677185059 9.010150909423828
  endloop
endfacet
facet normal 0.0 0.0 0.0
  outer loop
    vertex 49.31212615966797 -6.975920677185059 9.010150909423828
    vertex 40.353397369384766 -6.975920677185059 8.352302551269531
    vertex 39.99105453491211 -6.975920677185059 8.400004386901855
  endloop
endfacet
facet normal 0.0 0.0 0.0
  outer loop
    vertex 49.31212615966797 -6.975920677185059 9.010150909423828
    vertex 39.99105453491211 -6.975920677185059 8.400004386901855
    vertex 48.59931945800781 -6.975920677185059 9.873672485351562
  endloop
endfacet
facet normal 0.0 0.0 0.0
  outer loop
    vertex 48.59931945800781 -6.975920677185059 9.873672485351562
    vertex 39.99105453491211 -6.975920677185059 8.400004386901855
    vertex 47.7579460144043 -6.975920677185059 10.612491607666016
  endloop
endfacet
facet normal 0.0 0.0 0.0
  outer loop
    vertex 52.80774688720703 -6.975920677185059 3.387521266937256
    vertex 53.75616455078125 -6.975920677185059 2.7923107147216797
    vertex -0.008940914645791054 -6.975920677185059 5.600000381469727
  endloop
endfacet
facet normal 0.0 0.0 0.0
  outer loop
    vertex -0.008940914645791054 -6.975920677185059 5.600000381469727
    vertex 53.75616455078125 -6.975920677185059 2.7923107147216797
    vertex 54.78734588623047 -6.975920677185059 2.3559343814849854
  endloop
endfacet
facet normal 0.0 0.0 0.0
  outer loop
    vertex -0.008940914645791054 -6.975920677185059 5.600000381469727
    vertex 54.78734588623047 -6.975920677185059 2.3559343814849854
    vertex 55.874916076660156 -6.975920677185059 2.089561700820923
  endloop
endfacet
facet normal 0.0 0.0 0.0
  outer loop
    vertex -47.77583312988281 -6.975920677185059 10.612479209899902
    vertex -46.82741928100586 -6.975920677185059 11.207690238952637
    vertex -0.0089412871748209 -6.975920677185059 8.399999618530273
  endloop
endfacet
facet normal 0.0 0.0 0.0
  outer loop
    vertex -0.0089412871748209 -6.975920677185059 8.399999618530273
    vertex -46.82741928100586 -6.975920677185059 11.207690238952637
    vertex -43.592533111572266 -6.975920677185059 11.999993324279785
  endloop
endfacet
facet normal 0.0 0.0 0.0
  outer loop
    vertex -0.0089412871748209 -6.975920677185059 8.399999618530273
    vertex -43.592533111572266 -6.975920677185059 11.999993324279785
    vertex 43.574642181396484 -6.975920677185059 12.000004768371582
  endloop
endfacet
facet normal 0.0 0.0 0.0
  outer loop
    vertex -46.82741928100586 -6.975920677185059 11.207690238952637
    vertex -45.796234130859375 -6.975920677185059 11.64406681060791
    vertex -43.592533111572266 -6.975920677185059 11.999993324279785
  endloop
endfacet
facet normal 0.0 0.0 0.0
  outer loop
    vertex -43.592533111572266 -6.975920677185059 11.999993324279785
    vertex -45.796234130859375 -6.975920677185059 11.64406681060791
    vertex -44.70866012573242 -6.975920677185059 11.910440444946289
  endloop
endfacet
facet normal 0.0 0.0 0.0
  outer loop
    vertex -38.88703536987305 29.999996185302734 1.999995231628418
    vertex 38.86295700073242 29.999996185302734 2.0000057220458984
    vertex -38.88703536987305 29.999996185302734 -4.291534423828125e-06
  endloop
endfacet
facet normal 0.0 0.0 0.0
  outer loop
    vertex -38.88703536987305 29.999996185302734 -4.291534423828125e-06
    vertex 38.86295700073242 29.999996185302734 2.0000057220458984
    vertex 38.86295700073242 29.999996185302734 6.198883056640625e-06
  endloop
endfacet
facet normal 0.0 0.0 0.0
  outer loop
    vertex -38.90560531616211 -29.951831817626953 -4.291534423828125e-06
    vertex -38.90560531616211 -29.951831817626953 1.999995231628418
    vertex -41.2569694519043 -29.85800552368164 -4.76837158203125e-06
  endloop
endfacet
facet normal 0.0 0.0 0.0
  outer loop
    vertex -41.2569694519043 -29.85800552368164 -4.76837158203125e-06
    vertex -38.90560531616211 -29.951831817626953 1.999995231628418
    vertex -41.2569694519043 -29.85800552368164 1.9999947547912598
  endloop
endfacet
facet normal 0.0 0.0 0.0
  outer loop
    vertex -41.2569694519043 -29.85800552368164 -4.76837158203125e-06
    vertex -41.2569694519043 -29.85800552368164 1.9999947547912598
    vertex -43.593727111816406 -29.580020904541016 -4.76837158203125e-06
  endloop
endfacet
facet normal 0.0 0.0 0.0
  outer loop
    vertex -43.593727111816406 -29.580020904541016 -4.76837158203125e-06
    vertex -41.2569694519043 -29.85800552368164 1.9999947547912598
    vertex -43.593727111816406 -29.580020904541016 1.9999947547912598
  endloop
endfacet
facet normal 0.0 0.0 0.0
  outer loop
    vertex -43.593727111816406 -29.580020904541016 -4.76837158203125e-06
    vertex -43.593727111816406 -29.580020904541016 1.9999947547912598
    vertex -45.9014778137207 -29.119586944580078 1.9999942779541016
  endloop
endfacet
facet normal 0.0 0.0 0.0
  outer loop
    vertex -43.593727111816406 -29.580020904541016 -4.76837158203125e-06
    vertex -45.9014778137207 -29.119586944580078 1.9999942779541016
    vertex -45.9014778137207 -29.119586944580078 -5.245208740234375e-06
  endloop
endfacet
facet normal 0.0 0.0 0.0
  outer loop
    vertex -45.9014778137207 -29.119586944580078 -5.245208740234375e-06
    vertex -45.9014778137207 -29.119586944580078 1.9999942779541016
    vertex -48.165992736816406 -28.479541778564453 1.9999942779541016
  endloop
endfacet
facet normal 0.0 0.0 0.0
  outer loop
    vertex -45.9014778137207 -29.119586944580078 -5.245208740234375e-06
    vertex -48.165992736816406 -28.479541778564453 1.9999942779541016
    vertex -48.165992736816406 -28.479541778564453 -5.245208740234375e-06
  endloop
endfacet
facet normal 0.0 0.0 0.0
  outer loop
    vertex -48.165992736816406 -28.479541778564453 -5.245208740234375e-06
    vertex -48.165992736816406 -28.479541778564453 1.9999942779541016
    vertex -50.373329162597656 -27.663833618164062 1.9999938011169434
  endloop
endfacet
facet normal 0.0 0.0 0.0
  outer loop
    vertex -48.165992736816406 -28.479541778564453 -5.245208740234375e-06
    vertex -50.373329162597656 -27.663833618164062 1.9999938011169434
    vertex -50.373329162597656 -27.663833618164062 -5.7220458984375e-06
  endloop
endfacet
facet normal 0.0 0.0 0.0
  outer loop
    vertex -50.373329162597656 -27.663833618164062 -5.7220458984375e-06
    vertex -50.373329162597656 -27.663833618164062 1.9999938011169434
    vertex -52.5098762512207 -26.677490234375 1.9999933242797852
  endloop
endfacet
facet normal 0.0 0.0 0.0
  outer loop
    vertex -50.373329162597656 -27.663833618164062 -5.7220458984375e-06
    vertex -52.5098762512207 -26.677490234375 1.9999933242797852
    vertex -52.5098762512207 -26.677490234375 -6.198883056640625e-06
  endloop
endfacet
facet normal 0.0 0.0 0.0
  outer loop
    vertex -52.5098762512207 -26.677490234375 -6.198883056640625e-06
    vertex -52.5098762512207 -26.677490234375 1.9999933242797852
    vertex -54.56246566772461 -25.52658462524414 1.9999933242797852
  endloop
endfacet
facet normal 0.0 0.0 0.0
  outer loop
    vertex -52.5098762512207 -26.677490234375 -6.198883056640625e-06
    vertex -54.56246566772461 -25.52658462524414 1.9999933242797852
    vertex -54.56246566772461 -25.52658462524414 -6.198883056640625e-06
  endloop
endfacet
facet normal 0.0 0.0 0.0
  outer loop
    vertex -54.56246566772461 -25.52658462524414 -6.198883056640625e-06
    vertex -54.56246566772461 -25.52658462524414 1.9999933242797852
    vertex -56.51844787597656 -24.218212127685547 1.999992847442627
  endloop
endfacet
facet normal 0.0 0.0 0.0
  outer loop
    vertex -54.56246566772461 -25.52658462524414 -6.198883056640625e-06
    vertex -56.51844787597656 -24.218212127685547 1.999992847442627
    vertex -56.51844787597656 -24.218212127685547 -6.67572021484375e-06
  endloop
endfacet
facet normal 0.0 0.0 0.0
  outer loop
    vertex -56.51844787597656 -24.218212127685547 -6.67572021484375e-06
    vertex -56.51844787597656 -24.218212127685547 1.999992847442627
    vertex -58.36577606201172 -22.76043701171875 1.999992847442627
  endloop
endfacet
facet normal 0.0 0.0 0.0
  outer loop
    vertex -56.51844787597656 -24.218212127685547 -6.67572021484375e-06
    vertex -58.36577606201172 -22.76043701171875 1.999992847442627
    vertex -58.36577606201172 -22.76043701171875 -6.67572021484375e-06
  endloop
endfacet
facet normal 0.0 0.0 0.0
  outer loop
    vertex -58.36577606201172 -22.76043701171875 -6.67572021484375e-06
    vertex -58.36577606201172 -22.76043701171875 1.999992847442627
    vertex -60.09305191040039 -21.162242889404297 1.9999923706054688
  endloop
endfacet
facet normal 0.0 0.0 0.0
  outer loop
    vertex -58.36577606201172 -22.76043701171875 -6.67572021484375e-06
    vertex -60.09305191040039 -21.162242889404297 1.9999923706054688
    vertex -60.09305191040039 -21.162242889404297 -7.152557373046875e-06
  endloop
endfacet
facet normal 0.0 0.0 0.0
  outer loop
    vertex -60.09305191040039 -21.162242889404297 -7.152557373046875e-06
    vertex -60.09305191040039 -21.162242889404297 1.9999923706054688
    vertex -61.68963623046875 -19.433483123779297 1.9999923706054688
  endloop
endfacet
facet normal 0.0 0.0 0.0
  outer loop
    vertex -60.09305191040039 -21.162242889404297 -7.152557373046875e-06
    vertex -61.68963623046875 -19.433483123779297 1.9999923706054688
    vertex -61.68963623046875 -19.433483123779297 -7.152557373046875e-06
  endloop
endfacet
facet normal 0.0 0.0 0.0
  outer loop
    vertex -61.68963623046875 -19.433483123779297 -7.152557373046875e-06
    vertex -61.68963623046875 -19.433483123779297 1.9999923706054688
    vertex -63.14569854736328 -17.58480453491211 1.9999918937683105
  endloop
endfacet
facet normal 0.0 0.0 0.0
  outer loop
    vertex -61.68963623046875 -19.433483123779297 -7.152557373046875e-06
    vertex -63.14569854736328 -17.58480453491211 1.9999918937683105
    vertex -63.14569854736328 -17.58480453491211 -7.62939453125e-06
  endloop
endfacet
facet normal 0.0 0.0 0.0
  outer loop
    vertex -63.14569854736328 -17.58480453491211 -7.62939453125e-06
    vertex -63.14569854736328 -17.58480453491211 1.9999918937683105
    vertex -64.4522476196289 -15.627605438232422 1.9999918937683105
  endloop
endfacet
facet normal 0.0 0.0 0.0
  outer loop
    vertex -63.14569854736328 -17.58480453491211 -7.62939453125e-06
    vertex -64.4522476196289 -15.627605438232422 1.9999918937683105
    vertex -64.4522476196289 -15.627605438232422 -7.62939453125e-06
  endloop
endfacet
facet normal 0.0 0.0 0.0
  outer loop
    vertex -64.4522476196289 -15.627605438232422 -7.62939453125e-06
    vertex -64.4522476196289 -15.627605438232422 1.9999918937683105
    vertex -65.60124969482422 -13.573945999145508 1.9999918937683105
  endloop
endfacet
facet normal 0.0 0.0 0.0
  outer loop
    vertex -64.4522476196289 -15.627605438232422 -7.62939453125e-06
    vertex -65.60124969482422 -13.573945999145508 1.9999918937683105
    vertex -65.60124969482422 -13.573945999145508 -7.62939453125e-06
  endloop
endfacet
facet normal 0.0 0.0 0.0
  outer loop
    vertex -65.60124969482422 -13.573945999145508 -7.62939453125e-06
    vertex -65.60124969482422 -13.573945999145508 1.9999918937683105
    vertex -66.58560943603516 -11.436483383178711 1.9999914169311523
  endloop
endfacet
facet normal 0.0 0.0 0.0
  outer loop
    vertex -65.60124969482422 -13.573945999145508 -7.62939453125e-06
    vertex -66.58560943603516 -11.436483383178711 1.9999914169311523
    vertex -66.58560943603516 -11.436483383178711 -8.106231689453125e-06
  endloop
endfacet
facet normal 0.0 0.0 0.0
  outer loop
    vertex -66.58560943603516 -11.436483383178711 -8.106231689453125e-06
    vertex -66.58560943603516 -11.436483383178711 1.9999914169311523
    vertex -67.39926147460938 -9.22839069366455 1.9999914169311523
  endloop
endfacet
facet normal 0.0 0.0 0.0
  outer loop
    vertex -66.58560943603516 -11.436483383178711 -8.106231689453125e-06
    vertex -67.39926147460938 -9.22839069366455 1.9999914169311523
    vertex -67.39926147460938 -9.22839069366455 -8.106231689453125e-06
  endloop
endfacet
facet normal 0.0 0.0 0.0
  outer loop
    vertex -67.39926147460938 -9.22839069366455 -8.106231689453125e-06
    vertex -67.39926147460938 -9.22839069366455 1.9999914169311523
    vertex -68.03720092773438 -6.963276386260986 1.9999914169311523
  endloop
endfacet
facet normal 0.0 0.0 0.0
  outer loop
    vertex -67.39926147460938 -9.22839069366455 -8.106231689453125e-06
    vertex -68.03720092773438 -6.963276386260986 1.9999914169311523
    vertex -68.03720092773438 -6.963276386260986 -8.106231689453125e-06
  endloop
endfacet
facet normal 0.0 0.0 0.0
  outer loop
    vertex -68.03720092773438 -6.963276386260986 -8.106231689453125e-06
    vertex -68.03720092773438 -6.963276386260986 1.9999914169311523
    vertex -68.49549102783203 -4.655098915100098 1.9999914169311523
  endloop
endfacet
facet normal 0.0 0.0 0.0
  outer loop
    vertex -68.03720092773438 -6.963276386260986 -8.106231689453125e-06
    vertex -68.49549102783203 -4.655098915100098 1.9999914169311523
    vertex -68.49549102783203 -4.655098915100098 -8.106231689453125e-06
  endloop
endfacet
facet normal 0.0 0.0 0.0
  outer loop
    vertex -68.49549102783203 -4.655098915100098 -8.106231689453125e-06
    vertex -68.49549102783203 -4.655098915100098 1.9999914169311523
    vertex -68.77130889892578 -2.318084716796875 1.9999914169311523
  endloop
endfacet
facet normal 0.0 0.0 0.0
  outer loop
    vertex -68.49549102783203 -4.655098915100098 -8.106231689453125e-06
    vertex -68.77130889892578 -2.318084716796875 1.9999914169311523
    vertex -68.77130889892578 -2.318084716796875 -8.106231689453125e-06
  endloop
endfacet
facet normal 0.0 0.0 0.0
  outer loop
    vertex -68.77130889892578 -2.318084716796875 -8.106231689453125e-06
    vertex -68.77130889892578 -2.318084716796875 1.9999914169311523
    vertex -68.86294555664062 0.03336435556411743 1.9999914169311523
  endloop
endfacet
facet normal 0.0 0.0 0.0
  outer loop
    vertex -68.77130889892578 -2.318084716796875 -8.106231689453125e-06
    vertex -68.86294555664062 0.03336435556411743 1.9999914169311523
    vertex -68.86294555664062 0.03336435556411743 -8.106231689453125e-06
  endloop
endfacet
facet normal 0.0 0.0 0.0
  outer loop
    vertex -68.86294555664062 0.03336435556411743 -8.106231689453125e-06
    vertex -68.86294555664062 0.03336435556411743 1.9999914169311523
    vertex -68.76985168457031 2.384756088256836 1.9999914169311523
  endloop
endfacet
facet normal 0.0 0.0 0.0
  outer loop
    vertex -68.86294555664062 0.03336435556411743 -8.106231689453125e-06
    vertex -68.76985168457031 2.384756088256836 1.9999914169311523
    vertex -68.76985168457031 2.384756088256836 -8.106231689453125e-06
  endloop
endfacet
facet normal 0.0 0.0 0.0
  outer loop
    vertex -68.76985168457031 2.384756088256836 -8.106231689453125e-06
    vertex -68.76985168457031 2.384756088256836 1.9999914169311523
    vertex -68.49258422851562 4.721599102020264 1.9999914169311523
  endloop
endfacet
facet normal 0.0 0.0 0.0
  outer loop
    vertex -68.76985168457031 2.384756088256836 -8.106231689453125e-06
    vertex -68.49258422851562 4.721599102020264 1.9999914169311523
    vertex -68.49258422851562 4.721599102020264 -8.106231689453125e-06
  endloop
endfacet
facet normal 0.0 0.0 0.0
  outer loop
    vertex -68.49258422851562 4.721599102020264 -8.106231689453125e-06
    vertex -68.49258422851562 4.721599102020264 1.9999914169311523
    vertex -68.03286743164062 7.029491901397705 1.9999914169311523
  endloop
endfacet
facet normal 0.0 0.0 0.0
  outer loop
    vertex -68.49258422851562 4.721599102020264 -8.106231689453125e-06
    vertex -68.03286743164062 7.029491901397705 1.9999914169311523
    vertex -68.03286743164062 7.029491901397705 -8.106231689453125e-06
  endloop
endfacet
facet normal 0.0 0.0 0.0
  outer loop
    vertex -68.03286743164062 7.029491901397705 -8.106231689453125e-06
    vertex -68.03286743164062 7.029491901397705 1.9999914169311523
    vertex -67.39352416992188 9.294211387634277 1.9999914169311523
  endloop
endfacet
facet normal 0.0 0.0 0.0
  outer loop
    vertex -68.03286743164062 7.029491901397705 -8.106231689453125e-06
    vertex -67.39352416992188 9.294211387634277 1.9999914169311523
    vertex -67.39352416992188 9.294211387634277 -8.106231689453125e-06
  endloop
endfacet
facet normal 0.0 0.0 0.0
  outer loop
    vertex -67.39352416992188 9.294211387634277 -8.106231689453125e-06
    vertex -67.39352416992188 9.294211387634277 1.9999914169311523
    vertex -66.57849884033203 11.501799583435059 1.9999914169311523
  endloop
endfacet
facet normal 0.0 0.0 0.0
  outer loop
    vertex -67.39352416992188 9.294211387634277 -8.106231689453125e-06
    vertex -66.57849884033203 11.501799583435059 1.9999914169311523
    vertex -66.57849884033203 11.501799583435059 -8.106231689453125e-06
  endloop
endfacet
facet normal 0.0 0.0 0.0
  outer loop
    vertex -66.57849884033203 11.501799583435059 -8.106231689453125e-06
    vertex -66.57849884033203 11.501799583435059 1.9999914169311523
    vertex -65.59281921386719 13.638651847839355 1.9999918937683105
  endloop
endfacet
facet normal 0.0 0.0 0.0
  outer loop
    vertex -66.57849884033203 11.501799583435059 -8.106231689453125e-06
    vertex -65.59281921386719 13.638651847839355 1.9999918937683105
    vertex -65.59281921386719 13.638651847839355 -7.62939453125e-06
  endloop
endfacet
facet normal 0.0 0.0 0.0
  outer loop
    vertex -65.59281921386719 13.638651847839355 -7.62939453125e-06
    vertex -65.59281921386719 13.638651847839355 1.9999918937683105
    vertex -64.44255065917969 15.691598892211914 1.9999918937683105
  endloop
endfacet
facet normal 0.0 0.0 0.0
  outer loop
    vertex -65.59281921386719 13.638651847839355 -7.62939453125e-06
    vertex -64.44255065917969 15.691598892211914 1.9999918937683105
    vertex -64.44255065917969 15.691598892211914 -7.62939453125e-06
  endloop
endfacet
facet normal 0.0 0.0 0.0
  outer loop
    vertex -64.44255065917969 15.691598892211914 -7.62939453125e-06
    vertex -64.44255065917969 15.691598892211914 1.9999918937683105
    vertex -63.13478088378906 17.647987365722656 1.9999918937683105
  endloop
endfacet
facet normal 0.0 0.0 0.0
  outer loop
    vertex -64.44255065917969 15.691598892211914 -7.62939453125e-06
    vertex -63.13478088378906 17.647987365722656 1.9999918937683105
    vertex -63.13478088378906 17.647987365722656 -7.62939453125e-06
  endloop
endfacet
facet normal 0.0 0.0 0.0
  outer loop
    vertex -63.13478088378906 17.647987365722656 -7.62939453125e-06
    vertex -63.13478088378906 17.647987365722656 1.9999918937683105
    vertex -61.677581787109375 19.49576187133789 1.9999923706054688
  endloop
endfacet
facet normal 0.0 0.0 0.0
  outer loop
    vertex -63.13478088378906 17.647987365722656 -7.62939453125e-06
    vertex -61.677581787109375 19.49576187133789 1.9999923706054688
    vertex -61.677581787109375 19.49576187133789 -7.152557373046875e-06
  endloop
endfacet
facet normal 0.0 0.0 0.0
  outer loop
    vertex -61.677581787109375 19.49576187133789 -7.152557373046875e-06
    vertex -61.677581787109375 19.49576187133789 1.9999923706054688
    vertex -60.079925537109375 21.22353744506836 1.9999923706054688
  endloop
endfacet
facet normal 0.0 0.0 0.0
  outer loop
    vertex -61.677581787109375 19.49576187133789 -7.152557373046875e-06
    vertex -60.079925537109375 21.22353744506836 1.9999923706054688
    vertex -60.079925537109375 21.22353744506836 -7.152557373046875e-06
  endloop
endfacet
facet normal 0.0 0.0 0.0
  outer loop
    vertex -60.079925537109375 21.22353744506836 -7.152557373046875e-06
    vertex -60.079925537109375 21.22353744506836 1.9999923706054688
    vertex -58.351654052734375 22.820659637451172 1.999992847442627
  endloop
endfacet
facet normal 0.0 0.0 0.0
  outer loop
    vertex -60.079925537109375 21.22353744506836 -7.152557373046875e-06
    vertex -58.351654052734375 22.820659637451172 1.999992847442627
    vertex -58.351654052734375 22.820659637451172 -6.67572021484375e-06
  endloop
endfacet
facet normal 0.0 0.0 0.0
  outer loop
    vertex -58.351654052734375 22.820659637451172 -6.67572021484375e-06
    vertex -58.351654052734375 22.820659637451172 1.999992847442627
    vertex -56.5034294128418 24.277286529541016 1.999992847442627
  endloop
endfacet
facet normal 0.0 0.0 0.0
  outer loop
    vertex -58.351654052734375 22.820659637451172 -6.67572021484375e-06
    vertex -56.5034294128418 24.277286529541016 1.999992847442627
    vertex -56.5034294128418 24.277286529541016 -6.67572021484375e-06
  endloop
endfacet
facet normal 0.0 0.0 0.0
  outer loop
    vertex -56.5034294128418 24.277286529541016 -6.67572021484375e-06
    vertex -56.5034294128418 24.277286529541016 1.999992847442627
    vertex -54.546634674072266 25.584449768066406 1.9999933242797852
  endloop
endfacet
facet normal 0.0 0.0 0.0
  outer loop
    vertex -56.5034294128418 24.277286529541016 -6.67572021484375e-06
    vertex -54.546634674072266 25.584449768066406 1.9999933242797852
    vertex -54.546634674072266 25.584449768066406 -6.198883056640625e-06
  endloop
endfacet
facet normal 0.0 0.0 0.0
  outer loop
    vertex -54.546634674072266 25.584449768066406 -6.198883056640625e-06
    vertex -54.546634674072266 25.584449768066406 1.9999933242797852
    vertex -52.49333190917969 26.734081268310547 1.9999933242797852
  endloop
endfacet
facet normal 0.0 0.0 0.0
  outer loop
    vertex -54.546634674072266 25.584449768066406 -6.198883056640625e-06
    vertex -52.49333190917969 26.734081268310547 1.9999933242797852
    vertex -52.49333190917969 26.734081268310547 -6.198883056640625e-06
  endloop
endfacet
facet normal 0.0 0.0 0.0
  outer loop
    vertex -52.49333190917969 26.734081268310547 -6.198883056640625e-06
    vertex -52.49333190917969 26.734081268310547 1.9999933242797852
    vertex -50.35617446899414 27.719104766845703 1.9999938011169434
  endloop
endfacet
facet normal 0.0 0.0 0.0
  outer loop
    vertex -52.49333190917969 26.734081268310547 -6.198883056640625e-06
    vertex -50.35617446899414 27.719104766845703 1.9999938011169434
    vertex -50.35617446899414 27.719104766845703 -5.7220458984375e-06
  endloop
endfacet
facet normal 0.0 0.0 0.0
  outer loop
    vertex -50.35617446899414 27.719104766845703 -5.7220458984375e-06
    vertex -50.35617446899414 27.719104766845703 1.9999938011169434
    vertex -48.14833450317383 28.533443450927734 1.9999942779541016
  endloop
endfacet
facet normal 0.0 0.0 0.0
  outer loop
    vertex -50.35617446899414 27.719104766845703 -5.7220458984375e-06
    vertex -48.14833450317383 28.533443450927734 1.9999942779541016
    vertex -48.14833450317383 28.533443450927734 -5.245208740234375e-06
  endloop
endfacet
facet normal 0.0 0.0 0.0
  outer loop
    vertex -48.14833450317383 28.533443450927734 -5.245208740234375e-06
    vertex -48.14833450317383 28.533443450927734 1.9999942779541016
    vertex -45.883419036865234 29.17208480834961 1.9999942779541016
  endloop
endfacet
facet normal 0.0 0.0 0.0
  outer loop
    vertex -48.14833450317383 28.533443450927734 -5.245208740234375e-06
    vertex -45.883419036865234 29.17208480834961 1.9999942779541016
    vertex -45.883419036865234 29.17208480834961 -5.245208740234375e-06
  endloop
endfacet
facet normal 0.0 0.0 0.0
  outer loop
    vertex -45.883419036865234 29.17208480834961 -5.245208740234375e-06
    vertex -45.883419036865234 29.17208480834961 1.9999942779541016
    vertex -43.57538604736328 29.631088256835938 1.9999947547912598
  endloop
endfacet
facet normal 0.0 0.0 0.0
  outer loop
    vertex -45.883419036865234 29.17208480834961 -5.245208740234375e-06
    vertex -43.57538604736328 29.631088256835938 1.9999947547912598
    vertex -43.57538604736328 29.631088256835938 -4.76837158203125e-06
  endloop
endfacet
facet normal 0.0 0.0 0.0
  outer loop
    vertex -43.57538604736328 29.631088256835938 -4.76837158203125e-06
    vertex -43.57538604736328 29.631088256835938 1.9999947547912598
    vertex -41.23845672607422 29.90762710571289 1.9999947547912598
  endloop
endfacet
facet normal 0.0 0.0 0.0
  outer loop
    vertex -43.57538604736328 29.631088256835938 -4.76837158203125e-06
    vertex -41.23845672607422 29.90762710571289 1.9999947547912598
    vertex -41.23845672607422 29.90762710571289 -4.76837158203125e-06
  endloop
endfacet
facet normal 0.0 0.0 0.0
  outer loop
    vertex -41.23845672607422 29.90762710571289 -4.76837158203125e-06
    vertex -41.23845672607422 29.90762710571289 1.9999947547912598
    vertex -38.88703536987305 29.999996185302734 1.999995231628418
  endloop
endfacet
facet normal 0.0 0.0 0.0
  outer loop
    vertex -41.23845672607422 29.90762710571289 -4.76837158203125e-06
    vertex -38.88703536987305 29.999996185302734 1.999995231628418
    vertex -38.88703536987305 29.999996185302734 -4.291534423828125e-06
  endloop
endfacet
facet normal 0.0 0.0 0.0
  outer loop
    vertex 38.8443717956543 -29.999996185302734 2.0000057220458984
    vertex -38.90560531616211 -29.951831817626953 1.999995231628418
    vertex 38.8443717956543 -29.999996185302734 6.198883056640625e-06
  endloop
endfacet
facet normal 0.0 0.0 0.0
  outer loop
    vertex 38.8443717956543 -29.999996185302734 6.198883056640625e-06
    vertex -38.90560531616211 -29.951831817626953 1.999995231628418
    vertex -38.90560531616211 -29.951831817626953 -4.291534423828125e-06
  endloop
endfacet
facet normal 0.0 0.0 0.0
  outer loop
    vertex 38.86295700073242 29.999996185302734 2.0000057220458984
    vertex 41.21718978881836 29.90747833251953 2.0000059604644775
    vertex 38.86295700073242 29.999996185302734 6.198883056640625e-06
  endloop
endfacet
facet normal 0.0 0.0 0.0
  outer loop
    vertex 38.86295700073242 29.999996185302734 6.198883056640625e-06
    vertex 41.21718978881836 29.90747833251953 2.0000059604644775
    vertex 41.21718978881836 29.90747833251953 6.67572021484375e-06
  endloop
endfacet
facet normal 0.0 0.0 0.0
  outer loop
    vertex 41.21718978881836 29.90747833251953 6.67572021484375e-06
    vertex 41.21718978881836 29.90747833251953 2.0000059604644775
    vertex 43.55690383911133 29.63050079345703 2.0000061988830566
  endloop
endfacet
facet normal 0.0 0.0 0.0
  outer loop
    vertex 41.21718978881836 29.90747833251953 6.67572021484375e-06
    vertex 43.55690383911133 29.63050079345703 2.0000061988830566
    vertex 43.55690383911133 29.63050079345703 6.67572021484375e-06
  endloop
endfacet
facet normal 0.0 0.0 0.0
  outer loop
    vertex 43.55690383911133 29.63050079345703 6.67572021484375e-06
    vertex 43.55690383911133 29.63050079345703 2.0000061988830566
    vertex 45.867671966552734 29.17076873779297 2.000006675720215
  endloop
endfacet
facet normal 0.0 0.0 0.0
  outer loop
    vertex 43.55690383911133 29.63050079345703 6.67572021484375e-06
    vertex 45.867671966552734 29.17076873779297 2.000006675720215
    vertex 45.867671966552734 29.17076873779297 7.152557373046875e-06
  endloop
endfacet
facet normal 0.0 0.0 0.0
  outer loop
    vertex 45.867671966552734 29.17076873779297 7.152557373046875e-06
    vertex 45.867671966552734 29.17076873779297 2.000006675720215
    vertex 48.135223388671875 28.531116485595703 2.000006914138794
  endloop
endfacet
facet normal 0.0 0.0 0.0
  outer loop
    vertex 45.867671966552734 29.17076873779297 7.152557373046875e-06
    vertex 48.135223388671875 28.531116485595703 2.000006914138794
    vertex 48.135223388671875 28.531116485595703 7.152557373046875e-06
  endloop
endfacet
facet normal 0.0 0.0 0.0
  outer loop
    vertex 48.135223388671875 28.531116485595703 7.152557373046875e-06
    vertex 48.135223388671875 28.531116485595703 2.000006914138794
    vertex 50.34559631347656 27.715492248535156 2.000007152557373
  endloop
endfacet
facet normal 0.0 0.0 0.0
  outer loop
    vertex 48.135223388671875 28.531116485595703 7.152557373046875e-06
    vertex 50.34559631347656 27.715492248535156 2.000007152557373
    vertex 50.34559631347656 27.715492248535156 7.62939453125e-06
  endloop
endfacet
facet normal 0.0 0.0 0.0
  outer loop
    vertex 50.34559631347656 27.715492248535156 7.62939453125e-06
    vertex 50.34559631347656 27.715492248535156 2.000007152557373
    vertex 52.485145568847656 26.728927612304688 2.000007390975952
  endloop
endfacet
facet normal 0.0 0.0 0.0
  outer loop
    vertex 50.34559631347656 27.715492248535156 7.62939453125e-06
    vertex 52.485145568847656 26.728927612304688 2.000007390975952
    vertex 52.485145568847656 26.728927612304688 8.106231689453125e-06
  endloop
endfacet
facet normal 0.0 0.0 0.0
  outer loop
    vertex 52.485145568847656 26.728927612304688 8.106231689453125e-06
    vertex 52.485145568847656 26.728927612304688 2.000007390975952
    vertex 54.540679931640625 25.577503204345703 2.0000076293945312
  endloop
endfacet
facet normal 0.0 0.0 0.0
  outer loop
    vertex 52.485145568847656 26.728927612304688 8.106231689453125e-06
    vertex 54.540679931640625 25.577503204345703 2.0000076293945312
    vertex 54.540679931640625 25.577503204345703 8.106231689453125e-06
  endloop
endfacet
facet normal 0.0 0.0 0.0
  outer loop
    vertex 54.540679931640625 25.577503204345703 8.106231689453125e-06
    vertex 54.540679931640625 25.577503204345703 2.0000076293945312
    vertex 56.49951171875 24.268321990966797 2.0000081062316895
  endloop
endfacet
facet normal 0.0 0.0 0.0
  outer loop
    vertex 54.540679931640625 25.577503204345703 8.106231689453125e-06
    vertex 56.49951171875 24.268321990966797 2.0000081062316895
    vertex 56.49951171875 24.268321990966797 8.58306884765625e-06
  endloop
endfacet
facet normal 0.0 0.0 0.0
  outer loop
    vertex 56.49951171875 24.268321990966797 8.58306884765625e-06
    vertex 56.49951171875 24.268321990966797 2.0000081062316895
    vertex 58.349571228027344 22.809459686279297 2.0000083446502686
  endloop
endfacet
facet normal 0.0 0.0 0.0
  outer loop
    vertex 56.49951171875 24.268321990966797 8.58306884765625e-06
    vertex 58.349571228027344 22.809459686279297 2.0000083446502686
    vertex 58.349571228027344 22.809459686279297 8.58306884765625e-06
  endloop
endfacet
facet normal 0.0 0.0 0.0
  outer loop
    vertex 58.349571228027344 22.809459686279297 8.58306884765625e-06
    vertex 58.349571228027344 22.809459686279297 2.0000083446502686
    vertex 60.079437255859375 21.209915161132812 2.0000085830688477
  endloop
endfacet
facet normal 0.0 0.0 0.0
  outer loop
    vertex 58.349571228027344 22.809459686279297 8.58306884765625e-06
    vertex 60.079437255859375 21.209915161132812 2.0000085830688477
    vertex 60.079437255859375 21.209915161132812 9.059906005859375e-06
  endloop
endfacet
facet normal 0.0 0.0 0.0
  outer loop
    vertex 60.079437255859375 21.209915161132812 9.059906005859375e-06
    vertex 60.079437255859375 21.209915161132812 2.0000085830688477
    vertex 61.678443908691406 19.479549407958984 2.0000085830688477
  endloop
endfacet
facet normal 0.0 0.0 0.0
  outer loop
    vertex 60.079437255859375 21.209915161132812 9.059906005859375e-06
    vertex 61.678443908691406 19.479549407958984 2.0000085830688477
    vertex 61.678443908691406 19.479549407958984 9.059906005859375e-06
  endloop
endfacet
facet normal 0.0 0.0 0.0
  outer loop
    vertex 61.678443908691406 19.479549407958984 9.059906005859375e-06
    vertex 61.678443908691406 19.479549407958984 2.0000085830688477
    vertex 63.13673400878906 17.629043579101562 2.0000088214874268
  endloop
endfacet
facet normal 0.0 0.0 0.0
  outer loop
    vertex 61.678443908691406 19.479549407958984 9.059906005859375e-06
    vertex 63.13673400878906 17.629043579101562 2.0000088214874268
    vertex 63.13673400878906 17.629043579101562 9.5367431640625e-06
  endloop
endfacet
facet normal 0.0 0.0 0.0
  outer loop
    vertex 63.13673400878906 17.629043579101562 9.5367431640625e-06
    vertex 63.13673400878906 17.629043579101562 2.0000088214874268
    vertex 64.4453125 15.66980266571045 2.000009059906006
  endloop
endfacet
facet normal 0.0 0.0 0.0
  outer loop
    vertex 63.13673400878906 17.629043579101562 9.5367431640625e-06
    vertex 64.4453125 15.66980266571045 2.000009059906006
    vertex 64.4453125 15.66980266571045 9.5367431640625e-06
  endloop
endfacet
facet normal 0.0 0.0 0.0
  outer loop
    vertex 64.4453125 15.66980266571045 9.5367431640625e-06
    vertex 64.4453125 15.66980266571045 2.000009059906006
    vertex 65.59609985351562 13.61391544342041 2.000009298324585
  endloop
endfacet
facet normal 0.0 0.0 0.0
  outer loop
    vertex 64.4453125 15.66980266571045 9.5367431640625e-06
    vertex 65.59609985351562 13.61391544342041 2.000009298324585
    vertex 65.59609985351562 13.61391544342041 9.5367431640625e-06
  endloop
endfacet
facet normal 0.0 0.0 0.0
  outer loop
    vertex 65.59609985351562 13.61391544342041 9.5367431640625e-06
    vertex 65.59609985351562 13.61391544342041 2.000009298324585
    vertex 66.58200073242188 11.47406005859375 2.000009298324585
  endloop
endfacet
facet normal 0.0 0.0 0.0
  outer loop
    vertex 65.59609985351562 13.61391544342041 9.5367431640625e-06
    vertex 66.58200073242188 11.47406005859375 2.000009298324585
    vertex 66.58200073242188 11.47406005859375 1.0013580322265625e-05
  endloop
endfacet
facet normal 0.0 0.0 0.0
  outer loop
    vertex 66.58200073242188 11.47406005859375 1.0013580322265625e-05
    vertex 66.58200073242188 11.47406005859375 2.000009298324585
    vertex 67.39694213867188 9.263435363769531 2.000009536743164
  endloop
endfacet
facet normal 0.0 0.0 0.0
  outer loop
    vertex 66.58200073242188 11.47406005859375 1.0013580322265625e-05
    vertex 67.39694213867188 9.263435363769531 2.000009536743164
    vertex 67.39694213867188 9.263435363769531 1.0013580322265625e-05
  endloop
endfacet
facet normal 0.0 0.0 0.0
  outer loop
    vertex 67.39694213867188 9.263435363769531 1.0013580322265625e-05
    vertex 67.39694213867188 9.263435363769531 2.000009536743164
    vertex 68.035888671875 6.995676517486572 2.000009536743164
  endloop
endfacet
facet normal 0.0 0.0 0.0
  outer loop
    vertex 67.39694213867188 9.263435363769531 1.0013580322265625e-05
    vertex 68.035888671875 6.995676517486572 2.000009536743164
    vertex 68.035888671875 6.995676517486572 1.0013580322265625e-05
  endloop
endfacet
facet normal 0.0 0.0 0.0
  outer loop
    vertex 68.035888671875 6.995676517486572 1.0013580322265625e-05
    vertex 68.035888671875 6.995676517486572 2.000009536743164
    vertex 68.49490356445312 4.684769630432129 2.000009536743164
  endloop
endfacet
facet normal 0.0 0.0 0.0
  outer loop
    vertex 68.035888671875 6.995676517486572 1.0013580322265625e-05
    vertex 68.49490356445312 4.684769630432129 2.000009536743164
    vertex 68.49490356445312 4.684769630432129 1.0013580322265625e-05
  endloop
endfacet
facet normal 0.0 0.0 0.0
  outer loop
    vertex 68.49490356445312 4.684769630432129 1.0013580322265625e-05
    vertex 68.49490356445312 4.684769630432129 2.000009536743164
    vertex 68.77116394042969 2.344968318939209 2.000009536743164
  endloop
endfacet
facet normal 0.0 0.0 0.0
  outer loop
    vertex 68.49490356445312 4.684769630432129 1.0013580322265625e-05
    vertex 68.77116394042969 2.344968318939209 2.000009536743164
    vertex 68.77116394042969 2.344968318939209 1.0013580322265625e-05
  endloop
endfacet
facet normal 0.0 0.0 0.0
  outer loop
    vertex 68.77116394042969 2.344968318939209 1.0013580322265625e-05
    vertex 68.77116394042969 2.344968318939209 2.000009536743164
    vertex 68.86294555664062 -0.009296216070652008 2.000009536743164
  endloop
endfacet
facet normal 0.0 0.0 0.0
  outer loop
    vertex 68.77116394042969 2.344968318939209 1.0013580322265625e-05
    vertex 68.86294555664062 -0.009296216070652008 2.000009536743164
    vertex 68.86294555664062 -0.009296216070652008 1.0013580322265625e-05
  endloop
endfacet
facet normal 0.0 0.0 0.0
  outer loop
    vertex 68.86294555664062 -0.009296216070652008 1.0013580322265625e-05
    vertex 68.86294555664062 -0.009296216070652008 2.000009536743164
    vertex 68.76969909667969 -2.3635034561157227 2.000009536743164
  endloop
endfacet
facet normal 0.0 0.0 0.0
  outer loop
    vertex 68.86294555664062 -0.009296216070652008 1.0013580322265625e-05
    vertex 68.76969909667969 -2.3635034561157227 2.000009536743164
    vertex 68.76969909667969 -2.3635034561157227 1.0013580322265625e-05
  endloop
endfacet
facet normal 0.0 0.0 0.0
  outer loop
    vertex 68.76969909667969 -2.3635034561157227 1.0013580322265625e-05
    vertex 68.76969909667969 -2.3635034561157227 2.000009536743164
    vertex 68.49199676513672 -4.7031331062316895 2.000009536743164
  endloop
endfacet
facet normal 0.0 0.0 0.0
  outer loop
    vertex 68.76969909667969 -2.3635034561157227 1.0013580322265625e-05
    vertex 68.49199676513672 -4.7031331062316895 2.000009536743164
    vertex 68.49199676513672 -4.7031331062316895 1.0013580322265625e-05
  endloop
endfacet
facet normal 0.0 0.0 0.0
  outer loop
    vertex 68.49199676513672 -4.7031331062316895 1.0013580322265625e-05
    vertex 68.49199676513672 -4.7031331062316895 2.000009536743164
    vertex 68.03154754638672 -7.0137553215026855 2.000009536743164
  endloop
endfacet
facet normal 0.0 0.0 0.0
  outer loop
    vertex 68.49199676513672 -4.7031331062316895 1.0013580322265625e-05
    vertex 68.03154754638672 -7.0137553215026855 2.000009536743164
    vertex 68.03154754638672 -7.0137553215026855 1.0013580322265625e-05
  endloop
endfacet
facet normal 0.0 0.0 0.0
  outer loop
    vertex 68.03154754638672 -7.0137553215026855 1.0013580322265625e-05
    vertex 68.03154754638672 -7.0137553215026855 2.000009536743164
    vertex 67.39119720458984 -9.281118392944336 2.000009536743164
  endloop
endfacet
facet normal 0.0 0.0 0.0
  outer loop
    vertex 68.03154754638672 -7.0137553215026855 1.0013580322265625e-05
    vertex 67.39119720458984 -9.281118392944336 2.000009536743164
    vertex 67.39119720458984 -9.281118392944336 1.0013580322265625e-05
  endloop
endfacet
facet normal 0.0 0.0 0.0
  outer loop
    vertex 67.39119720458984 -9.281118392944336 1.0013580322265625e-05
    vertex 67.39119720458984 -9.281118392944336 2.000009536743164
    vertex 66.57489013671875 -11.49123764038086 2.000009298324585
  endloop
endfacet
facet normal 0.0 0.0 0.0
  outer loop
    vertex 67.39119720458984 -9.281118392944336 1.0013580322265625e-05
    vertex 66.57489013671875 -11.49123764038086 2.000009298324585
    vertex 66.57489013671875 -11.49123764038086 1.0013580322265625e-05
  endloop
endfacet
facet normal 0.0 0.0 0.0
  outer loop
    vertex 66.57489013671875 -11.49123764038086 1.0013580322265625e-05
    vertex 66.57489013671875 -11.49123764038086 2.000009298324585
    vertex 65.58766174316406 -13.630480766296387 2.000009298324585
  endloop
endfacet
facet normal 0.0 0.0 0.0
  outer loop
    vertex 66.57489013671875 -11.49123764038086 1.0013580322265625e-05
    vertex 65.58766174316406 -13.630480766296387 2.000009298324585
    vertex 65.58766174316406 -13.630480766296387 9.5367431640625e-06
  endloop
endfacet
facet normal 0.0 0.0 0.0
  outer loop
    vertex 65.58766174316406 -13.630480766296387 9.5367431640625e-06
    vertex 65.58766174316406 -13.630480766296387 2.000009298324585
    vertex 64.43560028076172 -15.68565559387207 2.000009059906006
  endloop
endfacet
facet normal 0.0 0.0 0.0
  outer loop
    vertex 65.58766174316406 -13.630480766296387 9.5367431640625e-06
    vertex 64.43560028076172 -15.68565559387207 2.000009059906006
    vertex 64.43560028076172 -15.68565559387207 9.5367431640625e-06
  endloop
endfacet
facet normal 0.0 0.0 0.0
  outer loop
    vertex 64.43560028076172 -15.68565559387207 9.5367431640625e-06
    vertex 64.43560028076172 -15.68565559387207 2.000009059906006
    vertex 63.12580871582031 -17.644084930419922 2.0000088214874268
  endloop
endfacet
facet normal 0.0 0.0 0.0
  outer loop
    vertex 64.43560028076172 -15.68565559387207 9.5367431640625e-06
    vertex 63.12580871582031 -17.644084930419922 2.0000088214874268
    vertex 63.12580871582031 -17.644084930419922 9.5367431640625e-06
  endloop
endfacet
facet normal 0.0 0.0 0.0
  outer loop
    vertex 63.12580871582031 -17.644084930419922 9.5367431640625e-06
    vertex 63.12580871582031 -17.644084930419922 2.0000088214874268
    vertex 61.66637420654297 -19.493690490722656 2.0000085830688477
  endloop
endfacet
facet normal 0.0 0.0 0.0
  outer loop
    vertex 63.12580871582031 -17.644084930419922 9.5367431640625e-06
    vertex 61.66637420654297 -19.493690490722656 2.0000085830688477
    vertex 61.66637420654297 -19.493690490722656 9.059906005859375e-06
  endloop
endfacet
facet normal 0.0 0.0 0.0
  outer loop
    vertex 61.66637420654297 -19.493690490722656 9.059906005859375e-06
    vertex 61.66637420654297 -19.493690490722656 2.0000085830688477
    vertex 60.06629180908203 -21.223060607910156 2.0000085830688477
  endloop
endfacet
facet normal 0.0 0.0 0.0
  outer loop
    vertex 61.66637420654297 -19.493690490722656 9.059906005859375e-06
    vertex 60.06629180908203 -21.223060607910156 2.0000085830688477
    vertex 60.06629180908203 -21.223060607910156 9.059906005859375e-06
  endloop
endfacet
facet normal 0.0 0.0 0.0
  outer loop
    vertex 60.06629180908203 -21.223060607910156 9.059906005859375e-06
    vertex 60.06629180908203 -21.223060607910156 2.0000085830688477
    vertex 58.33543395996094 -22.821533203125 2.0000083446502686
  endloop
endfacet
facet normal 0.0 0.0 0.0
  outer loop
    vertex 60.06629180908203 -21.223060607910156 9.059906005859375e-06
    vertex 58.33543395996094 -22.821533203125 2.0000083446502686
    vertex 58.33543395996094 -22.821533203125 8.58306884765625e-06
  endloop
endfacet
facet normal 0.0 0.0 0.0
  outer loop
    vertex 58.33543395996094 -22.821533203125 8.58306884765625e-06
    vertex 58.33543395996094 -22.821533203125 2.0000083446502686
    vertex 56.484474182128906 -24.279251098632812 2.0000081062316895
  endloop
endfacet
facet normal 0.0 0.0 0.0
  outer loop
    vertex 58.33543395996094 -22.821533203125 8.58306884765625e-06
    vertex 56.484474182128906 -24.279251098632812 2.0000081062316895
    vertex 56.484474182128906 -24.279251098632812 8.58306884765625e-06
  endloop
endfacet
facet normal 0.0 0.0 0.0
  outer loop
    vertex 56.484474182128906 -24.279251098632812 8.58306884765625e-06
    vertex 56.484474182128906 -24.279251098632812 2.0000081062316895
    vertex 54.52483367919922 -25.587215423583984 2.0000076293945312
  endloop
endfacet
facet normal 0.0 0.0 0.0
  outer loop
    vertex 56.484474182128906 -24.279251098632812 8.58306884765625e-06
    vertex 54.52483367919922 -25.587215423583984 2.0000076293945312
    vertex 54.52483367919922 -25.587215423583984 8.106231689453125e-06
  endloop
endfacet
facet normal 0.0 0.0 0.0
  outer loop
    vertex 54.52483367919922 -25.587215423583984 8.106231689453125e-06
    vertex 54.52483367919922 -25.587215423583984 2.0000076293945312
    vertex 52.468589782714844 -26.73736572265625 2.000007390975952
  endloop
endfacet
facet normal 0.0 0.0 0.0
  outer loop
    vertex 54.52483367919922 -25.587215423583984 8.106231689453125e-06
    vertex 52.468589782714844 -26.73736572265625 2.000007390975952
    vertex 52.468589782714844 -26.73736572265625 8.106231689453125e-06
  endloop
endfacet
facet normal 0.0 0.0 0.0
  outer loop
    vertex 52.468589782714844 -26.73736572265625 8.106231689453125e-06
    vertex 52.468589782714844 -26.73736572265625 2.000007390975952
    vertex 50.32843017578125 -27.722610473632812 2.000007152557373
  endloop
endfacet
facet normal 0.0 0.0 0.0
  outer loop
    vertex 52.468589782714844 -26.73736572265625 8.106231689453125e-06
    vertex 50.32843017578125 -27.722610473632812 2.000007152557373
    vertex 50.32843017578125 -27.722610473632812 7.62939453125e-06
  endloop
endfacet
facet normal 0.0 0.0 0.0
  outer loop
    vertex 50.32843017578125 -27.722610473632812 7.62939453125e-06
    vertex 50.32843017578125 -27.722610473632812 2.000007152557373
    vertex 48.1175537109375 -28.536865234375 2.000006914138794
  endloop
endfacet
facet normal 0.0 0.0 0.0
  outer loop
    vertex 50.32843017578125 -27.722610473632812 7.62939453125e-06
    vertex 48.1175537109375 -28.536865234375 2.000006914138794
    vertex 48.1175537109375 -28.536865234375 7.152557373046875e-06
  endloop
endfacet
facet normal 0.0 0.0 0.0
  outer loop
    vertex 48.1175537109375 -28.536865234375 7.152557373046875e-06
    vertex 48.1175537109375 -28.536865234375 2.000006914138794
    vertex 45.8495979309082 -29.17510986328125 2.000006675720215
  endloop
endfacet
facet normal 0.0 0.0 0.0
  outer loop
    vertex 48.1175537109375 -28.536865234375 7.152557373046875e-06
    vertex 45.8495979309082 -29.17510986328125 2.000006675720215
    vertex 45.8495979309082 -29.17510986328125 7.152557373046875e-06
  endloop
endfacet
facet normal 0.0 0.0 0.0
  outer loop
    vertex 45.8495979309082 -29.17510986328125 7.152557373046875e-06
    vertex 45.8495979309082 -29.17510986328125 2.000006675720215
    vertex 43.53854751586914 -29.633411407470703 2.0000061988830566
  endloop
endfacet
facet normal 0.0 0.0 0.0
  outer loop
    vertex 45.8495979309082 -29.17510986328125 7.152557373046875e-06
    vertex 43.53854751586914 -29.633411407470703 2.0000061988830566
    vertex 43.53854751586914 -29.633411407470703 6.67572021484375e-06
  endloop
endfacet
facet normal 0.0 0.0 0.0
  outer loop
    vertex 43.53854751586914 -29.633411407470703 6.67572021484375e-06
    vertex 43.53854751586914 -29.633411407470703 2.0000061988830566
    vertex 41.19865798950195 -29.908939361572266 2.0000059604644775
  endloop
endfacet
facet normal 0.0 0.0 0.0
  outer loop
    vertex 43.53854751586914 -29.633411407470703 6.67572021484375e-06
    vertex 41.19865798950195 -29.908939361572266 2.0000059604644775
    vertex 41.19865798950195 -29.908939361572266 6.198883056640625e-06
  endloop
endfacet
facet normal 0.0 0.0 0.0
  outer loop
    vertex 41.19865798950195 -29.908939361572266 6.198883056640625e-06
    vertex 41.19865798950195 -29.908939361572266 2.0000059604644775
    vertex 38.8443717956543 -29.999996185302734 2.0000057220458984
  endloop
endfacet
facet normal 0.0 0.0 0.0
  outer loop
    vertex 41.19865798950195 -29.908939361572266 6.198883056640625e-06
    vertex 38.8443717956543 -29.999996185302734 2.0000057220458984
    vertex 38.8443717956543 -29.999996185302734 6.198883056640625e-06
  endloop
endfacet
facet normal 0.0 0.0 0.0
  outer loop
    vertex 4.900700092315674 10.958293914794922 2.0000011920928955
    vertex 4.900700569152832 10.958293914794922 1.430511474609375e-06
    vertex 4.991058826446533 10.01203727722168 2.0000011920928955
  endloop
endfacet
facet normal 0.0 0.0 0.0
  outer loop
    vertex 4.991058826446533 10.01203727722168 2.0000011920928955
    vertex 4.900700569152832 10.958293914794922 1.430511474609375e-06
    vertex 4.991059303283691 10.01203727722168 1.430511474609375e-06
  endloop
endfacet
facet normal 0.0 0.0 0.0
  outer loop
    vertex 4.991058826446533 10.01203727722168 2.0000011920928955
    vertex 4.991059303283691 10.01203727722168 1.430511474609375e-06
    vertex 4.900700092315674 9.065780639648438 2.0000011920928955
  endloop
endfacet
facet normal 0.0 0.0 0.0
  outer loop
    vertex 4.900700092315674 9.065780639648438 2.0000011920928955
    vertex 4.991059303283691 10.01203727722168 1.430511474609375e-06
    vertex 4.900700569152832 9.065780639648438 1.430511474609375e-06
  endloop
endfacet
facet normal 0.0 0.0 0.0
  outer loop
    vertex 4.900700092315674 9.065780639648438 2.0000011920928955
    vertex 4.900700569152832 9.065780639648438 1.430511474609375e-06
    vertex 4.632896900177002 8.153724670410156 2.0000011920928955
  endloop
endfacet
facet normal 0.0 0.0 0.0
  outer loop
    vertex 4.632896900177002 8.153724670410156 2.0000011920928955
    vertex 4.900700569152832 9.065780639648438 1.430511474609375e-06
    vertex 4.63289737701416 8.153724670410156 1.430511474609375e-06
  endloop
endfacet
facet normal 0.0 0.0 0.0
  outer loop
    vertex 4.632896900177002 8.153724670410156 2.0000011920928955
    vertex 4.63289737701416 8.153724670410156 1.430511474609375e-06
    vertex 4.197323322296143 7.308833122253418 2.0000009536743164
  endloop
endfacet
facet normal 0.0 0.0 0.0
  outer loop
    vertex 4.197323322296143 7.308833122253418 2.0000009536743164
    vertex 4.63289737701416 8.153724670410156 1.430511474609375e-06
    vertex 4.197323799133301 7.308833122253418 1.430511474609375e-06
  endloop
endfacet
facet normal 0.0 0.0 0.0
  outer loop
    vertex 4.197323322296143 7.308833122253418 2.0000009536743164
    vertex 4.197323799133301 7.308833122253418 1.430511474609375e-06
    vertex 3.609726667404175 6.561642169952393 2.0000009536743164
  endloop
endfacet
facet normal 0.0 0.0 0.0
  outer loop
    vertex 3.609726667404175 6.561642169952393 2.0000009536743164
    vertex 4.197323799133301 7.308833122253418 1.430511474609375e-06
    vertex 3.609726905822754 6.561642169952393 1.430511474609375e-06
  endloop
endfacet
facet normal 0.0 0.0 0.0
  outer loop
    vertex 3.609726667404175 6.561642169952393 2.0000009536743164
    vertex 3.609726905822754 6.561642169952393 1.430511474609375e-06
    vertex 2.891343116760254 5.939157485961914 2.0000009536743164
  endloop
endfacet
facet normal 0.0 0.0 0.0
  outer loop
    vertex 2.891343116760254 5.939157485961914 2.0000009536743164
    vertex 3.609726905822754 6.561642169952393 1.430511474609375e-06
    vertex 2.891343355178833 5.939157485961914 1.430511474609375e-06
  endloop
endfacet
facet normal 0.0 0.0 0.0
  outer loop
    vertex 2.891343116760254 5.939157485961914 2.0000009536743164
    vertex 2.891343355178833 5.939157485961914 1.430511474609375e-06
    vertex 2.068131446838379 5.463877201080322 2.0000007152557373
  endloop
endfacet
facet normal 0.0 0.0 0.0
  outer loop
    vertex 2.068131446838379 5.463877201080322 2.0000007152557373
    vertex 2.891343355178833 5.939157485961914 1.430511474609375e-06
    vertex 2.068131685256958 5.463877201080322 1.430511474609375e-06
  endloop
endfacet
facet normal 0.0 0.0 0.0
  outer loop
    vertex 2.068131446838379 5.463877201080322 2.0000007152557373
    vertex 2.068131685256958 5.463877201080322 1.430511474609375e-06
    vertex 1.169850468635559 5.152979373931885 2.0000007152557373
  endloop
endfacet
facet normal 0.0 0.0 0.0
  outer loop
    vertex 1.169850468635559 5.152979373931885 2.0000007152557373
    vertex 2.068131685256958 5.463877201080322 1.430511474609375e-06
    vertex 1.1698508262634277 5.152979373931885 9.5367431640625e-07
  endloop
endfacet
facet normal 0.0 0.0 0.0
  outer loop
    vertex 1.169850468635559 5.152979373931885 2.0000007152557373
    vertex 1.1698508262634277 5.152979373931885 9.5367431640625e-07
    vertex 0.22896695137023926 5.017700672149658 2.000000476837158
  endloop
endfacet
facet normal 0.0 0.0 0.0
  outer loop
    vertex 0.22896695137023926 5.017700672149658 2.000000476837158
    vertex 1.1698508262634277 5.152979373931885 9.5367431640625e-07
    vertex 0.22896721959114075 5.017700672149658 9.5367431640625e-07
  endloop
endfacet
facet normal 0.0 0.0 0.0
  outer loop
    vertex 0.22896695137023926 5.017700672149658 2.000000476837158
    vertex 0.22896721959114075 5.017700672149658 9.5367431640625e-07
    vertex -0.7205149531364441 5.062930107116699 2.000000476837158
  endloop
endfacet
facet normal 0.0 0.0 0.0
  outer loop
    vertex -0.7205149531364441 5.062930107116699 2.000000476837158
    vertex 0.22896721959114075 5.017700672149658 9.5367431640625e-07
    vertex -0.720514714717865 5.062930107116699 9.5367431640625e-07
  endloop
endfacet
facet normal 0.0 0.0 0.0
  outer loop
    vertex -0.7205149531364441 5.062930107116699 2.000000476837158
    vertex -0.720514714717865 5.062930107116699 9.5367431640625e-07
    vertex -1.6442818641662598 5.2870330810546875 2.000000238418579
  endloop
endfacet
facet normal 0.0 0.0 0.0
  outer loop
    vertex -1.6442818641662598 5.2870330810546875 2.000000238418579
    vertex -0.720514714717865 5.062930107116699 9.5367431640625e-07
    vertex -1.6442815065383911 5.2870330810546875 9.5367431640625e-07
  endloop
endfacet
facet normal 0.0 0.0 0.0
  outer loop
    vertex -1.6442818641662598 5.2870330810546875 2.000000238418579
    vertex -1.6442815065383911 5.2870330810546875 9.5367431640625e-07
    vertex -2.5089402198791504 5.681910514831543 2.000000238418579
  endloop
endfacet
facet normal 0.0 0.0 0.0
  outer loop
    vertex -2.5089402198791504 5.681910514831543 2.000000238418579
    vertex -1.6442815065383911 5.2870330810546875 9.5367431640625e-07
    vertex -2.5089399814605713 5.681910514831543 4.76837158203125e-07
  endloop
endfacet
facet normal 0.0 0.0 0.0
  outer loop
    vertex -2.5089402198791504 5.681910514831543 2.000000238418579
    vertex -2.5089399814605713 5.681910514831543 4.76837158203125e-07
    vertex -3.283247232437134 6.2332892417907715 2.0
  endloop
endfacet
facet normal 0.0 0.0 0.0
  outer loop
    vertex -3.283247232437134 6.2332892417907715 2.0
    vertex -2.5089399814605713 5.681910514831543 4.76837158203125e-07
    vertex -3.2832469940185547 6.2332892417907715 4.76837158203125e-07
  endloop
endfacet
facet normal 0.0 0.0 0.0
  outer loop
    vertex -3.283247232437134 6.2332892417907715 2.0
    vertex -3.2832469940185547 6.2332892417907715 4.76837158203125e-07
    vertex -3.9392073154449463 6.9212422370910645 2.0
  endloop
endfacet
facet normal 0.0 0.0 0.0
  outer loop
    vertex -3.9392073154449463 6.9212422370910645 2.0
    vertex -3.2832469940185547 6.2332892417907715 4.76837158203125e-07
    vertex -3.939207077026367 6.9212422370910645 4.76837158203125e-07
  endloop
endfacet
facet normal 0.0 0.0 0.0
  outer loop
    vertex -3.9392073154449463 6.9212422370910645 2.0
    vertex -3.939207077026367 6.9212422370910645 4.76837158203125e-07
    vertex -4.45311975479126 7.72090482711792 2.0
  endloop
endfacet
facet normal 0.0 0.0 0.0
  outer loop
    vertex -4.45311975479126 7.72090482711792 2.0
    vertex -3.939207077026367 6.9212422370910645 4.76837158203125e-07
    vertex -4.453119277954102 7.72090482711792 4.76837158203125e-07
  endloop
endfacet
facet normal 0.0 0.0 0.0
  outer loop
    vertex -4.45311975479126 7.72090482711792 2.0
    vertex -4.453119277954102 7.72090482711792 4.76837158203125e-07
    vertex -4.806406497955322 8.603374481201172 2.0
  endloop
endfacet
facet normal 0.0 0.0 0.0
  outer loop
    vertex -4.806406497955322 8.603374481201172 2.0
    vertex -4.453119277954102 7.72090482711792 4.76837158203125e-07
    vertex -4.806406021118164 8.603374481201172 4.76837158203125e-07
  endloop
endfacet
facet normal 0.0 0.0 0.0
  outer loop
    vertex -4.806406497955322 8.603374481201172 2.0
    vertex -4.806406021118164 8.603374481201172 4.76837158203125e-07
    vertex -4.986299991607666 9.536757469177246 2.0
  endloop
endfacet
facet normal 0.0 0.0 0.0
  outer loop
    vertex -4.986299991607666 9.536757469177246 2.0
    vertex -4.806406021118164 8.603374481201172 4.76837158203125e-07
    vertex -4.986299514770508 9.536757469177246 4.76837158203125e-07
  endloop
endfacet
facet normal 0.0 0.0 0.0
  outer loop
    vertex -4.986299991607666 9.536757469177246 2.0
    vertex -4.986299514770508 9.536757469177246 4.76837158203125e-07
    vertex -4.986299991607666 10.487317085266113 2.0
  endloop
endfacet
facet normal 0.0 0.0 0.0
  outer loop
    vertex -4.986299991607666 10.487317085266113 2.0
    vertex -4.986299514770508 9.536757469177246 4.76837158203125e-07
    vertex -4.986299514770508 10.487317085266113 4.76837158203125e-07
  endloop
endfacet
facet normal 0.0 0.0 0.0
  outer loop
    vertex -4.986299991607666 10.487317085266113 2.0
    vertex -4.986299514770508 10.487317085266113 4.76837158203125e-07
    vertex -4.806406497955322 11.420700073242188 2.0
  endloop
endfacet
facet normal 0.0 0.0 0.0
  outer loop
    vertex -4.806406497955322 11.420700073242188 2.0
    vertex -4.986299514770508 10.487317085266113 4.76837158203125e-07
    vertex -4.806406021118164 11.420700073242188 4.76837158203125e-07
  endloop
endfacet
facet normal 0.0 0.0 0.0
  outer loop
    vertex -4.806406497955322 11.420700073242188 2.0
    vertex -4.806406021118164 11.420700073242188 4.76837158203125e-07
    vertex -4.45311975479126 12.303170204162598 2.0
  endloop
endfacet
facet normal 0.0 0.0 0.0
  outer loop
    vertex -4.45311975479126 12.303170204162598 2.0
    vertex -4.806406021118164 11.420700073242188 4.76837158203125e-07
    vertex -4.453119277954102 12.303170204162598 4.76837158203125e-07
  endloop
endfacet
facet normal 0.0 0.0 0.0
  outer loop
    vertex -4.45311975479126 12.303170204162598 2.0
    vertex -4.453119277954102 12.303170204162598 4.76837158203125e-07
    vertex -3.9392073154449463 13.102831840515137 2.0
  endloop
endfacet
facet normal 0.0 0.0 0.0
  outer loop
    vertex -3.9392073154449463 13.102831840515137 2.0
    vertex -4.453119277954102 12.303170204162598 4.76837158203125e-07
    vertex -3.939207077026367 13.102831840515137 4.76837158203125e-07
  endloop
endfacet
facet normal 0.0 0.0 0.0
  outer loop
    vertex -3.9392073154449463 13.102831840515137 2.0
    vertex -3.939207077026367 13.102831840515137 4.76837158203125e-07
    vertex -3.283247232437134 13.79078483581543 2.0
  endloop
endfacet
facet normal 0.0 0.0 0.0
  outer loop
    vertex -3.283247232437134 13.79078483581543 2.0
    vertex -3.939207077026367 13.102831840515137 4.76837158203125e-07
    vertex -3.2832469940185547 13.79078483581543 4.76837158203125e-07
  endloop
endfacet
facet normal 0.0 0.0 0.0
  outer loop
    vertex -3.283247232437134 13.79078483581543 2.0
    vertex -3.2832469940185547 13.79078483581543 4.76837158203125e-07
    vertex -2.5089402198791504 14.342164039611816 2.000000238418579
  endloop
endfacet
facet normal 0.0 0.0 0.0
  outer loop
    vertex -2.5089402198791504 14.342164039611816 2.000000238418579
    vertex -3.2832469940185547 13.79078483581543 4.76837158203125e-07
    vertex -2.5089399814605713 14.342164039611816 4.76837158203125e-07
  endloop
endfacet
facet normal 0.0 0.0 0.0
  outer loop
    vertex -2.5089402198791504 14.342164039611816 2.000000238418579
    vertex -2.5089399814605713 14.342164039611816 4.76837158203125e-07
    vertex -1.6442818641662598 14.737041473388672 2.000000238418579
  endloop
endfacet
facet normal 0.0 0.0 0.0
  outer loop
    vertex -1.6442818641662598 14.737041473388672 2.000000238418579
    vertex -2.5089399814605713 14.342164039611816 4.76837158203125e-07
    vertex -1.6442815065383911 14.737041473388672 9.5367431640625e-07
  endloop
endfacet
facet normal 0.0 0.0 0.0
  outer loop
    vertex -1.6442818641662598 14.737041473388672 2.000000238418579
    vertex -1.6442815065383911 14.737041473388672 9.5367431640625e-07
    vertex -0.7205149531364441 14.96114444732666 2.000000476837158
  endloop
endfacet
facet normal 0.0 0.0 0.0
  outer loop
    vertex -0.7205149531364441 14.96114444732666 2.000000476837158
    vertex -1.6442815065383911 14.737041473388672 9.5367431640625e-07
    vertex -0.720514714717865 14.96114444732666 9.5367431640625e-07
  endloop
endfacet
facet normal 0.0 0.0 0.0
  outer loop
    vertex -0.7205149531364441 14.96114444732666 2.000000476837158
    vertex -0.720514714717865 14.96114444732666 9.5367431640625e-07
    vertex 0.22896695137023926 15.00637435913086 2.000000476837158
  endloop
endfacet
facet normal 0.0 0.0 0.0
  outer loop
    vertex 0.22896695137023926 15.00637435913086 2.000000476837158
    vertex -0.720514714717865 14.96114444732666 9.5367431640625e-07
    vertex 0.22896721959114075 15.00637435913086 9.5367431640625e-07
  endloop
endfacet
facet normal 0.0 0.0 0.0
  outer loop
    vertex 0.22896695137023926 15.00637435913086 2.000000476837158
    vertex 0.22896721959114075 15.00637435913086 9.5367431640625e-07
    vertex 1.169850468635559 14.871094703674316 2.0000007152557373
  endloop
endfacet
facet normal 0.0 0.0 0.0
  outer loop
    vertex 1.169850468635559 14.871094703674316 2.0000007152557373
    vertex 0.22896721959114075 15.00637435913086 9.5367431640625e-07
    vertex 1.1698508262634277 14.871094703674316 9.5367431640625e-07
  endloop
endfacet
facet normal 0.0 0.0 0.0
  outer loop
    vertex 1.169850468635559 14.871094703674316 2.0000007152557373
    vertex 1.1698508262634277 14.871094703674316 9.5367431640625e-07
    vertex 2.068131446838379 14.560196876525879 2.0000007152557373
  endloop
endfacet
facet normal 0.0 0.0 0.0
  outer loop
    vertex 2.068131446838379 14.560196876525879 2.0000007152557373
    vertex 1.1698508262634277 14.871094703674316 9.5367431640625e-07
    vertex 2.068131685256958 14.560196876525879 1.430511474609375e-06
  endloop
endfacet
facet normal 0.0 0.0 0.0
  outer loop
    vertex 2.068131446838379 14.560196876525879 2.0000007152557373
    vertex 2.068131685256958 14.560196876525879 1.430511474609375e-06
    vertex 2.891343116760254 14.084917068481445 2.0000009536743164
  endloop
endfacet
facet normal 0.0 0.0 0.0
  outer loop
    vertex 2.891343116760254 14.084917068481445 2.0000009536743164
    vertex 2.068131685256958 14.560196876525879 1.430511474609375e-06
    vertex 2.891343355178833 14.084917068481445 1.430511474609375e-06
  endloop
endfacet
facet normal 0.0 0.0 0.0
  outer loop
    vertex 2.891343116760254 14.084917068481445 2.0000009536743164
    vertex 2.891343355178833 14.084917068481445 1.430511474609375e-06
    vertex 3.609726667404175 13.462431907653809 2.0000009536743164
  endloop
endfacet
facet normal 0.0 0.0 0.0
  outer loop
    vertex 3.609726667404175 13.462431907653809 2.0000009536743164
    vertex 2.891343355178833 14.084917068481445 1.430511474609375e-06
    vertex 3.609726905822754 13.462431907653809 1.430511474609375e-06
  endloop
endfacet
facet normal 0.0 0.0 0.0
  outer loop
    vertex 3.609726667404175 13.462431907653809 2.0000009536743164
    vertex 3.609726905822754 13.462431907653809 1.430511474609375e-06
    vertex 4.197323322296143 12.715241432189941 2.0000009536743164
  endloop
endfacet
facet normal 0.0 0.0 0.0
  outer loop
    vertex 4.197323322296143 12.715241432189941 2.0000009536743164
    vertex 3.609726905822754 13.462431907653809 1.430511474609375e-06
    vertex 4.197323799133301 12.715241432189941 1.430511474609375e-06
  endloop
endfacet
facet normal 0.0 0.0 0.0
  outer loop
    vertex 4.197323322296143 12.715241432189941 2.0000009536743164
    vertex 4.197323799133301 12.715241432189941 1.430511474609375e-06
    vertex 4.632896900177002 11.870349884033203 2.0000011920928955
  endloop
endfacet
facet normal 0.0 0.0 0.0
  outer loop
    vertex 4.632896900177002 11.870349884033203 2.0000011920928955
    vertex 4.197323799133301 12.715241432189941 1.430511474609375e-06
    vertex 4.63289737701416 11.870349884033203 1.430511474609375e-06
  endloop
endfacet
facet normal 0.0 0.0 0.0
  outer loop
    vertex 4.632896900177002 11.870349884033203 2.0000011920928955
    vertex 4.63289737701416 11.870349884033203 1.430511474609375e-06
    vertex 4.900700092315674 10.958293914794922 2.0000011920928955
  endloop
endfacet
facet normal 0.0 0.0 0.0
  outer loop
    vertex 4.900700092315674 10.958293914794922 2.0000011920928955
    vertex 4.63289737701416 11.870349884033203 1.430511474609375e-06
    vertex 4.900700569152832 10.958293914794922 1.430511474609375e-06
  endloop
endfacet
facet normal 0.0 0.0 0.0
  outer loop
    vertex -5.07049036026001 -21.072162628173828 1.0
    vertex -4.104563236236572 -21.330982208251953 2.0
    vertex -5.019381046295166 -20.68393325805664 1.0
  endloop
endfacet
facet normal 0.0 0.0 0.0
  outer loop
    vertex -5.019381046295166 -20.68393325805664 1.0
    vertex -4.104563236236572 -21.330982208251953 2.0
    vertex -4.019381046295166 -20.68393325805664 2.0
  endloop
endfacet
facet normal 0.0 0.0 0.0
  outer loop
    vertex -5.019381046295166 -20.68393325805664 1.0
    vertex -4.019381046295166 -20.68393325805664 2.0
    vertex -5.07049036026001 -20.295703887939453 1.0
  endloop
endfacet
facet normal 0.0 0.0 0.0
  outer loop
    vertex -5.07049036026001 -20.295703887939453 1.0
    vertex -4.019381046295166 -20.68393325805664 2.0
    vertex -4.104563236236572 -20.036888122558594 2.0
  endloop
endfacet
facet normal 0.0 0.0 0.0
  outer loop
    vertex -5.07049036026001 -20.295703887939453 1.0
    vertex -4.104563236236572 -20.036888122558594 2.0
    vertex -5.220343112945557 -19.93393325805664 1.0
  endloop
endfacet
facet normal 0.0 0.0 0.0
  outer loop
    vertex -5.220343112945557 -19.93393325805664 1.0
    vertex -4.104563236236572 -20.036888122558594 2.0
    vertex -4.354315280914307 -19.43393325805664 2.0
  endloop
endfacet
facet normal 0.0 0.0 0.0
  outer loop
    vertex -5.220343112945557 -19.93393325805664 1.0
    vertex -4.354315280914307 -19.43393325805664 2.0
    vertex -5.458719730377197 -19.623275756835938 0.9999995231628418
  endloop
endfacet
facet normal 0.0 0.0 0.0
  outer loop
    vertex -5.458719730377197 -19.623275756835938 0.9999995231628418
    vertex -4.354315280914307 -19.43393325805664 2.0
    vertex -4.751612186431885 -18.916168212890625 2.0
  endloop
endfacet
facet normal 0.0 0.0 0.0
  outer loop
    vertex -5.458719730377197 -19.623275756835938 0.9999995231628418
    vertex -4.751612186431885 -18.916168212890625 2.0
    vertex -5.769381046295166 -19.38489532470703 0.9999995231628418
  endloop
endfacet
facet normal 0.0 0.0 0.0
  outer loop
    vertex -5.769381046295166 -19.38489532470703 0.9999995231628418
    vertex -4.751612186431885 -18.916168212890625 2.0
    vertex -5.269381046295166 -18.518871307373047 2.0
  endloop
endfacet
facet normal 0.0 0.0 0.0
  outer loop
    vertex -5.769381046295166 -19.38489532470703 0.9999995231628418
    vertex -5.269381046295166 -18.518871307373047 2.0
    vertex -6.13115119934082 -19.23504638671875 0.9999995231628418
  endloop
endfacet
facet normal 0.0 0.0 0.0
  outer loop
    vertex -6.13115119934082 -19.23504638671875 0.9999995231628418
    vertex -5.269381046295166 -18.518871307373047 2.0
    vertex -5.8723320960998535 -18.269119262695312 1.9999995231628418
  endloop
endfacet
facet normal 0.0 0.0 0.0
  outer loop
    vertex -6.13115119934082 -19.23504638671875 0.9999995231628418
    vertex -5.8723320960998535 -18.269119262695312 1.9999995231628418
    vertex -6.519380569458008 -19.18393325805664 0.9999995231628418
  endloop
endfacet
facet normal 0.0 0.0 0.0
  outer loop
    vertex -6.519380569458008 -19.18393325805664 0.9999995231628418
    vertex -5.8723320960998535 -18.269119262695312 1.9999995231628418
    vertex -6.519380569458008 -18.18393325805664 1.9999995231628418
  endloop
endfacet
facet normal 0.0 0.0 0.0
  outer loop
    vertex -6.519380569458008 -19.18393325805664 0.9999995231628418
    vertex -6.519380569458008 -18.18393325805664 1.9999995231628418
    vertex -6.9076080322265625 -19.23504638671875 0.9999995231628418
  endloop
endfacet
facet normal 0.0 0.0 0.0
  outer loop
    vertex -6.9076080322265625 -19.23504638671875 0.9999995231628418
    vertex -6.519380569458008 -18.18393325805664 1.9999995231628418
    vertex -7.166425704956055 -18.269119262695312 1.9999995231628418
  endloop
endfacet
facet normal 0.0 0.0 0.0
  outer loop
    vertex -6.9076080322265625 -19.23504638671875 0.9999995231628418
    vertex -7.166425704956055 -18.269119262695312 1.9999995231628418
    vertex -7.269378662109375 -19.38489532470703 0.9999995231628418
  endloop
endfacet
facet normal 0.0 0.0 0.0
  outer loop
    vertex -7.269378662109375 -19.38489532470703 0.9999995231628418
    vertex -7.166425704956055 -18.269119262695312 1.9999995231628418
    vertex -7.769378662109375 -18.518871307373047 1.9999995231628418
  endloop
endfacet
facet normal 0.0 0.0 0.0
  outer loop
    vertex -7.269378662109375 -19.38489532470703 0.9999995231628418
    vertex -7.769378662109375 -18.518871307373047 1.9999995231628418
    vertex -7.580039978027344 -19.623275756835938 0.9999995231628418
  endloop
endfacet
facet normal 0.0 0.0 0.0
  outer loop
    vertex -7.580039978027344 -19.623275756835938 0.9999995231628418
    vertex -7.769378662109375 -18.518871307373047 1.9999995231628418
    vertex -8.287144660949707 -18.916168212890625 1.9999995231628418
  endloop
endfacet
facet normal 0.0 0.0 0.0
  outer loop
    vertex -7.580039978027344 -19.623275756835938 0.9999995231628418
    vertex -8.287144660949707 -18.916168212890625 1.9999995231628418
    vertex -7.818416595458984 -19.93393325805664 0.9999995231628418
  endloop
endfacet
facet normal 0.0 0.0 0.0
  outer loop
    vertex -7.818416595458984 -19.93393325805664 0.9999995231628418
    vertex -8.287144660949707 -18.916168212890625 1.9999995231628418
    vertex -8.684441566467285 -19.43393325805664 1.9999995231628418
  endloop
endfacet
facet normal 0.0 0.0 0.0
  outer loop
    vertex -7.818416595458984 -19.93393325805664 0.9999995231628418
    vertex -8.684441566467285 -19.43393325805664 1.9999995231628418
    vertex -7.968267440795898 -20.295703887939453 0.9999995231628418
  endloop
endfacet
facet normal 0.0 0.0 0.0
  outer loop
    vertex -7.968267440795898 -20.295703887939453 0.9999995231628418
    vertex -8.684441566467285 -19.43393325805664 1.9999995231628418
    vertex -8.934191703796387 -20.036888122558594 1.9999995231628418
  endloop
endfacet
facet normal 0.0 0.0 0.0
  outer loop
    vertex -7.968267440795898 -20.295703887939453 0.9999995231628418
    vertex -8.934191703796387 -20.036888122558594 1.9999995231628418
    vertex -8.019377708435059 -20.68393325805664 0.9999995231628418
  endloop
endfacet
facet normal 0.0 0.0 0.0
  outer loop
    vertex -8.019377708435059 -20.68393325805664 0.9999995231628418
    vertex -8.934191703796387 -20.036888122558594 1.9999995231628418
    vertex -9.019377708435059 -20.68393325805664 1.9999990463256836
  endloop
endfacet
facet normal 0.0 0.0 0.0
  outer loop
    vertex -8.019377708435059 -20.68393325805664 0.9999995231628418
    vertex -9.019377708435059 -20.68393325805664 1.9999990463256836
    vertex -7.968267440795898 -21.072162628173828 0.9999995231628418
  endloop
endfacet
facet normal 0.0 0.0 0.0
  outer loop
    vertex -7.968267440795898 -21.072162628173828 0.9999995231628418
    vertex -9.019377708435059 -20.68393325805664 1.9999990463256836
    vertex -8.934191703796387 -21.330982208251953 1.9999995231628418
  endloop
endfacet
facet normal 0.0 0.0 0.0
  outer loop
    vertex -7.968267440795898 -21.072162628173828 0.9999995231628418
    vertex -8.934191703796387 -21.330982208251953 1.9999995231628418
    vertex -7.818416595458984 -21.43393325805664 0.9999995231628418
  endloop
endfacet
facet normal 0.0 0.0 0.0
  outer loop
    vertex -7.818416595458984 -21.43393325805664 0.9999995231628418
    vertex -8.934191703796387 -21.330982208251953 1.9999995231628418
    vertex -8.684441566467285 -21.93393325805664 1.9999995231628418
  endloop
endfacet
facet normal 0.0 0.0 0.0
  outer loop
    vertex -7.818416595458984 -21.43393325805664 0.9999995231628418
    vertex -8.684441566467285 -21.93393325805664 1.9999995231628418
    vertex -7.580039978027344 -21.74459457397461 0.9999995231628418
  endloop
endfacet
facet normal 0.0 0.0 0.0
  outer loop
    vertex -7.580039978027344 -21.74459457397461 0.9999995231628418
    vertex -8.684441566467285 -21.93393325805664 1.9999995231628418
    vertex -8.287144660949707 -22.451702117919922 1.9999995231628418
  endloop
endfacet
facet normal 0.0 0.0 0.0
  outer loop
    vertex -7.580039978027344 -21.74459457397461 0.9999995231628418
    vertex -8.287144660949707 -22.451702117919922 1.9999995231628418
    vertex -7.269378662109375 -21.98297119140625 0.9999995231628418
  endloop
endfacet
facet normal 0.0 0.0 0.0
  outer loop
    vertex -7.269378662109375 -21.98297119140625 0.9999995231628418
    vertex -8.287144660949707 -22.451702117919922 1.9999995231628418
    vertex -7.769378662109375 -22.8489990234375 1.9999995231628418
  endloop
endfacet
facet normal 0.0 0.0 0.0
  outer loop
    vertex -7.269378662109375 -21.98297119140625 0.9999995231628418
    vertex -7.769378662109375 -22.8489990234375 1.9999995231628418
    vertex -6.9076080322265625 -22.132823944091797 0.9999995231628418
  endloop
endfacet
facet normal 0.0 0.0 0.0
  outer loop
    vertex -6.9076080322265625 -22.132823944091797 0.9999995231628418
    vertex -7.769378662109375 -22.8489990234375 1.9999995231628418
    vertex -7.166425704956055 -23.09874725341797 1.9999995231628418
  endloop
endfacet
facet normal 0.0 0.0 0.0
  outer loop
    vertex -6.9076080322265625 -22.132823944091797 0.9999995231628418
    vertex -7.166425704956055 -23.09874725341797 1.9999995231628418
    vertex -6.519380569458008 -22.18393325805664 0.9999995231628418
  endloop
endfacet
facet normal 0.0 0.0 0.0
  outer loop
    vertex -6.519380569458008 -22.18393325805664 0.9999995231628418
    vertex -7.166425704956055 -23.09874725341797 1.9999995231628418
    vertex -6.519380569458008 -23.18393325805664 1.9999995231628418
  endloop
endfacet
facet normal 0.0 0.0 0.0
  outer loop
    vertex -6.519380569458008 -22.18393325805664 0.9999995231628418
    vertex -6.519380569458008 -23.18393325805664 1.9999995231628418
    vertex -6.13115119934082 -22.132823944091797 0.9999995231628418
  endloop
endfacet
facet normal 0.0 0.0 0.0
  outer loop
    vertex -6.13115119934082 -22.132823944091797 0.9999995231628418
    vertex -6.519380569458008 -23.18393325805664 1.9999995231628418
    vertex -5.8723320960998535 -23.09874725341797 1.9999995231628418
  endloop
endfacet
facet normal 0.0 0.0 0.0
  outer loop
    vertex -6.13115119934082 -22.132823944091797 0.9999995231628418
    vertex -5.8723320960998535 -23.09874725341797 1.9999995231628418
    vertex -5.769381046295166 -21.98297119140625 0.9999995231628418
  endloop
endfacet
facet normal 0.0 0.0 0.0
  outer loop
    vertex -5.769381046295166 -21.98297119140625 0.9999995231628418
    vertex -5.8723320960998535 -23.09874725341797 1.9999995231628418
    vertex -5.269381046295166 -22.8489990234375 2.0
  endloop
endfacet
facet normal 0.0 0.0 0.0
  outer loop
    vertex -5.769381046295166 -21.98297119140625 0.9999995231628418
    vertex -5.269381046295166 -22.8489990234375 2.0
    vertex -5.458719730377197 -21.74459457397461 0.9999995231628418
  endloop
endfacet
facet normal 0.0 0.0 0.0
  outer loop
    vertex -5.458719730377197 -21.74459457397461 0.9999995231628418
    vertex -5.269381046295166 -22.8489990234375 2.0
    vertex -4.751612186431885 -22.451702117919922 2.0
  endloop
endfacet
facet normal 0.0 0.0 0.0
  outer loop
    vertex -5.458719730377197 -21.74459457397461 0.9999995231628418
    vertex -4.751612186431885 -22.451702117919922 2.0
    vertex -5.220343112945557 -21.43393325805664 1.0
  endloop
endfacet
facet normal 0.0 0.0 0.0
  outer loop
    vertex -5.220343112945557 -21.43393325805664 1.0
    vertex -4.751612186431885 -22.451702117919922 2.0
    vertex -4.354315280914307 -21.93393325805664 2.0
  endloop
endfacet
facet normal 0.0 0.0 0.0
  outer loop
    vertex -5.220343112945557 -21.43393325805664 1.0
    vertex -4.354315280914307 -21.93393325805664 2.0
    vertex -5.07049036026001 -21.072162628173828 1.0
  endloop
endfacet
facet normal 0.0 0.0 0.0
  outer loop
    vertex -5.07049036026001 -21.072162628173828 1.0
    vertex -4.354315280914307 -21.93393325805664 2.0
    vertex -4.104563236236572 -21.330982208251953 2.0
  endloop
endfacet
facet normal 0.0 0.0 0.0
  outer loop
    vertex -5.070489883422852 -21.072162628173828 4.76837158203125e-07
    vertex -5.07049036026001 -21.072162628173828 1.0
    vertex -5.019380569458008 -20.68393325805664 4.76837158203125e-07
  endloop
endfacet
facet normal 0.0 0.0 0.0
  outer loop
    vertex -5.019380569458008 -20.68393325805664 4.76837158203125e-07
    vertex -5.07049036026001 -21.072162628173828 1.0
    vertex -5.019381046295166 -20.68393325805664 1.0
  endloop
endfacet
facet normal 0.0 0.0 0.0
  outer loop
    vertex -5.019380569458008 -20.68393325805664 4.76837158203125e-07
    vertex -5.019381046295166 -20.68393325805664 1.0
    vertex -5.070489883422852 -20.295703887939453 4.76837158203125e-07
  endloop
endfacet
facet normal 0.0 0.0 0.0
  outer loop
    vertex -5.070489883422852 -20.295703887939453 4.76837158203125e-07
    vertex -5.019381046295166 -20.68393325805664 1.0
    vertex -5.07049036026001 -20.295703887939453 1.0
  endloop
endfacet
facet normal 0.0 0.0 0.0
  outer loop
    vertex -5.070489883422852 -20.295703887939453 4.76837158203125e-07
    vertex -5.07049036026001 -20.295703887939453 1.0
    vertex -5.220342636108398 -19.93393325805664 4.76837158203125e-07
  endloop
endfacet
facet normal 0.0 0.0 0.0
  outer loop
    vertex -5.220342636108398 -19.93393325805664 4.76837158203125e-07
    vertex -5.07049036026001 -20.295703887939453 1.0
    vertex -5.220343112945557 -19.93393325805664 1.0
  endloop
endfacet
facet normal 0.0 0.0 0.0
  outer loop
    vertex -5.220342636108398 -19.93393325805664 4.76837158203125e-07
    vertex -5.220343112945557 -19.93393325805664 1.0
    vertex -5.458719253540039 -19.623275756835938 0.0
  endloop
endfacet
facet normal 0.0 0.0 0.0
  outer loop
    vertex -5.458719253540039 -19.623275756835938 0.0
    vertex -5.220343112945557 -19.93393325805664 1.0
    vertex -5.458719730377197 -19.623275756835938 0.9999995231628418
  endloop
endfacet
facet normal 0.0 0.0 0.0
  outer loop
    vertex -5.458719253540039 -19.623275756835938 0.0
    vertex -5.458719730377197 -19.623275756835938 0.9999995231628418
    vertex -5.769380569458008 -19.38489532470703 0.0
  endloop
endfacet
facet normal 0.0 0.0 0.0
  outer loop
    vertex -5.769380569458008 -19.38489532470703 0.0
    vertex -5.458719730377197 -19.623275756835938 0.9999995231628418
    vertex -5.769381046295166 -19.38489532470703 0.9999995231628418
  endloop
endfacet
facet normal 0.0 0.0 0.0
  outer loop
    vertex -5.769380569458008 -19.38489532470703 0.0
    vertex -5.769381046295166 -19.38489532470703 0.9999995231628418
    vertex -6.131150722503662 -19.23504638671875 0.0
  endloop
endfacet
facet normal 0.0 0.0 0.0
  outer loop
    vertex -6.131150722503662 -19.23504638671875 0.0
    vertex -5.769381046295166 -19.38489532470703 0.9999995231628418
    vertex -6.13115119934082 -19.23504638671875 0.9999995231628418
  endloop
endfacet
facet normal 0.0 0.0 0.0
  outer loop
    vertex -6.131150722503662 -19.23504638671875 0.0
    vertex -6.13115119934082 -19.23504638671875 0.9999995231628418
    vertex -6.51938009262085 -19.18393325805664 0.0
  endloop
endfacet
facet normal 0.0 0.0 0.0
  outer loop
    vertex -6.51938009262085 -19.18393325805664 0.0
    vertex -6.13115119934082 -19.23504638671875 0.9999995231628418
    vertex -6.519380569458008 -19.18393325805664 0.9999995231628418
  endloop
endfacet
facet normal 0.0 0.0 0.0
  outer loop
    vertex -6.51938009262085 -19.18393325805664 0.0
    vertex -6.519380569458008 -19.18393325805664 0.9999995231628418
    vertex -6.907607555389404 -19.23504638671875 0.0
  endloop
endfacet
facet normal 0.0 0.0 0.0
  outer loop
    vertex -6.907607555389404 -19.23504638671875 0.0
    vertex -6.519380569458008 -19.18393325805664 0.9999995231628418
    vertex -6.9076080322265625 -19.23504638671875 0.9999995231628418
  endloop
endfacet
facet normal 0.0 0.0 0.0
  outer loop
    vertex -6.907607555389404 -19.23504638671875 0.0
    vertex -6.9076080322265625 -19.23504638671875 0.9999995231628418
    vertex -7.269378185272217 -19.38489532470703 0.0
  endloop
endfacet
facet normal 0.0 0.0 0.0
  outer loop
    vertex -7.269378185272217 -19.38489532470703 0.0
    vertex -6.9076080322265625 -19.23504638671875 0.9999995231628418
    vertex -7.269378662109375 -19.38489532470703 0.9999995231628418
  endloop
endfacet
facet normal 0.0 0.0 0.0
  outer loop
    vertex -7.269378185272217 -19.38489532470703 0.0
    vertex -7.269378662109375 -19.38489532470703 0.9999995231628418
    vertex -7.5800395011901855 -19.623275756835938 0.0
  endloop
endfacet
facet normal 0.0 0.0 0.0
  outer loop
    vertex -7.5800395011901855 -19.623275756835938 0.0
    vertex -7.269378662109375 -19.38489532470703 0.9999995231628418
    vertex -7.580039978027344 -19.623275756835938 0.9999995231628418
  endloop
endfacet
facet normal 0.0 0.0 0.0
  outer loop
    vertex -7.5800395011901855 -19.623275756835938 0.0
    vertex -7.580039978027344 -19.623275756835938 0.9999995231628418
    vertex -7.818416118621826 -19.93393325805664 0.0
  endloop
endfacet
facet normal 0.0 0.0 0.0
  outer loop
    vertex -7.818416118621826 -19.93393325805664 0.0
    vertex -7.580039978027344 -19.623275756835938 0.9999995231628418
    vertex -7.818416595458984 -19.93393325805664 0.9999995231628418
  endloop
endfacet
facet normal 0.0 0.0 0.0
  outer loop
    vertex -7.818416118621826 -19.93393325805664 0.0
    vertex -7.818416595458984 -19.93393325805664 0.9999995231628418
    vertex -7.96826696395874 -20.295703887939453 0.0
  endloop
endfacet
facet normal 0.0 0.0 0.0
  outer loop
    vertex -7.96826696395874 -20.295703887939453 0.0
    vertex -7.818416595458984 -19.93393325805664 0.9999995231628418
    vertex -7.968267440795898 -20.295703887939453 0.9999995231628418
  endloop
endfacet
facet normal 0.0 0.0 0.0
  outer loop
    vertex -7.96826696395874 -20.295703887939453 0.0
    vertex -7.968267440795898 -20.295703887939453 0.9999995231628418
    vertex -8.019377708435059 -20.68393325805664 0.0
  endloop
endfacet
facet normal 0.0 0.0 0.0
  outer loop
    vertex -8.019377708435059 -20.68393325805664 0.0
    vertex -7.968267440795898 -20.295703887939453 0.9999995231628418
    vertex -8.019377708435059 -20.68393325805664 0.9999995231628418
  endloop
endfacet
facet normal 0.0 0.0 0.0
  outer loop
    vertex -8.019377708435059 -20.68393325805664 0.0
    vertex -8.019377708435059 -20.68393325805664 0.9999995231628418
    vertex -7.96826696395874 -21.072162628173828 0.0
  endloop
endfacet
facet normal 0.0 0.0 0.0
  outer loop
    vertex -7.96826696395874 -21.072162628173828 0.0
    vertex -8.019377708435059 -20.68393325805664 0.9999995231628418
    vertex -7.968267440795898 -21.072162628173828 0.9999995231628418
  endloop
endfacet
facet normal 0.0 0.0 0.0
  outer loop
    vertex -7.96826696395874 -21.072162628173828 0.0
    vertex -7.968267440795898 -21.072162628173828 0.9999995231628418
    vertex -7.818416118621826 -21.43393325805664 0.0
  endloop
endfacet
facet normal 0.0 0.0 0.0
  outer loop
    vertex -7.818416118621826 -21.43393325805664 0.0
    vertex -7.968267440795898 -21.072162628173828 0.9999995231628418
    vertex -7.818416595458984 -21.43393325805664 0.9999995231628418
  endloop
endfacet
facet normal 0.0 0.0 0.0
  outer loop
    vertex -7.818416118621826 -21.43393325805664 0.0
    vertex -7.818416595458984 -21.43393325805664 0.9999995231628418
    vertex -7.5800395011901855 -21.74459457397461 0.0
  endloop
endfacet
facet normal 0.0 0.0 0.0
  outer loop
    vertex -7.5800395011901855 -21.74459457397461 0.0
    vertex -7.818416595458984 -21.43393325805664 0.9999995231628418
    vertex -7.580039978027344 -21.74459457397461 0.9999995231628418
  endloop
endfacet
facet normal 0.0 0.0 0.0
  outer loop
    vertex -7.5800395011901855 -21.74459457397461 0.0
    vertex -7.580039978027344 -21.74459457397461 0.9999995231628418
    vertex -7.269378185272217 -21.98297119140625 0.0
  endloop
endfacet
facet normal 0.0 0.0 0.0
  outer loop
    vertex -7.269378185272217 -21.98297119140625 0.0
    vertex -7.580039978027344 -21.74459457397461 0.9999995231628418
    vertex -7.269378662109375 -21.98297119140625 0.9999995231628418
  endloop
endfacet
facet normal 0.0 0.0 0.0
  outer loop
    vertex -7.269378185272217 -21.98297119140625 0.0
    vertex -7.269378662109375 -21.98297119140625 0.9999995231628418
    vertex -6.907607555389404 -22.132823944091797 0.0
  endloop
endfacet
facet normal 0.0 0.0 0.0
  outer loop
    vertex -6.907607555389404 -22.132823944091797 0.0
    vertex -7.269378662109375 -21.98297119140625 0.9999995231628418
    vertex -6.9076080322265625 -22.132823944091797 0.9999995231628418
  endloop
endfacet
facet normal 0.0 0.0 0.0
  outer loop
    vertex -6.907607555389404 -22.132823944091797 0.0
    vertex -6.9076080322265625 -22.132823944091797 0.9999995231628418
    vertex -6.51938009262085 -22.18393325805664 0.0
  endloop
endfacet
facet normal 0.0 0.0 0.0
  outer loop
    vertex -6.51938009262085 -22.18393325805664 0.0
    vertex -6.9076080322265625 -22.132823944091797 0.9999995231628418
    vertex -6.519380569458008 -22.18393325805664 0.9999995231628418
  endloop
endfacet
facet normal 0.0 0.0 0.0
  outer loop
    vertex -6.51938009262085 -22.18393325805664 0.0
    vertex -6.519380569458008 -22.18393325805664 0.9999995231628418
    vertex -6.131150722503662 -22.132823944091797 0.0
  endloop
endfacet
facet normal 0.0 0.0 0.0
  outer loop
    vertex -6.131150722503662 -22.132823944091797 0.0
    vertex -6.519380569458008 -22.18393325805664 0.9999995231628418
    vertex -6.13115119934082 -22.132823944091797 0.9999995231628418
  endloop
endfacet
facet normal 0.0 0.0 0.0
  outer loop
    vertex -6.131150722503662 -22.132823944091797 0.0
    vertex -6.13115119934082 -22.132823944091797 0.9999995231628418
    vertex -5.769380569458008 -21.98297119140625 0.0
  endloop
endfacet
facet normal 0.0 0.0 0.0
  outer loop
    vertex -5.769380569458008 -21.98297119140625 0.0
    vertex -6.13115119934082 -22.132823944091797 0.9999995231628418
    vertex -5.769381046295166 -21.98297119140625 0.9999995231628418
  endloop
endfacet
facet normal 0.0 0.0 0.0
  outer loop
    vertex -5.769380569458008 -21.98297119140625 0.0
    vertex -5.769381046295166 -21.98297119140625 0.9999995231628418
    vertex -5.458719253540039 -21.74459457397461 0.0
  endloop
endfacet
facet normal 0.0 0.0 0.0
  outer loop
    vertex -5.458719253540039 -21.74459457397461 0.0
    vertex -5.769381046295166 -21.98297119140625 0.9999995231628418
    vertex -5.458719730377197 -21.74459457397461 0.9999995231628418
  endloop
endfacet
facet normal 0.0 0.0 0.0
  outer loop
    vertex -5.458719253540039 -21.74459457397461 0.0
    vertex -5.458719730377197 -21.74459457397461 0.9999995231628418
    vertex -5.220342636108398 -21.43393325805664 4.76837158203125e-07
  endloop
endfacet
facet normal 0.0 0.0 0.0
  outer loop
    vertex -5.220342636108398 -21.43393325805664 4.76837158203125e-07
    vertex -5.458719730377197 -21.74459457397461 0.9999995231628418
    vertex -5.220343112945557 -21.43393325805664 1.0
  endloop
endfacet
facet normal 0.0 0.0 0.0
  outer loop
    vertex -5.220342636108398 -21.43393325805664 4.76837158203125e-07
    vertex -5.220343112945557 -21.43393325805664 1.0
    vertex -5.070489883422852 -21.072162628173828 4.76837158203125e-07
  endloop
endfacet
facet normal 0.0 0.0 0.0
  outer loop
    vertex -5.070489883422852 -21.072162628173828 4.76837158203125e-07
    vertex -5.220343112945557 -21.43393325805664 1.0
    vertex -5.07049036026001 -21.072162628173828 1.0
  endloop
endfacet
facet normal 0.0 0.0 0.0
  outer loop
    vertex 7.92950439453125 -21.080215454101562 1.0000014305114746
    vertex 8.895432472229004 -21.339035034179688 2.0000016689300537
    vertex 7.980617523193359 -20.691986083984375 1.0000014305114746
  endloop
endfacet
facet normal 0.0 0.0 0.0
  outer loop
    vertex 7.980617523193359 -20.691986083984375 1.0000014305114746
    vertex 8.895432472229004 -21.339035034179688 2.0000016689300537
    vertex 8.980618476867676 -20.691986083984375 2.0000016689300537
  endloop
endfacet
facet normal 0.0 0.0 0.0
  outer loop
    vertex 7.980617523193359 -20.691986083984375 1.0000014305114746
    vertex 8.980618476867676 -20.691986083984375 2.0000016689300537
    vertex 7.92950439453125 -20.303760528564453 1.0000014305114746
  endloop
endfacet
facet normal 0.0 0.0 0.0
  outer loop
    vertex 7.92950439453125 -20.303760528564453 1.0000014305114746
    vertex 8.980618476867676 -20.691986083984375 2.0000016689300537
    vertex 8.895432472229004 -20.044940948486328 2.0000016689300537
  endloop
endfacet
facet normal 0.0 0.0 0.0
  outer loop
    vertex 7.92950439453125 -20.303760528564453 1.0000014305114746
    vertex 8.895432472229004 -20.044940948486328 2.0000016689300537
    vertex 7.779655456542969 -19.941986083984375 1.0000014305114746
  endloop
endfacet
facet normal 0.0 0.0 0.0
  outer loop
    vertex 7.779655456542969 -19.941986083984375 1.0000014305114746
    vertex 8.895432472229004 -20.044940948486328 2.0000016689300537
    vertex 8.64568042755127 -19.441986083984375 2.0000016689300537
  endloop
endfacet
facet normal 0.0 0.0 0.0
  outer loop
    vertex 7.779655456542969 -19.941986083984375 1.0000014305114746
    vertex 8.64568042755127 -19.441986083984375 2.0000016689300537
    vertex 7.5412750244140625 -19.631328582763672 1.0000014305114746
  endloop
endfacet
facet normal 0.0 0.0 0.0
  outer loop
    vertex 7.5412750244140625 -19.631328582763672 1.0000014305114746
    vertex 8.64568042755127 -19.441986083984375 2.0000016689300537
    vertex 8.248383522033691 -18.92422103881836 2.0000016689300537
  endloop
endfacet
facet normal 0.0 0.0 0.0
  outer loop
    vertex 7.5412750244140625 -19.631328582763672 1.0000014305114746
    vertex 8.248383522033691 -18.92422103881836 2.0000016689300537
    vertex 7.230617523193359 -19.392948150634766 1.0000014305114746
  endloop
endfacet
facet normal 0.0 0.0 0.0
  outer loop
    vertex 7.230617523193359 -19.392948150634766 1.0000014305114746
    vertex 8.248383522033691 -18.92422103881836 2.0000016689300537
    vertex 7.730617523193359 -18.52692413330078 2.0000014305114746
  endloop
endfacet
facet normal 0.0 0.0 0.0
  outer loop
    vertex 7.230617523193359 -19.392948150634766 1.0000014305114746
    vertex 7.730617523193359 -18.52692413330078 2.0000014305114746
    vertex 6.868846893310547 -19.243099212646484 1.0000014305114746
  endloop
endfacet
facet normal 0.0 0.0 0.0
  outer loop
    vertex 6.868846893310547 -19.243099212646484 1.0000014305114746
    vertex 7.730617523193359 -18.52692413330078 2.0000014305114746
    vertex 7.127662658691406 -18.277172088623047 2.0000014305114746
  endloop
endfacet
facet normal 0.0 0.0 0.0
  outer loop
    vertex 6.868846893310547 -19.243099212646484 1.0000014305114746
    vertex 7.127662658691406 -18.277172088623047 2.0000014305114746
    vertex 6.480617523193359 -19.191986083984375 1.0000014305114746
  endloop
endfacet
facet normal 0.0 0.0 0.0
  outer loop
    vertex 6.480617523193359 -19.191986083984375 1.0000014305114746
    vertex 7.127662658691406 -18.277172088623047 2.0000014305114746
    vertex 6.480617523193359 -18.191986083984375 2.0000014305114746
  endloop
endfacet
facet normal 0.0 0.0 0.0
  outer loop
    vertex 6.480617523193359 -19.191986083984375 1.0000014305114746
    vertex 6.480617523193359 -18.191986083984375 2.0000014305114746
    vertex 6.092388153076172 -19.243099212646484 1.0000014305114746
  endloop
endfacet
facet normal 0.0 0.0 0.0
  outer loop
    vertex 6.092388153076172 -19.243099212646484 1.0000014305114746
    vertex 6.480617523193359 -18.191986083984375 2.0000014305114746
    vertex 5.833569049835205 -18.277172088623047 2.0000011920928955
  endloop
endfacet
facet normal 0.0 0.0 0.0
  outer loop
    vertex 6.092388153076172 -19.243099212646484 1.0000014305114746
    vertex 5.833569049835205 -18.277172088623047 2.0000011920928955
    vertex 5.730618000030518 -19.392948150634766 1.0000014305114746
  endloop
endfacet
facet normal 0.0 0.0 0.0
  outer loop
    vertex 5.730618000030518 -19.392948150634766 1.0000014305114746
    vertex 5.833569049835205 -18.277172088623047 2.0000011920928955
    vertex 5.230618000030518 -18.52692413330078 2.0000011920928955
  endloop
endfacet
facet normal 0.0 0.0 0.0
  outer loop
    vertex 5.730618000030518 -19.392948150634766 1.0000014305114746
    vertex 5.230618000030518 -18.52692413330078 2.0000011920928955
    vertex 5.419956684112549 -19.631328582763672 1.0000014305114746
  endloop
endfacet
facet normal 0.0 0.0 0.0
  outer loop
    vertex 5.419956684112549 -19.631328582763672 1.0000014305114746
    vertex 5.230618000030518 -18.52692413330078 2.0000011920928955
    vertex 4.712849140167236 -18.92422103881836 2.0000011920928955
  endloop
endfacet
facet normal 0.0 0.0 0.0
  outer loop
    vertex 5.419956684112549 -19.631328582763672 1.0000014305114746
    vertex 4.712849140167236 -18.92422103881836 2.0000011920928955
    vertex 5.181580066680908 -19.941986083984375 1.0000009536743164
  endloop
endfacet
facet normal 0.0 0.0 0.0
  outer loop
    vertex 5.181580066680908 -19.941986083984375 1.0000009536743164
    vertex 4.712849140167236 -18.92422103881836 2.0000011920928955
    vertex 4.315552234649658 -19.441986083984375 2.0000009536743164
  endloop
endfacet
facet normal 0.0 0.0 0.0
  outer loop
    vertex 5.181580066680908 -19.941986083984375 1.0000009536743164
    vertex 4.315552234649658 -19.441986083984375 2.0000009536743164
    vertex 5.031727313995361 -20.303760528564453 1.0000009536743164
  endloop
endfacet
facet normal 0.0 0.0 0.0
  outer loop
    vertex 5.031727313995361 -20.303760528564453 1.0000009536743164
    vertex 4.315552234649658 -19.441986083984375 2.0000009536743164
    vertex 4.0658040046691895 -20.044940948486328 2.0000009536743164
  endloop
endfacet
facet normal 0.0 0.0 0.0
  outer loop
    vertex 5.031727313995361 -20.303760528564453 1.0000009536743164
    vertex 4.0658040046691895 -20.044940948486328 2.0000009536743164
    vertex 4.980618000030518 -20.691986083984375 1.0000009536743164
  endloop
endfacet
facet normal 0.0 0.0 0.0
  outer loop
    vertex 4.980618000030518 -20.691986083984375 1.0000009536743164
    vertex 4.0658040046691895 -20.044940948486328 2.0000009536743164
    vertex 3.9806182384490967 -20.691986083984375 2.0000009536743164
  endloop
endfacet
facet normal 0.0 0.0 0.0
  outer loop
    vertex 4.980618000030518 -20.691986083984375 1.0000009536743164
    vertex 3.9806182384490967 -20.691986083984375 2.0000009536743164
    vertex 5.031727313995361 -21.080215454101562 1.0000009536743164
  endloop
endfacet
facet normal 0.0 0.0 0.0
  outer loop
    vertex 5.031727313995361 -21.080215454101562 1.0000009536743164
    vertex 3.9806182384490967 -20.691986083984375 2.0000009536743164
    vertex 4.0658040046691895 -21.339035034179688 2.0000009536743164
  endloop
endfacet
facet normal 0.0 0.0 0.0
  outer loop
    vertex 5.031727313995361 -21.080215454101562 1.0000009536743164
    vertex 4.0658040046691895 -21.339035034179688 2.0000009536743164
    vertex 5.181580066680908 -21.441986083984375 1.0000009536743164
  endloop
endfacet
facet normal 0.0 0.0 0.0
  outer loop
    vertex 5.181580066680908 -21.441986083984375 1.0000009536743164
    vertex 4.0658040046691895 -21.339035034179688 2.0000009536743164
    vertex 4.315552234649658 -21.941986083984375 2.0000009536743164
  endloop
endfacet
facet normal 0.0 0.0 0.0
  outer loop
    vertex 5.181580066680908 -21.441986083984375 1.0000009536743164
    vertex 4.315552234649658 -21.941986083984375 2.0000009536743164
    vertex 5.419956684112549 -21.752647399902344 1.0000014305114746
  endloop
endfacet
facet normal 0.0 0.0 0.0
  outer loop
    vertex 5.419956684112549 -21.752647399902344 1.0000014305114746
    vertex 4.315552234649658 -21.941986083984375 2.0000009536743164
    vertex 4.712849140167236 -22.459754943847656 2.0000011920928955
  endloop
endfacet
facet normal 0.0 0.0 0.0
  outer loop
    vertex 5.419956684112549 -21.752647399902344 1.0000014305114746
    vertex 4.712849140167236 -22.459754943847656 2.0000011920928955
    vertex 5.730618000030518 -21.991024017333984 1.0000014305114746
  endloop
endfacet
facet normal 0.0 0.0 0.0
  outer loop
    vertex 5.730618000030518 -21.991024017333984 1.0000014305114746
    vertex 4.712849140167236 -22.459754943847656 2.0000011920928955
    vertex 5.230618000030518 -22.857051849365234 2.0000011920928955
  endloop
endfacet
facet normal 0.0 0.0 0.0
  outer loop
    vertex 5.730618000030518 -21.991024017333984 1.0000014305114746
    vertex 5.230618000030518 -22.857051849365234 2.0000011920928955
    vertex 6.092388153076172 -22.14087677001953 1.0000014305114746
  endloop
endfacet
facet normal 0.0 0.0 0.0
  outer loop
    vertex 6.092388153076172 -22.14087677001953 1.0000014305114746
    vertex 5.230618000030518 -22.857051849365234 2.0000011920928955
    vertex 5.833569049835205 -23.10680389404297 2.0000011920928955
  endloop
endfacet
facet normal 0.0 0.0 0.0
  outer loop
    vertex 6.092388153076172 -22.14087677001953 1.0000014305114746
    vertex 5.833569049835205 -23.10680389404297 2.0000011920928955
    vertex 6.480617523193359 -22.191986083984375 1.0000014305114746
  endloop
endfacet
facet normal 0.0 0.0 0.0
  outer loop
    vertex 6.480617523193359 -22.191986083984375 1.0000014305114746
    vertex 5.833569049835205 -23.10680389404297 2.0000011920928955
    vertex 6.480617523193359 -23.191986083984375 2.0000014305114746
  endloop
endfacet
facet normal 0.0 0.0 0.0
  outer loop
    vertex 6.480617523193359 -22.191986083984375 1.0000014305114746
    vertex 6.480617523193359 -23.191986083984375 2.0000014305114746
    vertex 6.868846893310547 -22.14087677001953 1.0000014305114746
  endloop
endfacet
facet normal 0.0 0.0 0.0
  outer loop
    vertex 6.868846893310547 -22.14087677001953 1.0000014305114746
    vertex 6.480617523193359 -23.191986083984375 2.0000014305114746
    vertex 7.127662658691406 -23.10680389404297 2.0000014305114746
  endloop
endfacet
facet normal 0.0 0.0 0.0
  outer loop
    vertex 6.868846893310547 -22.14087677001953 1.0000014305114746
    vertex 7.127662658691406 -23.10680389404297 2.0000014305114746
    vertex 7.230617523193359 -21.991024017333984 1.0000014305114746
  endloop
endfacet
facet normal 0.0 0.0 0.0
  outer loop
    vertex 7.230617523193359 -21.991024017333984 1.0000014305114746
    vertex 7.127662658691406 -23.10680389404297 2.0000014305114746
    vertex 7.730617523193359 -22.857051849365234 2.0000014305114746
  endloop
endfacet
facet normal 0.0 0.0 0.0
  outer loop
    vertex 7.230617523193359 -21.991024017333984 1.0000014305114746
    vertex 7.730617523193359 -22.857051849365234 2.0000014305114746
    vertex 7.5412750244140625 -21.752647399902344 1.0000014305114746
  endloop
endfacet
facet normal 0.0 0.0 0.0
  outer loop
    vertex 7.5412750244140625 -21.752647399902344 1.0000014305114746
    vertex 7.730617523193359 -22.857051849365234 2.0000014305114746
    vertex 8.248383522033691 -22.459754943847656 2.0000016689300537
  endloop
endfacet
facet normal 0.0 0.0 0.0
  outer loop
    vertex 7.5412750244140625 -21.752647399902344 1.0000014305114746
    vertex 8.248383522033691 -22.459754943847656 2.0000016689300537
    vertex 7.779655456542969 -21.441986083984375 1.0000014305114746
  endloop
endfacet
facet normal 0.0 0.0 0.0
  outer loop
    vertex 7.779655456542969 -21.441986083984375 1.0000014305114746
    vertex 8.248383522033691 -22.459754943847656 2.0000016689300537
    vertex 8.64568042755127 -21.941986083984375 2.0000016689300537
  endloop
endfacet
facet normal 0.0 0.0 0.0
  outer loop
    vertex 7.779655456542969 -21.441986083984375 1.0000014305114746
    vertex 8.64568042755127 -21.941986083984375 2.0000016689300537
    vertex 7.92950439453125 -21.080215454101562 1.0000014305114746
  endloop
endfacet
facet normal 0.0 0.0 0.0
  outer loop
    vertex 7.92950439453125 -21.080215454101562 1.0000014305114746
    vertex 8.64568042755127 -21.941986083984375 2.0000016689300537
    vertex 8.895432472229004 -21.339035034179688 2.0000016689300537
  endloop
endfacet
facet normal 0.0 0.0 0.0
  outer loop
    vertex 7.929504871368408 -21.080215454101562 1.9073486328125e-06
    vertex 7.92950439453125 -21.080215454101562 1.0000014305114746
    vertex 7.980618000030518 -20.691986083984375 1.9073486328125e-06
  endloop
endfacet
facet normal 0.0 0.0 0.0
  outer loop
    vertex 7.980618000030518 -20.691986083984375 1.9073486328125e-06
    vertex 7.92950439453125 -21.080215454101562 1.0000014305114746
    vertex 7.980617523193359 -20.691986083984375 1.0000014305114746
  endloop
endfacet
facet normal 0.0 0.0 0.0
  outer loop
    vertex 7.980618000030518 -20.691986083984375 1.9073486328125e-06
    vertex 7.980617523193359 -20.691986083984375 1.0000014305114746
    vertex 7.929504871368408 -20.303760528564453 1.9073486328125e-06
  endloop
endfacet
facet normal 0.0 0.0 0.0
  outer loop
    vertex 7.929504871368408 -20.303760528564453 1.9073486328125e-06
    vertex 7.980617523193359 -20.691986083984375 1.0000014305114746
    vertex 7.92950439453125 -20.303760528564453 1.0000014305114746
  endloop
endfacet
facet normal 0.0 0.0 0.0
  outer loop
    vertex 7.929504871368408 -20.303760528564453 1.9073486328125e-06
    vertex 7.92950439453125 -20.303760528564453 1.0000014305114746
    vertex 7.779655933380127 -19.941986083984375 1.9073486328125e-06
  endloop
endfacet
facet normal 0.0 0.0 0.0
  outer loop
    vertex 7.779655933380127 -19.941986083984375 1.9073486328125e-06
    vertex 7.92950439453125 -20.303760528564453 1.0000014305114746
    vertex 7.779655456542969 -19.941986083984375 1.0000014305114746
  endloop
endfacet
facet normal 0.0 0.0 0.0
  outer loop
    vertex 7.779655933380127 -19.941986083984375 1.9073486328125e-06
    vertex 7.779655456542969 -19.941986083984375 1.0000014305114746
    vertex 7.541275501251221 -19.631328582763672 1.9073486328125e-06
  endloop
endfacet
facet normal 0.0 0.0 0.0
  outer loop
    vertex 7.541275501251221 -19.631328582763672 1.9073486328125e-06
    vertex 7.779655456542969 -19.941986083984375 1.0000014305114746
    vertex 7.5412750244140625 -19.631328582763672 1.0000014305114746
  endloop
endfacet
facet normal 0.0 0.0 0.0
  outer loop
    vertex 7.541275501251221 -19.631328582763672 1.9073486328125e-06
    vertex 7.5412750244140625 -19.631328582763672 1.0000014305114746
    vertex 7.230618000030518 -19.392948150634766 1.9073486328125e-06
  endloop
endfacet
facet normal 0.0 0.0 0.0
  outer loop
    vertex 7.230618000030518 -19.392948150634766 1.9073486328125e-06
    vertex 7.5412750244140625 -19.631328582763672 1.0000014305114746
    vertex 7.230617523193359 -19.392948150634766 1.0000014305114746
  endloop
endfacet
facet normal 0.0 0.0 0.0
  outer loop
    vertex 7.230618000030518 -19.392948150634766 1.9073486328125e-06
    vertex 7.230617523193359 -19.392948150634766 1.0000014305114746
    vertex 6.868847370147705 -19.243099212646484 1.9073486328125e-06
  endloop
endfacet
facet normal 0.0 0.0 0.0
  outer loop
    vertex 6.868847370147705 -19.243099212646484 1.9073486328125e-06
    vertex 7.230617523193359 -19.392948150634766 1.0000014305114746
    vertex 6.868846893310547 -19.243099212646484 1.0000014305114746
  endloop
endfacet
facet normal 0.0 0.0 0.0
  outer loop
    vertex 6.868847370147705 -19.243099212646484 1.9073486328125e-06
    vertex 6.868846893310547 -19.243099212646484 1.0000014305114746
    vertex 6.480618000030518 -19.191986083984375 1.9073486328125e-06
  endloop
endfacet
facet normal 0.0 0.0 0.0
  outer loop
    vertex 6.480618000030518 -19.191986083984375 1.9073486328125e-06
    vertex 6.868846893310547 -19.243099212646484 1.0000014305114746
    vertex 6.480617523193359 -19.191986083984375 1.0000014305114746
  endloop
endfacet
facet normal 0.0 0.0 0.0
  outer loop
    vertex 6.480618000030518 -19.191986083984375 1.9073486328125e-06
    vertex 6.480617523193359 -19.191986083984375 1.0000014305114746
    vertex 6.09238862991333 -19.243099212646484 1.9073486328125e-06
  endloop
endfacet
facet normal 0.0 0.0 0.0
  outer loop
    vertex 6.09238862991333 -19.243099212646484 1.9073486328125e-06
    vertex 6.480617523193359 -19.191986083984375 1.0000014305114746
    vertex 6.092388153076172 -19.243099212646484 1.0000014305114746
  endloop
endfacet
facet normal 0.0 0.0 0.0
  outer loop
    vertex 6.09238862991333 -19.243099212646484 1.9073486328125e-06
    vertex 6.092388153076172 -19.243099212646484 1.0000014305114746
    vertex 5.730618476867676 -19.392948150634766 1.9073486328125e-06
  endloop
endfacet
facet normal 0.0 0.0 0.0
  outer loop
    vertex 5.730618476867676 -19.392948150634766 1.9073486328125e-06
    vertex 6.092388153076172 -19.243099212646484 1.0000014305114746
    vertex 5.730618000030518 -19.392948150634766 1.0000014305114746
  endloop
endfacet
facet normal 0.0 0.0 0.0
  outer loop
    vertex 5.730618476867676 -19.392948150634766 1.9073486328125e-06
    vertex 5.730618000030518 -19.392948150634766 1.0000014305114746
    vertex 5.419957160949707 -19.631328582763672 1.9073486328125e-06
  endloop
endfacet
facet normal 0.0 0.0 0.0
  outer loop
    vertex 5.419957160949707 -19.631328582763672 1.9073486328125e-06
    vertex 5.730618000030518 -19.392948150634766 1.0000014305114746
    vertex 5.419956684112549 -19.631328582763672 1.0000014305114746
  endloop
endfacet
facet normal 0.0 0.0 0.0
  outer loop
    vertex 5.419957160949707 -19.631328582763672 1.9073486328125e-06
    vertex 5.419956684112549 -19.631328582763672 1.0000014305114746
    vertex 5.181580543518066 -19.941986083984375 1.430511474609375e-06
  endloop
endfacet
facet normal 0.0 0.0 0.0
  outer loop
    vertex 5.181580543518066 -19.941986083984375 1.430511474609375e-06
    vertex 5.419956684112549 -19.631328582763672 1.0000014305114746
    vertex 5.181580066680908 -19.941986083984375 1.0000009536743164
  endloop
endfacet
facet normal 0.0 0.0 0.0
  outer loop
    vertex 5.181580543518066 -19.941986083984375 1.430511474609375e-06
    vertex 5.181580066680908 -19.941986083984375 1.0000009536743164
    vertex 5.0317277908325195 -20.303760528564453 1.430511474609375e-06
  endloop
endfacet
facet normal 0.0 0.0 0.0
  outer loop
    vertex 5.0317277908325195 -20.303760528564453 1.430511474609375e-06
    vertex 5.181580066680908 -19.941986083984375 1.0000009536743164
    vertex 5.031727313995361 -20.303760528564453 1.0000009536743164
  endloop
endfacet
facet normal 0.0 0.0 0.0
  outer loop
    vertex 5.0317277908325195 -20.303760528564453 1.430511474609375e-06
    vertex 5.031727313995361 -20.303760528564453 1.0000009536743164
    vertex 4.980618476867676 -20.691986083984375 1.430511474609375e-06
  endloop
endfacet
facet normal 0.0 0.0 0.0
  outer loop
    vertex 4.980618476867676 -20.691986083984375 1.430511474609375e-06
    vertex 5.031727313995361 -20.303760528564453 1.0000009536743164
    vertex 4.980618000030518 -20.691986083984375 1.0000009536743164
  endloop
endfacet
facet normal 0.0 0.0 0.0
  outer loop
    vertex 4.980618476867676 -20.691986083984375 1.430511474609375e-06
    vertex 4.980618000030518 -20.691986083984375 1.0000009536743164
    vertex 5.0317277908325195 -21.080215454101562 1.430511474609375e-06
  endloop
endfacet
facet normal 0.0 0.0 0.0
  outer loop
    vertex 5.0317277908325195 -21.080215454101562 1.430511474609375e-06
    vertex 4.980618000030518 -20.691986083984375 1.0000009536743164
    vertex 5.031727313995361 -21.080215454101562 1.0000009536743164
  endloop
endfacet
facet normal 0.0 0.0 0.0
  outer loop
    vertex 5.0317277908325195 -21.080215454101562 1.430511474609375e-06
    vertex 5.031727313995361 -21.080215454101562 1.0000009536743164
    vertex 5.181580543518066 -21.441986083984375 1.430511474609375e-06
  endloop
endfacet
facet normal 0.0 0.0 0.0
  outer loop
    vertex 5.181580543518066 -21.441986083984375 1.430511474609375e-06
    vertex 5.031727313995361 -21.080215454101562 1.0000009536743164
    vertex 5.181580066680908 -21.441986083984375 1.0000009536743164
  endloop
endfacet
facet normal 0.0 0.0 0.0
  outer loop
    vertex 5.181580543518066 -21.441986083984375 1.430511474609375e-06
    vertex 5.181580066680908 -21.441986083984375 1.0000009536743164
    vertex 5.419957160949707 -21.752647399902344 1.9073486328125e-06
  endloop
endfacet
facet normal 0.0 0.0 0.0
  outer loop
    vertex 5.419957160949707 -21.752647399902344 1.9073486328125e-06
    vertex 5.181580066680908 -21.441986083984375 1.0000009536743164
    vertex 5.419956684112549 -21.752647399902344 1.0000014305114746
  endloop
endfacet
facet normal 0.0 0.0 0.0
  outer loop
    vertex 5.419957160949707 -21.752647399902344 1.9073486328125e-06
    vertex 5.419956684112549 -21.752647399902344 1.0000014305114746
    vertex 5.730618476867676 -21.991024017333984 1.9073486328125e-06
  endloop
endfacet
facet normal 0.0 0.0 0.0
  outer loop
    vertex 5.730618476867676 -21.991024017333984 1.9073486328125e-06
    vertex 5.419956684112549 -21.752647399902344 1.0000014305114746
    vertex 5.730618000030518 -21.991024017333984 1.0000014305114746
  endloop
endfacet
facet normal 0.0 0.0 0.0
  outer loop
    vertex 5.730618476867676 -21.991024017333984 1.9073486328125e-06
    vertex 5.730618000030518 -21.991024017333984 1.0000014305114746
    vertex 6.09238862991333 -22.14087677001953 1.9073486328125e-06
  endloop
endfacet
facet normal 0.0 0.0 0.0
  outer loop
    vertex 6.09238862991333 -22.14087677001953 1.9073486328125e-06
    vertex 5.730618000030518 -21.991024017333984 1.0000014305114746
    vertex 6.092388153076172 -22.14087677001953 1.0000014305114746
  endloop
endfacet
facet normal 0.0 0.0 0.0
  outer loop
    vertex 6.09238862991333 -22.14087677001953 1.9073486328125e-06
    vertex 6.092388153076172 -22.14087677001953 1.0000014305114746
    vertex 6.480618000030518 -22.191986083984375 1.9073486328125e-06
  endloop
endfacet
facet normal 0.0 0.0 0.0
  outer loop
    vertex 6.480618000030518 -22.191986083984375 1.9073486328125e-06
    vertex 6.092388153076172 -22.14087677001953 1.0000014305114746
    vertex 6.480617523193359 -22.191986083984375 1.0000014305114746
  endloop
endfacet
facet normal 0.0 0.0 0.0
  outer loop
    vertex 6.480618000030518 -22.191986083984375 1.9073486328125e-06
    vertex 6.480617523193359 -22.191986083984375 1.0000014305114746
    vertex 6.868847370147705 -22.14087677001953 1.9073486328125e-06
  endloop
endfacet
facet normal 0.0 0.0 0.0
  outer loop
    vertex 6.868847370147705 -22.14087677001953 1.9073486328125e-06
    vertex 6.480617523193359 -22.191986083984375 1.0000014305114746
    vertex 6.868846893310547 -22.14087677001953 1.0000014305114746
  endloop
endfacet
facet normal 0.0 0.0 0.0
  outer loop
    vertex 6.868847370147705 -22.14087677001953 1.9073486328125e-06
    vertex 6.868846893310547 -22.14087677001953 1.0000014305114746
    vertex 7.230618000030518 -21.991024017333984 1.9073486328125e-06
  endloop
endfacet
facet normal 0.0 0.0 0.0
  outer loop
    vertex 7.230618000030518 -21.991024017333984 1.9073486328125e-06
    vertex 6.868846893310547 -22.14087677001953 1.0000014305114746
    vertex 7.230617523193359 -21.991024017333984 1.0000014305114746
  endloop
endfacet
facet normal 0.0 0.0 0.0
  outer loop
    vertex 7.230618000030518 -21.991024017333984 1.9073486328125e-06
    vertex 7.230617523193359 -21.991024017333984 1.0000014305114746
    vertex 7.541275501251221 -21.752647399902344 1.9073486328125e-06
  endloop
endfacet
facet normal 0.0 0.0 0.0
  outer loop
    vertex 7.541275501251221 -21.752647399902344 1.9073486328125e-06
    vertex 7.230617523193359 -21.991024017333984 1.0000014305114746
    vertex 7.5412750244140625 -21.752647399902344 1.0000014305114746
  endloop
endfacet
facet normal 0.0 0.0 0.0
  outer loop
    vertex 7.541275501251221 -21.752647399902344 1.9073486328125e-06
    vertex 7.5412750244140625 -21.752647399902344 1.0000014305114746
    vertex 7.779655933380127 -21.441986083984375 1.9073486328125e-06
  endloop
endfacet
facet normal 0.0 0.0 0.0
  outer loop
    vertex 7.779655933380127 -21.441986083984375 1.9073486328125e-06
    vertex 7.5412750244140625 -21.752647399902344 1.0000014305114746
    vertex 7.779655456542969 -21.441986083984375 1.0000014305114746
  endloop
endfacet
facet normal 0.0 0.0 0.0
  outer loop
    vertex 7.779655933380127 -21.441986083984375 1.9073486328125e-06
    vertex 7.779655456542969 -21.441986083984375 1.0000014305114746
    vertex 7.929504871368408 -21.080215454101562 1.9073486328125e-06
  endloop
endfacet
facet normal 0.0 0.0 0.0
  outer loop
    vertex 7.929504871368408 -21.080215454101562 1.9073486328125e-06
    vertex 7.779655456542969 -21.441986083984375 1.0000014305114746
    vertex 7.92950439453125 -21.080215454101562 1.0000014305114746
  endloop
endfacet
facet normal 0.0 0.0 0.0
  outer loop
    vertex 7.942329406738281 20.323806762695312 1.0000014305114746
    vertex 8.908257484436035 20.064990997314453 2.0000016689300537
    vertex 7.993442535400391 20.7120361328125 1.0000014305114746
  endloop
endfacet
facet normal 0.0 0.0 0.0
  outer loop
    vertex 7.993442535400391 20.7120361328125 1.0000014305114746
    vertex 8.908257484436035 20.064990997314453 2.0000016689300537
    vertex 8.993443489074707 20.7120361328125 2.0000016689300537
  endloop
endfacet
facet normal 0.0 0.0 0.0
  outer loop
    vertex 7.993442535400391 20.7120361328125 1.0000014305114746
    vertex 8.993443489074707 20.7120361328125 2.0000016689300537
    vertex 7.942329406738281 21.100265502929688 1.0000014305114746
  endloop
endfacet
facet normal 0.0 0.0 0.0
  outer loop
    vertex 7.942329406738281 21.100265502929688 1.0000014305114746
    vertex 8.993443489074707 20.7120361328125 2.0000016689300537
    vertex 8.908257484436035 21.359085083007812 2.0000016689300537
  endloop
endfacet
facet normal 0.0 0.0 0.0
  outer loop
    vertex 7.942329406738281 21.100265502929688 1.0000014305114746
    vertex 8.908257484436035 21.359085083007812 2.0000016689300537
    vertex 7.79248046875 21.4620361328125 1.0000014305114746
  endloop
endfacet
facet normal 0.0 0.0 0.0
  outer loop
    vertex 7.79248046875 21.4620361328125 1.0000014305114746
    vertex 8.908257484436035 21.359085083007812 2.0000016689300537
    vertex 8.6585054397583 21.9620361328125 2.0000016689300537
  endloop
endfacet
facet normal 0.0 0.0 0.0
  outer loop
    vertex 7.79248046875 21.4620361328125 1.0000014305114746
    vertex 8.6585054397583 21.9620361328125 2.0000016689300537
    vertex 7.554100036621094 21.77269744873047 1.0000014305114746
  endloop
endfacet
facet normal 0.0 0.0 0.0
  outer loop
    vertex 7.554100036621094 21.77269744873047 1.0000014305114746
    vertex 8.6585054397583 21.9620361328125 2.0000016689300537
    vertex 8.261208534240723 22.47980499267578 2.0000016689300537
  endloop
endfacet
facet normal 0.0 0.0 0.0
  outer loop
    vertex 7.554100036621094 21.77269744873047 1.0000014305114746
    vertex 8.261208534240723 22.47980499267578 2.0000016689300537
    vertex 7.243442535400391 22.01107406616211 1.0000014305114746
  endloop
endfacet
facet normal 0.0 0.0 0.0
  outer loop
    vertex 7.243442535400391 22.01107406616211 1.0000014305114746
    vertex 8.261208534240723 22.47980499267578 2.0000016689300537
    vertex 7.743442535400391 22.87710189819336 2.0000014305114746
  endloop
endfacet
facet normal 0.0 0.0 0.0
  outer loop
    vertex 7.243442535400391 22.01107406616211 1.0000014305114746
    vertex 7.743442535400391 22.87710189819336 2.0000014305114746
    vertex 6.881671905517578 22.160926818847656 1.0000014305114746
  endloop
endfacet
facet normal 0.0 0.0 0.0
  outer loop
    vertex 6.881671905517578 22.160926818847656 1.0000014305114746
    vertex 7.743442535400391 22.87710189819336 2.0000014305114746
    vertex 7.1404876708984375 23.126850128173828 2.0000014305114746
  endloop
endfacet
facet normal 0.0 0.0 0.0
  outer loop
    vertex 6.881671905517578 22.160926818847656 1.0000014305114746
    vertex 7.1404876708984375 23.126850128173828 2.0000014305114746
    vertex 6.493442535400391 22.2120361328125 1.0000014305114746
  endloop
endfacet
facet normal 0.0 0.0 0.0
  outer loop
    vertex 6.493442535400391 22.2120361328125 1.0000014305114746
    vertex 7.1404876708984375 23.126850128173828 2.0000014305114746
    vertex 6.493442535400391 23.2120361328125 2.0000014305114746
  endloop
endfacet
facet normal 0.0 0.0 0.0
  outer loop
    vertex 6.493442535400391 22.2120361328125 1.0000014305114746
    vertex 6.493442535400391 23.2120361328125 2.0000014305114746
    vertex 6.105213165283203 22.160926818847656 1.0000014305114746
  endloop
endfacet
facet normal 0.0 0.0 0.0
  outer loop
    vertex 6.105213165283203 22.160926818847656 1.0000014305114746
    vertex 6.493442535400391 23.2120361328125 2.0000014305114746
    vertex 5.846394062042236 23.126850128173828 2.0000011920928955
  endloop
endfacet
facet normal 0.0 0.0 0.0
  outer loop
    vertex 6.105213165283203 22.160926818847656 1.0000014305114746
    vertex 5.846394062042236 23.126850128173828 2.0000011920928955
    vertex 5.743443012237549 22.01107406616211 1.0000014305114746
  endloop
endfacet
facet normal 0.0 0.0 0.0
  outer loop
    vertex 5.743443012237549 22.01107406616211 1.0000014305114746
    vertex 5.846394062042236 23.126850128173828 2.0000011920928955
    vertex 5.243443012237549 22.87710189819336 2.0000011920928955
  endloop
endfacet
facet normal 0.0 0.0 0.0
  outer loop
    vertex 5.743443012237549 22.01107406616211 1.0000014305114746
    vertex 5.243443012237549 22.87710189819336 2.0000011920928955
    vertex 5.43278169631958 21.77269744873047 1.0000014305114746
  endloop
endfacet
facet normal 0.0 0.0 0.0
  outer loop
    vertex 5.43278169631958 21.77269744873047 1.0000014305114746
    vertex 5.243443012237549 22.87710189819336 2.0000011920928955
    vertex 4.725674152374268 22.47980499267578 2.0000011920928955
  endloop
endfacet
facet normal 0.0 0.0 0.0
  outer loop
    vertex 5.43278169631958 21.77269744873047 1.0000014305114746
    vertex 4.725674152374268 22.47980499267578 2.0000011920928955
    vertex 5.1944050788879395 21.4620361328125 1.0000009536743164
  endloop
endfacet
facet normal 0.0 0.0 0.0
  outer loop
    vertex 5.1944050788879395 21.4620361328125 1.0000009536743164
    vertex 4.725674152374268 22.47980499267578 2.0000011920928955
    vertex 4.3283772468566895 21.9620361328125 2.0000009536743164
  endloop
endfacet
facet normal 0.0 0.0 0.0
  outer loop
    vertex 5.1944050788879395 21.4620361328125 1.0000009536743164
    vertex 4.3283772468566895 21.9620361328125 2.0000009536743164
    vertex 5.044552326202393 21.100265502929688 1.0000009536743164
  endloop
endfacet
facet normal 0.0 0.0 0.0
  outer loop
    vertex 5.044552326202393 21.100265502929688 1.0000009536743164
    vertex 4.3283772468566895 21.9620361328125 2.0000009536743164
    vertex 4.078629016876221 21.359085083007812 2.0000009536743164
  endloop
endfacet
facet normal 0.0 0.0 0.0
  outer loop
    vertex 5.044552326202393 21.100265502929688 1.0000009536743164
    vertex 4.078629016876221 21.359085083007812 2.0000009536743164
    vertex 4.993443012237549 20.7120361328125 1.0000009536743164
  endloop
endfacet
facet normal 0.0 0.0 0.0
  outer loop
    vertex 4.993443012237549 20.7120361328125 1.0000009536743164
    vertex 4.078629016876221 21.359085083007812 2.0000009536743164
    vertex 3.993443250656128 20.7120361328125 2.0000009536743164
  endloop
endfacet
facet normal 0.0 0.0 0.0
  outer loop
    vertex 4.993443012237549 20.7120361328125 1.0000009536743164
    vertex 3.993443250656128 20.7120361328125 2.0000009536743164
    vertex 5.044552326202393 20.323806762695312 1.0000009536743164
  endloop
endfacet
facet normal 0.0 0.0 0.0
  outer loop
    vertex 5.044552326202393 20.323806762695312 1.0000009536743164
    vertex 3.993443250656128 20.7120361328125 2.0000009536743164
    vertex 4.078629016876221 20.064990997314453 2.0000009536743164
  endloop
endfacet
facet normal 0.0 0.0 0.0
  outer loop
    vertex 5.044552326202393 20.323806762695312 1.0000009536743164
    vertex 4.078629016876221 20.064990997314453 2.0000009536743164
    vertex 5.1944050788879395 19.9620361328125 1.0000009536743164
  endloop
endfacet
facet normal 0.0 0.0 0.0
  outer loop
    vertex 5.1944050788879395 19.9620361328125 1.0000009536743164
    vertex 4.078629016876221 20.064990997314453 2.0000009536743164
    vertex 4.3283772468566895 19.4620361328125 2.0000009536743164
  endloop
endfacet
facet normal 0.0 0.0 0.0
  outer loop
    vertex 5.1944050788879395 19.9620361328125 1.0000009536743164
    vertex 4.3283772468566895 19.4620361328125 2.0000009536743164
    vertex 5.43278169631958 19.651378631591797 1.0000014305114746
  endloop
endfacet
facet normal 0.0 0.0 0.0
  outer loop
    vertex 5.43278169631958 19.651378631591797 1.0000014305114746
    vertex 4.3283772468566895 19.4620361328125 2.0000009536743164
    vertex 4.725674152374268 18.944271087646484 2.0000011920928955
  endloop
endfacet
facet normal 0.0 0.0 0.0
  outer loop
    vertex 5.43278169631958 19.651378631591797 1.0000014305114746
    vertex 4.725674152374268 18.944271087646484 2.0000011920928955
    vertex 5.743443012237549 19.41299819946289 1.0000014305114746
  endloop
endfacet
facet normal 0.0 0.0 0.0
  outer loop
    vertex 5.743443012237549 19.41299819946289 1.0000014305114746
    vertex 4.725674152374268 18.944271087646484 2.0000011920928955
    vertex 5.243443012237549 18.546974182128906 2.0000011920928955
  endloop
endfacet
facet normal 0.0 0.0 0.0
  outer loop
    vertex 5.743443012237549 19.41299819946289 1.0000014305114746
    vertex 5.243443012237549 18.546974182128906 2.0000011920928955
    vertex 6.105213165283203 19.26314926147461 1.0000014305114746
  endloop
endfacet
facet normal 0.0 0.0 0.0
  outer loop
    vertex 6.105213165283203 19.26314926147461 1.0000014305114746
    vertex 5.243443012237549 18.546974182128906 2.0000011920928955
    vertex 5.846394062042236 18.297222137451172 2.0000011920928955
  endloop
endfacet
facet normal 0.0 0.0 0.0
  outer loop
    vertex 6.105213165283203 19.26314926147461 1.0000014305114746
    vertex 5.846394062042236 18.297222137451172 2.0000011920928955
    vertex 6.493442535400391 19.2120361328125 1.0000014305114746
  endloop
endfacet
facet normal 0.0 0.0 0.0
  outer loop
    vertex 6.493442535400391 19.2120361328125 1.0000014305114746
    vertex 5.846394062042236 18.297222137451172 2.0000011920928955
    vertex 6.493442535400391 18.2120361328125 2.0000014305114746
  endloop
endfacet
facet normal 0.0 0.0 0.0
  outer loop
    vertex 6.493442535400391 19.2120361328125 1.0000014305114746
    vertex 6.493442535400391 18.2120361328125 2.0000014305114746
    vertex 6.881671905517578 19.26314926147461 1.0000014305114746
  endloop
endfacet
facet normal 0.0 0.0 0.0
  outer loop
    vertex 6.881671905517578 19.26314926147461 1.0000014305114746
    vertex 6.493442535400391 18.2120361328125 2.0000014305114746
    vertex 7.1404876708984375 18.297222137451172 2.0000014305114746
  endloop
endfacet
facet normal 0.0 0.0 0.0
  outer loop
    vertex 6.881671905517578 19.26314926147461 1.0000014305114746
    vertex 7.1404876708984375 18.297222137451172 2.0000014305114746
    vertex 7.243442535400391 19.41299819946289 1.0000014305114746
  endloop
endfacet
facet normal 0.0 0.0 0.0
  outer loop
    vertex 7.243442535400391 19.41299819946289 1.0000014305114746
    vertex 7.1404876708984375 18.297222137451172 2.0000014305114746
    vertex 7.743442535400391 18.546974182128906 2.0000014305114746
  endloop
endfacet
facet normal 0.0 0.0 0.0
  outer loop
    vertex 7.243442535400391 19.41299819946289 1.0000014305114746
    vertex 7.743442535400391 18.546974182128906 2.0000014305114746
    vertex 7.554100036621094 19.651378631591797 1.0000014305114746
  endloop
endfacet
facet normal 0.0 0.0 0.0
  outer loop
    vertex 7.554100036621094 19.651378631591797 1.0000014305114746
    vertex 7.743442535400391 18.546974182128906 2.0000014305114746
    vertex 8.261208534240723 18.944271087646484 2.0000016689300537
  endloop
endfacet
facet normal 0.0 0.0 0.0
  outer loop
    vertex 7.554100036621094 19.651378631591797 1.0000014305114746
    vertex 8.261208534240723 18.944271087646484 2.0000016689300537
    vertex 7.79248046875 19.9620361328125 1.0000014305114746
  endloop
endfacet
facet normal 0.0 0.0 0.0
  outer loop
    vertex 7.79248046875 19.9620361328125 1.0000014305114746
    vertex 8.261208534240723 18.944271087646484 2.0000016689300537
    vertex 8.6585054397583 19.4620361328125 2.0000016689300537
  endloop
endfacet
facet normal 0.0 0.0 0.0
  outer loop
    vertex 7.79248046875 19.9620361328125 1.0000014305114746
    vertex 8.6585054397583 19.4620361328125 2.0000016689300537
    vertex 7.942329406738281 20.323806762695312 1.0000014305114746
  endloop
endfacet
facet normal 0.0 0.0 0.0
  outer loop
    vertex 7.942329406738281 20.323806762695312 1.0000014305114746
    vertex 8.6585054397583 19.4620361328125 2.0000016689300537
    vertex 8.908257484436035 20.064990997314453 2.0000016689300537
  endloop
endfacet
facet normal 0.0 0.0 0.0
  outer loop
    vertex 7.9423298835754395 20.323806762695312 1.9073486328125e-06
    vertex 7.942329406738281 20.323806762695312 1.0000014305114746
    vertex 7.993443012237549 20.7120361328125 1.9073486328125e-06
  endloop
endfacet
facet normal 0.0 0.0 0.0
  outer loop
    vertex 7.993443012237549 20.7120361328125 1.9073486328125e-06
    vertex 7.942329406738281 20.323806762695312 1.0000014305114746
    vertex 7.993442535400391 20.7120361328125 1.0000014305114746
  endloop
endfacet
facet normal 0.0 0.0 0.0
  outer loop
    vertex 7.993443012237549 20.7120361328125 1.9073486328125e-06
    vertex 7.993442535400391 20.7120361328125 1.0000014305114746
    vertex 7.9423298835754395 21.100265502929688 1.9073486328125e-06
  endloop
endfacet
facet normal 0.0 0.0 0.0
  outer loop
    vertex 7.9423298835754395 21.100265502929688 1.9073486328125e-06
    vertex 7.993442535400391 20.7120361328125 1.0000014305114746
    vertex 7.942329406738281 21.100265502929688 1.0000014305114746
  endloop
endfacet
facet normal 0.0 0.0 0.0
  outer loop
    vertex 7.9423298835754395 21.100265502929688 1.9073486328125e-06
    vertex 7.942329406738281 21.100265502929688 1.0000014305114746
    vertex 7.792480945587158 21.4620361328125 1.9073486328125e-06
  endloop
endfacet
facet normal 0.0 0.0 0.0
  outer loop
    vertex 7.792480945587158 21.4620361328125 1.9073486328125e-06
    vertex 7.942329406738281 21.100265502929688 1.0000014305114746
    vertex 7.79248046875 21.4620361328125 1.0000014305114746
  endloop
endfacet
facet normal 0.0 0.0 0.0
  outer loop
    vertex 7.792480945587158 21.4620361328125 1.9073486328125e-06
    vertex 7.79248046875 21.4620361328125 1.0000014305114746
    vertex 7.554100513458252 21.77269744873047 1.9073486328125e-06
  endloop
endfacet
facet normal 0.0 0.0 0.0
  outer loop
    vertex 7.554100513458252 21.77269744873047 1.9073486328125e-06
    vertex 7.79248046875 21.4620361328125 1.0000014305114746
    vertex 7.554100036621094 21.77269744873047 1.0000014305114746
  endloop
endfacet
facet normal 0.0 0.0 0.0
  outer loop
    vertex 7.554100513458252 21.77269744873047 1.9073486328125e-06
    vertex 7.554100036621094 21.77269744873047 1.0000014305114746
    vertex 7.243443012237549 22.01107406616211 1.9073486328125e-06
  endloop
endfacet
facet normal 0.0 0.0 0.0
  outer loop
    vertex 7.243443012237549 22.01107406616211 1.9073486328125e-06
    vertex 7.554100036621094 21.77269744873047 1.0000014305114746
    vertex 7.243442535400391 22.01107406616211 1.0000014305114746
  endloop
endfacet
facet normal 0.0 0.0 0.0
  outer loop
    vertex 7.243443012237549 22.01107406616211 1.9073486328125e-06
    vertex 7.243442535400391 22.01107406616211 1.0000014305114746
    vertex 6.881672382354736 22.160926818847656 1.9073486328125e-06
  endloop
endfacet
facet normal 0.0 0.0 0.0
  outer loop
    vertex 6.881672382354736 22.160926818847656 1.9073486328125e-06
    vertex 7.243442535400391 22.01107406616211 1.0000014305114746
    vertex 6.881671905517578 22.160926818847656 1.0000014305114746
  endloop
endfacet
facet normal 0.0 0.0 0.0
  outer loop
    vertex 6.881672382354736 22.160926818847656 1.9073486328125e-06
    vertex 6.881671905517578 22.160926818847656 1.0000014305114746
    vertex 6.493443012237549 22.2120361328125 1.9073486328125e-06
  endloop
endfacet
facet normal 0.0 0.0 0.0
  outer loop
    vertex 6.493443012237549 22.2120361328125 1.9073486328125e-06
    vertex 6.881671905517578 22.160926818847656 1.0000014305114746
    vertex 6.493442535400391 22.2120361328125 1.0000014305114746
  endloop
endfacet
facet normal 0.0 0.0 0.0
  outer loop
    vertex 6.493443012237549 22.2120361328125 1.9073486328125e-06
    vertex 6.493442535400391 22.2120361328125 1.0000014305114746
    vertex 6.105213642120361 22.160926818847656 1.9073486328125e-06
  endloop
endfacet
facet normal 0.0 0.0 0.0
  outer loop
    vertex 6.105213642120361 22.160926818847656 1.9073486328125e-06
    vertex 6.493442535400391 22.2120361328125 1.0000014305114746
    vertex 6.105213165283203 22.160926818847656 1.0000014305114746
  endloop
endfacet
facet normal 0.0 0.0 0.0
  outer loop
    vertex 6.105213642120361 22.160926818847656 1.9073486328125e-06
    vertex 6.105213165283203 22.160926818847656 1.0000014305114746
    vertex 5.743443489074707 22.01107406616211 1.9073486328125e-06
  endloop
endfacet
facet normal 0.0 0.0 0.0
  outer loop
    vertex 5.743443489074707 22.01107406616211 1.9073486328125e-06
    vertex 6.105213165283203 22.160926818847656 1.0000014305114746
    vertex 5.743443012237549 22.01107406616211 1.0000014305114746
  endloop
endfacet
facet normal 0.0 0.0 0.0
  outer loop
    vertex 5.743443489074707 22.01107406616211 1.9073486328125e-06
    vertex 5.743443012237549 22.01107406616211 1.0000014305114746
    vertex 5.432782173156738 21.77269744873047 1.9073486328125e-06
  endloop
endfacet
facet normal 0.0 0.0 0.0
  outer loop
    vertex 5.432782173156738 21.77269744873047 1.9073486328125e-06
    vertex 5.743443012237549 22.01107406616211 1.0000014305114746
    vertex 5.43278169631958 21.77269744873047 1.0000014305114746
  endloop
endfacet
facet normal 0.0 0.0 0.0
  outer loop
    vertex 5.432782173156738 21.77269744873047 1.9073486328125e-06
    vertex 5.43278169631958 21.77269744873047 1.0000014305114746
    vertex 5.194405555725098 21.4620361328125 1.430511474609375e-06
  endloop
endfacet
facet normal 0.0 0.0 0.0
  outer loop
    vertex 5.194405555725098 21.4620361328125 1.430511474609375e-06
    vertex 5.43278169631958 21.77269744873047 1.0000014305114746
    vertex 5.1944050788879395 21.4620361328125 1.0000009536743164
  endloop
endfacet
facet normal 0.0 0.0 0.0
  outer loop
    vertex 5.194405555725098 21.4620361328125 1.430511474609375e-06
    vertex 5.1944050788879395 21.4620361328125 1.0000009536743164
    vertex 5.044552803039551 21.100265502929688 1.430511474609375e-06
  endloop
endfacet
facet normal 0.0 0.0 0.0
  outer loop
    vertex 5.044552803039551 21.100265502929688 1.430511474609375e-06
    vertex 5.1944050788879395 21.4620361328125 1.0000009536743164
    vertex 5.044552326202393 21.100265502929688 1.0000009536743164
  endloop
endfacet
facet normal 0.0 0.0 0.0
  outer loop
    vertex 5.044552803039551 21.100265502929688 1.430511474609375e-06
    vertex 5.044552326202393 21.100265502929688 1.0000009536743164
    vertex 4.993443489074707 20.7120361328125 1.430511474609375e-06
  endloop
endfacet
facet normal 0.0 0.0 0.0
  outer loop
    vertex 4.993443489074707 20.7120361328125 1.430511474609375e-06
    vertex 5.044552326202393 21.100265502929688 1.0000009536743164
    vertex 4.993443012237549 20.7120361328125 1.0000009536743164
  endloop
endfacet
facet normal 0.0 0.0 0.0
  outer loop
    vertex 4.993443489074707 20.7120361328125 1.430511474609375e-06
    vertex 4.993443012237549 20.7120361328125 1.0000009536743164
    vertex 5.044552803039551 20.323806762695312 1.430511474609375e-06
  endloop
endfacet
facet normal 0.0 0.0 0.0
  outer loop
    vertex 5.044552803039551 20.323806762695312 1.430511474609375e-06
    vertex 4.993443012237549 20.7120361328125 1.0000009536743164
    vertex 5.044552326202393 20.323806762695312 1.0000009536743164
  endloop
endfacet
facet normal 0.0 0.0 0.0
  outer loop
    vertex 5.044552803039551 20.323806762695312 1.430511474609375e-06
    vertex 5.044552326202393 20.323806762695312 1.0000009536743164
    vertex 5.194405555725098 19.9620361328125 1.430511474609375e-06
  endloop
endfacet
facet normal 0.0 0.0 0.0
  outer loop
    vertex 5.194405555725098 19.9620361328125 1.430511474609375e-06
    vertex 5.044552326202393 20.323806762695312 1.0000009536743164
    vertex 5.1944050788879395 19.9620361328125 1.0000009536743164
  endloop
endfacet
facet normal 0.0 0.0 0.0
  outer loop
    vertex 5.194405555725098 19.9620361328125 1.430511474609375e-06
    vertex 5.1944050788879395 19.9620361328125 1.0000009536743164
    vertex 5.432782173156738 19.651378631591797 1.9073486328125e-06
  endloop
endfacet
facet normal 0.0 0.0 0.0
  outer loop
    vertex 5.432782173156738 19.651378631591797 1.9073486328125e-06
    vertex 5.1944050788879395 19.9620361328125 1.0000009536743164
    vertex 5.43278169631958 19.651378631591797 1.0000014305114746
  endloop
endfacet
facet normal 0.0 0.0 0.0
  outer loop
    vertex 5.432782173156738 19.651378631591797 1.9073486328125e-06
    vertex 5.43278169631958 19.651378631591797 1.0000014305114746
    vertex 5.743443489074707 19.41299819946289 1.9073486328125e-06
  endloop
endfacet
facet normal 0.0 0.0 0.0
  outer loop
    vertex 5.743443489074707 19.41299819946289 1.9073486328125e-06
    vertex 5.43278169631958 19.651378631591797 1.0000014305114746
    vertex 5.743443012237549 19.41299819946289 1.0000014305114746
  endloop
endfacet
facet normal 0.0 0.0 0.0
  outer loop
    vertex 5.743443489074707 19.41299819946289 1.9073486328125e-06
    vertex 5.743443012237549 19.41299819946289 1.0000014305114746
    vertex 6.105213642120361 19.26314926147461 1.9073486328125e-06
  endloop
endfacet
facet normal 0.0 0.0 0.0
  outer loop
    vertex 6.105213642120361 19.26314926147461 1.9073486328125e-06
    vertex 5.743443012237549 19.41299819946289 1.0000014305114746
    vertex 6.105213165283203 19.26314926147461 1.0000014305114746
  endloop
endfacet
facet normal 0.0 0.0 0.0
  outer loop
    vertex 6.105213642120361 19.26314926147461 1.9073486328125e-06
    vertex 6.105213165283203 19.26314926147461 1.0000014305114746
    vertex 6.493443012237549 19.2120361328125 1.9073486328125e-06
  endloop
endfacet
facet normal 0.0 0.0 0.0
  outer loop
    vertex 6.493443012237549 19.2120361328125 1.9073486328125e-06
    vertex 6.105213165283203 19.26314926147461 1.0000014305114746
    vertex 6.493442535400391 19.2120361328125 1.0000014305114746
  endloop
endfacet
facet normal 0.0 0.0 0.0
  outer loop
    vertex 6.493443012237549 19.2120361328125 1.9073486328125e-06
    vertex 6.493442535400391 19.2120361328125 1.0000014305114746
    vertex 6.881672382354736 19.26314926147461 1.9073486328125e-06
  endloop
endfacet
facet normal 0.0 0.0 0.0
  outer loop
    vertex 6.881672382354736 19.26314926147461 1.9073486328125e-06
    vertex 6.493442535400391 19.2120361328125 1.0000014305114746
    vertex 6.881671905517578 19.26314926147461 1.0000014305114746
  endloop
endfacet
facet normal 0.0 0.0 0.0
  outer loop
    vertex 6.881672382354736 19.26314926147461 1.9073486328125e-06
    vertex 6.881671905517578 19.26314926147461 1.0000014305114746
    vertex 7.243443012237549 19.41299819946289 1.9073486328125e-06
  endloop
endfacet
facet normal 0.0 0.0 0.0
  outer loop
    vertex 7.243443012237549 19.41299819946289 1.9073486328125e-06
    vertex 6.881671905517578 19.26314926147461 1.0000014305114746
    vertex 7.243442535400391 19.41299819946289 1.0000014305114746
  endloop
endfacet
facet normal 0.0 0.0 0.0
  outer loop
    vertex 7.243443012237549 19.41299819946289 1.9073486328125e-06
    vertex 7.243442535400391 19.41299819946289 1.0000014305114746
    vertex 7.554100513458252 19.651378631591797 1.9073486328125e-06
  endloop
endfacet
facet normal 0.0 0.0 0.0
  outer loop
    vertex 7.554100513458252 19.651378631591797 1.9073486328125e-06
    vertex 7.243442535400391 19.41299819946289 1.0000014305114746
    vertex 7.554100036621094 19.651378631591797 1.0000014305114746
  endloop
endfacet
facet normal 0.0 0.0 0.0
  outer loop
    vertex 7.554100513458252 19.651378631591797 1.9073486328125e-06
    vertex 7.554100036621094 19.651378631591797 1.0000014305114746
    vertex 7.792480945587158 19.9620361328125 1.9073486328125e-06
  endloop
endfacet
facet normal 0.0 0.0 0.0
  outer loop
    vertex 7.792480945587158 19.9620361328125 1.9073486328125e-06
    vertex 7.554100036621094 19.651378631591797 1.0000014305114746
    vertex 7.79248046875 19.9620361328125 1.0000014305114746
  endloop
endfacet
facet normal 0.0 0.0 0.0
  outer loop
    vertex 7.792480945587158 19.9620361328125 1.9073486328125e-06
    vertex 7.79248046875 19.9620361328125 1.0000014305114746
    vertex 7.9423298835754395 20.323806762695312 1.9073486328125e-06
  endloop
endfacet
facet normal 0.0 0.0 0.0
  outer loop
    vertex 7.9423298835754395 20.323806762695312 1.9073486328125e-06
    vertex 7.79248046875 19.9620361328125 1.0000014305114746
    vertex 7.942329406738281 20.323806762695312 1.0000014305114746
  endloop
endfacet
facet normal 0.0 0.0 0.0
  outer loop
    vertex -5.057669162750244 20.323806762695312 1.0
    vertex -4.091742038726807 20.064990997314453 2.0
    vertex -5.006556034088135 20.7120361328125 1.0
  endloop
endfacet
facet normal 0.0 0.0 0.0
  outer loop
    vertex -5.006556034088135 20.7120361328125 1.0
    vertex -4.091742038726807 20.064990997314453 2.0
    vertex -4.006556034088135 20.7120361328125 2.0
  endloop
endfacet
facet normal 0.0 0.0 0.0
  outer loop
    vertex -5.006556034088135 20.7120361328125 1.0
    vertex -4.006556034088135 20.7120361328125 2.0
    vertex -5.057669162750244 21.100265502929688 1.0
  endloop
endfacet
facet normal 0.0 0.0 0.0
  outer loop
    vertex -5.057669162750244 21.100265502929688 1.0
    vertex -4.006556034088135 20.7120361328125 2.0
    vertex -4.091742038726807 21.359085083007812 2.0
  endloop
endfacet
facet normal 0.0 0.0 0.0
  outer loop
    vertex -5.057669162750244 21.100265502929688 1.0
    vertex -4.091742038726807 21.359085083007812 2.0
    vertex -5.207518100738525 21.4620361328125 1.0
  endloop
endfacet
facet normal 0.0 0.0 0.0
  outer loop
    vertex -5.207518100738525 21.4620361328125 1.0
    vertex -4.091742038726807 21.359085083007812 2.0
    vertex -4.341494083404541 21.9620361328125 2.0
  endloop
endfacet
facet normal 0.0 0.0 0.0
  outer loop
    vertex -5.207518100738525 21.4620361328125 1.0
    vertex -4.341494083404541 21.9620361328125 2.0
    vertex -5.445898532867432 21.77269744873047 0.9999995231628418
  endloop
endfacet
facet normal 0.0 0.0 0.0
  outer loop
    vertex -5.445898532867432 21.77269744873047 0.9999995231628418
    vertex -4.341494083404541 21.9620361328125 2.0
    vertex -4.738790988922119 22.47980499267578 2.0
  endloop
endfacet
facet normal 0.0 0.0 0.0
  outer loop
    vertex -5.445898532867432 21.77269744873047 0.9999995231628418
    vertex -4.738790988922119 22.47980499267578 2.0
    vertex -5.756556034088135 22.01107406616211 0.9999995231628418
  endloop
endfacet
facet normal 0.0 0.0 0.0
  outer loop
    vertex -5.756556034088135 22.01107406616211 0.9999995231628418
    vertex -4.738790988922119 22.47980499267578 2.0
    vertex -5.256556034088135 22.87710189819336 2.0
  endloop
endfacet
facet normal 0.0 0.0 0.0
  outer loop
    vertex -5.756556034088135 22.01107406616211 0.9999995231628418
    vertex -5.256556034088135 22.87710189819336 2.0
    vertex -6.118326187133789 22.160926818847656 0.9999995231628418
  endloop
endfacet
facet normal 0.0 0.0 0.0
  outer loop
    vertex -6.118326187133789 22.160926818847656 0.9999995231628418
    vertex -5.256556034088135 22.87710189819336 2.0
    vertex -5.859510898590088 23.126850128173828 1.9999995231628418
  endloop
endfacet
facet normal 0.0 0.0 0.0
  outer loop
    vertex -6.118326187133789 22.160926818847656 0.9999995231628418
    vertex -5.859510898590088 23.126850128173828 1.9999995231628418
    vertex -6.506555557250977 22.2120361328125 0.9999995231628418
  endloop
endfacet
facet normal 0.0 0.0 0.0
  outer loop
    vertex -6.506555557250977 22.2120361328125 0.9999995231628418
    vertex -5.859510898590088 23.126850128173828 1.9999995231628418
    vertex -6.506555557250977 23.2120361328125 1.9999995231628418
  endloop
endfacet
facet normal 0.0 0.0 0.0
  outer loop
    vertex -6.506555557250977 22.2120361328125 0.9999995231628418
    vertex -6.506555557250977 23.2120361328125 1.9999995231628418
    vertex -6.894784927368164 22.160926818847656 0.9999995231628418
  endloop
endfacet
facet normal 0.0 0.0 0.0
  outer loop
    vertex -6.894784927368164 22.160926818847656 0.9999995231628418
    vertex -6.506555557250977 23.2120361328125 1.9999995231628418
    vertex -7.153604507446289 23.126850128173828 1.9999995231628418
  endloop
endfacet
facet normal 0.0 0.0 0.0
  outer loop
    vertex -6.894784927368164 22.160926818847656 0.9999995231628418
    vertex -7.153604507446289 23.126850128173828 1.9999995231628418
    vertex -7.256557464599609 22.01107406616211 0.9999995231628418
  endloop
endfacet
facet normal 0.0 0.0 0.0
  outer loop
    vertex -7.256557464599609 22.01107406616211 0.9999995231628418
    vertex -7.153604507446289 23.126850128173828 1.9999995231628418
    vertex -7.756557464599609 22.87710189819336 1.9999995231628418
  endloop
endfacet
facet normal 0.0 0.0 0.0
  outer loop
    vertex -7.256557464599609 22.01107406616211 0.9999995231628418
    vertex -7.756557464599609 22.87710189819336 1.9999995231628418
    vertex -7.567216873168945 21.77269744873047 0.9999995231628418
  endloop
endfacet
facet normal 0.0 0.0 0.0
  outer loop
    vertex -7.567216873168945 21.77269744873047 0.9999995231628418
    vertex -7.756557464599609 22.87710189819336 1.9999995231628418
    vertex -8.274323463439941 22.47980499267578 1.9999995231628418
  endloop
endfacet
facet normal 0.0 0.0 0.0
  outer loop
    vertex -7.567216873168945 21.77269744873047 0.9999995231628418
    vertex -8.274323463439941 22.47980499267578 1.9999995231628418
    vertex -7.805595397949219 21.4620361328125 0.9999995231628418
  endloop
endfacet
facet normal 0.0 0.0 0.0
  outer loop
    vertex -7.805595397949219 21.4620361328125 0.9999995231628418
    vertex -8.274323463439941 22.47980499267578 1.9999995231628418
    vertex -8.671618461608887 21.9620361328125 1.9999995231628418
  endloop
endfacet
facet normal 0.0 0.0 0.0
  outer loop
    vertex -7.805595397949219 21.4620361328125 0.9999995231628418
    vertex -8.671618461608887 21.9620361328125 1.9999995231628418
    vertex -7.955446243286133 21.100265502929688 0.9999995231628418
  endloop
endfacet
facet normal 0.0 0.0 0.0
  outer loop
    vertex -7.955446243286133 21.100265502929688 0.9999995231628418
    vertex -8.671618461608887 21.9620361328125 1.9999995231628418
    vertex -8.921370506286621 21.359085083007812 1.9999995231628418
  endloop
endfacet
facet normal 0.0 0.0 0.0
  outer loop
    vertex -7.955446243286133 21.100265502929688 0.9999995231628418
    vertex -8.921370506286621 21.359085083007812 1.9999995231628418
    vertex -8.006556510925293 20.7120361328125 0.9999995231628418
  endloop
endfacet
facet normal 0.0 0.0 0.0
  outer loop
    vertex -8.006556510925293 20.7120361328125 0.9999995231628418
    vertex -8.921370506286621 21.359085083007812 1.9999995231628418
    vertex -9.006556510925293 20.7120361328125 1.9999990463256836
  endloop
endfacet
facet normal 0.0 0.0 0.0
  outer loop
    vertex -8.006556510925293 20.7120361328125 0.9999995231628418
    vertex -9.006556510925293 20.7120361328125 1.9999990463256836
    vertex -7.955446243286133 20.323806762695312 0.9999995231628418
  endloop
endfacet
facet normal 0.0 0.0 0.0
  outer loop
    vertex -7.955446243286133 20.323806762695312 0.9999995231628418
    vertex -9.006556510925293 20.7120361328125 1.9999990463256836
    vertex -8.921370506286621 20.064990997314453 1.9999995231628418
  endloop
endfacet
facet normal 0.0 0.0 0.0
  outer loop
    vertex -7.955446243286133 20.323806762695312 0.9999995231628418
    vertex -8.921370506286621 20.064990997314453 1.9999995231628418
    vertex -7.805595397949219 19.9620361328125 0.9999995231628418
  endloop
endfacet
facet normal 0.0 0.0 0.0
  outer loop
    vertex -7.805595397949219 19.9620361328125 0.9999995231628418
    vertex -8.921370506286621 20.064990997314453 1.9999995231628418
    vertex -8.671618461608887 19.4620361328125 1.9999995231628418
  endloop
endfacet
facet normal 0.0 0.0 0.0
  outer loop
    vertex -7.805595397949219 19.9620361328125 0.9999995231628418
    vertex -8.671618461608887 19.4620361328125 1.9999995231628418
    vertex -7.567216873168945 19.651378631591797 0.9999995231628418
  endloop
endfacet
facet normal 0.0 0.0 0.0
  outer loop
    vertex -7.567216873168945 19.651378631591797 0.9999995231628418
    vertex -8.671618461608887 19.4620361328125 1.9999995231628418
    vertex -8.274323463439941 18.944271087646484 1.9999995231628418
  endloop
endfacet
facet normal 0.0 0.0 0.0
  outer loop
    vertex -7.567216873168945 19.651378631591797 0.9999995231628418
    vertex -8.274323463439941 18.944271087646484 1.9999995231628418
    vertex -7.256557464599609 19.41299819946289 0.9999995231628418
  endloop
endfacet
facet normal 0.0 0.0 0.0
  outer loop
    vertex -7.256557464599609 19.41299819946289 0.9999995231628418
    vertex -8.274323463439941 18.944271087646484 1.9999995231628418
    vertex -7.756557464599609 18.546974182128906 1.9999995231628418
  endloop
endfacet
facet normal 0.0 0.0 0.0
  outer loop
    vertex -7.256557464599609 19.41299819946289 0.9999995231628418
    vertex -7.756557464599609 18.546974182128906 1.9999995231628418
    vertex -6.894784927368164 19.26314926147461 0.9999995231628418
  endloop
endfacet
facet normal 0.0 0.0 0.0
  outer loop
    vertex -6.894784927368164 19.26314926147461 0.9999995231628418
    vertex -7.756557464599609 18.546974182128906 1.9999995231628418
    vertex -7.153604507446289 18.297222137451172 1.9999995231628418
  endloop
endfacet
facet normal 0.0 0.0 0.0
  outer loop
    vertex -6.894784927368164 19.26314926147461 0.9999995231628418
    vertex -7.153604507446289 18.297222137451172 1.9999995231628418
    vertex -6.506555557250977 19.2120361328125 0.9999995231628418
  endloop
endfacet
facet normal 0.0 0.0 0.0
  outer loop
    vertex -6.506555557250977 19.2120361328125 0.9999995231628418
    vertex -7.153604507446289 18.297222137451172 1.9999995231628418
    vertex -6.506555557250977 18.2120361328125 1.9999995231628418
  endloop
endfacet
facet normal 0.0 0.0 0.0
  outer loop
    vertex -6.506555557250977 19.2120361328125 0.9999995231628418
    vertex -6.506555557250977 18.2120361328125 1.9999995231628418
    vertex -6.118326187133789 19.26314926147461 0.9999995231628418
  endloop
endfacet
facet normal 0.0 0.0 0.0
  outer loop
    vertex -6.118326187133789 19.26314926147461 0.9999995231628418
    vertex -6.506555557250977 18.2120361328125 1.9999995231628418
    vertex -5.859510898590088 18.297222137451172 1.9999995231628418
  endloop
endfacet
facet normal 0.0 0.0 0.0
  outer loop
    vertex -6.118326187133789 19.26314926147461 0.9999995231628418
    vertex -5.859510898590088 18.297222137451172 1.9999995231628418
    vertex -5.756556034088135 19.41299819946289 0.9999995231628418
  endloop
endfacet
facet normal 0.0 0.0 0.0
  outer loop
    vertex -5.756556034088135 19.41299819946289 0.9999995231628418
    vertex -5.859510898590088 18.297222137451172 1.9999995231628418
    vertex -5.256556034088135 18.546974182128906 2.0
  endloop
endfacet
facet normal 0.0 0.0 0.0
  outer loop
    vertex -5.756556034088135 19.41299819946289 0.9999995231628418
    vertex -5.256556034088135 18.546974182128906 2.0
    vertex -5.445898532867432 19.651378631591797 0.9999995231628418
  endloop
endfacet
facet normal 0.0 0.0 0.0
  outer loop
    vertex -5.445898532867432 19.651378631591797 0.9999995231628418
    vertex -5.256556034088135 18.546974182128906 2.0
    vertex -4.738790988922119 18.944271087646484 2.0
  endloop
endfacet
facet normal 0.0 0.0 0.0
  outer loop
    vertex -5.445898532867432 19.651378631591797 0.9999995231628418
    vertex -4.738790988922119 18.944271087646484 2.0
    vertex -5.207518100738525 19.9620361328125 1.0
  endloop
endfacet
facet normal 0.0 0.0 0.0
  outer loop
    vertex -5.207518100738525 19.9620361328125 1.0
    vertex -4.738790988922119 18.944271087646484 2.0
    vertex -4.341494083404541 19.4620361328125 2.0
  endloop
endfacet
facet normal 0.0 0.0 0.0
  outer loop
    vertex -5.207518100738525 19.9620361328125 1.0
    vertex -4.341494083404541 19.4620361328125 2.0
    vertex -5.057669162750244 20.323806762695312 1.0
  endloop
endfacet
facet normal 0.0 0.0 0.0
  outer loop
    vertex -5.057669162750244 20.323806762695312 1.0
    vertex -4.341494083404541 19.4620361328125 2.0
    vertex -4.091742038726807 20.064990997314453 2.0
  endloop
endfacet
facet normal 0.0 0.0 0.0
  outer loop
    vertex -5.057668685913086 20.323806762695312 4.76837158203125e-07
    vertex -5.057669162750244 20.323806762695312 1.0
    vertex -5.006555557250977 20.7120361328125 4.76837158203125e-07
  endloop
endfacet
facet normal 0.0 0.0 0.0
  outer loop
    vertex -5.006555557250977 20.7120361328125 4.76837158203125e-07
    vertex -5.057669162750244 20.323806762695312 1.0
    vertex -5.006556034088135 20.7120361328125 1.0
  endloop
endfacet
facet normal 0.0 0.0 0.0
  outer loop
    vertex -5.006555557250977 20.7120361328125 4.76837158203125e-07
    vertex -5.006556034088135 20.7120361328125 1.0
    vertex -5.057668685913086 21.100265502929688 4.76837158203125e-07
  endloop
endfacet
facet normal 0.0 0.0 0.0
  outer loop
    vertex -5.057668685913086 21.100265502929688 4.76837158203125e-07
    vertex -5.006556034088135 20.7120361328125 1.0
    vertex -5.057669162750244 21.100265502929688 1.0
  endloop
endfacet
facet normal 0.0 0.0 0.0
  outer loop
    vertex -5.057668685913086 21.100265502929688 4.76837158203125e-07
    vertex -5.057669162750244 21.100265502929688 1.0
    vertex -5.207517623901367 21.4620361328125 4.76837158203125e-07
  endloop
endfacet
facet normal 0.0 0.0 0.0
  outer loop
    vertex -5.207517623901367 21.4620361328125 4.76837158203125e-07
    vertex -5.057669162750244 21.100265502929688 1.0
    vertex -5.207518100738525 21.4620361328125 1.0
  endloop
endfacet
facet normal 0.0 0.0 0.0
  outer loop
    vertex -5.207517623901367 21.4620361328125 4.76837158203125e-07
    vertex -5.207518100738525 21.4620361328125 1.0
    vertex -5.445898056030273 21.77269744873047 0.0
  endloop
endfacet
facet normal 0.0 0.0 0.0
  outer loop
    vertex -5.445898056030273 21.77269744873047 0.0
    vertex -5.207518100738525 21.4620361328125 1.0
    vertex -5.445898532867432 21.77269744873047 0.9999995231628418
  endloop
endfacet
facet normal 0.0 0.0 0.0
  outer loop
    vertex -5.445898056030273 21.77269744873047 0.0
    vertex -5.445898532867432 21.77269744873047 0.9999995231628418
    vertex -5.756555557250977 22.01107406616211 0.0
  endloop
endfacet
facet normal 0.0 0.0 0.0
  outer loop
    vertex -5.756555557250977 22.01107406616211 0.0
    vertex -5.445898532867432 21.77269744873047 0.9999995231628418
    vertex -5.756556034088135 22.01107406616211 0.9999995231628418
  endloop
endfacet
facet normal 0.0 0.0 0.0
  outer loop
    vertex -5.756555557250977 22.01107406616211 0.0
    vertex -5.756556034088135 22.01107406616211 0.9999995231628418
    vertex -6.118325710296631 22.160926818847656 0.0
  endloop
endfacet
facet normal 0.0 0.0 0.0
  outer loop
    vertex -6.118325710296631 22.160926818847656 0.0
    vertex -5.756556034088135 22.01107406616211 0.9999995231628418
    vertex -6.118326187133789 22.160926818847656 0.9999995231628418
  endloop
endfacet
facet normal 0.0 0.0 0.0
  outer loop
    vertex -6.118325710296631 22.160926818847656 0.0
    vertex -6.118326187133789 22.160926818847656 0.9999995231628418
    vertex -6.506555080413818 22.2120361328125 0.0
  endloop
endfacet
facet normal 0.0 0.0 0.0
  outer loop
    vertex -6.506555080413818 22.2120361328125 0.0
    vertex -6.118326187133789 22.160926818847656 0.9999995231628418
    vertex -6.506555557250977 22.2120361328125 0.9999995231628418
  endloop
endfacet
facet normal 0.0 0.0 0.0
  outer loop
    vertex -6.506555080413818 22.2120361328125 0.0
    vertex -6.506555557250977 22.2120361328125 0.9999995231628418
    vertex -6.894784450531006 22.160926818847656 0.0
  endloop
endfacet
facet normal 0.0 0.0 0.0
  outer loop
    vertex -6.894784450531006 22.160926818847656 0.0
    vertex -6.506555557250977 22.2120361328125 0.9999995231628418
    vertex -6.894784927368164 22.160926818847656 0.9999995231628418
  endloop
endfacet
facet normal 0.0 0.0 0.0
  outer loop
    vertex -6.894784450531006 22.160926818847656 0.0
    vertex -6.894784927368164 22.160926818847656 0.9999995231628418
    vertex -7.256556987762451 22.01107406616211 0.0
  endloop
endfacet
facet normal 0.0 0.0 0.0
  outer loop
    vertex -7.256556987762451 22.01107406616211 0.0
    vertex -6.894784927368164 22.160926818847656 0.9999995231628418
    vertex -7.256557464599609 22.01107406616211 0.9999995231628418
  endloop
endfacet
facet normal 0.0 0.0 0.0
  outer loop
    vertex -7.256556987762451 22.01107406616211 0.0
    vertex -7.256557464599609 22.01107406616211 0.9999995231628418
    vertex -7.567216396331787 21.77269744873047 0.0
  endloop
endfacet
facet normal 0.0 0.0 0.0
  outer loop
    vertex -7.567216396331787 21.77269744873047 0.0
    vertex -7.256557464599609 22.01107406616211 0.9999995231628418
    vertex -7.567216873168945 21.77269744873047 0.9999995231628418
  endloop
endfacet
facet normal 0.0 0.0 0.0
  outer loop
    vertex -7.567216396331787 21.77269744873047 0.0
    vertex -7.567216873168945 21.77269744873047 0.9999995231628418
    vertex -7.8055949211120605 21.4620361328125 0.0
  endloop
endfacet
facet normal 0.0 0.0 0.0
  outer loop
    vertex -7.8055949211120605 21.4620361328125 0.0
    vertex -7.567216873168945 21.77269744873047 0.9999995231628418
    vertex -7.805595397949219 21.4620361328125 0.9999995231628418
  endloop
endfacet
facet normal 0.0 0.0 0.0
  outer loop
    vertex -7.8055949211120605 21.4620361328125 0.0
    vertex -7.805595397949219 21.4620361328125 0.9999995231628418
    vertex -7.955445766448975 21.100265502929688 0.0
  endloop
endfacet
facet normal 0.0 0.0 0.0
  outer loop
    vertex -7.955445766448975 21.100265502929688 0.0
    vertex -7.805595397949219 21.4620361328125 0.9999995231628418
    vertex -7.955446243286133 21.100265502929688 0.9999995231628418
  endloop
endfacet
facet normal 0.0 0.0 0.0
  outer loop
    vertex -7.955445766448975 21.100265502929688 0.0
    vertex -7.955446243286133 21.100265502929688 0.9999995231628418
    vertex -8.006556510925293 20.7120361328125 0.0
  endloop
endfacet
facet normal 0.0 0.0 0.0
  outer loop
    vertex -8.006556510925293 20.7120361328125 0.0
    vertex -7.955446243286133 21.100265502929688 0.9999995231628418
    vertex -8.006556510925293 20.7120361328125 0.9999995231628418
  endloop
endfacet
facet normal 0.0 0.0 0.0
  outer loop
    vertex -8.006556510925293 20.7120361328125 0.0
    vertex -8.006556510925293 20.7120361328125 0.9999995231628418
    vertex -7.955445766448975 20.323806762695312 0.0
  endloop
endfacet
facet normal 0.0 0.0 0.0
  outer loop
    vertex -7.955445766448975 20.323806762695312 0.0
    vertex -8.006556510925293 20.7120361328125 0.9999995231628418
    vertex -7.955446243286133 20.323806762695312 0.9999995231628418
  endloop
endfacet
facet normal 0.0 0.0 0.0
  outer loop
    vertex -7.955445766448975 20.323806762695312 0.0
    vertex -7.955446243286133 20.323806762695312 0.9999995231628418
    vertex -7.8055949211120605 19.9620361328125 0.0
  endloop
endfacet
facet normal 0.0 0.0 0.0
  outer loop
    vertex -7.8055949211120605 19.9620361328125 0.0
    vertex -7.955446243286133 20.323806762695312 0.9999995231628418
    vertex -7.805595397949219 19.9620361328125 0.9999995231628418
  endloop
endfacet
facet normal 0.0 0.0 0.0
  outer loop
    vertex -7.8055949211120605 19.9620361328125 0.0
    vertex -7.805595397949219 19.9620361328125 0.9999995231628418
    vertex -7.567216396331787 19.651378631591797 0.0
  endloop
endfacet
facet normal 0.0 0.0 0.0
  outer loop
    vertex -7.567216396331787 19.651378631591797 0.0
    vertex -7.805595397949219 19.9620361328125 0.9999995231628418
    vertex -7.567216873168945 19.651378631591797 0.9999995231628418
  endloop
endfacet
facet normal 0.0 0.0 0.0
  outer loop
    vertex -7.567216396331787 19.651378631591797 0.0
    vertex -7.567216873168945 19.651378631591797 0.9999995231628418
    vertex -7.256556987762451 19.41299819946289 0.0
  endloop
endfacet
facet normal 0.0 0.0 0.0
  outer loop
    vertex -7.256556987762451 19.41299819946289 0.0
    vertex -7.567216873168945 19.651378631591797 0.9999995231628418
    vertex -7.256557464599609 19.41299819946289 0.9999995231628418
  endloop
endfacet
facet normal 0.0 0.0 0.0
  outer loop
    vertex -7.256556987762451 19.41299819946289 0.0
    vertex -7.256557464599609 19.41299819946289 0.9999995231628418
    vertex -6.894784450531006 19.26314926147461 0.0
  endloop
endfacet
facet normal 0.0 0.0 0.0
  outer loop
    vertex -6.894784450531006 19.26314926147461 0.0
    vertex -7.256557464599609 19.41299819946289 0.9999995231628418
    vertex -6.894784927368164 19.26314926147461 0.9999995231628418
  endloop
endfacet
facet normal 0.0 0.0 0.0
  outer loop
    vertex -6.894784450531006 19.26314926147461 0.0
    vertex -6.894784927368164 19.26314926147461 0.9999995231628418
    vertex -6.506555080413818 19.2120361328125 0.0
  endloop
endfacet
facet normal 0.0 0.0 0.0
  outer loop
    vertex -6.506555080413818 19.2120361328125 0.0
    vertex -6.894784927368164 19.26314926147461 0.9999995231628418
    vertex -6.506555557250977 19.2120361328125 0.9999995231628418
  endloop
endfacet
facet normal 0.0 0.0 0.0
  outer loop
    vertex -6.506555080413818 19.2120361328125 0.0
    vertex -6.506555557250977 19.2120361328125 0.9999995231628418
    vertex -6.118325710296631 19.26314926147461 0.0
  endloop
endfacet
facet normal 0.0 0.0 0.0
  outer loop
    vertex -6.118325710296631 19.26314926147461 0.0
    vertex -6.506555557250977 19.2120361328125 0.9999995231628418
    vertex -6.118326187133789 19.26314926147461 0.9999995231628418
  endloop
endfacet
facet normal 0.0 0.0 0.0
  outer loop
    vertex -6.118325710296631 19.26314926147461 0.0
    vertex -6.118326187133789 19.26314926147461 0.9999995231628418
    vertex -5.756555557250977 19.41299819946289 0.0
  endloop
endfacet
facet normal 0.0 0.0 0.0
  outer loop
    vertex -5.756555557250977 19.41299819946289 0.0
    vertex -6.118326187133789 19.26314926147461 0.9999995231628418
    vertex -5.756556034088135 19.41299819946289 0.9999995231628418
  endloop
endfacet
facet normal 0.0 0.0 0.0
  outer loop
    vertex -5.756555557250977 19.41299819946289 0.0
    vertex -5.756556034088135 19.41299819946289 0.9999995231628418
    vertex -5.445898056030273 19.651378631591797 0.0
  endloop
endfacet
facet normal 0.0 0.0 0.0
  outer loop
    vertex -5.445898056030273 19.651378631591797 0.0
    vertex -5.756556034088135 19.41299819946289 0.9999995231628418
    vertex -5.445898532867432 19.651378631591797 0.9999995231628418
  endloop
endfacet
facet normal 0.0 0.0 0.0
  outer loop
    vertex -5.445898056030273 19.651378631591797 0.0
    vertex -5.445898532867432 19.651378631591797 0.9999995231628418
    vertex -5.207517623901367 19.9620361328125 4.76837158203125e-07
  endloop
endfacet
facet normal 0.0 0.0 0.0
  outer loop
    vertex -5.207517623901367 19.9620361328125 4.76837158203125e-07
    vertex -5.445898532867432 19.651378631591797 0.9999995231628418
    vertex -5.207518100738525 19.9620361328125 1.0
  endloop
endfacet
facet normal 0.0 0.0 0.0
  outer loop
    vertex -5.207517623901367 19.9620361328125 4.76837158203125e-07
    vertex -5.207518100738525 19.9620361328125 1.0
    vertex -5.057668685913086 20.323806762695312 4.76837158203125e-07
  endloop
endfacet
facet normal 0.0 0.0 0.0
  outer loop
    vertex -5.057668685913086 20.323806762695312 4.76837158203125e-07
    vertex -5.207518100738525 19.9620361328125 1.0
    vertex -5.057669162750244 20.323806762695312 1.0
  endloop
endfacet
facet normal 0.0 0.0 0.0
  outer loop
    vertex -35.231056213378906 0.8585328459739685 1.9999957084655762
    vertex -35.231056213378906 0.8585328459739685 -3.814697265625e-06
    vertex -35.13703536987305 0.024079322814941406 1.9999957084655762
  endloop
endfacet
facet normal 0.0 0.0 0.0
  outer loop
    vertex -35.13703536987305 0.024079322814941406 1.9999957084655762
    vertex -35.231056213378906 0.8585328459739685 -3.814697265625e-06
    vertex -35.13703536987305 0.024079322814941406 -3.814697265625e-06
  endloop
endfacet
facet normal 0.0 0.0 0.0
  outer loop
    vertex -35.13703536987305 0.024079322814941406 1.9999957084655762
    vertex -35.13703536987305 0.024079322814941406 -3.814697265625e-06
    vertex -35.231056213378906 -0.8103742003440857 1.9999957084655762
  endloop
endfacet
facet normal 0.0 0.0 0.0
  outer loop
    vertex -35.231056213378906 -0.8103742003440857 1.9999957084655762
    vertex -35.13703536987305 0.024079322814941406 -3.814697265625e-06
    vertex -35.231056213378906 -0.8103742003440857 -3.814697265625e-06
  endloop
endfacet
facet normal 0.0 0.0 0.0
  outer loop
    vertex -35.231056213378906 -0.8103742003440857 1.9999957084655762
    vertex -35.231056213378906 -0.8103742003440857 -3.814697265625e-06
    vertex -35.50840377807617 -1.6029846668243408 1.9999957084655762
  endloop
endfacet
facet normal 0.0 0.0 0.0
  outer loop
    vertex -35.50840377807617 -1.6029846668243408 1.9999957084655762
    vertex -35.231056213378906 -0.8103742003440857 -3.814697265625e-06
    vertex -35.50840377807617 -1.6029846668243408 -3.814697265625e-06
  endloop
endfacet
facet normal 0.0 0.0 0.0
  outer loop
    vertex -35.50840377807617 -1.6029846668243408 1.9999957084655762
    vertex -35.50840377807617 -1.6029846668243408 -3.814697265625e-06
    vertex -35.95516586303711 -2.314007520675659 1.9999957084655762
  endloop
endfacet
facet normal 0.0 0.0 0.0
  outer loop
    vertex -35.95516586303711 -2.314007520675659 1.9999957084655762
    vertex -35.50840377807617 -1.6029846668243408 -3.814697265625e-06
    vertex -35.95516586303711 -2.314007520675659 -3.814697265625e-06
  endloop
endfacet
facet normal 0.0 0.0 0.0
  outer loop
    vertex -35.95516586303711 -2.314007520675659 1.9999957084655762
    vertex -35.95516586303711 -2.314007520675659 -3.814697265625e-06
    vertex -36.5489501953125 -2.9077887535095215 1.9999957084655762
  endloop
endfacet
facet normal 0.0 0.0 0.0
  outer loop
    vertex -36.5489501953125 -2.9077887535095215 1.9999957084655762
    vertex -35.95516586303711 -2.314007520675659 -3.814697265625e-06
    vertex -36.5489501953125 -2.9077887535095215 -3.814697265625e-06
  endloop
endfacet
facet normal 0.0 0.0 0.0
  outer loop
    vertex -36.5489501953125 -2.9077887535095215 1.9999957084655762
    vertex -36.5489501953125 -2.9077887535095215 -3.814697265625e-06
    vertex -37.259971618652344 -3.3545539379119873 1.9999957084655762
  endloop
endfacet
facet normal 0.0 0.0 0.0
  outer loop
    vertex -37.259971618652344 -3.3545539379119873 1.9999957084655762
    vertex -36.5489501953125 -2.9077887535095215 -3.814697265625e-06
    vertex -37.259971618652344 -3.3545539379119873 -3.814697265625e-06
  endloop
endfacet
facet normal 0.0 0.0 0.0
  outer loop
    vertex -37.259971618652344 -3.3545539379119873 1.9999957084655762
    vertex -37.259971618652344 -3.3545539379119873 -3.814697265625e-06
    vertex -38.052581787109375 -3.6319003105163574 1.999995231628418
  endloop
endfacet
facet normal 0.0 0.0 0.0
  outer loop
    vertex -38.052581787109375 -3.6319003105163574 1.999995231628418
    vertex -37.259971618652344 -3.3545539379119873 -3.814697265625e-06
    vertex -38.052581787109375 -3.6319003105163574 -4.291534423828125e-06
  endloop
endfacet
facet normal 0.0 0.0 0.0
  outer loop
    vertex -38.052581787109375 -3.6319003105163574 1.999995231628418
    vertex -38.052581787109375 -3.6319003105163574 -4.291534423828125e-06
    vertex -38.88703536987305 -3.7259206771850586 1.999995231628418
  endloop
endfacet
facet normal 0.0 0.0 0.0
  outer loop
    vertex -38.88703536987305 -3.7259206771850586 1.999995231628418
    vertex -38.052581787109375 -3.6319003105163574 -4.291534423828125e-06
    vertex -38.88703536987305 -3.7259206771850586 -4.291534423828125e-06
  endloop
endfacet
facet normal 0.0 0.0 0.0
  outer loop
    vertex -38.88703536987305 -3.7259206771850586 1.999995231628418
    vertex -38.88703536987305 -3.7259206771850586 -4.291534423828125e-06
    vertex -39.72148895263672 -3.6319003105163574 1.999995231628418
  endloop
endfacet
facet normal 0.0 0.0 0.0
  outer loop
    vertex -39.72148895263672 -3.6319003105163574 1.999995231628418
    vertex -38.88703536987305 -3.7259206771850586 -4.291534423828125e-06
    vertex -39.72148895263672 -3.6319003105163574 -4.291534423828125e-06
  endloop
endfacet
facet normal 0.0 0.0 0.0
  outer loop
    vertex -39.72148895263672 -3.6319003105163574 1.999995231628418
    vertex -39.72148895263672 -3.6319003105163574 -4.291534423828125e-06
    vertex -40.51409912109375 -3.3545539379119873 1.999995231628418
  endloop
endfacet
facet normal 0.0 0.0 0.0
  outer loop
    vertex -40.51409912109375 -3.3545539379119873 1.999995231628418
    vertex -39.72148895263672 -3.6319003105163574 -4.291534423828125e-06
    vertex -40.51409912109375 -3.3545539379119873 -4.291534423828125e-06
  endloop
endfacet
facet normal 0.0 0.0 0.0
  outer loop
    vertex -40.51409912109375 -3.3545539379119873 1.999995231628418
    vertex -40.51409912109375 -3.3545539379119873 -4.291534423828125e-06
    vertex -41.225120544433594 -2.9077887535095215 1.9999947547912598
  endloop
endfacet
facet normal 0.0 0.0 0.0
  outer loop
    vertex -41.225120544433594 -2.9077887535095215 1.9999947547912598
    vertex -40.51409912109375 -3.3545539379119873 -4.291534423828125e-06
    vertex -41.225120544433594 -2.9077887535095215 -4.76837158203125e-06
  endloop
endfacet
facet normal 0.0 0.0 0.0
  outer loop
    vertex -41.225120544433594 -2.9077887535095215 1.9999947547912598
    vertex -41.225120544433594 -2.9077887535095215 -4.76837158203125e-06
    vertex -41.818904876708984 -2.314007520675659 1.9999947547912598
  endloop
endfacet
facet normal 0.0 0.0 0.0
  outer loop
    vertex -41.818904876708984 -2.314007520675659 1.9999947547912598
    vertex -41.225120544433594 -2.9077887535095215 -4.76837158203125e-06
    vertex -41.818904876708984 -2.314007520675659 -4.76837158203125e-06
  endloop
endfacet
facet normal 0.0 0.0 0.0
  outer loop
    vertex -41.818904876708984 -2.314007520675659 1.9999947547912598
    vertex -41.818904876708984 -2.314007520675659 -4.76837158203125e-06
    vertex -42.26566696166992 -1.6029846668243408 1.9999947547912598
  endloop
endfacet
facet normal 0.0 0.0 0.0
  outer loop
    vertex -42.26566696166992 -1.6029846668243408 1.9999947547912598
    vertex -41.818904876708984 -2.314007520675659 -4.76837158203125e-06
    vertex -42.26566696166992 -1.6029846668243408 -4.76837158203125e-06
  endloop
endfacet
facet normal 0.0 0.0 0.0
  outer loop
    vertex -42.26566696166992 -1.6029846668243408 1.9999947547912598
    vertex -42.26566696166992 -1.6029846668243408 -4.76837158203125e-06
    vertex -42.54301452636719 -0.8103742003440857 1.9999947547912598
  endloop
endfacet
facet normal 0.0 0.0 0.0
  outer loop
    vertex -42.54301452636719 -0.8103742003440857 1.9999947547912598
    vertex -42.26566696166992 -1.6029846668243408 -4.76837158203125e-06
    vertex -42.54301452636719 -0.8103742003440857 -4.76837158203125e-06
  endloop
endfacet
facet normal 0.0 0.0 0.0
  outer loop
    vertex -42.54301452636719 -0.8103742003440857 1.9999947547912598
    vertex -42.54301452636719 -0.8103742003440857 -4.76837158203125e-06
    vertex -42.63703536987305 0.024079322814941406 1.9999947547912598
  endloop
endfacet
facet normal 0.0 0.0 0.0
  outer loop
    vertex -42.63703536987305 0.024079322814941406 1.9999947547912598
    vertex -42.54301452636719 -0.8103742003440857 -4.76837158203125e-06
    vertex -42.63703536987305 0.024079322814941406 -4.76837158203125e-06
  endloop
endfacet
facet normal 0.0 0.0 0.0
  outer loop
    vertex -42.63703536987305 0.024079322814941406 1.9999947547912598
    vertex -42.63703536987305 0.024079322814941406 -4.76837158203125e-06
    vertex -42.54301452636719 0.8585328459739685 1.9999947547912598
  endloop
endfacet
facet normal 0.0 0.0 0.0
  outer loop
    vertex -42.54301452636719 0.8585328459739685 1.9999947547912598
    vertex -42.63703536987305 0.024079322814941406 -4.76837158203125e-06
    vertex -42.54301452636719 0.8585328459739685 -4.76837158203125e-06
  endloop
endfacet
facet normal 0.0 0.0 0.0
  outer loop
    vertex -42.54301452636719 0.8585328459739685 1.9999947547912598
    vertex -42.54301452636719 0.8585328459739685 -4.76837158203125e-06
    vertex -42.26566696166992 1.6511433124542236 1.9999947547912598
  endloop
endfacet
facet normal 0.0 0.0 0.0
  outer loop
    vertex -42.26566696166992 1.6511433124542236 1.9999947547912598
    vertex -42.54301452636719 0.8585328459739685 -4.76837158203125e-06
    vertex -42.26566696166992 1.6511433124542236 -4.76837158203125e-06
  endloop
endfacet
facet normal 0.0 0.0 0.0
  outer loop
    vertex -42.26566696166992 1.6511433124542236 1.9999947547912598
    vertex -42.26566696166992 1.6511433124542236 -4.76837158203125e-06
    vertex -41.818904876708984 2.362166166305542 1.9999947547912598
  endloop
endfacet
facet normal 0.0 0.0 0.0
  outer loop
    vertex -41.818904876708984 2.362166166305542 1.9999947547912598
    vertex -42.26566696166992 1.6511433124542236 -4.76837158203125e-06
    vertex -41.818904876708984 2.362166166305542 -4.76837158203125e-06
  endloop
endfacet
facet normal 0.0 0.0 0.0
  outer loop
    vertex -41.818904876708984 2.362166166305542 1.9999947547912598
    vertex -41.818904876708984 2.362166166305542 -4.76837158203125e-06
    vertex -41.225120544433594 2.9559473991394043 1.9999947547912598
  endloop
endfacet
facet normal 0.0 0.0 0.0
  outer loop
    vertex -41.225120544433594 2.9559473991394043 1.9999947547912598
    vertex -41.818904876708984 2.362166166305542 -4.76837158203125e-06
    vertex -41.225120544433594 2.9559473991394043 -4.76837158203125e-06
  endloop
endfacet
facet normal 0.0 0.0 0.0
  outer loop
    vertex -41.225120544433594 2.9559473991394043 1.9999947547912598
    vertex -41.225120544433594 2.9559473991394043 -4.76837158203125e-06
    vertex -40.51409912109375 3.40271258354187 1.999995231628418
  endloop
endfacet
facet normal 0.0 0.0 0.0
  outer loop
    vertex -40.51409912109375 3.40271258354187 1.999995231628418
    vertex -41.225120544433594 2.9559473991394043 -4.76837158203125e-06
    vertex -40.51409912109375 3.40271258354187 -4.291534423828125e-06
  endloop
endfacet
facet normal 0.0 0.0 0.0
  outer loop
    vertex -40.51409912109375 3.40271258354187 1.999995231628418
    vertex -40.51409912109375 3.40271258354187 -4.291534423828125e-06
    vertex -39.72148895263672 3.6800589561462402 1.999995231628418
  endloop
endfacet
facet normal 0.0 0.0 0.0
  outer loop
    vertex -39.72148895263672 3.6800589561462402 1.999995231628418
    vertex -40.51409912109375 3.40271258354187 -4.291534423828125e-06
    vertex -39.72148895263672 3.6800589561462402 -4.291534423828125e-06
  endloop
endfacet
facet normal 0.0 0.0 0.0
  outer loop
    vertex -39.72148895263672 3.6800589561462402 1.999995231628418
    vertex -39.72148895263672 3.6800589561462402 -4.291534423828125e-06
    vertex -38.88703536987305 3.7740793228149414 1.999995231628418
  endloop
endfacet
facet normal 0.0 0.0 0.0
  outer loop
    vertex -38.88703536987305 3.7740793228149414 1.999995231628418
    vertex -39.72148895263672 3.6800589561462402 -4.291534423828125e-06
    vertex -38.88703536987305 3.7740793228149414 -4.291534423828125e-06
  endloop
endfacet
facet normal 0.0 0.0 0.0
  outer loop
    vertex -38.88703536987305 3.7740793228149414 1.999995231628418
    vertex -38.88703536987305 3.7740793228149414 -4.291534423828125e-06
    vertex -38.052581787109375 3.6800589561462402 1.999995231628418
  endloop
endfacet
facet normal 0.0 0.0 0.0
  outer loop
    vertex -38.052581787109375 3.6800589561462402 1.999995231628418
    vertex -38.88703536987305 3.7740793228149414 -4.291534423828125e-06
    vertex -38.052581787109375 3.6800589561462402 -4.291534423828125e-06
  endloop
endfacet
facet normal 0.0 0.0 0.0
  outer loop
    vertex -38.052581787109375 3.6800589561462402 1.999995231628418
    vertex -38.052581787109375 3.6800589561462402 -4.291534423828125e-06
    vertex -37.259971618652344 3.40271258354187 1.9999957084655762
  endloop
endfacet
facet normal 0.0 0.0 0.0
  outer loop
    vertex -37.259971618652344 3.40271258354187 1.9999957084655762
    vertex -38.052581787109375 3.6800589561462402 -4.291534423828125e-06
    vertex -37.259971618652344 3.40271258354187 -3.814697265625e-06
  endloop
endfacet
facet normal 0.0 0.0 0.0
  outer loop
    vertex -37.259971618652344 3.40271258354187 1.9999957084655762
    vertex -37.259971618652344 3.40271258354187 -3.814697265625e-06
    vertex -36.5489501953125 2.9559473991394043 1.9999957084655762
  endloop
endfacet
facet normal 0.0 0.0 0.0
  outer loop
    vertex -36.5489501953125 2.9559473991394043 1.9999957084655762
    vertex -37.259971618652344 3.40271258354187 -3.814697265625e-06
    vertex -36.5489501953125 2.9559473991394043 -3.814697265625e-06
  endloop
endfacet
facet normal 0.0 0.0 0.0
  outer loop
    vertex -36.5489501953125 2.9559473991394043 1.9999957084655762
    vertex -36.5489501953125 2.9559473991394043 -3.814697265625e-06
    vertex -35.95516586303711 2.362166166305542 1.9999957084655762
  endloop
endfacet
facet normal 0.0 0.0 0.0
  outer loop
    vertex -35.95516586303711 2.362166166305542 1.9999957084655762
    vertex -36.5489501953125 2.9559473991394043 -3.814697265625e-06
    vertex -35.95516586303711 2.362166166305542 -3.814697265625e-06
  endloop
endfacet
facet normal 0.0 0.0 0.0
  outer loop
    vertex -35.95516586303711 2.362166166305542 1.9999957084655762
    vertex -35.95516586303711 2.362166166305542 -3.814697265625e-06
    vertex -35.50840377807617 1.6511433124542236 1.9999957084655762
  endloop
endfacet
facet normal 0.0 0.0 0.0
  outer loop
    vertex -35.50840377807617 1.6511433124542236 1.9999957084655762
    vertex -35.95516586303711 2.362166166305542 -3.814697265625e-06
    vertex -35.50840377807617 1.6511433124542236 -3.814697265625e-06
  endloop
endfacet
facet normal 0.0 0.0 0.0
  outer loop
    vertex -35.50840377807617 1.6511433124542236 1.9999957084655762
    vertex -35.50840377807617 1.6511433124542236 -3.814697265625e-06
    vertex -35.231056213378906 0.8585328459739685 1.9999957084655762
  endloop
endfacet
facet normal 0.0 0.0 0.0
  outer loop
    vertex -35.231056213378906 0.8585328459739685 1.9999957084655762
    vertex -35.50840377807617 1.6511433124542236 -3.814697265625e-06
    vertex -35.231056213378906 0.8585328459739685 -3.814697265625e-06
  endloop
endfacet
facet normal 0.0 0.0 0.0
  outer loop
    vertex 38.86295700073242 29.999996185302734 6.198883056640625e-06
    vertex -6.506555080413818 22.2120361328125 0.0
    vertex -38.88703536987305 29.999996185302734 -4.291534423828125e-06
  endloop
endfacet
facet normal 0.0 0.0 0.0
  outer loop
    vertex -38.88703536987305 29.999996185302734 -4.291534423828125e-06
    vertex -6.506555080413818 22.2120361328125 0.0
    vertex -6.894784450531006 22.160926818847656 0.0
  endloop
endfacet
facet normal 0.0 0.0 0.0
  outer loop
    vertex -38.88703536987305 29.999996185302734 -4.291534423828125e-06
    vertex -6.894784450531006 22.160926818847656 0.0
    vertex -7.256556987762451 22.01107406616211 0.0
  endloop
endfacet
facet normal 0.0 0.0 0.0
  outer loop
    vertex 41.21718978881836 29.90747833251953 6.67572021484375e-06
    vertex 43.55690383911133 29.63050079345703 6.67572021484375e-06
    vertex 38.86295700073242 29.999996185302734 6.198883056640625e-06
  endloop
endfacet
facet normal 0.0 0.0 0.0
  outer loop
    vertex 38.86295700073242 29.999996185302734 6.198883056640625e-06
    vertex 43.55690383911133 29.63050079345703 6.67572021484375e-06
    vertex 45.867671966552734 29.17076873779297 7.152557373046875e-06
  endloop
endfacet
facet normal 0.0 0.0 0.0
  outer loop
    vertex 38.86295700073242 29.999996185302734 6.198883056640625e-06
    vertex 45.867671966552734 29.17076873779297 7.152557373046875e-06
    vertex 48.135223388671875 28.531116485595703 7.152557373046875e-06
  endloop
endfacet
facet normal 0.0 0.0 0.0
  outer loop
    vertex 48.135223388671875 28.531116485595703 7.152557373046875e-06
    vertex 50.34559631347656 27.715492248535156 7.62939453125e-06
    vertex 38.86295700073242 29.999996185302734 6.198883056640625e-06
  endloop
endfacet
facet normal 0.0 0.0 0.0
  outer loop
    vertex 38.86295700073242 29.999996185302734 6.198883056640625e-06
    vertex 50.34559631347656 27.715492248535156 7.62939453125e-06
    vertex 52.485145568847656 26.728927612304688 8.106231689453125e-06
  endloop
endfacet
facet normal 0.0 0.0 0.0
  outer loop
    vertex 38.86295700073242 29.999996185302734 6.198883056640625e-06
    vertex 52.485145568847656 26.728927612304688 8.106231689453125e-06
    vertex 54.540679931640625 25.577503204345703 8.106231689453125e-06
  endloop
endfacet
facet normal 0.0 0.0 0.0
  outer loop
    vertex 38.86295700073242 29.999996185302734 6.198883056640625e-06
    vertex 54.540679931640625 25.577503204345703 8.106231689453125e-06
    vertex 7.9423298835754395 20.323806762695312 1.9073486328125e-06
  endloop
endfacet
facet normal 0.0 0.0 0.0
  outer loop
    vertex 7.9423298835754395 20.323806762695312 1.9073486328125e-06
    vertex 54.540679931640625 25.577503204345703 8.106231689453125e-06
    vertex 56.49951171875 24.268321990966797 8.58306884765625e-06
  endloop
endfacet
facet normal 0.0 0.0 0.0
  outer loop
    vertex 7.9423298835754395 20.323806762695312 1.9073486328125e-06
    vertex 56.49951171875 24.268321990966797 8.58306884765625e-06
    vertex 58.349571228027344 22.809459686279297 8.58306884765625e-06
  endloop
endfacet
facet normal 0.0 0.0 0.0
  outer loop
    vertex 7.9423298835754395 20.323806762695312 1.9073486328125e-06
    vertex 58.349571228027344 22.809459686279297 8.58306884765625e-06
    vertex 7.792480945587158 19.9620361328125 1.9073486328125e-06
  endloop
endfacet
facet normal 0.0 0.0 0.0
  outer loop
    vertex 7.792480945587158 19.9620361328125 1.9073486328125e-06
    vertex 58.349571228027344 22.809459686279297 8.58306884765625e-06
    vertex 60.079437255859375 21.209915161132812 9.059906005859375e-06
  endloop
endfacet
facet normal 0.0 0.0 0.0
  outer loop
    vertex 7.792480945587158 19.9620361328125 1.9073486328125e-06
    vertex 60.079437255859375 21.209915161132812 9.059906005859375e-06
    vertex 7.554100513458252 19.651378631591797 1.9073486328125e-06
  endloop
endfacet
facet normal 0.0 0.0 0.0
  outer loop
    vertex 7.554100513458252 19.651378631591797 1.9073486328125e-06
    vertex 60.079437255859375 21.209915161132812 9.059906005859375e-06
    vertex 61.678443908691406 19.479549407958984 9.059906005859375e-06
  endloop
endfacet
facet normal 0.0 0.0 0.0
  outer loop
    vertex 7.554100513458252 19.651378631591797 1.9073486328125e-06
    vertex 61.678443908691406 19.479549407958984 9.059906005859375e-06
    vertex 63.13673400878906 17.629043579101562 9.5367431640625e-06
  endloop
endfacet
facet normal 0.0 0.0 0.0
  outer loop
    vertex 7.554100513458252 19.651378631591797 1.9073486328125e-06
    vertex 63.13673400878906 17.629043579101562 9.5367431640625e-06
    vertex 4.63289737701416 11.870349884033203 1.430511474609375e-06
  endloop
endfacet
facet normal 0.0 0.0 0.0
  outer loop
    vertex 4.63289737701416 11.870349884033203 1.430511474609375e-06
    vertex 63.13673400878906 17.629043579101562 9.5367431640625e-06
    vertex 64.4453125 15.66980266571045 9.5367431640625e-06
  endloop
endfacet
facet normal 0.0 0.0 0.0
  outer loop
    vertex 4.63289737701416 11.870349884033203 1.430511474609375e-06
    vertex 64.4453125 15.66980266571045 9.5367431640625e-06
    vertex 4.900700569152832 10.958293914794922 1.430511474609375e-06
  endloop
endfacet
facet normal 0.0 0.0 0.0
  outer loop
    vertex 4.900700569152832 10.958293914794922 1.430511474609375e-06
    vertex 64.4453125 15.66980266571045 9.5367431640625e-06
    vertex 65.59609985351562 13.61391544342041 9.5367431640625e-06
  endloop
endfacet
facet normal 0.0 0.0 0.0
  outer loop
    vertex 4.900700569152832 10.958293914794922 1.430511474609375e-06
    vertex 65.59609985351562 13.61391544342041 9.5367431640625e-06
    vertex 4.991059303283691 10.01203727722168 1.430511474609375e-06
  endloop
endfacet
facet normal 0.0 0.0 0.0
  outer loop
    vertex 4.991059303283691 10.01203727722168 1.430511474609375e-06
    vertex 65.59609985351562 13.61391544342041 9.5367431640625e-06
    vertex 66.58200073242188 11.47406005859375 1.0013580322265625e-05
  endloop
endfacet
facet normal 0.0 0.0 0.0
  outer loop
    vertex 4.991059303283691 10.01203727722168 1.430511474609375e-06
    vertex 66.58200073242188 11.47406005859375 1.0013580322265625e-05
    vertex 4.900700569152832 9.065780639648438 1.430511474609375e-06
  endloop
endfacet
facet normal 0.0 0.0 0.0
  outer loop
    vertex 4.900700569152832 9.065780639648438 1.430511474609375e-06
    vertex 66.58200073242188 11.47406005859375 1.0013580322265625e-05
    vertex 67.39694213867188 9.263435363769531 1.0013580322265625e-05
  endloop
endfacet
facet normal 0.0 0.0 0.0
  outer loop
    vertex 4.900700569152832 9.065780639648438 1.430511474609375e-06
    vertex 67.39694213867188 9.263435363769531 1.0013580322265625e-05
    vertex 4.63289737701416 8.153724670410156 1.430511474609375e-06
  endloop
endfacet
facet normal 0.0 0.0 0.0
  outer loop
    vertex 4.63289737701416 8.153724670410156 1.430511474609375e-06
    vertex 67.39694213867188 9.263435363769531 1.0013580322265625e-05
    vertex 68.035888671875 6.995676517486572 1.0013580322265625e-05
  endloop
endfacet
facet normal 0.0 0.0 0.0
  outer loop
    vertex 4.63289737701416 8.153724670410156 1.430511474609375e-06
    vertex 68.035888671875 6.995676517486572 1.0013580322265625e-05
    vertex 4.197323799133301 7.308833122253418 1.430511474609375e-06
  endloop
endfacet
facet normal 0.0 0.0 0.0
  outer loop
    vertex 4.197323799133301 7.308833122253418 1.430511474609375e-06
    vertex 68.035888671875 6.995676517486572 1.0013580322265625e-05
    vertex 68.49490356445312 4.684769630432129 1.0013580322265625e-05
  endloop
endfacet
facet normal 0.0 0.0 0.0
  outer loop
    vertex 4.197323799133301 7.308833122253418 1.430511474609375e-06
    vertex 68.49490356445312 4.684769630432129 1.0013580322265625e-05
    vertex 68.77116394042969 2.344968318939209 1.0013580322265625e-05
  endloop
endfacet
facet normal 0.0 0.0 0.0
  outer loop
    vertex 4.197323799133301 7.308833122253418 1.430511474609375e-06
    vertex 68.77116394042969 2.344968318939209 1.0013580322265625e-05
    vertex 3.609726905822754 6.561642169952393 1.430511474609375e-06
  endloop
endfacet
facet normal 0.0 0.0 0.0
  outer loop
    vertex 3.609726905822754 6.561642169952393 1.430511474609375e-06
    vertex 68.77116394042969 2.344968318939209 1.0013580322265625e-05
    vertex 68.86294555664062 -0.009296216070652008 1.0013580322265625e-05
  endloop
endfacet
facet normal 0.0 0.0 0.0
  outer loop
    vertex 3.609726905822754 6.561642169952393 1.430511474609375e-06
    vertex 68.86294555664062 -0.009296216070652008 1.0013580322265625e-05
    vertex 2.891343355178833 5.939157485961914 1.430511474609375e-06
  endloop
endfacet
facet normal 0.0 0.0 0.0
  outer loop
    vertex 2.891343355178833 5.939157485961914 1.430511474609375e-06
    vertex 68.86294555664062 -0.009296216070652008 1.0013580322265625e-05
    vertex 68.76969909667969 -2.3635034561157227 1.0013580322265625e-05
  endloop
endfacet
facet normal 0.0 0.0 0.0
  outer loop
    vertex 2.891343355178833 5.939157485961914 1.430511474609375e-06
    vertex 68.76969909667969 -2.3635034561157227 1.0013580322265625e-05
    vertex 68.49199676513672 -4.7031331062316895 1.0013580322265625e-05
  endloop
endfacet
facet normal 0.0 0.0 0.0
  outer loop
    vertex 2.891343355178833 5.939157485961914 1.430511474609375e-06
    vertex 68.49199676513672 -4.7031331062316895 1.0013580322265625e-05
    vertex 2.068131685256958 5.463877201080322 1.430511474609375e-06
  endloop
endfacet
facet normal 0.0 0.0 0.0
  outer loop
    vertex 2.068131685256958 5.463877201080322 1.430511474609375e-06
    vertex 68.49199676513672 -4.7031331062316895 1.0013580322265625e-05
    vertex 68.03154754638672 -7.0137553215026855 1.0013580322265625e-05
  endloop
endfacet
facet normal 0.0 0.0 0.0
  outer loop
    vertex 2.068131685256958 5.463877201080322 1.430511474609375e-06
    vertex 68.03154754638672 -7.0137553215026855 1.0013580322265625e-05
    vertex 6.868847370147705 -19.243099212646484 1.9073486328125e-06
  endloop
endfacet
facet normal 0.0 0.0 0.0
  outer loop
    vertex 6.868847370147705 -19.243099212646484 1.9073486328125e-06
    vertex 68.03154754638672 -7.0137553215026855 1.0013580322265625e-05
    vertex 67.39119720458984 -9.281118392944336 1.0013580322265625e-05
  endloop
endfacet
facet normal 0.0 0.0 0.0
  outer loop
    vertex 6.868847370147705 -19.243099212646484 1.9073486328125e-06
    vertex 67.39119720458984 -9.281118392944336 1.0013580322265625e-05
    vertex 66.57489013671875 -11.49123764038086 1.0013580322265625e-05
  endloop
endfacet
facet normal 0.0 0.0 0.0
  outer loop
    vertex 6.868847370147705 -19.243099212646484 1.9073486328125e-06
    vertex 66.57489013671875 -11.49123764038086 1.0013580322265625e-05
    vertex 7.230618000030518 -19.392948150634766 1.9073486328125e-06
  endloop
endfacet
facet normal 0.0 0.0 0.0
  outer loop
    vertex 7.230618000030518 -19.392948150634766 1.9073486328125e-06
    vertex 66.57489013671875 -11.49123764038086 1.0013580322265625e-05
    vertex 65.58766174316406 -13.630480766296387 9.5367431640625e-06
  endloop
endfacet
facet normal 0.0 0.0 0.0
  outer loop
    vertex 7.230618000030518 -19.392948150634766 1.9073486328125e-06
    vertex 65.58766174316406 -13.630480766296387 9.5367431640625e-06
    vertex 64.43560028076172 -15.68565559387207 9.5367431640625e-06
  endloop
endfacet
facet normal 0.0 0.0 0.0
  outer loop
    vertex 64.43560028076172 -15.68565559387207 9.5367431640625e-06
    vertex 63.12580871582031 -17.644084930419922 9.5367431640625e-06
    vertex 7.230618000030518 -19.392948150634766 1.9073486328125e-06
  endloop
endfacet
facet normal 0.0 0.0 0.0
  outer loop
    vertex 7.230618000030518 -19.392948150634766 1.9073486328125e-06
    vertex 63.12580871582031 -17.644084930419922 9.5367431640625e-06
    vertex 7.541275501251221 -19.631328582763672 1.9073486328125e-06
  endloop
endfacet
facet normal 0.0 0.0 0.0
  outer loop
    vertex 7.541275501251221 -19.631328582763672 1.9073486328125e-06
    vertex 63.12580871582031 -17.644084930419922 9.5367431640625e-06
    vertex 61.66637420654297 -19.493690490722656 9.059906005859375e-06
  endloop
endfacet
facet normal 0.0 0.0 0.0
  outer loop
    vertex 7.541275501251221 -19.631328582763672 1.9073486328125e-06
    vertex 61.66637420654297 -19.493690490722656 9.059906005859375e-06
    vertex 60.06629180908203 -21.223060607910156 9.059906005859375e-06
  endloop
endfacet
facet normal 0.0 0.0 0.0
  outer loop
    vertex 7.541275501251221 -19.631328582763672 1.9073486328125e-06
    vertex 60.06629180908203 -21.223060607910156 9.059906005859375e-06
    vertex 7.779655933380127 -19.941986083984375 1.9073486328125e-06
  endloop
endfacet
facet normal 0.0 0.0 0.0
  outer loop
    vertex 7.779655933380127 -19.941986083984375 1.9073486328125e-06
    vertex 60.06629180908203 -21.223060607910156 9.059906005859375e-06
    vertex 58.33543395996094 -22.821533203125 8.58306884765625e-06
  endloop
endfacet
facet normal 0.0 0.0 0.0
  outer loop
    vertex 7.779655933380127 -19.941986083984375 1.9073486328125e-06
    vertex 58.33543395996094 -22.821533203125 8.58306884765625e-06
    vertex 7.929504871368408 -20.303760528564453 1.9073486328125e-06
  endloop
endfacet
facet normal 0.0 0.0 0.0
  outer loop
    vertex 7.929504871368408 -20.303760528564453 1.9073486328125e-06
    vertex 58.33543395996094 -22.821533203125 8.58306884765625e-06
    vertex 56.484474182128906 -24.279251098632812 8.58306884765625e-06
  endloop
endfacet
facet normal 0.0 0.0 0.0
  outer loop
    vertex 7.929504871368408 -20.303760528564453 1.9073486328125e-06
    vertex 56.484474182128906 -24.279251098632812 8.58306884765625e-06
    vertex 54.52483367919922 -25.587215423583984 8.106231689453125e-06
  endloop
endfacet
facet normal 0.0 0.0 0.0
  outer loop
    vertex 7.929504871368408 -20.303760528564453 1.9073486328125e-06
    vertex 54.52483367919922 -25.587215423583984 8.106231689453125e-06
    vertex 38.8443717956543 -29.999996185302734 6.198883056640625e-06
  endloop
endfacet
facet normal 0.0 0.0 0.0
  outer loop
    vertex 38.8443717956543 -29.999996185302734 6.198883056640625e-06
    vertex 54.52483367919922 -25.587215423583984 8.106231689453125e-06
    vertex 52.468589782714844 -26.73736572265625 8.106231689453125e-06
  endloop
endfacet
facet normal 0.0 0.0 0.0
  outer loop
    vertex 38.8443717956543 -29.999996185302734 6.198883056640625e-06
    vertex 52.468589782714844 -26.73736572265625 8.106231689453125e-06
    vertex 50.32843017578125 -27.722610473632812 7.62939453125e-06
  endloop
endfacet
facet normal 0.0 0.0 0.0
  outer loop
    vertex 50.32843017578125 -27.722610473632812 7.62939453125e-06
    vertex 48.1175537109375 -28.536865234375 7.152557373046875e-06
    vertex 38.8443717956543 -29.999996185302734 6.198883056640625e-06
  endloop
endfacet
facet normal 0.0 0.0 0.0
  outer loop
    vertex 38.8443717956543 -29.999996185302734 6.198883056640625e-06
    vertex 48.1175537109375 -28.536865234375 7.152557373046875e-06
    vertex 45.8495979309082 -29.17510986328125 7.152557373046875e-06
  endloop
endfacet
facet normal 0.0 0.0 0.0
  outer loop
    vertex 38.8443717956543 -29.999996185302734 6.198883056640625e-06
    vertex 45.8495979309082 -29.17510986328125 7.152557373046875e-06
    vertex 43.53854751586914 -29.633411407470703 6.67572021484375e-06
  endloop
endfacet
facet normal 0.0 0.0 0.0
  outer loop
    vertex 43.53854751586914 -29.633411407470703 6.67572021484375e-06
    vertex 41.19865798950195 -29.908939361572266 6.198883056640625e-06
    vertex 38.8443717956543 -29.999996185302734 6.198883056640625e-06
  endloop
endfacet
facet normal 0.0 0.0 0.0
  outer loop
    vertex -38.90560531616211 -29.951831817626953 -4.291534423828125e-06
    vertex 6.480618000030518 -22.191986083984375 1.9073486328125e-06
    vertex 38.8443717956543 -29.999996185302734 6.198883056640625e-06
  endloop
endfacet
facet normal 0.0 0.0 0.0
  outer loop
    vertex 38.8443717956543 -29.999996185302734 6.198883056640625e-06
    vertex 6.480618000030518 -22.191986083984375 1.9073486328125e-06
    vertex 6.868847370147705 -22.14087677001953 1.9073486328125e-06
  endloop
endfacet
facet normal 0.0 0.0 0.0
  outer loop
    vertex 38.8443717956543 -29.999996185302734 6.198883056640625e-06
    vertex 6.868847370147705 -22.14087677001953 1.9073486328125e-06
    vertex 7.230618000030518 -21.991024017333984 1.9073486328125e-06
  endloop
endfacet
facet normal 0.0 0.0 0.0
  outer loop
    vertex -41.2569694519043 -29.85800552368164 -4.76837158203125e-06
    vertex -43.593727111816406 -29.580020904541016 -4.76837158203125e-06
    vertex -38.90560531616211 -29.951831817626953 -4.291534423828125e-06
  endloop
endfacet
facet normal 0.0 0.0 0.0
  outer loop
    vertex -38.90560531616211 -29.951831817626953 -4.291534423828125e-06
    vertex -43.593727111816406 -29.580020904541016 -4.76837158203125e-06
    vertex -45.9014778137207 -29.119586944580078 -5.245208740234375e-06
  endloop
endfacet
facet normal 0.0 0.0 0.0
  outer loop
    vertex -38.90560531616211 -29.951831817626953 -4.291534423828125e-06
    vertex -45.9014778137207 -29.119586944580078 -5.245208740234375e-06
    vertex -48.165992736816406 -28.479541778564453 -5.245208740234375e-06
  endloop
endfacet
facet normal 0.0 0.0 0.0
  outer loop
    vertex -48.165992736816406 -28.479541778564453 -5.245208740234375e-06
    vertex -50.373329162597656 -27.663833618164062 -5.7220458984375e-06
    vertex -38.90560531616211 -29.951831817626953 -4.291534423828125e-06
  endloop
endfacet
facet normal 0.0 0.0 0.0
  outer loop
    vertex -38.90560531616211 -29.951831817626953 -4.291534423828125e-06
    vertex -50.373329162597656 -27.663833618164062 -5.7220458984375e-06
    vertex -52.5098762512207 -26.677490234375 -6.198883056640625e-06
  endloop
endfacet
facet normal 0.0 0.0 0.0
  outer loop
    vertex -38.90560531616211 -29.951831817626953 -4.291534423828125e-06
    vertex -52.5098762512207 -26.677490234375 -6.198883056640625e-06
    vertex -54.56246566772461 -25.52658462524414 -6.198883056640625e-06
  endloop
endfacet
facet normal 0.0 0.0 0.0
  outer loop
    vertex -38.90560531616211 -29.951831817626953 -4.291534423828125e-06
    vertex -54.56246566772461 -25.52658462524414 -6.198883056640625e-06
    vertex -7.96826696395874 -20.295703887939453 0.0
  endloop
endfacet
facet normal 0.0 0.0 0.0
  outer loop
    vertex -7.96826696395874 -20.295703887939453 0.0
    vertex -54.56246566772461 -25.52658462524414 -6.198883056640625e-06
    vertex -56.51844787597656 -24.218212127685547 -6.67572021484375e-06
  endloop
endfacet
facet normal 0.0 0.0 0.0
  outer loop
    vertex -7.96826696395874 -20.295703887939453 0.0
    vertex -56.51844787597656 -24.218212127685547 -6.67572021484375e-06
    vertex -58.36577606201172 -22.76043701171875 -6.67572021484375e-06
  endloop
endfacet
facet normal 0.0 0.0 0.0
  outer loop
    vertex -7.96826696395874 -20.295703887939453 0.0
    vertex -58.36577606201172 -22.76043701171875 -6.67572021484375e-06
    vertex -7.818416118621826 -19.93393325805664 0.0
  endloop
endfacet
facet normal 0.0 0.0 0.0
  outer loop
    vertex -7.818416118621826 -19.93393325805664 0.0
    vertex -58.36577606201172 -22.76043701171875 -6.67572021484375e-06
    vertex -60.09305191040039 -21.162242889404297 -7.152557373046875e-06
  endloop
endfacet
facet normal 0.0 0.0 0.0
  outer loop
    vertex -7.818416118621826 -19.93393325805664 0.0
    vertex -60.09305191040039 -21.162242889404297 -7.152557373046875e-06
    vertex -7.5800395011901855 -19.623275756835938 0.0
  endloop
endfacet
facet normal 0.0 0.0 0.0
  outer loop
    vertex -7.5800395011901855 -19.623275756835938 0.0
    vertex -60.09305191040039 -21.162242889404297 -7.152557373046875e-06
    vertex -61.68963623046875 -19.433483123779297 -7.152557373046875e-06
  endloop
endfacet
facet normal 0.0 0.0 0.0
  outer loop
    vertex -7.5800395011901855 -19.623275756835938 0.0
    vertex -61.68963623046875 -19.433483123779297 -7.152557373046875e-06
    vertex -38.88703536987305 -3.7259206771850586 -4.291534423828125e-06
  endloop
endfacet
facet normal 0.0 0.0 0.0
  outer loop
    vertex -38.88703536987305 -3.7259206771850586 -4.291534423828125e-06
    vertex -61.68963623046875 -19.433483123779297 -7.152557373046875e-06
    vertex -63.14569854736328 -17.58480453491211 -7.62939453125e-06
  endloop
endfacet
facet normal 0.0 0.0 0.0
  outer loop
    vertex -38.88703536987305 -3.7259206771850586 -4.291534423828125e-06
    vertex -63.14569854736328 -17.58480453491211 -7.62939453125e-06
    vertex -64.4522476196289 -15.627605438232422 -7.62939453125e-06
  endloop
endfacet
facet normal 0.0 0.0 0.0
  outer loop
    vertex -64.4522476196289 -15.627605438232422 -7.62939453125e-06
    vertex -65.60124969482422 -13.573945999145508 -7.62939453125e-06
    vertex -38.88703536987305 -3.7259206771850586 -4.291534423828125e-06
  endloop
endfacet
facet normal 0.0 0.0 0.0
  outer loop
    vertex -38.88703536987305 -3.7259206771850586 -4.291534423828125e-06
    vertex -65.60124969482422 -13.573945999145508 -7.62939453125e-06
    vertex -39.72148895263672 -3.6319003105163574 -4.291534423828125e-06
  endloop
endfacet
facet normal 0.0 0.0 0.0
  outer loop
    vertex -39.72148895263672 -3.6319003105163574 -4.291534423828125e-06
    vertex -65.60124969482422 -13.573945999145508 -7.62939453125e-06
    vertex -66.58560943603516 -11.436483383178711 -8.106231689453125e-06
  endloop
endfacet
facet normal 0.0 0.0 0.0
  outer loop
    vertex -39.72148895263672 -3.6319003105163574 -4.291534423828125e-06
    vertex -66.58560943603516 -11.436483383178711 -8.106231689453125e-06
    vertex -67.39926147460938 -9.22839069366455 -8.106231689453125e-06
  endloop
endfacet
facet normal 0.0 0.0 0.0
  outer loop
    vertex -39.72148895263672 -3.6319003105163574 -4.291534423828125e-06
    vertex -67.39926147460938 -9.22839069366455 -8.106231689453125e-06
    vertex -40.51409912109375 -3.3545539379119873 -4.291534423828125e-06
  endloop
endfacet
facet normal 0.0 0.0 0.0
  outer loop
    vertex -40.51409912109375 -3.3545539379119873 -4.291534423828125e-06
    vertex -67.39926147460938 -9.22839069366455 -8.106231689453125e-06
    vertex -68.03720092773438 -6.963276386260986 -8.106231689453125e-06
  endloop
endfacet
facet normal 0.0 0.0 0.0
  outer loop
    vertex -40.51409912109375 -3.3545539379119873 -4.291534423828125e-06
    vertex -68.03720092773438 -6.963276386260986 -8.106231689453125e-06
    vertex -41.225120544433594 -2.9077887535095215 -4.76837158203125e-06
  endloop
endfacet
facet normal 0.0 0.0 0.0
  outer loop
    vertex -41.225120544433594 -2.9077887535095215 -4.76837158203125e-06
    vertex -68.03720092773438 -6.963276386260986 -8.106231689453125e-06
    vertex -68.49549102783203 -4.655098915100098 -8.106231689453125e-06
  endloop
endfacet
facet normal 0.0 0.0 0.0
  outer loop
    vertex -41.225120544433594 -2.9077887535095215 -4.76837158203125e-06
    vertex -68.49549102783203 -4.655098915100098 -8.106231689453125e-06
    vertex -41.818904876708984 -2.314007520675659 -4.76837158203125e-06
  endloop
endfacet
facet normal 0.0 0.0 0.0
  outer loop
    vertex -41.818904876708984 -2.314007520675659 -4.76837158203125e-06
    vertex -68.49549102783203 -4.655098915100098 -8.106231689453125e-06
    vertex -42.26566696166992 -1.6029846668243408 -4.76837158203125e-06
  endloop
endfacet
facet normal 0.0 0.0 0.0
  outer loop
    vertex -42.26566696166992 -1.6029846668243408 -4.76837158203125e-06
    vertex -68.49549102783203 -4.655098915100098 -8.106231689453125e-06
    vertex -68.77130889892578 -2.318084716796875 -8.106231689453125e-06
  endloop
endfacet
facet normal 0.0 0.0 0.0
  outer loop
    vertex -42.26566696166992 -1.6029846668243408 -4.76837158203125e-06
    vertex -68.77130889892578 -2.318084716796875 -8.106231689453125e-06
    vertex -42.54301452636719 -0.8103742003440857 -4.76837158203125e-06
  endloop
endfacet
facet normal 0.0 0.0 0.0
  outer loop
    vertex -42.54301452636719 -0.8103742003440857 -4.76837158203125e-06
    vertex -68.77130889892578 -2.318084716796875 -8.106231689453125e-06
    vertex -68.86294555664062 0.03336435556411743 -8.106231689453125e-06
  endloop
endfacet
facet normal 0.0 0.0 0.0
  outer loop
    vertex -42.54301452636719 -0.8103742003440857 -4.76837158203125e-06
    vertex -68.86294555664062 0.03336435556411743 -8.106231689453125e-06
    vertex -42.63703536987305 0.024079322814941406 -4.76837158203125e-06
  endloop
endfacet
facet normal 0.0 0.0 0.0
  outer loop
    vertex -42.63703536987305 0.024079322814941406 -4.76837158203125e-06
    vertex -68.86294555664062 0.03336435556411743 -8.106231689453125e-06
    vertex -42.54301452636719 0.8585328459739685 -4.76837158203125e-06
  endloop
endfacet
facet normal 0.0 0.0 0.0
  outer loop
    vertex -42.54301452636719 0.8585328459739685 -4.76837158203125e-06
    vertex -68.86294555664062 0.03336435556411743 -8.106231689453125e-06
    vertex -68.76985168457031 2.384756088256836 -8.106231689453125e-06
  endloop
endfacet
facet normal 0.0 0.0 0.0
  outer loop
    vertex -42.54301452636719 0.8585328459739685 -4.76837158203125e-06
    vertex -68.76985168457031 2.384756088256836 -8.106231689453125e-06
    vertex -42.26566696166992 1.6511433124542236 -4.76837158203125e-06
  endloop
endfacet
facet normal 0.0 0.0 0.0
  outer loop
    vertex -42.26566696166992 1.6511433124542236 -4.76837158203125e-06
    vertex -68.76985168457031 2.384756088256836 -8.106231689453125e-06
    vertex -68.49258422851562 4.721599102020264 -8.106231689453125e-06
  endloop
endfacet
facet normal 0.0 0.0 0.0
  outer loop
    vertex -42.26566696166992 1.6511433124542236 -4.76837158203125e-06
    vertex -68.49258422851562 4.721599102020264 -8.106231689453125e-06
    vertex -41.818904876708984 2.362166166305542 -4.76837158203125e-06
  endloop
endfacet
facet normal 0.0 0.0 0.0
  outer loop
    vertex -41.818904876708984 2.362166166305542 -4.76837158203125e-06
    vertex -68.49258422851562 4.721599102020264 -8.106231689453125e-06
    vertex -41.225120544433594 2.9559473991394043 -4.76837158203125e-06
  endloop
endfacet
facet normal 0.0 0.0 0.0
  outer loop
    vertex -41.225120544433594 2.9559473991394043 -4.76837158203125e-06
    vertex -68.49258422851562 4.721599102020264 -8.106231689453125e-06
    vertex -68.03286743164062 7.029491901397705 -8.106231689453125e-06
  endloop
endfacet
facet normal 0.0 0.0 0.0
  outer loop
    vertex -41.225120544433594 2.9559473991394043 -4.76837158203125e-06
    vertex -68.03286743164062 7.029491901397705 -8.106231689453125e-06
    vertex -40.51409912109375 3.40271258354187 -4.291534423828125e-06
  endloop
endfacet
facet normal 0.0 0.0 0.0
  outer loop
    vertex -40.51409912109375 3.40271258354187 -4.291534423828125e-06
    vertex -68.03286743164062 7.029491901397705 -8.106231689453125e-06
    vertex -67.39352416992188 9.294211387634277 -8.106231689453125e-06
  endloop
endfacet
facet normal 0.0 0.0 0.0
  outer loop
    vertex -40.51409912109375 3.40271258354187 -4.291534423828125e-06
    vertex -67.39352416992188 9.294211387634277 -8.106231689453125e-06
    vertex -39.72148895263672 3.6800589561462402 -4.291534423828125e-06
  endloop
endfacet
facet normal 0.0 0.0 0.0
  outer loop
    vertex -39.72148895263672 3.6800589561462402 -4.291534423828125e-06
    vertex -67.39352416992188 9.294211387634277 -8.106231689453125e-06
    vertex -66.57849884033203 11.501799583435059 -8.106231689453125e-06
  endloop
endfacet
facet normal 0.0 0.0 0.0
  outer loop
    vertex -39.72148895263672 3.6800589561462402 -4.291534423828125e-06
    vertex -66.57849884033203 11.501799583435059 -8.106231689453125e-06
    vertex -65.59281921386719 13.638651847839355 -7.62939453125e-06
  endloop
endfacet
facet normal 0.0 0.0 0.0
  outer loop
    vertex -39.72148895263672 3.6800589561462402 -4.291534423828125e-06
    vertex -65.59281921386719 13.638651847839355 -7.62939453125e-06
    vertex -38.88703536987305 3.7740793228149414 -4.291534423828125e-06
  endloop
endfacet
facet normal 0.0 0.0 0.0
  outer loop
    vertex -38.88703536987305 3.7740793228149414 -4.291534423828125e-06
    vertex -65.59281921386719 13.638651847839355 -7.62939453125e-06
    vertex -64.44255065917969 15.691598892211914 -7.62939453125e-06
  endloop
endfacet
facet normal 0.0 0.0 0.0
  outer loop
    vertex -38.88703536987305 3.7740793228149414 -4.291534423828125e-06
    vertex -64.44255065917969 15.691598892211914 -7.62939453125e-06
    vertex -63.13478088378906 17.647987365722656 -7.62939453125e-06
  endloop
endfacet
facet normal 0.0 0.0 0.0
  outer loop
    vertex -63.13478088378906 17.647987365722656 -7.62939453125e-06
    vertex -61.677581787109375 19.49576187133789 -7.152557373046875e-06
    vertex -38.88703536987305 3.7740793228149414 -4.291534423828125e-06
  endloop
endfacet
facet normal 0.0 0.0 0.0
  outer loop
    vertex -38.88703536987305 3.7740793228149414 -4.291534423828125e-06
    vertex -61.677581787109375 19.49576187133789 -7.152557373046875e-06
    vertex -7.567216396331787 19.651378631591797 0.0
  endloop
endfacet
facet normal 0.0 0.0 0.0
  outer loop
    vertex -38.88703536987305 3.7740793228149414 -4.291534423828125e-06
    vertex -7.567216396331787 19.651378631591797 0.0
    vertex -38.052581787109375 3.6800589561462402 -4.291534423828125e-06
  endloop
endfacet
facet normal 0.0 0.0 0.0
  outer loop
    vertex -38.052581787109375 3.6800589561462402 -4.291534423828125e-06
    vertex -7.567216396331787 19.651378631591797 0.0
    vertex -7.256556987762451 19.41299819946289 0.0
  endloop
endfacet
facet normal 0.0 0.0 0.0
  outer loop
    vertex -38.052581787109375 3.6800589561462402 -4.291534423828125e-06
    vertex -7.256556987762451 19.41299819946289 0.0
    vertex -4.453119277954102 12.303170204162598 4.76837158203125e-07
  endloop
endfacet
facet normal 0.0 0.0 0.0
  outer loop
    vertex -4.453119277954102 12.303170204162598 4.76837158203125e-07
    vertex -7.256556987762451 19.41299819946289 0.0
    vertex -3.939207077026367 13.102831840515137 4.76837158203125e-07
  endloop
endfacet
facet normal 0.0 0.0 0.0
  outer loop
    vertex -3.939207077026367 13.102831840515137 4.76837158203125e-07
    vertex -7.256556987762451 19.41299819946289 0.0
    vertex -6.894784450531006 19.26314926147461 0.0
  endloop
endfacet
facet normal 0.0 0.0 0.0
  outer loop
    vertex -3.939207077026367 13.102831840515137 4.76837158203125e-07
    vertex -6.894784450531006 19.26314926147461 0.0
    vertex -3.2832469940185547 13.79078483581543 4.76837158203125e-07
  endloop
endfacet
facet normal 0.0 0.0 0.0
  outer loop
    vertex -3.2832469940185547 13.79078483581543 4.76837158203125e-07
    vertex -6.894784450531006 19.26314926147461 0.0
    vertex -2.5089399814605713 14.342164039611816 4.76837158203125e-07
  endloop
endfacet
facet normal 0.0 0.0 0.0
  outer loop
    vertex -2.5089399814605713 14.342164039611816 4.76837158203125e-07
    vertex -6.894784450531006 19.26314926147461 0.0
    vertex -6.506555080413818 19.2120361328125 0.0
  endloop
endfacet
facet normal 0.0 0.0 0.0
  outer loop
    vertex -2.5089399814605713 14.342164039611816 4.76837158203125e-07
    vertex -6.506555080413818 19.2120361328125 0.0
    vertex -1.6442815065383911 14.737041473388672 9.5367431640625e-07
  endloop
endfacet
facet normal 0.0 0.0 0.0
  outer loop
    vertex -1.6442815065383911 14.737041473388672 9.5367431640625e-07
    vertex -6.506555080413818 19.2120361328125 0.0
    vertex -6.118325710296631 19.26314926147461 0.0
  endloop
endfacet
facet normal 0.0 0.0 0.0
  outer loop
    vertex -1.6442815065383911 14.737041473388672 9.5367431640625e-07
    vertex -6.118325710296631 19.26314926147461 0.0
    vertex -0.720514714717865 14.96114444732666 9.5367431640625e-07
  endloop
endfacet
facet normal 0.0 0.0 0.0
  outer loop
    vertex -0.720514714717865 14.96114444732666 9.5367431640625e-07
    vertex -6.118325710296631 19.26314926147461 0.0
    vertex -5.756555557250977 19.41299819946289 0.0
  endloop
endfacet
facet normal 0.0 0.0 0.0
  outer loop
    vertex -0.720514714717865 14.96114444732666 9.5367431640625e-07
    vertex -5.756555557250977 19.41299819946289 0.0
    vertex 0.22896721959114075 15.00637435913086 9.5367431640625e-07
  endloop
endfacet
facet normal 0.0 0.0 0.0
  outer loop
    vertex 0.22896721959114075 15.00637435913086 9.5367431640625e-07
    vertex -5.756555557250977 19.41299819946289 0.0
    vertex 5.743443489074707 19.41299819946289 1.9073486328125e-06
  endloop
endfacet
facet normal 0.0 0.0 0.0
  outer loop
    vertex 0.22896721959114075 15.00637435913086 9.5367431640625e-07
    vertex 5.743443489074707 19.41299819946289 1.9073486328125e-06
    vertex 6.105213642120361 19.26314926147461 1.9073486328125e-06
  endloop
endfacet
facet normal 0.0 0.0 0.0
  outer loop
    vertex -61.677581787109375 19.49576187133789 -7.152557373046875e-06
    vertex -60.079925537109375 21.22353744506836 -7.152557373046875e-06
    vertex -7.567216396331787 19.651378631591797 0.0
  endloop
endfacet
facet normal 0.0 0.0 0.0
  outer loop
    vertex -7.567216396331787 19.651378631591797 0.0
    vertex -60.079925537109375 21.22353744506836 -7.152557373046875e-06
    vertex -7.8055949211120605 19.9620361328125 0.0
  endloop
endfacet
facet normal 0.0 0.0 0.0
  outer loop
    vertex -7.8055949211120605 19.9620361328125 0.0
    vertex -60.079925537109375 21.22353744506836 -7.152557373046875e-06
    vertex -58.351654052734375 22.820659637451172 -6.67572021484375e-06
  endloop
endfacet
facet normal 0.0 0.0 0.0
  outer loop
    vertex -7.8055949211120605 19.9620361328125 0.0
    vertex -58.351654052734375 22.820659637451172 -6.67572021484375e-06
    vertex -7.955445766448975 20.323806762695312 0.0
  endloop
endfacet
facet normal 0.0 0.0 0.0
  outer loop
    vertex -7.955445766448975 20.323806762695312 0.0
    vertex -58.351654052734375 22.820659637451172 -6.67572021484375e-06
    vertex -56.5034294128418 24.277286529541016 -6.67572021484375e-06
  endloop
endfacet
facet normal 0.0 0.0 0.0
  outer loop
    vertex -7.955445766448975 20.323806762695312 0.0
    vertex -56.5034294128418 24.277286529541016 -6.67572021484375e-06
    vertex -54.546634674072266 25.584449768066406 -6.198883056640625e-06
  endloop
endfacet
facet normal 0.0 0.0 0.0
  outer loop
    vertex -7.955445766448975 20.323806762695312 0.0
    vertex -54.546634674072266 25.584449768066406 -6.198883056640625e-06
    vertex -38.88703536987305 29.999996185302734 -4.291534423828125e-06
  endloop
endfacet
facet normal 0.0 0.0 0.0
  outer loop
    vertex -38.88703536987305 29.999996185302734 -4.291534423828125e-06
    vertex -54.546634674072266 25.584449768066406 -6.198883056640625e-06
    vertex -52.49333190917969 26.734081268310547 -6.198883056640625e-06
  endloop
endfacet
facet normal 0.0 0.0 0.0
  outer loop
    vertex -38.88703536987305 29.999996185302734 -4.291534423828125e-06
    vertex -52.49333190917969 26.734081268310547 -6.198883056640625e-06
    vertex -50.35617446899414 27.719104766845703 -5.7220458984375e-06
  endloop
endfacet
facet normal 0.0 0.0 0.0
  outer loop
    vertex -50.35617446899414 27.719104766845703 -5.7220458984375e-06
    vertex -48.14833450317383 28.533443450927734 -5.245208740234375e-06
    vertex -38.88703536987305 29.999996185302734 -4.291534423828125e-06
  endloop
endfacet
facet normal 0.0 0.0 0.0
  outer loop
    vertex -38.88703536987305 29.999996185302734 -4.291534423828125e-06
    vertex -48.14833450317383 28.533443450927734 -5.245208740234375e-06
    vertex -45.883419036865234 29.17208480834961 -5.245208740234375e-06
  endloop
endfacet
facet normal 0.0 0.0 0.0
  outer loop
    vertex -38.88703536987305 29.999996185302734 -4.291534423828125e-06
    vertex -45.883419036865234 29.17208480834961 -5.245208740234375e-06
    vertex -43.57538604736328 29.631088256835938 -4.76837158203125e-06
  endloop
endfacet
facet normal 0.0 0.0 0.0
  outer loop
    vertex -43.57538604736328 29.631088256835938 -4.76837158203125e-06
    vertex -41.23845672607422 29.90762710571289 -4.76837158203125e-06
    vertex -38.88703536987305 29.999996185302734 -4.291534423828125e-06
  endloop
endfacet
facet normal 0.0 0.0 0.0
  outer loop
    vertex 7.554100513458252 19.651378631591797 1.9073486328125e-06
    vertex 4.63289737701416 11.870349884033203 1.430511474609375e-06
    vertex 7.243443012237549 19.41299819946289 1.9073486328125e-06
  endloop
endfacet
facet normal 0.0 0.0 0.0
  outer loop
    vertex 7.243443012237549 19.41299819946289 1.9073486328125e-06
    vertex 4.63289737701416 11.870349884033203 1.430511474609375e-06
    vertex 4.197323799133301 12.715241432189941 1.430511474609375e-06
  endloop
endfacet
facet normal 0.0 0.0 0.0
  outer loop
    vertex 7.243443012237549 19.41299819946289 1.9073486328125e-06
    vertex 4.197323799133301 12.715241432189941 1.430511474609375e-06
    vertex 3.609726905822754 13.462431907653809 1.430511474609375e-06
  endloop
endfacet
facet normal 0.0 0.0 0.0
  outer loop
    vertex 7.243443012237549 19.41299819946289 1.9073486328125e-06
    vertex 3.609726905822754 13.462431907653809 1.430511474609375e-06
    vertex 6.881672382354736 19.26314926147461 1.9073486328125e-06
  endloop
endfacet
facet normal 0.0 0.0 0.0
  outer loop
    vertex 6.881672382354736 19.26314926147461 1.9073486328125e-06
    vertex 3.609726905822754 13.462431907653809 1.430511474609375e-06
    vertex 2.891343355178833 14.084917068481445 1.430511474609375e-06
  endloop
endfacet
facet normal 0.0 0.0 0.0
  outer loop
    vertex 6.881672382354736 19.26314926147461 1.9073486328125e-06
    vertex 2.891343355178833 14.084917068481445 1.430511474609375e-06
    vertex 6.493443012237549 19.2120361328125 1.9073486328125e-06
  endloop
endfacet
facet normal 0.0 0.0 0.0
  outer loop
    vertex 6.493443012237549 19.2120361328125 1.9073486328125e-06
    vertex 2.891343355178833 14.084917068481445 1.430511474609375e-06
    vertex 2.068131685256958 14.560196876525879 1.430511474609375e-06
  endloop
endfacet
facet normal 0.0 0.0 0.0
  outer loop
    vertex 6.493443012237549 19.2120361328125 1.9073486328125e-06
    vertex 2.068131685256958 14.560196876525879 1.430511474609375e-06
    vertex 1.1698508262634277 14.871094703674316 9.5367431640625e-07
  endloop
endfacet
facet normal 0.0 0.0 0.0
  outer loop
    vertex 6.493443012237549 19.2120361328125 1.9073486328125e-06
    vertex 1.1698508262634277 14.871094703674316 9.5367431640625e-07
    vertex 6.105213642120361 19.26314926147461 1.9073486328125e-06
  endloop
endfacet
facet normal 0.0 0.0 0.0
  outer loop
    vertex 6.105213642120361 19.26314926147461 1.9073486328125e-06
    vertex 1.1698508262634277 14.871094703674316 9.5367431640625e-07
    vertex 0.22896721959114075 15.00637435913086 9.5367431640625e-07
  endloop
endfacet
facet normal 0.0 0.0 0.0
  outer loop
    vertex -4.453119277954102 12.303170204162598 4.76837158203125e-07
    vertex -4.806406021118164 11.420700073242188 4.76837158203125e-07
    vertex -38.052581787109375 3.6800589561462402 -4.291534423828125e-06
  endloop
endfacet
facet normal 0.0 0.0 0.0
  outer loop
    vertex -38.052581787109375 3.6800589561462402 -4.291534423828125e-06
    vertex -4.806406021118164 11.420700073242188 4.76837158203125e-07
    vertex -4.986299514770508 10.487317085266113 4.76837158203125e-07
  endloop
endfacet
facet normal 0.0 0.0 0.0
  outer loop
    vertex -38.052581787109375 3.6800589561462402 -4.291534423828125e-06
    vertex -4.986299514770508 10.487317085266113 4.76837158203125e-07
    vertex -37.259971618652344 3.40271258354187 -3.814697265625e-06
  endloop
endfacet
facet normal 0.0 0.0 0.0
  outer loop
    vertex -37.259971618652344 3.40271258354187 -3.814697265625e-06
    vertex -4.986299514770508 10.487317085266113 4.76837158203125e-07
    vertex -4.986299514770508 9.536757469177246 4.76837158203125e-07
  endloop
endfacet
facet normal 0.0 0.0 0.0
  outer loop
    vertex -37.259971618652344 3.40271258354187 -3.814697265625e-06
    vertex -4.986299514770508 9.536757469177246 4.76837158203125e-07
    vertex -4.806406021118164 8.603374481201172 4.76837158203125e-07
  endloop
endfacet
facet normal 0.0 0.0 0.0
  outer loop
    vertex -37.259971618652344 3.40271258354187 -3.814697265625e-06
    vertex -4.806406021118164 8.603374481201172 4.76837158203125e-07
    vertex -36.5489501953125 2.9559473991394043 -3.814697265625e-06
  endloop
endfacet
facet normal 0.0 0.0 0.0
  outer loop
    vertex -36.5489501953125 2.9559473991394043 -3.814697265625e-06
    vertex -4.806406021118164 8.603374481201172 4.76837158203125e-07
    vertex -4.453119277954102 7.72090482711792 4.76837158203125e-07
  endloop
endfacet
facet normal 0.0 0.0 0.0
  outer loop
    vertex -36.5489501953125 2.9559473991394043 -3.814697265625e-06
    vertex -4.453119277954102 7.72090482711792 4.76837158203125e-07
    vertex -3.939207077026367 6.9212422370910645 4.76837158203125e-07
  endloop
endfacet
facet normal 0.0 0.0 0.0
  outer loop
    vertex -36.5489501953125 2.9559473991394043 -3.814697265625e-06
    vertex -3.939207077026367 6.9212422370910645 4.76837158203125e-07
    vertex -35.95516586303711 2.362166166305542 -3.814697265625e-06
  endloop
endfacet
facet normal 0.0 0.0 0.0
  outer loop
    vertex -35.95516586303711 2.362166166305542 -3.814697265625e-06
    vertex -3.939207077026367 6.9212422370910645 4.76837158203125e-07
    vertex -3.2832469940185547 6.2332892417907715 4.76837158203125e-07
  endloop
endfacet
facet normal 0.0 0.0 0.0
  outer loop
    vertex -35.95516586303711 2.362166166305542 -3.814697265625e-06
    vertex -3.2832469940185547 6.2332892417907715 4.76837158203125e-07
    vertex -35.50840377807617 1.6511433124542236 -3.814697265625e-06
  endloop
endfacet
facet normal 0.0 0.0 0.0
  outer loop
    vertex -35.50840377807617 1.6511433124542236 -3.814697265625e-06
    vertex -3.2832469940185547 6.2332892417907715 4.76837158203125e-07
    vertex -35.231056213378906 0.8585328459739685 -3.814697265625e-06
  endloop
endfacet
facet normal 0.0 0.0 0.0
  outer loop
    vertex -35.231056213378906 0.8585328459739685 -3.814697265625e-06
    vertex -3.2832469940185547 6.2332892417907715 4.76837158203125e-07
    vertex -2.5089399814605713 5.681910514831543 4.76837158203125e-07
  endloop
endfacet
facet normal 0.0 0.0 0.0
  outer loop
    vertex -35.231056213378906 0.8585328459739685 -3.814697265625e-06
    vertex -2.5089399814605713 5.681910514831543 4.76837158203125e-07
    vertex -35.13703536987305 0.024079322814941406 -3.814697265625e-06
  endloop
endfacet
facet normal 0.0 0.0 0.0
  outer loop
    vertex -35.13703536987305 0.024079322814941406 -3.814697265625e-06
    vertex -2.5089399814605713 5.681910514831543 4.76837158203125e-07
    vertex -1.6442815065383911 5.2870330810546875 9.5367431640625e-07
  endloop
endfacet
facet normal 0.0 0.0 0.0
  outer loop
    vertex -35.13703536987305 0.024079322814941406 -3.814697265625e-06
    vertex -1.6442815065383911 5.2870330810546875 9.5367431640625e-07
    vertex -35.231056213378906 -0.8103742003440857 -3.814697265625e-06
  endloop
endfacet
facet normal 0.0 0.0 0.0
  outer loop
    vertex -35.231056213378906 -0.8103742003440857 -3.814697265625e-06
    vertex -1.6442815065383911 5.2870330810546875 9.5367431640625e-07
    vertex -35.50840377807617 -1.6029846668243408 -3.814697265625e-06
  endloop
endfacet
facet normal 0.0 0.0 0.0
  outer loop
    vertex -35.50840377807617 -1.6029846668243408 -3.814697265625e-06
    vertex -1.6442815065383911 5.2870330810546875 9.5367431640625e-07
    vertex -0.720514714717865 5.062930107116699 9.5367431640625e-07
  endloop
endfacet
facet normal 0.0 0.0 0.0
  outer loop
    vertex -35.50840377807617 -1.6029846668243408 -3.814697265625e-06
    vertex -0.720514714717865 5.062930107116699 9.5367431640625e-07
    vertex -35.95516586303711 -2.314007520675659 -3.814697265625e-06
  endloop
endfacet
facet normal 0.0 0.0 0.0
  outer loop
    vertex -35.95516586303711 -2.314007520675659 -3.814697265625e-06
    vertex -0.720514714717865 5.062930107116699 9.5367431640625e-07
    vertex -6.51938009262085 -19.18393325805664 0.0
  endloop
endfacet
facet normal 0.0 0.0 0.0
  outer loop
    vertex -35.95516586303711 -2.314007520675659 -3.814697265625e-06
    vertex -6.51938009262085 -19.18393325805664 0.0
    vertex -36.5489501953125 -2.9077887535095215 -3.814697265625e-06
  endloop
endfacet
facet normal 0.0 0.0 0.0
  outer loop
    vertex -36.5489501953125 -2.9077887535095215 -3.814697265625e-06
    vertex -6.51938009262085 -19.18393325805664 0.0
    vertex -6.907607555389404 -19.23504638671875 0.0
  endloop
endfacet
facet normal 0.0 0.0 0.0
  outer loop
    vertex -36.5489501953125 -2.9077887535095215 -3.814697265625e-06
    vertex -6.907607555389404 -19.23504638671875 0.0
    vertex -37.259971618652344 -3.3545539379119873 -3.814697265625e-06
  endloop
endfacet
facet normal 0.0 0.0 0.0
  outer loop
    vertex -37.259971618652344 -3.3545539379119873 -3.814697265625e-06
    vertex -6.907607555389404 -19.23504638671875 0.0
    vertex -38.052581787109375 -3.6319003105163574 -4.291534423828125e-06
  endloop
endfacet
facet normal 0.0 0.0 0.0
  outer loop
    vertex -38.052581787109375 -3.6319003105163574 -4.291534423828125e-06
    vertex -6.907607555389404 -19.23504638671875 0.0
    vertex -7.269378185272217 -19.38489532470703 0.0
  endloop
endfacet
facet normal 0.0 0.0 0.0
  outer loop
    vertex -38.052581787109375 -3.6319003105163574 -4.291534423828125e-06
    vertex -7.269378185272217 -19.38489532470703 0.0
    vertex -7.5800395011901855 -19.623275756835938 0.0
  endloop
endfacet
facet normal 0.0 0.0 0.0
  outer loop
    vertex -0.720514714717865 5.062930107116699 9.5367431640625e-07
    vertex 0.22896721959114075 5.017700672149658 9.5367431640625e-07
    vertex -6.51938009262085 -19.18393325805664 0.0
  endloop
endfacet
facet normal 0.0 0.0 0.0
  outer loop
    vertex -6.51938009262085 -19.18393325805664 0.0
    vertex 0.22896721959114075 5.017700672149658 9.5367431640625e-07
    vertex 6.480618000030518 -19.191986083984375 1.9073486328125e-06
  endloop
endfacet
facet normal 0.0 0.0 0.0
  outer loop
    vertex -6.51938009262085 -19.18393325805664 0.0
    vertex 6.480618000030518 -19.191986083984375 1.9073486328125e-06
    vertex -6.131150722503662 -19.23504638671875 0.0
  endloop
endfacet
facet normal 0.0 0.0 0.0
  outer loop
    vertex -6.131150722503662 -19.23504638671875 0.0
    vertex 6.480618000030518 -19.191986083984375 1.9073486328125e-06
    vertex 6.09238862991333 -19.243099212646484 1.9073486328125e-06
  endloop
endfacet
facet normal 0.0 0.0 0.0
  outer loop
    vertex -6.131150722503662 -19.23504638671875 0.0
    vertex 6.09238862991333 -19.243099212646484 1.9073486328125e-06
    vertex -5.769380569458008 -19.38489532470703 0.0
  endloop
endfacet
facet normal 0.0 0.0 0.0
  outer loop
    vertex -5.769380569458008 -19.38489532470703 0.0
    vertex 6.09238862991333 -19.243099212646484 1.9073486328125e-06
    vertex 5.730618476867676 -19.392948150634766 1.9073486328125e-06
  endloop
endfacet
facet normal 0.0 0.0 0.0
  outer loop
    vertex -5.769380569458008 -19.38489532470703 0.0
    vertex 5.730618476867676 -19.392948150634766 1.9073486328125e-06
    vertex -5.458719253540039 -19.623275756835938 0.0
  endloop
endfacet
facet normal 0.0 0.0 0.0
  outer loop
    vertex -5.458719253540039 -19.623275756835938 0.0
    vertex 5.730618476867676 -19.392948150634766 1.9073486328125e-06
    vertex 5.419957160949707 -19.631328582763672 1.9073486328125e-06
  endloop
endfacet
facet normal 0.0 0.0 0.0
  outer loop
    vertex -5.458719253540039 -19.623275756835938 0.0
    vertex 5.419957160949707 -19.631328582763672 1.9073486328125e-06
    vertex -5.220342636108398 -19.93393325805664 4.76837158203125e-07
  endloop
endfacet
facet normal 0.0 0.0 0.0
  outer loop
    vertex -5.220342636108398 -19.93393325805664 4.76837158203125e-07
    vertex 5.419957160949707 -19.631328582763672 1.9073486328125e-06
    vertex 5.181580543518066 -19.941986083984375 1.430511474609375e-06
  endloop
endfacet
facet normal 0.0 0.0 0.0
  outer loop
    vertex -5.220342636108398 -19.93393325805664 4.76837158203125e-07
    vertex 5.181580543518066 -19.941986083984375 1.430511474609375e-06
    vertex -5.070489883422852 -20.295703887939453 4.76837158203125e-07
  endloop
endfacet
facet normal 0.0 0.0 0.0
  outer loop
    vertex -5.070489883422852 -20.295703887939453 4.76837158203125e-07
    vertex 5.181580543518066 -19.941986083984375 1.430511474609375e-06
    vertex 5.0317277908325195 -20.303760528564453 1.430511474609375e-06
  endloop
endfacet
facet normal 0.0 0.0 0.0
  outer loop
    vertex -5.070489883422852 -20.295703887939453 4.76837158203125e-07
    vertex 5.0317277908325195 -20.303760528564453 1.430511474609375e-06
    vertex -5.019380569458008 -20.68393325805664 4.76837158203125e-07
  endloop
endfacet
facet normal 0.0 0.0 0.0
  outer loop
    vertex -5.019380569458008 -20.68393325805664 4.76837158203125e-07
    vertex 5.0317277908325195 -20.303760528564453 1.430511474609375e-06
    vertex 4.980618476867676 -20.691986083984375 1.430511474609375e-06
  endloop
endfacet
facet normal 0.0 0.0 0.0
  outer loop
    vertex -5.019380569458008 -20.68393325805664 4.76837158203125e-07
    vertex 4.980618476867676 -20.691986083984375 1.430511474609375e-06
    vertex -5.070489883422852 -21.072162628173828 4.76837158203125e-07
  endloop
endfacet
facet normal 0.0 0.0 0.0
  outer loop
    vertex -5.070489883422852 -21.072162628173828 4.76837158203125e-07
    vertex 4.980618476867676 -20.691986083984375 1.430511474609375e-06
    vertex 5.0317277908325195 -21.080215454101562 1.430511474609375e-06
  endloop
endfacet
facet normal 0.0 0.0 0.0
  outer loop
    vertex -5.070489883422852 -21.072162628173828 4.76837158203125e-07
    vertex 5.0317277908325195 -21.080215454101562 1.430511474609375e-06
    vertex -5.220342636108398 -21.43393325805664 4.76837158203125e-07
  endloop
endfacet
facet normal 0.0 0.0 0.0
  outer loop
    vertex -5.220342636108398 -21.43393325805664 4.76837158203125e-07
    vertex 5.0317277908325195 -21.080215454101562 1.430511474609375e-06
    vertex 5.181580543518066 -21.441986083984375 1.430511474609375e-06
  endloop
endfacet
facet normal 0.0 0.0 0.0
  outer loop
    vertex -5.220342636108398 -21.43393325805664 4.76837158203125e-07
    vertex 5.181580543518066 -21.441986083984375 1.430511474609375e-06
    vertex -5.458719253540039 -21.74459457397461 0.0
  endloop
endfacet
facet normal 0.0 0.0 0.0
  outer loop
    vertex -5.458719253540039 -21.74459457397461 0.0
    vertex 5.181580543518066 -21.441986083984375 1.430511474609375e-06
    vertex 5.419957160949707 -21.752647399902344 1.9073486328125e-06
  endloop
endfacet
facet normal 0.0 0.0 0.0
  outer loop
    vertex -5.458719253540039 -21.74459457397461 0.0
    vertex 5.419957160949707 -21.752647399902344 1.9073486328125e-06
    vertex -5.769380569458008 -21.98297119140625 0.0
  endloop
endfacet
facet normal 0.0 0.0 0.0
  outer loop
    vertex -5.769380569458008 -21.98297119140625 0.0
    vertex 5.419957160949707 -21.752647399902344 1.9073486328125e-06
    vertex 5.730618476867676 -21.991024017333984 1.9073486328125e-06
  endloop
endfacet
facet normal 0.0 0.0 0.0
  outer loop
    vertex -5.769380569458008 -21.98297119140625 0.0
    vertex 5.730618476867676 -21.991024017333984 1.9073486328125e-06
    vertex -6.131150722503662 -22.132823944091797 0.0
  endloop
endfacet
facet normal 0.0 0.0 0.0
  outer loop
    vertex -6.131150722503662 -22.132823944091797 0.0
    vertex 5.730618476867676 -21.991024017333984 1.9073486328125e-06
    vertex 6.09238862991333 -22.14087677001953 1.9073486328125e-06
  endloop
endfacet
facet normal 0.0 0.0 0.0
  outer loop
    vertex -6.131150722503662 -22.132823944091797 0.0
    vertex 6.09238862991333 -22.14087677001953 1.9073486328125e-06
    vertex -6.51938009262085 -22.18393325805664 0.0
  endloop
endfacet
facet normal 0.0 0.0 0.0
  outer loop
    vertex -6.51938009262085 -22.18393325805664 0.0
    vertex 6.09238862991333 -22.14087677001953 1.9073486328125e-06
    vertex 6.480618000030518 -22.191986083984375 1.9073486328125e-06
  endloop
endfacet
facet normal 0.0 0.0 0.0
  outer loop
    vertex -6.51938009262085 -22.18393325805664 0.0
    vertex 6.480618000030518 -22.191986083984375 1.9073486328125e-06
    vertex -38.90560531616211 -29.951831817626953 -4.291534423828125e-06
  endloop
endfacet
facet normal 0.0 0.0 0.0
  outer loop
    vertex 0.22896721959114075 5.017700672149658 9.5367431640625e-07
    vertex 1.1698508262634277 5.152979373931885 9.5367431640625e-07
    vertex 6.480618000030518 -19.191986083984375 1.9073486328125e-06
  endloop
endfacet
facet normal 0.0 0.0 0.0
  outer loop
    vertex 6.480618000030518 -19.191986083984375 1.9073486328125e-06
    vertex 1.1698508262634277 5.152979373931885 9.5367431640625e-07
    vertex 6.868847370147705 -19.243099212646484 1.9073486328125e-06
  endloop
endfacet
facet normal 0.0 0.0 0.0
  outer loop
    vertex 6.868847370147705 -19.243099212646484 1.9073486328125e-06
    vertex 1.1698508262634277 5.152979373931885 9.5367431640625e-07
    vertex 2.068131685256958 5.463877201080322 1.430511474609375e-06
  endloop
endfacet
facet normal 0.0 0.0 0.0
  outer loop
    vertex -5.057668685913086 21.100265502929688 4.76837158203125e-07
    vertex 5.044552803039551 21.100265502929688 1.430511474609375e-06
    vertex -5.006555557250977 20.7120361328125 4.76837158203125e-07
  endloop
endfacet
facet normal 0.0 0.0 0.0
  outer loop
    vertex -5.006555557250977 20.7120361328125 4.76837158203125e-07
    vertex 5.044552803039551 21.100265502929688 1.430511474609375e-06
    vertex 4.993443489074707 20.7120361328125 1.430511474609375e-06
  endloop
endfacet
facet normal 0.0 0.0 0.0
  outer loop
    vertex -5.006555557250977 20.7120361328125 4.76837158203125e-07
    vertex 4.993443489074707 20.7120361328125 1.430511474609375e-06
    vertex -5.057668685913086 20.323806762695312 4.76837158203125e-07
  endloop
endfacet
facet normal 0.0 0.0 0.0
  outer loop
    vertex -5.057668685913086 20.323806762695312 4.76837158203125e-07
    vertex 4.993443489074707 20.7120361328125 1.430511474609375e-06
    vertex 5.044552803039551 20.323806762695312 1.430511474609375e-06
  endloop
endfacet
facet normal 0.0 0.0 0.0
  outer loop
    vertex -5.057668685913086 20.323806762695312 4.76837158203125e-07
    vertex 5.044552803039551 20.323806762695312 1.430511474609375e-06
    vertex -5.207517623901367 19.9620361328125 4.76837158203125e-07
  endloop
endfacet
facet normal 0.0 0.0 0.0
  outer loop
    vertex -5.207517623901367 19.9620361328125 4.76837158203125e-07
    vertex 5.044552803039551 20.323806762695312 1.430511474609375e-06
    vertex 5.194405555725098 19.9620361328125 1.430511474609375e-06
  endloop
endfacet
facet normal 0.0 0.0 0.0
  outer loop
    vertex -5.207517623901367 19.9620361328125 4.76837158203125e-07
    vertex 5.194405555725098 19.9620361328125 1.430511474609375e-06
    vertex -5.445898056030273 19.651378631591797 0.0
  endloop
endfacet
facet normal 0.0 0.0 0.0
  outer loop
    vertex -5.445898056030273 19.651378631591797 0.0
    vertex 5.194405555725098 19.9620361328125 1.430511474609375e-06
    vertex 5.432782173156738 19.651378631591797 1.9073486328125e-06
  endloop
endfacet
facet normal 0.0 0.0 0.0
  outer loop
    vertex -5.445898056030273 19.651378631591797 0.0
    vertex 5.432782173156738 19.651378631591797 1.9073486328125e-06
    vertex -5.756555557250977 19.41299819946289 0.0
  endloop
endfacet
facet normal 0.0 0.0 0.0
  outer loop
    vertex -5.756555557250977 19.41299819946289 0.0
    vertex 5.432782173156738 19.651378631591797 1.9073486328125e-06
    vertex 5.743443489074707 19.41299819946289 1.9073486328125e-06
  endloop
endfacet
facet normal 0.0 0.0 0.0
  outer loop
    vertex 5.044552803039551 21.100265502929688 1.430511474609375e-06
    vertex -5.057668685913086 21.100265502929688 4.76837158203125e-07
    vertex 5.194405555725098 21.4620361328125 1.430511474609375e-06
  endloop
endfacet
facet normal 0.0 0.0 0.0
  outer loop
    vertex 5.194405555725098 21.4620361328125 1.430511474609375e-06
    vertex -5.057668685913086 21.100265502929688 4.76837158203125e-07
    vertex -5.207517623901367 21.4620361328125 4.76837158203125e-07
  endloop
endfacet
facet normal 0.0 0.0 0.0
  outer loop
    vertex 5.194405555725098 21.4620361328125 1.430511474609375e-06
    vertex -5.207517623901367 21.4620361328125 4.76837158203125e-07
    vertex 5.432782173156738 21.77269744873047 1.9073486328125e-06
  endloop
endfacet
facet normal 0.0 0.0 0.0
  outer loop
    vertex 5.432782173156738 21.77269744873047 1.9073486328125e-06
    vertex -5.207517623901367 21.4620361328125 4.76837158203125e-07
    vertex -5.445898056030273 21.77269744873047 0.0
  endloop
endfacet
facet normal 0.0 0.0 0.0
  outer loop
    vertex 5.432782173156738 21.77269744873047 1.9073486328125e-06
    vertex -5.445898056030273 21.77269744873047 0.0
    vertex 5.743443489074707 22.01107406616211 1.9073486328125e-06
  endloop
endfacet
facet normal 0.0 0.0 0.0
  outer loop
    vertex 5.743443489074707 22.01107406616211 1.9073486328125e-06
    vertex -5.445898056030273 21.77269744873047 0.0
    vertex -5.756555557250977 22.01107406616211 0.0
  endloop
endfacet
facet normal 0.0 0.0 0.0
  outer loop
    vertex 5.743443489074707 22.01107406616211 1.9073486328125e-06
    vertex -5.756555557250977 22.01107406616211 0.0
    vertex 6.105213642120361 22.160926818847656 1.9073486328125e-06
  endloop
endfacet
facet normal 0.0 0.0 0.0
  outer loop
    vertex 6.105213642120361 22.160926818847656 1.9073486328125e-06
    vertex -5.756555557250977 22.01107406616211 0.0
    vertex -6.118325710296631 22.160926818847656 0.0
  endloop
endfacet
facet normal 0.0 0.0 0.0
  outer loop
    vertex 6.105213642120361 22.160926818847656 1.9073486328125e-06
    vertex -6.118325710296631 22.160926818847656 0.0
    vertex 6.493443012237549 22.2120361328125 1.9073486328125e-06
  endloop
endfacet
facet normal 0.0 0.0 0.0
  outer loop
    vertex 6.493443012237549 22.2120361328125 1.9073486328125e-06
    vertex -6.118325710296631 22.160926818847656 0.0
    vertex -6.506555080413818 22.2120361328125 0.0
  endloop
endfacet
facet normal 0.0 0.0 0.0
  outer loop
    vertex 6.493443012237549 22.2120361328125 1.9073486328125e-06
    vertex -6.506555080413818 22.2120361328125 0.0
    vertex 38.86295700073242 29.999996185302734 6.198883056640625e-06
  endloop
endfacet
facet normal 0.0 0.0 0.0
  outer loop
    vertex -7.256556987762451 22.01107406616211 0.0
    vertex -7.567216396331787 21.77269744873047 0.0
    vertex -38.88703536987305 29.999996185302734 -4.291534423828125e-06
  endloop
endfacet
facet normal 0.0 0.0 0.0
  outer loop
    vertex -38.88703536987305 29.999996185302734 -4.291534423828125e-06
    vertex -7.567216396331787 21.77269744873047 0.0
    vertex -7.8055949211120605 21.4620361328125 0.0
  endloop
endfacet
facet normal 0.0 0.0 0.0
  outer loop
    vertex -38.88703536987305 29.999996185302734 -4.291534423828125e-06
    vertex -7.8055949211120605 21.4620361328125 0.0
    vertex -7.955445766448975 21.100265502929688 0.0
  endloop
endfacet
facet normal 0.0 0.0 0.0
  outer loop
    vertex -7.955445766448975 21.100265502929688 0.0
    vertex -8.006556510925293 20.7120361328125 0.0
    vertex -38.88703536987305 29.999996185302734 -4.291534423828125e-06
  endloop
endfacet
facet normal 0.0 0.0 0.0
  outer loop
    vertex -38.88703536987305 29.999996185302734 -4.291534423828125e-06
    vertex -8.006556510925293 20.7120361328125 0.0
    vertex -7.955445766448975 20.323806762695312 0.0
  endloop
endfacet
facet normal 0.0 0.0 0.0
  outer loop
    vertex -38.88703536987305 -3.7259206771850586 -4.291534423828125e-06
    vertex -38.052581787109375 -3.6319003105163574 -4.291534423828125e-06
    vertex -7.5800395011901855 -19.623275756835938 0.0
  endloop
endfacet
facet normal 0.0 0.0 0.0
  outer loop
    vertex 7.9423298835754395 20.323806762695312 1.9073486328125e-06
    vertex 7.993443012237549 20.7120361328125 1.9073486328125e-06
    vertex 38.86295700073242 29.999996185302734 6.198883056640625e-06
  endloop
endfacet
facet normal 0.0 0.0 0.0
  outer loop
    vertex 38.86295700073242 29.999996185302734 6.198883056640625e-06
    vertex 7.993443012237549 20.7120361328125 1.9073486328125e-06
    vertex 7.9423298835754395 21.100265502929688 1.9073486328125e-06
  endloop
endfacet
facet normal 0.0 0.0 0.0
  outer loop
    vertex 38.86295700073242 29.999996185302734 6.198883056640625e-06
    vertex 7.9423298835754395 21.100265502929688 1.9073486328125e-06
    vertex 7.792480945587158 21.4620361328125 1.9073486328125e-06
  endloop
endfacet
facet normal 0.0 0.0 0.0
  outer loop
    vertex 7.792480945587158 21.4620361328125 1.9073486328125e-06
    vertex 7.554100513458252 21.77269744873047 1.9073486328125e-06
    vertex 38.86295700073242 29.999996185302734 6.198883056640625e-06
  endloop
endfacet
facet normal 0.0 0.0 0.0
  outer loop
    vertex 38.86295700073242 29.999996185302734 6.198883056640625e-06
    vertex 7.554100513458252 21.77269744873047 1.9073486328125e-06
    vertex 7.243443012237549 22.01107406616211 1.9073486328125e-06
  endloop
endfacet
facet normal 0.0 0.0 0.0
  outer loop
    vertex 38.86295700073242 29.999996185302734 6.198883056640625e-06
    vertex 7.243443012237549 22.01107406616211 1.9073486328125e-06
    vertex 6.881672382354736 22.160926818847656 1.9073486328125e-06
  endloop
endfacet
facet normal 0.0 0.0 0.0
  outer loop
    vertex 6.881672382354736 22.160926818847656 1.9073486328125e-06
    vertex 6.493443012237549 22.2120361328125 1.9073486328125e-06
    vertex 38.86295700073242 29.999996185302734 6.198883056640625e-06
  endloop
endfacet
facet normal 0.0 0.0 0.0
  outer loop
    vertex 7.929504871368408 -21.080215454101562 1.9073486328125e-06
    vertex 7.980618000030518 -20.691986083984375 1.9073486328125e-06
    vertex 38.8443717956543 -29.999996185302734 6.198883056640625e-06
  endloop
endfacet
facet normal 0.0 0.0 0.0
  outer loop
    vertex 38.8443717956543 -29.999996185302734 6.198883056640625e-06
    vertex 7.980618000030518 -20.691986083984375 1.9073486328125e-06
    vertex 7.929504871368408 -20.303760528564453 1.9073486328125e-06
  endloop
endfacet
facet normal 0.0 0.0 0.0
  outer loop
    vertex 7.230618000030518 -21.991024017333984 1.9073486328125e-06
    vertex 7.541275501251221 -21.752647399902344 1.9073486328125e-06
    vertex 38.8443717956543 -29.999996185302734 6.198883056640625e-06
  endloop
endfacet
facet normal 0.0 0.0 0.0
  outer loop
    vertex 38.8443717956543 -29.999996185302734 6.198883056640625e-06
    vertex 7.541275501251221 -21.752647399902344 1.9073486328125e-06
    vertex 7.779655933380127 -21.441986083984375 1.9073486328125e-06
  endloop
endfacet
facet normal 0.0 0.0 0.0
  outer loop
    vertex 38.8443717956543 -29.999996185302734 6.198883056640625e-06
    vertex 7.779655933380127 -21.441986083984375 1.9073486328125e-06
    vertex 7.929504871368408 -21.080215454101562 1.9073486328125e-06
  endloop
endfacet
facet normal 0.0 0.0 0.0
  outer loop
    vertex -7.96826696395874 -20.295703887939453 0.0
    vertex -8.019377708435059 -20.68393325805664 0.0
    vertex -38.90560531616211 -29.951831817626953 -4.291534423828125e-06
  endloop
endfacet
facet normal 0.0 0.0 0.0
  outer loop
    vertex -38.90560531616211 -29.951831817626953 -4.291534423828125e-06
    vertex -8.019377708435059 -20.68393325805664 0.0
    vertex -7.96826696395874 -21.072162628173828 0.0
  endloop
endfacet
facet normal 0.0 0.0 0.0
  outer loop
    vertex -38.90560531616211 -29.951831817626953 -4.291534423828125e-06
    vertex -7.96826696395874 -21.072162628173828 0.0
    vertex -7.818416118621826 -21.43393325805664 0.0
  endloop
endfacet
facet normal 0.0 0.0 0.0
  outer loop
    vertex -7.818416118621826 -21.43393325805664 0.0
    vertex -7.5800395011901855 -21.74459457397461 0.0
    vertex -38.90560531616211 -29.951831817626953 -4.291534423828125e-06
  endloop
endfacet
facet normal 0.0 0.0 0.0
  outer loop
    vertex -38.90560531616211 -29.951831817626953 -4.291534423828125e-06
    vertex -7.5800395011901855 -21.74459457397461 0.0
    vertex -7.269378185272217 -21.98297119140625 0.0
  endloop
endfacet
facet normal 0.0 0.0 0.0
  outer loop
    vertex -38.90560531616211 -29.951831817626953 -4.291534423828125e-06
    vertex -7.269378185272217 -21.98297119140625 0.0
    vertex -6.907607555389404 -22.132823944091797 0.0
  endloop
endfacet
facet normal 0.0 0.0 0.0
  outer loop
    vertex -6.907607555389404 -22.132823944091797 0.0
    vertex -6.51938009262085 -22.18393325805664 0.0
    vertex -38.90560531616211 -29.951831817626953 -4.291534423828125e-06
  endloop
endfacet
endsolid Uranium STLWriter Tue 28 Aug 2018 09:31:11
